solid OpenSCAD_Model
  facet normal -0.258545 0 0.965999
    outer loop
      vertex -18.4327 43.1732 76.1239
      vertex -18.1805 3.87322 76.1914
      vertex -18.1805 43.1732 76.1914
    endloop
  endfacet
  facet normal -0.258545 0 0.965999
    outer loop
      vertex -18.1805 3.87322 76.1914
      vertex -18.4327 43.1732 76.1239
      vertex -18.4327 3.87322 76.1239
    endloop
  endfacet
  facet normal 0 0 1
    outer loop
      vertex 37.1 71.3116 76.1914
      vertex 25.55 54.8268 76.1914
      vertex 37.1 54.8268 76.1914
    endloop
  endfacet
  facet normal -0 0 1
    outer loop
      vertex 12.3 62.2851 76.1914
      vertex 25.55 54.8268 76.1914
      vertex 18.0162 64.3657 76.1914
    endloop
  endfacet
  facet normal -0 0 1
    outer loop
      vertex 18.0162 64.3657 76.1914
      vertex 25.55 54.8268 76.1914
      vertex 37.1 71.3116 76.1914
    endloop
  endfacet
  facet normal -0 0 1
    outer loop
      vertex 25.55 22.8268 76.1914
      vertex 37.1 -25.1305 76.1914
      vertex 37.1 22.8268 76.1914
    endloop
  endfacet
  facet normal 0 0 1
    outer loop
      vertex 25.55 54.8268 76.1914
      vertex 12.3 62.2851 76.1914
      vertex 12.3 43.8786 76.1914
    endloop
  endfacet
  facet normal 0 0 1
    outer loop
      vertex 25.55 54.8268 76.1914
      vertex 12.3 43.8786 76.1914
      vertex 25.55 22.8268 76.1914
    endloop
  endfacet
  facet normal -0 0 1
    outer loop
      vertex 11.9195 43.3037 76.1914
      vertex 25.55 22.8268 76.1914
      vertex 12.3 43.8786 76.1914
    endloop
  endfacet
  facet normal 0 0 1
    outer loop
      vertex 11.9195 43.3037 76.1914
      vertex 12.3 43.8786 76.1914
      vertex 11.9195 43.8786 76.1914
    endloop
  endfacet
  facet normal 0 0 1
    outer loop
      vertex -18.1805 3.87322 76.1914
      vertex 25.55 22.8268 76.1914
      vertex 11.9195 43.3037 76.1914
    endloop
  endfacet
  facet normal 0 0 1
    outer loop
      vertex 25.55 22.8268 76.1914
      vertex 4.1052 -25.1305 76.1914
      vertex 37.1 -25.1305 76.1914
    endloop
  endfacet
  facet normal 0 -0 1
    outer loop
      vertex 4.0129 -25.0923 76.1914
      vertex 25.55 22.8268 76.1914
      vertex -15.3621 0.157704 76.1914
    endloop
  endfacet
  facet normal 0 0 1
    outer loop
      vertex 4.1052 -25.1305 76.1914
      vertex 4.0129 -25.0923 76.1914
      vertex 4.07142 -25.1261 76.1914
    endloop
  endfacet
  facet normal 0 0 1
    outer loop
      vertex 4.07142 -25.1261 76.1914
      vertex 4.0129 -25.0923 76.1914
      vertex 4.03994 -25.113 76.1914
    endloop
  endfacet
  facet normal 0 0 1
    outer loop
      vertex 25.55 22.8268 76.1914
      vertex 4.0129 -25.0923 76.1914
      vertex 4.1052 -25.1305 76.1914
    endloop
  endfacet
  facet normal 0 0 1
    outer loop
      vertex -18.1805 43.1732 76.1914
      vertex 11.9195 43.3037 76.1914
      vertex -18.05 43.3037 76.1914
    endloop
  endfacet
  facet normal 0 0 1
    outer loop
      vertex -18.1805 43.1732 76.1914
      vertex -18.05 43.3037 76.1914
      vertex -18.0838 43.2993 76.1914
    endloop
  endfacet
  facet normal 0 0 1
    outer loop
      vertex -18.1805 43.1732 76.1914
      vertex -18.0838 43.2993 76.1914
      vertex -18.1153 43.2863 76.1914
    endloop
  endfacet
  facet normal 0 0 1
    outer loop
      vertex -18.1805 43.1732 76.1914
      vertex -18.1153 43.2863 76.1914
      vertex -18.1423 43.2655 76.1914
    endloop
  endfacet
  facet normal 0 0 1
    outer loop
      vertex 11.9195 43.3037 76.1914
      vertex -18.1805 43.1732 76.1914
      vertex -18.1805 3.87322 76.1914
    endloop
  endfacet
  facet normal 0 0 1
    outer loop
      vertex -18.1805 43.1732 76.1914
      vertex -18.1423 43.2655 76.1914
      vertex -18.163 43.2385 76.1914
    endloop
  endfacet
  facet normal 0 0 1
    outer loop
      vertex 25.55 22.8268 76.1914
      vertex -18.1805 3.87322 76.1914
      vertex -15.3621 0.157704 76.1914
    endloop
  endfacet
  facet normal 0 0 1
    outer loop
      vertex -18.1805 43.1732 76.1914
      vertex -18.163 43.2385 76.1914
      vertex -18.1761 43.207 76.1914
    endloop
  endfacet
  facet normal 0 0 1
    outer loop
      vertex -15.3621 0.157704 76.1914
      vertex -18.1805 3.87322 76.1914
      vertex -18.1423 3.78092 76.1914
    endloop
  endfacet
  facet normal 0 0 1
    outer loop
      vertex -18.1423 3.78092 76.1914
      vertex -18.1805 3.87322 76.1914
      vertex -18.163 3.80795 76.1914
    endloop
  endfacet
  facet normal 0 0 1
    outer loop
      vertex -18.163 3.80795 76.1914
      vertex -18.1805 3.87322 76.1914
      vertex -18.1761 3.83944 76.1914
    endloop
  endfacet
  facet normal 0 0.258545 0.965999
    outer loop
      vertex -18.05 43.3037 76.1914
      vertex 11.6673 43.5559 76.1239
      vertex -18.05 43.5559 76.1239
    endloop
  endfacet
  facet normal 0 0.258545 0.965999
    outer loop
      vertex 11.6673 43.5559 76.1239
      vertex -18.05 43.3037 76.1914
      vertex 11.9195 43.3037 76.1914
    endloop
  endfacet
  facet normal -0.991486 -0.13021 0
    outer loop
      vertex -19.0077 3.61661 0.869475
      vertex -19.0414 3.87322 10.7438
      vertex -19.0414 3.87322 0.869475
    endloop
  endfacet
  facet normal -0.991486 -0.13021 -0
    outer loop
      vertex -19.0077 3.61661 75.3305
      vertex -19.0414 3.87322 10.7438
      vertex -19.0077 3.61661 0.869475
    endloop
  endfacet
  facet normal -0.991486 -0.13021 0
    outer loop
      vertex -19.0414 3.87322 10.7438
      vertex -19.0077 3.61661 75.3305
      vertex -19.0414 3.87322 75.3305
    endloop
  endfacet
  facet normal -0.991486 0.130215 0
    outer loop
      vertex -19.0414 43.1732 75.3305
      vertex -19.0077 43.4298 73.5935
      vertex -19.0414 43.1732 72.108
    endloop
  endfacet
  facet normal -0.991486 0.130215 0
    outer loop
      vertex -19.0077 43.4298 73.5935
      vertex -19.0414 43.1732 75.3305
      vertex -19.0077 43.4298 75.3305
    endloop
  endfacet
  facet normal -0.965999 0 0.258545
    outer loop
      vertex -19.0414 3.87322 75.3305
      vertex -18.9739 43.1732 75.5827
      vertex -19.0414 43.1732 75.3305
    endloop
  endfacet
  facet normal -0.965999 0 0.258545
    outer loop
      vertex -18.9739 43.1732 75.5827
      vertex -19.0414 3.87322 75.3305
      vertex -18.9739 3.87322 75.5827
    endloop
  endfacet
  facet normal -1 0 0
    outer loop
      vertex -19.0414 3.87322 75.3305
      vertex -19.0414 43.1732 72.108
      vertex -19.0414 32.5738 10.7438
    endloop
  endfacet
  facet normal -1 0 0
    outer loop
      vertex -19.0414 3.87322 75.3305
      vertex -19.0414 32.5738 10.7438
      vertex -19.0414 3.87322 10.7438
    endloop
  endfacet
  facet normal -1 0 0
    outer loop
      vertex -19.0414 43.1732 72.108
      vertex -19.0414 3.87322 75.3305
      vertex -19.0414 43.1732 75.3305
    endloop
  endfacet
  facet normal -0.0336376 0.258398 0.965453
    outer loop
      vertex -18.05 43.5559 76.1239
      vertex -18.0838 43.2993 76.1914
      vertex -18.05 43.3037 76.1914
    endloop
  endfacet
  facet normal -0.766687 0.588562 0.256486
    outer loop
      vertex -18.8501 43.6352 75.5827
      vertex -18.7989 43.7531 75.4652
      vertex -18.9086 43.6689 75.3305
    endloop
  endfacet
  facet normal -0.766658 0.588585 0.256521
    outer loop
      vertex -18.7989 43.7531 75.4652
      vertex -18.8501 43.6352 75.5827
      vertex -18.744 43.7734 75.5827
    endloop
  endfacet
  facet normal -0.793462 -0.60862 0
    outer loop
      vertex -15.9709 -0.451056 46.6639
      vertex -16.1284 -0.245722 59.2695
      vertex -16.1284 -0.245722 46.6639
    endloop
  endfacet
  facet normal -0.793462 -0.60862 0
    outer loop
      vertex -16.1284 -0.245722 59.2695
      vertex -15.9709 -0.451056 46.6639
      vertex -15.9709 -0.451056 59.2695
    endloop
  endfacet
  facet normal -0.793462 -0.60862 0
    outer loop
      vertex -15.9709 -0.451056 16.9305
      vertex -16.1284 -0.245722 29.5361
      vertex -16.1284 -0.245722 16.9305
    endloop
  endfacet
  facet normal -0.793462 -0.60862 0
    outer loop
      vertex -16.1284 -0.245722 29.5361
      vertex -15.9709 -0.451056 16.9305
      vertex -15.9709 -0.451056 29.5361
    endloop
  endfacet
  facet normal 0 -1 0
    outer loop
      vertex -14.6722 -0.741445 28.6752
      vertex -14.6722 -0.741445 17.7914
      vertex 29.2586 -0.741445 28.6752
    endloop
  endfacet
  facet normal 0 -1 0
    outer loop
      vertex -14.9873 -0.741445 28.7428
      vertex -14.6722 -0.741445 17.7914
      vertex -14.6722 -0.741445 28.6752
    endloop
  endfacet
  facet normal 0 -1 0
    outer loop
      vertex -14.9873 -0.741445 17.7239
      vertex -14.9873 -0.741445 28.7428
      vertex -15.2698 -0.741445 28.8733
    endloop
  endfacet
  facet normal 0 -1 0
    outer loop
      vertex -14.9873 -0.741445 28.7428
      vertex -14.9873 -0.741445 17.7239
      vertex -14.6722 -0.741445 17.7914
    endloop
  endfacet
  facet normal -0 -1 0
    outer loop
      vertex -14.9873 -0.741445 17.7239
      vertex -15.2698 -0.741445 28.8733
      vertex -15.2698 -0.741445 17.5934
    endloop
  endfacet
  facet normal 0 -1 -0
    outer loop
      vertex 29.2586 -0.741445 28.6752
      vertex -14.6722 -0.741445 17.7914
      vertex 29.2586 -0.741445 17.7914
    endloop
  endfacet
  facet normal 0 -1 0
    outer loop
      vertex -14.6722 -0.741445 58.4086
      vertex -14.6722 -0.741445 47.5248
      vertex 29.2586 -0.741445 58.4086
    endloop
  endfacet
  facet normal 0 -1 0
    outer loop
      vertex -14.9873 -0.741445 58.4761
      vertex -14.6722 -0.741445 47.5248
      vertex -14.6722 -0.741445 58.4086
    endloop
  endfacet
  facet normal 0 -1 0
    outer loop
      vertex -14.9873 -0.741445 47.4572
      vertex -14.9873 -0.741445 58.4761
      vertex -15.2698 -0.741445 58.6066
    endloop
  endfacet
  facet normal 0 -1 0
    outer loop
      vertex -14.9873 -0.741445 58.4761
      vertex -14.9873 -0.741445 47.4572
      vertex -14.6722 -0.741445 47.5248
    endloop
  endfacet
  facet normal -0 -1 0
    outer loop
      vertex -14.9873 -0.741445 47.4572
      vertex -15.2698 -0.741445 58.6066
      vertex -15.2698 -0.741445 47.3267
    endloop
  endfacet
  facet normal 0 -1 -0
    outer loop
      vertex 29.2586 -0.741445 58.4086
      vertex -14.6722 -0.741445 47.5248
      vertex 29.2586 -0.741445 47.5248
    endloop
  endfacet
  facet normal -0.86609 0 0.499888
    outer loop
      vertex -18.9739 3.87322 75.5827
      vertex -18.8434 43.1732 75.8088
      vertex -18.9739 43.1732 75.5827
    endloop
  endfacet
  facet normal -0.86609 0 0.499888
    outer loop
      vertex -18.8434 43.1732 75.8088
      vertex -18.9739 3.87322 75.5827
      vertex -18.8434 3.87322 75.8088
    endloop
  endfacet
  facet normal -0.563408 0.432415 0.703981
    outer loop
      vertex -18.611 43.7342 75.8088
      vertex -18.7371 43.5699 75.8088
      vertex -18.4805 43.6037 75.9934
    endloop
  endfacet
  facet normal -0.766815 -0.588316 0.256669
    outer loop
      vertex -18.8501 3.41128 75.5827
      vertex -18.9086 3.3775 75.3305
      vertex -18.7033 3.21994 75.5827
    endloop
  endfacet
  facet normal -0.382708 -0.923869 -7.93082e-08
    outer loop
      vertex -15.7655 -0.608616 29.284
      vertex -15.5264 -0.707661 17.4088
      vertex -15.5264 -0.707662 29.0579
    endloop
  endfacet
  facet normal -0.382705 -0.923871 0
    outer loop
      vertex -15.5264 -0.707661 17.4088
      vertex -15.7655 -0.608616 29.284
      vertex -15.7655 -0.608616 17.1827
    endloop
  endfacet
  facet normal -1 0 0
    outer loop
      vertex -15.5264 -0.707662 29.0579
      vertex -15.5264 -0.707661 17.4088
      vertex -15.5264 -0.707662 17.4088
    endloop
  endfacet
  facet normal -0.382708 -0.923869 0
    outer loop
      vertex -15.7655 -0.608616 59.0173
      vertex -15.5264 -0.707662 47.1421
      vertex -15.5264 -0.707662 58.7912
    endloop
  endfacet
  facet normal -0.382708 -0.923869 0
    outer loop
      vertex -15.5264 -0.707662 47.1421
      vertex -15.7655 -0.608616 59.0173
      vertex -15.7655 -0.608616 46.916
    endloop
  endfacet
  facet normal -0.958226 0.125847 0.256838
    outer loop
      vertex -19.0077 43.4298 75.3305
      vertex -19.0414 43.1732 75.3305
      vertex -18.9424 43.4123 75.5827
    endloop
  endfacet
  facet normal -0.892998 0.369779 0.25655
    outer loop
      vertex -18.9086 43.6689 75.3305
      vertex -18.9424 43.4123 75.5827
      vertex -18.8501 43.6352 75.5827
    endloop
  endfacet
  facet normal -0.68925 0.528123 0.496004
    outer loop
      vertex -18.7371 43.5699 75.8088
      vertex -18.666 43.7892 75.6741
      vertex -18.7093 43.7804 75.6233
    endloop
  endfacet
  facet normal -0.688445 0.52838 0.496848
    outer loop
      vertex -18.666 43.7892 75.6741
      vertex -18.7371 43.5699 75.8088
      vertex -18.611 43.7342 75.8088
    endloop
  endfacet
  facet normal 0 0.707107 0.707107
    outer loop
      vertex 11.3881 43.8352 75.9402
      vertex -18.05 43.782 75.9934
      vertex 11.4412 43.782 75.9934
    endloop
  endfacet
  facet normal 0 0.707107 0.707107
    outer loop
      vertex -18.05 43.782 75.9934
      vertex 11.3881 43.8352 75.9402
      vertex -18.05 43.8352 75.9402
    endloop
  endfacet
  facet normal -0.958272 -0.126236 0.256476
    outer loop
      vertex -18.9739 3.87322 75.5827
      vertex -19.0414 3.87322 75.3305
      vertex -18.9424 3.6341 75.5827
    endloop
  endfacet
  facet normal -0.794025 0.607885 0
    outer loop
      vertex -18.8619 43.7299 75.3305
      vertex -18.9086 43.6689 74.9779
      vertex -18.9086 43.6689 75.3305
    endloop
  endfacet
  facet normal -0.860506 0.113367 0.496666
    outer loop
      vertex -18.9424 43.4123 75.5827
      vertex -18.9739 43.1732 75.5827
      vertex -18.8434 43.1732 75.8088
    endloop
  endfacet
  facet normal -0.95827 0.126246 0.256476
    outer loop
      vertex -18.9424 43.4123 75.5827
      vertex -19.0414 43.1732 75.3305
      vertex -18.9739 43.1732 75.5827
    endloop
  endfacet
  facet normal -0.528443 0.688393 0.496852
    outer loop
      vertex -18.509 43.8125 75.8088
      vertex -18.666 43.7892 75.6741
      vertex -18.611 43.7342 75.8088
    endloop
  endfacet
  facet normal -0.892805 0.370042 0.256843
    outer loop
      vertex -18.9086 43.6689 75.3305
      vertex -19.0077 43.4298 75.3305
      vertex -18.9424 43.4123 75.5827
    endloop
  endfacet
  facet normal -0.431738 0.563653 0.7042
    outer loop
      vertex -18.509 43.8125 75.8088
      vertex -18.4805 43.6037 75.9934
      vertex -18.4523 43.8177 75.8394
    endloop
  endfacet
  facet normal -0.432465 0.563364 0.703985
    outer loop
      vertex -18.4805 43.6037 75.9934
      vertex -18.509 43.8125 75.8088
      vertex -18.611 43.7342 75.8088
    endloop
  endfacet
  facet normal -0.192552 0.464911 0.864165
    outer loop
      vertex -18.2076 43.7612 75.9934
      vertex -18.3544 43.7004 75.9934
      vertex -18.149 43.5429 76.1239
    endloop
  endfacet
  facet normal -0.704048 -0.0929176 0.704048
    outer loop
      vertex -18.6588 3.87322 75.9934
      vertex -18.8434 3.87322 75.8088
      vertex -18.8163 3.66788 75.8088
    endloop
  endfacet
  facet normal -0.399164 -0.30629 0.864207
    outer loop
      vertex -18.3814 3.68188 76.1239
      vertex -15.797 -0.0543804 75.9934
      vertex -15.6012 0.0586586 76.1239
    endloop
  endfacet
  facet normal -0.399163 -0.306289 0.864208
    outer loop
      vertex -15.797 -0.0543804 75.9934
      vertex -18.3814 3.68188 76.1239
      vertex -18.5772 3.56884 75.9934
    endloop
  endfacet
  facet normal -0.923795 0.382886 0
    outer loop
      vertex -19.0077 43.4298 75.3305
      vertex -18.9086 43.6689 74.9779
      vertex -19.0077 43.4298 73.5935
    endloop
  endfacet
  facet normal -0.923795 0.382886 0
    outer loop
      vertex -18.9086 43.6689 74.9779
      vertex -19.0077 43.4298 75.3305
      vertex -18.9086 43.6689 75.3305
    endloop
  endfacet
  facet normal -0.801928 0.332006 0.496673
    outer loop
      vertex -18.7371 43.5699 75.8088
      vertex -18.8501 43.6352 75.5827
      vertex -18.8163 43.3786 75.8088
    endloop
  endfacet
  facet normal -0.688242 0.528383 0.497126
    outer loop
      vertex -18.8501 43.6352 75.5827
      vertex -18.7093 43.7804 75.6233
      vertex -18.744 43.7734 75.5827
    endloop
  endfacet
  facet normal -0.688366 0.528621 0.496702
    outer loop
      vertex -18.7093 43.7804 75.6233
      vertex -18.8501 43.6352 75.5827
      vertex -18.7371 43.5699 75.8088
    endloop
  endfacet
  facet normal -0.801883 0.332049 0.496716
    outer loop
      vertex -18.8501 43.6352 75.5827
      vertex -18.9424 43.4123 75.5827
      vertex -18.8163 43.3786 75.8088
    endloop
  endfacet
  facet normal -0.860415 0.113521 0.496789
    outer loop
      vertex -18.8163 43.3786 75.8088
      vertex -18.9424 43.4123 75.5827
      vertex -18.8434 43.1732 75.8088
    endloop
  endfacet
  facet normal -0.432275 0.563486 0.704004
    outer loop
      vertex -18.4523 43.8177 75.8394
      vertex -18.3544 43.7004 75.9934
      vertex -18.4237 43.8204 75.8548
    endloop
  endfacet
  facet normal -0.432173 0.563568 0.704001
    outer loop
      vertex -18.3544 43.7004 75.9934
      vertex -18.4523 43.8177 75.8394
      vertex -18.4805 43.6037 75.9934
    endloop
  endfacet
  facet normal 0 0.499888 0.86609
    outer loop
      vertex -18.05 43.5559 76.1239
      vertex 11.4412 43.782 75.9934
      vertex -18.05 43.782 75.9934
    endloop
  endfacet
  facet normal 0 0.499888 0.86609
    outer loop
      vertex 11.4412 43.782 75.9934
      vertex -18.05 43.5559 76.1239
      vertex 11.6673 43.5559 76.1239
    endloop
  endfacet
  facet normal -0.707107 0 0.707107
    outer loop
      vertex -18.8434 3.87322 75.8088
      vertex -18.6588 43.1732 75.9934
      vertex -18.8434 43.1732 75.8088
    endloop
  endfacet
  facet normal -0.707107 0 0.707107
    outer loop
      vertex -18.6588 43.1732 75.9934
      vertex -18.8434 3.87322 75.8088
      vertex -18.6588 3.87322 75.9934
    endloop
  endfacet
  facet normal -0.49877 0.0658275 0.864231
    outer loop
      vertex -18.638 43.3308 75.9934
      vertex -18.6588 43.1732 75.9934
      vertex -18.4196 43.2723 76.1239
    endloop
  endfacet
  facet normal -0.4988 0.0659363 0.864205
    outer loop
      vertex -18.4196 43.2723 76.1239
      vertex -18.6588 43.1732 75.9934
      vertex -18.4327 43.1732 76.1239
    endloop
  endfacet
  facet normal -0.258398 -0.0336575 0.965452
    outer loop
      vertex -18.1805 3.87322 76.1914
      vertex -18.4327 3.87322 76.1239
      vertex -18.1761 3.83944 76.1914
    endloop
  endfacet
  facet normal -0.206915 -0.158459 0.965441
    outer loop
      vertex -18.163 3.80795 76.1914
      vertex -18.3814 3.68188 76.1239
      vertex -18.1423 3.78092 76.1914
    endloop
  endfacet
  facet normal -0.704032 -0.0929415 0.704061
    outer loop
      vertex -18.6588 3.87322 75.9934
      vertex -18.8163 3.66788 75.8088
      vertex -18.638 3.71566 75.9934
    endloop
  endfacet
  facet normal -0.464895 -0.192426 0.864202
    outer loop
      vertex -18.4196 3.77417 76.1239
      vertex -18.5772 3.56884 75.9934
      vertex -18.3814 3.68188 76.1239
    endloop
  endfacet
  facet normal -0.656117 -0.271706 0.70405
    outer loop
      vertex -18.638 3.71566 75.9934
      vertex -18.8163 3.66788 75.8088
      vertex -18.5772 3.56884 75.9934
    endloop
  endfacet
  facet normal -0.801797 -0.332133 0.496798
    outer loop
      vertex -18.8163 3.66788 75.8088
      vertex -18.9424 3.6341 75.5827
      vertex -18.8501 3.41128 75.5827
    endloop
  endfacet
  facet normal -0.767214 0.587359 0.257667
    outer loop
      vertex -18.8619 43.7299 75.3305
      vertex -18.9086 43.6689 75.3305
      vertex -18.7989 43.7531 75.4652
    endloop
  endfacet
  facet normal -0.20683 0.15857 0.965441
    outer loop
      vertex -18.1423 43.2655 76.1914
      vertex -18.3814 43.3646 76.1239
      vertex -18.163 43.2385 76.1914
    endloop
  endfacet
  facet normal -0.0655009 0.498815 0.86423
    outer loop
      vertex -18.05 43.782 75.9934
      vertex -18.149 43.5429 76.1239
      vertex -18.05 43.5559 76.1239
    endloop
  endfacet
  facet normal -0.271572 0.656255 0.703973
    outer loop
      vertex -18.3018 43.8274 75.8953
      vertex -18.4237 43.8204 75.8548
      vertex -18.3544 43.7004 75.9934
    endloop
  endfacet
  facet normal -0.240608 -0.100094 0.965447
    outer loop
      vertex -18.1761 3.83944 76.1914
      vertex -18.3814 3.68188 76.1239
      vertex -18.163 3.80795 76.1914
    endloop
  endfacet
  facet normal -0.258459 0.0341656 0.965418
    outer loop
      vertex -18.4196 43.2723 76.1239
      vertex -18.4327 43.1732 76.1239
      vertex -18.1761 43.207 76.1914
    endloop
  endfacet
  facet normal -0.240894 -0.0997089 0.965416
    outer loop
      vertex -18.1761 3.83944 76.1914
      vertex -18.4196 3.77417 76.1239
      vertex -18.3814 3.68188 76.1239
    endloop
  endfacet
  facet normal -0.258458 -0.0341828 0.965417
    outer loop
      vertex -18.1761 3.83944 76.1914
      vertex -18.4327 3.87322 76.1239
      vertex -18.4196 3.77417 76.1239
    endloop
  endfacet
  facet normal -0.563356 -0.432279 0.704106
    outer loop
      vertex -18.5772 3.56884 75.9934
      vertex -15.9569 -0.146676 75.8088
      vertex -15.797 -0.0543804 75.9934
    endloop
  endfacet
  facet normal -0.563351 -0.432276 0.704111
    outer loop
      vertex -15.9569 -0.146676 75.8088
      vertex -18.5772 3.56884 75.9934
      vertex -18.7371 3.47654 75.8088
    endloop
  endfacet
  facet normal -0.923801 -0.382873 -0
    outer loop
      vertex -18.9086 3.3775 16.9305
      vertex -19.0077 3.61661 0.869475
      vertex -18.9086 3.3775 0.869475
    endloop
  endfacet
  facet normal -0.923801 -0.382873 0
    outer loop
      vertex -19.0077 3.61661 0.869475
      vertex -18.9086 3.3775 16.9305
      vertex -19.0077 3.61661 75.3305
    endloop
  endfacet
  facet normal -0.923801 -0.382873 0
    outer loop
      vertex -19.0077 3.61661 75.3305
      vertex -18.9086 3.3775 16.9305
      vertex -18.9086 3.3775 75.3305
    endloop
  endfacet
  facet normal -0.13053 -0.991444 0
    outer loop
      vertex -15.5264 -0.707662 29.0579
      vertex -15.2698 -0.741445 17.5934
      vertex -15.2698 -0.741445 28.8733
    endloop
  endfacet
  facet normal -0.13053 -0.991444 0
    outer loop
      vertex -15.2698 -0.741445 17.5934
      vertex -15.5264 -0.707662 29.0579
      vertex -15.5264 -0.707662 17.4088
    endloop
  endfacet
  facet normal -0.13053 -0.991444 0
    outer loop
      vertex -15.5264 -0.707662 58.7912
      vertex -15.2698 -0.741445 47.3267
      vertex -15.2698 -0.741445 58.6066
    endloop
  endfacet
  facet normal -0.13053 -0.991444 0
    outer loop
      vertex -15.2698 -0.741445 47.3267
      vertex -15.5264 -0.707662 58.7912
      vertex -15.5264 -0.707662 47.1421
    endloop
  endfacet
  facet normal -0.56347 0.432098 0.704125
    outer loop
      vertex -18.4805 43.6037 75.9934
      vertex -18.7371 43.5699 75.8088
      vertex -18.5772 43.4776 75.9934
    endloop
  endfacet
  facet normal -0.306099 0.399238 0.864241
    outer loop
      vertex -18.2413 43.5046 76.1239
      vertex -18.4805 43.6037 75.9934
      vertex -18.3206 43.4438 76.1239
    endloop
  endfacet
  facet normal -0.258398 0.0336376 0.965453
    outer loop
      vertex -18.1761 43.207 76.1914
      vertex -18.4327 43.1732 76.1239
      vertex -18.1805 43.1732 76.1914
    endloop
  endfacet
  facet normal -0.158612 0.206874 0.965425
    outer loop
      vertex -18.2413 43.5046 76.1239
      vertex -18.3206 43.4438 76.1239
      vertex -18.1423 43.2655 76.1914
    endloop
  endfacet
  facet normal -0.306123 0.399195 0.864252
    outer loop
      vertex -18.3544 43.7004 75.9934
      vertex -18.4805 43.6037 75.9934
      vertex -18.2413 43.5046 76.1239
    endloop
  endfacet
  facet normal -0.093727 0.703994 0.703994
    outer loop
      vertex -18.05 43.8352 75.9402
      vertex -18.1176 43.8338 75.9326
      vertex -18.05 43.782 75.9934
    endloop
  endfacet
  facet normal -0.0658463 0.498913 0.864147
    outer loop
      vertex -18.05 43.782 75.9934
      vertex -18.2076 43.7612 75.9934
      vertex -18.149 43.5429 76.1239
    endloop
  endfacet
  facet normal -1 -0 -0
    outer loop
      vertex -15.7655 -0.608615 59.0173
      vertex -15.7655 -0.608615 46.916
      vertex -15.7655 -0.608616 59.0173
    endloop
  endfacet
  facet normal -0.60864 -0.793447 0
    outer loop
      vertex -15.9709 -0.451056 59.2695
      vertex -15.7655 -0.608615 46.916
      vertex -15.7655 -0.608615 59.0173
    endloop
  endfacet
  facet normal -0.60864 -0.793447 0
    outer loop
      vertex -15.7655 -0.608615 46.916
      vertex -15.9709 -0.451056 59.2695
      vertex -15.9709 -0.451056 46.6639
    endloop
  endfacet
  facet normal -1 0 0
    outer loop
      vertex -15.7655 -0.608616 59.0173
      vertex -15.7655 -0.608615 46.916
      vertex -15.7655 -0.608616 46.916
    endloop
  endfacet
  facet normal 0.775257 0 0.631646
    outer loop
      vertex -15.9709 -0.451056 29.5361
      vertex -15.7655 -0.608616 29.284
      vertex -15.7655 -0.608615 29.284
    endloop
  endfacet
  facet normal -0.608643 -0.793445 -1.96701e-07
    outer loop
      vertex -15.7655 -0.608613 17.1827
      vertex -15.7655 -0.608616 29.284
      vertex -15.9709 -0.451056 29.5361
    endloop
  endfacet
  facet normal -1 0 0
    outer loop
      vertex -15.7655 -0.608616 29.284
      vertex -15.7655 -0.608613 17.1827
      vertex -15.7655 -0.608616 17.1827
    endloop
  endfacet
  facet normal -0.608635 -0.79345 0
    outer loop
      vertex -15.7655 -0.608613 17.1827
      vertex -15.9709 -0.451056 29.5361
      vertex -15.9709 -0.451056 16.9305
    endloop
  endfacet
  facet normal -0.464928 0.192419 0.864186
    outer loop
      vertex -18.3814 43.3646 76.1239
      vertex -18.5772 43.4776 75.9934
      vertex -18.4196 43.2723 76.1239
    endloop
  endfacet
  facet normal -0.704049 0.0928907 0.704049
    outer loop
      vertex -18.8163 43.3786 75.8088
      vertex -18.8434 43.1732 75.8088
      vertex -18.6588 43.1732 75.9934
    endloop
  endfacet
  facet normal -0.206811 -0.158692 0.965425
    outer loop
      vertex -18.1423 3.78092 76.1914
      vertex -15.6012 0.0586586 76.1239
      vertex -15.3621 0.157704 76.1914
    endloop
  endfacet
  facet normal -0.206814 -0.158694 0.965424
    outer loop
      vertex -15.6012 0.0586586 76.1239
      vertex -18.1423 3.78092 76.1914
      vertex -18.3814 3.68188 76.1239
    endloop
  endfacet
  facet normal -0.656108 -0.271578 0.704108
    outer loop
      vertex -18.5772 3.56884 75.9934
      vertex -18.8163 3.66788 75.8088
      vertex -18.7371 3.47654 75.8088
    endloop
  endfacet
  facet normal -0.801978 -0.331957 0.496625
    outer loop
      vertex -18.8163 3.66788 75.8088
      vertex -18.8501 3.41128 75.5827
      vertex -18.7371 3.47654 75.8088
    endloop
  endfacet
  facet normal -0.892923 -0.369881 0.256664
    outer loop
      vertex -18.8501 3.41128 75.5827
      vertex -18.9424 3.6341 75.5827
      vertex -18.9086 3.3775 75.3305
    endloop
  endfacet
  facet normal -0.0339356 0.258432 0.965433
    outer loop
      vertex -18.05 43.5559 76.1239
      vertex -18.149 43.5429 76.1239
      vertex -18.0838 43.2993 76.1914
    endloop
  endfacet
  facet normal -0.0994934 0.24108 0.965392
    outer loop
      vertex -18.0838 43.2993 76.1914
      vertex -18.2413 43.5046 76.1239
      vertex -18.1153 43.2863 76.1914
    endloop
  endfacet
  facet normal -0.240612 0.100064 0.96545
    outer loop
      vertex -18.163 43.2385 76.1914
      vertex -18.3814 43.3646 76.1239
      vertex -18.1761 43.207 76.1914
    endloop
  endfacet
  facet normal -0.240886 0.099695 0.96542
    outer loop
      vertex -18.3814 43.3646 76.1239
      vertex -18.4196 43.2723 76.1239
      vertex -18.1761 43.207 76.1914
    endloop
  endfacet
  facet normal -0.399276 0.306185 0.864193
    outer loop
      vertex -18.4805 43.6037 75.9934
      vertex -18.5772 43.4776 75.9934
      vertex -18.3814 43.3646 76.1239
    endloop
  endfacet
  facet normal -0.399027 0.306324 0.864258
    outer loop
      vertex -18.3206 43.4438 76.1239
      vertex -18.4805 43.6037 75.9934
      vertex -18.3814 43.3646 76.1239
    endloop
  endfacet
  facet normal -0.206762 0.158726 0.96543
    outer loop
      vertex -18.3206 43.4438 76.1239
      vertex -18.3814 43.3646 76.1239
      vertex -18.1423 43.2655 76.1914
    endloop
  endfacet
  facet normal -0.0929792 0.704496 0.703591
    outer loop
      vertex -18.1176 43.8338 75.9326
      vertex -18.2076 43.7612 75.9934
      vertex -18.05 43.782 75.9934
    endloop
  endfacet
  facet normal -0.0925257 0.704218 0.703929
    outer loop
      vertex -18.2076 43.7612 75.9934
      vertex -18.1176 43.8338 75.9326
      vertex -18.2264 43.8317 75.9204
    endloop
  endfacet
  facet normal -0.271732 0.656334 0.703837
    outer loop
      vertex -18.3018 43.8274 75.8953
      vertex -18.2076 43.7612 75.9934
      vertex -18.2264 43.8317 75.9204
    endloop
  endfacet
  facet normal -0.271807 0.656271 0.703867
    outer loop
      vertex -18.2076 43.7612 75.9934
      vertex -18.3018 43.8274 75.8953
      vertex -18.3544 43.7004 75.9934
    endloop
  endfacet
  facet normal -0.793353 -0.608762 -0
    outer loop
      vertex -16.1284 -0.245722 29.5361
      vertex -18.9086 3.3775 16.9305
      vertex -16.1284 -0.245722 16.9305
    endloop
  endfacet
  facet normal -0.793353 -0.608762 -0
    outer loop
      vertex -16.1284 -0.245722 46.6639
      vertex -18.9086 3.3775 16.9305
      vertex -16.1284 -0.245722 29.5361
    endloop
  endfacet
  facet normal -0.793353 -0.608762 0
    outer loop
      vertex -18.9086 3.3775 16.9305
      vertex -16.1284 -0.245722 46.6639
      vertex -18.9086 3.3775 75.3305
    endloop
  endfacet
  facet normal -0.793353 -0.608762 -0
    outer loop
      vertex -16.1284 -0.245722 59.2695
      vertex -18.9086 3.3775 75.3305
      vertex -16.1284 -0.245722 46.6639
    endloop
  endfacet
  facet normal -0.793353 -0.608762 0
    outer loop
      vertex -18.9086 3.3775 75.3305
      vertex -16.1284 -0.245722 59.2695
      vertex -16.1284 -0.245722 75.3305
    endloop
  endfacet
  facet normal -0.498799 -0.0659694 0.864203
    outer loop
      vertex -18.4327 3.87322 76.1239
      vertex -18.6588 3.87322 75.9934
      vertex -18.4196 3.77417 76.1239
    endloop
  endfacet
  facet normal -0.499888 0 0.86609
    outer loop
      vertex -18.6588 43.1732 75.9934
      vertex -18.4327 3.87322 76.1239
      vertex -18.4327 43.1732 76.1239
    endloop
  endfacet
  facet normal -0.499888 0 0.86609
    outer loop
      vertex -18.4327 3.87322 76.1239
      vertex -18.6588 43.1732 75.9934
      vertex -18.6588 3.87322 75.9934
    endloop
  endfacet
  facet normal -0.656085 0.271625 0.704111
    outer loop
      vertex -18.7371 43.5699 75.8088
      vertex -18.8163 43.3786 75.8088
      vertex -18.5772 43.4776 75.9934
    endloop
  endfacet
  facet normal -0.464827 0.192517 0.864218
    outer loop
      vertex -18.5772 43.4776 75.9934
      vertex -18.638 43.3308 75.9934
      vertex -18.4196 43.2723 76.1239
    endloop
  endfacet
  facet normal -0.892814 -0.37003 0.25683
    outer loop
      vertex -18.9424 3.6341 75.5827
      vertex -19.0077 3.61661 75.3305
      vertex -18.9086 3.3775 75.3305
    endloop
  endfacet
  facet normal -0.958228 -0.125842 0.256833
    outer loop
      vertex -18.9424 3.6341 75.5827
      vertex -19.0414 3.87322 75.3305
      vertex -19.0077 3.61661 75.3305
    endloop
  endfacet
  facet normal -0.766788 -0.588378 0.256609
    outer loop
      vertex -16.1284 -0.245722 75.3305
      vertex -18.7033 3.21994 75.5827
      vertex -18.9086 3.3775 75.3305
    endloop
  endfacet
  facet normal -0.766787 -0.588378 0.256611
    outer loop
      vertex -18.7033 3.21994 75.5827
      vertex -16.1284 -0.245722 75.3305
      vertex -15.9231 -0.403281 75.5827
    endloop
  endfacet
  facet normal -0.192806 0.464648 0.86425
    outer loop
      vertex -18.149 43.5429 76.1239
      vertex -18.3544 43.7004 75.9934
      vertex -18.2413 43.5046 76.1239
    endloop
  endfacet
  facet normal -0.0999088 0.240772 0.965426
    outer loop
      vertex -18.149 43.5429 76.1239
      vertex -18.2413 43.5046 76.1239
      vertex -18.0838 43.2993 76.1914
    endloop
  endfacet
  facet normal -0.15918 0.206628 0.965384
    outer loop
      vertex -18.1153 43.2863 76.1914
      vertex -18.2413 43.5046 76.1239
      vertex -18.1423 43.2655 76.1914
    endloop
  endfacet
  facet normal 0 0.716995 -0.697078
    outer loop
      vertex 25.55 40.0118 16.1912
      vertex 12.3 43.9666 20.259
      vertex 25.55 43.9666 20.259
    endloop
  endfacet
  facet normal 0 0.716995 -0.697078
    outer loop
      vertex 12.3 43.9666 20.259
      vertex 25.55 40.0118 16.1912
      vertex 12.3 40.0118 16.1912
    endloop
  endfacet
  facet normal -0.464828 -0.192491 0.864223
    outer loop
      vertex -18.4196 3.77417 76.1239
      vertex -18.638 3.71566 75.9934
      vertex -18.5772 3.56884 75.9934
    endloop
  endfacet
  facet normal -0.498764 -0.0658434 0.864233
    outer loop
      vertex -18.4196 3.77417 76.1239
      vertex -18.6588 3.87322 75.9934
      vertex -18.638 3.71566 75.9934
    endloop
  endfacet
  facet normal -0.656092 0.271733 0.704063
    outer loop
      vertex -18.5772 43.4776 75.9934
      vertex -18.8163 43.3786 75.8088
      vertex -18.638 43.3308 75.9934
    endloop
  endfacet
  facet normal -0.704031 0.0929178 0.704064
    outer loop
      vertex -18.638 43.3308 75.9934
      vertex -18.8163 43.3786 75.8088
      vertex -18.6588 43.1732 75.9934
    endloop
  endfacet
  facet normal -0.860392 -0.113551 0.496821
    outer loop
      vertex -18.8434 3.87322 75.8088
      vertex -18.9424 3.6341 75.5827
      vertex -18.8163 3.66788 75.8088
    endloop
  endfacet
  facet normal -0.860507 -0.113357 0.496666
    outer loop
      vertex -18.8434 3.87322 75.8088
      vertex -18.9739 3.87322 75.5827
      vertex -18.9424 3.6341 75.5827
    endloop
  endfacet
  facet normal -0.688626 -0.528328 0.496653
    outer loop
      vertex -18.7371 3.47654 75.8088
      vertex -18.8501 3.41128 75.5827
      vertex -18.7033 3.21994 75.5827
    endloop
  endfacet
  facet normal -0.688569 -0.528359 0.496698
    outer loop
      vertex -18.7033 3.21994 75.5827
      vertex -15.9569 -0.146676 75.8088
      vertex -18.7371 3.47654 75.8088
    endloop
  endfacet
  facet normal -0.688566 -0.528356 0.496706
    outer loop
      vertex -15.9569 -0.146676 75.8088
      vertex -18.7033 3.21994 75.5827
      vertex -15.9231 -0.403281 75.5827
    endloop
  endfacet
  facet normal -0.158802 -0.207017 -0.965363
    outer loop
      vertex 3.91386 -25.3314 0.0761219
      vertex 3.8346 -25.2706 0.0761219
      vertex 4.0129 -25.0923 0.00855598
    endloop
  endfacet
  facet normal -0.158415 -0.206935 0.965444
    outer loop
      vertex 4.0129 -25.0923 17.7914
      vertex 3.91386 -25.3314 17.7239
      vertex 4.03994 -25.113 17.7914
    endloop
  endfacet
  facet normal 0 0.707093 -0.70712
    outer loop
      vertex 25.55 24.4661 0.206647
      vertex 12.05 24.6507 0.39124
      vertex 25.55 24.6507 0.39124
    endloop
  endfacet
  facet normal 0 0.707093 -0.70712
    outer loop
      vertex 12.05 24.6507 0.39124
      vertex 25.55 24.4661 0.206647
      vertex 12.05 24.4661 0.206647
    endloop
  endfacet
  facet normal -0.528395 -0.688506 0.496748
    outer loop
      vertex 3.54421 -25.561 17.4088
      vertex 3.45192 -25.6533 17.1827
      vertex 3.70852 -25.6871 17.4088
    endloop
  endfacet
  facet normal -0.206859 -0.158627 0.965426
    outer loop
      vertex 4.0129 -25.0923 17.7914
      vertex 3.77379 -25.1913 17.7239
      vertex 3.8346 -25.2706 17.7239
    endloop
  endfacet
  facet normal -0.588201 -0.766865 0.256782
    outer loop
      vertex 3.45192 -25.6533 17.1827
      vertex 3.40414 -25.7011 16.9305
      vertex 3.60948 -25.8586 16.9305
    endloop
  endfacet
  facet normal -0.766834 -0.58823 -0.256811
    outer loop
      vertex 3.40414 -25.7011 0.869475
      vertex 3.24658 -25.4957 0.869475
      vertex 3.45192 -25.6533 0.617318
    endloop
  endfacet
  facet normal -0.656096 -0.271573 -0.704121
    outer loop
      vertex -18.7371 3.47654 0.39124
      vertex -18.8163 3.66788 0.39124
      vertex -18.5772 3.56884 0.206647
    endloop
  endfacet
  facet normal 0 0 1
    outer loop
      vertex 29.2586 -0.741445 17.7914
      vertex 4.1052 -25.1305 17.7914
      vertex 29.2586 -25 17.7914
    endloop
  endfacet
  facet normal -0 0 1
    outer loop
      vertex 4.0129 -25.0923 17.7914
      vertex 4.1052 -25.1305 17.7914
      vertex 29.2586 -0.741445 17.7914
    endloop
  endfacet
  facet normal 0 0 1
    outer loop
      vertex 4.1052 -25.1305 17.7914
      vertex 4.0129 -25.0923 17.7914
      vertex 4.07142 -25.1261 17.7914
    endloop
  endfacet
  facet normal 0 0 1
    outer loop
      vertex 4.07142 -25.1261 17.7914
      vertex 4.0129 -25.0923 17.7914
      vertex 4.03994 -25.113 17.7914
    endloop
  endfacet
  facet normal 0 -0 1
    outer loop
      vertex 4.0129 -25.0923 17.7914
      vertex 29.2586 -0.741445 17.7914
      vertex -14.6722 -0.741445 17.7914
    endloop
  endfacet
  facet normal 0 0 1
    outer loop
      vertex 29.2757 -25.1305 17.7914
      vertex 29.2586 -25 17.7914
      vertex 4.1052 -25.1305 17.7914
    endloop
  endfacet
  facet normal -0.306237 -0.39928 -0.864172
    outer loop
      vertex 3.80082 -25.5272 0.206647
      vertex 3.67474 -25.4305 0.206647
      vertex 3.91386 -25.3314 0.0761219
    endloop
  endfacet
  facet normal -0.126236 -0.958272 0.256476
    outer loop
      vertex 4.1052 -25.9239 17.1827
      vertex 3.86608 -25.8924 17.1827
      vertex 4.1052 -25.9914 16.9305
    endloop
  endfacet
  facet normal -0.56339 -0.432304 -0.704063
    outer loop
      vertex 3.41814 -25.3967 0.39124
      vertex -18.5772 3.56884 0.206647
      vertex 3.578 -25.3044 0.206647
    endloop
  endfacet
  facet normal -0.563341 -0.432267 -0.704125
    outer loop
      vertex -18.5772 3.56884 0.206647
      vertex 3.41814 -25.3967 0.39124
      vertex -18.7371 3.47654 0.39124
    endloop
  endfacet
  facet normal -0.207015 -0.158848 -0.965356
    outer loop
      vertex 3.77379 -25.1913 0.0761219
      vertex -18.1423 3.78092 0.00855598
      vertex 4.0129 -25.0923 0.00855598
    endloop
  endfacet
  facet normal -0.207002 -0.158838 -0.96536
    outer loop
      vertex -18.1423 3.78092 0.00855598
      vertex 3.77379 -25.1913 0.0761219
      vertex -18.3814 3.68188 0.0761219
    endloop
  endfacet
  facet normal 0 -0.49996 -0.866048
    outer loop
      vertex 4.1052 -25.6088 0.206647
      vertex 37.1 -25.3827 0.0761219
      vertex 37.1 -25.6088 0.206647
    endloop
  endfacet
  facet normal -0 -0.49996 -0.866048
    outer loop
      vertex 37.1 -25.3827 0.0761219
      vertex 4.1052 -25.6088 0.206647
      vertex 4.1052 -25.3827 0.0761219
    endloop
  endfacet
  facet normal -0.892804 -0.370026 -0.256871
    outer loop
      vertex -18.9086 3.3775 0.869475
      vertex -19.0077 3.61661 0.869475
      vertex -18.9424 3.6341 0.617318
    endloop
  endfacet
  facet normal 0 0.716992 -0.697081
    outer loop
      vertex 25.55 40.0118 16.1912
      vertex 12.3 32.111 8.06473
      vertex 12.3 40.0118 16.1912
    endloop
  endfacet
  facet normal -2.75925e-06 0.716994 -0.697079
    outer loop
      vertex 25.55 24.6507 0.39124
      vertex 12.3 32.111 8.06473
      vertex 25.55 40.0118 16.1912
    endloop
  endfacet
  facet normal 0 0.716997 -0.697077
    outer loop
      vertex 12.05 24.6507 0.39124
      vertex 12.3 32.111 8.06473
      vertex 25.55 24.6507 0.39124
    endloop
  endfacet
  facet normal 0 0.716997 -0.697077
    outer loop
      vertex 12.3 32.111 8.06473
      vertex 12.05 24.6507 0.39124
      vertex 12.05 32.111 8.06473
    endloop
  endfacet
  facet normal 0 -0.965999 0.258545
    outer loop
      vertex 4.1052 -25.9914 16.9305
      vertex 29.9118 -25.9239 17.1827
      vertex 4.1052 -25.9239 17.1827
    endloop
  endfacet
  facet normal -3.71934e-06 -0.965904 0.2589
    outer loop
      vertex 29.9118 -25.9239 17.1827
      vertex 4.1052 -25.9914 16.9305
      vertex 29.9934 -25.9577 17.0566
    endloop
  endfacet
  facet normal 0 -0.966095 0.258187
    outer loop
      vertex 29.9934 -25.9577 17.0566
      vertex 4.1052 -25.9914 16.9305
      vertex 30.25 -25.9914 16.9305
    endloop
  endfacet
  facet normal -0.563415 -0.432317 -0.704035
    outer loop
      vertex 3.54421 -25.561 0.39124
      vertex 3.41814 -25.3967 0.39124
      vertex 3.67474 -25.4305 0.206647
    endloop
  endfacet
  facet normal -0.688539 -0.528327 -0.496775
    outer loop
      vertex 3.45192 -25.6533 0.617318
      vertex 3.41814 -25.3967 0.39124
      vertex 3.54421 -25.561 0.39124
    endloop
  endfacet
  facet normal -0.39931 -0.306205 -0.86417
    outer loop
      vertex 3.8346 -25.2706 0.0761219
      vertex 3.67474 -25.4305 0.206647
      vertex 3.77379 -25.1913 0.0761219
    endloop
  endfacet
  facet normal -0.464895 -0.192519 -0.864181
    outer loop
      vertex -18.5772 3.56884 0.206647
      vertex -18.638 3.71566 0.206647
      vertex -18.4196 3.77417 0.0761219
    endloop
  endfacet
  facet normal 0 -0.866069 -0.499925
    outer loop
      vertex 4.1052 -25.7934 0.39124
      vertex 37.1 -25.9239 0.617318
      vertex 4.1052 -25.9239 0.617318
    endloop
  endfacet
  facet normal 0 -0.866069 -0.499925
    outer loop
      vertex 37.1 -25.9239 0.617318
      vertex 4.1052 -25.7934 0.39124
      vertex 37.1 -25.7934 0.39124
    endloop
  endfacet
  facet normal -0.271573 -0.656096 -0.704121
    outer loop
      vertex 3.89986 -25.7663 0.39124
      vertex 3.70852 -25.6871 0.39124
      vertex 3.80082 -25.5272 0.206647
    endloop
  endfacet
  facet normal -0.126235 -0.958261 -0.256517
    outer loop
      vertex 4.1052 -25.9914 0.869475
      vertex 3.86608 -25.8924 0.617318
      vertex 4.1052 -25.9239 0.617318
    endloop
  endfacet
  facet normal -0.793353 -0.608761 0
    outer loop
      vertex -18.9086 3.3775 0.869475
      vertex -3.15799 -17.1491 8.36667
      vertex -18.9086 3.3775 16.9305
    endloop
  endfacet
  facet normal -0.793399 -0.608702 0.000258879
    outer loop
      vertex -18.9086 3.3775 0.869475
      vertex -3.15374 -17.1547 8.22458
      vertex -3.15799 -17.1491 8.36667
    endloop
  endfacet
  facet normal -0.793318 -0.608807 -0.000207572
    outer loop
      vertex -18.9086 3.3775 0.869475
      vertex -3.14654 -17.164 7.98376
      vertex -3.15374 -17.1547 8.22458
    endloop
  endfacet
  facet normal -0.793365 -0.608746 7.00091e-05
    outer loop
      vertex -18.9086 3.3775 0.869475
      vertex -3.125 -17.1921 7.74525
      vertex -3.14654 -17.164 7.98376
    endloop
  endfacet
  facet normal -0.793378 -0.60873 0.000149827
    outer loop
      vertex -18.9086 3.3775 0.869475
      vertex -3.11229 -17.2087 7.60454
      vertex -3.125 -17.1921 7.74525
    endloop
  endfacet
  facet normal -0.793341 -0.608778 -8.25416e-05
    outer loop
      vertex -18.9086 3.3775 0.869475
      vertex -3.09125 -17.2361 7.46655
      vertex -3.11229 -17.2087 7.60454
    endloop
  endfacet
  facet normal -0.793364 -0.608748 6.58753e-05
    outer loop
      vertex -18.9086 3.3775 0.869475
      vertex -3.05559 -17.2826 7.23266
      vertex -3.09125 -17.2361 7.46655
    endloop
  endfacet
  facet normal -0.793337 -0.608783 -0.000117942
    outer loop
      vertex -18.9086 3.3775 0.869475
      vertex -3.02641 -17.3206 7.09872
      vertex -3.05559 -17.2826 7.23266
    endloop
  endfacet
  facet normal -0.793338 -0.608782 -0.000110134
    outer loop
      vertex -18.9086 3.3775 0.869475
      vertex -2.97696 -17.385 6.8717
      vertex -3.02641 -17.3206 7.09872
    endloop
  endfacet
  facet normal -0.793361 -0.608751 5.71351e-05
    outer loop
      vertex -18.9086 3.3775 0.869475
      vertex -2.91421 -17.4668 6.65373
      vertex -2.97696 -17.385 6.8717
    endloop
  endfacet
  facet normal -0.793377 -0.60873 0.000178152
    outer loop
      vertex -18.9086 3.3775 0.869475
      vertex -2.87718 -17.5151 6.52514
      vertex -2.91421 -17.4668 6.65373
    endloop
  endfacet
  facet normal -0.79334 -0.608779 -0.000108503
    outer loop
      vertex -18.9086 3.3775 0.869475
      vertex -2.80172 -17.6134 6.31832
      vertex -2.87718 -17.5151 6.52514
    endloop
  endfacet
  facet normal -0.793342 -0.608776 -8.70866e-05
    outer loop
      vertex -18.9086 3.3775 0.869475
      vertex -2.7572 -17.6714 6.19631
      vertex -2.80172 -17.6134 6.31832
    endloop
  endfacet
  facet normal -0.793369 -0.608742 0.000125986
    outer loop
      vertex -18.9086 3.3775 0.869475
      vertex -2.66976 -17.7854 6.00264
      vertex -2.7572 -17.6714 6.19631
    endloop
  endfacet
  facet normal -0.793335 -0.608785 -0.000156186
    outer loop
      vertex -18.9086 3.3775 0.869475
      vertex -2.61817 -17.8526 5.88838
      vertex -2.66976 -17.7854 6.00264
    endloop
  endfacet
  facet normal -0.793363 -0.608749 8.61456e-05
    outer loop
      vertex -18.9086 3.3775 0.869475
      vertex -2.56002 -17.9284 5.78298
      vertex -2.61817 -17.8526 5.88838
    endloop
  endfacet
  facet normal -0.793363 -0.608749 8.16814e-05
    outer loop
      vertex -18.9086 3.3775 0.869475
      vertex -2.46144 -18.0569 5.60432
      vertex -2.56002 -17.9284 5.78298
    endloop
  endfacet
  facet normal -0.793345 -0.608772 -8.20679e-05
    outer loop
      vertex -18.9086 3.3775 0.869475
      vertex -2.35269 -18.1986 5.4424
      vertex -2.46144 -18.0569 5.60432
    endloop
  endfacet
  facet normal -0.793338 -0.608781 -0.000150735
    outer loop
      vertex -18.9086 3.3775 0.869475
      vertex -2.28852 -18.2822 5.34687
      vertex -2.35269 -18.1986 5.4424
    endloop
  endfacet
  facet normal -0.793381 -0.608725 0.000280509
    outer loop
      vertex -18.9086 3.3775 0.869475
      vertex -2.21896 -18.3729 5.26213
      vertex -2.28852 -18.2822 5.34687
    endloop
  endfacet
  facet normal -0.793341 -0.608777 -0.000130719
    outer loop
      vertex -18.9086 3.3775 0.869475
      vertex -2.10107 -18.5265 5.11849
      vertex -2.21896 -18.3729 5.26213
    endloop
  endfacet
  facet normal -0.793351 -0.608764 -2.37303e-05
    outer loop
      vertex -18.9086 3.3775 0.869475
      vertex -2.02679 -18.6233 5.04536
      vertex -2.10107 -18.5265 5.11849
    endloop
  endfacet
  facet normal -0.793362 -0.60875 9.39952e-05
    outer loop
      vertex -18.9086 3.3775 0.869475
      vertex -1.90089 -18.7874 4.9214
      vertex -2.02679 -18.6233 5.04536
    endloop
  endfacet
  facet normal -0.793334 -0.608787 -0.000226826
    outer loop
      vertex -18.9086 3.3775 0.869475
      vertex -1.8226 -18.8894 4.86058
      vertex -1.90089 -18.7874 4.9214
    endloop
  endfacet
  facet normal -0.793388 -0.608716 0.000400076
    outer loop
      vertex -18.9086 3.3775 0.869475
      vertex -1.68992 -19.0624 4.75749
      vertex -1.8226 -18.8894 4.86058
    endloop
  endfacet
  facet normal -0.793351 -0.608764 -3.45612e-05
    outer loop
      vertex -18.9086 3.3775 0.869475
      vertex -1.55172 -19.2425 4.67626
      vertex -1.68992 -19.0624 4.75749
    endloop
  endfacet
  facet normal -0.793305 -0.608824 -0.000604558
    outer loop
      vertex -18.9086 3.3775 0.869475
      vertex -1.47018 -19.3487 4.62834
      vertex -1.55172 -19.2425 4.67626
    endloop
  endfacet
  facet normal -0.793353 -0.608761 -4.63247e-07
    outer loop
      vertex 3.24658 -25.4957 0.869475
      vertex -1.47018 -19.3487 4.62834
      vertex -18.9086 3.3775 0.869475
    endloop
  endfacet
  facet normal -0.793464 -0.608617 -0.000374584
    outer loop
      vertex -1.47018 -19.3487 4.62834
      vertex 3.24658 -25.4957 0.869475
      vertex -1.32779 -19.5343 4.56975
    endloop
  endfacet
  facet normal -0.793514 -0.608552 -0.000541543
    outer loop
      vertex -1.32779 -19.5343 4.56975
      vertex 3.24658 -25.4957 0.869475
      vertex -1.24379 -19.6438 4.53519
    endloop
  endfacet
  facet normal -0.793226 -0.608927 0.000410461
    outer loop
      vertex -1.24379 -19.6438 4.53519
      vertex 3.24658 -25.4957 0.869475
      vertex -1.15813 -19.7554 4.51431
    endloop
  endfacet
  facet normal -0.79332 -0.608804 0.000102771
    outer loop
      vertex -1.15813 -19.7554 4.51431
      vertex 3.24658 -25.4957 0.869475
      vertex -1.01294 -19.9446 4.47893
    endloop
  endfacet
  facet normal -0.793416 -0.60868 -0.000201632
    outer loop
      vertex -1.01294 -19.9446 4.47893
      vertex 3.24658 -25.4957 0.869475
      vertex -0.866332 -20.1357 4.4671
    endloop
  endfacet
  facet normal -0.793285 -0.60885 0.000201269
    outer loop
      vertex -0.866332 -20.1357 4.4671
      vertex 3.24658 -25.4957 0.869475
      vertex -0.779836 -20.2484 4.46012
    endloop
  endfacet
  facet normal -0.793299 -0.608832 0.00015843
    outer loop
      vertex -0.779836 -20.2484 4.46012
      vertex 3.24658 -25.4957 0.869475
      vertex -0.693341 -20.3611 4.4671
    endloop
  endfacet
  facet normal -0.793434 -0.608657 -0.000171922
    outer loop
      vertex 3.24658 -25.4957 0.869475
      vertex 0.262932 -21.6074 4.86058
      vertex 0.130243 -21.4344 4.75749
    endloop
  endfacet
  facet normal -0.793404 -0.608696 -6.92842e-05
    outer loop
      vertex 3.24658 -25.4957 0.869475
      vertex 1.00034 -22.5684 5.78298
      vertex 0.901771 -22.4399 5.60432
    endloop
  endfacet
  facet normal -0.793553 -0.608501 -0.000204347
    outer loop
      vertex 3.24658 -25.4957 0.869475
      vertex 1.24205 -22.8834 6.31832
      vertex 1.19753 -22.8253 6.19631
    endloop
  endfacet
  facet normal -0.79346 -0.608622 -8.58153e-05
    outer loop
      vertex 3.24658 -25.4957 0.869475
      vertex 1.46674 -23.1762 7.09872
      vertex 1.41729 -23.1117 6.8717
    endloop
  endfacet
  facet normal -0.793521 -0.608543 -0.000114849
    outer loop
      vertex 3.24658 -25.4957 0.869475
      vertex 1.56533 -23.3047 7.74525
      vertex 1.55262 -23.2881 7.60454
    endloop
  endfacet
  facet normal -0.793736 -0.608262 -0.000231486
    outer loop
      vertex 1.59407 -23.3421 8.22458
      vertex 3.24658 -25.4957 0.869475
      vertex 1.59832 -23.3477 8.36667
    endloop
  endfacet
  facet normal -0.793368 -0.608742 -8.28506e-06
    outer loop
      vertex 1.58686 -23.3327 7.98376
      vertex 3.24658 -25.4957 0.869475
      vertex 1.59407 -23.3421 8.22458
    endloop
  endfacet
  facet normal -0.793183 -0.608983 0.000107847
    outer loop
      vertex 1.56533 -23.3047 7.74525
      vertex 3.24658 -25.4957 0.869475
      vertex 1.58686 -23.3327 7.98376
    endloop
  endfacet
  facet normal -0.793272 -0.608867 5.4164e-05
    outer loop
      vertex 1.53158 -23.2607 7.46655
      vertex 3.24658 -25.4957 0.869475
      vertex 1.55262 -23.2881 7.60454
    endloop
  endfacet
  facet normal -0.793383 -0.608722 -2.39591e-05
    outer loop
      vertex 1.49591 -23.2142 7.23266
      vertex 3.24658 -25.4957 0.869475
      vertex 1.53158 -23.2607 7.46655
    endloop
  endfacet
  facet normal -0.793301 -0.60883 3.75285e-05
    outer loop
      vertex 1.46674 -23.1762 7.09872
      vertex 3.24658 -25.4957 0.869475
      vertex 1.49591 -23.2142 7.23266
    endloop
  endfacet
  facet normal -0.793197 -0.608965 0.000131029
    outer loop
      vertex 1.35453 -23.03 6.65373
      vertex 3.24658 -25.4957 0.869475
      vertex 1.41729 -23.1117 6.8717
    endloop
  endfacet
  facet normal -0.793505 -0.608564 -0.000140757
    outer loop
      vertex 1.31751 -22.9817 6.52514
      vertex 3.24658 -25.4957 0.869475
      vertex 1.35453 -23.03 6.65373
    endloop
  endfacet
  facet normal -0.793289 -0.608846 5.81449e-05
    outer loop
      vertex 1.24205 -22.8834 6.31832
      vertex 3.24658 -25.4957 0.869475
      vertex 1.31751 -22.9817 6.52514
    endloop
  endfacet
  facet normal -0.793279 -0.608858 7.97449e-05
    outer loop
      vertex 1.11009 -22.7114 6.00264
      vertex 3.24658 -25.4957 0.869475
      vertex 1.19753 -22.8253 6.19631
    endloop
  endfacet
  facet normal -0.793276 -0.608862 8.36353e-05
    outer loop
      vertex 1.0585 -22.6442 5.88838
      vertex 3.24658 -25.4957 0.869475
      vertex 1.11009 -22.7114 6.00264
    endloop
  endfacet
  facet normal -0.79336 -0.608753 -1.54063e-05
    outer loop
      vertex 1.00034 -22.5684 5.78298
      vertex 3.24658 -25.4957 0.869475
      vertex 1.0585 -22.6442 5.88838
    endloop
  endfacet
  facet normal -0.793311 -0.608816 5.45822e-05
    outer loop
      vertex 0.793014 -22.2982 5.4424
      vertex 3.24658 -25.4957 0.869475
      vertex 0.901771 -22.4399 5.60432
    endloop
  endfacet
  facet normal -0.793502 -0.608567 -0.000222169
    outer loop
      vertex 0.728848 -22.2145 5.34687
      vertex 3.24658 -25.4957 0.869475
      vertex 0.793014 -22.2982 5.4424
    endloop
  endfacet
  facet normal -0.793259 -0.608885 0.000147572
    outer loop
      vertex 0.65929 -22.1239 5.26213
      vertex 3.24658 -25.4957 0.869475
      vertex 0.728848 -22.2145 5.34687
    endloop
  endfacet
  facet normal -0.793302 -0.608828 7.80196e-05
    outer loop
      vertex 0.541394 -21.9703 5.11849
      vertex 3.24658 -25.4957 0.869475
      vertex 0.65929 -22.1239 5.26213
    endloop
  endfacet
  facet normal -0.793533 -0.608527 -0.000319215
    outer loop
      vertex 0.467115 -21.8734 5.04536
      vertex 3.24658 -25.4957 0.869475
      vertex 0.541394 -21.9703 5.11849
    endloop
  endfacet
  facet normal -0.793275 -0.608864 0.000145567
    outer loop
      vertex 0.341217 -21.7094 4.9214
      vertex 3.24658 -25.4957 0.869475
      vertex 0.467115 -21.8734 5.04536
    endloop
  endfacet
  facet normal -0.79331 -0.608818 7.82359e-05
    outer loop
      vertex 0.262932 -21.6074 4.86058
      vertex 3.24658 -25.4957 0.869475
      vertex 0.341217 -21.7094 4.9214
    endloop
  endfacet
  facet normal -0.793346 -0.608771 1.78862e-05
    outer loop
      vertex -0.00795795 -21.2543 4.67626
      vertex 3.24658 -25.4957 0.869475
      vertex 0.130243 -21.4344 4.75749
    endloop
  endfacet
  facet normal -0.79324 -0.60891 0.000263009
    outer loop
      vertex -0.0894955 -21.1481 4.62834
      vertex 3.24658 -25.4957 0.869475
      vertex -0.00795795 -21.2543 4.67626
    endloop
  endfacet
  facet normal -0.793403 -0.608697 -0.000127841
    outer loop
      vertex -0.231878 -20.9625 4.56975
      vertex 3.24658 -25.4957 0.869475
      vertex -0.0894955 -21.1481 4.62834
    endloop
  endfacet
  facet normal -0.793399 -0.608702 -0.000118927
    outer loop
      vertex -0.315882 -20.853 4.53519
      vertex 3.24658 -25.4957 0.869475
      vertex -0.231878 -20.9625 4.56975
    endloop
  endfacet
  facet normal -0.793275 -0.608864 0.000207254
    outer loop
      vertex -0.401544 -20.7414 4.51431
      vertex 3.24658 -25.4957 0.869475
      vertex -0.315882 -20.853 4.53519
    endloop
  endfacet
  facet normal -0.793329 -0.608793 6.10565e-05
    outer loop
      vertex -0.546737 -20.5522 4.47893
      vertex 3.24658 -25.4957 0.869475
      vertex -0.401544 -20.7414 4.51431
    endloop
  endfacet
  facet normal -0.793413 -0.608684 -0.000176025
    outer loop
      vertex -0.693341 -20.3611 4.4671
      vertex 3.24658 -25.4957 0.869475
      vertex -0.546737 -20.5522 4.47893
    endloop
  endfacet
  facet normal -0.793405 -0.608693 -0.000258377
    outer loop
      vertex -3.15374 -17.1547 8.50875
      vertex -18.9086 3.3775 16.9305
      vertex -3.15799 -17.1491 8.36667
    endloop
  endfacet
  facet normal -0.793313 -0.608814 0.00020716
    outer loop
      vertex -3.14654 -17.164 8.74957
      vertex -18.9086 3.3775 16.9305
      vertex -3.15374 -17.1547 8.50875
    endloop
  endfacet
  facet normal -0.793366 -0.608744 -6.96002e-05
    outer loop
      vertex -3.125 -17.1921 8.98808
      vertex -18.9086 3.3775 16.9305
      vertex -3.14654 -17.164 8.74957
    endloop
  endfacet
  facet normal -0.793381 -0.608725 -0.000148951
    outer loop
      vertex -3.11229 -17.2087 9.12879
      vertex -18.9086 3.3775 16.9305
      vertex -3.125 -17.1921 8.98808
    endloop
  endfacet
  facet normal -0.793339 -0.60878 8.17461e-05
    outer loop
      vertex -3.09125 -17.2361 9.26679
      vertex -18.9086 3.3775 16.9305
      vertex -3.11229 -17.2087 9.12879
    endloop
  endfacet
  facet normal -0.793365 -0.608746 -6.52444e-05
    outer loop
      vertex -3.05559 -17.2826 9.50068
      vertex -18.9086 3.3775 16.9305
      vertex -3.09125 -17.2361 9.26679
    endloop
  endfacet
  facet normal -0.793334 -0.608787 0.000116374
    outer loop
      vertex -3.02641 -17.3206 9.63462
      vertex -18.9086 3.3775 16.9305
      vertex -3.05559 -17.2826 9.50068
    endloop
  endfacet
  facet normal -0.793335 -0.608785 0.00010867
    outer loop
      vertex -2.97696 -17.385 9.86164
      vertex -18.9086 3.3775 16.9305
      vertex -3.02641 -17.3206 9.63462
    endloop
  endfacet
  facet normal -0.793362 -0.60875 -5.61608e-05
    outer loop
      vertex -2.91421 -17.4668 10.0796
      vertex -18.9086 3.3775 16.9305
      vertex -2.97696 -17.385 9.86164
    endloop
  endfacet
  facet normal -0.793381 -0.608725 -0.000175093
    outer loop
      vertex -2.87718 -17.5151 10.2082
      vertex -18.9086 3.3775 16.9305
      vertex -2.91421 -17.4668 10.0796
    endloop
  endfacet
  facet normal -0.793337 -0.608782 0.000106228
    outer loop
      vertex -2.80172 -17.6134 10.415
      vertex -18.9086 3.3775 16.9305
      vertex -2.87718 -17.5151 10.2082
    endloop
  endfacet
  facet normal -0.793341 -0.608778 8.52593e-05
    outer loop
      vertex -2.7572 -17.6714 10.537
      vertex -18.9086 3.3775 16.9305
      vertex -2.80172 -17.6134 10.415
    endloop
  endfacet
  facet normal -0.793371 -0.608738 -0.000122783
    outer loop
      vertex -2.66976 -17.7854 10.7307
      vertex -18.9086 3.3775 16.9305
      vertex -2.7572 -17.6714 10.537
    endloop
  endfacet
  facet normal -0.793332 -0.608789 0.000152191
    outer loop
      vertex -2.61817 -17.8526 10.845
      vertex -18.9086 3.3775 16.9305
      vertex -2.66976 -17.7854 10.7307
    endloop
  endfacet
  facet normal -0.793365 -0.608746 -8.35652e-05
    outer loop
      vertex -2.56002 -17.9284 10.9504
      vertex -18.9086 3.3775 16.9305
      vertex -2.61817 -17.8526 10.845
    endloop
  endfacet
  facet normal -0.793364 -0.608747 -7.92567e-05
    outer loop
      vertex -2.46144 -18.0569 11.129
      vertex -18.9086 3.3775 16.9305
      vertex -2.56002 -17.9284 10.9504
    endloop
  endfacet
  facet normal -0.793344 -0.608774 7.91861e-05
    outer loop
      vertex -2.35269 -18.1986 11.2909
      vertex -18.9086 3.3775 16.9305
      vertex -2.46144 -18.0569 11.129
    endloop
  endfacet
  facet normal -0.793335 -0.608785 0.000145341
    outer loop
      vertex -2.28852 -18.2822 11.3865
      vertex -18.9086 3.3775 16.9305
      vertex -2.35269 -18.1986 11.2909
    endloop
  endfacet
  facet normal -0.793386 -0.608718 -0.000269005
    outer loop
      vertex -2.21896 -18.3729 11.4712
      vertex -18.9086 3.3775 16.9305
      vertex -2.28852 -18.2822 11.3865
    endloop
  endfacet
  facet normal -0.793339 -0.608781 0.000125342
    outer loop
      vertex -2.10107 -18.5265 11.6148
      vertex -18.9086 3.3775 16.9305
      vertex -2.21896 -18.3729 11.4712
    endloop
  endfacet
  facet normal -0.793351 -0.608765 2.25562e-05
    outer loop
      vertex -2.02679 -18.6233 11.688
      vertex -18.9086 3.3775 16.9305
      vertex -2.10107 -18.5265 11.6148
    endloop
  endfacet
  facet normal -0.793364 -0.608748 -8.94424e-05
    outer loop
      vertex -1.90089 -18.7874 11.8119
      vertex -18.9086 3.3775 16.9305
      vertex -2.02679 -18.6233 11.688
    endloop
  endfacet
  facet normal -0.79333 -0.608792 0.000213427
    outer loop
      vertex -1.8226 -18.8894 11.8728
      vertex -18.9086 3.3775 16.9305
      vertex -1.90089 -18.7874 11.8119
    endloop
  endfacet
  facet normal -0.793395 -0.608708 -0.000377034
    outer loop
      vertex -1.68992 -19.0624 11.9758
      vertex -18.9086 3.3775 16.9305
      vertex -1.8226 -18.8894 11.8728
    endloop
  endfacet
  facet normal -0.793335 -0.608785 -3.95471e-05
    outer loop
      vertex 3.24658 -25.4957 16.9305
      vertex -1.68992 -19.0624 11.9758
      vertex -1.55172 -19.2425 12.0571
    endloop
  endfacet
  facet normal -0.79293 -0.609312 -0.00111458
    outer loop
      vertex 3.24658 -25.4957 16.9305
      vertex -1.55172 -19.2425 12.0571
      vertex -1.47018 -19.3487 12.105
    endloop
  endfacet
  facet normal -0.793443 -0.608645 0.000236116
    outer loop
      vertex 3.24658 -25.4957 16.9305
      vertex -1.47018 -19.3487 12.105
      vertex -1.32779 -19.5343 12.1636
    endloop
  endfacet
  facet normal -0.793483 -0.608592 0.000340954
    outer loop
      vertex 3.24658 -25.4957 16.9305
      vertex -1.32779 -19.5343 12.1636
      vertex -1.24379 -19.6438 12.1981
    endloop
  endfacet
  facet normal -0.793237 -0.608913 -0.000290184
    outer loop
      vertex 3.24658 -25.4957 16.9305
      vertex -1.24379 -19.6438 12.1981
      vertex -1.15813 -19.7554 12.219
    endloop
  endfacet
  facet normal -0.793323 -0.608801 -7.26511e-05
    outer loop
      vertex 3.24658 -25.4957 16.9305
      vertex -1.15813 -19.7554 12.219
      vertex -1.01294 -19.9446 12.2544
    endloop
  endfacet
  facet normal -0.793414 -0.608682 0.00015196
    outer loop
      vertex 3.24658 -25.4957 16.9305
      vertex -1.01294 -19.9446 12.2544
      vertex -0.866332 -20.1357 12.2662
    endloop
  endfacet
  facet normal -0.793287 -0.608848 -0.000151748
    outer loop
      vertex 3.24658 -25.4957 16.9305
      vertex -0.866332 -20.1357 12.2662
      vertex -0.779836 -20.2484 12.2732
    endloop
  endfacet
  facet normal -0.793298 -0.608833 -0.000124488
    outer loop
      vertex 3.24658 -25.4957 16.9305
      vertex -0.779836 -20.2484 12.2732
      vertex -0.693341 -20.3611 12.2662
    endloop
  endfacet
  facet normal -0.793414 -0.608683 0.000138361
    outer loop
      vertex 3.24658 -25.4957 16.9305
      vertex -0.693341 -20.3611 12.2662
      vertex -0.546737 -20.5522 12.2544
    endloop
  endfacet
  facet normal -0.793328 -0.608794 -4.94233e-05
    outer loop
      vertex 3.24658 -25.4957 16.9305
      vertex -0.546737 -20.5522 12.2544
      vertex -0.401544 -20.7414 12.219
    endloop
  endfacet
  facet normal -0.793271 -0.608868 -0.000167758
    outer loop
      vertex 3.24658 -25.4957 16.9305
      vertex -0.401544 -20.7414 12.219
      vertex -0.315882 -20.853 12.1981
    endloop
  endfacet
  facet normal -0.793306 -0.608823 -6.6895e-05
    outer loop
      vertex 3.24658 -25.4957 16.9305
      vertex 0.262932 -21.6074 11.8728
      vertex 0.341217 -21.7094 11.8119
    endloop
  endfacet
  facet normal -0.793361 -0.608751 1.37713e-05
    outer loop
      vertex 3.24658 -25.4957 16.9305
      vertex 1.00034 -22.5684 10.9504
      vertex 1.0585 -22.6442 10.845
    endloop
  endfacet
  facet normal -0.793283 -0.608853 -5.29836e-05
    outer loop
      vertex 3.24658 -25.4957 16.9305
      vertex 1.24205 -22.8834 10.415
      vertex 1.31751 -22.9817 10.2082
    endloop
  endfacet
  facet normal -0.793296 -0.608836 -3.4941e-05
    outer loop
      vertex 3.24658 -25.4957 16.9305
      vertex 1.46674 -23.1762 9.63462
      vertex 1.49591 -23.2142 9.50068
    endloop
  endfacet
  facet normal -0.793166 -0.609006 -0.000103521
    outer loop
      vertex 3.24658 -25.4957 16.9305
      vertex 1.56533 -23.3047 8.98808
      vertex 1.58686 -23.3327 8.74957
    endloop
  endfacet
  facet normal -0.793346 -0.608771 -0
    outer loop
      vertex 3.24658 -25.4957 16.9305
      vertex 1.59832 -23.3477 8.36667
      vertex 3.24658 -25.4957 0.869475
    endloop
  endfacet
  facet normal -0.793784 -0.6082 0.000227599
    outer loop
      vertex 1.59832 -23.3477 8.36667
      vertex 3.24658 -25.4957 16.9305
      vertex 1.59407 -23.3421 8.50875
    endloop
  endfacet
  facet normal -0.79337 -0.60874 8.14612e-06
    outer loop
      vertex 1.59407 -23.3421 8.50875
      vertex 3.24658 -25.4957 16.9305
      vertex 1.58686 -23.3327 8.74957
    endloop
  endfacet
  facet normal -0.79354 -0.608518 0.000110231
    outer loop
      vertex 1.56533 -23.3047 8.98808
      vertex 3.24658 -25.4957 16.9305
      vertex 1.55262 -23.2881 9.12879
    endloop
  endfacet
  facet normal -0.793265 -0.608877 -5.11077e-05
    outer loop
      vertex 1.55262 -23.2881 9.12879
      vertex 3.24658 -25.4957 16.9305
      vertex 1.53158 -23.2607 9.26679
    endloop
  endfacet
  facet normal -0.793353 -0.608761 9.05224e-06
    outer loop
      vertex -1.68992 -19.0624 11.9758
      vertex 3.24658 -25.4957 16.9305
      vertex -18.9086 3.3775 16.9305
    endloop
  endfacet
  facet normal -0.793402 -0.608697 9.84991e-05
    outer loop
      vertex -0.231878 -20.9625 12.1636
      vertex 3.24658 -25.4957 16.9305
      vertex -0.315882 -20.853 12.1981
    endloop
  endfacet
  facet normal -0.793406 -0.608693 0.000105837
    outer loop
      vertex -0.0894955 -21.1481 12.105
      vertex 3.24658 -25.4957 16.9305
      vertex -0.231878 -20.9625 12.1636
    endloop
  endfacet
  facet normal -0.793231 -0.608921 -0.000221701
    outer loop
      vertex -0.00795795 -21.2543 12.0571
      vertex 3.24658 -25.4957 16.9305
      vertex -0.0894955 -21.1481 12.105
    endloop
  endfacet
  facet normal -0.793345 -0.608772 -1.50713e-05
    outer loop
      vertex 0.130243 -21.4344 11.9758
      vertex 3.24658 -25.4957 16.9305
      vertex -0.00795795 -21.2543 12.0571
    endloop
  endfacet
  facet normal -0.793441 -0.608647 0.000147099
    outer loop
      vertex 0.262932 -21.6074 11.8728
      vertex 3.24658 -25.4957 16.9305
      vertex 0.130243 -21.4344 11.9758
    endloop
  endfacet
  facet normal -0.793268 -0.608873 -0.000126131
    outer loop
      vertex 0.467115 -21.8734 11.688
      vertex 3.24658 -25.4957 16.9305
      vertex 0.341217 -21.7094 11.8119
    endloop
  endfacet
  facet normal -0.793549 -0.608506 0.000276443
    outer loop
      vertex 0.541394 -21.9703 11.6148
      vertex 3.24658 -25.4957 16.9305
      vertex 0.467115 -21.8734 11.688
    endloop
  endfacet
  facet normal -0.793298 -0.608834 -6.83635e-05
    outer loop
      vertex 0.65929 -22.1239 11.4712
      vertex 3.24658 -25.4957 16.9305
      vertex 0.541394 -21.9703 11.6148
    endloop
  endfacet
  facet normal -0.79325 -0.608896 -0.000129317
    outer loop
      vertex 0.728848 -22.2145 11.3865
      vertex 3.24658 -25.4957 16.9305
      vertex 0.65929 -22.1239 11.4712
    endloop
  endfacet
  facet normal -0.793516 -0.608549 0.000196604
    outer loop
      vertex 0.793014 -22.2982 11.2909
      vertex 3.24658 -25.4957 16.9305
      vertex 0.728848 -22.2145 11.3865
    endloop
  endfacet
  facet normal -0.793308 -0.608821 -4.83195e-05
    outer loop
      vertex 0.901771 -22.4399 11.129
      vertex 3.24658 -25.4957 16.9305
      vertex 0.793014 -22.2982 11.2909
    endloop
  endfacet
  facet normal -0.793409 -0.608689 6.194e-05
    outer loop
      vertex 1.00034 -22.5684 10.9504
      vertex 3.24658 -25.4957 16.9305
      vertex 0.901771 -22.4399 11.129
    endloop
  endfacet
  facet normal -0.793269 -0.608871 -7.54644e-05
    outer loop
      vertex 1.11009 -22.7114 10.7307
      vertex 3.24658 -25.4957 16.9305
      vertex 1.0585 -22.6442 10.845
    endloop
  endfacet
  facet normal -0.793273 -0.608866 -7.19603e-05
    outer loop
      vertex 1.19753 -22.8253 10.537
      vertex 3.24658 -25.4957 16.9305
      vertex 1.11009 -22.7114 10.7307
    endloop
  endfacet
  facet normal -0.793571 -0.608477 0.000186197
    outer loop
      vertex 1.24205 -22.8834 10.415
      vertex 3.24658 -25.4957 16.9305
      vertex 1.19753 -22.8253 10.537
    endloop
  endfacet
  facet normal -0.793519 -0.608545 0.000129563
    outer loop
      vertex 1.35453 -23.03 10.0796
      vertex 3.24658 -25.4957 16.9305
      vertex 1.31751 -22.9817 10.2082
    endloop
  endfacet
  facet normal -0.793183 -0.608983 -0.000120623
    outer loop
      vertex 1.41729 -23.1117 9.86164
      vertex 3.24658 -25.4957 16.9305
      vertex 1.35453 -23.03 10.0796
    endloop
  endfacet
  facet normal -0.793471 -0.608609 7.98955e-05
    outer loop
      vertex 1.46674 -23.1762 9.63462
      vertex 3.24658 -25.4957 16.9305
      vertex 1.41729 -23.1117 9.86164
    endloop
  endfacet
  facet normal -0.793387 -0.608718 2.26074e-05
    outer loop
      vertex 1.53158 -23.2607 9.26679
      vertex 3.24658 -25.4957 16.9305
      vertex 1.49591 -23.2142 9.50068
    endloop
  endfacet
  facet normal 0 0 1
    outer loop
      vertex 3.24658 -25.4957 16.9305
      vertex -16.1284 -0.245722 16.9305
      vertex -18.9086 3.3775 16.9305
    endloop
  endfacet
  facet normal 0 0 -1
    outer loop
      vertex 3.24658 -25.4957 16.9305
      vertex -15.9709 -0.451056 16.9305
      vertex -16.1284 -0.245722 16.9305
    endloop
  endfacet
  facet normal -0.766726 -0.588331 0.256899
    outer loop
      vertex 3.24658 -25.4957 16.9305
      vertex -15.7655 -0.608613 17.1827
      vertex -15.9709 -0.451056 16.9305
    endloop
  endfacet
  facet normal -0.766783 -0.588372 0.256637
    outer loop
      vertex -15.7655 -0.608613 17.1827
      vertex 3.24658 -25.4957 16.9305
      vertex 3.45192 -25.6533 17.1827
    endloop
  endfacet
  facet normal -0.432135 -0.563429 -0.704135
    outer loop
      vertex 3.70852 -25.6871 0.39124
      vertex 3.67474 -25.4305 0.206647
      vertex 3.80082 -25.5272 0.206647
    endloop
  endfacet
  facet normal -0.498871 -0.0659789 -0.864161
    outer loop
      vertex -18.4196 3.77417 0.0761219
      vertex -18.6588 3.87322 0.206647
      vertex -18.4327 3.87322 0.0761219
    endloop
  endfacet
  facet normal 0 -0.25878 -0.965936
    outer loop
      vertex 4.1052 -25.3827 0.0761219
      vertex 37.1 -25.1305 0.00855598
      vertex 37.1 -25.3827 0.0761219
    endloop
  endfacet
  facet normal -0 -0.25878 -0.965936
    outer loop
      vertex 37.1 -25.1305 0.00855598
      vertex 4.1052 -25.3827 0.0761219
      vertex 4.1052 -25.1305 0.00855598
    endloop
  endfacet
  facet normal -0.0658528 -0.498835 -0.864191
    outer loop
      vertex 4.1052 -25.6088 0.206647
      vertex 3.94764 -25.588 0.206647
      vertex 4.00615 -25.3696 0.0761219
    endloop
  endfacet
  facet normal -0.704034 -0.0929158 -0.704061
    outer loop
      vertex -18.8163 3.66788 0.39124
      vertex -18.8434 3.87322 0.39124
      vertex -18.6588 3.87322 0.206647
    endloop
  endfacet
  facet normal -0.608608 -0.793471 0
    outer loop
      vertex 3.40414 -25.7011 0.869475
      vertex 3.60948 -25.8586 16.9305
      vertex 3.40414 -25.7011 16.9305
    endloop
  endfacet
  facet normal -0.608608 -0.793471 -0
    outer loop
      vertex 3.60948 -25.8586 16.9305
      vertex 3.40414 -25.7011 0.869475
      vertex 3.60948 -25.8586 0.869475
    endloop
  endfacet
  facet normal -0.588195 -0.766857 -0.256823
    outer loop
      vertex 3.60948 -25.8586 0.869475
      vertex 3.40414 -25.7011 0.869475
      vertex 3.45192 -25.6533 0.617318
    endloop
  endfacet
  facet normal -0.793445 -0.608642 0
    outer loop
      vertex 3.40414 -25.7011 0.869475
      vertex 3.24658 -25.4957 16.9305
      vertex 3.24658 -25.4957 0.869475
    endloop
  endfacet
  facet normal -0.793445 -0.608642 0
    outer loop
      vertex 3.24658 -25.4957 16.9305
      vertex 3.40414 -25.7011 0.869475
      vertex 3.40414 -25.7011 16.9305
    endloop
  endfacet
  facet normal -0.766842 -0.588236 0.25677
    outer loop
      vertex 3.45192 -25.6533 17.1827
      vertex 3.24658 -25.4957 16.9305
      vertex 3.40414 -25.7011 16.9305
    endloop
  endfacet
  facet normal -0.688609 -0.528315 -0.49669
    outer loop
      vertex -18.7033 3.21994 0.617318
      vertex -18.8501 3.41128 0.617318
      vertex -18.7371 3.47654 0.39124
    endloop
  endfacet
  facet normal -0.688554 -0.528346 -0.496734
    outer loop
      vertex 3.41814 -25.3967 0.39124
      vertex -18.7033 3.21994 0.617318
      vertex -18.7371 3.47654 0.39124
    endloop
  endfacet
  facet normal -0.688533 -0.52833 -0.496779
    outer loop
      vertex -18.7033 3.21994 0.617318
      vertex 3.41814 -25.3967 0.39124
      vertex 3.45192 -25.6533 0.617318
    endloop
  endfacet
  facet normal -0.331957 -0.801978 0.496625
    outer loop
      vertex 3.70852 -25.6871 17.4088
      vertex 3.64326 -25.8001 17.1827
      vertex 3.89986 -25.7663 17.4088
    endloop
  endfacet
  facet normal -0.528328 -0.688626 0.496653
    outer loop
      vertex 3.70852 -25.6871 17.4088
      vertex 3.45192 -25.6533 17.1827
      vertex 3.64326 -25.8001 17.1827
    endloop
  endfacet
  facet normal 0 0.49996 -0.866048
    outer loop
      vertex 12.05 24.24 0.0761219
      vertex 25.55 24.4661 0.206647
      vertex 25.55 24.24 0.0761219
    endloop
  endfacet
  facet normal 0 0.49996 -0.866048
    outer loop
      vertex 25.55 24.4661 0.206647
      vertex 12.05 24.24 0.0761219
      vertex 12.05 24.4661 0.206647
    endloop
  endfacet
  facet normal -0.271706 -0.656117 0.70405
    outer loop
      vertex 3.94764 -25.588 17.5934
      vertex 3.80082 -25.5272 17.5934
      vertex 3.89986 -25.7663 17.4088
    endloop
  endfacet
  facet normal -0.271578 -0.656108 0.704108
    outer loop
      vertex 3.80082 -25.5272 17.5934
      vertex 3.70852 -25.6871 17.4088
      vertex 3.89986 -25.7663 17.4088
    endloop
  endfacet
  facet normal 0 0.258876 -0.965911
    outer loop
      vertex 12.05 23.9879 0.00855598
      vertex 25.55 24.24 0.0761219
      vertex 25.55 23.9879 0.00855598
    endloop
  endfacet
  facet normal 0 0.258876 -0.965911
    outer loop
      vertex 25.55 24.24 0.0761219
      vertex 12.05 23.9879 0.00855598
      vertex 12.05 24.24 0.0761219
    endloop
  endfacet
  facet normal -0.0342139 -0.258693 -0.965353
    outer loop
      vertex 4.1052 -25.3827 0.0761219
      vertex 4.00615 -25.3696 0.0761219
      vertex 4.07142 -25.1261 0.00855598
    endloop
  endfacet
  facet normal -0.0997997 -0.241113 -0.965352
    outer loop
      vertex 4.00615 -25.3696 0.0761219
      vertex 3.91386 -25.3314 0.0761219
      vertex 4.07142 -25.1261 0.00855598
    endloop
  endfacet
  facet normal -0.306258 -0.399244 -0.864182
    outer loop
      vertex 3.91386 -25.3314 0.0761219
      vertex 3.67474 -25.4305 0.206647
      vertex 3.8346 -25.2706 0.0761219
    endloop
  endfacet
  facet normal -0.207048 -0.158771 -0.965362
    outer loop
      vertex 3.8346 -25.2706 0.0761219
      vertex 3.77379 -25.1913 0.0761219
      vertex 4.0129 -25.0923 0.00855598
    endloop
  endfacet
  facet normal -0.207104 -0.158603 -0.965377
    outer loop
      vertex -18.1423 3.78092 0.00855598
      vertex -18.3814 3.68188 0.0761219
      vertex -18.163 3.80795 0.00855598
    endloop
  endfacet
  facet normal -0.464962 -0.192454 -0.86416
    outer loop
      vertex -18.3814 3.68188 0.0761219
      vertex -18.5772 3.56884 0.206647
      vertex -18.4196 3.77417 0.0761219
    endloop
  endfacet
  facet normal -0.192454 -0.464962 -0.86416
    outer loop
      vertex 4.00615 -25.3696 0.0761219
      vertex 3.80082 -25.5272 0.206647
      vertex 3.91386 -25.3314 0.0761219
    endloop
  endfacet
  facet normal -0.0929158 -0.704034 -0.704061
    outer loop
      vertex 4.1052 -25.7934 0.39124
      vertex 3.89986 -25.7663 0.39124
      vertex 4.1052 -25.6088 0.206647
    endloop
  endfacet
  facet normal -0.801958 -0.331949 -0.496662
    outer loop
      vertex -18.7371 3.47654 0.39124
      vertex -18.8501 3.41128 0.617318
      vertex -18.8163 3.66788 0.39124
    endloop
  endfacet
  facet normal -0.656104 -0.271701 -0.704064
    outer loop
      vertex -18.5772 3.56884 0.206647
      vertex -18.8163 3.66788 0.39124
      vertex -18.638 3.71566 0.206647
    endloop
  endfacet
  facet normal -0.801778 -0.332125 -0.496835
    outer loop
      vertex -18.8501 3.41128 0.617318
      vertex -18.9424 3.6341 0.617318
      vertex -18.8163 3.66788 0.39124
    endloop
  endfacet
  facet normal -0.860372 -0.113549 -0.496857
    outer loop
      vertex -18.8163 3.66788 0.39124
      vertex -18.9424 3.6341 0.617318
      vertex -18.8434 3.87322 0.39124
    endloop
  endfacet
  facet normal -0.382873 -0.923801 0
    outer loop
      vertex 3.60948 -25.8586 0.869475
      vertex 3.84859 -25.9577 16.9305
      vertex 3.60948 -25.8586 16.9305
    endloop
  endfacet
  facet normal -0.382873 -0.923801 -0
    outer loop
      vertex 3.84859 -25.9577 16.9305
      vertex 3.60948 -25.8586 0.869475
      vertex 3.84859 -25.9577 0.869475
    endloop
  endfacet
  facet normal -0.528315 -0.688609 -0.49669
    outer loop
      vertex 3.64326 -25.8001 0.617318
      vertex 3.45192 -25.6533 0.617318
      vertex 3.70852 -25.6871 0.39124
    endloop
  endfacet
  facet normal -0.892913 -0.369877 -0.256705
    outer loop
      vertex -18.9086 3.3775 0.869475
      vertex -18.9424 3.6341 0.617318
      vertex -18.8501 3.41128 0.617318
    endloop
  endfacet
  facet normal -0.766806 -0.58831 -0.25671
    outer loop
      vertex -18.7033 3.21994 0.617318
      vertex -18.9086 3.3775 0.869475
      vertex -18.8501 3.41128 0.617318
    endloop
  endfacet
  facet normal -0.76678 -0.58837 -0.25665
    outer loop
      vertex -18.7033 3.21994 0.617318
      vertex 3.24658 -25.4957 0.869475
      vertex -18.9086 3.3775 0.869475
    endloop
  endfacet
  facet normal -0.766774 -0.588366 -0.256677
    outer loop
      vertex 3.24658 -25.4957 0.869475
      vertex -18.7033 3.21994 0.617318
      vertex 3.45192 -25.6533 0.617318
    endloop
  endfacet
  facet normal 0 -0.86609 0.499888
    outer loop
      vertex 4.1052 -25.9239 17.1827
      vertex 29.6692 -25.7934 17.4088
      vertex 4.1052 -25.7934 17.4088
    endloop
  endfacet
  facet normal 5.30729e-06 -0.86635 0.499438
    outer loop
      vertex 29.6692 -25.7934 17.4088
      vertex 4.1052 -25.9239 17.1827
      vertex 29.7543 -25.8586 17.2957
    endloop
  endfacet
  facet normal 0 -0.865828 0.500341
    outer loop
      vertex 29.7543 -25.8586 17.2957
      vertex 4.1052 -25.9239 17.1827
      vertex 29.9118 -25.9239 17.1827
    endloop
  endfacet
  facet normal -0.0929176 -0.704048 0.704048
    outer loop
      vertex 4.1052 -25.6088 17.5934
      vertex 3.89986 -25.7663 17.4088
      vertex 4.1052 -25.7934 17.4088
    endloop
  endfacet
  facet normal -0.369881 -0.892923 0.256664
    outer loop
      vertex 3.64326 -25.8001 17.1827
      vertex 3.60948 -25.8586 16.9305
      vertex 3.86608 -25.8924 17.1827
    endloop
  endfacet
  facet normal -0.113357 -0.860507 0.496666
    outer loop
      vertex 4.1052 -25.7934 17.4088
      vertex 3.86608 -25.8924 17.1827
      vertex 4.1052 -25.9239 17.1827
    endloop
  endfacet
  facet normal -0.588316 -0.766815 0.256669
    outer loop
      vertex 3.64326 -25.8001 17.1827
      vertex 3.45192 -25.6533 17.1827
      vertex 3.60948 -25.8586 16.9305
    endloop
  endfacet
  facet normal -0.399253 -0.306161 0.864212
    outer loop
      vertex 3.77379 -25.1913 17.7239
      vertex 3.67474 -25.4305 17.5934
      vertex 3.8346 -25.2706 17.7239
    endloop
  endfacet
  facet normal -0.563426 -0.432325 0.704022
    outer loop
      vertex 3.67474 -25.4305 17.5934
      vertex 3.41814 -25.3967 17.4088
      vertex 3.54421 -25.561 17.4088
    endloop
  endfacet
  facet normal -0.192491 -0.464828 0.864223
    outer loop
      vertex 4.00615 -25.3696 17.7239
      vertex 3.80082 -25.5272 17.5934
      vertex 3.94764 -25.588 17.5934
    endloop
  endfacet
  facet normal -0.0929415 -0.704032 0.704061
    outer loop
      vertex 3.94764 -25.588 17.5934
      vertex 3.89986 -25.7663 17.4088
      vertex 4.1052 -25.6088 17.5934
    endloop
  endfacet
  facet normal -0.0341828 -0.258458 0.965417
    outer loop
      vertex 4.07142 -25.1261 17.7914
      vertex 4.00615 -25.3696 17.7239
      vertex 4.1052 -25.3827 17.7239
    endloop
  endfacet
  facet normal -0.0997089 -0.240894 0.965416
    outer loop
      vertex 4.07142 -25.1261 17.7914
      vertex 3.91386 -25.3314 17.7239
      vertex 4.00615 -25.3696 17.7239
    endloop
  endfacet
  facet normal 0 -0.707107 0.707107
    outer loop
      vertex 4.1052 -25.7934 17.4088
      vertex 29.4781 -25.6088 17.5934
      vertex 4.1052 -25.6088 17.5934
    endloop
  endfacet
  facet normal -1.96888e-16 -0.707107 0.707107
    outer loop
      vertex 29.4781 -25.6088 17.5934
      vertex 4.1052 -25.7934 17.4088
      vertex 29.5489 -25.7011 17.5011
    endloop
  endfacet
  facet normal 0 -0.707107 0.707107
    outer loop
      vertex 29.5489 -25.7011 17.5011
      vertex 4.1052 -25.7934 17.4088
      vertex 29.6692 -25.7934 17.4088
    endloop
  endfacet
  facet normal -0.0659694 -0.498799 0.864203
    outer loop
      vertex 4.1052 -25.3827 17.7239
      vertex 4.00615 -25.3696 17.7239
      vertex 4.1052 -25.6088 17.5934
    endloop
  endfacet
  facet normal 0 -0.258545 0.965999
    outer loop
      vertex 4.1052 -25.3827 17.7239
      vertex 29.2757 -25.1305 17.7914
      vertex 4.1052 -25.1305 17.7914
    endloop
  endfacet
  facet normal -3.83315e-06 -0.258188 0.966095
    outer loop
      vertex 29.2757 -25.1305 17.7914
      vertex 4.1052 -25.3827 17.7239
      vertex 29.2923 -25.2566 17.7577
    endloop
  endfacet
  facet normal 0 -0.258902 0.965904
    outer loop
      vertex 29.2923 -25.2566 17.7577
      vertex 4.1052 -25.3827 17.7239
      vertex 29.3446 -25.3827 17.7239
    endloop
  endfacet
  facet normal -0.0336882 -0.258633 -0.965388
    outer loop
      vertex 4.1052 -25.3827 0.0761219
      vertex 4.07142 -25.1261 0.00855598
      vertex 4.1052 -25.1305 0.00855598
    endloop
  endfacet
  facet normal -0.563429 -0.432245 -0.704068
    outer loop
      vertex 3.67474 -25.4305 0.206647
      vertex 3.41814 -25.3967 0.39124
      vertex 3.578 -25.3044 0.206647
    endloop
  endfacet
  facet normal -0.240827 -0.100185 -0.965383
    outer loop
      vertex -18.163 3.80795 0.00855598
      vertex -18.3814 3.68188 0.0761219
      vertex -18.1761 3.83944 0.00855598
    endloop
  endfacet
  facet normal -0.258693 -0.0342139 -0.965353
    outer loop
      vertex -18.4196 3.77417 0.0761219
      vertex -18.4327 3.87322 0.0761219
      vertex -18.1761 3.83944 0.00855598
    endloop
  endfacet
  facet normal -0.241113 -0.0997997 -0.965352
    outer loop
      vertex -18.3814 3.68188 0.0761219
      vertex -18.4196 3.77417 0.0761219
      vertex -18.1761 3.83944 0.00855598
    endloop
  endfacet
  facet normal -0.332125 -0.801778 -0.496835
    outer loop
      vertex 3.86608 -25.8924 0.617318
      vertex 3.64326 -25.8001 0.617318
      vertex 3.89986 -25.7663 0.39124
    endloop
  endfacet
  facet normal -0.0659789 -0.498871 -0.864161
    outer loop
      vertex 4.1052 -25.6088 0.206647
      vertex 4.00615 -25.3696 0.0761219
      vertex 4.1052 -25.3827 0.0761219
    endloop
  endfacet
  facet normal -0.369877 -0.892913 -0.256705
    outer loop
      vertex 3.86608 -25.8924 0.617318
      vertex 3.60948 -25.8586 0.869475
      vertex 3.64326 -25.8001 0.617318
    endloop
  endfacet
  facet normal -0.113549 -0.860372 -0.496857
    outer loop
      vertex 4.1052 -25.7934 0.39124
      vertex 3.86608 -25.8924 0.617318
      vertex 3.89986 -25.7663 0.39124
    endloop
  endfacet
  facet normal -0.704018 -0.0929397 -0.704074
    outer loop
      vertex -18.638 3.71566 0.206647
      vertex -18.8163 3.66788 0.39124
      vertex -18.6588 3.87322 0.206647
    endloop
  endfacet
  facet normal -0.498835 -0.0658528 -0.864191
    outer loop
      vertex -18.638 3.71566 0.206647
      vertex -18.6588 3.87322 0.206647
      vertex -18.4196 3.77417 0.0761219
    endloop
  endfacet
  facet normal 0 -0.965988 -0.258586
    outer loop
      vertex 4.1052 -25.9239 0.617318
      vertex 37.1 -25.9914 0.869475
      vertex 4.1052 -25.9914 0.869475
    endloop
  endfacet
  facet normal 0 -0.965988 -0.258586
    outer loop
      vertex 37.1 -25.9914 0.869475
      vertex 4.1052 -25.9239 0.617318
      vertex 37.1 -25.9239 0.617318
    endloop
  endfacet
  facet normal 0 -1 0
    outer loop
      vertex 4.1052 -25.9914 16.9305
      vertex 4.1052 -25.9914 0.869475
      vertex 30.25 -25.9914 16.9305
    endloop
  endfacet
  facet normal 0 -1 0
    outer loop
      vertex 4.1052 -25.9914 46.6639
      vertex 4.1052 -25.9914 29.5361
      vertex 30.25 -25.9914 46.6639
    endloop
  endfacet
  facet normal 0 -1 0
    outer loop
      vertex 30.25 -25.9914 59.2695
      vertex 4.1052 -25.9914 75.3305
      vertex 4.1052 -25.9914 59.2695
    endloop
  endfacet
  facet normal 0 -1 0
    outer loop
      vertex 4.1052 -25.9914 75.3305
      vertex 30.25 -25.9914 59.2695
      vertex 37.1 -25.9914 75.3305
    endloop
  endfacet
  facet normal 0 -1 0
    outer loop
      vertex 30.25 -25.9914 46.6639
      vertex 37.1 -25.9914 75.3305
      vertex 30.25 -25.9914 59.2695
    endloop
  endfacet
  facet normal 0 -1 0
    outer loop
      vertex 30.25 -25.9914 29.5361
      vertex 30.25 -25.9914 46.6639
      vertex 4.1052 -25.9914 29.5361
    endloop
  endfacet
  facet normal 0 -1 0
    outer loop
      vertex 30.25 -25.9914 29.5361
      vertex 37.1 -25.9914 75.3305
      vertex 30.25 -25.9914 46.6639
    endloop
  endfacet
  facet normal 0 -1 0
    outer loop
      vertex 37.1 -25.9914 0.869475
      vertex 30.25 -25.9914 29.5361
      vertex 30.25 -25.9914 16.9305
    endloop
  endfacet
  facet normal 0 -1 0
    outer loop
      vertex 30.25 -25.9914 29.5361
      vertex 37.1 -25.9914 0.869475
      vertex 37.1 -25.9914 75.3305
    endloop
  endfacet
  facet normal 0 -1 0
    outer loop
      vertex 37.1 -25.9914 0.869475
      vertex 30.25 -25.9914 16.9305
      vertex 4.1052 -25.9914 0.869475
    endloop
  endfacet
  facet normal -0.958261 -0.126235 -0.256517
    outer loop
      vertex -18.9424 3.6341 0.617318
      vertex -19.0414 3.87322 0.869475
      vertex -18.9739 3.87322 0.617318
    endloop
  endfacet
  facet normal -0.860487 -0.113355 -0.496703
    outer loop
      vertex -18.9424 3.6341 0.617318
      vertex -18.9739 3.87322 0.617318
      vertex -18.8434 3.87322 0.39124
    endloop
  endfacet
  facet normal -0.332133 -0.801797 0.496798
    outer loop
      vertex 3.89986 -25.7663 17.4088
      vertex 3.64326 -25.8001 17.1827
      vertex 3.86608 -25.8924 17.1827
    endloop
  endfacet
  facet normal -0.113551 -0.860392 0.496821
    outer loop
      vertex 3.89986 -25.7663 17.4088
      vertex 3.86608 -25.8924 17.1827
      vertex 4.1052 -25.7934 17.4088
    endloop
  endfacet
  facet normal -0.13021 -0.991486 0
    outer loop
      vertex 3.84859 -25.9577 0.869475
      vertex 4.1052 -25.9914 16.9305
      vertex 3.84859 -25.9577 16.9305
    endloop
  endfacet
  facet normal -0.13021 -0.991486 -0
    outer loop
      vertex 4.1052 -25.9914 16.9305
      vertex 3.84859 -25.9577 0.869475
      vertex 4.1052 -25.9914 0.869475
    endloop
  endfacet
  facet normal -0.0336575 -0.258398 0.965452
    outer loop
      vertex 4.1052 -25.1305 17.7914
      vertex 4.07142 -25.1261 17.7914
      vertex 4.1052 -25.3827 17.7239
    endloop
  endfacet
  facet normal -0.10021 -0.240809 -0.965385
    outer loop
      vertex 4.07142 -25.1261 0.00855598
      vertex 3.91386 -25.3314 0.0761219
      vertex 4.03994 -25.113 0.00855598
    endloop
  endfacet
  facet normal -0.158559 -0.207123 -0.96538
    outer loop
      vertex 4.03994 -25.113 0.00855598
      vertex 3.91386 -25.3314 0.0761219
      vertex 4.0129 -25.0923 0.00855598
    endloop
  endfacet
  facet normal -0.399183 -0.306304 -0.864194
    outer loop
      vertex 3.578 -25.3044 0.206647
      vertex -18.3814 3.68188 0.0761219
      vertex 3.77379 -25.1913 0.0761219
    endloop
  endfacet
  facet normal -0.399221 -0.306333 -0.864166
    outer loop
      vertex -18.3814 3.68188 0.0761219
      vertex 3.578 -25.3044 0.206647
      vertex -18.5772 3.56884 0.206647
    endloop
  endfacet
  facet normal -0.399209 -0.306261 -0.864197
    outer loop
      vertex 3.67474 -25.4305 0.206647
      vertex 3.578 -25.3044 0.206647
      vertex 3.77379 -25.1913 0.0761219
    endloop
  endfacet
  facet normal 0 0 -1
    outer loop
      vertex 12.05 3.87322 0.00855598
      vertex 37.1 22.8268 0.00855598
      vertex 37.1 -25.1305 0.00855598
    endloop
  endfacet
  facet normal 0 0 -1
    outer loop
      vertex 12.05 23.9879 0.00855598
      vertex 25.55 22.8268 0.00855598
      vertex 12.05 3.87322 0.00855598
    endloop
  endfacet
  facet normal -0 0 -1
    outer loop
      vertex 37.1 22.8268 0.00855598
      vertex 12.05 3.87322 0.00855598
      vertex 25.55 22.8268 0.00855598
    endloop
  endfacet
  facet normal 0 0 -1
    outer loop
      vertex 4.1052 -25.1305 0.00855598
      vertex 12.05 3.87322 0.00855598
      vertex 37.1 -25.1305 0.00855598
    endloop
  endfacet
  facet normal 0 0 -1
    outer loop
      vertex 4.0129 -25.0923 0.00855598
      vertex 4.1052 -25.1305 0.00855598
      vertex 4.07142 -25.1261 0.00855598
    endloop
  endfacet
  facet normal 0 0 -1
    outer loop
      vertex 4.0129 -25.0923 0.00855598
      vertex 4.07142 -25.1261 0.00855598
      vertex 4.03994 -25.113 0.00855598
    endloop
  endfacet
  facet normal 0 0 -1
    outer loop
      vertex 4.1052 -25.1305 0.00855598
      vertex 4.0129 -25.0923 0.00855598
      vertex 12.05 3.87322 0.00855598
    endloop
  endfacet
  facet normal 0 0 -1
    outer loop
      vertex -18.1423 3.78092 0.00855598
      vertex 12.05 3.87322 0.00855598
      vertex 4.0129 -25.0923 0.00855598
    endloop
  endfacet
  facet normal 0 0 -1
    outer loop
      vertex -18.1805 3.87322 0.00855598
      vertex -18.1423 3.78092 0.00855598
      vertex -18.163 3.80795 0.00855598
    endloop
  endfacet
  facet normal 0 0 -1
    outer loop
      vertex -18.1805 3.87322 0.00855598
      vertex -18.163 3.80795 0.00855598
      vertex -18.1761 3.83944 0.00855598
    endloop
  endfacet
  facet normal 0 0 -1
    outer loop
      vertex -18.1423 3.78092 0.00855598
      vertex -18.1805 3.87322 0.00855598
      vertex 12.05 3.87322 0.00855598
    endloop
  endfacet
  facet normal 0 0 -1
    outer loop
      vertex 25.55 22.8268 0.00855598
      vertex 12.05 23.9879 0.00855598
      vertex 25.55 23.9879 0.00855598
    endloop
  endfacet
  facet normal -0.258633 -0.0336882 -0.965388
    outer loop
      vertex -18.1761 3.83944 0.00855598
      vertex -18.4327 3.87322 0.0761219
      vertex -18.1805 3.87322 0.00855598
    endloop
  endfacet
  facet normal 0 -0.707093 -0.70712
    outer loop
      vertex 4.1052 -25.7934 0.39124
      vertex 37.1 -25.6088 0.206647
      vertex 37.1 -25.7934 0.39124
    endloop
  endfacet
  facet normal -0 -0.707093 -0.70712
    outer loop
      vertex 37.1 -25.6088 0.206647
      vertex 4.1052 -25.7934 0.39124
      vertex 4.1052 -25.6088 0.206647
    endloop
  endfacet
  facet normal -0.432369 -0.563383 -0.704028
    outer loop
      vertex 3.70852 -25.6871 0.39124
      vertex 3.54421 -25.561 0.39124
      vertex 3.67474 -25.4305 0.206647
    endloop
  endfacet
  facet normal -0.528382 -0.688489 -0.496784
    outer loop
      vertex 3.70852 -25.6871 0.39124
      vertex 3.45192 -25.6533 0.617318
      vertex 3.54421 -25.561 0.39124
    endloop
  endfacet
  facet normal -0.113355 -0.860487 -0.496703
    outer loop
      vertex 4.1052 -25.9239 0.617318
      vertex 3.86608 -25.8924 0.617318
      vertex 4.1052 -25.7934 0.39124
    endloop
  endfacet
  facet normal -0.58831 -0.766806 -0.25671
    outer loop
      vertex 3.60948 -25.8586 0.869475
      vertex 3.45192 -25.6533 0.617318
      vertex 3.64326 -25.8001 0.617318
    endloop
  endfacet
  facet normal -0.958217 -0.12584 -0.256874
    outer loop
      vertex -19.0077 3.61661 0.869475
      vertex -19.0414 3.87322 0.869475
      vertex -18.9424 3.6341 0.617318
    endloop
  endfacet
  facet normal -0.37003 -0.892814 0.25683
    outer loop
      vertex 3.86608 -25.8924 17.1827
      vertex 3.60948 -25.8586 16.9305
      vertex 3.84859 -25.9577 16.9305
    endloop
  endfacet
  facet normal -0.125842 -0.958228 0.256833
    outer loop
      vertex 3.86608 -25.8924 17.1827
      vertex 3.84859 -25.9577 16.9305
      vertex 4.1052 -25.9914 16.9305
    endloop
  endfacet
  facet normal -0.688555 -0.528339 0.496738
    outer loop
      vertex 3.54421 -25.561 17.4088
      vertex 3.41814 -25.3967 17.4088
      vertex 3.45192 -25.6533 17.1827
    endloop
  endfacet
  facet normal -0.432378 -0.563394 0.704015
    outer loop
      vertex 3.67474 -25.4305 17.5934
      vertex 3.54421 -25.561 17.4088
      vertex 3.70852 -25.6871 17.4088
    endloop
  endfacet
  facet normal -0.399125 -0.30626 0.864236
    outer loop
      vertex -14.9873 -0.741445 17.7239
      vertex 3.578 -25.3044 17.5934
      vertex 3.77379 -25.1913 17.7239
    endloop
  endfacet
  facet normal -0.399204 -0.30632 0.864178
    outer loop
      vertex -15.2698 -0.741445 17.5934
      vertex 3.578 -25.3044 17.5934
      vertex -14.9873 -0.741445 17.7239
    endloop
  endfacet
  facet normal -0.100119 -0.24059 0.965449
    outer loop
      vertex 4.03994 -25.113 17.7914
      vertex 3.91386 -25.3314 17.7239
      vertex 4.07142 -25.1261 17.7914
    endloop
  endfacet
  facet normal -0.192426 -0.464895 0.864202
    outer loop
      vertex 3.91386 -25.3314 17.7239
      vertex 3.80082 -25.5272 17.5934
      vertex 4.00615 -25.3696 17.7239
    endloop
  endfacet
  facet normal -0.0658434 -0.498764 0.864233
    outer loop
      vertex 4.00615 -25.3696 17.7239
      vertex 3.94764 -25.588 17.5934
      vertex 4.1052 -25.6088 17.5934
    endloop
  endfacet
  facet normal -0.331949 -0.801958 -0.496662
    outer loop
      vertex 3.89986 -25.7663 0.39124
      vertex 3.64326 -25.8001 0.617318
      vertex 3.70852 -25.6871 0.39124
    endloop
  endfacet
  facet normal -0.192519 -0.464895 -0.864181
    outer loop
      vertex 3.94764 -25.588 0.206647
      vertex 3.80082 -25.5272 0.206647
      vertex 4.00615 -25.3696 0.0761219
    endloop
  endfacet
  facet normal -0.12584 -0.958217 -0.256874
    outer loop
      vertex 4.1052 -25.9914 0.869475
      vertex 3.84859 -25.9577 0.869475
      vertex 3.86608 -25.8924 0.617318
    endloop
  endfacet
  facet normal -0.370026 -0.892804 -0.256871
    outer loop
      vertex 3.84859 -25.9577 0.869475
      vertex 3.60948 -25.8586 0.869475
      vertex 3.86608 -25.8924 0.617318
    endloop
  endfacet
  facet normal -0.306193 -0.399223 0.864214
    outer loop
      vertex 3.91386 -25.3314 17.7239
      vertex 3.67474 -25.4305 17.5934
      vertex 3.80082 -25.5272 17.5934
    endloop
  endfacet
  facet normal -0.432143 -0.56344 0.704122
    outer loop
      vertex 3.80082 -25.5272 17.5934
      vertex 3.67474 -25.4305 17.5934
      vertex 3.70852 -25.6871 17.4088
    endloop
  endfacet
  facet normal -0.306214 -0.399186 0.864224
    outer loop
      vertex 3.8346 -25.2706 17.7239
      vertex 3.67474 -25.4305 17.5934
      vertex 3.91386 -25.3314 17.7239
    endloop
  endfacet
  facet normal -0.158658 -0.206829 0.965427
    outer loop
      vertex 4.0129 -25.0923 17.7914
      vertex 3.8346 -25.2706 17.7239
      vertex 3.91386 -25.3314 17.7239
    endloop
  endfacet
  facet normal -0.563401 -0.432312 0.70405
    outer loop
      vertex -15.2698 -0.741445 17.5934
      vertex 3.41814 -25.3967 17.4088
      vertex 3.578 -25.3044 17.5934
    endloop
  endfacet
  facet normal -0.563409 -0.432318 0.704039
    outer loop
      vertex -15.5264 -0.707662 17.4088
      vertex 3.41814 -25.3967 17.4088
      vertex -15.2698 -0.741445 17.5934
    endloop
  endfacet
  facet normal 0 0 -1
    outer loop
      vertex 3.41814 -25.3967 17.4088
      vertex -15.5264 -0.707662 17.4088
      vertex -15.5264 -0.707661 17.4088
    endloop
  endfacet
  facet normal -0.688566 -0.528355 0.496706
    outer loop
      vertex -15.7655 -0.608616 17.1827
      vertex 3.41814 -25.3967 17.4088
      vertex -15.5264 -0.707661 17.4088
    endloop
  endfacet
  facet normal 0 0 -1
    outer loop
      vertex 3.45192 -25.6533 17.1827
      vertex -15.7655 -0.608616 17.1827
      vertex -15.7655 -0.608613 17.1827
    endloop
  endfacet
  facet normal -0.688551 -0.528342 0.496742
    outer loop
      vertex -15.7655 -0.608616 17.1827
      vertex 3.45192 -25.6533 17.1827
      vertex 3.41814 -25.3967 17.4088
    endloop
  endfacet
  facet normal -0.206826 -0.158704 0.96542
    outer loop
      vertex -14.6722 -0.741445 17.7914
      vertex 3.77379 -25.1913 17.7239
      vertex 4.0129 -25.0923 17.7914
    endloop
  endfacet
  facet normal -0.206811 -0.158692 0.965425
    outer loop
      vertex 3.77379 -25.1913 17.7239
      vertex -14.6722 -0.741445 17.7914
      vertex -14.9873 -0.741445 17.7239
    endloop
  endfacet
  facet normal -0.271701 -0.656104 -0.704064
    outer loop
      vertex 3.89986 -25.7663 0.39124
      vertex 3.80082 -25.5272 0.206647
      vertex 3.94764 -25.588 0.206647
    endloop
  endfacet
  facet normal -0.0929397 -0.704018 -0.704074
    outer loop
      vertex 4.1052 -25.6088 0.206647
      vertex 3.89986 -25.7663 0.39124
      vertex 3.94764 -25.588 0.206647
    endloop
  endfacet
  facet normal -0.56344 -0.432253 0.704054
    outer loop
      vertex 3.578 -25.3044 17.5934
      vertex 3.41814 -25.3967 17.4088
      vertex 3.67474 -25.4305 17.5934
    endloop
  endfacet
  facet normal -0.399152 -0.306217 0.864239
    outer loop
      vertex 3.77379 -25.1913 17.7239
      vertex 3.578 -25.3044 17.5934
      vertex 3.67474 -25.4305 17.5934
    endloop
  endfacet
  facet normal 0 -0.499888 0.86609
    outer loop
      vertex 4.1052 -25.6088 17.5934
      vertex 29.3446 -25.3827 17.7239
      vertex 4.1052 -25.3827 17.7239
    endloop
  endfacet
  facet normal 5.39284e-06 -0.50034 0.865829
    outer loop
      vertex 29.3446 -25.3827 17.7239
      vertex 4.1052 -25.6088 17.5934
      vertex 29.3914 -25.4957 17.6586
    endloop
  endfacet
  facet normal 0 -0.499435 0.866351
    outer loop
      vertex 29.3914 -25.4957 17.6586
      vertex 4.1052 -25.6088 17.5934
      vertex 29.4781 -25.6088 17.5934
    endloop
  endfacet
  facet normal -0.0887624 0.243873 0.965737
    outer loop
      vertex 17.9509 64.6092 76.1239
      vertex 37.1 71.3116 76.1914
      vertex 37.1 71.5789 76.1239
    endloop
  endfacet
  facet normal -0.0887722 0.243901 0.965729
    outer loop
      vertex 37.1 71.3116 76.1914
      vertex 17.9509 64.6092 76.1239
      vertex 18.0162 64.3657 76.1914
    endloop
  endfacet
  facet normal -0.296471 0.814551 -0.49861
    outer loop
      vertex 12.3 62.9878 37.4912
      vertex 17.8109 65.132 37.7173
      vertex 17.8447 65.0059 37.4912
    endloop
  endfacet
  facet normal -0.296473 0.814554 -0.498604
    outer loop
      vertex 17.8109 65.132 37.7173
      vertex 12.3 62.9878 37.4912
      vertex 12.3 63.1262 37.7173
    endloop
  endfacet
  facet normal -0.330429 0.907855 0.258101
    outer loop
      vertex 37.1 72.2243 75.3305
      vertex 17.8109 65.132 75.5827
      vertex 37.1 72.1526 75.5827
    endloop
  endfacet
  facet normal -0.330475 0.907963 0.257663
    outer loop
      vertex 17.8109 65.132 75.5827
      vertex 37.1 72.2243 75.3305
      vertex 17.7934 65.1972 75.3305
    endloop
  endfacet
  facet normal -0.341999 0.9397 0
    outer loop
      vertex 17.7934 65.1972 43.95
      vertex 17.7934 65.1972 37.9695
      vertex 14.5245 64.0075 43.95
    endloop
  endfacet
  facet normal -0.341999 0.9397 0
    outer loop
      vertex 14.5245 64.0075 69.35
      vertex 17.7934 65.1972 75.3305
      vertex 17.7934 65.1972 69.35
    endloop
  endfacet
  facet normal -0.342015 0.939694 9.74439e-06
    outer loop
      vertex 17.7934 65.1972 75.3305
      vertex 14.5245 64.0075 69.35
      vertex 12.3 63.1978 75.3305
    endloop
  endfacet
  facet normal -0.34217 0.939638 -5.55771e-05
    outer loop
      vertex 14.1579 63.874 69.3116
      vertex 12.3 63.1978 75.3305
      vertex 14.5245 64.0075 69.35
    endloop
  endfacet
  facet normal -0.341942 0.939721 2.39774e-05
    outer loop
      vertex 13.8053 63.7457 69.1977
      vertex 12.3 63.1978 75.3305
      vertex 14.1579 63.874 69.3116
    endloop
  endfacet
  facet normal -0.342124 0.939655 -2.65999e-05
    outer loop
      vertex 13.4804 63.6274 69.0129
      vertex 12.3 63.1978 75.3305
      vertex 13.8053 63.7457 69.1977
    endloop
  endfacet
  facet normal -0.34187 0.939747 2.72294e-05
    outer loop
      vertex 13.1956 63.5238 68.7642
      vertex 12.3 63.1978 75.3305
      vertex 13.4804 63.6274 69.0129
    endloop
  endfacet
  facet normal -0.342164 0.93964 -1.8169e-05
    outer loop
      vertex 13.0248 63.4616 68.5428
      vertex 12.3 63.1978 75.3305
      vertex 13.1956 63.5238 68.7642
    endloop
  endfacet
  facet normal -0.342092 0.939666 -9.47084e-06
    outer loop
      vertex 12.9619 63.4387 68.4611
      vertex 12.3 63.1978 75.3305
      vertex 13.0248 63.4616 68.5428
    endloop
  endfacet
  facet normal -0.341515 0.939876 5.35305e-05
    outer loop
      vertex 12.9151 63.4217 68.368
      vertex 12.3 63.1978 75.3305
      vertex 12.9619 63.4387 68.4611
    endloop
  endfacet
  facet normal -0.342092 0.939666 -4.26005e-06
    outer loop
      vertex 12.7882 63.3755 68.1154
      vertex 12.3 63.1978 75.3305
      vertex 12.9151 63.4217 68.368
    endloop
  endfacet
  facet normal -0.341799 0.939773 1.81805e-05
    outer loop
      vertex 12.7101 63.3471 67.8413
      vertex 12.3 63.1978 75.3305
      vertex 12.7882 63.3755 68.1154
    endloop
  endfacet
  facet normal -0.34158 0.939853 3.1778e-05
    outer loop
      vertex 12.6812 63.3366 67.7402
      vertex 12.3 63.1978 75.3305
      vertex 12.7101 63.3471 67.8413
    endloop
  endfacet
  facet normal -0.345903 0.93827 -0.000214245
    outer loop
      vertex 12.6715 63.333 67.6351
      vertex 12.3 63.1978 75.3305
      vertex 12.6812 63.3366 67.7402
    endloop
  endfacet
  facet normal -0.341827 0.939763 8.75688e-06
    outer loop
      vertex 12.6451 63.3234 67.35
      vertex 12.3 63.1978 75.3305
      vertex 12.6715 63.333 67.6351
    endloop
  endfacet
  facet normal -0.342005 0.939698 0
    outer loop
      vertex 12.6451 63.3234 45.95
      vertex 12.3 63.1978 75.3305
      vertex 12.6451 63.3234 67.35
    endloop
  endfacet
  facet normal 0.880479 0.464023 0.0971563
    outer loop
      vertex 12.6812 63.3366 45.5598
      vertex 12.6451 63.3234 45.95
      vertex 12.6715 63.333 45.6649
    endloop
  endfacet
  facet normal -0.341799 0.939773 -1.81805e-05
    outer loop
      vertex 12.3 63.1978 37.9695
      vertex 12.7101 63.3471 45.4587
      vertex 12.7882 63.3755 45.1846
    endloop
  endfacet
  facet normal -0.341515 0.939876 -5.35305e-05
    outer loop
      vertex 12.3 63.1978 37.9695
      vertex 12.9151 63.4217 44.932
      vertex 12.9619 63.4387 44.8389
    endloop
  endfacet
  facet normal -0.342164 0.93964 1.8169e-05
    outer loop
      vertex 12.3 63.1978 37.9695
      vertex 13.0248 63.4616 44.7572
      vertex 13.1956 63.5238 44.5358
    endloop
  endfacet
  facet normal -0.342015 0.939694 -9.74439e-06
    outer loop
      vertex 12.3 63.1978 37.9695
      vertex 14.5245 64.0075 43.95
      vertex 17.7934 65.1972 37.9695
    endloop
  endfacet
  facet normal -0.34217 0.939638 5.55771e-05
    outer loop
      vertex 14.5245 64.0075 43.95
      vertex 12.3 63.1978 37.9695
      vertex 14.1579 63.874 43.9884
    endloop
  endfacet
  facet normal -0.341942 0.939721 -2.39774e-05
    outer loop
      vertex 14.1579 63.874 43.9884
      vertex 12.3 63.1978 37.9695
      vertex 13.8053 63.7457 44.1023
    endloop
  endfacet
  facet normal -0.342124 0.939655 2.65999e-05
    outer loop
      vertex 13.8053 63.7457 44.1023
      vertex 12.3 63.1978 37.9695
      vertex 13.4804 63.6274 44.2871
    endloop
  endfacet
  facet normal -0.34187 0.939747 -2.72294e-05
    outer loop
      vertex 13.4804 63.6274 44.2871
      vertex 12.3 63.1978 37.9695
      vertex 13.1956 63.5238 44.5358
    endloop
  endfacet
  facet normal -0.342005 0.939698 0
    outer loop
      vertex 12.6451 63.3234 45.95
      vertex 12.3 63.1978 37.9695
      vertex 12.3 63.1978 75.3305
    endloop
  endfacet
  facet normal -0.342965 0.939348 4.70169e-05
    outer loop
      vertex 12.6812 63.3366 45.5598
      vertex 12.3 63.1978 37.9695
      vertex 12.6451 63.3234 45.95
    endloop
  endfacet
  facet normal -0.34158 0.939853 -3.1778e-05
    outer loop
      vertex 12.7101 63.3471 45.4587
      vertex 12.3 63.1978 37.9695
      vertex 12.6812 63.3366 45.5598
    endloop
  endfacet
  facet normal -0.342092 0.939666 4.26005e-06
    outer loop
      vertex 12.9151 63.4217 44.932
      vertex 12.3 63.1978 37.9695
      vertex 12.7882 63.3755 45.1846
    endloop
  endfacet
  facet normal -0.342092 0.939666 9.47084e-06
    outer loop
      vertex 13.0248 63.4616 44.7572
      vertex 12.3 63.1978 37.9695
      vertex 12.9619 63.4387 44.8389
    endloop
  endfacet
  facet normal -0.342023 0.939691 -5.92886e-07
    outer loop
      vertex 37.1 72.2243 75.3305
      vertex 34.6339 71.3267 69.35
      vertex 17.7934 65.1972 75.3305
    endloop
  endfacet
  facet normal -0.341873 0.939746 -7.0727e-05
    outer loop
      vertex 37.1 72.2243 75.3305
      vertex 35.0006 71.4601 69.3116
      vertex 34.6339 71.3267 69.35
    endloop
  endfacet
  facet normal -0.342236 0.939614 7.26208e-05
    outer loop
      vertex 37.1 72.2243 75.3305
      vertex 35.3531 71.5885 69.1977
      vertex 35.0006 71.4601 69.3116
    endloop
  endfacet
  facet normal -0.3419 0.939736 -3.56514e-05
    outer loop
      vertex 37.1 72.2243 75.3305
      vertex 35.678 71.7067 69.0129
      vertex 35.3531 71.5885 69.1977
    endloop
  endfacet
  facet normal -0.342035 0.939687 -1.23922e-06
    outer loop
      vertex 37.1 72.2243 75.3305
      vertex 35.9629 71.8104 68.7642
      vertex 35.678 71.7067 69.0129
    endloop
  endfacet
  facet normal -0.342092 0.939667 9.80674e-06
    outer loop
      vertex 37.1 72.2243 75.3305
      vertex 36.0258 71.8333 68.6825
      vertex 35.9629 71.8104 68.7642
    endloop
  endfacet
  facet normal -0.342159 0.939642 2.21961e-05
    outer loop
      vertex 37.1 72.2243 75.3305
      vertex 36.1966 71.8955 68.4611
      vertex 36.0258 71.8333 68.6825
    endloop
  endfacet
  facet normal -0.341751 0.93979 -3.85581e-05
    outer loop
      vertex 37.1 72.2243 75.3305
      vertex 36.3234 71.9416 68.2085
      vertex 36.1966 71.8955 68.4611
    endloop
  endfacet
  facet normal -0.342992 0.939338 0.000114635
    outer loop
      vertex 37.1 72.2243 75.3305
      vertex 36.3702 71.9587 68.1154
      vertex 36.3234 71.9416 68.2085
    endloop
  endfacet
  facet normal -0.339491 0.940609 -0.000286282
    outer loop
      vertex 37.1 72.2243 75.3305
      vertex 36.3991 71.9691 68.0143
      vertex 36.3702 71.9587 68.1154
    endloop
  endfacet
  facet normal -0.342635 0.939468 5.47922e-05
    outer loop
      vertex 37.1 72.2243 75.3305
      vertex 36.4772 71.9976 67.7402
      vertex 36.3991 71.9691 68.0143
    endloop
  endfacet
  facet normal -0.341885 0.939742 -1.49187e-05
    outer loop
      vertex 37.1 72.2243 75.3305
      vertex 36.5036 72.0072 67.4551
      vertex 36.4772 71.9976 67.7402
    endloop
  endfacet
  facet normal -0.340603 0.940207 -0.000124867
    outer loop
      vertex 37.1 72.2243 75.3305
      vertex 36.5133 72.0107 67.35
      vertex 36.5036 72.0072 67.4551
    endloop
  endfacet
  facet normal -0.342103 0.939662 0
    outer loop
      vertex 37.1 72.2243 75.3305
      vertex 36.5133 72.0107 45.95
      vertex 36.5133 72.0107 67.35
    endloop
  endfacet
  facet normal 0.770267 -0.635765 -0.0499183
    outer loop
      vertex 36.5133 72.0107 45.95
      vertex 36.4772 71.9976 45.5598
      vertex 36.5036 72.0072 45.8449
    endloop
  endfacet
  facet normal -0.342635 0.939468 -5.47922e-05
    outer loop
      vertex 37.1 72.2243 37.9695
      vertex 36.3991 71.9691 45.2857
      vertex 36.4772 71.9976 45.5598
    endloop
  endfacet
  facet normal -0.342103 0.939662 0
    outer loop
      vertex 37.1 72.2243 37.9695
      vertex 36.5133 72.0107 45.95
      vertex 37.1 72.2243 75.3305
    endloop
  endfacet
  facet normal -0.341553 0.939862 4.5791e-05
    outer loop
      vertex 37.1 72.2243 37.9695
      vertex 36.4772 71.9976 45.5598
      vertex 36.5133 72.0107 45.95
    endloop
  endfacet
  facet normal -0.339491 0.940609 0.000286282
    outer loop
      vertex 36.3991 71.9691 45.2857
      vertex 37.1 72.2243 37.9695
      vertex 36.3702 71.9587 45.1846
    endloop
  endfacet
  facet normal -0.342992 0.939338 -0.000114635
    outer loop
      vertex 37.1 72.2243 37.9695
      vertex 36.3234 71.9416 45.0915
      vertex 36.3702 71.9587 45.1846
    endloop
  endfacet
  facet normal -0.341751 0.93979 3.85581e-05
    outer loop
      vertex 37.1 72.2243 37.9695
      vertex 36.1966 71.8955 44.8389
      vertex 36.3234 71.9416 45.0915
    endloop
  endfacet
  facet normal -0.342159 0.939642 -2.21946e-05
    outer loop
      vertex 37.1 72.2243 37.9695
      vertex 36.0258 71.8333 44.6174
      vertex 36.1966 71.8955 44.8389
    endloop
  endfacet
  facet normal -0.342092 0.939667 -9.80895e-06
    outer loop
      vertex 37.1 72.2243 37.9695
      vertex 35.9629 71.8104 44.5358
      vertex 36.0258 71.8333 44.6174
    endloop
  endfacet
  facet normal -0.342035 0.939687 1.23922e-06
    outer loop
      vertex 37.1 72.2243 37.9695
      vertex 35.678 71.7067 44.2871
      vertex 35.9629 71.8104 44.5358
    endloop
  endfacet
  facet normal -0.3419 0.939736 3.56514e-05
    outer loop
      vertex 37.1 72.2243 37.9695
      vertex 35.3531 71.5885 44.1023
      vertex 35.678 71.7067 44.2871
    endloop
  endfacet
  facet normal -0.342236 0.939614 -7.26208e-05
    outer loop
      vertex 37.1 72.2243 37.9695
      vertex 35.0006 71.4601 43.9884
      vertex 35.3531 71.5885 44.1023
    endloop
  endfacet
  facet normal -0.341873 0.939746 7.0727e-05
    outer loop
      vertex 37.1 72.2243 37.9695
      vertex 34.6339 71.3267 43.95
      vertex 35.0006 71.4601 43.9884
    endloop
  endfacet
  facet normal -0.342023 0.939691 5.92886e-07
    outer loop
      vertex 17.7934 65.1972 37.9695
      vertex 34.6339 71.3267 43.95
      vertex 37.1 72.2243 37.9695
    endloop
  endfacet
  facet normal -0.342023 0.939692 0
    outer loop
      vertex 34.6339 71.3267 43.95
      vertex 17.7934 65.1972 37.9695
      vertex 17.7934 65.1972 43.95
    endloop
  endfacet
  facet normal -0.342023 0.939692 0
    outer loop
      vertex 17.7934 65.1972 75.3305
      vertex 34.6339 71.3267 69.35
      vertex 17.7934 65.1972 69.35
    endloop
  endfacet
  facet normal -0.0887742 0.2439 0.965729
    outer loop
      vertex 12.3 62.5524 76.1239
      vertex 18.0162 64.3657 76.1914
      vertex 17.9509 64.6092 76.1239
    endloop
  endfacet
  facet normal -0.0887656 0.243873 0.965736
    outer loop
      vertex 18.0162 64.3657 76.1914
      vertex 12.3 62.5524 76.1239
      vertex 12.3 62.2851 76.1914
    endloop
  endfacet
  facet normal -0.242328 0.665794 0.705688
    outer loop
      vertex 12.3 62.9878 75.8088
      vertex 17.8924 64.8276 75.9934
      vertex 17.8447 65.0059 75.8088
    endloop
  endfacet
  facet normal -0.242309 0.665727 0.705757
    outer loop
      vertex 17.8924 64.8276 75.9934
      vertex 12.3 62.9878 75.8088
      vertex 12.3 62.7921 75.9934
    endloop
  endfacet
  facet normal -0.242307 0.665728 0.705758
    outer loop
      vertex 17.8447 65.0059 75.8088
      vertex 37.1 71.8186 75.9934
      vertex 37.1 72.0143 75.8088
    endloop
  endfacet
  facet normal -0.242329 0.665793 0.705688
    outer loop
      vertex 37.1 71.8186 75.9934
      vertex 17.8447 65.0059 75.8088
      vertex 17.8924 64.8276 75.9934
    endloop
  endfacet
  facet normal -0.171458 0.471078 0.865267
    outer loop
      vertex 17.8924 64.8276 75.9934
      vertex 37.1 71.5789 76.1239
      vertex 37.1 71.8186 75.9934
    endloop
  endfacet
  facet normal -0.171462 0.471089 0.86526
    outer loop
      vertex 37.1 71.5789 76.1239
      vertex 17.8924 64.8276 75.9934
      vertex 17.9509 64.6092 76.1239
    endloop
  endfacet
  facet normal -0.330429 0.907855 -0.258101
    outer loop
      vertex 17.8109 65.132 37.7173
      vertex 37.1 72.2243 37.9695
      vertex 37.1 72.1526 37.7173
    endloop
  endfacet
  facet normal -0.330475 0.907963 -0.257663
    outer loop
      vertex 37.1 72.2243 37.9695
      vertex 17.8109 65.132 37.7173
      vertex 17.7934 65.1972 37.9695
    endloop
  endfacet
  facet normal -0.296528 0.8147 -0.498332
    outer loop
      vertex 17.8447 65.0059 37.4912
      vertex 37.1 72.1526 37.7173
      vertex 37.1 72.0143 37.4912
    endloop
  endfacet
  facet normal -0.29647 0.814551 -0.49861
    outer loop
      vertex 37.1 72.1526 37.7173
      vertex 17.8447 65.0059 37.4912
      vertex 17.8109 65.132 37.7173
    endloop
  endfacet
  facet normal -0.171462 0.471078 -0.865267
    outer loop
      vertex 12.3 62.7921 37.3066
      vertex 17.9509 64.6092 37.1761
      vertex 12.3 62.5524 37.1761
    endloop
  endfacet
  facet normal -0.171465 0.471089 -0.86526
    outer loop
      vertex 17.9509 64.6092 37.1761
      vertex 12.3 62.7921 37.3066
      vertex 17.8924 64.8276 37.3066
    endloop
  endfacet
  facet normal -0.242329 0.665793 -0.705688
    outer loop
      vertex 17.8447 65.0059 37.4912
      vertex 37.1 71.8186 37.3066
      vertex 17.8924 64.8276 37.3066
    endloop
  endfacet
  facet normal -0.242307 0.665728 -0.705758
    outer loop
      vertex 37.1 71.8186 37.3066
      vertex 17.8447 65.0059 37.4912
      vertex 37.1 72.0143 37.4912
    endloop
  endfacet
  facet normal -0.0887656 0.243873 -0.965736
    outer loop
      vertex 12.3 62.5524 37.1761
      vertex 18.0162 64.3657 37.1086
      vertex 12.3 62.2851 37.1086
    endloop
  endfacet
  facet normal -0.0887742 0.2439 -0.965729
    outer loop
      vertex 18.0162 64.3657 37.1086
      vertex 12.3 62.5524 37.1761
      vertex 17.9509 64.6092 37.1761
    endloop
  endfacet
  facet normal -0.330471 0.907964 -0.257663
    outer loop
      vertex 12.3 63.1262 37.7173
      vertex 17.7934 65.1972 37.9695
      vertex 17.8109 65.132 37.7173
    endloop
  endfacet
  facet normal -0.330457 0.90794 -0.257766
    outer loop
      vertex 17.7934 65.1972 37.9695
      vertex 12.3 63.1262 37.7173
      vertex 12.3 63.1978 37.9695
    endloop
  endfacet
  facet normal -0.171465 0.471089 0.86526
    outer loop
      vertex 12.3 62.7921 75.9934
      vertex 17.9509 64.6092 76.1239
      vertex 17.8924 64.8276 75.9934
    endloop
  endfacet
  facet normal -0.171462 0.471078 0.865267
    outer loop
      vertex 17.9509 64.6092 76.1239
      vertex 12.3 62.7921 75.9934
      vertex 12.3 62.5524 76.1239
    endloop
  endfacet
  facet normal -0.258545 0 0.965999
    outer loop
      vertex 11.6673 43.5559 76.1239
      vertex 11.9195 43.8786 76.1914
      vertex 11.6673 43.8669 76.1239
    endloop
  endfacet
  facet normal -0.258545 0 0.965999
    outer loop
      vertex 11.9195 43.8786 76.1914
      vertex 11.6673 43.5559 76.1239
      vertex 11.9195 43.3037 76.1914
    endloop
  endfacet
  facet normal -0.330471 0.907964 0.257663
    outer loop
      vertex 17.7934 65.1972 75.3305
      vertex 12.3 63.1262 75.5827
      vertex 17.8109 65.132 75.5827
    endloop
  endfacet
  facet normal -0.330457 0.90794 0.257766
    outer loop
      vertex 12.3 63.1262 75.5827
      vertex 17.7934 65.1972 75.3305
      vertex 12.3 63.1978 75.3305
    endloop
  endfacet
  facet normal -0.296471 0.814551 0.49861
    outer loop
      vertex 17.8109 65.132 75.5827
      vertex 12.3 62.9878 75.8088
      vertex 17.8447 65.0059 75.8088
    endloop
  endfacet
  facet normal -0.296473 0.814554 0.498604
    outer loop
      vertex 12.3 62.9878 75.8088
      vertex 17.8109 65.132 75.5827
      vertex 12.3 63.1262 75.5827
    endloop
  endfacet
  facet normal -0.296528 0.8147 0.498332
    outer loop
      vertex 37.1 72.1526 75.5827
      vertex 17.8447 65.0059 75.8088
      vertex 37.1 72.0143 75.8088
    endloop
  endfacet
  facet normal -0.29647 0.814551 0.49861
    outer loop
      vertex 17.8447 65.0059 75.8088
      vertex 37.1 72.1526 75.5827
      vertex 17.8109 65.132 75.5827
    endloop
  endfacet
  facet normal -0.242309 0.665727 -0.705757
    outer loop
      vertex 12.3 62.9878 37.4912
      vertex 17.8924 64.8276 37.3066
      vertex 12.3 62.7921 37.3066
    endloop
  endfacet
  facet normal -0.242328 0.665794 -0.705688
    outer loop
      vertex 17.8924 64.8276 37.3066
      vertex 12.3 62.9878 37.4912
      vertex 17.8447 65.0059 37.4912
    endloop
  endfacet
  facet normal -0.171462 0.471089 -0.86526
    outer loop
      vertex 17.8924 64.8276 37.3066
      vertex 37.1 71.5789 37.1761
      vertex 17.9509 64.6092 37.1761
    endloop
  endfacet
  facet normal -0.171458 0.471078 -0.865267
    outer loop
      vertex 37.1 71.5789 37.1761
      vertex 17.8924 64.8276 37.3066
      vertex 37.1 71.8186 37.3066
    endloop
  endfacet
  facet normal -0.0887722 0.243901 -0.965729
    outer loop
      vertex 17.9509 64.6092 37.1761
      vertex 37.1 71.3116 37.1086
      vertex 18.0162 64.3657 37.1086
    endloop
  endfacet
  facet normal -0.0887624 0.243873 -0.965737
    outer loop
      vertex 37.1 71.3116 37.1086
      vertex 17.9509 64.6092 37.1761
      vertex 37.1 71.5789 37.1761
    endloop
  endfacet
  facet normal 0 0 -1
    outer loop
      vertex 37.1 60.3481 37.1086
      vertex 18.0162 64.3657 37.1086
      vertex 37.1 71.3116 37.1086
    endloop
  endfacet
  facet normal 0 0 -1
    outer loop
      vertex 12.3 60.3481 37.1086
      vertex 18.0162 64.3657 37.1086
      vertex 37.1 60.3481 37.1086
    endloop
  endfacet
  facet normal 0 0 -1
    outer loop
      vertex 18.0162 64.3657 37.1086
      vertex 12.3 60.3481 37.1086
      vertex 12.3 62.2851 37.1086
    endloop
  endfacet
  facet normal -0.499888 0 0.86609
    outer loop
      vertex 11.4412 43.782 75.9934
      vertex 11.6673 43.8669 76.1239
      vertex 11.4412 43.8443 75.9934
    endloop
  endfacet
  facet normal -0.499888 0 0.86609
    outer loop
      vertex 11.6673 43.8669 76.1239
      vertex 11.4412 43.782 75.9934
      vertex 11.6673 43.5559 76.1239
    endloop
  endfacet
  facet normal -0.707772 0 0.706441
    outer loop
      vertex 11.4412 43.8443 75.9934
      vertex 11.3881 43.8352 75.9402
      vertex 11.4412 43.782 75.9934
    endloop
  endfacet
  facet normal -0.126236 -0.958272 -0.256476
    outer loop
      vertex 4.1052 -25.9914 59.2695
      vertex 3.86608 -25.8924 59.0173
      vertex 4.1052 -25.9239 59.0173
    endloop
  endfacet
  facet normal 0 -0.707107 -0.707107
    outer loop
      vertex 4.1052 -25.7934 58.7912
      vertex 29.5489 -25.7011 58.6989
      vertex 29.6692 -25.7934 58.7912
    endloop
  endfacet
  facet normal -9.89647e-17 -0.707107 -0.707107
    outer loop
      vertex 4.1052 -25.7934 58.7912
      vertex 29.4781 -25.6088 58.6066
      vertex 29.5489 -25.7011 58.6989
    endloop
  endfacet
  facet normal -0 -0.707107 -0.707107
    outer loop
      vertex 29.4781 -25.6088 58.6066
      vertex 4.1052 -25.7934 58.7912
      vertex 4.1052 -25.6088 58.6066
    endloop
  endfacet
  facet normal -0.793354 -0.608761 0
    outer loop
      vertex -16.1284 -0.245722 59.2695
      vertex -3.15799 -17.1491 67.8333
      vertex -16.1284 -0.245722 75.3305
    endloop
  endfacet
  facet normal -0.793416 -0.608679 0.000257444
    outer loop
      vertex -16.1284 -0.245722 59.2695
      vertex -3.15374 -17.1547 67.6912
      vertex -3.15799 -17.1491 67.8333
    endloop
  endfacet
  facet normal -0.793305 -0.608825 -0.000206508
    outer loop
      vertex -16.1284 -0.245722 59.2695
      vertex -3.14654 -17.164 67.4504
      vertex -3.15374 -17.1547 67.6912
    endloop
  endfacet
  facet normal -0.793369 -0.608741 6.89324e-05
    outer loop
      vertex -16.1284 -0.245722 59.2695
      vertex -3.125 -17.1921 67.2119
      vertex -3.14654 -17.164 67.4504
    endloop
  endfacet
  facet normal -0.793387 -0.608718 0.000147558
    outer loop
      vertex -16.1284 -0.245722 59.2695
      vertex -3.11229 -17.2087 67.0712
      vertex -3.125 -17.1921 67.2119
    endloop
  endfacet
  facet normal -0.793336 -0.608784 -8.06309e-05
    outer loop
      vertex -16.1284 -0.245722 59.2695
      vertex -3.09125 -17.2361 66.9332
      vertex -3.11229 -17.2087 67.0712
    endloop
  endfacet
  facet normal -0.793368 -0.608742 6.42321e-05
    outer loop
      vertex -16.1284 -0.245722 59.2695
      vertex -3.05559 -17.2826 66.6993
      vertex -3.09125 -17.2361 66.9332
    endloop
  endfacet
  facet normal -0.79333 -0.608791 -0.000114291
    outer loop
      vertex -16.1284 -0.245722 59.2695
      vertex -3.02641 -17.3206 66.5654
      vertex -3.05559 -17.2826 66.6993
    endloop
  endfacet
  facet normal -0.793332 -0.608789 -0.000106711
    outer loop
      vertex -16.1284 -0.245722 59.2695
      vertex -2.97696 -17.385 66.3384
      vertex -3.02641 -17.3206 66.5654
    endloop
  endfacet
  facet normal -0.793364 -0.608747 5.48139e-05
    outer loop
      vertex -16.1284 -0.245722 59.2695
      vertex -2.91421 -17.4668 66.1204
      vertex -2.97696 -17.385 66.3384
    endloop
  endfacet
  facet normal -0.793386 -0.608718 0.000171067
    outer loop
      vertex -16.1284 -0.245722 59.2695
      vertex -2.87718 -17.5151 65.9918
      vertex -2.91421 -17.4668 66.1204
    endloop
  endfacet
  facet normal -0.793335 -0.608786 -0.000103539
    outer loop
      vertex -16.1284 -0.245722 59.2695
      vertex -2.80172 -17.6134 65.785
      vertex -2.87718 -17.5151 65.9918
    endloop
  endfacet
  facet normal -0.793338 -0.608781 -8.31179e-05
    outer loop
      vertex -16.1284 -0.245722 59.2695
      vertex -2.7572 -17.6714 65.663
      vertex -2.80172 -17.6134 65.785
    endloop
  endfacet
  facet normal -0.793374 -0.608734 0.000118984
    outer loop
      vertex -16.1284 -0.245722 59.2695
      vertex -2.66976 -17.7854 65.4693
      vertex -2.7572 -17.6714 65.663
    endloop
  endfacet
  facet normal -0.793329 -0.608794 -0.000147886
    outer loop
      vertex -16.1284 -0.245722 59.2695
      vertex -2.61817 -17.8526 65.355
      vertex -2.66976 -17.7854 65.4693
    endloop
  endfacet
  facet normal -0.793367 -0.608744 8.06288e-05
    outer loop
      vertex -16.1284 -0.245722 59.2695
      vertex -2.56002 -17.9284 65.2496
      vertex -2.61817 -17.8526 65.355
    endloop
  endfacet
  facet normal -0.793366 -0.608745 7.64626e-05
    outer loop
      vertex -16.1284 -0.245722 59.2695
      vertex -2.46144 -18.0569 65.071
      vertex -2.56002 -17.9284 65.2496
    endloop
  endfacet
  facet normal -0.793342 -0.608776 -7.65094e-05
    outer loop
      vertex -16.1284 -0.245722 59.2695
      vertex -2.35269 -18.1986 64.9091
      vertex -2.46144 -18.0569 65.071
    endloop
  endfacet
  facet normal -0.793332 -0.608789 -0.000140271
    outer loop
      vertex -16.1284 -0.245722 59.2695
      vertex -2.28852 -18.2822 64.8135
      vertex -2.35269 -18.1986 64.9091
    endloop
  endfacet
  facet normal -0.793392 -0.608712 0.000257768
    outer loop
      vertex -16.1284 -0.245722 59.2695
      vertex -2.21896 -18.3729 64.7288
      vertex -2.28852 -18.2822 64.8135
    endloop
  endfacet
  facet normal -0.793336 -0.608783 -0.000120565
    outer loop
      vertex -16.1284 -0.245722 59.2695
      vertex -2.10107 -18.5265 64.5852
      vertex -2.21896 -18.3729 64.7288
    endloop
  endfacet
  facet normal -0.79335 -0.608765 -2.16871e-05
    outer loop
      vertex -16.1284 -0.245722 59.2695
      vertex -2.02679 -18.6233 64.512
      vertex -2.10107 -18.5265 64.5852
    endloop
  endfacet
  facet normal -0.793365 -0.608746 8.52548e-05
    outer loop
      vertex -16.1284 -0.245722 59.2695
      vertex -1.90089 -18.7874 64.3881
      vertex -2.02679 -18.6233 64.512
    endloop
  endfacet
  facet normal -0.793327 -0.608796 -0.000202718
    outer loop
      vertex -16.1284 -0.245722 59.2695
      vertex -1.8226 -18.8894 64.3272
      vertex -1.90089 -18.7874 64.3881
    endloop
  endfacet
  facet normal -0.7934 -0.6087 0.00035769
    outer loop
      vertex -16.1284 -0.245722 59.2695
      vertex -1.68992 -19.0624 64.2242
      vertex -1.8226 -18.8894 64.3272
    endloop
  endfacet
  facet normal -0.793343 -0.608775 -9.26339e-05
    outer loop
      vertex -16.1284 -0.245722 59.2695
      vertex -1.55171 -19.2425 64.1429
      vertex -1.68992 -19.0624 64.2242
    endloop
  endfacet
  facet normal -0.793302 -0.608828 -0.000423927
    outer loop
      vertex -16.1284 -0.245722 59.2695
      vertex -1.47018 -19.3487 64.095
      vertex -1.55171 -19.2425 64.1429
    endloop
  endfacet
  facet normal -0.793353 -0.608761 -5.48059e-07
    outer loop
      vertex 3.24658 -25.4957 59.2695
      vertex -1.47018 -19.3487 64.095
      vertex -16.1284 -0.245722 59.2695
    endloop
  endfacet
  facet normal -0.793443 -0.608645 -0.000236116
    outer loop
      vertex -1.47018 -19.3487 64.095
      vertex 3.24658 -25.4957 59.2695
      vertex -1.32779 -19.5343 64.0364
    endloop
  endfacet
  facet normal -0.793483 -0.608592 -0.000340954
    outer loop
      vertex -1.32779 -19.5343 64.0364
      vertex 3.24658 -25.4957 59.2695
      vertex -1.24379 -19.6438 64.0019
    endloop
  endfacet
  facet normal -0.793237 -0.608913 0.000290184
    outer loop
      vertex -1.24379 -19.6438 64.0019
      vertex 3.24658 -25.4957 59.2695
      vertex -1.15813 -19.7554 63.981
    endloop
  endfacet
  facet normal -0.793323 -0.608801 7.26511e-05
    outer loop
      vertex -1.15813 -19.7554 63.981
      vertex 3.24658 -25.4957 59.2695
      vertex -1.01294 -19.9446 63.9456
    endloop
  endfacet
  facet normal -0.793412 -0.608685 -0.000146641
    outer loop
      vertex -1.01294 -19.9446 63.9456
      vertex 3.24658 -25.4957 59.2695
      vertex -0.866331 -20.1357 63.9338
    endloop
  endfacet
  facet normal -0.79329 -0.608843 0.000143221
    outer loop
      vertex -0.866331 -20.1357 63.9338
      vertex 3.24658 -25.4957 59.2695
      vertex -0.779836 -20.2484 63.9268
    endloop
  endfacet
  facet normal -0.793298 -0.608833 0.000124488
    outer loop
      vertex -0.779836 -20.2484 63.9268
      vertex 3.24658 -25.4957 59.2695
      vertex -0.693341 -20.3611 63.9338
    endloop
  endfacet
  facet normal -0.793414 -0.608683 -0.000138361
    outer loop
      vertex -0.693341 -20.3611 63.9338
      vertex 3.24658 -25.4957 59.2695
      vertex -0.546737 -20.5522 63.9456
    endloop
  endfacet
  facet normal -0.793328 -0.608794 4.94233e-05
    outer loop
      vertex -0.546737 -20.5522 63.9456
      vertex 3.24658 -25.4957 59.2695
      vertex -0.401544 -20.7414 63.981
    endloop
  endfacet
  facet normal -0.793231 -0.608921 0.000221617
    outer loop
      vertex 3.24658 -25.4957 59.2695
      vertex -0.00795787 -21.2543 64.1429
      vertex -0.0894954 -21.1481 64.095
    endloop
  endfacet
  facet normal -0.793441 -0.608647 -0.000147099
    outer loop
      vertex 3.24658 -25.4957 59.2695
      vertex 0.262932 -21.6074 64.3272
      vertex 0.130243 -21.4344 64.2242
    endloop
  endfacet
  facet normal -0.793571 -0.608477 -0.000186197
    outer loop
      vertex 3.24658 -25.4957 59.2695
      vertex 1.24205 -22.8834 65.785
      vertex 1.19753 -22.8253 65.663
    endloop
  endfacet
  facet normal -0.793519 -0.608545 -0.000129563
    outer loop
      vertex 3.24658 -25.4957 59.2695
      vertex 1.35453 -23.03 66.1204
      vertex 1.31751 -22.9817 65.9918
    endloop
  endfacet
  facet normal -0.793471 -0.608609 -7.98992e-05
    outer loop
      vertex 3.24658 -25.4957 59.2695
      vertex 1.46674 -23.1762 66.5654
      vertex 1.41729 -23.1117 66.3384
    endloop
  endfacet
  facet normal -0.79354 -0.608518 -0.000110237
    outer loop
      vertex 3.24658 -25.4957 59.2695
      vertex 1.56533 -23.3047 67.2119
      vertex 1.55262 -23.2881 67.0712
    endloop
  endfacet
  facet normal -0.793784 -0.6082 -0.000227571
    outer loop
      vertex 1.59407 -23.3421 67.6912
      vertex 3.24658 -25.4957 59.2695
      vertex 1.59832 -23.3477 67.8333
    endloop
  endfacet
  facet normal -0.79337 -0.60874 -8.14671e-06
    outer loop
      vertex 1.58686 -23.3327 67.4504
      vertex 3.24658 -25.4957 59.2695
      vertex 1.59407 -23.3421 67.6912
    endloop
  endfacet
  facet normal -0.793166 -0.609006 0.000103524
    outer loop
      vertex 1.56533 -23.3047 67.2119
      vertex 3.24658 -25.4957 59.2695
      vertex 1.58686 -23.3327 67.4504
    endloop
  endfacet
  facet normal -0.793265 -0.608877 5.11077e-05
    outer loop
      vertex 1.53158 -23.2607 66.9332
      vertex 3.24658 -25.4957 59.2695
      vertex 1.55262 -23.2881 67.0712
    endloop
  endfacet
  facet normal -0.793387 -0.608718 -2.26069e-05
    outer loop
      vertex 1.49591 -23.2142 66.6993
      vertex 3.24658 -25.4957 59.2695
      vertex 1.53158 -23.2607 66.9332
    endloop
  endfacet
  facet normal -0.793296 -0.608836 3.49464e-05
    outer loop
      vertex 1.46674 -23.1762 66.5654
      vertex 3.24658 -25.4957 59.2695
      vertex 1.49591 -23.2142 66.6993
    endloop
  endfacet
  facet normal -0.793183 -0.608983 0.000120612
    outer loop
      vertex 1.35453 -23.03 66.1204
      vertex 3.24658 -25.4957 59.2695
      vertex 1.41729 -23.1117 66.3384
    endloop
  endfacet
  facet normal -0.793283 -0.608853 5.29836e-05
    outer loop
      vertex 1.24205 -22.8834 65.785
      vertex 3.24658 -25.4957 59.2695
      vertex 1.31751 -22.9817 65.9918
    endloop
  endfacet
  facet normal -0.793273 -0.608866 7.19603e-05
    outer loop
      vertex 1.11009 -22.7114 65.4693
      vertex 3.24658 -25.4957 59.2695
      vertex 1.19753 -22.8253 65.663
    endloop
  endfacet
  facet normal -0.793269 -0.608871 7.54644e-05
    outer loop
      vertex 1.0585 -22.6442 65.355
      vertex 3.24658 -25.4957 59.2695
      vertex 1.11009 -22.7114 65.4693
    endloop
  endfacet
  facet normal -0.793361 -0.608751 -1.37713e-05
    outer loop
      vertex 1.00034 -22.5684 65.2496
      vertex 3.24658 -25.4957 59.2695
      vertex 1.0585 -22.6442 65.355
    endloop
  endfacet
  facet normal -0.793409 -0.608689 -6.194e-05
    outer loop
      vertex 0.901771 -22.4399 65.071
      vertex 3.24658 -25.4957 59.2695
      vertex 1.00034 -22.5684 65.2496
    endloop
  endfacet
  facet normal -0.793308 -0.608821 4.83195e-05
    outer loop
      vertex 0.793014 -22.2982 64.9091
      vertex 3.24658 -25.4957 59.2695
      vertex 0.901771 -22.4399 65.071
    endloop
  endfacet
  facet normal -0.793516 -0.608549 -0.000196604
    outer loop
      vertex 0.728848 -22.2145 64.8135
      vertex 3.24658 -25.4957 59.2695
      vertex 0.793014 -22.2982 64.9091
    endloop
  endfacet
  facet normal -0.79325 -0.608896 0.000129317
    outer loop
      vertex 0.65929 -22.1239 64.7288
      vertex 3.24658 -25.4957 59.2695
      vertex 0.728848 -22.2145 64.8135
    endloop
  endfacet
  facet normal -0.793298 -0.608834 6.83635e-05
    outer loop
      vertex 0.541394 -21.9703 64.5852
      vertex 3.24658 -25.4957 59.2695
      vertex 0.65929 -22.1239 64.7288
    endloop
  endfacet
  facet normal -0.793549 -0.608506 -0.000276443
    outer loop
      vertex 0.467115 -21.8734 64.512
      vertex 3.24658 -25.4957 59.2695
      vertex 0.541394 -21.9703 64.5852
    endloop
  endfacet
  facet normal -0.793268 -0.608873 0.000126131
    outer loop
      vertex 0.341217 -21.7094 64.3881
      vertex 3.24658 -25.4957 59.2695
      vertex 0.467115 -21.8734 64.512
    endloop
  endfacet
  facet normal -0.793306 -0.608823 6.6895e-05
    outer loop
      vertex 0.262932 -21.6074 64.3272
      vertex 3.24658 -25.4957 59.2695
      vertex 0.341217 -21.7094 64.3881
    endloop
  endfacet
  facet normal -0.793345 -0.608772 1.48605e-05
    outer loop
      vertex -0.00795787 -21.2543 64.1429
      vertex 3.24658 -25.4957 59.2695
      vertex 0.130243 -21.4344 64.2242
    endloop
  endfacet
  facet normal -0.793406 -0.608693 -0.000105524
    outer loop
      vertex -0.231878 -20.9625 64.0364
      vertex 3.24658 -25.4957 59.2695
      vertex -0.0894954 -21.1481 64.095
    endloop
  endfacet
  facet normal -0.793402 -0.608697 -9.84991e-05
    outer loop
      vertex -0.315882 -20.853 64.0019
      vertex 3.24658 -25.4957 59.2695
      vertex -0.231878 -20.9625 64.0364
    endloop
  endfacet
  facet normal -0.793271 -0.608868 0.000167758
    outer loop
      vertex -0.401544 -20.7414 63.981
      vertex 3.24658 -25.4957 59.2695
      vertex -0.315882 -20.853 64.0019
    endloop
  endfacet
  facet normal -0.793409 -0.608689 -0.00025807
    outer loop
      vertex -3.15374 -17.1547 67.9754
      vertex -16.1284 -0.245722 75.3305
      vertex -3.15799 -17.1491 67.8333
    endloop
  endfacet
  facet normal -0.793311 -0.608816 0.000207005
    outer loop
      vertex -3.14654 -17.164 68.2162
      vertex -16.1284 -0.245722 75.3305
      vertex -3.15374 -17.1547 67.9754
    endloop
  endfacet
  facet normal -0.793367 -0.608743 -6.94201e-05
    outer loop
      vertex -3.125 -17.1921 68.4547
      vertex -16.1284 -0.245722 75.3305
      vertex -3.14654 -17.164 68.2162
    endloop
  endfacet
  facet normal -0.793383 -0.608723 -0.000148502
    outer loop
      vertex -3.11229 -17.2087 68.5955
      vertex -16.1284 -0.245722 75.3305
      vertex -3.125 -17.1921 68.4547
    endloop
  endfacet
  facet normal -0.793339 -0.608781 8.15643e-05
    outer loop
      vertex -3.09125 -17.2361 68.7335
      vertex -16.1284 -0.245722 75.3305
      vertex -3.11229 -17.2087 68.5955
    endloop
  endfacet
  facet normal -0.793366 -0.608745 -6.5002e-05
    outer loop
      vertex -3.05559 -17.2826 68.9673
      vertex -16.1284 -0.245722 75.3305
      vertex -3.09125 -17.2361 68.7335
    endloop
  endfacet
  facet normal -0.793333 -0.608787 0.000116049
    outer loop
      vertex -3.02641 -17.3206 69.1013
      vertex -16.1284 -0.245722 75.3305
      vertex -3.05559 -17.2826 68.9673
    endloop
  endfacet
  facet normal -0.793335 -0.608786 0.000108425
    outer loop
      vertex -2.97696 -17.385 69.3283
      vertex -16.1284 -0.245722 75.3305
      vertex -3.02641 -17.3206 69.1013
    endloop
  endfacet
  facet normal -0.793363 -0.608749 -5.59452e-05
    outer loop
      vertex -2.91421 -17.4668 69.5463
      vertex -16.1284 -0.245722 75.3305
      vertex -2.97696 -17.385 69.3283
    endloop
  endfacet
  facet normal -0.793382 -0.608724 -0.0001746
    outer loop
      vertex -2.87718 -17.5151 69.6749
      vertex -16.1284 -0.245722 75.3305
      vertex -2.91421 -17.4668 69.5463
    endloop
  endfacet
  facet normal -0.793337 -0.608782 0.00010617
    outer loop
      vertex -2.80172 -17.6134 69.8817
      vertex -16.1284 -0.245722 75.3305
      vertex -2.87718 -17.5151 69.6749
    endloop
  endfacet
  facet normal -0.793341 -0.608778 8.52301e-05
    outer loop
      vertex -2.7572 -17.6714 70.0037
      vertex -16.1284 -0.245722 75.3305
      vertex -2.80172 -17.6134 69.8817
    endloop
  endfacet
  facet normal -0.793371 -0.608738 -0.000122616
    outer loop
      vertex -2.66976 -17.7854 70.1974
      vertex -16.1284 -0.245722 75.3305
      vertex -2.7572 -17.6714 70.0037
    endloop
  endfacet
  facet normal -0.793332 -0.608789 0.000152512
    outer loop
      vertex -2.61817 -17.8526 70.3116
      vertex -16.1284 -0.245722 75.3305
      vertex -2.66976 -17.7854 70.1974
    endloop
  endfacet
  facet normal -0.793365 -0.608746 -8.35437e-05
    outer loop
      vertex -2.56002 -17.9284 70.417
      vertex -16.1284 -0.245722 75.3305
      vertex -2.61817 -17.8526 70.3116
    endloop
  endfacet
  facet normal -0.793364 -0.608747 -7.9191e-05
    outer loop
      vertex -2.46144 -18.0569 70.5957
      vertex -16.1284 -0.245722 75.3305
      vertex -2.56002 -17.9284 70.417
    endloop
  endfacet
  facet normal -0.793344 -0.608774 7.9763e-05
    outer loop
      vertex -2.35269 -18.1986 70.7576
      vertex -16.1284 -0.245722 75.3305
      vertex -2.46144 -18.0569 70.5957
    endloop
  endfacet
  facet normal -0.793336 -0.608784 0.000146358
    outer loop
      vertex -2.28852 -18.2822 70.8531
      vertex -16.1284 -0.245722 75.3305
      vertex -2.35269 -18.1986 70.7576
    endloop
  endfacet
  facet normal -0.793386 -0.608719 -0.000270409
    outer loop
      vertex -2.21896 -18.3729 70.9379
      vertex -16.1284 -0.245722 75.3305
      vertex -2.28852 -18.2822 70.8531
    endloop
  endfacet
  facet normal -0.793339 -0.60878 0.000126592
    outer loop
      vertex -2.10107 -18.5265 71.0815
      vertex -16.1284 -0.245722 75.3305
      vertex -2.21896 -18.3729 70.9379
    endloop
  endfacet
  facet normal -0.793351 -0.608765 2.29911e-05
    outer loop
      vertex -2.02679 -18.6233 71.1546
      vertex -16.1284 -0.245722 75.3305
      vertex -2.10107 -18.5265 71.0815
    endloop
  endfacet
  facet normal -0.793363 -0.608748 -9.0236e-05
    outer loop
      vertex -1.90089 -18.7874 71.2786
      vertex -16.1284 -0.245722 75.3305
      vertex -2.02679 -18.6233 71.1546
    endloop
  endfacet
  facet normal -0.793331 -0.608791 0.000217279
    outer loop
      vertex -1.8226 -18.8894 71.3394
      vertex -16.1284 -0.245722 75.3305
      vertex -1.90089 -18.7874 71.2786
    endloop
  endfacet
  facet normal -0.793393 -0.60871 -0.000382694
    outer loop
      vertex -1.68992 -19.0624 71.4425
      vertex -16.1284 -0.245722 75.3305
      vertex -1.8226 -18.8894 71.3394
    endloop
  endfacet
  facet normal -0.793345 -0.608773 0.000100699
    outer loop
      vertex -1.55171 -19.2425 71.5237
      vertex -16.1284 -0.245722 75.3305
      vertex -1.68992 -19.0624 71.4425
    endloop
  endfacet
  facet normal -0.79331 -0.608818 0.000459805
    outer loop
      vertex -1.47018 -19.3487 71.5717
      vertex -16.1284 -0.245722 75.3305
      vertex -1.55171 -19.2425 71.5237
    endloop
  endfacet
  facet normal -0.793464 -0.608618 0.000373984
    outer loop
      vertex 3.24658 -25.4957 75.3305
      vertex -1.47018 -19.3487 71.5717
      vertex -1.32779 -19.5343 71.6302
    endloop
  endfacet
  facet normal -0.793514 -0.608552 0.000542184
    outer loop
      vertex 3.24658 -25.4957 75.3305
      vertex -1.32779 -19.5343 71.6302
      vertex -1.24379 -19.6438 71.6648
    endloop
  endfacet
  facet normal -0.793226 -0.608927 -0.000410631
    outer loop
      vertex 3.24658 -25.4957 75.3305
      vertex -1.24379 -19.6438 71.6648
      vertex -1.15813 -19.7554 71.6857
    endloop
  endfacet
  facet normal -0.79332 -0.608804 -0.000102796
    outer loop
      vertex 3.24658 -25.4957 75.3305
      vertex -1.15813 -19.7554 71.6857
      vertex -1.01294 -19.9446 71.7211
    endloop
  endfacet
  facet normal -0.793414 -0.608683 0.000194526
    outer loop
      vertex 3.24658 -25.4957 75.3305
      vertex -1.01294 -19.9446 71.7211
      vertex -0.866331 -20.1357 71.7329
    endloop
  endfacet
  facet normal -0.793289 -0.608845 -0.000190017
    outer loop
      vertex 3.24658 -25.4957 75.3305
      vertex -0.866331 -20.1357 71.7329
      vertex -0.779836 -20.2484 71.7399
    endloop
  endfacet
  facet normal -0.793299 -0.608832 -0.000158394
    outer loop
      vertex 3.24658 -25.4957 75.3305
      vertex -0.779836 -20.2484 71.7399
      vertex -0.693341 -20.3611 71.7329
    endloop
  endfacet
  facet normal -0.793413 -0.608684 0.000176062
    outer loop
      vertex 3.24658 -25.4957 75.3305
      vertex -0.693341 -20.3611 71.7329
      vertex -0.546737 -20.5522 71.7211
    endloop
  endfacet
  facet normal -0.793275 -0.608864 -0.000207217
    outer loop
      vertex 3.24658 -25.4957 75.3305
      vertex -0.401544 -20.7414 71.6857
      vertex -0.315882 -20.853 71.6648
    endloop
  endfacet
  facet normal -0.793346 -0.608771 -1.76381e-05
    outer loop
      vertex 3.24658 -25.4957 75.3305
      vertex -0.00795787 -21.2543 71.5237
      vertex 0.130243 -21.4344 71.4425
    endloop
  endfacet
  facet normal -0.79331 -0.608818 -7.82454e-05
    outer loop
      vertex 3.24658 -25.4957 75.3305
      vertex 0.262932 -21.6074 71.3394
      vertex 0.341217 -21.7094 71.2786
    endloop
  endfacet
  facet normal -0.793259 -0.608885 -0.000147529
    outer loop
      vertex 3.24658 -25.4957 75.3305
      vertex 0.65929 -22.1239 70.9379
      vertex 0.728848 -22.2145 70.8531
    endloop
  endfacet
  facet normal -0.793289 -0.608846 -5.8148e-05
    outer loop
      vertex 3.24658 -25.4957 75.3305
      vertex 1.24205 -22.8834 69.8817
      vertex 1.31751 -22.9817 69.6749
    endloop
  endfacet
  facet normal -0.793197 -0.608965 -0.00013102
    outer loop
      vertex 3.24658 -25.4957 75.3305
      vertex 1.35453 -23.03 69.5463
      vertex 1.41729 -23.1117 69.3283
    endloop
  endfacet
  facet normal -0.793301 -0.60883 -3.7519e-05
    outer loop
      vertex 3.24658 -25.4957 75.3305
      vertex 1.46674 -23.1762 69.1013
      vertex 1.49591 -23.2142 68.9673
    endloop
  endfacet
  facet normal -0.793183 -0.608983 -0.00010785
    outer loop
      vertex 3.24658 -25.4957 75.3305
      vertex 1.56533 -23.3047 68.4547
      vertex 1.58686 -23.3327 68.2162
    endloop
  endfacet
  facet normal -0.793346 -0.608771 -0
    outer loop
      vertex 3.24658 -25.4957 75.3305
      vertex 1.59832 -23.3477 67.8333
      vertex 3.24658 -25.4957 59.2695
    endloop
  endfacet
  facet normal -0.793736 -0.608262 0.000231472
    outer loop
      vertex 1.59832 -23.3477 67.8333
      vertex 3.24658 -25.4957 75.3305
      vertex 1.59407 -23.3421 67.9754
    endloop
  endfacet
  facet normal -0.793368 -0.608742 8.28567e-06
    outer loop
      vertex 1.59407 -23.3421 67.9754
      vertex 3.24658 -25.4957 75.3305
      vertex 1.58686 -23.3327 68.2162
    endloop
  endfacet
  facet normal -0.793521 -0.608543 0.000114795
    outer loop
      vertex 1.56533 -23.3047 68.4547
      vertex 3.24658 -25.4957 75.3305
      vertex 1.55262 -23.2881 68.5955
    endloop
  endfacet
  facet normal -0.793272 -0.608867 -5.41618e-05
    outer loop
      vertex 1.55262 -23.2881 68.5955
      vertex 3.24658 -25.4957 75.3305
      vertex 1.53158 -23.2607 68.7335
    endloop
  endfacet
  facet normal -0.793353 -0.608761 7.03591e-07
    outer loop
      vertex -1.47018 -19.3487 71.5717
      vertex 3.24658 -25.4957 75.3305
      vertex -16.1284 -0.245722 75.3305
    endloop
  endfacet
  facet normal -0.793329 -0.608793 -6.10502e-05
    outer loop
      vertex -0.401544 -20.7414 71.6857
      vertex 3.24658 -25.4957 75.3305
      vertex -0.546737 -20.5522 71.7211
    endloop
  endfacet
  facet normal -0.793399 -0.608702 0.000118888
    outer loop
      vertex -0.231878 -20.9625 71.6302
      vertex 3.24658 -25.4957 75.3305
      vertex -0.315882 -20.853 71.6648
    endloop
  endfacet
  facet normal -0.793403 -0.608697 0.000127518
    outer loop
      vertex -0.0894954 -21.1481 71.5717
      vertex 3.24658 -25.4957 75.3305
      vertex -0.231878 -20.9625 71.6302
    endloop
  endfacet
  facet normal -0.79324 -0.60891 -0.000262762
    outer loop
      vertex -0.00795787 -21.2543 71.5237
      vertex 3.24658 -25.4957 75.3305
      vertex -0.0894954 -21.1481 71.5717
    endloop
  endfacet
  facet normal -0.793434 -0.608657 0.000171916
    outer loop
      vertex 0.262932 -21.6074 71.3394
      vertex 3.24658 -25.4957 75.3305
      vertex 0.130243 -21.4344 71.4425
    endloop
  endfacet
  facet normal -0.793275 -0.608864 -0.000145548
    outer loop
      vertex 0.467115 -21.8734 71.1546
      vertex 3.24658 -25.4957 75.3305
      vertex 0.341217 -21.7094 71.2786
    endloop
  endfacet
  facet normal -0.793534 -0.608526 0.000319266
    outer loop
      vertex 0.541394 -21.9703 71.0815
      vertex 3.24658 -25.4957 75.3305
      vertex 0.467115 -21.8734 71.1546
    endloop
  endfacet
  facet normal -0.793302 -0.608828 -7.80292e-05
    outer loop
      vertex 0.65929 -22.1239 70.9379
      vertex 3.24658 -25.4957 75.3305
      vertex 0.541394 -21.9703 71.0815
    endloop
  endfacet
  facet normal -0.793502 -0.608567 0.000222201
    outer loop
      vertex 0.793014 -22.2982 70.7576
      vertex 3.24658 -25.4957 75.3305
      vertex 0.728848 -22.2145 70.8531
    endloop
  endfacet
  facet normal -0.793311 -0.608816 -5.45854e-05
    outer loop
      vertex 0.901771 -22.4399 70.5957
      vertex 3.24658 -25.4957 75.3305
      vertex 0.793014 -22.2982 70.7576
    endloop
  endfacet
  facet normal -0.793404 -0.608696 6.92772e-05
    outer loop
      vertex 1.00034 -22.5684 70.417
      vertex 3.24658 -25.4957 75.3305
      vertex 0.901771 -22.4399 70.5957
    endloop
  endfacet
  facet normal -0.79336 -0.608753 1.54063e-05
    outer loop
      vertex 1.0585 -22.6442 70.3116
      vertex 3.24658 -25.4957 75.3305
      vertex 1.00034 -22.5684 70.417
    endloop
  endfacet
  facet normal -0.793276 -0.608862 -8.36569e-05
    outer loop
      vertex 1.11009 -22.7114 70.1974
      vertex 3.24658 -25.4957 75.3305
      vertex 1.0585 -22.6442 70.3116
    endloop
  endfacet
  facet normal -0.793279 -0.608858 -7.97395e-05
    outer loop
      vertex 1.19753 -22.8253 70.0037
      vertex 3.24658 -25.4957 75.3305
      vertex 1.11009 -22.7114 70.1974
    endloop
  endfacet
  facet normal -0.793553 -0.608501 0.000204357
    outer loop
      vertex 1.24205 -22.8834 69.8817
      vertex 3.24658 -25.4957 75.3305
      vertex 1.19753 -22.8253 70.0037
    endloop
  endfacet
  facet normal -0.793505 -0.608564 0.000140752
    outer loop
      vertex 1.35453 -23.03 69.5463
      vertex 3.24658 -25.4957 75.3305
      vertex 1.31751 -22.9817 69.6749
    endloop
  endfacet
  facet normal -0.79346 -0.608622 8.58198e-05
    outer loop
      vertex 1.46674 -23.1762 69.1013
      vertex 3.24658 -25.4957 75.3305
      vertex 1.41729 -23.1117 69.3283
    endloop
  endfacet
  facet normal -0.793383 -0.608722 2.3965e-05
    outer loop
      vertex 1.53158 -23.2607 68.7335
      vertex 3.24658 -25.4957 75.3305
      vertex 1.49591 -23.2142 68.9673
    endloop
  endfacet
  facet normal -0.125842 -0.958228 -0.256833
    outer loop
      vertex 4.1052 -25.9914 59.2695
      vertex 3.84859 -25.9577 59.2695
      vertex 3.86608 -25.8924 59.0173
    endloop
  endfacet
  facet normal -0.126236 -0.958272 0.256476
    outer loop
      vertex 4.1052 -25.9239 75.5827
      vertex 3.86608 -25.8924 75.5827
      vertex 4.1052 -25.9914 75.3305
    endloop
  endfacet
  facet normal -0.399125 -0.30626 -0.864236
    outer loop
      vertex 3.578 -25.3044 58.6066
      vertex -14.9873 -0.741445 58.4761
      vertex 3.77379 -25.1913 58.4761
    endloop
  endfacet
  facet normal -0.399204 -0.30632 -0.864178
    outer loop
      vertex -14.9873 -0.741445 58.4761
      vertex 3.578 -25.3044 58.6066
      vertex -15.2698 -0.741445 58.6066
    endloop
  endfacet
  facet normal 0 -0.499888 0.86609
    outer loop
      vertex 4.1052 -25.3827 76.1239
      vertex 37.1 -25.6088 75.9934
      vertex 37.1 -25.3827 76.1239
    endloop
  endfacet
  facet normal 0 -0.499888 0.86609
    outer loop
      vertex 37.1 -25.6088 75.9934
      vertex 4.1052 -25.3827 76.1239
      vertex 4.1052 -25.6088 75.9934
    endloop
  endfacet
  facet normal -0.528328 -0.688626 -0.496653
    outer loop
      vertex 3.64326 -25.8001 59.0173
      vertex 3.45192 -25.6533 59.0173
      vertex 3.70852 -25.6871 58.7912
    endloop
  endfacet
  facet normal -0.13021 -0.991486 0
    outer loop
      vertex 3.84859 -25.9577 59.2695
      vertex 4.1052 -25.9914 75.3305
      vertex 3.84859 -25.9577 75.3305
    endloop
  endfacet
  facet normal -0.13021 -0.991486 -0
    outer loop
      vertex 4.1052 -25.9914 75.3305
      vertex 3.84859 -25.9577 59.2695
      vertex 4.1052 -25.9914 59.2695
    endloop
  endfacet
  facet normal -0.588201 -0.766865 0.256782
    outer loop
      vertex 3.45192 -25.6533 75.5827
      vertex 3.40414 -25.7011 75.3305
      vertex 3.60948 -25.8586 75.3305
    endloop
  endfacet
  facet normal -0.588201 -0.766865 -0.256782
    outer loop
      vertex 3.60948 -25.8586 59.2695
      vertex 3.40414 -25.7011 59.2695
      vertex 3.45192 -25.6533 59.0173
    endloop
  endfacet
  facet normal -0.0659694 -0.498799 0.864203
    outer loop
      vertex 4.1052 -25.3827 76.1239
      vertex 4.00615 -25.3696 76.1239
      vertex 4.1052 -25.6088 75.9934
    endloop
  endfacet
  facet normal -0.206826 -0.158704 -0.96542
    outer loop
      vertex 3.77379 -25.1913 58.4761
      vertex -14.6722 -0.741445 58.4086
      vertex 4.0129 -25.0923 58.4086
    endloop
  endfacet
  facet normal -0.206811 -0.158692 -0.965425
    outer loop
      vertex -14.6722 -0.741445 58.4086
      vertex 3.77379 -25.1913 58.4761
      vertex -14.9873 -0.741445 58.4761
    endloop
  endfacet
  facet normal 0 -0.258902 -0.965904
    outer loop
      vertex 4.1052 -25.3827 58.4761
      vertex 29.2923 -25.2566 58.4423
      vertex 29.3446 -25.3827 58.4761
    endloop
  endfacet
  facet normal -3.83315e-06 -0.258188 -0.966095
    outer loop
      vertex 4.1052 -25.3827 58.4761
      vertex 29.2757 -25.1305 58.4086
      vertex 29.2923 -25.2566 58.4423
    endloop
  endfacet
  facet normal -0 -0.258545 -0.965999
    outer loop
      vertex 29.2757 -25.1305 58.4086
      vertex 4.1052 -25.3827 58.4761
      vertex 4.1052 -25.1305 58.4086
    endloop
  endfacet
  facet normal -0.0929176 -0.704048 -0.704048
    outer loop
      vertex 4.1052 -25.7934 58.7912
      vertex 3.89986 -25.7663 58.7912
      vertex 4.1052 -25.6088 58.6066
    endloop
  endfacet
  facet normal 0 -0.966095 -0.258187
    outer loop
      vertex 4.1052 -25.9914 59.2695
      vertex 29.9934 -25.9577 59.1434
      vertex 30.25 -25.9914 59.2695
    endloop
  endfacet
  facet normal -0 -0.965999 -0.258545
    outer loop
      vertex 29.9118 -25.9239 59.0173
      vertex 4.1052 -25.9914 59.2695
      vertex 4.1052 -25.9239 59.0173
    endloop
  endfacet
  facet normal -3.71934e-06 -0.965904 -0.2589
    outer loop
      vertex 4.1052 -25.9914 59.2695
      vertex 29.9118 -25.9239 59.0173
      vertex 29.9934 -25.9577 59.1434
    endloop
  endfacet
  facet normal -0.0929415 -0.704032 0.704061
    outer loop
      vertex 3.94764 -25.588 75.9934
      vertex 3.89986 -25.7663 75.8088
      vertex 4.1052 -25.6088 75.9934
    endloop
  endfacet
  facet normal -0.37003 -0.892814 0.25683
    outer loop
      vertex 3.86608 -25.8924 75.5827
      vertex 3.60948 -25.8586 75.3305
      vertex 3.84859 -25.9577 75.3305
    endloop
  endfacet
  facet normal -0.331957 -0.801978 -0.496625
    outer loop
      vertex 3.89986 -25.7663 58.7912
      vertex 3.64326 -25.8001 59.0173
      vertex 3.70852 -25.6871 58.7912
    endloop
  endfacet
  facet normal -0.0336575 -0.258398 -0.965452
    outer loop
      vertex 4.1052 -25.3827 58.4761
      vertex 4.07142 -25.1261 58.4086
      vertex 4.1052 -25.1305 58.4086
    endloop
  endfacet
  facet normal 0 -0.707107 0.707107
    outer loop
      vertex 4.1052 -25.7934 75.8088
      vertex 37.1 -25.6088 75.9934
      vertex 4.1052 -25.6088 75.9934
    endloop
  endfacet
  facet normal 0 -0.707107 0.707107
    outer loop
      vertex 37.1 -25.6088 75.9934
      vertex 4.1052 -25.7934 75.8088
      vertex 37.1 -25.7934 75.8088
    endloop
  endfacet
  facet normal 0 -0.499435 -0.866351
    outer loop
      vertex 4.1052 -25.6088 58.6066
      vertex 29.3914 -25.4957 58.5414
      vertex 29.4781 -25.6088 58.6066
    endloop
  endfacet
  facet normal 5.39284e-06 -0.50034 -0.865829
    outer loop
      vertex 4.1052 -25.6088 58.6066
      vertex 29.3446 -25.3827 58.4761
      vertex 29.3914 -25.4957 58.5414
    endloop
  endfacet
  facet normal -0 -0.499888 -0.86609
    outer loop
      vertex 29.3446 -25.3827 58.4761
      vertex 4.1052 -25.6088 58.6066
      vertex 4.1052 -25.3827 58.4761
    endloop
  endfacet
  facet normal -0.528395 -0.688506 0.496748
    outer loop
      vertex 3.54421 -25.561 75.8088
      vertex 3.45192 -25.6533 75.5827
      vertex 3.70852 -25.6871 75.8088
    endloop
  endfacet
  facet normal -0.766842 -0.588236 -0.25677
    outer loop
      vertex 3.40414 -25.7011 59.2695
      vertex 3.24658 -25.4957 59.2695
      vertex 3.45192 -25.6533 59.0173
    endloop
  endfacet
  facet normal -0.688555 -0.528339 0.496738
    outer loop
      vertex 3.54421 -25.561 75.8088
      vertex 3.41814 -25.3967 75.8088
      vertex 3.45192 -25.6533 75.5827
    endloop
  endfacet
  facet normal -0.793445 -0.608642 0
    outer loop
      vertex 3.40414 -25.7011 59.2695
      vertex 3.24658 -25.4957 75.3305
      vertex 3.24658 -25.4957 59.2695
    endloop
  endfacet
  facet normal -0.793445 -0.608642 0
    outer loop
      vertex 3.24658 -25.4957 75.3305
      vertex 3.40414 -25.7011 59.2695
      vertex 3.40414 -25.7011 75.3305
    endloop
  endfacet
  facet normal -0.766788 -0.588377 0.256612
    outer loop
      vertex 3.24658 -25.4957 75.3305
      vertex -15.9231 -0.403281 75.5827
      vertex -16.1284 -0.245722 75.3305
    endloop
  endfacet
  facet normal -0.766783 -0.588373 0.256636
    outer loop
      vertex -15.9231 -0.403281 75.5827
      vertex 3.24658 -25.4957 75.3305
      vertex 3.45192 -25.6533 75.5827
    endloop
  endfacet
  facet normal 0 -0.86609 0.499888
    outer loop
      vertex 4.1052 -25.9239 75.5827
      vertex 37.1 -25.7934 75.8088
      vertex 4.1052 -25.7934 75.8088
    endloop
  endfacet
  facet normal 0 -0.86609 0.499888
    outer loop
      vertex 37.1 -25.7934 75.8088
      vertex 4.1052 -25.9239 75.5827
      vertex 37.1 -25.9239 75.5827
    endloop
  endfacet
  facet normal 0 -0.865828 -0.500341
    outer loop
      vertex 4.1052 -25.9239 59.0173
      vertex 29.7543 -25.8586 58.9043
      vertex 29.9118 -25.9239 59.0173
    endloop
  endfacet
  facet normal -0 -0.86609 -0.499888
    outer loop
      vertex 29.6692 -25.7934 58.7912
      vertex 4.1052 -25.9239 59.0173
      vertex 4.1052 -25.7934 58.7912
    endloop
  endfacet
  facet normal 5.30729e-06 -0.86635 -0.499438
    outer loop
      vertex 4.1052 -25.9239 59.0173
      vertex 29.6692 -25.7934 58.7912
      vertex 29.7543 -25.8586 58.9043
    endloop
  endfacet
  facet normal -0.399253 -0.306161 -0.864212
    outer loop
      vertex 3.8346 -25.2706 58.4761
      vertex 3.67474 -25.4305 58.6066
      vertex 3.77379 -25.1913 58.4761
    endloop
  endfacet
  facet normal -0.0997089 -0.240894 -0.965416
    outer loop
      vertex 4.00615 -25.3696 58.4761
      vertex 3.91386 -25.3314 58.4761
      vertex 4.07142 -25.1261 58.4086
    endloop
  endfacet
  facet normal -0.206826 -0.158703 0.96542
    outer loop
      vertex -15.3621 0.157704 76.1914
      vertex 3.77379 -25.1913 76.1239
      vertex 4.0129 -25.0923 76.1914
    endloop
  endfacet
  facet normal -0.206811 -0.158692 0.965425
    outer loop
      vertex 3.77379 -25.1913 76.1239
      vertex -15.3621 0.157704 76.1914
      vertex -15.6012 0.0586586 76.1239
    endloop
  endfacet
  facet normal -0.306214 -0.399186 0.864224
    outer loop
      vertex 3.8346 -25.2706 76.1239
      vertex 3.67474 -25.4305 75.9934
      vertex 3.91386 -25.3314 76.1239
    endloop
  endfacet
  facet normal 0 -0.258545 0.965999
    outer loop
      vertex 4.1052 -25.1305 76.1914
      vertex 37.1 -25.3827 76.1239
      vertex 37.1 -25.1305 76.1914
    endloop
  endfacet
  facet normal 0 -0.258545 0.965999
    outer loop
      vertex 37.1 -25.3827 76.1239
      vertex 4.1052 -25.1305 76.1914
      vertex 4.1052 -25.3827 76.1239
    endloop
  endfacet
  facet normal -0.563401 -0.432312 -0.70405
    outer loop
      vertex 3.41814 -25.3967 58.7912
      vertex -15.2698 -0.741445 58.6066
      vertex 3.578 -25.3044 58.6066
    endloop
  endfacet
  facet normal -0.563409 -0.432318 -0.704039
    outer loop
      vertex -15.2698 -0.741445 58.6066
      vertex 3.41814 -25.3967 58.7912
      vertex -15.5264 -0.707662 58.7912
    endloop
  endfacet
  facet normal -0.0929176 -0.704048 0.704048
    outer loop
      vertex 4.1052 -25.6088 75.9934
      vertex 3.89986 -25.7663 75.8088
      vertex 4.1052 -25.7934 75.8088
    endloop
  endfacet
  facet normal 0 -0.965999 0.258545
    outer loop
      vertex 4.1052 -25.9914 75.3305
      vertex 37.1 -25.9239 75.5827
      vertex 4.1052 -25.9239 75.5827
    endloop
  endfacet
  facet normal 0 -0.965999 0.258545
    outer loop
      vertex 37.1 -25.9239 75.5827
      vertex 4.1052 -25.9914 75.3305
      vertex 37.1 -25.9914 75.3305
    endloop
  endfacet
  facet normal -0.766842 -0.588236 0.25677
    outer loop
      vertex 3.45192 -25.6533 75.5827
      vertex 3.24658 -25.4957 75.3305
      vertex 3.40414 -25.7011 75.3305
    endloop
  endfacet
  facet normal -0.688555 -0.528339 -0.496738
    outer loop
      vertex 3.45192 -25.6533 59.0173
      vertex 3.41814 -25.3967 58.7912
      vertex 3.54421 -25.561 58.7912
    endloop
  endfacet
  facet normal -0.100119 -0.24059 -0.965449
    outer loop
      vertex 4.07142 -25.1261 58.4086
      vertex 3.91386 -25.3314 58.4761
      vertex 4.03994 -25.113 58.4086
    endloop
  endfacet
  facet normal -0.271706 -0.656117 0.70405
    outer loop
      vertex 3.94764 -25.588 75.9934
      vertex 3.80082 -25.5272 75.9934
      vertex 3.89986 -25.7663 75.8088
    endloop
  endfacet
  facet normal -0.271578 -0.656108 0.704108
    outer loop
      vertex 3.80082 -25.5272 75.9934
      vertex 3.70852 -25.6871 75.8088
      vertex 3.89986 -25.7663 75.8088
    endloop
  endfacet
  facet normal -0.432143 -0.56344 0.704122
    outer loop
      vertex 3.80082 -25.5272 75.9934
      vertex 3.67474 -25.4305 75.9934
      vertex 3.70852 -25.6871 75.8088
    endloop
  endfacet
  facet normal -0.399125 -0.30626 0.864236
    outer loop
      vertex -15.6012 0.0586586 76.1239
      vertex 3.578 -25.3044 75.9934
      vertex 3.77379 -25.1913 76.1239
    endloop
  endfacet
  facet normal -0.399165 -0.306289 0.864207
    outer loop
      vertex 3.578 -25.3044 75.9934
      vertex -15.6012 0.0586586 76.1239
      vertex -15.797 -0.0543804 75.9934
    endloop
  endfacet
  facet normal -0.192426 -0.464895 0.864202
    outer loop
      vertex 3.91386 -25.3314 76.1239
      vertex 3.80082 -25.5272 75.9934
      vertex 4.00615 -25.3696 76.1239
    endloop
  endfacet
  facet normal -0.56344 -0.432253 0.704054
    outer loop
      vertex 3.578 -25.3044 75.9934
      vertex 3.41814 -25.3967 75.8088
      vertex 3.67474 -25.4305 75.9934
    endloop
  endfacet
  facet normal -0.399152 -0.306217 -0.864239
    outer loop
      vertex 3.67474 -25.4305 58.6066
      vertex 3.578 -25.3044 58.6066
      vertex 3.77379 -25.1913 58.4761
    endloop
  endfacet
  facet normal -0.37003 -0.892814 -0.25683
    outer loop
      vertex 3.84859 -25.9577 59.2695
      vertex 3.60948 -25.8586 59.2695
      vertex 3.86608 -25.8924 59.0173
    endloop
  endfacet
  facet normal -0.306193 -0.399223 -0.864214
    outer loop
      vertex 3.80082 -25.5272 58.6066
      vertex 3.67474 -25.4305 58.6066
      vertex 3.91386 -25.3314 58.4761
    endloop
  endfacet
  facet normal -0.271578 -0.656108 -0.704108
    outer loop
      vertex 3.89986 -25.7663 58.7912
      vertex 3.70852 -25.6871 58.7912
      vertex 3.80082 -25.5272 58.6066
    endloop
  endfacet
  facet normal -0.588316 -0.766815 0.256669
    outer loop
      vertex 3.64326 -25.8001 75.5827
      vertex 3.45192 -25.6533 75.5827
      vertex 3.60948 -25.8586 75.3305
    endloop
  endfacet
  facet normal -0.158658 -0.206829 -0.965427
    outer loop
      vertex 3.91386 -25.3314 58.4761
      vertex 3.8346 -25.2706 58.4761
      vertex 4.0129 -25.0923 58.4086
    endloop
  endfacet
  facet normal -0.432143 -0.56344 -0.704122
    outer loop
      vertex 3.70852 -25.6871 58.7912
      vertex 3.67474 -25.4305 58.6066
      vertex 3.80082 -25.5272 58.6066
    endloop
  endfacet
  facet normal -0.0341828 -0.258458 -0.965417
    outer loop
      vertex 4.1052 -25.3827 58.4761
      vertex 4.00615 -25.3696 58.4761
      vertex 4.07142 -25.1261 58.4086
    endloop
  endfacet
  facet normal -0.0659694 -0.498799 -0.864203
    outer loop
      vertex 4.1052 -25.6088 58.6066
      vertex 4.00615 -25.3696 58.4761
      vertex 4.1052 -25.3827 58.4761
    endloop
  endfacet
  facet normal -0.158415 -0.206935 -0.965444
    outer loop
      vertex 4.03994 -25.113 58.4086
      vertex 3.91386 -25.3314 58.4761
      vertex 4.0129 -25.0923 58.4086
    endloop
  endfacet
  facet normal -0.113357 -0.860507 0.496666
    outer loop
      vertex 4.1052 -25.7934 75.8088
      vertex 3.86608 -25.8924 75.5827
      vertex 4.1052 -25.9239 75.5827
    endloop
  endfacet
  facet normal -0.125842 -0.958228 0.256833
    outer loop
      vertex 3.86608 -25.8924 75.5827
      vertex 3.84859 -25.9577 75.3305
      vertex 4.1052 -25.9914 75.3305
    endloop
  endfacet
  facet normal -0.0658434 -0.498764 0.864233
    outer loop
      vertex 4.00615 -25.3696 76.1239
      vertex 3.94764 -25.588 75.9934
      vertex 4.1052 -25.6088 75.9934
    endloop
  endfacet
  facet normal -0.192491 -0.464828 0.864223
    outer loop
      vertex 4.00615 -25.3696 76.1239
      vertex 3.80082 -25.5272 75.9934
      vertex 3.94764 -25.588 75.9934
    endloop
  endfacet
  facet normal -0.0341828 -0.258458 0.965417
    outer loop
      vertex 4.07142 -25.1261 76.1914
      vertex 4.00615 -25.3696 76.1239
      vertex 4.1052 -25.3827 76.1239
    endloop
  endfacet
  facet normal -0.0336575 -0.258398 0.965452
    outer loop
      vertex 4.1052 -25.1305 76.1914
      vertex 4.07142 -25.1261 76.1914
      vertex 4.1052 -25.3827 76.1239
    endloop
  endfacet
  facet normal -0.563426 -0.432325 0.704022
    outer loop
      vertex 3.67474 -25.4305 75.9934
      vertex 3.41814 -25.3967 75.8088
      vertex 3.54421 -25.561 75.8088
    endloop
  endfacet
  facet normal -0.432378 -0.563394 0.704015
    outer loop
      vertex 3.67474 -25.4305 75.9934
      vertex 3.54421 -25.561 75.8088
      vertex 3.70852 -25.6871 75.8088
    endloop
  endfacet
  facet normal -0.0997089 -0.240894 0.965416
    outer loop
      vertex 4.07142 -25.1261 76.1914
      vertex 3.91386 -25.3314 76.1239
      vertex 4.00615 -25.3696 76.1239
    endloop
  endfacet
  facet normal -0.688566 -0.528356 0.496706
    outer loop
      vertex -15.9231 -0.403281 75.5827
      vertex 3.41814 -25.3967 75.8088
      vertex -15.9569 -0.146676 75.8088
    endloop
  endfacet
  facet normal -0.68855 -0.528343 0.496743
    outer loop
      vertex 3.41814 -25.3967 75.8088
      vertex -15.9231 -0.403281 75.5827
      vertex 3.45192 -25.6533 75.5827
    endloop
  endfacet
  facet normal -0.563401 -0.432312 0.70405
    outer loop
      vertex -15.797 -0.0543804 75.9934
      vertex 3.41814 -25.3967 75.8088
      vertex 3.578 -25.3044 75.9934
    endloop
  endfacet
  facet normal -0.563356 -0.432278 0.704106
    outer loop
      vertex 3.41814 -25.3967 75.8088
      vertex -15.797 -0.0543804 75.9934
      vertex -15.9569 -0.146676 75.8088
    endloop
  endfacet
  facet normal -0.113551 -0.860392 -0.496821
    outer loop
      vertex 4.1052 -25.7934 58.7912
      vertex 3.86608 -25.8924 59.0173
      vertex 3.89986 -25.7663 58.7912
    endloop
  endfacet
  facet normal -0.113357 -0.860507 -0.496666
    outer loop
      vertex 4.1052 -25.9239 59.0173
      vertex 3.86608 -25.8924 59.0173
      vertex 4.1052 -25.7934 58.7912
    endloop
  endfacet
  facet normal -0.332133 -0.801797 -0.496798
    outer loop
      vertex 3.86608 -25.8924 59.0173
      vertex 3.64326 -25.8001 59.0173
      vertex 3.89986 -25.7663 58.7912
    endloop
  endfacet
  facet normal -0.0929415 -0.704032 -0.704061
    outer loop
      vertex 4.1052 -25.6088 58.6066
      vertex 3.89986 -25.7663 58.7912
      vertex 3.94764 -25.588 58.6066
    endloop
  endfacet
  facet normal -0.306214 -0.399186 -0.864224
    outer loop
      vertex 3.91386 -25.3314 58.4761
      vertex 3.67474 -25.4305 58.6066
      vertex 3.8346 -25.2706 58.4761
    endloop
  endfacet
  facet normal -0.528395 -0.688506 -0.496748
    outer loop
      vertex 3.70852 -25.6871 58.7912
      vertex 3.45192 -25.6533 59.0173
      vertex 3.54421 -25.561 58.7912
    endloop
  endfacet
  facet normal -0.688567 -0.528356 -0.496705
    outer loop
      vertex 3.41814 -25.3967 58.7912
      vertex -15.7655 -0.608616 59.0173
      vertex -15.5264 -0.707662 58.7912
    endloop
  endfacet
  facet normal -0.688551 -0.528342 -0.496742
    outer loop
      vertex -15.7655 -0.608616 59.0173
      vertex 3.41814 -25.3967 58.7912
      vertex 3.45192 -25.6533 59.0173
    endloop
  endfacet
  facet normal 0 0 1
    outer loop
      vertex 3.45192 -25.6533 59.0173
      vertex -15.7655 -0.608615 59.0173
      vertex -15.7655 -0.608616 59.0173
    endloop
  endfacet
  facet normal -0 -0 1
    outer loop
      vertex -15.9709 -0.451056 59.2695
      vertex 3.24658 -25.4957 59.2695
      vertex -16.1284 -0.245722 59.2695
    endloop
  endfacet
  facet normal -0.766727 -0.588332 -0.256894
    outer loop
      vertex -15.7655 -0.608615 59.0173
      vertex 3.24658 -25.4957 59.2695
      vertex -15.9709 -0.451056 59.2695
    endloop
  endfacet
  facet normal -0.766783 -0.588372 -0.256637
    outer loop
      vertex 3.24658 -25.4957 59.2695
      vertex -15.7655 -0.608615 59.0173
      vertex 3.45192 -25.6533 59.0173
    endloop
  endfacet
  facet normal -0.608608 -0.793471 0
    outer loop
      vertex 3.40414 -25.7011 59.2695
      vertex 3.60948 -25.8586 75.3305
      vertex 3.40414 -25.7011 75.3305
    endloop
  endfacet
  facet normal -0.608608 -0.793471 -0
    outer loop
      vertex 3.60948 -25.8586 75.3305
      vertex 3.40414 -25.7011 59.2695
      vertex 3.60948 -25.8586 59.2695
    endloop
  endfacet
  facet normal -0.528328 -0.688626 0.496653
    outer loop
      vertex 3.70852 -25.6871 75.8088
      vertex 3.45192 -25.6533 75.5827
      vertex 3.64326 -25.8001 75.5827
    endloop
  endfacet
  facet normal -0.113551 -0.860392 0.496821
    outer loop
      vertex 3.89986 -25.7663 75.8088
      vertex 3.86608 -25.8924 75.5827
      vertex 4.1052 -25.7934 75.8088
    endloop
  endfacet
  facet normal -0.369881 -0.892923 0.256664
    outer loop
      vertex 3.64326 -25.8001 75.5827
      vertex 3.60948 -25.8586 75.3305
      vertex 3.86608 -25.8924 75.5827
    endloop
  endfacet
  facet normal -0.206859 -0.158627 -0.965426
    outer loop
      vertex 3.8346 -25.2706 58.4761
      vertex 3.77379 -25.1913 58.4761
      vertex 4.0129 -25.0923 58.4086
    endloop
  endfacet
  facet normal -0.432378 -0.563394 -0.704015
    outer loop
      vertex 3.70852 -25.6871 58.7912
      vertex 3.54421 -25.561 58.7912
      vertex 3.67474 -25.4305 58.6066
    endloop
  endfacet
  facet normal -0.399152 -0.306217 0.864239
    outer loop
      vertex 3.77379 -25.1913 76.1239
      vertex 3.578 -25.3044 75.9934
      vertex 3.67474 -25.4305 75.9934
    endloop
  endfacet
  facet normal -0.100119 -0.24059 0.965449
    outer loop
      vertex 4.03994 -25.113 76.1914
      vertex 3.91386 -25.3314 76.1239
      vertex 4.07142 -25.1261 76.1914
    endloop
  endfacet
  facet normal 0 0 -1
    outer loop
      vertex 4.1052 -25.1305 58.4086
      vertex 29.2586 -25 58.4086
      vertex 29.2757 -25.1305 58.4086
    endloop
  endfacet
  facet normal 0 0 -1
    outer loop
      vertex 4.1052 -25.1305 58.4086
      vertex 29.2586 -0.741445 58.4086
      vertex 29.2586 -25 58.4086
    endloop
  endfacet
  facet normal 0 0 -1
    outer loop
      vertex 4.0129 -25.0923 58.4086
      vertex 4.1052 -25.1305 58.4086
      vertex 4.07142 -25.1261 58.4086
    endloop
  endfacet
  facet normal 0 0 -1
    outer loop
      vertex 4.0129 -25.0923 58.4086
      vertex 4.07142 -25.1261 58.4086
      vertex 4.03994 -25.113 58.4086
    endloop
  endfacet
  facet normal 0 0 -1
    outer loop
      vertex 4.1052 -25.1305 58.4086
      vertex 4.0129 -25.0923 58.4086
      vertex 29.2586 -0.741445 58.4086
    endloop
  endfacet
  facet normal -0 0 -1
    outer loop
      vertex 29.2586 -0.741445 58.4086
      vertex 4.0129 -25.0923 58.4086
      vertex -14.6722 -0.741445 58.4086
    endloop
  endfacet
  facet normal -0.369881 -0.892923 -0.256664
    outer loop
      vertex 3.86608 -25.8924 59.0173
      vertex 3.60948 -25.8586 59.2695
      vertex 3.64326 -25.8001 59.0173
    endloop
  endfacet
  facet normal -0.588316 -0.766815 -0.256669
    outer loop
      vertex 3.60948 -25.8586 59.2695
      vertex 3.45192 -25.6533 59.0173
      vertex 3.64326 -25.8001 59.0173
    endloop
  endfacet
  facet normal -0.192426 -0.464895 -0.864202
    outer loop
      vertex 4.00615 -25.3696 58.4761
      vertex 3.80082 -25.5272 58.6066
      vertex 3.91386 -25.3314 58.4761
    endloop
  endfacet
  facet normal -0.271706 -0.656117 -0.70405
    outer loop
      vertex 3.89986 -25.7663 58.7912
      vertex 3.80082 -25.5272 58.6066
      vertex 3.94764 -25.588 58.6066
    endloop
  endfacet
  facet normal -0.563426 -0.432325 -0.704022
    outer loop
      vertex 3.54421 -25.561 58.7912
      vertex 3.41814 -25.3967 58.7912
      vertex 3.67474 -25.4305 58.6066
    endloop
  endfacet
  facet normal -0.56344 -0.432253 -0.704054
    outer loop
      vertex 3.67474 -25.4305 58.6066
      vertex 3.41814 -25.3967 58.7912
      vertex 3.578 -25.3044 58.6066
    endloop
  endfacet
  facet normal -0.382873 -0.923801 0
    outer loop
      vertex 3.60948 -25.8586 59.2695
      vertex 3.84859 -25.9577 75.3305
      vertex 3.60948 -25.8586 75.3305
    endloop
  endfacet
  facet normal -0.382873 -0.923801 -0
    outer loop
      vertex 3.84859 -25.9577 75.3305
      vertex 3.60948 -25.8586 59.2695
      vertex 3.84859 -25.9577 59.2695
    endloop
  endfacet
  facet normal -0.306193 -0.399223 0.864214
    outer loop
      vertex 3.91386 -25.3314 76.1239
      vertex 3.67474 -25.4305 75.9934
      vertex 3.80082 -25.5272 75.9934
    endloop
  endfacet
  facet normal -0.192491 -0.464828 -0.864223
    outer loop
      vertex 3.94764 -25.588 58.6066
      vertex 3.80082 -25.5272 58.6066
      vertex 4.00615 -25.3696 58.4761
    endloop
  endfacet
  facet normal -0.0658434 -0.498764 -0.864233
    outer loop
      vertex 4.1052 -25.6088 58.6066
      vertex 3.94764 -25.588 58.6066
      vertex 4.00615 -25.3696 58.4761
    endloop
  endfacet
  facet normal -0.332133 -0.801797 0.496798
    outer loop
      vertex 3.89986 -25.7663 75.8088
      vertex 3.64326 -25.8001 75.5827
      vertex 3.86608 -25.8924 75.5827
    endloop
  endfacet
  facet normal -0.331957 -0.801978 0.496625
    outer loop
      vertex 3.70852 -25.6871 75.8088
      vertex 3.64326 -25.8001 75.5827
      vertex 3.89986 -25.7663 75.8088
    endloop
  endfacet
  facet normal -0.206859 -0.158627 0.965426
    outer loop
      vertex 4.0129 -25.0923 76.1914
      vertex 3.77379 -25.1913 76.1239
      vertex 3.8346 -25.2706 76.1239
    endloop
  endfacet
  facet normal -0.399253 -0.306161 0.864212
    outer loop
      vertex 3.77379 -25.1913 76.1239
      vertex 3.67474 -25.4305 75.9934
      vertex 3.8346 -25.2706 76.1239
    endloop
  endfacet
  facet normal -0.158658 -0.206829 0.965427
    outer loop
      vertex 4.0129 -25.0923 76.1914
      vertex 3.8346 -25.2706 76.1239
      vertex 3.91386 -25.3314 76.1239
    endloop
  endfacet
  facet normal -0.158415 -0.206935 0.965444
    outer loop
      vertex 4.0129 -25.0923 76.1914
      vertex 3.91386 -25.3314 76.1239
      vertex 4.03994 -25.113 76.1914
    endloop
  endfacet
  facet normal 0 0.716998 -0.697075
    outer loop
      vertex 25.55 54.8268 31.4295
      vertex 37.1 60.3481 37.1086
      vertex 37.1 54.8268 31.4295
    endloop
  endfacet
  facet normal 0 0.716998 -0.697075
    outer loop
      vertex 37.1 60.3481 37.1086
      vertex 25.55 54.8268 31.4295
      vertex 12.3 60.3481 37.1086
    endloop
  endfacet
  facet normal 0 0.716995 -0.697078
    outer loop
      vertex 12.3 43.9666 20.259
      vertex 25.55 54.8268 31.4295
      vertex 25.55 43.9666 20.259
    endloop
  endfacet
  facet normal -1.54208e-06 0.716996 -0.697077
    outer loop
      vertex 25.55 54.8268 31.4295
      vertex 12.3 43.9666 20.259
      vertex 12.3 60.3481 37.1086
    endloop
  endfacet
  facet normal -1 0 0
    outer loop
      vertex 29.2586 -25 17.7914
      vertex 29.2586 -0.741445 28.6752
      vertex 29.2586 -0.741445 17.7914
    endloop
  endfacet
  facet normal -1 -0 0
    outer loop
      vertex 29.2586 -0.741445 28.6752
      vertex 29.2586 -25 17.7914
      vertex 29.2586 -25 28.6752
    endloop
  endfacet
  facet normal -0.991524 -0.129924 0
    outer loop
      vertex 29.2757 -25.1305 17.7914
      vertex 29.2586 -25 28.6752
      vertex 29.2586 -25 17.7914
    endloop
  endfacet
  facet normal -0.991524 -0.129924 0
    outer loop
      vertex 29.2757 -25.1305 17.7914
      vertex 29.2757 -25.1305 28.6752
      vertex 29.2586 -25 28.6752
    endloop
  endfacet
  facet normal -0.991446 -0.130516 0
    outer loop
      vertex 29.2923 -25.2566 17.7577
      vertex 29.2757 -25.1305 28.6752
      vertex 29.2757 -25.1305 17.7914
    endloop
  endfacet
  facet normal -0.991446 -0.130516 0
    outer loop
      vertex 29.2757 -25.1305 28.6752
      vertex 29.2923 -25.2566 17.7577
      vertex 29.2923 -25.2566 28.709
    endloop
  endfacet
  facet normal -0.382991 -0.923752 0
    outer loop
      vertex 29.7543 -25.8586 17.2957
      vertex 29.9118 -25.9239 29.284
      vertex 29.7543 -25.8586 29.1709
    endloop
  endfacet
  facet normal -0.382991 -0.923752 0
    outer loop
      vertex 29.9118 -25.9239 17.1827
      vertex 29.9118 -25.9239 29.284
      vertex 29.7543 -25.8586 17.2957
    endloop
  endfacet
  facet normal -0.382685 -0.923879 -0
    outer loop
      vertex 29.9118 -25.9239 29.284
      vertex 29.9118 -25.9239 17.1827
      vertex 29.9934 -25.9577 29.4101
    endloop
  endfacet
  facet normal -0.382685 -0.923879 -0
    outer loop
      vertex 29.9934 -25.9577 29.4101
      vertex 29.9118 -25.9239 17.1827
      vertex 29.9934 -25.9577 17.0566
    endloop
  endfacet
  facet normal -0.130215 -0.991486 0
    outer loop
      vertex 29.9934 -25.9577 17.0566
      vertex 30.25 -25.9914 29.5361
      vertex 29.9934 -25.9577 29.4101
    endloop
  endfacet
  facet normal -0.130215 -0.991486 -0
    outer loop
      vertex 30.25 -25.9914 29.5361
      vertex 29.9934 -25.9577 17.0566
      vertex 30.25 -25.9914 16.9305
    endloop
  endfacet
  facet normal -0.79364 -0.608387 0
    outer loop
      vertex 29.4781 -25.6088 17.5934
      vertex 29.3914 -25.4957 28.8081
      vertex 29.3914 -25.4957 17.6586
    endloop
  endfacet
  facet normal -0.79364 -0.608387 0
    outer loop
      vertex 29.4781 -25.6088 17.5934
      vertex 29.4781 -25.6088 28.8733
      vertex 29.3914 -25.4957 28.8081
    endloop
  endfacet
  facet normal -0.793454 -0.60863 0
    outer loop
      vertex 29.5489 -25.7011 17.5011
      vertex 29.4781 -25.6088 28.8733
      vertex 29.4781 -25.6088 17.5934
    endloop
  endfacet
  facet normal -0.793454 -0.60863 0
    outer loop
      vertex 29.4781 -25.6088 28.8733
      vertex 29.5489 -25.7011 17.5011
      vertex 29.5489 -25.7011 28.9656
    endloop
  endfacet
  facet normal -0.923704 -0.383106 0
    outer loop
      vertex 29.3446 -25.3827 17.7239
      vertex 29.2923 -25.2566 28.709
      vertex 29.2923 -25.2566 17.7577
    endloop
  endfacet
  facet normal -0.923704 -0.383106 0
    outer loop
      vertex 29.3446 -25.3827 17.7239
      vertex 29.3446 -25.3827 28.7428
      vertex 29.2923 -25.2566 28.709
    endloop
  endfacet
  facet normal -0.923897 -0.382641 0
    outer loop
      vertex 29.3914 -25.4957 17.6586
      vertex 29.3446 -25.3827 28.7428
      vertex 29.3446 -25.3827 17.7239
    endloop
  endfacet
  facet normal -0.923897 -0.382641 0
    outer loop
      vertex 29.3446 -25.3827 28.7428
      vertex 29.3914 -25.4957 17.6586
      vertex 29.3914 -25.4957 28.8081
    endloop
  endfacet
  facet normal -0.608722 -0.793383 0
    outer loop
      vertex 29.5489 -25.7011 17.5011
      vertex 29.6692 -25.7934 29.0579
      vertex 29.5489 -25.7011 28.9656
    endloop
  endfacet
  facet normal -0.608722 -0.793383 0
    outer loop
      vertex 29.6692 -25.7934 17.4088
      vertex 29.6692 -25.7934 29.0579
      vertex 29.5489 -25.7011 17.5011
    endloop
  endfacet
  facet normal -0.608177 -0.793801 -0
    outer loop
      vertex 29.6692 -25.7934 29.0579
      vertex 29.6692 -25.7934 17.4088
      vertex 29.7543 -25.8586 29.1709
    endloop
  endfacet
  facet normal -0.608177 -0.793801 -0
    outer loop
      vertex 29.7543 -25.8586 29.1709
      vertex 29.6692 -25.7934 17.4088
      vertex 29.7543 -25.8586 17.2957
    endloop
  endfacet
  facet normal -0.0929415 -0.704032 0.704061
    outer loop
      vertex 3.94764 -25.588 47.3267
      vertex 3.89986 -25.7663 47.1421
      vertex 4.1052 -25.6088 47.3267
    endloop
  endfacet
  facet normal -0.399253 -0.306161 -0.864212
    outer loop
      vertex 3.8346 -25.2706 28.7428
      vertex 3.67474 -25.4305 28.8733
      vertex 3.77379 -25.1913 28.7428
    endloop
  endfacet
  facet normal 0 -0.499435 -0.866351
    outer loop
      vertex 4.1052 -25.6088 28.8733
      vertex 29.3914 -25.4957 28.8081
      vertex 29.4781 -25.6088 28.8733
    endloop
  endfacet
  facet normal 5.39284e-06 -0.50034 -0.865829
    outer loop
      vertex 4.1052 -25.6088 28.8733
      vertex 29.3446 -25.3827 28.7428
      vertex 29.3914 -25.4957 28.8081
    endloop
  endfacet
  facet normal -0 -0.499888 -0.86609
    outer loop
      vertex 29.3446 -25.3827 28.7428
      vertex 4.1052 -25.6088 28.8733
      vertex 4.1052 -25.3827 28.7428
    endloop
  endfacet
  facet normal -0.306214 -0.399186 0.864224
    outer loop
      vertex 3.8346 -25.2706 47.4572
      vertex 3.67474 -25.4305 47.3267
      vertex 3.91386 -25.3314 47.4572
    endloop
  endfacet
  facet normal 0 -0.707107 -0.707107
    outer loop
      vertex 4.1052 -25.7934 29.0579
      vertex 29.5489 -25.7011 28.9656
      vertex 29.6692 -25.7934 29.0579
    endloop
  endfacet
  facet normal -0 -0.707107 -0.707107
    outer loop
      vertex 29.4781 -25.6088 28.8733
      vertex 4.1052 -25.7934 29.0579
      vertex 4.1052 -25.6088 28.8733
    endloop
  endfacet
  facet normal -1.96888e-16 -0.707107 -0.707107
    outer loop
      vertex 4.1052 -25.7934 29.0579
      vertex 29.4781 -25.6088 28.8733
      vertex 29.5489 -25.7011 28.9656
    endloop
  endfacet
  facet normal -0.56344 -0.432253 -0.704054
    outer loop
      vertex 3.67474 -25.4305 28.8733
      vertex 3.41814 -25.3967 29.0579
      vertex 3.578 -25.3044 28.8733
    endloop
  endfacet
  facet normal 0 -0.258902 0.965904
    outer loop
      vertex 4.1052 -25.3827 47.4572
      vertex 29.2757 -25.1305 47.5248
      vertex 4.1052 -25.1305 47.5248
    endloop
  endfacet
  facet normal 3.63776e-17 -0.258902 0.965904
    outer loop
      vertex 29.2757 -25.1305 47.5248
      vertex 4.1052 -25.3827 47.4572
      vertex 29.2923 -25.2566 47.491
    endloop
  endfacet
  facet normal 0 -0.258902 0.965904
    outer loop
      vertex 29.2923 -25.2566 47.491
      vertex 4.1052 -25.3827 47.4572
      vertex 29.3446 -25.3827 47.4572
    endloop
  endfacet
  facet normal -0.399253 -0.306161 0.864212
    outer loop
      vertex 3.77379 -25.1913 47.4572
      vertex 3.67474 -25.4305 47.3267
      vertex 3.8346 -25.2706 47.4572
    endloop
  endfacet
  facet normal 0 -0.707107 0.707107
    outer loop
      vertex 4.1052 -25.7934 47.1421
      vertex 29.4781 -25.6088 47.3267
      vertex 4.1052 -25.6088 47.3267
    endloop
  endfacet
  facet normal -9.79229e-17 -0.707107 0.707107
    outer loop
      vertex 29.4781 -25.6088 47.3267
      vertex 4.1052 -25.7934 47.1421
      vertex 29.5489 -25.7011 47.2344
    endloop
  endfacet
  facet normal 0 -0.707107 0.707107
    outer loop
      vertex 29.5489 -25.7011 47.2344
      vertex 4.1052 -25.7934 47.1421
      vertex 29.6692 -25.7934 47.1421
    endloop
  endfacet
  facet normal -0.432143 -0.56344 0.704122
    outer loop
      vertex 3.80082 -25.5272 47.3267
      vertex 3.67474 -25.4305 47.3267
      vertex 3.70852 -25.6871 47.1421
    endloop
  endfacet
  facet normal -0.306193 -0.399223 0.864214
    outer loop
      vertex 3.91386 -25.3314 47.4572
      vertex 3.67474 -25.4305 47.3267
      vertex 3.80082 -25.5272 47.3267
    endloop
  endfacet
  facet normal 0 -0.966044 -0.258378
    outer loop
      vertex 4.1052 -25.9914 29.5361
      vertex 29.9934 -25.9577 29.4101
      vertex 30.25 -25.9914 29.5361
    endloop
  endfacet
  facet normal -0 -0.965974 -0.25864
    outer loop
      vertex 29.9118 -25.9239 29.284
      vertex 4.1052 -25.9914 29.5361
      vertex 4.1052 -25.9239 29.284
    endloop
  endfacet
  facet normal -2.72241e-06 -0.965904 -0.2589
    outer loop
      vertex 4.1052 -25.9914 29.5361
      vertex 29.9118 -25.9239 29.284
      vertex 29.9934 -25.9577 29.4101
    endloop
  endfacet
  facet normal -0.306193 -0.399223 -0.864214
    outer loop
      vertex 3.80082 -25.5272 28.8733
      vertex 3.67474 -25.4305 28.8733
      vertex 3.91386 -25.3314 28.7428
    endloop
  endfacet
  facet normal -0.399125 -0.30626 0.864236
    outer loop
      vertex -14.9873 -0.741445 47.4572
      vertex 3.578 -25.3044 47.3267
      vertex 3.77379 -25.1913 47.4572
    endloop
  endfacet
  facet normal -0.399204 -0.30632 0.864178
    outer loop
      vertex 3.578 -25.3044 47.3267
      vertex -14.9873 -0.741445 47.4572
      vertex -15.2698 -0.741445 47.3267
    endloop
  endfacet
  facet normal 0 -0.86609 0.499888
    outer loop
      vertex 4.1052 -25.9239 46.916
      vertex 29.6692 -25.7934 47.1421
      vertex 4.1052 -25.7934 47.1421
    endloop
  endfacet
  facet normal 1.42376e-06 -0.86616 0.499767
    outer loop
      vertex 29.6692 -25.7934 47.1421
      vertex 4.1052 -25.9239 46.916
      vertex 29.7543 -25.8586 47.0291
    endloop
  endfacet
  facet normal 0 -0.86602 0.50001
    outer loop
      vertex 29.7543 -25.8586 47.0291
      vertex 4.1052 -25.9239 46.916
      vertex 29.9118 -25.9239 46.916
    endloop
  endfacet
  facet normal -0.332133 -0.801797 0.496798
    outer loop
      vertex 3.89986 -25.7663 47.1421
      vertex 3.64326 -25.8001 46.916
      vertex 3.86608 -25.8924 46.916
    endloop
  endfacet
  facet normal -0.126233 -0.958247 0.256571
    outer loop
      vertex 4.1052 -25.9239 46.916
      vertex 3.86608 -25.8924 46.916
      vertex 4.1052 -25.9914 46.6639
    endloop
  endfacet
  facet normal 0 -0.965974 0.25864
    outer loop
      vertex 4.1052 -25.9914 46.6639
      vertex 29.9118 -25.9239 46.916
      vertex 4.1052 -25.9239 46.916
    endloop
  endfacet
  facet normal -2.72241e-06 -0.965904 0.2589
    outer loop
      vertex 29.9118 -25.9239 46.916
      vertex 4.1052 -25.9914 46.6639
      vertex 29.9934 -25.9577 46.7899
    endloop
  endfacet
  facet normal 0 -0.966044 0.258378
    outer loop
      vertex 29.9934 -25.9577 46.7899
      vertex 4.1052 -25.9914 46.6639
      vertex 30.25 -25.9914 46.6639
    endloop
  endfacet
  facet normal 0 0 -1
    outer loop
      vertex 3.24658 -25.4957 46.6639
      vertex -15.9709 -0.451056 46.6639
      vertex -16.1284 -0.245722 46.6639
    endloop
  endfacet
  facet normal -0.766707 -0.588317 0.25699
    outer loop
      vertex 3.24658 -25.4957 46.6639
      vertex -15.7655 -0.608615 46.916
      vertex -15.9709 -0.451056 46.6639
    endloop
  endfacet
  facet normal -0.766763 -0.588357 0.256732
    outer loop
      vertex -15.7655 -0.608615 46.916
      vertex 3.24658 -25.4957 46.6639
      vertex 3.45192 -25.6533 46.916
    endloop
  endfacet
  facet normal -0.688567 -0.528356 -0.496705
    outer loop
      vertex 3.41814 -25.3967 29.0579
      vertex -15.7655 -0.608616 29.284
      vertex -15.5264 -0.707662 29.0579
    endloop
  endfacet
  facet normal 0.0117853 0 0.999931
    outer loop
      vertex 3.41814 -25.3967 29.0579
      vertex -15.7655 -0.608615 29.284
      vertex -15.7655 -0.608616 29.284
    endloop
  endfacet
  facet normal -0.688551 -0.528342 -0.496742
    outer loop
      vertex -15.7655 -0.608615 29.284
      vertex 3.41814 -25.3967 29.0579
      vertex 3.45192 -25.6533 29.284
    endloop
  endfacet
  facet normal -0.306214 -0.399186 -0.864224
    outer loop
      vertex 3.91386 -25.3314 28.7428
      vertex 3.67474 -25.4305 28.8733
      vertex 3.8346 -25.2706 28.7428
    endloop
  endfacet
  facet normal -0.192491 -0.464828 -0.864223
    outer loop
      vertex 3.94764 -25.588 28.8733
      vertex 3.80082 -25.5272 28.8733
      vertex 4.00615 -25.3696 28.7428
    endloop
  endfacet
  facet normal -0.207112 -0.158923 -0.965323
    outer loop
      vertex 3.77379 -25.1913 28.7428
      vertex -14.6722 -0.741445 28.6752
      vertex 4.0129 -25.0923 28.6752
    endloop
  endfacet
  facet normal -0.207097 -0.158911 -0.965328
    outer loop
      vertex -14.6722 -0.741445 28.6752
      vertex 3.77379 -25.1913 28.7428
      vertex -14.9873 -0.741445 28.7428
    endloop
  endfacet
  facet normal -0.399152 -0.306217 -0.864239
    outer loop
      vertex 3.67474 -25.4305 28.8733
      vertex 3.578 -25.3044 28.8733
      vertex 3.77379 -25.1913 28.7428
    endloop
  endfacet
  facet normal -0.528395 -0.688506 -0.496748
    outer loop
      vertex 3.70852 -25.6871 29.0579
      vertex 3.45192 -25.6533 29.284
      vertex 3.54421 -25.561 29.0579
    endloop
  endfacet
  facet normal -0.033704 -0.258755 -0.965355
    outer loop
      vertex 4.1052 -25.3827 28.7428
      vertex 4.07142 -25.1261 28.6752
      vertex 4.1052 -25.1305 28.6752
    endloop
  endfacet
  facet normal -0.113357 -0.860507 0.496666
    outer loop
      vertex 4.1052 -25.7934 47.1421
      vertex 3.86608 -25.8924 46.916
      vertex 4.1052 -25.9239 46.916
    endloop
  endfacet
  facet normal 0 -0.499888 0.86609
    outer loop
      vertex 4.1052 -25.6088 47.3267
      vertex 29.3446 -25.3827 47.4572
      vertex 4.1052 -25.3827 47.4572
    endloop
  endfacet
  facet normal 5.39284e-06 -0.50034 0.865829
    outer loop
      vertex 29.3446 -25.3827 47.4572
      vertex 4.1052 -25.6088 47.3267
      vertex 29.3914 -25.4957 47.3919
    endloop
  endfacet
  facet normal 0 -0.499435 0.866351
    outer loop
      vertex 29.3914 -25.4957 47.3919
      vertex 4.1052 -25.6088 47.3267
      vertex 29.4781 -25.6088 47.3267
    endloop
  endfacet
  facet normal -0.271706 -0.656117 0.70405
    outer loop
      vertex 3.94764 -25.588 47.3267
      vertex 3.80082 -25.5272 47.3267
      vertex 3.89986 -25.7663 47.1421
    endloop
  endfacet
  facet normal -0.271578 -0.656108 0.704108
    outer loop
      vertex 3.80082 -25.5272 47.3267
      vertex 3.70852 -25.6871 47.1421
      vertex 3.89986 -25.7663 47.1421
    endloop
  endfacet
  facet normal -0.528395 -0.688506 0.496748
    outer loop
      vertex 3.54421 -25.561 47.1421
      vertex 3.45192 -25.6533 46.916
      vertex 3.70852 -25.6871 47.1421
    endloop
  endfacet
  facet normal -0.766822 -0.588221 0.256865
    outer loop
      vertex 3.45192 -25.6533 46.916
      vertex 3.24658 -25.4957 46.6639
      vertex 3.40414 -25.7011 46.6639
    endloop
  endfacet
  facet normal -0.0929176 -0.704048 -0.704048
    outer loop
      vertex 4.1052 -25.7934 29.0579
      vertex 3.89986 -25.7663 29.0579
      vertex 4.1052 -25.6088 28.8733
    endloop
  endfacet
  facet normal -0.588301 -0.766795 -0.256764
    outer loop
      vertex 3.60948 -25.8586 29.5361
      vertex 3.45192 -25.6533 29.284
      vertex 3.64326 -25.8001 29.284
    endloop
  endfacet
  facet normal -0.271578 -0.656108 -0.704108
    outer loop
      vertex 3.89986 -25.7663 29.0579
      vertex 3.70852 -25.6871 29.0579
      vertex 3.80082 -25.5272 28.8733
    endloop
  endfacet
  facet normal -0.332133 -0.801797 -0.496798
    outer loop
      vertex 3.86608 -25.8924 29.284
      vertex 3.64326 -25.8001 29.284
      vertex 3.89986 -25.7663 29.0579
    endloop
  endfacet
  facet normal -0.331957 -0.801978 -0.496625
    outer loop
      vertex 3.89986 -25.7663 29.0579
      vertex 3.64326 -25.8001 29.284
      vertex 3.70852 -25.6871 29.0579
    endloop
  endfacet
  facet normal 0 -0.258902 -0.965904
    outer loop
      vertex 4.1052 -25.3827 28.7428
      vertex 29.2923 -25.2566 28.709
      vertex 29.3446 -25.3827 28.7428
    endloop
  endfacet
  facet normal 3.63776e-17 -0.258902 -0.965904
    outer loop
      vertex 4.1052 -25.3827 28.7428
      vertex 29.2757 -25.1305 28.6752
      vertex 29.2923 -25.2566 28.709
    endloop
  endfacet
  facet normal -0 -0.258902 -0.965904
    outer loop
      vertex 29.2757 -25.1305 28.6752
      vertex 4.1052 -25.3827 28.7428
      vertex 4.1052 -25.1305 28.6752
    endloop
  endfacet
  facet normal -0.399125 -0.30626 -0.864236
    outer loop
      vertex 3.578 -25.3044 28.8733
      vertex -14.9873 -0.741445 28.7428
      vertex 3.77379 -25.1913 28.7428
    endloop
  endfacet
  facet normal -0.399204 -0.30632 -0.864178
    outer loop
      vertex -14.9873 -0.741445 28.7428
      vertex 3.578 -25.3044 28.8733
      vertex -15.2698 -0.741445 28.8733
    endloop
  endfacet
  facet normal -0.793445 -0.608642 0
    outer loop
      vertex 3.40414 -25.7011 29.5361
      vertex 3.24658 -25.4957 46.6639
      vertex 3.24658 -25.4957 29.5361
    endloop
  endfacet
  facet normal -0.793445 -0.608642 0
    outer loop
      vertex 3.24658 -25.4957 46.6639
      vertex 3.40414 -25.7011 29.5361
      vertex 3.40414 -25.7011 46.6639
    endloop
  endfacet
  facet normal -0.563426 -0.432325 -0.704022
    outer loop
      vertex 3.54421 -25.561 29.0579
      vertex 3.41814 -25.3967 29.0579
      vertex 3.67474 -25.4305 28.8733
    endloop
  endfacet
  facet normal -0.158877 -0.207115 -0.96533
    outer loop
      vertex 3.91386 -25.3314 28.7428
      vertex 3.8346 -25.2706 28.7428
      vertex 4.0129 -25.0923 28.6752
    endloop
  endfacet
  facet normal -0.158634 -0.20722 -0.965347
    outer loop
      vertex 4.03994 -25.113 28.6752
      vertex 3.91386 -25.3314 28.7428
      vertex 4.0129 -25.0923 28.6752
    endloop
  endfacet
  facet normal -0.207145 -0.158846 -0.965328
    outer loop
      vertex 3.8346 -25.2706 28.7428
      vertex 3.77379 -25.1913 28.7428
      vertex 4.0129 -25.0923 28.6752
    endloop
  endfacet
  facet normal -0.432143 -0.56344 -0.704122
    outer loop
      vertex 3.70852 -25.6871 29.0579
      vertex 3.67474 -25.4305 28.8733
      vertex 3.80082 -25.5272 28.8733
    endloop
  endfacet
  facet normal -0.158877 -0.207115 0.96533
    outer loop
      vertex 4.0129 -25.0923 47.5248
      vertex 3.8346 -25.2706 47.4572
      vertex 3.91386 -25.3314 47.4572
    endloop
  endfacet
  facet normal -0.03423 -0.258815 0.96532
    outer loop
      vertex 4.07142 -25.1261 47.5248
      vertex 4.00615 -25.3696 47.4572
      vertex 4.1052 -25.3827 47.4572
    endloop
  endfacet
  facet normal -0.0998466 -0.241226 0.965319
    outer loop
      vertex 4.07142 -25.1261 47.5248
      vertex 3.91386 -25.3314 47.4572
      vertex 4.00615 -25.3696 47.4572
    endloop
  endfacet
  facet normal -0.158634 -0.20722 0.965347
    outer loop
      vertex 4.0129 -25.0923 47.5248
      vertex 3.91386 -25.3314 47.4572
      vertex 4.03994 -25.113 47.5248
    endloop
  endfacet
  facet normal -0.588301 -0.766795 0.256764
    outer loop
      vertex 3.64326 -25.8001 46.916
      vertex 3.45192 -25.6533 46.916
      vertex 3.60948 -25.8586 46.6639
    endloop
  endfacet
  facet normal -0.528328 -0.688626 0.496653
    outer loop
      vertex 3.70852 -25.6871 47.1421
      vertex 3.45192 -25.6533 46.916
      vertex 3.64326 -25.8001 46.916
    endloop
  endfacet
  facet normal -0.37002 -0.89279 0.256925
    outer loop
      vertex 3.86608 -25.8924 46.916
      vertex 3.60948 -25.8586 46.6639
      vertex 3.84859 -25.9577 46.6639
    endloop
  endfacet
  facet normal -0.113551 -0.860392 -0.496821
    outer loop
      vertex 4.1052 -25.7934 29.0579
      vertex 3.86608 -25.8924 29.284
      vertex 3.89986 -25.7663 29.0579
    endloop
  endfacet
  facet normal -0.369871 -0.8929 0.256759
    outer loop
      vertex 3.64326 -25.8001 46.916
      vertex 3.60948 -25.8586 46.6639
      vertex 3.86608 -25.8924 46.916
    endloop
  endfacet
  facet normal -0.125839 -0.958203 0.256928
    outer loop
      vertex 3.86608 -25.8924 46.916
      vertex 3.84859 -25.9577 46.6639
      vertex 4.1052 -25.9914 46.6639
    endloop
  endfacet
  facet normal -0.399152 -0.306217 0.864239
    outer loop
      vertex 3.77379 -25.1913 47.4572
      vertex 3.578 -25.3044 47.3267
      vertex 3.67474 -25.4305 47.3267
    endloop
  endfacet
  facet normal -0.793354 -0.608761 0
    outer loop
      vertex -16.1284 -0.245722 29.5361
      vertex -3.15799 -17.1491 38.1
      vertex -16.1284 -0.245722 46.6639
    endloop
  endfacet
  facet normal -0.793416 -0.608679 0.000257444
    outer loop
      vertex -16.1284 -0.245722 29.5361
      vertex -3.15374 -17.1547 37.9579
      vertex -3.15799 -17.1491 38.1
    endloop
  endfacet
  facet normal -0.793305 -0.608825 -0.000206508
    outer loop
      vertex -16.1284 -0.245722 29.5361
      vertex -3.14654 -17.164 37.7171
      vertex -3.15374 -17.1547 37.9579
    endloop
  endfacet
  facet normal -0.793369 -0.608741 6.89323e-05
    outer loop
      vertex -16.1284 -0.245722 29.5361
      vertex -3.125 -17.1921 37.4786
      vertex -3.14654 -17.164 37.7171
    endloop
  endfacet
  facet normal -0.793387 -0.608718 0.000147558
    outer loop
      vertex -16.1284 -0.245722 29.5361
      vertex -3.11229 -17.2087 37.3379
      vertex -3.125 -17.1921 37.4786
    endloop
  endfacet
  facet normal -0.793336 -0.608784 -8.06308e-05
    outer loop
      vertex -16.1284 -0.245722 29.5361
      vertex -3.09125 -17.2361 37.1999
      vertex -3.11229 -17.2087 37.3379
    endloop
  endfacet
  facet normal -0.793368 -0.608742 6.4232e-05
    outer loop
      vertex -16.1284 -0.245722 29.5361
      vertex -3.05559 -17.2826 36.966
      vertex -3.09125 -17.2361 37.1999
    endloop
  endfacet
  facet normal -0.79333 -0.608791 -0.000114291
    outer loop
      vertex -16.1284 -0.245722 29.5361
      vertex -3.02641 -17.3206 36.8321
      vertex -3.05559 -17.2826 36.966
    endloop
  endfacet
  facet normal -0.793332 -0.608789 -0.000106669
    outer loop
      vertex -16.1284 -0.245722 29.5361
      vertex -2.97696 -17.385 36.605
      vertex -3.02641 -17.3206 36.8321
    endloop
  endfacet
  facet normal -0.793364 -0.608747 5.48357e-05
    outer loop
      vertex -16.1284 -0.245722 29.5361
      vertex -2.91421 -17.4668 36.3871
      vertex -2.97696 -17.385 36.605
    endloop
  endfacet
  facet normal -0.793386 -0.608718 0.000171067
    outer loop
      vertex -16.1284 -0.245722 29.5361
      vertex -2.87718 -17.5151 36.2585
      vertex -2.91421 -17.4668 36.3871
    endloop
  endfacet
  facet normal -0.793335 -0.608786 -0.000103539
    outer loop
      vertex -16.1284 -0.245722 29.5361
      vertex -2.80172 -17.6134 36.0517
      vertex -2.87718 -17.5151 36.2585
    endloop
  endfacet
  facet normal -0.793338 -0.608781 -8.30599e-05
    outer loop
      vertex -16.1284 -0.245722 29.5361
      vertex -2.7572 -17.6714 35.9296
      vertex -2.80172 -17.6134 36.0517
    endloop
  endfacet
  facet normal -0.793374 -0.608734 0.000119034
    outer loop
      vertex -16.1284 -0.245722 29.5361
      vertex -2.66976 -17.7854 35.736
      vertex -2.7572 -17.6714 35.9296
    endloop
  endfacet
  facet normal -0.793329 -0.608794 -0.000147886
    outer loop
      vertex -16.1284 -0.245722 29.5361
      vertex -2.61817 -17.8526 35.6217
      vertex -2.66976 -17.7854 35.736
    endloop
  endfacet
  facet normal -0.793367 -0.608744 8.06286e-05
    outer loop
      vertex -16.1284 -0.245722 29.5361
      vertex -2.56002 -17.9284 35.5163
      vertex -2.61817 -17.8526 35.6217
    endloop
  endfacet
  facet normal -0.793366 -0.608745 7.64624e-05
    outer loop
      vertex -16.1284 -0.245722 29.5361
      vertex -2.46144 -18.0569 35.3377
      vertex -2.56002 -17.9284 35.5163
    endloop
  endfacet
  facet normal -0.793342 -0.608776 -7.64723e-05
    outer loop
      vertex -16.1284 -0.245722 29.5361
      vertex -2.35269 -18.1986 35.1757
      vertex -2.46144 -18.0569 35.3377
    endloop
  endfacet
  facet normal -0.793332 -0.608789 -0.000140387
    outer loop
      vertex -16.1284 -0.245722 29.5361
      vertex -2.28852 -18.2822 35.0802
      vertex -2.35269 -18.1986 35.1757
    endloop
  endfacet
  facet normal -0.793392 -0.608712 0.000257767
    outer loop
      vertex -16.1284 -0.245722 29.5361
      vertex -2.21896 -18.3729 34.9955
      vertex -2.28852 -18.2822 35.0802
    endloop
  endfacet
  facet normal -0.793337 -0.608783 -0.000120501
    outer loop
      vertex -16.1284 -0.245722 29.5361
      vertex -2.10107 -18.5265 34.8518
      vertex -2.21896 -18.3729 34.9955
    endloop
  endfacet
  facet normal -0.79335 -0.608765 -2.17085e-05
    outer loop
      vertex -16.1284 -0.245722 29.5361
      vertex -2.02679 -18.6233 34.7787
      vertex -2.10107 -18.5265 34.8518
    endloop
  endfacet
  facet normal -0.793365 -0.608746 8.52044e-05
    outer loop
      vertex -16.1284 -0.245722 29.5361
      vertex -1.90089 -18.7874 34.6547
      vertex -2.02679 -18.6233 34.7787
    endloop
  endfacet
  facet normal -0.793327 -0.608796 -0.000202946
    outer loop
      vertex -16.1284 -0.245722 29.5361
      vertex -1.8226 -18.8894 34.5939
      vertex -1.90089 -18.7874 34.6547
    endloop
  endfacet
  facet normal -0.7934 -0.6087 0.00035745
    outer loop
      vertex -16.1284 -0.245722 29.5361
      vertex -1.68992 -19.0624 34.4908
      vertex -1.8226 -18.8894 34.5939
    endloop
  endfacet
  facet normal -0.793343 -0.608775 -9.27059e-05
    outer loop
      vertex -16.1284 -0.245722 29.5361
      vertex -1.55171 -19.2425 34.4096
      vertex -1.68992 -19.0624 34.4908
    endloop
  endfacet
  facet normal -0.793302 -0.608828 -0.000423924
    outer loop
      vertex -16.1284 -0.245722 29.5361
      vertex -1.47018 -19.3487 34.3617
      vertex -1.55171 -19.2425 34.4096
    endloop
  endfacet
  facet normal -0.793353 -0.608761 -5.48048e-07
    outer loop
      vertex 3.24658 -25.4957 29.5361
      vertex -1.47018 -19.3487 34.3617
      vertex -16.1284 -0.245722 29.5361
    endloop
  endfacet
  facet normal -0.793443 -0.608645 -0.000236108
    outer loop
      vertex -1.47018 -19.3487 34.3617
      vertex 3.24658 -25.4957 29.5361
      vertex -1.32779 -19.5343 34.3031
    endloop
  endfacet
  facet normal -0.793483 -0.608592 -0.000341586
    outer loop
      vertex -1.32779 -19.5343 34.3031
      vertex 3.24658 -25.4957 29.5361
      vertex -1.24379 -19.6438 34.2685
    endloop
  endfacet
  facet normal -0.793237 -0.608913 0.000290184
    outer loop
      vertex -1.24379 -19.6438 34.2685
      vertex 3.24658 -25.4957 29.5361
      vertex -1.15813 -19.7554 34.2476
    endloop
  endfacet
  facet normal -0.793323 -0.608801 7.25906e-05
    outer loop
      vertex -1.15813 -19.7554 34.2476
      vertex 3.24658 -25.4957 29.5361
      vertex -1.01294 -19.9446 34.2123
    endloop
  endfacet
  facet normal -0.793412 -0.608685 -0.000146736
    outer loop
      vertex -1.01294 -19.9446 34.2123
      vertex 3.24658 -25.4957 29.5361
      vertex -0.866331 -20.1357 34.2004
    endloop
  endfacet
  facet normal -0.79329 -0.608843 0.000143064
    outer loop
      vertex -0.866331 -20.1357 34.2004
      vertex 3.24658 -25.4957 29.5361
      vertex -0.779836 -20.2484 34.1935
    endloop
  endfacet
  facet normal -0.793298 -0.608833 0.000124602
    outer loop
      vertex -0.779836 -20.2484 34.1935
      vertex 3.24658 -25.4957 29.5361
      vertex -0.693341 -20.3611 34.2004
    endloop
  endfacet
  facet normal -0.793414 -0.608683 -0.000138286
    outer loop
      vertex -0.693341 -20.3611 34.2004
      vertex 3.24658 -25.4957 29.5361
      vertex -0.546737 -20.5522 34.2123
    endloop
  endfacet
  facet normal -0.793328 -0.608795 4.94455e-05
    outer loop
      vertex -0.546737 -20.5522 34.2123
      vertex 3.24658 -25.4957 29.5361
      vertex -0.401544 -20.7414 34.2476
    endloop
  endfacet
  facet normal -0.793441 -0.608648 -0.000147052
    outer loop
      vertex 3.24658 -25.4957 29.5361
      vertex 0.262932 -21.6074 34.5939
      vertex 0.130243 -21.4344 34.4908
    endloop
  endfacet
  facet normal -0.793298 -0.608834 6.83453e-05
    outer loop
      vertex 3.24658 -25.4957 29.5361
      vertex 0.65929 -22.1239 34.9955
      vertex 0.541394 -21.9703 34.8518
    endloop
  endfacet
  facet normal -0.793516 -0.608549 -0.000196685
    outer loop
      vertex 3.24658 -25.4957 29.5361
      vertex 0.793014 -22.2982 35.1757
      vertex 0.728848 -22.2145 35.0802
    endloop
  endfacet
  facet normal -0.793409 -0.608689 -6.19394e-05
    outer loop
      vertex 3.24658 -25.4957 29.5361
      vertex 1.00034 -22.5684 35.5163
      vertex 0.901771 -22.4399 35.3377
    endloop
  endfacet
  facet normal -0.793269 -0.608871 7.54637e-05
    outer loop
      vertex 3.24658 -25.4957 29.5361
      vertex 1.11009 -22.7114 35.736
      vertex 1.0585 -22.6442 35.6217
    endloop
  endfacet
  facet normal -0.793571 -0.608477 -0.000186125
    outer loop
      vertex 3.24658 -25.4957 29.5361
      vertex 1.24205 -22.8834 36.0517
      vertex 1.19753 -22.8253 35.9296
    endloop
  endfacet
  facet normal -0.793471 -0.608609 -7.98801e-05
    outer loop
      vertex 3.24658 -25.4957 29.5361
      vertex 1.46674 -23.1762 36.8321
      vertex 1.41729 -23.1117 36.605
    endloop
  endfacet
  facet normal -0.79354 -0.608518 -0.000110236
    outer loop
      vertex 3.24658 -25.4957 29.5361
      vertex 1.56533 -23.3047 37.4786
      vertex 1.55262 -23.2881 37.3379
    endloop
  endfacet
  facet normal -0.793784 -0.6082 -0.000227571
    outer loop
      vertex 1.59407 -23.3421 37.9579
      vertex 3.24658 -25.4957 29.5361
      vertex 1.59832 -23.3477 38.1
    endloop
  endfacet
  facet normal -0.79337 -0.60874 -8.1467e-06
    outer loop
      vertex 1.58686 -23.3327 37.7171
      vertex 3.24658 -25.4957 29.5361
      vertex 1.59407 -23.3421 37.9579
    endloop
  endfacet
  facet normal -0.793166 -0.609006 0.000103524
    outer loop
      vertex 1.56533 -23.3047 37.4786
      vertex 3.24658 -25.4957 29.5361
      vertex 1.58686 -23.3327 37.7171
    endloop
  endfacet
  facet normal -0.793265 -0.608877 5.11075e-05
    outer loop
      vertex 1.53158 -23.2607 37.1999
      vertex 3.24658 -25.4957 29.5361
      vertex 1.55262 -23.2881 37.3379
    endloop
  endfacet
  facet normal -0.793387 -0.608718 -2.26067e-05
    outer loop
      vertex 1.49591 -23.2142 36.966
      vertex 3.24658 -25.4957 29.5361
      vertex 1.53158 -23.2607 37.1999
    endloop
  endfacet
  facet normal -0.793296 -0.608836 3.49462e-05
    outer loop
      vertex 1.46674 -23.1762 36.8321
      vertex 3.24658 -25.4957 29.5361
      vertex 1.49591 -23.2142 36.966
    endloop
  endfacet
  facet normal -0.793183 -0.608983 0.000120638
    outer loop
      vertex 1.35453 -23.03 36.3871
      vertex 3.24658 -25.4957 29.5361
      vertex 1.41729 -23.1117 36.605
    endloop
  endfacet
  facet normal -0.793519 -0.608545 -0.000129562
    outer loop
      vertex 1.31751 -22.9817 36.2585
      vertex 3.24658 -25.4957 29.5361
      vertex 1.35453 -23.03 36.3871
    endloop
  endfacet
  facet normal -0.793283 -0.608853 5.29831e-05
    outer loop
      vertex 1.24205 -22.8834 36.0517
      vertex 3.24658 -25.4957 29.5361
      vertex 1.31751 -22.9817 36.2585
    endloop
  endfacet
  facet normal -0.793273 -0.608866 7.19757e-05
    outer loop
      vertex 1.11009 -22.7114 35.736
      vertex 3.24658 -25.4957 29.5361
      vertex 1.19753 -22.8253 35.9296
    endloop
  endfacet
  facet normal -0.793361 -0.608751 -1.37712e-05
    outer loop
      vertex 1.00034 -22.5684 35.5163
      vertex 3.24658 -25.4957 29.5361
      vertex 1.0585 -22.6442 35.6217
    endloop
  endfacet
  facet normal -0.793308 -0.608821 4.83078e-05
    outer loop
      vertex 0.793014 -22.2982 35.1757
      vertex 3.24658 -25.4957 29.5361
      vertex 0.901771 -22.4399 35.3377
    endloop
  endfacet
  facet normal -0.79325 -0.608896 0.000129316
    outer loop
      vertex 0.65929 -22.1239 34.9955
      vertex 3.24658 -25.4957 29.5361
      vertex 0.728848 -22.2145 35.0802
    endloop
  endfacet
  facet normal -0.793549 -0.608506 -0.000276569
    outer loop
      vertex 0.467115 -21.8734 34.7787
      vertex 3.24658 -25.4957 29.5361
      vertex 0.541394 -21.9703 34.8518
    endloop
  endfacet
  facet normal -0.793268 -0.608873 0.000126094
    outer loop
      vertex 0.341217 -21.7094 34.6547
      vertex 3.24658 -25.4957 29.5361
      vertex 0.467115 -21.8734 34.7787
    endloop
  endfacet
  facet normal -0.793306 -0.608823 6.69287e-05
    outer loop
      vertex 0.262932 -21.6074 34.5939
      vertex 3.24658 -25.4957 29.5361
      vertex 0.341217 -21.7094 34.6547
    endloop
  endfacet
  facet normal -0.793345 -0.608772 1.48654e-05
    outer loop
      vertex -0.00795787 -21.2543 34.4096
      vertex 3.24658 -25.4957 29.5361
      vertex 0.130243 -21.4344 34.4908
    endloop
  endfacet
  facet normal -0.793231 -0.608921 0.000221614
    outer loop
      vertex -0.0894954 -21.1481 34.3617
      vertex 3.24658 -25.4957 29.5361
      vertex -0.00795787 -21.2543 34.4096
    endloop
  endfacet
  facet normal -0.793406 -0.608693 -0.000105522
    outer loop
      vertex -0.231878 -20.9625 34.3031
      vertex 3.24658 -25.4957 29.5361
      vertex -0.0894954 -21.1481 34.3617
    endloop
  endfacet
  facet normal -0.793402 -0.608698 -9.84317e-05
    outer loop
      vertex -0.315882 -20.853 34.2685
      vertex 3.24658 -25.4957 29.5361
      vertex -0.231878 -20.9625 34.3031
    endloop
  endfacet
  facet normal -0.793271 -0.608868 0.000167758
    outer loop
      vertex -0.401544 -20.7414 34.2476
      vertex 3.24658 -25.4957 29.5361
      vertex -0.315882 -20.853 34.2685
    endloop
  endfacet
  facet normal -0.793416 -0.608679 -0.000257444
    outer loop
      vertex -3.15374 -17.1547 38.2421
      vertex -16.1284 -0.245722 46.6639
      vertex -3.15799 -17.1491 38.1
    endloop
  endfacet
  facet normal -0.793305 -0.608825 0.000206508
    outer loop
      vertex -3.14654 -17.164 38.4829
      vertex -16.1284 -0.245722 46.6639
      vertex -3.15374 -17.1547 38.2421
    endloop
  endfacet
  facet normal -0.793369 -0.608741 -6.89323e-05
    outer loop
      vertex -3.125 -17.1921 38.7214
      vertex -16.1284 -0.245722 46.6639
      vertex -3.14654 -17.164 38.4829
    endloop
  endfacet
  facet normal -0.793387 -0.608718 -0.000147558
    outer loop
      vertex -3.11229 -17.2087 38.8621
      vertex -16.1284 -0.245722 46.6639
      vertex -3.125 -17.1921 38.7214
    endloop
  endfacet
  facet normal -0.793336 -0.608784 8.06308e-05
    outer loop
      vertex -3.09125 -17.2361 39.0001
      vertex -16.1284 -0.245722 46.6639
      vertex -3.11229 -17.2087 38.8621
    endloop
  endfacet
  facet normal -0.793368 -0.608742 -6.4232e-05
    outer loop
      vertex -3.05559 -17.2826 39.234
      vertex -16.1284 -0.245722 46.6639
      vertex -3.09125 -17.2361 39.0001
    endloop
  endfacet
  facet normal -0.79333 -0.608791 0.000114215
    outer loop
      vertex -3.02641 -17.3206 39.368
      vertex -16.1284 -0.245722 46.6639
      vertex -3.05559 -17.2826 39.234
    endloop
  endfacet
  facet normal -0.793332 -0.608789 0.000106711
    outer loop
      vertex -2.97696 -17.385 39.595
      vertex -16.1284 -0.245722 46.6639
      vertex -3.02641 -17.3206 39.368
    endloop
  endfacet
  facet normal -0.793364 -0.608747 -5.48357e-05
    outer loop
      vertex -2.91421 -17.4668 39.8129
      vertex -16.1284 -0.245722 46.6639
      vertex -2.97696 -17.385 39.595
    endloop
  endfacet
  facet normal -0.793386 -0.608718 -0.000171067
    outer loop
      vertex -2.87718 -17.5151 39.9415
      vertex -16.1284 -0.245722 46.6639
      vertex -2.91421 -17.4668 39.8129
    endloop
  endfacet
  facet normal -0.793335 -0.608786 0.000103539
    outer loop
      vertex -2.80172 -17.6134 40.1483
      vertex -16.1284 -0.245722 46.6639
      vertex -2.87718 -17.5151 39.9415
    endloop
  endfacet
  facet normal -0.793338 -0.608781 8.30599e-05
    outer loop
      vertex -2.7572 -17.6714 40.2704
      vertex -16.1284 -0.245722 46.6639
      vertex -2.80172 -17.6134 40.1483
    endloop
  endfacet
  facet normal -0.793374 -0.608734 -0.000119034
    outer loop
      vertex -2.66976 -17.7854 40.464
      vertex -16.1284 -0.245722 46.6639
      vertex -2.7572 -17.6714 40.2704
    endloop
  endfacet
  facet normal -0.793329 -0.608794 0.000147886
    outer loop
      vertex -2.61817 -17.8526 40.5783
      vertex -16.1284 -0.245722 46.6639
      vertex -2.66976 -17.7854 40.464
    endloop
  endfacet
  facet normal -0.793367 -0.608744 -8.06286e-05
    outer loop
      vertex -2.56002 -17.9284 40.6837
      vertex -16.1284 -0.245722 46.6639
      vertex -2.61817 -17.8526 40.5783
    endloop
  endfacet
  facet normal -0.793366 -0.608745 -7.64624e-05
    outer loop
      vertex -2.46144 -18.0569 40.8623
      vertex -16.1284 -0.245722 46.6639
      vertex -2.56002 -17.9284 40.6837
    endloop
  endfacet
  facet normal -0.793342 -0.608776 7.64723e-05
    outer loop
      vertex -2.35269 -18.1986 41.0243
      vertex -16.1284 -0.245722 46.6639
      vertex -2.46144 -18.0569 40.8623
    endloop
  endfacet
  facet normal -0.793332 -0.608789 0.000140387
    outer loop
      vertex -2.28852 -18.2822 41.1198
      vertex -16.1284 -0.245722 46.6639
      vertex -2.35269 -18.1986 41.0243
    endloop
  endfacet
  facet normal -0.793392 -0.608712 -0.000257767
    outer loop
      vertex -2.21896 -18.3729 41.2045
      vertex -16.1284 -0.245722 46.6639
      vertex -2.28852 -18.2822 41.1198
    endloop
  endfacet
  facet normal -0.793337 -0.608783 0.000120501
    outer loop
      vertex -2.10107 -18.5265 41.3482
      vertex -16.1284 -0.245722 46.6639
      vertex -2.21896 -18.3729 41.2045
    endloop
  endfacet
  facet normal -0.79335 -0.608765 2.17085e-05
    outer loop
      vertex -2.02679 -18.6233 41.4213
      vertex -16.1284 -0.245722 46.6639
      vertex -2.10107 -18.5265 41.3482
    endloop
  endfacet
  facet normal -0.793365 -0.608746 -8.52044e-05
    outer loop
      vertex -1.90089 -18.7874 41.5453
      vertex -16.1284 -0.245722 46.6639
      vertex -2.02679 -18.6233 41.4213
    endloop
  endfacet
  facet normal -0.793327 -0.608796 0.000202946
    outer loop
      vertex -1.8226 -18.8894 41.6061
      vertex -16.1284 -0.245722 46.6639
      vertex -1.90089 -18.7874 41.5453
    endloop
  endfacet
  facet normal -0.7934 -0.6087 -0.00035745
    outer loop
      vertex -1.68992 -19.0624 41.7092
      vertex -16.1284 -0.245722 46.6639
      vertex -1.8226 -18.8894 41.6061
    endloop
  endfacet
  facet normal -0.793343 -0.608775 9.27059e-05
    outer loop
      vertex -1.55171 -19.2425 41.7904
      vertex -16.1284 -0.245722 46.6639
      vertex -1.68992 -19.0624 41.7092
    endloop
  endfacet
  facet normal -0.793302 -0.608828 0.000423924
    outer loop
      vertex -1.47018 -19.3487 41.8383
      vertex -16.1284 -0.245722 46.6639
      vertex -1.55171 -19.2425 41.7904
    endloop
  endfacet
  facet normal -0.793443 -0.608645 0.000236108
    outer loop
      vertex 3.24658 -25.4957 46.6639
      vertex -1.47018 -19.3487 41.8383
      vertex -1.32779 -19.5343 41.8969
    endloop
  endfacet
  facet normal -0.793483 -0.608592 0.000341586
    outer loop
      vertex 3.24658 -25.4957 46.6639
      vertex -1.32779 -19.5343 41.8969
      vertex -1.24379 -19.6438 41.9315
    endloop
  endfacet
  facet normal -0.793237 -0.608913 -0.000290184
    outer loop
      vertex 3.24658 -25.4957 46.6639
      vertex -1.24379 -19.6438 41.9315
      vertex -1.15813 -19.7554 41.9524
    endloop
  endfacet
  facet normal -0.793323 -0.608801 -7.25906e-05
    outer loop
      vertex 3.24658 -25.4957 46.6639
      vertex -1.15813 -19.7554 41.9524
      vertex -1.01294 -19.9446 41.9877
    endloop
  endfacet
  facet normal -0.793412 -0.608685 0.000146736
    outer loop
      vertex 3.24658 -25.4957 46.6639
      vertex -1.01294 -19.9446 41.9877
      vertex -0.866331 -20.1357 41.9996
    endloop
  endfacet
  facet normal -0.79329 -0.608843 -0.000143064
    outer loop
      vertex 3.24658 -25.4957 46.6639
      vertex -0.866331 -20.1357 41.9996
      vertex -0.779836 -20.2484 42.0065
    endloop
  endfacet
  facet normal -0.793298 -0.608833 -0.000124602
    outer loop
      vertex 3.24658 -25.4957 46.6639
      vertex -0.779836 -20.2484 42.0065
      vertex -0.693341 -20.3611 41.9996
    endloop
  endfacet
  facet normal -0.793414 -0.608683 0.000138286
    outer loop
      vertex 3.24658 -25.4957 46.6639
      vertex -0.693341 -20.3611 41.9996
      vertex -0.546737 -20.5522 41.9877
    endloop
  endfacet
  facet normal -0.793328 -0.608795 -4.94455e-05
    outer loop
      vertex 3.24658 -25.4957 46.6639
      vertex -0.546737 -20.5522 41.9877
      vertex -0.401544 -20.7414 41.9524
    endloop
  endfacet
  facet normal -0.793271 -0.608868 -0.000167758
    outer loop
      vertex 3.24658 -25.4957 46.6639
      vertex -0.401544 -20.7414 41.9524
      vertex -0.315882 -20.853 41.9315
    endloop
  endfacet
  facet normal -0.793306 -0.608823 -6.69287e-05
    outer loop
      vertex 3.24658 -25.4957 46.6639
      vertex 0.262932 -21.6074 41.6061
      vertex 0.341217 -21.7094 41.5453
    endloop
  endfacet
  facet normal -0.793361 -0.608751 1.37712e-05
    outer loop
      vertex 3.24658 -25.4957 46.6639
      vertex 1.00034 -22.5684 40.6837
      vertex 1.0585 -22.6442 40.5783
    endloop
  endfacet
  facet normal -0.793273 -0.608866 -7.19757e-05
    outer loop
      vertex 3.24658 -25.4957 46.6639
      vertex 1.11009 -22.7114 40.464
      vertex 1.19753 -22.8253 40.2704
    endloop
  endfacet
  facet normal -0.793283 -0.608853 -5.29831e-05
    outer loop
      vertex 3.24658 -25.4957 46.6639
      vertex 1.24205 -22.8834 40.1483
      vertex 1.31751 -22.9817 39.9415
    endloop
  endfacet
  facet normal -0.793296 -0.608836 -3.49327e-05
    outer loop
      vertex 3.24658 -25.4957 46.6639
      vertex 1.46674 -23.1762 39.368
      vertex 1.49591 -23.2142 39.234
    endloop
  endfacet
  facet normal -0.793166 -0.609006 -0.000103524
    outer loop
      vertex 3.24658 -25.4957 46.6639
      vertex 1.56533 -23.3047 38.7214
      vertex 1.58686 -23.3327 38.4829
    endloop
  endfacet
  facet normal -0.793346 -0.608771 -0
    outer loop
      vertex 3.24658 -25.4957 46.6639
      vertex 1.59832 -23.3477 38.1
      vertex 3.24658 -25.4957 29.5361
    endloop
  endfacet
  facet normal -0.793784 -0.6082 0.000227571
    outer loop
      vertex 1.59832 -23.3477 38.1
      vertex 3.24658 -25.4957 46.6639
      vertex 1.59407 -23.3421 38.2421
    endloop
  endfacet
  facet normal -0.79337 -0.60874 8.1467e-06
    outer loop
      vertex 1.59407 -23.3421 38.2421
      vertex 3.24658 -25.4957 46.6639
      vertex 1.58686 -23.3327 38.4829
    endloop
  endfacet
  facet normal -0.79354 -0.608518 0.000110236
    outer loop
      vertex 1.56533 -23.3047 38.7214
      vertex 3.24658 -25.4957 46.6639
      vertex 1.55262 -23.2881 38.8621
    endloop
  endfacet
  facet normal -0.793265 -0.608877 -5.11075e-05
    outer loop
      vertex 1.55262 -23.2881 38.8621
      vertex 3.24658 -25.4957 46.6639
      vertex 1.53158 -23.2607 39.0001
    endloop
  endfacet
  facet normal -0.793353 -0.608761 5.48048e-07
    outer loop
      vertex -1.47018 -19.3487 41.8383
      vertex 3.24658 -25.4957 46.6639
      vertex -16.1284 -0.245722 46.6639
    endloop
  endfacet
  facet normal -0.793402 -0.608698 9.84317e-05
    outer loop
      vertex -0.231878 -20.9625 41.8969
      vertex 3.24658 -25.4957 46.6639
      vertex -0.315882 -20.853 41.9315
    endloop
  endfacet
  facet normal -0.793406 -0.608693 0.000105522
    outer loop
      vertex -0.0894954 -21.1481 41.8383
      vertex 3.24658 -25.4957 46.6639
      vertex -0.231878 -20.9625 41.8969
    endloop
  endfacet
  facet normal -0.793231 -0.608921 -0.000221614
    outer loop
      vertex -0.00795787 -21.2543 41.7904
      vertex 3.24658 -25.4957 46.6639
      vertex -0.0894954 -21.1481 41.8383
    endloop
  endfacet
  facet normal -0.793345 -0.608772 -1.48654e-05
    outer loop
      vertex 0.130243 -21.4344 41.7092
      vertex 3.24658 -25.4957 46.6639
      vertex -0.00795787 -21.2543 41.7904
    endloop
  endfacet
  facet normal -0.793441 -0.608648 0.000147052
    outer loop
      vertex 0.262932 -21.6074 41.6061
      vertex 3.24658 -25.4957 46.6639
      vertex 0.130243 -21.4344 41.7092
    endloop
  endfacet
  facet normal -0.793268 -0.608873 -0.000126094
    outer loop
      vertex 0.467115 -21.8734 41.4213
      vertex 3.24658 -25.4957 46.6639
      vertex 0.341217 -21.7094 41.5453
    endloop
  endfacet
  facet normal -0.793549 -0.608506 0.000276569
    outer loop
      vertex 0.541394 -21.9703 41.3482
      vertex 3.24658 -25.4957 46.6639
      vertex 0.467115 -21.8734 41.4213
    endloop
  endfacet
  facet normal -0.793298 -0.608834 -6.83453e-05
    outer loop
      vertex 0.65929 -22.1239 41.2045
      vertex 3.24658 -25.4957 46.6639
      vertex 0.541394 -21.9703 41.3482
    endloop
  endfacet
  facet normal -0.79325 -0.608896 -0.000129316
    outer loop
      vertex 0.728848 -22.2145 41.1198
      vertex 3.24658 -25.4957 46.6639
      vertex 0.65929 -22.1239 41.2045
    endloop
  endfacet
  facet normal -0.793516 -0.608549 0.000196685
    outer loop
      vertex 0.793014 -22.2982 41.0243
      vertex 3.24658 -25.4957 46.6639
      vertex 0.728848 -22.2145 41.1198
    endloop
  endfacet
  facet normal -0.793308 -0.608821 -4.83078e-05
    outer loop
      vertex 0.901771 -22.4399 40.8623
      vertex 3.24658 -25.4957 46.6639
      vertex 0.793014 -22.2982 41.0243
    endloop
  endfacet
  facet normal -0.793409 -0.608689 6.19394e-05
    outer loop
      vertex 1.00034 -22.5684 40.6837
      vertex 3.24658 -25.4957 46.6639
      vertex 0.901771 -22.4399 40.8623
    endloop
  endfacet
  facet normal -0.793269 -0.608871 -7.54637e-05
    outer loop
      vertex 1.11009 -22.7114 40.464
      vertex 3.24658 -25.4957 46.6639
      vertex 1.0585 -22.6442 40.5783
    endloop
  endfacet
  facet normal -0.793571 -0.608477 0.000186125
    outer loop
      vertex 1.24205 -22.8834 40.1483
      vertex 3.24658 -25.4957 46.6639
      vertex 1.19753 -22.8253 40.2704
    endloop
  endfacet
  facet normal -0.793519 -0.608545 0.000129562
    outer loop
      vertex 1.35453 -23.03 39.8129
      vertex 3.24658 -25.4957 46.6639
      vertex 1.31751 -22.9817 39.9415
    endloop
  endfacet
  facet normal -0.793183 -0.608983 -0.000120638
    outer loop
      vertex 1.41729 -23.1117 39.595
      vertex 3.24658 -25.4957 46.6639
      vertex 1.35453 -23.03 39.8129
    endloop
  endfacet
  facet normal -0.793471 -0.608609 7.98992e-05
    outer loop
      vertex 1.46674 -23.1762 39.368
      vertex 3.24658 -25.4957 46.6639
      vertex 1.41729 -23.1117 39.595
    endloop
  endfacet
  facet normal -0.793387 -0.608718 2.26067e-05
    outer loop
      vertex 1.53158 -23.2607 39.0001
      vertex 3.24658 -25.4957 46.6639
      vertex 1.49591 -23.2142 39.234
    endloop
  endfacet
  facet normal -0.0659694 -0.498799 -0.864203
    outer loop
      vertex 4.1052 -25.6088 28.8733
      vertex 4.00615 -25.3696 28.7428
      vertex 4.1052 -25.3827 28.7428
    endloop
  endfacet
  facet normal -0.0658434 -0.498764 -0.864233
    outer loop
      vertex 4.1052 -25.6088 28.8733
      vertex 3.94764 -25.588 28.8733
      vertex 4.00615 -25.3696 28.7428
    endloop
  endfacet
  facet normal -0.432378 -0.563394 -0.704015
    outer loop
      vertex 3.70852 -25.6871 29.0579
      vertex 3.54421 -25.561 29.0579
      vertex 3.67474 -25.4305 28.8733
    endloop
  endfacet
  facet normal -0.688555 -0.528339 -0.496738
    outer loop
      vertex 3.45192 -25.6533 29.284
      vertex 3.41814 -25.3967 29.0579
      vertex 3.54421 -25.561 29.0579
    endloop
  endfacet
  facet normal -0.588186 -0.766845 -0.256877
    outer loop
      vertex 3.60948 -25.8586 29.5361
      vertex 3.40414 -25.7011 29.5361
      vertex 3.45192 -25.6533 29.284
    endloop
  endfacet
  facet normal -0.369871 -0.8929 -0.256759
    outer loop
      vertex 3.86608 -25.8924 29.284
      vertex 3.60948 -25.8586 29.5361
      vertex 3.64326 -25.8001 29.284
    endloop
  endfacet
  facet normal -0.192426 -0.464895 -0.864202
    outer loop
      vertex 4.00615 -25.3696 28.7428
      vertex 3.80082 -25.5272 28.8733
      vertex 3.91386 -25.3314 28.7428
    endloop
  endfacet
  facet normal -0.03423 -0.258815 -0.96532
    outer loop
      vertex 4.1052 -25.3827 28.7428
      vertex 4.00615 -25.3696 28.7428
      vertex 4.07142 -25.1261 28.6752
    endloop
  endfacet
  facet normal -0.207112 -0.158923 0.965323
    outer loop
      vertex -14.6722 -0.741445 47.5248
      vertex 3.77379 -25.1913 47.4572
      vertex 4.0129 -25.0923 47.5248
    endloop
  endfacet
  facet normal -0.207097 -0.158911 0.965328
    outer loop
      vertex 3.77379 -25.1913 47.4572
      vertex -14.6722 -0.741445 47.5248
      vertex -14.9873 -0.741445 47.4572
    endloop
  endfacet
  facet normal -0.688555 -0.528339 0.496738
    outer loop
      vertex 3.54421 -25.561 47.1421
      vertex 3.41814 -25.3967 47.1421
      vertex 3.45192 -25.6533 46.916
    endloop
  endfacet
  facet normal -0.207145 -0.158846 0.965328
    outer loop
      vertex 4.0129 -25.0923 47.5248
      vertex 3.77379 -25.1913 47.4572
      vertex 3.8346 -25.2706 47.4572
    endloop
  endfacet
  facet normal -0.192491 -0.464828 0.864223
    outer loop
      vertex 4.00615 -25.3696 47.4572
      vertex 3.80082 -25.5272 47.3267
      vertex 3.94764 -25.588 47.3267
    endloop
  endfacet
  facet normal -0.033704 -0.258755 0.965355
    outer loop
      vertex 4.1052 -25.1305 47.5248
      vertex 4.07142 -25.1261 47.5248
      vertex 4.1052 -25.3827 47.4572
    endloop
  endfacet
  facet normal -0.331957 -0.801978 0.496625
    outer loop
      vertex 3.70852 -25.6871 47.1421
      vertex 3.64326 -25.8001 46.916
      vertex 3.89986 -25.7663 47.1421
    endloop
  endfacet
  facet normal -0.192426 -0.464895 0.864202
    outer loop
      vertex 3.91386 -25.3314 47.4572
      vertex 3.80082 -25.5272 47.3267
      vertex 4.00615 -25.3696 47.4572
    endloop
  endfacet
  facet normal -0.432378 -0.563394 0.704015
    outer loop
      vertex 3.67474 -25.4305 47.3267
      vertex 3.54421 -25.561 47.1421
      vertex 3.70852 -25.6871 47.1421
    endloop
  endfacet
  facet normal -0.528328 -0.688626 -0.496653
    outer loop
      vertex 3.64326 -25.8001 29.284
      vertex 3.45192 -25.6533 29.284
      vertex 3.70852 -25.6871 29.0579
    endloop
  endfacet
  facet normal -0.37002 -0.89279 -0.256925
    outer loop
      vertex 3.84859 -25.9577 29.5361
      vertex 3.60948 -25.8586 29.5361
      vertex 3.86608 -25.8924 29.284
    endloop
  endfacet
  facet normal -0.271706 -0.656117 -0.70405
    outer loop
      vertex 3.89986 -25.7663 29.0579
      vertex 3.80082 -25.5272 28.8733
      vertex 3.94764 -25.588 28.8733
    endloop
  endfacet
  facet normal -0.0929415 -0.704032 -0.704061
    outer loop
      vertex 4.1052 -25.6088 28.8733
      vertex 3.89986 -25.7663 29.0579
      vertex 3.94764 -25.588 28.8733
    endloop
  endfacet
  facet normal -0.125839 -0.958203 -0.256928
    outer loop
      vertex 4.1052 -25.9914 29.5361
      vertex 3.84859 -25.9577 29.5361
      vertex 3.86608 -25.8924 29.284
    endloop
  endfacet
  facet normal -0.113551 -0.860392 0.496821
    outer loop
      vertex 3.89986 -25.7663 47.1421
      vertex 3.86608 -25.8924 46.916
      vertex 4.1052 -25.7934 47.1421
    endloop
  endfacet
  facet normal -0.0929176 -0.704048 0.704048
    outer loop
      vertex 4.1052 -25.6088 47.3267
      vertex 3.89986 -25.7663 47.1421
      vertex 4.1052 -25.7934 47.1421
    endloop
  endfacet
  facet normal -0.13021 -0.991486 0
    outer loop
      vertex 3.84859 -25.9577 29.5361
      vertex 4.1052 -25.9914 46.6639
      vertex 3.84859 -25.9577 46.6639
    endloop
  endfacet
  facet normal -0.13021 -0.991486 -0
    outer loop
      vertex 4.1052 -25.9914 46.6639
      vertex 3.84859 -25.9577 29.5361
      vertex 4.1052 -25.9914 29.5361
    endloop
  endfacet
  facet normal -0.126233 -0.958247 -0.256571
    outer loop
      vertex 4.1052 -25.9914 29.5361
      vertex 3.86608 -25.8924 29.284
      vertex 4.1052 -25.9239 29.284
    endloop
  endfacet
  facet normal -0.113357 -0.860507 -0.496666
    outer loop
      vertex 4.1052 -25.9239 29.284
      vertex 3.86608 -25.8924 29.284
      vertex 4.1052 -25.7934 29.0579
    endloop
  endfacet
  facet normal 0 0 -1
    outer loop
      vertex 4.1052 -25.1305 28.6752
      vertex 29.2586 -25 28.6752
      vertex 29.2757 -25.1305 28.6752
    endloop
  endfacet
  facet normal 0 0 -1
    outer loop
      vertex 4.1052 -25.1305 28.6752
      vertex 29.2586 -0.741445 28.6752
      vertex 29.2586 -25 28.6752
    endloop
  endfacet
  facet normal 0 0 -1
    outer loop
      vertex 4.0129 -25.0923 28.6752
      vertex 4.1052 -25.1305 28.6752
      vertex 4.07142 -25.1261 28.6752
    endloop
  endfacet
  facet normal 0 0 -1
    outer loop
      vertex 4.0129 -25.0923 28.6752
      vertex 4.07142 -25.1261 28.6752
      vertex 4.03994 -25.113 28.6752
    endloop
  endfacet
  facet normal 0 0 -1
    outer loop
      vertex 4.1052 -25.1305 28.6752
      vertex 4.0129 -25.0923 28.6752
      vertex 29.2586 -0.741445 28.6752
    endloop
  endfacet
  facet normal -0 0 -1
    outer loop
      vertex 29.2586 -0.741445 28.6752
      vertex 4.0129 -25.0923 28.6752
      vertex -14.6722 -0.741445 28.6752
    endloop
  endfacet
  facet normal -0.0998466 -0.241226 -0.965319
    outer loop
      vertex 4.00615 -25.3696 28.7428
      vertex 3.91386 -25.3314 28.7428
      vertex 4.07142 -25.1261 28.6752
    endloop
  endfacet
  facet normal -0.100257 -0.240922 -0.965352
    outer loop
      vertex 4.07142 -25.1261 28.6752
      vertex 3.91386 -25.3314 28.7428
      vertex 4.03994 -25.113 28.6752
    endloop
  endfacet
  facet normal -0.100257 -0.240922 0.965352
    outer loop
      vertex 4.03994 -25.113 47.5248
      vertex 3.91386 -25.3314 47.4572
      vertex 4.07142 -25.1261 47.5248
    endloop
  endfacet
  facet normal -0.0658434 -0.498764 0.864233
    outer loop
      vertex 4.00615 -25.3696 47.4572
      vertex 3.94764 -25.588 47.3267
      vertex 4.1052 -25.6088 47.3267
    endloop
  endfacet
  facet normal -0.0659694 -0.498799 0.864203
    outer loop
      vertex 4.1052 -25.3827 47.4572
      vertex 4.00615 -25.3696 47.4572
      vertex 4.1052 -25.6088 47.3267
    endloop
  endfacet
  facet normal -0.563401 -0.432312 0.70405
    outer loop
      vertex -15.2698 -0.741445 47.3267
      vertex 3.41814 -25.3967 47.1421
      vertex 3.578 -25.3044 47.3267
    endloop
  endfacet
  facet normal -0.563409 -0.432318 0.704039
    outer loop
      vertex 3.41814 -25.3967 47.1421
      vertex -15.2698 -0.741445 47.3267
      vertex -15.5264 -0.707662 47.1421
    endloop
  endfacet
  facet normal -0.688567 -0.528356 0.496705
    outer loop
      vertex -15.7655 -0.608616 46.916
      vertex 3.41814 -25.3967 47.1421
      vertex -15.5264 -0.707662 47.1421
    endloop
  endfacet
  facet normal -0.688551 -0.528342 0.496742
    outer loop
      vertex 3.41814 -25.3967 47.1421
      vertex -15.7655 -0.608616 46.916
      vertex 3.45192 -25.6533 46.916
    endloop
  endfacet
  facet normal 0 0 -1
    outer loop
      vertex 3.45192 -25.6533 46.916
      vertex -15.7655 -0.608616 46.916
      vertex -15.7655 -0.608615 46.916
    endloop
  endfacet
  facet normal -0.588186 -0.766845 0.256877
    outer loop
      vertex 3.45192 -25.6533 46.916
      vertex 3.40414 -25.7011 46.6639
      vertex 3.60948 -25.8586 46.6639
    endloop
  endfacet
  facet normal -0.563401 -0.432312 -0.70405
    outer loop
      vertex 3.41814 -25.3967 29.0579
      vertex -15.2698 -0.741445 28.8733
      vertex 3.578 -25.3044 28.8733
    endloop
  endfacet
  facet normal -0.563409 -0.432318 -0.704039
    outer loop
      vertex -15.2698 -0.741445 28.8733
      vertex 3.41814 -25.3967 29.0579
      vertex -15.5264 -0.707662 29.0579
    endloop
  endfacet
  facet normal -0 -0 1
    outer loop
      vertex -15.9709 -0.451056 29.5361
      vertex 3.24658 -25.4957 29.5361
      vertex -16.1284 -0.245722 29.5361
    endloop
  endfacet
  facet normal -0.766707 -0.588317 -0.25699
    outer loop
      vertex -15.7655 -0.608615 29.284
      vertex 3.24658 -25.4957 29.5361
      vertex -15.9709 -0.451056 29.5361
    endloop
  endfacet
  facet normal -0.766763 -0.588357 -0.256732
    outer loop
      vertex 3.24658 -25.4957 29.5361
      vertex -15.7655 -0.608615 29.284
      vertex 3.45192 -25.6533 29.284
    endloop
  endfacet
  facet normal -0.766822 -0.588221 -0.256865
    outer loop
      vertex 3.40414 -25.7011 29.5361
      vertex 3.24658 -25.4957 29.5361
      vertex 3.45192 -25.6533 29.284
    endloop
  endfacet
  facet normal -0.382873 -0.923801 0
    outer loop
      vertex 3.60948 -25.8586 29.5361
      vertex 3.84859 -25.9577 46.6639
      vertex 3.60948 -25.8586 46.6639
    endloop
  endfacet
  facet normal -0.382873 -0.923801 -0
    outer loop
      vertex 3.84859 -25.9577 46.6639
      vertex 3.60948 -25.8586 29.5361
      vertex 3.84859 -25.9577 29.5361
    endloop
  endfacet
  facet normal -0.608608 -0.793471 0
    outer loop
      vertex 3.40414 -25.7011 29.5361
      vertex 3.60948 -25.8586 46.6639
      vertex 3.40414 -25.7011 46.6639
    endloop
  endfacet
  facet normal -0.608608 -0.793471 -0
    outer loop
      vertex 3.60948 -25.8586 46.6639
      vertex 3.40414 -25.7011 29.5361
      vertex 3.60948 -25.8586 29.5361
    endloop
  endfacet
  facet normal 0 0 1
    outer loop
      vertex 29.2586 -0.741445 47.5248
      vertex 4.1052 -25.1305 47.5248
      vertex 29.2586 -25 47.5248
    endloop
  endfacet
  facet normal -0 0 1
    outer loop
      vertex 4.0129 -25.0923 47.5248
      vertex 4.1052 -25.1305 47.5248
      vertex 29.2586 -0.741445 47.5248
    endloop
  endfacet
  facet normal 0 0 1
    outer loop
      vertex 4.1052 -25.1305 47.5248
      vertex 4.0129 -25.0923 47.5248
      vertex 4.07142 -25.1261 47.5248
    endloop
  endfacet
  facet normal 0 0 1
    outer loop
      vertex 4.07142 -25.1261 47.5248
      vertex 4.0129 -25.0923 47.5248
      vertex 4.03994 -25.113 47.5248
    endloop
  endfacet
  facet normal 0 -0 1
    outer loop
      vertex 4.0129 -25.0923 47.5248
      vertex 29.2586 -0.741445 47.5248
      vertex -14.6722 -0.741445 47.5248
    endloop
  endfacet
  facet normal 0 0 1
    outer loop
      vertex 29.2757 -25.1305 47.5248
      vertex 29.2586 -25 47.5248
      vertex 4.1052 -25.1305 47.5248
    endloop
  endfacet
  facet normal 0 -0.86602 -0.50001
    outer loop
      vertex 4.1052 -25.9239 29.284
      vertex 29.7543 -25.8586 29.1709
      vertex 29.9118 -25.9239 29.284
    endloop
  endfacet
  facet normal -0 -0.86609 -0.499888
    outer loop
      vertex 29.6692 -25.7934 29.0579
      vertex 4.1052 -25.9239 29.284
      vertex 4.1052 -25.7934 29.0579
    endloop
  endfacet
  facet normal 1.42376e-06 -0.86616 -0.499767
    outer loop
      vertex 4.1052 -25.9239 29.284
      vertex 29.6692 -25.7934 29.0579
      vertex 29.7543 -25.8586 29.1709
    endloop
  endfacet
  facet normal -0.563426 -0.432325 0.704022
    outer loop
      vertex 3.67474 -25.4305 47.3267
      vertex 3.41814 -25.3967 47.1421
      vertex 3.54421 -25.561 47.1421
    endloop
  endfacet
  facet normal -0.56344 -0.432253 0.704054
    outer loop
      vertex 3.578 -25.3044 47.3267
      vertex 3.41814 -25.3967 47.1421
      vertex 3.67474 -25.4305 47.3267
    endloop
  endfacet
  facet normal -1 0 0
    outer loop
      vertex 29.2586 -25 47.5248
      vertex 29.2586 -0.741445 58.4086
      vertex 29.2586 -0.741445 47.5248
    endloop
  endfacet
  facet normal -1 -0 0
    outer loop
      vertex 29.2586 -0.741445 58.4086
      vertex 29.2586 -25 47.5248
      vertex 29.2586 -25 58.4086
    endloop
  endfacet
  facet normal -0.991524 -0.129924 0
    outer loop
      vertex 29.2757 -25.1305 47.5248
      vertex 29.2586 -25 58.4086
      vertex 29.2586 -25 47.5248
    endloop
  endfacet
  facet normal -0.991524 -0.129924 0
    outer loop
      vertex 29.2757 -25.1305 47.5248
      vertex 29.2757 -25.1305 58.4086
      vertex 29.2586 -25 58.4086
    endloop
  endfacet
  facet normal -0.991446 -0.130516 0
    outer loop
      vertex 29.2923 -25.2566 47.491
      vertex 29.2757 -25.1305 58.4086
      vertex 29.2757 -25.1305 47.5248
    endloop
  endfacet
  facet normal -0.991446 -0.130516 0
    outer loop
      vertex 29.2757 -25.1305 58.4086
      vertex 29.2923 -25.2566 47.491
      vertex 29.2923 -25.2566 58.4423
    endloop
  endfacet
  facet normal -0.382991 -0.923752 0
    outer loop
      vertex 29.7543 -25.8586 47.0291
      vertex 29.9118 -25.9239 59.0173
      vertex 29.7543 -25.8586 58.9043
    endloop
  endfacet
  facet normal -0.382991 -0.923752 0
    outer loop
      vertex 29.9118 -25.9239 46.916
      vertex 29.9118 -25.9239 59.0173
      vertex 29.7543 -25.8586 47.0291
    endloop
  endfacet
  facet normal -0.382685 -0.923879 -0
    outer loop
      vertex 29.9118 -25.9239 59.0173
      vertex 29.9118 -25.9239 46.916
      vertex 29.9934 -25.9577 59.1434
    endloop
  endfacet
  facet normal -0.382685 -0.923879 -0
    outer loop
      vertex 29.9934 -25.9577 59.1434
      vertex 29.9118 -25.9239 46.916
      vertex 29.9934 -25.9577 46.7899
    endloop
  endfacet
  facet normal -0.130215 -0.991486 0
    outer loop
      vertex 29.9934 -25.9577 46.7899
      vertex 30.25 -25.9914 59.2695
      vertex 29.9934 -25.9577 59.1434
    endloop
  endfacet
  facet normal -0.130215 -0.991486 -0
    outer loop
      vertex 30.25 -25.9914 59.2695
      vertex 29.9934 -25.9577 46.7899
      vertex 30.25 -25.9914 46.6639
    endloop
  endfacet
  facet normal -0.79364 -0.608387 0
    outer loop
      vertex 29.4781 -25.6088 47.3267
      vertex 29.3914 -25.4957 58.5414
      vertex 29.3914 -25.4957 47.3919
    endloop
  endfacet
  facet normal -0.79364 -0.608387 0
    outer loop
      vertex 29.4781 -25.6088 47.3267
      vertex 29.4781 -25.6088 58.6066
      vertex 29.3914 -25.4957 58.5414
    endloop
  endfacet
  facet normal -0.793454 -0.60863 0
    outer loop
      vertex 29.5489 -25.7011 47.2344
      vertex 29.4781 -25.6088 58.6066
      vertex 29.4781 -25.6088 47.3267
    endloop
  endfacet
  facet normal -0.793454 -0.60863 0
    outer loop
      vertex 29.4781 -25.6088 58.6066
      vertex 29.5489 -25.7011 47.2344
      vertex 29.5489 -25.7011 58.6989
    endloop
  endfacet
  facet normal -0.923704 -0.383106 0
    outer loop
      vertex 29.3446 -25.3827 47.4572
      vertex 29.2923 -25.2566 58.4423
      vertex 29.2923 -25.2566 47.491
    endloop
  endfacet
  facet normal -0.923704 -0.383106 0
    outer loop
      vertex 29.3446 -25.3827 47.4572
      vertex 29.3446 -25.3827 58.4761
      vertex 29.2923 -25.2566 58.4423
    endloop
  endfacet
  facet normal -0.923897 -0.382641 0
    outer loop
      vertex 29.3914 -25.4957 47.3919
      vertex 29.3446 -25.3827 58.4761
      vertex 29.3446 -25.3827 47.4572
    endloop
  endfacet
  facet normal -0.923897 -0.382641 0
    outer loop
      vertex 29.3446 -25.3827 58.4761
      vertex 29.3914 -25.4957 47.3919
      vertex 29.3914 -25.4957 58.5414
    endloop
  endfacet
  facet normal -0.608722 -0.793383 0
    outer loop
      vertex 29.5489 -25.7011 47.2344
      vertex 29.6692 -25.7934 58.7912
      vertex 29.5489 -25.7011 58.6989
    endloop
  endfacet
  facet normal -0.608722 -0.793383 0
    outer loop
      vertex 29.6692 -25.7934 47.1421
      vertex 29.6692 -25.7934 58.7912
      vertex 29.5489 -25.7011 47.2344
    endloop
  endfacet
  facet normal -0.608177 -0.793801 -0
    outer loop
      vertex 29.6692 -25.7934 58.7912
      vertex 29.6692 -25.7934 47.1421
      vertex 29.7543 -25.8586 58.9043
    endloop
  endfacet
  facet normal -0.608177 -0.793801 -0
    outer loop
      vertex 29.7543 -25.8586 58.9043
      vertex 29.6692 -25.7934 47.1421
      vertex 29.7543 -25.8586 47.0291
    endloop
  endfacet
  facet normal -0.608028 0.792398 0.0490762
    outer loop
      vertex 37.1 5.62538 8.11721
      vertex 2.34265 -21.0603 8.36667
      vertex 37.1 5.60993 8.36667
    endloop
  endfacet
  facet normal -0.60803 0.792401 0.0489946
    outer loop
      vertex 2.34265 -21.0603 8.36667
      vertex 37.1 5.62538 8.11721
      vertex 2.33519 -21.0506 8.11721
    endloop
  endfacet
  facet normal 0.60803 -0.7924 0.0489946
    outer loop
      vertex -0.748484 -17.0319 8.11721
      vertex 37.1 12.0257 8.36667
      vertex -0.755944 -17.0222 8.36667
    endloop
  endfacet
  facet normal 0.608033 -0.792403 0.0489177
    outer loop
      vertex 37.1 12.0257 8.36667
      vertex -0.748484 -17.0319 8.11721
      vertex 37.1 12.0103 8.11721
    endloop
  endfacet
  facet normal 0.0298586 -0.0389125 0.998796
    outer loop
      vertex 0.641496 -18.8433 5.83392
      vertex 37.1 8.81783 5.82167
      vertex 37.1 9.13226 5.83392
    endloop
  endfacet
  facet normal 0.0298592 -0.0389133 0.998796
    outer loop
      vertex 37.1 8.81783 5.82167
      vertex 0.641496 -18.8433 5.83392
      vertex 0.793353 -19.0412 5.82167
    endloop
  endfacet
  facet normal -0.0299807 0.0390716 -0.998787
    outer loop
      vertex 0.793353 -19.0412 10.9117
      vertex 37.1 8.5034 10.8994
      vertex 0.945211 -19.2391 10.8994
    endloop
  endfacet
  facet normal -0.0299801 0.0390709 -0.998787
    outer loop
      vertex 37.1 8.5034 10.8994
      vertex 0.793353 -19.0412 10.9117
      vertex 37.1 8.81783 10.9117
    endloop
  endfacet
  facet normal -0.40881 0.532772 0.740964
    outer loop
      vertex 1.77622 -20.3221 6.39936
      vertex 37.1 6.5495 6.56708
      vertex 37.1 6.78276 6.39936
    endloop
  endfacet
  facet normal -0.40883 0.532799 0.740934
    outer loop
      vertex 37.1 6.5495 6.56708
      vertex 1.77622 -20.3221 6.39936
      vertex 1.88887 -20.4689 6.56708
    endloop
  endfacet
  facet normal 0.408772 -0.532722 0.741021
    outer loop
      vertex -0.302165 -17.6135 6.56708
      vertex 37.1 10.8529 6.39936
      vertex 37.1 11.0862 6.56708
    endloop
  endfacet
  facet normal 0.408827 -0.532795 0.740939
    outer loop
      vertex 37.1 10.8529 6.39936
      vertex -0.302165 -17.6135 6.56708
      vertex -0.189511 -17.7603 6.39936
    endloop
  endfacet
  facet normal 0.260279 -0.339202 0.903989
    outer loop
      vertex 0.0630197 -18.0894 6.12218
      vertex 37.1 10.0454 6.01539
      vertex 37.1 10.33 6.12218
    endloop
  endfacet
  facet normal 0.260231 -0.33914 0.904026
    outer loop
      vertex 37.1 10.0454 6.01539
      vertex 0.0630197 -18.0894 6.12218
      vertex 0.200463 -18.2686 6.01539
    endloop
  endfacet
  facet normal -0.550322 0.717194 0.427527
    outer loop
      vertex 37.1 5.98871 7.16696
      vertex 2.22472 -20.9066 7.39274
      vertex 37.1 5.85412 7.39274
    endloop
  endfacet
  facet normal -0.550326 0.7172 0.427511
    outer loop
      vertex 2.22472 -20.9066 7.39274
      vertex 37.1 5.98871 7.16696
      vertex 2.15971 -20.8219 7.16696
    endloop
  endfacet
  facet normal -0.205083 0.26727 0.941545
    outer loop
      vertex 1.24309 -19.6273 5.93125
      vertex 37.1 7.59022 6.01539
      vertex 37.1 7.88663 5.93125
    endloop
  endfacet
  facet normal -0.205064 0.267244 0.941557
    outer loop
      vertex 37.1 7.59022 6.01539
      vertex 1.24309 -19.6273 5.93125
      vertex 1.38624 -19.8139 6.01539
    endloop
  endfacet
  facet normal -0.312967 0.407867 0.857727
    outer loop
      vertex 1.52369 -19.993 6.12218
      vertex 37.1 7.03562 6.25058
      vertex 37.1 7.30564 6.12218
    endloop
  endfacet
  facet normal -0.312927 0.407814 0.857767
    outer loop
      vertex 37.1 7.03562 6.25058
      vertex 1.52369 -19.993 6.12218
      vertex 1.6541 -20.163 6.25058
    endloop
  endfacet
  facet normal 0.550253 -0.717106 0.427763
    outer loop
      vertex -0.573005 -17.2606 7.16696
      vertex 37.1 11.7815 7.39274
      vertex -0.638011 -17.1758 7.39274
    endloop
  endfacet
  facet normal 0.550314 -0.717184 0.427553
    outer loop
      vertex 37.1 11.7815 7.39274
      vertex -0.573005 -17.2606 7.16696
      vertex 37.1 11.6469 7.16696
    endloop
  endfacet
  facet normal 0.312984 -0.407889 0.857711
    outer loop
      vertex -0.0673903 -17.9195 6.25058
      vertex 37.1 10.33 6.12218
      vertex 37.1 10.6 6.25058
    endloop
  endfacet
  facet normal 0.313012 -0.407926 0.857683
    outer loop
      vertex 37.1 10.33 6.12218
      vertex -0.0673903 -17.9195 6.25058
      vertex 0.0630197 -18.0894 6.12218
    endloop
  endfacet
  facet normal 0.147902 -0.19275 0.970037
    outer loop
      vertex 0.343616 -18.4551 5.93125
      vertex 37.1 9.44366 5.87057
      vertex 37.1 9.74904 5.93125
    endloop
  endfacet
  facet normal 0.147907 -0.192757 0.970035
    outer loop
      vertex 37.1 9.44366 5.87057
      vertex 0.343616 -18.4551 5.93125
      vertex 0.4911 -18.6473 5.87057
    endloop
  endfacet
  facet normal -0.590518 0.769579 -0.242973
    outer loop
      vertex 2.31288 -21.0215 8.86317
      vertex 37.1 5.74806 9.10544
      vertex 37.1 5.67157 8.86317
    endloop
  endfacet
  facet normal -0.590539 0.769605 -0.242839
    outer loop
      vertex 37.1 5.74806 9.10544
      vertex 2.31288 -21.0215 8.86317
      vertex 2.27594 -20.9734 9.10544
    endloop
  endfacet
  facet normal -0.0892115 0.116263 -0.989204
    outer loop
      vertex 0.945211 -19.2391 10.8994
      vertex 37.1 8.192 10.8628
      vertex 1.09561 -19.4351 10.8628
    endloop
  endfacet
  facet normal -0.0892129 0.116265 -0.989203
    outer loop
      vertex 37.1 8.192 10.8628
      vertex 0.945211 -19.2391 10.8994
      vertex 37.1 8.5034 10.8994
    endloop
  endfacet
  facet normal -0.260123 0.338999 -0.904111
    outer loop
      vertex 1.38624 -19.8139 10.7179
      vertex 37.1 7.30564 10.6112
      vertex 1.52369 -19.993 10.6112
    endloop
  endfacet
  facet normal -0.260115 0.338988 -0.904117
    outer loop
      vertex 37.1 7.30564 10.6112
      vertex 1.38624 -19.8139 10.7179
      vertex 37.1 7.59022 10.7179
    endloop
  endfacet
  facet normal -0.590518 0.769579 0.242973
    outer loop
      vertex 37.1 5.74806 7.62789
      vertex 2.31288 -21.0215 7.87016
      vertex 37.1 5.67157 7.87016
    endloop
  endfacet
  facet normal -0.590539 0.769605 0.242839
    outer loop
      vertex 2.31288 -21.0215 7.87016
      vertex 37.1 5.74806 7.62789
      vertex 2.27594 -20.9734 7.62789
    endloop
  endfacet
  facet normal -0.602173 0.784767 0.146725
    outer loop
      vertex 37.1 5.67157 7.87016
      vertex 2.33519 -21.0506 8.11721
      vertex 37.1 5.62538 8.11721
    endloop
  endfacet
  facet normal -0.602164 0.784757 0.146815
    outer loop
      vertex 2.33519 -21.0506 8.11721
      vertex 37.1 5.67157 7.87016
      vertex 2.31288 -21.0215 7.87016
    endloop
  endfacet
  facet normal -0.573172 0.746972 0.336908
    outer loop
      vertex 37.1 5.85412 7.39274
      vertex 2.27594 -20.9734 7.62789
      vertex 37.1 5.74806 7.62789
    endloop
  endfacet
  facet normal -0.573145 0.746938 0.337027
    outer loop
      vertex 2.27594 -20.9734 7.62789
      vertex 37.1 5.85412 7.39274
      vertex 2.22472 -20.9066 7.39274
    endloop
  endfacet
  facet normal -0.488958 0.637224 0.595706
    outer loop
      vertex 37.1 6.33809 6.75214
      vertex 2.08155 -20.72 6.95274
      vertex 37.1 6.15056 6.95274
    endloop
  endfacet
  facet normal -0.48899 0.637264 0.595638
    outer loop
      vertex 2.08155 -20.72 6.95274
      vertex 37.1 6.33809 6.75214
      vertex 1.99098 -20.602 6.75214
    endloop
  endfacet
  facet normal -0.451069 0.587845 0.671547
    outer loop
      vertex 1.88887 -20.4689 6.56708
      vertex 37.1 6.33809 6.75214
      vertex 37.1 6.5495 6.56708
    endloop
  endfacet
  facet normal -0.451029 0.587793 0.671619
    outer loop
      vertex 37.1 6.33809 6.75214
      vertex 1.88887 -20.4689 6.56708
      vertex 1.99098 -20.602 6.75214
    endloop
  endfacet
  facet normal -0.522146 0.680474 0.51412
    outer loop
      vertex 37.1 6.15056 6.95274
      vertex 2.15971 -20.8219 7.16696
      vertex 37.1 5.98871 7.16696
    endloop
  endfacet
  facet normal -0.522125 0.680447 0.514176
    outer loop
      vertex 2.15971 -20.8219 7.16696
      vertex 37.1 6.15056 6.95274
      vertex 2.08155 -20.72 6.95274
    endloop
  endfacet
  facet normal -0.0893322 0.11642 0.989174
    outer loop
      vertex 0.945211 -19.2391 5.83392
      vertex 37.1 8.192 5.87057
      vertex 37.1 8.5034 5.83392
    endloop
  endfacet
  facet normal -0.0893308 0.116418 0.989175
    outer loop
      vertex 37.1 8.192 5.87057
      vertex 0.945211 -19.2391 5.83392
      vertex 1.09561 -19.4351 5.87057
    endloop
  endfacet
  facet normal -0.147906 0.192756 0.970036
    outer loop
      vertex 1.09561 -19.4351 5.87057
      vertex 37.1 7.88663 5.93125
      vertex 37.1 8.192 5.87057
    endloop
  endfacet
  facet normal -0.147908 0.192758 0.970035
    outer loop
      vertex 37.1 7.88663 5.93125
      vertex 1.09561 -19.4351 5.87057
      vertex 1.24309 -19.6273 5.93125
    endloop
  endfacet
  facet normal -0.0298586 0.0389125 0.998796
    outer loop
      vertex 0.793353 -19.0412 5.82167
      vertex 37.1 8.5034 5.83392
      vertex 37.1 8.81783 5.82167
    endloop
  endfacet
  facet normal -0.0298591 0.0389132 0.998796
    outer loop
      vertex 37.1 8.5034 5.83392
      vertex 0.793353 -19.0412 5.82167
      vertex 0.945211 -19.2391 5.83392
    endloop
  endfacet
  facet normal -0.260294 0.339222 0.903978
    outer loop
      vertex 1.38624 -19.8139 6.01539
      vertex 37.1 7.30564 6.12218
      vertex 37.1 7.59022 6.01539
    endloop
  endfacet
  facet normal -0.260302 0.339233 0.903971
    outer loop
      vertex 37.1 7.30564 6.12218
      vertex 1.38624 -19.8139 6.01539
      vertex 1.52369 -19.993 6.12218
    endloop
  endfacet
  facet normal -0.362638 0.472599 0.803208
    outer loop
      vertex 1.6541 -20.163 6.25058
      vertex 37.1 6.78276 6.39936
      vertex 37.1 7.03562 6.25058
    endloop
  endfacet
  facet normal -0.362688 0.472664 0.803148
    outer loop
      vertex 37.1 6.78276 6.39936
      vertex 1.6541 -20.163 6.25058
      vertex 1.77622 -20.3221 6.39936
    endloop
  endfacet
  facet normal 0.590539 -0.769604 0.242846
    outer loop
      vertex -0.689232 -17.1091 7.62789
      vertex 37.1 11.9641 7.87016
      vertex -0.726175 -17.061 7.87016
    endloop
  endfacet
  facet normal 0.590514 -0.769573 0.243003
    outer loop
      vertex 37.1 11.9641 7.87016
      vertex -0.689232 -17.1091 7.62789
      vertex 37.1 11.8876 7.62789
    endloop
  endfacet
  facet normal 0.488896 -0.637142 0.595844
    outer loop
      vertex -0.40427 -17.4805 6.75214
      vertex 37.1 11.4851 6.95274
      vertex -0.494841 -17.3624 6.95274
    endloop
  endfacet
  facet normal 0.488987 -0.63726 0.595644
    outer loop
      vertex 37.1 11.4851 6.95274
      vertex -0.40427 -17.4805 6.75214
      vertex 37.1 11.2976 6.75214
    endloop
  endfacet
  facet normal 0.45108 -0.587857 0.671529
    outer loop
      vertex -0.40427 -17.4805 6.75214
      vertex 37.1 11.0862 6.56708
      vertex 37.1 11.2976 6.75214
    endloop
  endfacet
  facet normal 0.451129 -0.587923 0.671438
    outer loop
      vertex 37.1 11.0862 6.56708
      vertex -0.40427 -17.4805 6.75214
      vertex -0.302165 -17.6135 6.56708
    endloop
  endfacet
  facet normal 0.522208 -0.680555 0.51395
    outer loop
      vertex -0.494841 -17.3624 6.95274
      vertex 37.1 11.6469 7.16696
      vertex -0.573005 -17.2606 7.16696
    endloop
  endfacet
  facet normal 0.522188 -0.68053 0.514003
    outer loop
      vertex 37.1 11.6469 7.16696
      vertex -0.494841 -17.3624 6.95274
      vertex 37.1 11.4851 6.95274
    endloop
  endfacet
  facet normal 0.573207 -0.747017 0.336748
    outer loop
      vertex -0.638011 -17.1758 7.39274
      vertex 37.1 11.8876 7.62789
      vertex -0.689232 -17.1091 7.62789
    endloop
  endfacet
  facet normal 0.573146 -0.746941 0.337021
    outer loop
      vertex 37.1 11.8876 7.62789
      vertex -0.638011 -17.1758 7.39274
      vertex 37.1 11.7815 7.39274
    endloop
  endfacet
  facet normal 0.602166 -0.784756 0.146813
    outer loop
      vertex -0.726175 -17.061 7.87016
      vertex 37.1 12.0103 8.11721
      vertex -0.748484 -17.0319 8.11721
    endloop
  endfacet
  facet normal 0.602171 -0.784763 0.146756
    outer loop
      vertex 37.1 12.0103 8.11721
      vertex -0.726175 -17.061 7.87016
      vertex 37.1 11.9641 7.87016
    endloop
  endfacet
  facet normal 0.3626 -0.472551 0.803254
    outer loop
      vertex -0.189511 -17.7603 6.39936
      vertex 37.1 10.6 6.25058
      vertex 37.1 10.8529 6.39936
    endloop
  endfacet
  facet normal 0.362595 -0.472543 0.803261
    outer loop
      vertex 37.1 10.6 6.25058
      vertex -0.189511 -17.7603 6.39936
      vertex -0.0673903 -17.9195 6.25058
    endloop
  endfacet
  facet normal 0.205114 -0.26731 0.941527
    outer loop
      vertex 0.200463 -18.2686 6.01539
      vertex 37.1 9.74904 5.93125
      vertex 37.1 10.0454 6.01539
    endloop
  endfacet
  facet normal 0.205123 -0.267322 0.941522
    outer loop
      vertex 37.1 9.74904 5.93125
      vertex 0.200463 -18.2686 6.01539
      vertex 0.343616 -18.4551 5.93125
    endloop
  endfacet
  facet normal 0.0893322 -0.11642 0.989174
    outer loop
      vertex 0.4911 -18.6473 5.87057
      vertex 37.1 9.13226 5.83392
      vertex 37.1 9.44366 5.87057
    endloop
  endfacet
  facet normal 0.0893315 -0.116419 0.989175
    outer loop
      vertex 37.1 9.13226 5.83392
      vertex 0.4911 -18.6473 5.87057
      vertex 0.641496 -18.8433 5.83392
    endloop
  endfacet
  facet normal -0.608028 0.792398 -0.0490781
    outer loop
      vertex 2.34265 -21.0603 8.36667
      vertex 37.1 5.62538 8.61612
      vertex 37.1 5.60993 8.36667
    endloop
  endfacet
  facet normal -0.60803 0.7924 -0.0489966
    outer loop
      vertex 37.1 5.62538 8.61612
      vertex 2.34265 -21.0603 8.36667
      vertex 2.33519 -21.0506 8.61612
    endloop
  endfacet
  facet normal -0.451073 0.58785 -0.671539
    outer loop
      vertex 1.88887 -20.4689 10.1663
      vertex 37.1 6.33809 9.9812
      vertex 1.99098 -20.602 9.9812
    endloop
  endfacet
  facet normal -0.451113 0.587903 -0.671467
    outer loop
      vertex 37.1 6.33809 9.9812
      vertex 1.88887 -20.4689 10.1663
      vertex 37.1 6.5495 10.1663
    endloop
  endfacet
  facet normal 0.4088 -0.53276 -0.740979
    outer loop
      vertex -0.302165 -17.6135 10.1663
      vertex 37.1 10.8529 10.334
      vertex -0.189511 -17.7603 10.334
    endloop
  endfacet
  facet normal 0.408745 -0.532687 -0.741061
    outer loop
      vertex 37.1 10.8529 10.334
      vertex -0.302165 -17.6135 10.1663
      vertex 37.1 11.0862 10.1663
    endloop
  endfacet
  facet normal 0.550248 -0.7171 -0.427778
    outer loop
      vertex 37.1 11.7815 9.3406
      vertex -0.573005 -17.2606 9.56637
      vertex -0.638011 -17.1758 9.3406
    endloop
  endfacet
  facet normal 0.55031 -0.717178 -0.427569
    outer loop
      vertex -0.573005 -17.2606 9.56637
      vertex 37.1 11.7815 9.3406
      vertex 37.1 11.6469 9.56637
    endloop
  endfacet
  facet normal 0.488905 -0.637154 -0.595825
    outer loop
      vertex 37.1 11.4851 9.78059
      vertex -0.40427 -17.4805 9.9812
      vertex -0.494841 -17.3624 9.78059
    endloop
  endfacet
  facet normal 0.488996 -0.637271 -0.595625
    outer loop
      vertex -0.40427 -17.4805 9.9812
      vertex 37.1 11.4851 9.78059
      vertex 37.1 11.2976 9.9812
    endloop
  endfacet
  facet normal -0.550317 0.717188 -0.427543
    outer loop
      vertex 2.22472 -20.9066 9.3406
      vertex 37.1 5.98871 9.56637
      vertex 37.1 5.85412 9.3406
    endloop
  endfacet
  facet normal -0.550322 0.717194 -0.427527
    outer loop
      vertex 37.1 5.98871 9.56637
      vertex 2.22472 -20.9066 9.3406
      vertex 2.15971 -20.8219 9.56637
    endloop
  endfacet
  facet normal -0.573175 0.746975 -0.336895
    outer loop
      vertex 2.27594 -20.9734 9.10544
      vertex 37.1 5.85412 9.3406
      vertex 37.1 5.74806 9.10544
    endloop
  endfacet
  facet normal -0.573148 0.746942 -0.337015
    outer loop
      vertex 37.1 5.85412 9.3406
      vertex 2.27594 -20.9734 9.10544
      vertex 2.22472 -20.9066 9.3406
    endloop
  endfacet
  facet normal -0.602173 0.784767 -0.146725
    outer loop
      vertex 2.33519 -21.0506 8.61612
      vertex 37.1 5.67157 8.86317
      vertex 37.1 5.62538 8.61612
    endloop
  endfacet
  facet normal -0.602164 0.784757 -0.146815
    outer loop
      vertex 37.1 5.67157 8.86317
      vertex 2.33519 -21.0506 8.61612
      vertex 2.31288 -21.0215 8.86317
    endloop
  endfacet
  facet normal -0.488967 0.637235 -0.595687
    outer loop
      vertex 2.08155 -20.72 9.78059
      vertex 37.1 6.33809 9.9812
      vertex 37.1 6.15056 9.78059
    endloop
  endfacet
  facet normal -0.488998 0.637275 -0.595618
    outer loop
      vertex 37.1 6.33809 9.9812
      vertex 2.08155 -20.72 9.78059
      vertex 1.99098 -20.602 9.9812
    endloop
  endfacet
  facet normal 0.147953 -0.192816 -0.970016
    outer loop
      vertex 0.343616 -18.4551 10.8021
      vertex 37.1 9.44366 10.8628
      vertex 0.4911 -18.6473 10.8628
    endloop
  endfacet
  facet normal 0.147948 -0.192809 -0.970019
    outer loop
      vertex 37.1 9.44366 10.8628
      vertex 0.343616 -18.4551 10.8021
      vertex 37.1 9.74904 10.8021
    endloop
  endfacet
  facet normal 0.451173 -0.58798 -0.671358
    outer loop
      vertex -0.40427 -17.4805 9.9812
      vertex 37.1 11.0862 10.1663
      vertex -0.302165 -17.6135 10.1663
    endloop
  endfacet
  facet normal 0.451124 -0.587915 -0.671449
    outer loop
      vertex 37.1 11.0862 10.1663
      vertex -0.40427 -17.4805 9.9812
      vertex 37.1 11.2976 9.9812
    endloop
  endfacet
  facet normal 0.590539 -0.769604 -0.242846
    outer loop
      vertex 37.1 11.9641 8.86317
      vertex -0.689232 -17.1091 9.10544
      vertex -0.726175 -17.061 8.86317
    endloop
  endfacet
  facet normal 0.590514 -0.769573 -0.243003
    outer loop
      vertex -0.689232 -17.1091 9.10544
      vertex 37.1 11.9641 8.86317
      vertex 37.1 11.8876 9.10544
    endloop
  endfacet
  facet normal 0.573209 -0.747021 -0.336735
    outer loop
      vertex 37.1 11.8876 9.10544
      vertex -0.638011 -17.1758 9.3406
      vertex -0.689232 -17.1091 9.10544
    endloop
  endfacet
  facet normal 0.573149 -0.746944 -0.337008
    outer loop
      vertex -0.638011 -17.1758 9.3406
      vertex 37.1 11.8876 9.10544
      vertex 37.1 11.7815 9.3406
    endloop
  endfacet
  facet normal 0.60803 -0.7924 -0.0489966
    outer loop
      vertex 37.1 12.0257 8.36667
      vertex -0.748484 -17.0319 8.61612
      vertex -0.755944 -17.0222 8.36667
    endloop
  endfacet
  facet normal 0.608033 -0.792403 -0.0489197
    outer loop
      vertex -0.748484 -17.0319 8.61612
      vertex 37.1 12.0257 8.36667
      vertex 37.1 12.0103 8.61612
    endloop
  endfacet
  facet normal -0.147954 0.192818 -0.970016
    outer loop
      vertex 1.09561 -19.4351 10.8628
      vertex 37.1 7.88663 10.8021
      vertex 1.24309 -19.6273 10.8021
    endloop
  endfacet
  facet normal -0.147952 0.192815 -0.970017
    outer loop
      vertex 37.1 7.88663 10.8021
      vertex 1.09561 -19.4351 10.8628
      vertex 37.1 8.192 10.8628
    endloop
  endfacet
  facet normal -0.205193 0.267413 -0.941481
    outer loop
      vertex 1.24309 -19.6273 10.8021
      vertex 37.1 7.59022 10.7179
      vertex 1.38624 -19.8139 10.7179
    endloop
  endfacet
  facet normal -0.205213 0.267439 -0.941469
    outer loop
      vertex 37.1 7.59022 10.7179
      vertex 1.24309 -19.6273 10.8021
      vertex 37.1 7.88663 10.8021
    endloop
  endfacet
  facet normal -0.522146 0.680474 -0.51412
    outer loop
      vertex 2.15971 -20.8219 9.56637
      vertex 37.1 6.15056 9.78059
      vertex 37.1 5.98871 9.56637
    endloop
  endfacet
  facet normal -0.522125 0.680447 -0.514176
    outer loop
      vertex 37.1 6.15056 9.78059
      vertex 2.15971 -20.8219 9.56637
      vertex 2.08155 -20.72 9.78059
    endloop
  endfacet
  facet normal 0.0299807 -0.0390717 -0.998787
    outer loop
      vertex 0.641496 -18.8433 10.8994
      vertex 37.1 8.81783 10.9117
      vertex 0.793353 -19.0412 10.9117
    endloop
  endfacet
  facet normal 0.0299801 -0.0390709 -0.998787
    outer loop
      vertex 37.1 8.81783 10.9117
      vertex 0.641496 -18.8433 10.8994
      vertex 37.1 9.13226 10.8994
    endloop
  endfacet
  facet normal 0.205253 -0.267491 -0.941445
    outer loop
      vertex 0.200463 -18.2686 10.7179
      vertex 37.1 9.74904 10.8021
      vertex 0.343616 -18.4551 10.8021
    endloop
  endfacet
  facet normal 0.205244 -0.267479 -0.941451
    outer loop
      vertex 37.1 9.74904 10.8021
      vertex 0.200463 -18.2686 10.7179
      vertex 37.1 10.0454 10.7179
    endloop
  endfacet
  facet normal 0.522208 -0.680555 -0.51395
    outer loop
      vertex 37.1 11.6469 9.56637
      vertex -0.494841 -17.3624 9.78059
      vertex -0.573005 -17.2606 9.56637
    endloop
  endfacet
  facet normal 0.522188 -0.68053 -0.514003
    outer loop
      vertex -0.494841 -17.3624 9.78059
      vertex 37.1 11.6469 9.56637
      vertex 37.1 11.4851 9.78059
    endloop
  endfacet
  facet normal 0.602166 -0.784756 -0.146813
    outer loop
      vertex 37.1 12.0103 8.61612
      vertex -0.726175 -17.061 8.86317
      vertex -0.748484 -17.0319 8.61612
    endloop
  endfacet
  facet normal 0.602171 -0.784763 -0.146756
    outer loop
      vertex -0.726175 -17.061 8.86317
      vertex 37.1 12.0103 8.61612
      vertex 37.1 11.9641 8.86317
    endloop
  endfacet
  facet normal -0.408803 0.532764 -0.740974
    outer loop
      vertex 1.77622 -20.3221 10.334
      vertex 37.1 6.5495 10.1663
      vertex 1.88887 -20.4689 10.1663
    endloop
  endfacet
  facet normal -0.408783 0.532738 -0.741004
    outer loop
      vertex 37.1 6.5495 10.1663
      vertex 1.77622 -20.3221 10.334
      vertex 37.1 6.78276 10.334
    endloop
  endfacet
  facet normal -0.362719 0.472705 -0.803109
    outer loop
      vertex 1.6541 -20.163 10.4828
      vertex 37.1 6.78276 10.334
      vertex 1.77622 -20.3221 10.334
    endloop
  endfacet
  facet normal -0.36267 0.47264 -0.80317
    outer loop
      vertex 37.1 6.78276 10.334
      vertex 1.6541 -20.163 10.4828
      vertex 37.1 7.03562 10.4828
    endloop
  endfacet
  facet normal -0.312927 0.407814 -0.857767
    outer loop
      vertex 1.52369 -19.993 10.6112
      vertex 37.1 7.03562 10.4828
      vertex 1.6541 -20.163 10.4828
    endloop
  endfacet
  facet normal -0.312967 0.407867 -0.857727
    outer loop
      vertex 37.1 7.03562 10.4828
      vertex 1.52369 -19.993 10.6112
      vertex 37.1 7.30564 10.6112
    endloop
  endfacet
  facet normal 0.0892122 -0.116264 -0.989204
    outer loop
      vertex 0.4911 -18.6473 10.8628
      vertex 37.1 9.13226 10.8994
      vertex 0.641496 -18.8433 10.8994
    endloop
  endfacet
  facet normal 0.089213 -0.116265 -0.989203
    outer loop
      vertex 37.1 9.13226 10.8994
      vertex 0.4911 -18.6473 10.8628
      vertex 37.1 9.44366 10.8628
    endloop
  endfacet
  facet normal 0.313012 -0.407926 -0.857683
    outer loop
      vertex -0.0673903 -17.9195 10.4828
      vertex 37.1 10.33 10.6112
      vertex 0.0630197 -18.0894 10.6112
    endloop
  endfacet
  facet normal 0.312984 -0.407889 -0.857711
    outer loop
      vertex 37.1 10.33 10.6112
      vertex -0.0673903 -17.9195 10.4828
      vertex 37.1 10.6 10.4828
    endloop
  endfacet
  facet normal 0.362626 -0.472584 -0.803223
    outer loop
      vertex -0.189511 -17.7603 10.334
      vertex 37.1 10.6 10.4828
      vertex -0.0673903 -17.9195 10.4828
    endloop
  endfacet
  facet normal 0.362632 -0.472592 -0.803216
    outer loop
      vertex 37.1 10.6 10.4828
      vertex -0.189511 -17.7603 10.334
      vertex 37.1 10.8529 10.334
    endloop
  endfacet
  facet normal 0.260052 -0.338907 -0.904166
    outer loop
      vertex 0.0630197 -18.0894 10.6112
      vertex 37.1 10.0454 10.7179
      vertex 0.200463 -18.2686 10.7179
    endloop
  endfacet
  facet normal 0.260099 -0.338969 -0.904129
    outer loop
      vertex 37.1 10.0454 10.7179
      vertex 0.0630197 -18.0894 10.6112
      vertex 37.1 10.33 10.6112
    endloop
  endfacet
  facet normal -0.947978 0.315727 0.0406607
    outer loop
      vertex 1.59407 -23.3421 8.22458
      vertex 2.35483 -21.0762 8.36667
      vertex 2.34731 -21.0664 8.11525
    endloop
  endfacet
  facet normal -0.947976 0.315718 0.0407975
    outer loop
      vertex 2.35483 -21.0762 8.36667
      vertex 1.59407 -23.3421 8.22458
      vertex 1.59832 -23.3477 8.36667
    endloop
  endfacet
  facet normal -0.947976 0.315729 0.0407057
    outer loop
      vertex 1.59407 -23.3421 8.22458
      vertex 2.34731 -21.0664 8.11525
      vertex 1.58686 -23.3327 7.98376
    endloop
  endfacet
  facet normal -0.105225 -0.782522 -0.613667
    outer loop
      vertex -0.310775 -17.6023 10.1804
      vertex -2.28852 -18.2822 11.3865
      vertex -2.35269 -18.1986 11.2909
    endloop
  endfacet
  facet normal -0.105577 -0.782174 -0.61405
    outer loop
      vertex -2.28852 -18.2822 11.3865
      vertex -0.310775 -17.6023 10.1804
      vertex -0.197234 -17.7503 10.3494
    endloop
  endfacet
  facet normal -0.817924 0.14622 -0.556435
    outer loop
      vertex 2.00039 -20.6143 9.99389
      vertex 1.00034 -22.5684 10.9504
      vertex 1.89748 -20.4802 10.1804
    endloop
  endfacet
  facet normal -0.817908 0.146198 -0.556464
    outer loop
      vertex 1.00034 -22.5684 10.9504
      vertex 2.00039 -20.6143 9.99389
      vertex 1.0585 -22.6442 10.845
    endloop
  endfacet
  facet normal -0.74466 0.0507518 0.665511
    outer loop
      vertex 0.65929 -22.1239 5.26213
      vertex 1.78394 -20.3322 6.3839
      vertex 1.66086 -20.1718 6.23395
    endloop
  endfacet
  facet normal -0.744661 0.0507528 0.66551
    outer loop
      vertex 1.78394 -20.3322 6.3839
      vertex 0.65929 -22.1239 5.26213
      vertex 0.728848 -22.2145 5.34687
    endloop
  endfacet
  facet normal -0.933463 0.296812 -0.20137
    outer loop
      vertex 2.28759 -20.9886 9.11125
      vertex 1.53158 -23.2607 9.26679
      vertex 1.49591 -23.2142 9.50068
    endloop
  endfacet
  facet normal -0.0704872 -0.827837 0.556523
    outer loop
      vertex -2.46144 -18.0569 5.60432
      vertex -0.310775 -17.6023 6.55294
      vertex -2.56002 -17.9284 5.78298
    endloop
  endfacet
  facet normal -0.817866 0.146158 -0.556537
    outer loop
      vertex 1.89748 -20.4802 10.1804
      vertex 1.00034 -22.5684 10.9504
      vertex 0.901771 -22.4399 11.129
    endloop
  endfacet
  facet normal 0.0547489 -0.991072 0.121569
    outer loop
      vertex -3.125 -17.1921 7.74525
      vertex -0.738116 -17.0454 7.86626
      vertex -0.760601 -17.0161 8.11525
    endloop
  endfacet
  facet normal 0.054732 -0.991037 0.12186
    outer loop
      vertex -0.738116 -17.0454 7.86626
      vertex -3.125 -17.1921 7.74525
      vertex -3.11229 -17.2087 7.60454
    endloop
  endfacet
  facet normal -0.274239 -0.5623 0.780135
    outer loop
      vertex -1.55172 -19.2425 4.67626
      vertex 0.195804 -18.2625 5.99692
      vertex -1.68992 -19.0624 4.75749
    endloop
  endfacet
  facet normal -0.817923 0.146231 0.556434
    outer loop
      vertex 1.00034 -22.5684 5.78298
      vertex 1.89748 -20.4802 6.55294
      vertex 0.901771 -22.4399 5.60432
    endloop
  endfacet
  facet normal -0.744674 0.0507664 0.665495
    outer loop
      vertex 0.65929 -22.1239 5.26213
      vertex 1.66086 -20.1718 6.23395
      vertex 0.541394 -21.9703 5.11849
    endloop
  endfacet
  facet normal -0.659827 -0.0598044 0.749034
    outer loop
      vertex 0.262932 -21.6074 4.86058
      vertex 1.52943 -20.0005 6.10454
      vertex 1.3909 -19.82 5.99692
    endloop
  endfacet
  facet normal -0.659833 -0.0597951 0.749029
    outer loop
      vertex 1.52943 -20.0005 6.10454
      vertex 0.262932 -21.6074 4.86058
      vertex 0.341217 -21.7094 4.9214
    endloop
  endfacet
  facet normal -0.919101 0.27809 0.279142
    outer loop
      vertex 1.46674 -23.1762 7.09872
      vertex 2.28759 -20.9886 7.62209
      vertex 2.23597 -20.9213 7.38508
    endloop
  endfacet
  facet normal -0.919115 0.278112 0.279072
    outer loop
      vertex 2.28759 -20.9886 7.62209
      vertex 1.46674 -23.1762 7.09872
      vertex 1.49591 -23.2142 7.23266
    endloop
  endfacet
  facet normal -0.90018 0.253437 0.354182
    outer loop
      vertex 1.41729 -23.1117 6.8717
      vertex 2.23597 -20.9213 7.38508
      vertex 1.35453 -23.03 6.65373
    endloop
  endfacet
  facet normal 0.0547267 -0.991057 -0.121704
    outer loop
      vertex -0.760601 -17.0161 8.61808
      vertex -3.125 -17.1921 8.98808
      vertex -3.14654 -17.164 8.74957
    endloop
  endfacet
  facet normal -0.518228 -0.244342 -0.819595
    outer loop
      vertex 0.946404 -19.2407 10.9193
      vertex -0.401544 -20.7414 12.219
      vertex -0.546737 -20.5522 12.2544
    endloop
  endfacet
  facet normal -0.70367 -0.00265898 -0.710522
    outer loop
      vertex 0.467115 -21.8734 11.688
      vertex 1.66086 -20.1718 10.4994
      vertex 0.541394 -21.9703 11.6148
    endloop
  endfacet
  facet normal -0.703496 -0.00290017 -0.710693
    outer loop
      vertex 1.66086 -20.1718 10.4994
      vertex 0.467115 -21.8734 11.688
      vertex 1.52943 -20.0005 10.6288
    endloop
  endfacet
  facet normal -0.849362 0.187202 -0.493498
    outer loop
      vertex 2.09167 -20.7332 9.7917
      vertex 1.19753 -22.8253 10.537
      vertex 1.11009 -22.7114 10.7307
    endloop
  endfacet
  facet normal -0.943137 0.30942 -0.12146
    outer loop
      vertex 2.34731 -21.0664 8.61808
      vertex 1.58686 -23.3327 8.74957
      vertex 1.56533 -23.3047 8.98808
    endloop
  endfacet
  facet normal -0.566569 -0.181397 -0.8038
    outer loop
      vertex -0.315882 -20.853 12.1981
      vertex 1.24662 -19.632 10.8212
      vertex -0.231878 -20.9625 12.1636
    endloop
  endfacet
  facet normal -0.56684 -0.18095 -0.80371
    outer loop
      vertex 1.24662 -19.632 10.8212
      vertex -0.315882 -20.853 12.1981
      vertex 1.09798 -19.4382 10.8824
    endloop
  endfacet
  facet normal -0.947976 0.315729 -0.0407057
    outer loop
      vertex 2.34731 -21.0664 8.61808
      vertex 1.59407 -23.3421 8.50875
      vertex 1.58686 -23.3327 8.74957
    endloop
  endfacet
  facet normal -0.947978 0.315727 -0.0406624
    outer loop
      vertex 2.35483 -21.0762 8.36667
      vertex 1.59407 -23.3421 8.50875
      vertex 2.34731 -21.0664 8.61808
    endloop
  endfacet
  facet normal -0.947976 0.315718 -0.0408004
    outer loop
      vertex 1.59407 -23.3421 8.50875
      vertex 2.35483 -21.0762 8.36667
      vertex 1.59832 -23.3477 8.36667
    endloop
  endfacet
  facet normal -0.943137 0.30942 0.12146
    outer loop
      vertex 1.58686 -23.3327 7.98376
      vertex 2.34731 -21.0664 8.11525
      vertex 1.56533 -23.3047 7.74525
    endloop
  endfacet
  facet normal -0.370157 -0.437317 0.819596
    outer loop
      vertex -1.01294 -19.9446 4.47893
      vertex 0.640303 -18.8418 5.81402
      vertex -1.15813 -19.7554 4.51431
    endloop
  endfacet
  facet normal -0.81792 0.146228 0.556439
    outer loop
      vertex 1.00034 -22.5684 5.78298
      vertex 2.00039 -20.6143 6.73945
      vertex 1.89748 -20.4802 6.55294
    endloop
  endfacet
  facet normal -0.817904 0.146206 0.556468
    outer loop
      vertex 2.00039 -20.6143 6.73945
      vertex 1.00034 -22.5684 5.78298
      vertex 1.0585 -22.6442 5.88838
    endloop
  endfacet
  facet normal -0.41938 -0.373153 0.827573
    outer loop
      vertex -0.866332 -20.1357 4.4671
      vertex 0.793353 -19.0412 5.80167
      vertex 0.640303 -18.8418 5.81402
    endloop
  endfacet
  facet normal -0.419393 -0.373135 0.827575
    outer loop
      vertex 0.793353 -19.0412 5.80167
      vertex -0.866332 -20.1357 4.4671
      vertex -0.779836 -20.2484 4.46012
    endloop
  endfacet
  facet normal -0.876844 0.223016 0.425921
    outer loop
      vertex 1.31751 -22.9817 6.52514
      vertex 2.17045 -20.8359 7.15753
      vertex 1.24205 -22.8834 6.31832
    endloop
  endfacet
  facet normal -0.933477 0.296822 0.201291
    outer loop
      vertex 1.53158 -23.2607 7.46655
      vertex 2.32482 -21.0371 7.86626
      vertex 2.28759 -20.9886 7.62209
    endloop
  endfacet
  facet normal -0.933479 0.296826 0.201271
    outer loop
      vertex 2.32482 -21.0371 7.86626
      vertex 1.53158 -23.2607 7.46655
      vertex 1.55262 -23.2881 7.60454
    endloop
  endfacet
  facet normal -0.933463 0.296812 0.20137
    outer loop
      vertex 1.53158 -23.2607 7.46655
      vertex 2.28759 -20.9886 7.62209
      vertex 1.49591 -23.2142 7.23266
    endloop
  endfacet
  facet normal -0.919086 0.278077 0.279203
    outer loop
      vertex 1.46674 -23.1762 7.09872
      vertex 2.23597 -20.9213 7.38508
      vertex 1.41729 -23.1117 6.8717
    endloop
  endfacet
  facet normal 0.0307723 -0.959796 -0.279007
    outer loop
      vertex -0.700883 -17.0939 9.11125
      vertex -3.02641 -17.3206 9.63462
      vertex -3.05559 -17.2826 9.50068
    endloop
  endfacet
  facet normal 0.0307177 -0.959735 -0.279223
    outer loop
      vertex -3.02641 -17.3206 9.63462
      vertex -0.700883 -17.0939 9.11125
      vertex -0.64926 -17.1612 9.34825
    endloop
  endfacet
  facet normal 0.0596066 -0.997408 -0.0403001
    outer loop
      vertex -0.760601 -17.0161 8.61808
      vertex -3.14654 -17.164 8.74957
      vertex -3.15374 -17.1547 8.50875
    endloop
  endfacet
  facet normal -0.0390772 -0.868773 -0.493667
    outer loop
      vertex -0.504964 -17.3492 9.7917
      vertex -2.66976 -17.7854 10.7307
      vertex -2.7572 -17.6714 10.537
    endloop
  endfacet
  facet normal -0.105412 -0.782314 -0.6139
    outer loop
      vertex -0.310775 -17.6023 10.1804
      vertex -2.35269 -18.1986 11.2909
      vertex -2.46144 -18.0569 11.129
    endloop
  endfacet
  facet normal 0.0451024 -0.978469 -0.201407
    outer loop
      vertex -0.700883 -17.0939 9.11125
      vertex -3.05559 -17.2826 9.50068
      vertex -3.09125 -17.2361 9.26679
    endloop
  endfacet
  facet normal 0.0307528 -0.959807 -0.278972
    outer loop
      vertex -0.64926 -17.1612 9.34825
      vertex -2.97696 -17.385 9.86164
      vertex -3.02641 -17.3206 9.63462
    endloop
  endfacet
  facet normal -0.143955 -0.732135 -0.665774
    outer loop
      vertex -0.197234 -17.7503 10.3494
      vertex -2.21896 -18.3729 11.4712
      vertex -2.28852 -18.2822 11.3865
    endloop
  endfacet
  facet normal -0.143648 -0.732509 -0.665429
    outer loop
      vertex -2.21896 -18.3729 11.4712
      vertex -0.197234 -17.7503 10.3494
      vertex -0.0741545 -17.9107 10.4994
    endloop
  endfacet
  facet normal -0.46905 -0.308404 -0.827574
    outer loop
      vertex -0.693341 -20.3611 12.2662
      vertex 0.793353 -19.0412 10.9317
      vertex 0.946404 -19.2407 10.9193
    endloop
  endfacet
  facet normal -0.468961 -0.308515 -0.827583
    outer loop
      vertex 0.793353 -19.0412 10.9317
      vertex -0.693341 -20.3611 12.2662
      vertex -0.779836 -20.2484 12.2732
    endloop
  endfacet
  facet normal -0.468903 -0.308622 -0.827576
    outer loop
      vertex 0.946404 -19.2407 10.9193
      vertex -0.546737 -20.5522 12.2544
      vertex -0.693341 -20.3611 12.2662
    endloop
  endfacet
  facet normal -0.7829 0.100596 -0.613961
    outer loop
      vertex 1.89748 -20.4802 10.1804
      vertex 0.901771 -22.4399 11.129
      vertex 0.793014 -22.2982 11.2909
    endloop
  endfacet
  facet normal -0.900177 0.253431 -0.354195
    outer loop
      vertex 2.23597 -20.9213 9.34825
      vertex 1.41729 -23.1117 9.86164
      vertex 1.35453 -23.03 10.0796
    endloop
  endfacet
  facet normal -0.659702 -0.0599695 -0.749131
    outer loop
      vertex 1.3909 -19.82 10.7364
      vertex 0.262932 -21.6074 11.8728
      vertex 0.130243 -21.4344 11.9758
    endloop
  endfacet
  facet normal -0.518238 -0.244298 -0.819602
    outer loop
      vertex -0.401544 -20.7414 12.219
      vertex 1.09798 -19.4382 10.8824
      vertex -0.315882 -20.853 12.1981
    endloop
  endfacet
  facet normal -0.518099 -0.24449 -0.819633
    outer loop
      vertex 1.09798 -19.4382 10.8824
      vertex -0.401544 -20.7414 12.219
      vertex 0.946404 -19.2407 10.9193
    endloop
  endfacet
  facet normal -0.566798 -0.181058 -0.803715
    outer loop
      vertex 1.24662 -19.632 10.8212
      vertex -0.0894955 -21.1481 12.105
      vertex -0.231878 -20.9625 12.1636
    endloop
  endfacet
  facet normal -0.943128 0.309394 -0.121596
    outer loop
      vertex 1.56533 -23.3047 8.98808
      vertex 2.32482 -21.0371 8.86707
      vertex 2.34731 -21.0664 8.61808
    endloop
  endfacet
  facet normal -0.943118 0.309386 -0.121689
    outer loop
      vertex 2.32482 -21.0371 8.86707
      vertex 1.56533 -23.3047 8.98808
      vertex 1.55262 -23.2881 9.12879
    endloop
  endfacet
  facet normal 0.0596066 -0.997408 0.0403001
    outer loop
      vertex -3.14654 -17.164 7.98376
      vertex -0.760601 -17.0161 8.11525
      vertex -3.15374 -17.1547 8.22458
    endloop
  endfacet
  facet normal 0.0595954 -0.997376 -0.0410937
    outer loop
      vertex -0.768119 -17.0063 8.36667
      vertex -3.15374 -17.1547 8.50875
      vertex -3.15799 -17.1491 8.36667
    endloop
  endfacet
  facet normal 0.0596222 -0.997393 -0.0406614
    outer loop
      vertex -3.15374 -17.1547 8.50875
      vertex -0.768119 -17.0063 8.36667
      vertex -0.760601 -17.0161 8.61808
    endloop
  endfacet
  facet normal -0.0114949 -0.904735 0.42582
    outer loop
      vertex -2.80172 -17.6134 6.31832
      vertex -0.583743 -17.2466 7.15753
      vertex -2.87718 -17.5151 6.52514
    endloop
  endfacet
  facet normal 0.0117557 -0.935053 0.354312
    outer loop
      vertex -2.91421 -17.4668 6.65373
      vertex -0.583743 -17.2466 7.15753
      vertex -0.64926 -17.1612 7.38508
    endloop
  endfacet
  facet normal 0.0116954 -0.934963 0.354552
    outer loop
      vertex -0.583743 -17.2466 7.15753
      vertex -2.91421 -17.4668 6.65373
      vertex -2.87718 -17.5151 6.52514
    endloop
  endfacet
  facet normal 0.0117617 -0.935059 0.354296
    outer loop
      vertex -2.91421 -17.4668 6.65373
      vertex -0.64926 -17.1612 7.38508
      vertex -2.97696 -17.385 6.8717
    endloop
  endfacet
  facet normal -0.0389517 -0.868905 0.493444
    outer loop
      vertex -2.61817 -17.8526 5.88838
      vertex -0.504964 -17.3492 6.94163
      vertex -2.66976 -17.7854 6.00264
    endloop
  endfacet
  facet normal -0.0391054 -0.868762 0.493684
    outer loop
      vertex -0.504964 -17.3492 6.94163
      vertex -2.61817 -17.8526 5.88838
      vertex -0.413681 -17.4682 6.73945
    endloop
  endfacet
  facet normal -0.105395 -0.782345 0.613863
    outer loop
      vertex -2.35269 -18.1986 5.4424
      vertex -0.310775 -17.6023 6.55294
      vertex -2.46144 -18.0569 5.60432
    endloop
  endfacet
  facet normal -0.143852 -0.732251 0.665669
    outer loop
      vertex -2.21896 -18.3729 5.26213
      vertex -0.197234 -17.7503 6.3839
      vertex -2.28852 -18.2822 5.34687
    endloop
  endfacet
  facet normal -0.143709 -0.732424 0.665509
    outer loop
      vertex -0.197234 -17.7503 6.3839
      vertex -2.21896 -18.3729 5.26213
      vertex -0.0741545 -17.9107 6.23395
    endloop
  endfacet
  facet normal -0.228634 -0.62174 0.74911
    outer loop
      vertex -1.68992 -19.0624 4.75749
      vertex 0.195804 -18.2625 5.99692
      vertex -1.8226 -18.8894 4.86058
    endloop
  endfacet
  facet normal -0.105389 -0.782351 0.613857
    outer loop
      vertex -2.28852 -18.2822 5.34687
      vertex -0.310775 -17.6023 6.55294
      vertex -2.35269 -18.1986 5.4424
    endloop
  endfacet
  facet normal -0.105515 -0.782227 0.613993
    outer loop
      vertex -0.310775 -17.6023 6.55294
      vertex -2.28852 -18.2822 5.34687
      vertex -0.197234 -17.7503 6.3839
    endloop
  endfacet
  facet normal -0.321576 -0.500592 0.803739
    outer loop
      vertex 0.340082 -18.4505 5.91212
      vertex -1.24379 -19.6438 4.53519
      vertex 0.488725 -18.6442 5.85095
    endloop
  endfacet
  facet normal -0.321698 -0.500465 0.803769
    outer loop
      vertex -1.24379 -19.6438 4.53519
      vertex 0.340082 -18.4505 5.91212
      vertex -1.32779 -19.5343 4.56975
    endloop
  endfacet
  facet normal -0.419475 -0.373043 0.827574
    outer loop
      vertex -0.866332 -20.1357 4.4671
      vertex 0.640303 -18.8418 5.81402
      vertex -1.01294 -19.9446 4.47893
    endloop
  endfacet
  facet normal -0.782926 0.10062 0.613924
    outer loop
      vertex 0.901771 -22.4399 5.60432
      vertex 1.89748 -20.4802 6.55294
      vertex 0.793014 -22.2982 5.4424
    endloop
  endfacet
  facet normal -0.782912 0.100603 0.613944
    outer loop
      vertex 0.728848 -22.2145 5.34687
      vertex 1.89748 -20.4802 6.55294
      vertex 1.78394 -20.3322 6.3839
    endloop
  endfacet
  facet normal -0.782893 0.10057 0.613973
    outer loop
      vertex 1.89748 -20.4802 6.55294
      vertex 0.728848 -22.2145 5.34687
      vertex 0.793014 -22.2982 5.4424
    endloop
  endfacet
  facet normal -0.659857 -0.0597702 0.74901
    outer loop
      vertex 0.262932 -21.6074 4.86058
      vertex 1.3909 -19.82 5.99692
      vertex 0.130243 -21.4344 4.75749
    endloop
  endfacet
  facet normal -0.518164 -0.24442 0.819613
    outer loop
      vertex -0.401544 -20.7414 4.51431
      vertex 1.09798 -19.4382 5.85095
      vertex 0.946404 -19.2407 5.81402
    endloop
  endfacet
  facet normal -0.51818 -0.244398 0.819609
    outer loop
      vertex 1.09798 -19.4382 5.85095
      vertex -0.401544 -20.7414 4.51431
      vertex -0.315882 -20.853 4.53519
    endloop
  endfacet
  facet normal -0.468965 -0.30854 0.827571
    outer loop
      vertex -0.546737 -20.5522 4.47893
      vertex 0.946404 -19.2407 5.81402
      vertex -0.693341 -20.3611 4.4671
    endloop
  endfacet
  facet normal -0.849341 0.187171 0.493546
    outer loop
      vertex 1.19753 -22.8253 6.19631
      vertex 2.09167 -20.7332 6.94163
      vertex 1.11009 -22.7114 6.00264
    endloop
  endfacet
  facet normal -0.876813 0.222974 0.426006
    outer loop
      vertex 1.19753 -22.8253 6.19631
      vertex 2.17045 -20.8359 7.15753
      vertex 2.09167 -20.7332 6.94163
    endloop
  endfacet
  facet normal -0.876788 0.222924 0.426084
    outer loop
      vertex 2.17045 -20.8359 7.15753
      vertex 1.19753 -22.8253 6.19631
      vertex 1.24205 -22.8834 6.31832
    endloop
  endfacet
  facet normal -0.900152 0.253392 0.354286
    outer loop
      vertex 1.31751 -22.9817 6.52514
      vertex 2.23597 -20.9213 7.38508
      vertex 2.17045 -20.8359 7.15753
    endloop
  endfacet
  facet normal -0.900145 0.253376 0.354316
    outer loop
      vertex 2.23597 -20.9213 7.38508
      vertex 1.31751 -22.9817 6.52514
      vertex 1.35453 -23.03 6.65373
    endloop
  endfacet
  facet normal -0.943118 0.309386 0.121689
    outer loop
      vertex 1.56533 -23.3047 7.74525
      vertex 2.32482 -21.0371 7.86626
      vertex 1.55262 -23.2881 7.60454
    endloop
  endfacet
  facet normal -0.943128 0.309394 0.121596
    outer loop
      vertex 2.32482 -21.0371 7.86626
      vertex 1.56533 -23.3047 7.74525
      vertex 2.34731 -21.0664 8.11525
    endloop
  endfacet
  facet normal -0.070543 -0.827763 -0.556626
    outer loop
      vertex -0.310775 -17.6023 10.1804
      vertex -2.46144 -18.0569 11.129
      vertex -2.56002 -17.9284 10.9504
    endloop
  endfacet
  facet normal -0.0388939 -0.868969 -0.493335
    outer loop
      vertex -0.504964 -17.3492 9.7917
      vertex -2.61817 -17.8526 10.845
      vertex -2.66976 -17.7854 10.7307
    endloop
  endfacet
  facet normal -0.0391055 -0.868772 -0.493665
    outer loop
      vertex -2.61817 -17.8526 10.845
      vertex -0.504964 -17.3492 9.7917
      vertex -0.413681 -17.4682 9.99389
    endloop
  endfacet
  facet normal 0.0117011 -0.934972 -0.354529
    outer loop
      vertex -2.91421 -17.4668 10.0796
      vertex -0.583743 -17.2466 9.5758
      vertex -2.87718 -17.5151 10.2082
    endloop
  endfacet
  facet normal 0.0117557 -0.935053 -0.354312
    outer loop
      vertex -0.583743 -17.2466 9.5758
      vertex -2.91421 -17.4668 10.0796
      vertex -0.64926 -17.1612 9.34825
    endloop
  endfacet
  facet normal 0.0117569 -0.935054 -0.354309
    outer loop
      vertex -0.64926 -17.1612 9.34825
      vertex -2.91421 -17.4668 10.0796
      vertex -2.97696 -17.385 9.86164
    endloop
  endfacet
  facet normal 0.0451284 -0.978517 -0.201166
    outer loop
      vertex -0.738116 -17.0454 8.86707
      vertex -3.09125 -17.2361 9.26679
      vertex -3.11229 -17.2087 9.12879
    endloop
  endfacet
  facet normal 0.0451158 -0.978504 -0.201234
    outer loop
      vertex -3.09125 -17.2361 9.26679
      vertex -0.738116 -17.0454 8.86707
      vertex -0.700883 -17.0939 9.11125
    endloop
  endfacet
  facet normal -0.143689 -0.732446 -0.665489
    outer loop
      vertex -0.0741545 -17.9107 10.4994
      vertex -2.10107 -18.5265 11.6148
      vertex -2.21896 -18.3729 11.4712
    endloop
  endfacet
  facet normal -0.370293 -0.437111 -0.819644
    outer loop
      vertex -1.15813 -19.7554 12.219
      vertex 0.488725 -18.6442 10.8824
      vertex 0.640303 -18.8418 10.9193
    endloop
  endfacet
  facet normal -0.369993 -0.437481 -0.819582
    outer loop
      vertex 0.488725 -18.6442 10.8824
      vertex -1.15813 -19.7554 12.219
      vertex -1.24379 -19.6438 12.1981
    endloop
  endfacet
  facet normal -0.419538 -0.372962 -0.827579
    outer loop
      vertex 0.640303 -18.8418 10.9193
      vertex -0.866332 -20.1357 12.2662
      vertex -1.01294 -19.9446 12.2544
    endloop
  endfacet
  facet normal -0.876812 0.222977 -0.426007
    outer loop
      vertex 2.17045 -20.8359 9.5758
      vertex 1.19753 -22.8253 10.537
      vertex 2.09167 -20.7332 9.7917
    endloop
  endfacet
  facet normal -0.876779 0.222911 -0.426109
    outer loop
      vertex 1.19753 -22.8253 10.537
      vertex 2.17045 -20.8359 9.5758
      vertex 1.24205 -22.8834 10.415
    endloop
  endfacet
  facet normal -0.900153 0.253391 -0.354285
    outer loop
      vertex 2.23597 -20.9213 9.34825
      vertex 1.31751 -22.9817 10.2082
      vertex 2.17045 -20.8359 9.5758
    endloop
  endfacet
  facet normal -0.900151 0.253387 -0.354294
    outer loop
      vertex 1.31751 -22.9817 10.2082
      vertex 2.23597 -20.9213 9.34825
      vertex 1.35453 -23.03 10.0796
    endloop
  endfacet
  facet normal -0.876833 0.223 -0.425951
    outer loop
      vertex 2.17045 -20.8359 9.5758
      vertex 1.31751 -22.9817 10.2082
      vertex 1.24205 -22.8834 10.415
    endloop
  endfacet
  facet normal -0.919086 0.278076 -0.279203
    outer loop
      vertex 2.23597 -20.9213 9.34825
      vertex 1.46674 -23.1762 9.63462
      vertex 1.41729 -23.1117 9.86164
    endloop
  endfacet
  facet normal -0.919098 0.278087 -0.279152
    outer loop
      vertex 2.28759 -20.9886 9.11125
      vertex 1.46674 -23.1762 9.63462
      vertex 2.23597 -20.9213 9.34825
    endloop
  endfacet
  facet normal -0.919115 0.278112 -0.279072
    outer loop
      vertex 1.46674 -23.1762 9.63462
      vertex 2.28759 -20.9886 9.11125
      vertex 1.49591 -23.2142 9.50068
    endloop
  endfacet
  facet normal -0.703408 -0.00299962 -0.71078
    outer loop
      vertex 1.52943 -20.0005 10.6288
      vertex 0.467115 -21.8734 11.688
      vertex 0.341217 -21.7094 11.8119
    endloop
  endfacet
  facet normal -0.660065 -0.0594924 -0.748849
    outer loop
      vertex 0.262932 -21.6074 11.8728
      vertex 1.52943 -20.0005 10.6288
      vertex 0.341217 -21.7094 11.8119
    endloop
  endfacet
  facet normal -0.659801 -0.0598571 -0.749052
    outer loop
      vertex 1.52943 -20.0005 10.6288
      vertex 0.262932 -21.6074 11.8728
      vertex 1.3909 -19.82 10.7364
    endloop
  endfacet
  facet normal -0.744613 0.0507065 -0.665567
    outer loop
      vertex 1.66086 -20.1718 10.4994
      vertex 0.65929 -22.1239 11.4712
      vertex 0.541394 -21.9703 11.6148
    endloop
  endfacet
  facet normal -0.614023 -0.11954 -0.780183
    outer loop
      vertex -0.0894955 -21.1481 12.105
      vertex 1.3909 -19.82 10.7364
      vertex -0.00795795 -21.2543 12.0571
    endloop
  endfacet
  facet normal -0.614106 -0.119402 -0.780139
    outer loop
      vertex 1.3909 -19.82 10.7364
      vertex -0.0894955 -21.1481 12.105
      vertex 1.24662 -19.632 10.8212
    endloop
  endfacet
  facet normal -0.614243 -0.119212 -0.78006
    outer loop
      vertex 1.3909 -19.82 10.7364
      vertex 0.130243 -21.4344 11.9758
      vertex -0.00795795 -21.2543 12.0571
    endloop
  endfacet
  facet normal -0.933478 0.296823 -0.201283
    outer loop
      vertex 2.32482 -21.0371 8.86707
      vertex 1.53158 -23.2607 9.26679
      vertex 2.28759 -20.9886 9.11125
    endloop
  endfacet
  facet normal -0.933482 0.296829 -0.201258
    outer loop
      vertex 1.53158 -23.2607 9.26679
      vertex 2.32482 -21.0371 8.86707
      vertex 1.55262 -23.2881 9.12879
    endloop
  endfacet
  facet normal 0.0547267 -0.991057 0.121704
    outer loop
      vertex -3.125 -17.1921 7.74525
      vertex -0.760601 -17.0161 8.11525
      vertex -3.14654 -17.164 7.98376
    endloop
  endfacet
  facet normal -0.793517 -0.608548 -7.51443e-06
    outer loop
      vertex -0.748484 -17.0319 8.11721
      vertex -0.768119 -17.0063 8.36667
      vertex -0.760601 -17.0161 8.11525
    endloop
  endfacet
  facet normal -0.793968 -0.60796 0.000103393
    outer loop
      vertex -0.748484 -17.0319 8.61612
      vertex -0.768119 -17.0063 8.36667
      vertex -0.755944 -17.0222 8.36667
    endloop
  endfacet
  facet normal -0.793968 -0.60796 -0.000103389
    outer loop
      vertex -0.768119 -17.0063 8.36667
      vertex -0.748484 -17.0319 8.11721
      vertex -0.755944 -17.0222 8.36667
    endloop
  endfacet
  facet normal -0.794052 -0.60785 -0.000177676
    outer loop
      vertex -0.726175 -17.061 7.87016
      vertex -0.760601 -17.0161 8.11525
      vertex -0.738116 -17.0454 7.86626
    endloop
  endfacet
  facet normal -0.793519 -0.608546 2.45443e-05
    outer loop
      vertex -0.760601 -17.0161 8.11525
      vertex -0.726175 -17.061 7.87016
      vertex -0.748484 -17.0319 8.11721
    endloop
  endfacet
  facet normal -0.793633 -0.608396 -0.000172554
    outer loop
      vertex -0.689232 -17.1091 7.62789
      vertex -0.738116 -17.0454 7.86626
      vertex -0.700883 -17.0939 7.62209
    endloop
  endfacet
  facet normal -0.794026 -0.607884 -0.000390047
    outer loop
      vertex -0.738116 -17.0454 7.86626
      vertex -0.689232 -17.1091 7.62789
      vertex -0.726175 -17.061 7.87016
    endloop
  endfacet
  facet normal -0.792315 -0.610111 0.000669964
    outer loop
      vertex -0.638011 -17.1758 7.39274
      vertex -0.700883 -17.0939 7.62209
      vertex -0.64926 -17.1612 7.38508
    endloop
  endfacet
  facet normal -0.793612 -0.608424 -0.000288002
    outer loop
      vertex -0.700883 -17.0939 7.62209
      vertex -0.638011 -17.1758 7.39274
      vertex -0.689232 -17.1091 7.62789
    endloop
  endfacet
  facet normal -0.793465 -0.608616 -4.23073e-05
    outer loop
      vertex -0.573005 -17.2606 7.16696
      vertex -0.64926 -17.1612 7.38508
      vertex -0.583743 -17.2466 7.15753
    endloop
  endfacet
  facet normal -0.792391 -0.610013 0.000969435
    outer loop
      vertex -0.64926 -17.1612 7.38508
      vertex -0.573005 -17.2606 7.16696
      vertex -0.638011 -17.1758 7.39274
    endloop
  endfacet
  facet normal -0.793417 -0.608678 -0.000251164
    outer loop
      vertex -0.494841 -17.3624 6.95274
      vertex -0.583743 -17.2466 7.15753
      vertex -0.504964 -17.3492 6.94163
    endloop
  endfacet
  facet normal -0.793402 -0.608697 -0.000233989
    outer loop
      vertex -0.583743 -17.2466 7.15753
      vertex -0.494841 -17.3624 6.95274
      vertex -0.573005 -17.2606 7.16696
    endloop
  endfacet
  facet normal -0.793914 -0.60803 -0.000570449
    outer loop
      vertex -0.40427 -17.4805 6.75214
      vertex -0.504964 -17.3492 6.94163
      vertex -0.413681 -17.4682 6.73945
    endloop
  endfacet
  facet normal -0.793518 -0.608546 -2.18417e-06
    outer loop
      vertex -0.504964 -17.3492 6.94163
      vertex -0.40427 -17.4805 6.75214
      vertex -0.494841 -17.3624 6.95274
    endloop
  endfacet
  facet normal -0.793057 -0.609147 0.000408719
    outer loop
      vertex -0.302165 -17.6135 6.56708
      vertex -0.413681 -17.4682 6.73945
      vertex -0.310775 -17.6023 6.55294
    endloop
  endfacet
  facet normal -0.793776 -0.608209 -0.00084674
    outer loop
      vertex -0.413681 -17.4682 6.73945
      vertex -0.302165 -17.6135 6.56708
      vertex -0.40427 -17.4805 6.75214
    endloop
  endfacet
  facet normal -0.792578 -0.609769 0.00151285
    outer loop
      vertex -0.189511 -17.7603 6.39936
      vertex -0.310775 -17.6023 6.55294
      vertex -0.197234 -17.7503 6.3839
    endloop
  endfacet
  facet normal -0.79308 -0.609117 0.000445898
    outer loop
      vertex -0.310775 -17.6023 6.55294
      vertex -0.189511 -17.7603 6.39936
      vertex -0.302165 -17.6135 6.56708
    endloop
  endfacet
  facet normal -0.793184 -0.608982 0.000373629
    outer loop
      vertex -0.0673903 -17.9195 6.25058
      vertex -0.197234 -17.7503 6.3839
      vertex -0.0741545 -17.9107 6.23395
    endloop
  endfacet
  facet normal -0.792691 -0.609621 0.00166498
    outer loop
      vertex -0.197234 -17.7503 6.3839
      vertex -0.0673903 -17.9195 6.25058
      vertex -0.189511 -17.7603 6.39936
    endloop
  endfacet
  facet normal -0.792603 -0.609734 0.00209968
    outer loop
      vertex 0.0630197 -18.0894 6.12218
      vertex -0.0741545 -17.9107 6.23395
      vertex 0.0572803 -18.082 6.10454
    endloop
  endfacet
  facet normal -0.793141 -0.609038 0.000326769
    outer loop
      vertex -0.0741545 -17.9107 6.23395
      vertex 0.0630197 -18.0894 6.12218
      vertex -0.0673903 -17.9195 6.25058
    endloop
  endfacet
  facet normal -0.79354 -0.608518 -0.000804428
    outer loop
      vertex 0.200463 -18.2686 6.01539
      vertex 0.0572803 -18.082 6.10454
      vertex 0.195804 -18.2625 5.99692
    endloop
  endfacet
  facet normal -0.792823 -0.609447 0.0022914
    outer loop
      vertex 0.0572803 -18.082 6.10454
      vertex 0.200463 -18.2686 6.01539
      vertex 0.0630197 -18.0894 6.12218
    endloop
  endfacet
  facet normal -0.793281 -0.608856 0.00014192
    outer loop
      vertex 0.343616 -18.4551 5.93125
      vertex 0.195804 -18.2625 5.99692
      vertex 0.340082 -18.4505 5.91212
    endloop
  endfacet
  facet normal -0.793447 -0.608639 -0.000868
    outer loop
      vertex 0.195804 -18.2625 5.99692
      vertex 0.343616 -18.4551 5.93125
      vertex 0.200463 -18.2686 6.01539
    endloop
  endfacet
  facet normal -0.793353 -0.608762 -0.000150279
    outer loop
      vertex 0.4911 -18.6473 5.87057
      vertex 0.340082 -18.4505 5.91212
      vertex 0.488725 -18.6442 5.85095
    endloop
  endfacet
  facet normal -0.793321 -0.608803 0.000162117
    outer loop
      vertex 0.340082 -18.4505 5.91212
      vertex 0.4911 -18.6473 5.87057
      vertex 0.343616 -18.4551 5.93125
    endloop
  endfacet
  facet normal -0.793291 -0.608841 0.00166507
    outer loop
      vertex 0.641496 -18.8433 5.83392
      vertex 0.488725 -18.6442 5.85095
      vertex 0.640303 -18.8418 5.81402
    endloop
  endfacet
  facet normal -0.793367 -0.608744 -0.000145803
    outer loop
      vertex 0.488725 -18.6442 5.85095
      vertex 0.641496 -18.8433 5.83392
      vertex 0.4911 -18.6473 5.87057
    endloop
  endfacet
  facet normal -0.793267 -0.608874 -0
    outer loop
      vertex 0.793353 -19.0412 5.82167
      vertex 0.640303 -18.8418 5.81402
      vertex 0.793353 -19.0412 5.80167
    endloop
  endfacet
  facet normal -0.793297 -0.608833 0.001666
    outer loop
      vertex 0.640303 -18.8418 5.81402
      vertex 0.793353 -19.0412 5.82167
      vertex 0.641496 -18.8433 5.83392
    endloop
  endfacet
  facet normal -0.793412 -0.608684 0
    outer loop
      vertex 0.946404 -19.2407 5.81402
      vertex 0.793353 -19.0412 5.82167
      vertex 0.793353 -19.0412 5.80167
    endloop
  endfacet
  facet normal -0.793386 -0.608717 0.00137879
    outer loop
      vertex 0.793353 -19.0412 5.82167
      vertex 0.946404 -19.2407 5.81402
      vertex 0.945211 -19.2391 5.83392
    endloop
  endfacet
  facet normal -0.79342 -0.608672 0.00137312
    outer loop
      vertex 1.09798 -19.4382 5.85095
      vertex 0.945211 -19.2391 5.83392
      vertex 0.946404 -19.2407 5.81402
    endloop
  endfacet
  facet normal -0.793379 -0.608728 0.000344053
    outer loop
      vertex 0.945211 -19.2391 5.83392
      vertex 1.09798 -19.4382 5.85095
      vertex 1.09561 -19.4351 5.87057
    endloop
  endfacet
  facet normal -0.793532 -0.608528 0.000293799
    outer loop
      vertex 1.24662 -19.632 5.91212
      vertex 1.09561 -19.4351 5.87057
      vertex 1.09798 -19.4382 5.85095
    endloop
  endfacet
  facet normal -0.793799 -0.608173 0.0029432
    outer loop
      vertex 1.09561 -19.4351 5.87057
      vertex 1.24662 -19.632 5.91212
      vertex 1.24309 -19.6273 5.93125
    endloop
  endfacet
  facet normal -0.79393 -0.608002 0.00287683
    outer loop
      vertex 1.3909 -19.82 5.99692
      vertex 1.24309 -19.6273 5.93125
      vertex 1.24662 -19.632 5.91212
    endloop
  endfacet
  facet normal -0.793581 -0.608464 0.000733306
    outer loop
      vertex 1.24309 -19.6273 5.93125
      vertex 1.3909 -19.82 5.99692
      vertex 1.38624 -19.8139 6.01539
    endloop
  endfacet
  facet normal -0.793518 -0.608546 0.000776154
    outer loop
      vertex 1.52943 -20.0005 6.10454
      vertex 1.38624 -19.8139 6.01539
      vertex 1.3909 -19.82 5.99692
    endloop
  endfacet
  facet normal -0.793471 -0.608608 0.000569219
    outer loop
      vertex 1.38624 -19.8139 6.01539
      vertex 1.52943 -20.0005 6.10454
      vertex 1.52369 -19.993 6.12218
    endloop
  endfacet
  facet normal -0.793561 -0.60849 0.000489577
    outer loop
      vertex 1.66086 -20.1718 6.23395
      vertex 1.52369 -19.993 6.12218
      vertex 1.52943 -20.0005 6.10454
    endloop
  endfacet
  facet normal -0.793317 -0.608809 -0.00031917
    outer loop
      vertex 1.52369 -19.993 6.12218
      vertex 1.66086 -20.1718 6.23395
      vertex 1.6541 -20.163 6.25058
    endloop
  endfacet
  facet normal -0.793244 -0.608904 -0.000238748
    outer loop
      vertex 1.78394 -20.3322 6.3839
      vertex 1.6541 -20.163 6.25058
      vertex 1.66086 -20.1718 6.23395
    endloop
  endfacet
  facet normal -0.793727 -0.608273 0.00103363
    outer loop
      vertex 1.6541 -20.163 6.25058
      vertex 1.78394 -20.3322 6.3839
      vertex 1.77622 -20.3221 6.39936
    endloop
  endfacet
  facet normal -0.793876 -0.60808 0.00083334
    outer loop
      vertex 1.89748 -20.4802 6.55294
      vertex 1.77622 -20.3221 6.39936
      vertex 1.78394 -20.3322 6.3839
    endloop
  endfacet
  facet normal -0.794327 -0.607487 0.00179969
    outer loop
      vertex 1.77622 -20.3221 6.39936
      vertex 1.89748 -20.4802 6.55294
      vertex 1.88887 -20.4689 6.56708
    endloop
  endfacet
  facet normal -0.794422 -0.607364 0.00164332
    outer loop
      vertex 2.00039 -20.6143 6.73945
      vertex 1.88887 -20.4689 6.56708
      vertex 1.89748 -20.4802 6.55294
    endloop
  endfacet
  facet normal -0.793882 -0.608071 0.000697126
    outer loop
      vertex 1.88887 -20.4689 6.56708
      vertex 2.00039 -20.6143 6.73945
      vertex 1.99098 -20.602 6.75214
    endloop
  endfacet
  facet normal -0.793844 -0.608121 0.000773846
    outer loop
      vertex 2.09167 -20.7332 6.94163
      vertex 1.99098 -20.602 6.75214
      vertex 2.00039 -20.6143 6.73945
    endloop
  endfacet
  facet normal -0.793495 -0.608576 0.000273391
    outer loop
      vertex 1.99098 -20.602 6.75214
      vertex 2.09167 -20.7332 6.94163
      vertex 2.08155 -20.72 6.95274
    endloop
  endfacet
  facet normal -0.79356 -0.608492 0.000113739
    outer loop
      vertex 2.17045 -20.8359 7.15753
      vertex 2.08155 -20.72 6.95274
      vertex 2.09167 -20.7332 6.94163
    endloop
  endfacet
  facet normal -0.793435 -0.608655 -3.32602e-05
    outer loop
      vertex 2.08155 -20.72 6.95274
      vertex 2.17045 -20.8359 7.15753
      vertex 2.15971 -20.8219 7.16696
    endloop
  endfacet
  facet normal -0.793418 -0.608677 1.66993e-05
    outer loop
      vertex 2.23597 -20.9213 7.38508
      vertex 2.15971 -20.8219 7.16696
      vertex 2.17045 -20.8359 7.15753
    endloop
  endfacet
  facet normal -0.793988 -0.607933 0.000554704
    outer loop
      vertex 2.15971 -20.8219 7.16696
      vertex 2.23597 -20.9213 7.38508
      vertex 2.22472 -20.9066 7.39274
    endloop
  endfacet
  facet normal -0.794043 -0.607861 0.000335321
    outer loop
      vertex 2.28759 -20.9886 7.62209
      vertex 2.22472 -20.9066 7.39274
      vertex 2.23597 -20.9213 7.38508
    endloop
  endfacet
  facet normal -0.793678 -0.608338 6.49091e-05
    outer loop
      vertex 2.22472 -20.9066 7.39274
      vertex 2.28759 -20.9886 7.62209
      vertex 2.27594 -20.9734 7.62789
    endloop
  endfacet
  facet normal -0.793658 -0.608364 0.000173136
    outer loop
      vertex 2.32482 -21.0371 7.86626
      vertex 2.27594 -20.9734 7.62789
      vertex 2.28759 -20.9886 7.62209
    endloop
  endfacet
  facet normal -0.794051 -0.607852 0.00039032
    outer loop
      vertex 2.27594 -20.9734 7.62789
      vertex 2.32482 -21.0371 7.86626
      vertex 2.31288 -21.0215 7.87016
    endloop
  endfacet
  facet normal -0.794074 -0.607822 0.000198989
    outer loop
      vertex 2.34731 -21.0664 8.11525
      vertex 2.31288 -21.0215 7.87016
      vertex 2.32482 -21.0371 7.86626
    endloop
  endfacet
  facet normal -0.793444 -0.608643 7.95105e-06
    outer loop
      vertex 2.35483 -21.0762 8.36667
      vertex 2.33519 -21.0506 8.11721
      vertex 2.34731 -21.0664 8.11525
    endloop
  endfacet
  facet normal -0.793447 -0.608639 -3.88667e-05
    outer loop
      vertex 2.31288 -21.0215 7.87016
      vertex 2.34731 -21.0664 8.11525
      vertex 2.33519 -21.0506 8.11721
    endloop
  endfacet
  facet normal -0.793517 -0.608548 7.51473e-06
    outer loop
      vertex -0.768119 -17.0063 8.36667
      vertex -0.748484 -17.0319 8.61612
      vertex -0.760601 -17.0161 8.61808
    endloop
  endfacet
  facet normal -0.793519 -0.608546 -2.45443e-05
    outer loop
      vertex -0.726175 -17.061 8.86317
      vertex -0.760601 -17.0161 8.61808
      vertex -0.748484 -17.0319 8.61612
    endloop
  endfacet
  facet normal -0.794052 -0.60785 0.000177676
    outer loop
      vertex -0.760601 -17.0161 8.61808
      vertex -0.726175 -17.061 8.86317
      vertex -0.738116 -17.0454 8.86707
    endloop
  endfacet
  facet normal -0.794026 -0.607884 0.000390047
    outer loop
      vertex -0.689232 -17.1091 9.10544
      vertex -0.738116 -17.0454 8.86707
      vertex -0.726175 -17.061 8.86317
    endloop
  endfacet
  facet normal -0.793633 -0.608396 0.000172526
    outer loop
      vertex -0.738116 -17.0454 8.86707
      vertex -0.689232 -17.1091 9.10544
      vertex -0.700883 -17.0939 9.11125
    endloop
  endfacet
  facet normal -0.793612 -0.608424 0.000287943
    outer loop
      vertex -0.638011 -17.1758 9.3406
      vertex -0.700883 -17.0939 9.11125
      vertex -0.689232 -17.1091 9.10544
    endloop
  endfacet
  facet normal -0.792315 -0.610112 -0.000670102
    outer loop
      vertex -0.700883 -17.0939 9.11125
      vertex -0.638011 -17.1758 9.3406
      vertex -0.64926 -17.1612 9.34825
    endloop
  endfacet
  facet normal -0.792391 -0.610013 -0.000969679
    outer loop
      vertex -0.573005 -17.2606 9.56637
      vertex -0.64926 -17.1612 9.34825
      vertex -0.638011 -17.1758 9.3406
    endloop
  endfacet
  facet normal -0.793465 -0.608616 4.23073e-05
    outer loop
      vertex -0.64926 -17.1612 9.34825
      vertex -0.573005 -17.2606 9.56637
      vertex -0.583743 -17.2466 9.5758
    endloop
  endfacet
  facet normal -0.793402 -0.608697 0.000233989
    outer loop
      vertex -0.494841 -17.3624 9.78059
      vertex -0.583743 -17.2466 9.5758
      vertex -0.573005 -17.2606 9.56637
    endloop
  endfacet
  facet normal -0.793417 -0.608678 0.000251164
    outer loop
      vertex -0.583743 -17.2466 9.5758
      vertex -0.494841 -17.3624 9.78059
      vertex -0.504964 -17.3492 9.7917
    endloop
  endfacet
  facet normal -0.793518 -0.608546 2.1841e-06
    outer loop
      vertex -0.40427 -17.4805 9.9812
      vertex -0.504964 -17.3492 9.7917
      vertex -0.494841 -17.3624 9.78059
    endloop
  endfacet
  facet normal -0.793914 -0.60803 0.000570432
    outer loop
      vertex -0.504964 -17.3492 9.7917
      vertex -0.40427 -17.4805 9.9812
      vertex -0.413681 -17.4682 9.99389
    endloop
  endfacet
  facet normal -0.793776 -0.608209 0.000846635
    outer loop
      vertex -0.302165 -17.6135 10.1663
      vertex -0.413681 -17.4682 9.99389
      vertex -0.40427 -17.4805 9.9812
    endloop
  endfacet
  facet normal -0.793057 -0.609147 -0.00040927
    outer loop
      vertex -0.413681 -17.4682 9.99389
      vertex -0.302165 -17.6135 10.1663
      vertex -0.310775 -17.6023 10.1804
    endloop
  endfacet
  facet normal -0.79308 -0.609118 -0.000446586
    outer loop
      vertex -0.189511 -17.7603 10.334
      vertex -0.310775 -17.6023 10.1804
      vertex -0.302165 -17.6135 10.1663
    endloop
  endfacet
  facet normal -0.792576 -0.609771 -0.00151638
    outer loop
      vertex -0.310775 -17.6023 10.1804
      vertex -0.189511 -17.7603 10.334
      vertex -0.197234 -17.7503 10.3494
    endloop
  endfacet
  facet normal -0.792689 -0.609624 -0.00166893
    outer loop
      vertex -0.0673903 -17.9195 10.4828
      vertex -0.197234 -17.7503 10.3494
      vertex -0.189511 -17.7603 10.334
    endloop
  endfacet
  facet normal -0.793184 -0.608982 -0.000374039
    outer loop
      vertex -0.197234 -17.7503 10.3494
      vertex -0.0673903 -17.9195 10.4828
      vertex -0.0741545 -17.9107 10.4994
    endloop
  endfacet
  facet normal -0.793141 -0.609038 -0.00032719
    outer loop
      vertex 0.0630197 -18.0894 10.6112
      vertex -0.0741545 -17.9107 10.4994
      vertex -0.0673903 -17.9195 10.4828
    endloop
  endfacet
  facet normal -0.792602 -0.609735 -0.00210334
    outer loop
      vertex -0.0741545 -17.9107 10.4994
      vertex 0.0630197 -18.0894 10.6112
      vertex 0.0572803 -18.082 10.6288
    endloop
  endfacet
  facet normal -0.792823 -0.609448 -0.00229595
    outer loop
      vertex 0.200463 -18.2686 10.7179
      vertex 0.0572803 -18.082 10.6288
      vertex 0.0630197 -18.0894 10.6112
    endloop
  endfacet
  facet normal -0.793539 -0.608518 0.000803362
    outer loop
      vertex 0.0572803 -18.082 10.6288
      vertex 0.200463 -18.2686 10.7179
      vertex 0.195804 -18.2625 10.7364
    endloop
  endfacet
  facet normal -0.793446 -0.608639 0.000866695
    outer loop
      vertex 0.343616 -18.4551 10.8021
      vertex 0.195804 -18.2625 10.7364
      vertex 0.200463 -18.2686 10.7179
    endloop
  endfacet
  facet normal -0.793281 -0.608856 -0.000142121
    outer loop
      vertex 0.195804 -18.2625 10.7364
      vertex 0.343616 -18.4551 10.8021
      vertex 0.340082 -18.4505 10.8212
    endloop
  endfacet
  facet normal -0.793321 -0.608803 -0.00016235
    outer loop
      vertex 0.4911 -18.6473 10.8628
      vertex 0.340082 -18.4505 10.8212
      vertex 0.343616 -18.4551 10.8021
    endloop
  endfacet
  facet normal -0.793353 -0.608762 0.000150422
    outer loop
      vertex 0.340082 -18.4505 10.8212
      vertex 0.4911 -18.6473 10.8628
      vertex 0.488725 -18.6442 10.8824
    endloop
  endfacet
  facet normal -0.793367 -0.608744 0.000145953
    outer loop
      vertex 0.641496 -18.8433 10.8994
      vertex 0.488725 -18.6442 10.8824
      vertex 0.4911 -18.6473 10.8628
    endloop
  endfacet
  facet normal -0.793291 -0.608841 -0.00166509
    outer loop
      vertex 0.488725 -18.6442 10.8824
      vertex 0.641496 -18.8433 10.8994
      vertex 0.640303 -18.8418 10.9193
    endloop
  endfacet
  facet normal -0.793296 -0.608833 -0.00166597
    outer loop
      vertex 0.793353 -19.0412 10.9117
      vertex 0.640303 -18.8418 10.9193
      vertex 0.641496 -18.8433 10.8994
    endloop
  endfacet
  facet normal -0.793267 -0.608874 0
    outer loop
      vertex 0.793353 -19.0412 10.9117
      vertex 0.793353 -19.0412 10.9317
      vertex 0.640303 -18.8418 10.9193
    endloop
  endfacet
  facet normal -0.793386 -0.608717 -0.00137876
    outer loop
      vertex 0.946404 -19.2407 10.9193
      vertex 0.793353 -19.0412 10.9117
      vertex 0.945211 -19.2391 10.8994
    endloop
  endfacet
  facet normal -0.793412 -0.608684 0
    outer loop
      vertex 0.793353 -19.0412 10.9117
      vertex 0.946404 -19.2407 10.9193
      vertex 0.793353 -19.0412 10.9317
    endloop
  endfacet
  facet normal -0.793379 -0.608728 -0.000344407
    outer loop
      vertex 1.09798 -19.4382 10.8824
      vertex 0.945211 -19.2391 10.8994
      vertex 1.09561 -19.4351 10.8628
    endloop
  endfacet
  facet normal -0.79342 -0.608673 -0.00137314
    outer loop
      vertex 0.945211 -19.2391 10.8994
      vertex 1.09798 -19.4382 10.8824
      vertex 0.946404 -19.2407 10.9193
    endloop
  endfacet
  facet normal -0.7938 -0.608172 -0.00294742
    outer loop
      vertex 1.24662 -19.632 10.8212
      vertex 1.09561 -19.4351 10.8628
      vertex 1.24309 -19.6273 10.8021
    endloop
  endfacet
  facet normal -0.793533 -0.608528 -0.000294078
    outer loop
      vertex 1.09561 -19.4351 10.8628
      vertex 1.24662 -19.632 10.8212
      vertex 1.09798 -19.4382 10.8824
    endloop
  endfacet
  facet normal -0.793581 -0.608464 -0.000732203
    outer loop
      vertex 1.3909 -19.82 10.7364
      vertex 1.24309 -19.6273 10.8021
      vertex 1.38624 -19.8139 10.7179
    endloop
  endfacet
  facet normal -0.793931 -0.608001 -0.0028809
    outer loop
      vertex 1.24309 -19.6273 10.8021
      vertex 1.3909 -19.82 10.7364
      vertex 1.24662 -19.632 10.8212
    endloop
  endfacet
  facet normal -0.793471 -0.608608 -0.000570348
    outer loop
      vertex 1.52943 -20.0005 10.6288
      vertex 1.38624 -19.8139 10.7179
      vertex 1.52369 -19.993 10.6112
    endloop
  endfacet
  facet normal -0.793518 -0.608546 -0.000775126
    outer loop
      vertex 1.38624 -19.8139 10.7179
      vertex 1.52943 -20.0005 10.6288
      vertex 1.3909 -19.82 10.7364
    endloop
  endfacet
  facet normal -0.793317 -0.608809 0.000319582
    outer loop
      vertex 1.66086 -20.1718 10.4994
      vertex 1.52369 -19.993 10.6112
      vertex 1.6541 -20.163 10.4828
    endloop
  endfacet
  facet normal -0.793561 -0.60849 -0.000490428
    outer loop
      vertex 1.52369 -19.993 10.6112
      vertex 1.66086 -20.1718 10.4994
      vertex 1.52943 -20.0005 10.6288
    endloop
  endfacet
  facet normal -0.793729 -0.608271 -0.00103608
    outer loop
      vertex 1.78394 -20.3322 10.3494
      vertex 1.6541 -20.163 10.4828
      vertex 1.77622 -20.3221 10.334
    endloop
  endfacet
  facet normal -0.793244 -0.608904 0.00023901
    outer loop
      vertex 1.6541 -20.163 10.4828
      vertex 1.78394 -20.3322 10.3494
      vertex 1.66086 -20.1718 10.4994
    endloop
  endfacet
  facet normal -0.794329 -0.607485 -0.00180247
    outer loop
      vertex 1.89748 -20.4802 10.1804
      vertex 1.77622 -20.3221 10.334
      vertex 1.88887 -20.4689 10.1663
    endloop
  endfacet
  facet normal -0.793877 -0.608078 -0.000835282
    outer loop
      vertex 1.77622 -20.3221 10.334
      vertex 1.89748 -20.4802 10.1804
      vertex 1.78394 -20.3322 10.3494
    endloop
  endfacet
  facet normal -0.793882 -0.608071 -0.000697039
    outer loop
      vertex 2.00039 -20.6143 9.99389
      vertex 1.88887 -20.4689 10.1663
      vertex 1.99098 -20.602 9.9812
    endloop
  endfacet
  facet normal -0.794424 -0.607362 -0.00164552
    outer loop
      vertex 1.88887 -20.4689 10.1663
      vertex 2.00039 -20.6143 9.99389
      vertex 1.89748 -20.4802 10.1804
    endloop
  endfacet
  facet normal -0.793495 -0.608576 -0.000273382
    outer loop
      vertex 2.09167 -20.7332 9.7917
      vertex 1.99098 -20.602 9.9812
      vertex 2.08155 -20.72 9.78059
    endloop
  endfacet
  facet normal -0.793844 -0.608121 -0.000773822
    outer loop
      vertex 1.99098 -20.602 9.9812
      vertex 2.09167 -20.7332 9.7917
      vertex 2.00039 -20.6143 9.99389
    endloop
  endfacet
  facet normal -0.793435 -0.608655 3.32602e-05
    outer loop
      vertex 2.17045 -20.8359 9.5758
      vertex 2.08155 -20.72 9.78059
      vertex 2.15971 -20.8219 9.56637
    endloop
  endfacet
  facet normal -0.79356 -0.608492 -0.000113739
    outer loop
      vertex 2.08155 -20.72 9.78059
      vertex 2.17045 -20.8359 9.5758
      vertex 2.09167 -20.7332 9.7917
    endloop
  endfacet
  facet normal -0.793988 -0.607933 -0.000554843
    outer loop
      vertex 2.23597 -20.9213 9.34825
      vertex 2.15971 -20.8219 9.56637
      vertex 2.22472 -20.9066 9.3406
    endloop
  endfacet
  facet normal -0.793418 -0.608677 -1.66993e-05
    outer loop
      vertex 2.15971 -20.8219 9.56637
      vertex 2.23597 -20.9213 9.34825
      vertex 2.17045 -20.8359 9.5758
    endloop
  endfacet
  facet normal -0.793678 -0.608338 -6.48957e-05
    outer loop
      vertex 2.28759 -20.9886 9.11125
      vertex 2.22472 -20.9066 9.3406
      vertex 2.27594 -20.9734 9.10544
    endloop
  endfacet
  facet normal -0.794043 -0.607861 -0.00033539
    outer loop
      vertex 2.22472 -20.9066 9.3406
      vertex 2.28759 -20.9886 9.11125
      vertex 2.23597 -20.9213 9.34825
    endloop
  endfacet
  facet normal -0.794051 -0.607852 -0.00039032
    outer loop
      vertex 2.32482 -21.0371 8.86707
      vertex 2.27594 -20.9734 9.10544
      vertex 2.31288 -21.0215 8.86317
    endloop
  endfacet
  facet normal -0.793658 -0.608364 -0.000173108
    outer loop
      vertex 2.27594 -20.9734 9.10544
      vertex 2.32482 -21.0371 8.86707
      vertex 2.28759 -20.9886 9.11125
    endloop
  endfacet
  facet normal -0.793447 -0.608639 3.88667e-05
    outer loop
      vertex 2.34731 -21.0664 8.61808
      vertex 2.31288 -21.0215 8.86317
      vertex 2.33519 -21.0506 8.61612
    endloop
  endfacet
  facet normal -0.794074 -0.607822 -0.000198989
    outer loop
      vertex 2.31288 -21.0215 8.86317
      vertex 2.34731 -21.0664 8.61808
      vertex 2.32482 -21.0371 8.86707
    endloop
  endfacet
  facet normal -0.793847 -0.608117 -9.36704e-05
    outer loop
      vertex 2.35483 -21.0762 8.36667
      vertex 2.33519 -21.0506 8.61612
      vertex 2.34265 -21.0603 8.36667
    endloop
  endfacet
  facet normal -0.793847 -0.608117 9.36666e-05
    outer loop
      vertex 2.33519 -21.0506 8.11721
      vertex 2.35483 -21.0762 8.36667
      vertex 2.34265 -21.0603 8.36667
    endloop
  endfacet
  facet normal -0.793444 -0.608643 -7.95137e-06
    outer loop
      vertex 2.33519 -21.0506 8.61612
      vertex 2.35483 -21.0762 8.36667
      vertex 2.34731 -21.0664 8.61808
    endloop
  endfacet
  facet normal 0.0595954 -0.997377 0.0410908
    outer loop
      vertex -3.15374 -17.1547 8.22458
      vertex -0.768119 -17.0063 8.36667
      vertex -3.15799 -17.1491 8.36667
    endloop
  endfacet
  facet normal 0.0596221 -0.997393 0.0406598
    outer loop
      vertex -0.768119 -17.0063 8.36667
      vertex -3.15374 -17.1547 8.22458
      vertex -0.760601 -17.0161 8.11525
    endloop
  endfacet
  facet normal 0.0307723 -0.959796 0.279007
    outer loop
      vertex -3.02641 -17.3206 7.09872
      vertex -0.700883 -17.0939 7.62209
      vertex -3.05559 -17.2826 7.23266
    endloop
  endfacet
  facet normal 0.0307203 -0.959738 0.279213
    outer loop
      vertex -0.700883 -17.0939 7.62209
      vertex -3.02641 -17.3206 7.09872
      vertex -0.64926 -17.1612 7.38508
    endloop
  endfacet
  facet normal 0.0307539 -0.959807 0.278972
    outer loop
      vertex -2.97696 -17.385 6.8717
      vertex -0.64926 -17.1612 7.38508
      vertex -3.02641 -17.3206 7.09872
    endloop
  endfacet
  facet normal -0.011518 -0.904711 0.42587
    outer loop
      vertex -2.7572 -17.6714 6.19631
      vertex -0.583743 -17.2466 7.15753
      vertex -2.80172 -17.6134 6.31832
    endloop
  endfacet
  facet normal -0.0114667 -0.904757 0.425774
    outer loop
      vertex -0.583743 -17.2466 7.15753
      vertex -2.7572 -17.6714 6.19631
      vertex -0.504964 -17.3492 6.94163
    endloop
  endfacet
  facet normal -0.0391017 -0.868744 0.493715
    outer loop
      vertex -2.66976 -17.7854 6.00264
      vertex -0.504964 -17.3492 6.94163
      vertex -2.7572 -17.6714 6.19631
    endloop
  endfacet
  facet normal -0.070482 -0.827863 0.556485
    outer loop
      vertex -2.56002 -17.9284 5.78298
      vertex -0.413681 -17.4682 6.73945
      vertex -2.61817 -17.8526 5.88838
    endloop
  endfacet
  facet normal -0.0704358 -0.827919 0.556408
    outer loop
      vertex -0.413681 -17.4682 6.73945
      vertex -2.56002 -17.9284 5.78298
      vertex -0.310775 -17.6023 6.55294
    endloop
  endfacet
  facet normal -0.228504 -0.621935 0.748988
    outer loop
      vertex 0.0572803 -18.082 6.10454
      vertex -1.8226 -18.8894 4.86058
      vertex 0.195804 -18.2625 5.99692
    endloop
  endfacet
  facet normal -0.228481 -0.621963 0.748971
    outer loop
      vertex -1.8226 -18.8894 4.86058
      vertex 0.0572803 -18.082 6.10454
      vertex -1.90089 -18.7874 4.9214
    endloop
  endfacet
  facet normal -0.143647 -0.73252 0.665417
    outer loop
      vertex -2.10107 -18.5265 5.11849
      vertex -0.0741545 -17.9107 6.23395
      vertex -2.21896 -18.3729 5.26213
    endloop
  endfacet
  facet normal -0.321663 -0.500505 0.803758
    outer loop
      vertex -1.32779 -19.5343 4.56975
      vertex 0.340082 -18.4505 5.91212
      vertex -1.47018 -19.3487 4.62834
    endloop
  endfacet
  facet normal -0.274222 -0.562332 0.780119
    outer loop
      vertex 0.195804 -18.2625 5.99692
      vertex -1.47018 -19.3487 4.62834
      vertex 0.340082 -18.4505 5.91212
    endloop
  endfacet
  facet normal -0.27411 -0.562449 0.780074
    outer loop
      vertex -1.47018 -19.3487 4.62834
      vertex 0.195804 -18.2625 5.99692
      vertex -1.55172 -19.2425 4.67626
    endloop
  endfacet
  facet normal -0.849344 0.187178 0.493538
    outer loop
      vertex 1.0585 -22.6442 5.88838
      vertex 2.09167 -20.7332 6.94163
      vertex 2.00039 -20.6143 6.73945
    endloop
  endfacet
  facet normal -0.849334 0.18716 0.493561
    outer loop
      vertex 2.09167 -20.7332 6.94163
      vertex 1.0585 -22.6442 5.88838
      vertex 1.11009 -22.7114 6.00264
    endloop
  endfacet
  facet normal -0.614103 -0.119397 0.780142
    outer loop
      vertex -0.0894955 -21.1481 4.62834
      vertex 1.3909 -19.82 5.99692
      vertex 1.24662 -19.632 5.91212
    endloop
  endfacet
  facet normal -0.614075 -0.119445 0.780157
    outer loop
      vertex 1.3909 -19.82 5.99692
      vertex -0.0894955 -21.1481 4.62834
      vertex -0.00795795 -21.2543 4.67626
    endloop
  endfacet
  facet normal -0.614115 -0.119384 0.780134
    outer loop
      vertex 0.130243 -21.4344 4.75749
      vertex 1.3909 -19.82 5.99692
      vertex -0.00795795 -21.2543 4.67626
    endloop
  endfacet
  facet normal -0.468962 -0.308545 0.827571
    outer loop
      vertex 0.793353 -19.0412 5.80167
      vertex -0.693341 -20.3611 4.4671
      vertex 0.946404 -19.2407 5.81402
    endloop
  endfacet
  facet normal -0.468903 -0.308618 0.827578
    outer loop
      vertex -0.693341 -20.3611 4.4671
      vertex 0.793353 -19.0412 5.80167
      vertex -0.779836 -20.2484 4.46012
    endloop
  endfacet
  facet normal -0.518186 -0.244394 0.819606
    outer loop
      vertex -0.401544 -20.7414 4.51431
      vertex 0.946404 -19.2407 5.81402
      vertex -0.546737 -20.5522 4.47893
    endloop
  endfacet
  facet normal -0.0704905 -0.827865 -0.556481
    outer loop
      vertex -0.413681 -17.4682 9.99389
      vertex -2.56002 -17.9284 10.9504
      vertex -2.61817 -17.8526 10.845
    endloop
  endfacet
  facet normal -0.0704443 -0.82792 -0.556404
    outer loop
      vertex -2.56002 -17.9284 10.9504
      vertex -0.413681 -17.4682 9.99389
      vertex -0.310775 -17.6023 10.1804
    endloop
  endfacet
  facet normal -0.0115067 -0.904721 -0.42585
    outer loop
      vertex -0.583743 -17.2466 9.5758
      vertex -2.80172 -17.6134 10.415
      vertex -2.87718 -17.5151 10.2082
    endloop
  endfacet
  facet normal -0.0115278 -0.904699 -0.425896
    outer loop
      vertex -0.583743 -17.2466 9.5758
      vertex -2.7572 -17.6714 10.537
      vertex -2.80172 -17.6134 10.415
    endloop
  endfacet
  facet normal -0.0114633 -0.904756 -0.425775
    outer loop
      vertex -2.7572 -17.6714 10.537
      vertex -0.583743 -17.2466 9.5758
      vertex -0.504964 -17.3492 9.7917
    endloop
  endfacet
  facet normal 0.054732 -0.991037 -0.12186
    outer loop
      vertex -3.125 -17.1921 8.98808
      vertex -0.738116 -17.0454 8.86707
      vertex -3.11229 -17.2087 9.12879
    endloop
  endfacet
  facet normal 0.0547489 -0.991072 -0.121569
    outer loop
      vertex -0.738116 -17.0454 8.86707
      vertex -3.125 -17.1921 8.98808
      vertex -0.760601 -17.0161 8.61808
    endloop
  endfacet
  facet normal -0.184914 -0.67875 -0.710708
    outer loop
      vertex -2.02679 -18.6233 11.688
      vertex -0.0741545 -17.9107 10.4994
      vertex 0.0572803 -18.082 10.6288
    endloop
  endfacet
  facet normal -0.184697 -0.679015 -0.71051
    outer loop
      vertex -0.0741545 -17.9107 10.4994
      vertex -2.02679 -18.6233 11.688
      vertex -2.10107 -18.5265 11.6148
    endloop
  endfacet
  facet normal -0.185001 -0.678618 -0.710811
    outer loop
      vertex 0.0572803 -18.082 10.6288
      vertex -1.90089 -18.7874 11.8119
      vertex -2.02679 -18.6233 11.688
    endloop
  endfacet
  facet normal -0.228548 -0.621897 -0.749006
    outer loop
      vertex -1.8226 -18.8894 11.8728
      vertex 0.0572803 -18.082 10.6288
      vertex 0.195804 -18.2625 10.7364
    endloop
  endfacet
  facet normal -0.228249 -0.622265 -0.748792
    outer loop
      vertex 0.0572803 -18.082 10.6288
      vertex -1.8226 -18.8894 11.8728
      vertex -1.90089 -18.7874 11.8119
    endloop
  endfacet
  facet normal -0.228786 -0.621538 -0.749231
    outer loop
      vertex 0.195804 -18.2625 10.7364
      vertex -1.68992 -19.0624 11.9758
      vertex -1.8226 -18.8894 11.8728
    endloop
  endfacet
  facet normal -0.419308 -0.373217 -0.82758
    outer loop
      vertex -0.866332 -20.1357 12.2662
      vertex 0.793353 -19.0412 10.9317
      vertex -0.779836 -20.2484 12.2732
    endloop
  endfacet
  facet normal -0.419267 -0.373274 -0.827576
    outer loop
      vertex 0.793353 -19.0412 10.9317
      vertex -0.866332 -20.1357 12.2662
      vertex 0.640303 -18.8418 10.9193
    endloop
  endfacet
  facet normal -0.370118 -0.437371 -0.819585
    outer loop
      vertex 0.640303 -18.8418 10.9193
      vertex -1.01294 -19.9446 12.2544
      vertex -1.15813 -19.7554 12.219
    endloop
  endfacet
  facet normal -0.849354 0.187181 -0.49352
    outer loop
      vertex 2.09167 -20.7332 9.7917
      vertex 1.0585 -22.6442 10.845
      vertex 2.00039 -20.6143 9.99389
    endloop
  endfacet
  facet normal -0.849381 0.187233 -0.493452
    outer loop
      vertex 1.0585 -22.6442 10.845
      vertex 2.09167 -20.7332 9.7917
      vertex 1.11009 -22.7114 10.7307
    endloop
  endfacet
  facet normal -0.744727 0.0508328 -0.665431
    outer loop
      vertex 1.78394 -20.3322 10.3494
      vertex 0.65929 -22.1239 11.4712
      vertex 1.66086 -20.1718 10.4994
    endloop
  endfacet
  facet normal -0.744576 0.0506224 -0.665615
    outer loop
      vertex 0.65929 -22.1239 11.4712
      vertex 1.78394 -20.3322 10.3494
      vertex 0.728848 -22.2145 11.3865
    endloop
  endfacet
  facet normal -0.782877 0.100529 -0.614001
    outer loop
      vertex 1.89748 -20.4802 10.1804
      vertex 0.728848 -22.2145 11.3865
      vertex 1.78394 -20.3322 10.3494
    endloop
  endfacet
  facet normal -0.783016 0.100774 -0.613784
    outer loop
      vertex 0.728848 -22.2145 11.3865
      vertex 1.89748 -20.4802 10.1804
      vertex 0.793014 -22.2982 11.2909
    endloop
  endfacet
  facet normal 0.0451024 -0.978469 0.201407
    outer loop
      vertex -3.05559 -17.2826 7.23266
      vertex -0.700883 -17.0939 7.62209
      vertex -3.09125 -17.2361 7.46655
    endloop
  endfacet
  facet normal 0.0451267 -0.978514 0.20118
    outer loop
      vertex -3.09125 -17.2361 7.46655
      vertex -0.738116 -17.0454 7.86626
      vertex -3.11229 -17.2087 7.60454
    endloop
  endfacet
  facet normal 0.0451152 -0.978502 0.201241
    outer loop
      vertex -0.738116 -17.0454 7.86626
      vertex -3.09125 -17.2361 7.46655
      vertex -0.700883 -17.0939 7.62209
    endloop
  endfacet
  facet normal -0.184896 -0.678768 0.710695
    outer loop
      vertex -0.0741545 -17.9107 6.23395
      vertex -2.02679 -18.6233 5.04536
      vertex 0.0572803 -18.082 6.10454
    endloop
  endfacet
  facet normal -0.184887 -0.67878 0.710686
    outer loop
      vertex -2.02679 -18.6233 5.04536
      vertex -0.0741545 -17.9107 6.23395
      vertex -2.10107 -18.5265 5.11849
    endloop
  endfacet
  facet normal -0.184915 -0.67874 0.710717
    outer loop
      vertex -1.90089 -18.7874 4.9214
      vertex 0.0572803 -18.082 6.10454
      vertex -2.02679 -18.6233 5.04536
    endloop
  endfacet
  facet normal -0.370242 -0.437192 0.819624
    outer loop
      vertex 0.488725 -18.6442 5.85095
      vertex -1.15813 -19.7554 4.51431
      vertex 0.640303 -18.8418 5.81402
    endloop
  endfacet
  facet normal -0.370075 -0.437398 0.81959
    outer loop
      vertex -1.15813 -19.7554 4.51431
      vertex 0.488725 -18.6442 5.85095
      vertex -1.24379 -19.6438 4.53519
    endloop
  endfacet
  facet normal -0.703509 -0.00287812 0.710681
    outer loop
      vertex 0.467115 -21.8734 5.04536
      vertex 1.66086 -20.1718 6.23395
      vertex 1.52943 -20.0005 6.10454
    endloop
  endfacet
  facet normal -0.703491 -0.00290279 0.710698
    outer loop
      vertex 1.66086 -20.1718 6.23395
      vertex 0.467115 -21.8734 5.04536
      vertex 0.541394 -21.9703 5.11849
    endloop
  endfacet
  facet normal -0.703503 -0.00288438 0.710686
    outer loop
      vertex 0.467115 -21.8734 5.04536
      vertex 1.52943 -20.0005 6.10454
      vertex 0.341217 -21.7094 4.9214
    endloop
  endfacet
  facet normal -0.566774 -0.181079 0.803727
    outer loop
      vertex -0.0894955 -21.1481 4.62834
      vertex 1.24662 -19.632 5.91212
      vertex -0.231878 -20.9625 4.56975
    endloop
  endfacet
  facet normal -0.566797 -0.181037 0.803721
    outer loop
      vertex -0.315882 -20.853 4.53519
      vertex 1.24662 -19.632 5.91212
      vertex 1.09798 -19.4382 5.85095
    endloop
  endfacet
  facet normal -0.56675 -0.181115 0.803736
    outer loop
      vertex 1.24662 -19.632 5.91212
      vertex -0.315882 -20.853 4.53519
      vertex -0.231878 -20.9625 4.56975
    endloop
  endfacet
  facet normal -0.274228 -0.562334 -0.780115
    outer loop
      vertex -1.47018 -19.3487 12.105
      vertex 0.195804 -18.2625 10.7364
      vertex 0.340082 -18.4505 10.8212
    endloop
  endfacet
  facet normal -0.274189 -0.562374 -0.7801
    outer loop
      vertex 0.195804 -18.2625 10.7364
      vertex -1.47018 -19.3487 12.105
      vertex -1.55172 -19.2425 12.0571
    endloop
  endfacet
  facet normal -0.274107 -0.562468 -0.780061
    outer loop
      vertex 0.195804 -18.2625 10.7364
      vertex -1.55172 -19.2425 12.0571
      vertex -1.68992 -19.0624 11.9758
    endloop
  endfacet
  facet normal -0.321649 -0.500534 -0.803746
    outer loop
      vertex 0.340082 -18.4505 10.8212
      vertex -1.32779 -19.5343 12.1636
      vertex -1.47018 -19.3487 12.105
    endloop
  endfacet
  facet normal -0.321503 -0.500657 -0.803728
    outer loop
      vertex -1.24379 -19.6438 12.1981
      vertex 0.340082 -18.4505 10.8212
      vertex 0.488725 -18.6442 10.8824
    endloop
  endfacet
  facet normal -0.321924 -0.500218 -0.803833
    outer loop
      vertex 0.340082 -18.4505 10.8212
      vertex -1.24379 -19.6438 12.1981
      vertex -1.32779 -19.5343 12.1636
    endloop
  endfacet
  facet normal -0.608028 0.792398 0.0490683
    outer loop
      vertex 37.1 5.62538 37.8505
      vertex 2.34265 -21.0603 38.1
      vertex 37.1 5.60993 38.1
    endloop
  endfacet
  facet normal -0.608031 0.792401 0.0489868
    outer loop
      vertex 2.34265 -21.0603 38.1
      vertex 37.1 5.62538 37.8505
      vertex 2.33519 -21.0506 37.8505
    endloop
  endfacet
  facet normal 0.608031 -0.792401 0.0489868
    outer loop
      vertex -0.748484 -17.0319 37.8505
      vertex 37.1 12.0257 38.1
      vertex -0.755944 -17.0222 38.1
    endloop
  endfacet
  facet normal 0.608033 -0.792403 0.0489099
    outer loop
      vertex 37.1 12.0257 38.1
      vertex -0.748484 -17.0319 37.8505
      vertex 37.1 12.0103 37.8505
    endloop
  endfacet
  facet normal 0.0299801 -0.0390709 0.998787
    outer loop
      vertex 0.641496 -18.8433 35.5673
      vertex 37.1 8.81783 35.555
      vertex 37.1 9.13226 35.5673
    endloop
  endfacet
  facet normal 0.0299807 -0.0390717 0.998787
    outer loop
      vertex 37.1 8.81783 35.555
      vertex 0.641496 -18.8433 35.5673
      vertex 0.793353 -19.0412 35.555
    endloop
  endfacet
  facet normal -0.0299807 0.0390716 -0.998787
    outer loop
      vertex 0.793353 -19.0412 40.645
      vertex 37.1 8.5034 40.6327
      vertex 0.945211 -19.2391 40.6327
    endloop
  endfacet
  facet normal -0.0299801 0.0390709 -0.998787
    outer loop
      vertex 37.1 8.5034 40.6327
      vertex 0.793353 -19.0412 40.645
      vertex 37.1 8.81783 40.645
    endloop
  endfacet
  facet normal -0.408783 0.532738 0.741004
    outer loop
      vertex 1.77622 -20.3221 36.1327
      vertex 37.1 6.5495 36.3004
      vertex 37.1 6.78276 36.1327
    endloop
  endfacet
  facet normal -0.408803 0.532764 0.740974
    outer loop
      vertex 37.1 6.5495 36.3004
      vertex 1.77622 -20.3221 36.1327
      vertex 1.88887 -20.4689 36.3004
    endloop
  endfacet
  facet normal 0.408745 -0.532687 0.741061
    outer loop
      vertex -0.302165 -17.6135 36.3004
      vertex 37.1 10.8529 36.1327
      vertex 37.1 11.0862 36.3004
    endloop
  endfacet
  facet normal 0.4088 -0.53276 0.740979
    outer loop
      vertex 37.1 10.8529 36.1327
      vertex -0.302165 -17.6135 36.3004
      vertex -0.189511 -17.7603 36.1327
    endloop
  endfacet
  facet normal 0.260298 -0.339228 0.903974
    outer loop
      vertex 0.0630197 -18.0894 35.8555
      vertex 37.1 10.0454 35.7487
      vertex 37.1 10.33 35.8555
    endloop
  endfacet
  facet normal 0.260251 -0.339166 0.904011
    outer loop
      vertex 37.1 10.0454 35.7487
      vertex 0.0630197 -18.0894 35.8555
      vertex 0.200463 -18.2686 35.7487
    endloop
  endfacet
  facet normal -0.55033 0.717205 0.427496
    outer loop
      vertex 37.1 5.98871 36.9003
      vertex 2.22472 -20.9066 37.1261
      vertex 37.1 5.85412 37.1261
    endloop
  endfacet
  facet normal -0.550335 0.717211 0.42748
    outer loop
      vertex 2.22472 -20.9066 37.1261
      vertex 37.1 5.98871 36.9003
      vertex 2.15971 -20.8219 36.9003
    endloop
  endfacet
  facet normal -0.204997 0.267158 0.941596
    outer loop
      vertex 1.24309 -19.6273 35.6646
      vertex 37.1 7.59022 35.7487
      vertex 37.1 7.88663 35.6646
    endloop
  endfacet
  facet normal -0.204977 0.267131 0.941608
    outer loop
      vertex 37.1 7.59022 35.7487
      vertex 1.24309 -19.6273 35.6646
      vertex 1.38624 -19.8139 35.7487
    endloop
  endfacet
  facet normal -0.312967 0.407867 0.857727
    outer loop
      vertex 1.52369 -19.993 35.8555
      vertex 37.1 7.03562 35.9839
      vertex 37.1 7.30564 35.8555
    endloop
  endfacet
  facet normal -0.312927 0.407814 0.857767
    outer loop
      vertex 37.1 7.03562 35.9839
      vertex 1.52369 -19.993 35.8555
      vertex 1.6541 -20.163 35.9839
    endloop
  endfacet
  facet normal 0.550262 -0.717117 0.427732
    outer loop
      vertex -0.573005 -17.2606 36.9003
      vertex 37.1 11.7815 37.1261
      vertex -0.638011 -17.1758 37.1261
    endloop
  endfacet
  facet normal 0.550323 -0.717195 0.427522
    outer loop
      vertex 37.1 11.7815 37.1261
      vertex -0.573005 -17.2606 36.9003
      vertex 37.1 11.6469 36.9003
    endloop
  endfacet
  facet normal 0.312984 -0.407889 0.857711
    outer loop
      vertex -0.0673903 -17.9195 35.9839
      vertex 37.1 10.33 35.8555
      vertex 37.1 10.6 35.9839
    endloop
  endfacet
  facet normal 0.313012 -0.407926 0.857683
    outer loop
      vertex 37.1 10.33 35.8555
      vertex -0.0673903 -17.9195 35.9839
      vertex 0.0630197 -18.0894 35.8555
    endloop
  endfacet
  facet normal 0.147948 -0.192809 0.970019
    outer loop
      vertex 0.343616 -18.4551 35.6646
      vertex 37.1 9.44366 35.6039
      vertex 37.1 9.74904 35.6646
    endloop
  endfacet
  facet normal 0.147953 -0.192816 0.970016
    outer loop
      vertex 37.1 9.44366 35.6039
      vertex 0.343616 -18.4551 35.6646
      vertex 0.4911 -18.6473 35.6039
    endloop
  endfacet
  facet normal -0.590523 0.769585 -0.242945
    outer loop
      vertex 2.31288 -21.0215 38.5965
      vertex 37.1 5.74806 38.8388
      vertex 37.1 5.67157 38.5965
    endloop
  endfacet
  facet normal -0.590544 0.769611 -0.24281
    outer loop
      vertex 37.1 5.74806 38.8388
      vertex 2.31288 -21.0215 38.5965
      vertex 2.27594 -20.9734 38.8388
    endloop
  endfacet
  facet normal -0.0892115 0.116263 -0.989204
    outer loop
      vertex 0.945211 -19.2391 40.6327
      vertex 37.1 8.192 40.5961
      vertex 1.09561 -19.4351 40.5961
    endloop
  endfacet
  facet normal -0.0892129 0.116265 -0.989203
    outer loop
      vertex 37.1 8.192 40.5961
      vertex 0.945211 -19.2391 40.6327
      vertex 37.1 8.5034 40.6327
    endloop
  endfacet
  facet normal -0.260322 0.339259 -0.903956
    outer loop
      vertex 1.38624 -19.8139 40.4513
      vertex 37.1 7.30564 40.3445
      vertex 1.52369 -19.993 40.3445
    endloop
  endfacet
  facet normal -0.260314 0.339248 -0.903962
    outer loop
      vertex 37.1 7.30564 40.3445
      vertex 1.38624 -19.8139 40.4513
      vertex 37.1 7.59022 40.4513
    endloop
  endfacet
  facet normal -0.590523 0.769585 0.242945
    outer loop
      vertex 37.1 5.74806 37.3612
      vertex 2.31288 -21.0215 37.6035
      vertex 37.1 5.67157 37.6035
    endloop
  endfacet
  facet normal -0.590544 0.769611 0.24281
    outer loop
      vertex 2.31288 -21.0215 37.6035
      vertex 37.1 5.74806 37.3612
      vertex 2.27594 -20.9734 37.3612
    endloop
  endfacet
  facet normal -0.60217 0.784764 0.146754
    outer loop
      vertex 37.1 5.67157 37.6035
      vertex 2.33519 -21.0506 37.8505
      vertex 37.1 5.62538 37.8505
    endloop
  endfacet
  facet normal -0.602162 0.784753 0.146844
    outer loop
      vertex 2.33519 -21.0506 37.8505
      vertex 37.1 5.67157 37.6035
      vertex 2.31288 -21.0215 37.6035
    endloop
  endfacet
  facet normal -0.573158 0.746954 0.336971
    outer loop
      vertex 37.1 5.85412 37.1261
      vertex 2.27594 -20.9734 37.3612
      vertex 37.1 5.74806 37.3612
    endloop
  endfacet
  facet normal -0.573132 0.74692 0.337091
    outer loop
      vertex 2.27594 -20.9734 37.3612
      vertex 37.1 5.85412 37.1261
      vertex 2.22472 -20.9066 37.1261
    endloop
  endfacet
  facet normal -0.488958 0.637224 0.595706
    outer loop
      vertex 37.1 6.33809 36.4855
      vertex 2.08155 -20.72 36.6861
      vertex 37.1 6.15056 36.6861
    endloop
  endfacet
  facet normal -0.48899 0.637264 0.595638
    outer loop
      vertex 2.08155 -20.72 36.6861
      vertex 37.1 6.33809 36.4855
      vertex 1.99098 -20.602 36.4855
    endloop
  endfacet
  facet normal -0.451113 0.587903 0.671467
    outer loop
      vertex 1.88887 -20.4689 36.3004
      vertex 37.1 6.33809 36.4855
      vertex 37.1 6.5495 36.3004
    endloop
  endfacet
  facet normal -0.451073 0.58785 0.671539
    outer loop
      vertex 37.1 6.33809 36.4855
      vertex 1.88887 -20.4689 36.3004
      vertex 1.99098 -20.602 36.4855
    endloop
  endfacet
  facet normal -0.522133 0.680457 0.514155
    outer loop
      vertex 37.1 6.15056 36.6861
      vertex 2.15971 -20.8219 36.9003
      vertex 37.1 5.98871 36.9003
    endloop
  endfacet
  facet normal -0.522112 0.68043 0.514212
    outer loop
      vertex 2.15971 -20.8219 36.9003
      vertex 37.1 6.15056 36.6861
      vertex 2.08155 -20.72 36.6861
    endloop
  endfacet
  facet normal -0.0892129 0.116265 0.989203
    outer loop
      vertex 0.945211 -19.2391 35.5673
      vertex 37.1 8.192 35.6039
      vertex 37.1 8.5034 35.5673
    endloop
  endfacet
  facet normal -0.0892115 0.116263 0.989204
    outer loop
      vertex 37.1 8.192 35.6039
      vertex 0.945211 -19.2391 35.5673
      vertex 1.09561 -19.4351 35.6039
    endloop
  endfacet
  facet normal -0.147952 0.192815 0.970017
    outer loop
      vertex 1.09561 -19.4351 35.6039
      vertex 37.1 7.88663 35.6646
      vertex 37.1 8.192 35.6039
    endloop
  endfacet
  facet normal -0.147954 0.192818 0.970016
    outer loop
      vertex 37.1 7.88663 35.6646
      vertex 1.09561 -19.4351 35.6039
      vertex 1.24309 -19.6273 35.6646
    endloop
  endfacet
  facet normal -0.0299801 0.0390709 0.998787
    outer loop
      vertex 0.793353 -19.0412 35.555
      vertex 37.1 8.5034 35.5673
      vertex 37.1 8.81783 35.555
    endloop
  endfacet
  facet normal -0.0299807 0.0390716 0.998787
    outer loop
      vertex 37.1 8.5034 35.5673
      vertex 0.793353 -19.0412 35.555
      vertex 0.945211 -19.2391 35.5673
    endloop
  endfacet
  facet normal -0.260314 0.339248 0.903962
    outer loop
      vertex 1.38624 -19.8139 35.7487
      vertex 37.1 7.30564 35.8555
      vertex 37.1 7.59022 35.7487
    endloop
  endfacet
  facet normal -0.260322 0.339259 0.903956
    outer loop
      vertex 37.1 7.30564 35.8555
      vertex 1.38624 -19.8139 35.7487
      vertex 1.52369 -19.993 35.8555
    endloop
  endfacet
  facet normal -0.36267 0.47264 0.80317
    outer loop
      vertex 1.6541 -20.163 35.9839
      vertex 37.1 6.78276 36.1327
      vertex 37.1 7.03562 35.9839
    endloop
  endfacet
  facet normal -0.362719 0.472705 0.803109
    outer loop
      vertex 37.1 6.78276 36.1327
      vertex 1.6541 -20.163 35.9839
      vertex 1.77622 -20.3221 36.1327
    endloop
  endfacet
  facet normal 0.590543 -0.769609 0.242817
    outer loop
      vertex -0.689232 -17.1091 37.3612
      vertex 37.1 11.9641 37.6035
      vertex -0.726175 -17.061 37.6035
    endloop
  endfacet
  facet normal 0.590518 -0.769579 0.242975
    outer loop
      vertex 37.1 11.9641 37.6035
      vertex -0.689232 -17.1091 37.3612
      vertex 37.1 11.8876 37.3612
    endloop
  endfacet
  facet normal 0.488896 -0.637142 0.595844
    outer loop
      vertex -0.40427 -17.4805 36.4855
      vertex 37.1 11.4851 36.6861
      vertex -0.494841 -17.3624 36.6861
    endloop
  endfacet
  facet normal 0.488987 -0.63726 0.595644
    outer loop
      vertex 37.1 11.4851 36.6861
      vertex -0.40427 -17.4805 36.4855
      vertex 37.1 11.2976 36.4855
    endloop
  endfacet
  facet normal 0.451124 -0.587915 0.671449
    outer loop
      vertex -0.40427 -17.4805 36.4855
      vertex 37.1 11.0862 36.3004
      vertex 37.1 11.2976 36.4855
    endloop
  endfacet
  facet normal 0.451173 -0.58798 0.671358
    outer loop
      vertex 37.1 11.0862 36.3004
      vertex -0.40427 -17.4805 36.4855
      vertex -0.302165 -17.6135 36.3004
    endloop
  endfacet
  facet normal 0.522195 -0.680538 0.513985
    outer loop
      vertex -0.494841 -17.3624 36.6861
      vertex 37.1 11.6469 36.9003
      vertex -0.573005 -17.2606 36.9003
    endloop
  endfacet
  facet normal 0.522175 -0.680513 0.514038
    outer loop
      vertex 37.1 11.6469 36.9003
      vertex -0.494841 -17.3624 36.6861
      vertex 37.1 11.4851 36.6861
    endloop
  endfacet
  facet normal 0.573193 -0.746999 0.336811
    outer loop
      vertex -0.638011 -17.1758 37.1261
      vertex 37.1 11.8876 37.3612
      vertex -0.689232 -17.1091 37.3612
    endloop
  endfacet
  facet normal 0.573132 -0.746923 0.337084
    outer loop
      vertex 37.1 11.8876 37.3612
      vertex -0.638011 -17.1758 37.1261
      vertex 37.1 11.7815 37.1261
    endloop
  endfacet
  facet normal 0.602163 -0.784753 0.146842
    outer loop
      vertex -0.726175 -17.061 37.6035
      vertex 37.1 12.0103 37.8505
      vertex -0.748484 -17.0319 37.8505
    endloop
  endfacet
  facet normal 0.602168 -0.78476 0.146785
    outer loop
      vertex 37.1 12.0103 37.8505
      vertex -0.726175 -17.061 37.6035
      vertex 37.1 11.9641 37.6035
    endloop
  endfacet
  facet normal 0.362632 -0.472592 0.803216
    outer loop
      vertex -0.189511 -17.7603 36.1327
      vertex 37.1 10.6 35.9839
      vertex 37.1 10.8529 36.1327
    endloop
  endfacet
  facet normal 0.362626 -0.472584 0.803223
    outer loop
      vertex 37.1 10.6 35.9839
      vertex -0.189511 -17.7603 36.1327
      vertex -0.0673903 -17.9195 35.9839
    endloop
  endfacet
  facet normal 0.205028 -0.267198 0.941578
    outer loop
      vertex 0.200463 -18.2686 35.7487
      vertex 37.1 9.74904 35.6646
      vertex 37.1 10.0454 35.7487
    endloop
  endfacet
  facet normal 0.205037 -0.26721 0.941573
    outer loop
      vertex 37.1 9.74904 35.6646
      vertex 0.200463 -18.2686 35.7487
      vertex 0.343616 -18.4551 35.6646
    endloop
  endfacet
  facet normal 0.089213 -0.116265 0.989203
    outer loop
      vertex 0.4911 -18.6473 35.6039
      vertex 37.1 9.13226 35.5673
      vertex 37.1 9.44366 35.6039
    endloop
  endfacet
  facet normal 0.0892122 -0.116264 0.989204
    outer loop
      vertex 37.1 9.13226 35.5673
      vertex 0.4911 -18.6473 35.6039
      vertex 0.641496 -18.8433 35.5673
    endloop
  endfacet
  facet normal -0.608028 0.792398 -0.0490683
    outer loop
      vertex 2.34265 -21.0603 38.1
      vertex 37.1 5.62538 38.3495
      vertex 37.1 5.60993 38.1
    endloop
  endfacet
  facet normal -0.608031 0.792401 -0.0489868
    outer loop
      vertex 37.1 5.62538 38.3495
      vertex 2.34265 -21.0603 38.1
      vertex 2.33519 -21.0506 38.3495
    endloop
  endfacet
  facet normal -0.451073 0.58785 -0.671539
    outer loop
      vertex 1.88887 -20.4689 39.8996
      vertex 37.1 6.33809 39.7145
      vertex 1.99098 -20.602 39.7145
    endloop
  endfacet
  facet normal -0.451113 0.587903 -0.671467
    outer loop
      vertex 37.1 6.33809 39.7145
      vertex 1.88887 -20.4689 39.8996
      vertex 37.1 6.5495 39.8996
    endloop
  endfacet
  facet normal 0.4088 -0.53276 -0.740979
    outer loop
      vertex -0.302165 -17.6135 39.8996
      vertex 37.1 10.8529 40.0673
      vertex -0.189511 -17.7603 40.0673
    endloop
  endfacet
  facet normal 0.408745 -0.532687 -0.741061
    outer loop
      vertex 37.1 10.8529 40.0673
      vertex -0.302165 -17.6135 39.8996
      vertex 37.1 11.0862 39.8996
    endloop
  endfacet
  facet normal 0.550262 -0.717117 -0.427732
    outer loop
      vertex 37.1 11.7815 39.0739
      vertex -0.573005 -17.2606 39.2997
      vertex -0.638011 -17.1758 39.0739
    endloop
  endfacet
  facet normal 0.550323 -0.717195 -0.427522
    outer loop
      vertex -0.573005 -17.2606 39.2997
      vertex 37.1 11.7815 39.0739
      vertex 37.1 11.6469 39.2997
    endloop
  endfacet
  facet normal 0.488896 -0.637142 -0.595844
    outer loop
      vertex 37.1 11.4851 39.5139
      vertex -0.40427 -17.4805 39.7145
      vertex -0.494841 -17.3624 39.5139
    endloop
  endfacet
  facet normal 0.488987 -0.63726 -0.595644
    outer loop
      vertex -0.40427 -17.4805 39.7145
      vertex 37.1 11.4851 39.5139
      vertex 37.1 11.2976 39.7145
    endloop
  endfacet
  facet normal -0.55033 0.717205 -0.427496
    outer loop
      vertex 2.22472 -20.9066 39.0739
      vertex 37.1 5.98871 39.2997
      vertex 37.1 5.85412 39.0739
    endloop
  endfacet
  facet normal -0.550335 0.717211 -0.42748
    outer loop
      vertex 37.1 5.98871 39.2997
      vertex 2.22472 -20.9066 39.0739
      vertex 2.15971 -20.8219 39.2997
    endloop
  endfacet
  facet normal -0.573158 0.746954 -0.336971
    outer loop
      vertex 2.27594 -20.9734 38.8388
      vertex 37.1 5.85412 39.0739
      vertex 37.1 5.74806 38.8388
    endloop
  endfacet
  facet normal -0.573132 0.74692 -0.337091
    outer loop
      vertex 37.1 5.85412 39.0739
      vertex 2.27594 -20.9734 38.8388
      vertex 2.22472 -20.9066 39.0739
    endloop
  endfacet
  facet normal -0.60217 0.784764 -0.146754
    outer loop
      vertex 2.33519 -21.0506 38.3495
      vertex 37.1 5.67157 38.5965
      vertex 37.1 5.62538 38.3495
    endloop
  endfacet
  facet normal -0.602162 0.784753 -0.146844
    outer loop
      vertex 37.1 5.67157 38.5965
      vertex 2.33519 -21.0506 38.3495
      vertex 2.31288 -21.0215 38.5965
    endloop
  endfacet
  facet normal -0.488958 0.637224 -0.595706
    outer loop
      vertex 2.08155 -20.72 39.5139
      vertex 37.1 6.33809 39.7145
      vertex 37.1 6.15056 39.5139
    endloop
  endfacet
  facet normal -0.48899 0.637264 -0.595638
    outer loop
      vertex 37.1 6.33809 39.7145
      vertex 2.08155 -20.72 39.5139
      vertex 1.99098 -20.602 39.7145
    endloop
  endfacet
  facet normal 0.147953 -0.192816 -0.970016
    outer loop
      vertex 0.343616 -18.4551 40.5354
      vertex 37.1 9.44366 40.5961
      vertex 0.4911 -18.6473 40.5961
    endloop
  endfacet
  facet normal 0.147948 -0.192809 -0.970019
    outer loop
      vertex 37.1 9.44366 40.5961
      vertex 0.343616 -18.4551 40.5354
      vertex 37.1 9.74904 40.5354
    endloop
  endfacet
  facet normal 0.451173 -0.58798 -0.671358
    outer loop
      vertex -0.40427 -17.4805 39.7145
      vertex 37.1 11.0862 39.8996
      vertex -0.302165 -17.6135 39.8996
    endloop
  endfacet
  facet normal 0.451124 -0.587915 -0.671449
    outer loop
      vertex 37.1 11.0862 39.8996
      vertex -0.40427 -17.4805 39.7145
      vertex 37.1 11.2976 39.7145
    endloop
  endfacet
  facet normal 0.590543 -0.769609 -0.242817
    outer loop
      vertex 37.1 11.9641 38.5965
      vertex -0.689232 -17.1091 38.8388
      vertex -0.726175 -17.061 38.5965
    endloop
  endfacet
  facet normal 0.590518 -0.769579 -0.242975
    outer loop
      vertex -0.689232 -17.1091 38.8388
      vertex 37.1 11.9641 38.5965
      vertex 37.1 11.8876 38.8388
    endloop
  endfacet
  facet normal 0.573193 -0.746999 -0.336811
    outer loop
      vertex 37.1 11.8876 38.8388
      vertex -0.638011 -17.1758 39.0739
      vertex -0.689232 -17.1091 38.8388
    endloop
  endfacet
  facet normal 0.573132 -0.746923 -0.337084
    outer loop
      vertex -0.638011 -17.1758 39.0739
      vertex 37.1 11.8876 38.8388
      vertex 37.1 11.7815 39.0739
    endloop
  endfacet
  facet normal 0.608031 -0.792401 -0.0489868
    outer loop
      vertex 37.1 12.0257 38.1
      vertex -0.748484 -17.0319 38.3495
      vertex -0.755944 -17.0222 38.1
    endloop
  endfacet
  facet normal 0.608033 -0.792403 -0.0489099
    outer loop
      vertex -0.748484 -17.0319 38.3495
      vertex 37.1 12.0257 38.1
      vertex 37.1 12.0103 38.3495
    endloop
  endfacet
  facet normal -0.147954 0.192818 -0.970016
    outer loop
      vertex 1.09561 -19.4351 40.5961
      vertex 37.1 7.88663 40.5354
      vertex 1.24309 -19.6273 40.5354
    endloop
  endfacet
  facet normal -0.147952 0.192815 -0.970017
    outer loop
      vertex 37.1 7.88663 40.5354
      vertex 1.09561 -19.4351 40.5961
      vertex 37.1 8.192 40.5961
    endloop
  endfacet
  facet normal -0.204977 0.267131 -0.941608
    outer loop
      vertex 1.24309 -19.6273 40.5354
      vertex 37.1 7.59022 40.4513
      vertex 1.38624 -19.8139 40.4513
    endloop
  endfacet
  facet normal -0.204997 0.267158 -0.941596
    outer loop
      vertex 37.1 7.59022 40.4513
      vertex 1.24309 -19.6273 40.5354
      vertex 37.1 7.88663 40.5354
    endloop
  endfacet
  facet normal -0.522133 0.680457 -0.514155
    outer loop
      vertex 2.15971 -20.8219 39.2997
      vertex 37.1 6.15056 39.5139
      vertex 37.1 5.98871 39.2997
    endloop
  endfacet
  facet normal -0.522112 0.68043 -0.514212
    outer loop
      vertex 37.1 6.15056 39.5139
      vertex 2.15971 -20.8219 39.2997
      vertex 2.08155 -20.72 39.5139
    endloop
  endfacet
  facet normal 0.0299807 -0.0390717 -0.998787
    outer loop
      vertex 0.641496 -18.8433 40.6327
      vertex 37.1 8.81783 40.645
      vertex 0.793353 -19.0412 40.645
    endloop
  endfacet
  facet normal 0.0299801 -0.0390709 -0.998787
    outer loop
      vertex 37.1 8.81783 40.645
      vertex 0.641496 -18.8433 40.6327
      vertex 37.1 9.13226 40.6327
    endloop
  endfacet
  facet normal 0.205037 -0.26721 -0.941573
    outer loop
      vertex 0.200463 -18.2686 40.4513
      vertex 37.1 9.74904 40.5354
      vertex 0.343616 -18.4551 40.5354
    endloop
  endfacet
  facet normal 0.205028 -0.267198 -0.941578
    outer loop
      vertex 37.1 9.74904 40.5354
      vertex 0.200463 -18.2686 40.4513
      vertex 37.1 10.0454 40.4513
    endloop
  endfacet
  facet normal 0.522195 -0.680538 -0.513985
    outer loop
      vertex 37.1 11.6469 39.2997
      vertex -0.494841 -17.3624 39.5139
      vertex -0.573005 -17.2606 39.2997
    endloop
  endfacet
  facet normal 0.522175 -0.680513 -0.514038
    outer loop
      vertex -0.494841 -17.3624 39.5139
      vertex 37.1 11.6469 39.2997
      vertex 37.1 11.4851 39.5139
    endloop
  endfacet
  facet normal 0.602163 -0.784753 -0.146842
    outer loop
      vertex 37.1 12.0103 38.3495
      vertex -0.726175 -17.061 38.5965
      vertex -0.748484 -17.0319 38.3495
    endloop
  endfacet
  facet normal 0.602168 -0.78476 -0.146785
    outer loop
      vertex -0.726175 -17.061 38.5965
      vertex 37.1 12.0103 38.3495
      vertex 37.1 11.9641 38.5965
    endloop
  endfacet
  facet normal -0.408803 0.532764 -0.740974
    outer loop
      vertex 1.77622 -20.3221 40.0673
      vertex 37.1 6.5495 39.8996
      vertex 1.88887 -20.4689 39.8996
    endloop
  endfacet
  facet normal -0.408783 0.532738 -0.741004
    outer loop
      vertex 37.1 6.5495 39.8996
      vertex 1.77622 -20.3221 40.0673
      vertex 37.1 6.78276 40.0673
    endloop
  endfacet
  facet normal -0.362719 0.472705 -0.803109
    outer loop
      vertex 1.6541 -20.163 40.2161
      vertex 37.1 6.78276 40.0673
      vertex 1.77622 -20.3221 40.0673
    endloop
  endfacet
  facet normal -0.36267 0.47264 -0.80317
    outer loop
      vertex 37.1 6.78276 40.0673
      vertex 1.6541 -20.163 40.2161
      vertex 37.1 7.03562 40.2161
    endloop
  endfacet
  facet normal -0.312927 0.407814 -0.857767
    outer loop
      vertex 1.52369 -19.993 40.3445
      vertex 37.1 7.03562 40.2161
      vertex 1.6541 -20.163 40.2161
    endloop
  endfacet
  facet normal -0.312967 0.407867 -0.857727
    outer loop
      vertex 37.1 7.03562 40.2161
      vertex 1.52369 -19.993 40.3445
      vertex 37.1 7.30564 40.3445
    endloop
  endfacet
  facet normal 0.0892122 -0.116264 -0.989204
    outer loop
      vertex 0.4911 -18.6473 40.5961
      vertex 37.1 9.13226 40.6327
      vertex 0.641496 -18.8433 40.6327
    endloop
  endfacet
  facet normal 0.089213 -0.116265 -0.989203
    outer loop
      vertex 37.1 9.13226 40.6327
      vertex 0.4911 -18.6473 40.5961
      vertex 37.1 9.44366 40.5961
    endloop
  endfacet
  facet normal 0.313012 -0.407926 -0.857683
    outer loop
      vertex -0.0673903 -17.9195 40.2161
      vertex 37.1 10.33 40.3445
      vertex 0.0630197 -18.0894 40.3445
    endloop
  endfacet
  facet normal 0.312984 -0.407889 -0.857711
    outer loop
      vertex 37.1 10.33 40.3445
      vertex -0.0673903 -17.9195 40.2161
      vertex 37.1 10.6 40.2161
    endloop
  endfacet
  facet normal 0.362626 -0.472584 -0.803223
    outer loop
      vertex -0.189511 -17.7603 40.0673
      vertex 37.1 10.6 40.2161
      vertex -0.0673903 -17.9195 40.2161
    endloop
  endfacet
  facet normal 0.362632 -0.472592 -0.803216
    outer loop
      vertex 37.1 10.6 40.2161
      vertex -0.189511 -17.7603 40.0673
      vertex 37.1 10.8529 40.0673
    endloop
  endfacet
  facet normal 0.260251 -0.339166 -0.904011
    outer loop
      vertex 0.0630197 -18.0894 40.3445
      vertex 37.1 10.0454 40.4513
      vertex 0.200463 -18.2686 40.4513
    endloop
  endfacet
  facet normal 0.260298 -0.339228 -0.903974
    outer loop
      vertex 37.1 10.0454 40.4513
      vertex 0.0630197 -18.0894 40.3445
      vertex 37.1 10.33 40.3445
    endloop
  endfacet
  facet normal -0.947978 0.315727 0.040664
    outer loop
      vertex 1.59407 -23.3421 37.9579
      vertex 2.35483 -21.0762 38.1
      vertex 2.34731 -21.0664 37.8486
    endloop
  endfacet
  facet normal -0.947976 0.315718 0.0407946
    outer loop
      vertex 2.35483 -21.0762 38.1
      vertex 1.59407 -23.3421 37.9579
      vertex 1.59832 -23.3477 38.1
    endloop
  endfacet
  facet normal -0.947976 0.315728 0.0407091
    outer loop
      vertex 1.59407 -23.3421 37.9579
      vertex 2.34731 -21.0664 37.8486
      vertex 1.58686 -23.3327 37.7171
    endloop
  endfacet
  facet normal -0.10547 -0.78228 -0.613933
    outer loop
      vertex -0.310775 -17.6023 39.9137
      vertex -2.28852 -18.2822 41.1198
      vertex -2.35269 -18.1986 41.0243
    endloop
  endfacet
  facet normal -0.105439 -0.782311 -0.613899
    outer loop
      vertex -2.28852 -18.2822 41.1198
      vertex -0.310775 -17.6023 39.9137
      vertex -0.197234 -17.7503 40.0828
    endloop
  endfacet
  facet normal -0.817914 0.14621 -0.556452
    outer loop
      vertex 2.00039 -20.6143 39.7272
      vertex 1.00034 -22.5684 40.6837
      vertex 1.89748 -20.4802 39.9137
    endloop
  endfacet
  facet normal -0.817907 0.1462 -0.556465
    outer loop
      vertex 1.00034 -22.5684 40.6837
      vertex 2.00039 -20.6143 39.7272
      vertex 1.0585 -22.6442 40.5783
    endloop
  endfacet
  facet normal -0.744589 0.0506793 0.665597
    outer loop
      vertex 0.65929 -22.1239 34.9955
      vertex 1.78394 -20.3322 36.1172
      vertex 1.66086 -20.1718 35.9673
    endloop
  endfacet
  facet normal -0.744563 0.0506438 0.665628
    outer loop
      vertex 1.78394 -20.3322 36.1172
      vertex 0.65929 -22.1239 34.9955
      vertex 0.728848 -22.2145 35.0802
    endloop
  endfacet
  facet normal -0.933463 0.296816 -0.201362
    outer loop
      vertex 2.28759 -20.9886 38.8446
      vertex 1.53158 -23.2607 39.0001
      vertex 1.49591 -23.2142 39.234
    endloop
  endfacet
  facet normal -0.070543 -0.827763 0.556626
    outer loop
      vertex -2.46144 -18.0569 35.3377
      vertex -0.310775 -17.6023 36.2863
      vertex -2.56002 -17.9284 35.5163
    endloop
  endfacet
  facet normal -0.817866 0.146158 -0.556537
    outer loop
      vertex 1.89748 -20.4802 39.9137
      vertex 1.00034 -22.5684 40.6837
      vertex 0.901771 -22.4399 40.8623
    endloop
  endfacet
  facet normal 0.0547497 -0.991072 0.121564
    outer loop
      vertex -3.125 -17.1921 37.4786
      vertex -0.738116 -17.0454 37.5996
      vertex -0.760601 -17.0161 37.8486
    endloop
  endfacet
  facet normal 0.054732 -0.991036 0.121868
    outer loop
      vertex -0.738116 -17.0454 37.5996
      vertex -3.125 -17.1921 37.4786
      vertex -3.11229 -17.2087 37.3379
    endloop
  endfacet
  facet normal -0.274279 -0.562232 0.780171
    outer loop
      vertex -1.55171 -19.2425 34.4096
      vertex 0.195804 -18.2625 35.7302
      vertex -1.68992 -19.0624 34.4908
    endloop
  endfacet
  facet normal -0.817866 0.146158 0.556537
    outer loop
      vertex 1.00034 -22.5684 35.5163
      vertex 1.89748 -20.4802 36.2863
      vertex 0.901771 -22.4399 35.3377
    endloop
  endfacet
  facet normal -0.744758 0.0508668 0.665394
    outer loop
      vertex 0.65929 -22.1239 34.9955
      vertex 1.66086 -20.1718 35.9673
      vertex 0.541394 -21.9703 34.8518
    endloop
  endfacet
  facet normal -0.65996 -0.0596371 0.74893
    outer loop
      vertex 0.262932 -21.6074 34.5939
      vertex 1.52943 -20.0005 35.8379
      vertex 1.3909 -19.82 35.7302
    endloop
  endfacet
  facet normal -0.659783 -0.0598816 0.749066
    outer loop
      vertex 1.52943 -20.0005 35.8379
      vertex 0.262932 -21.6074 34.5939
      vertex 0.341217 -21.7094 34.6547
    endloop
  endfacet
  facet normal -0.919096 0.278094 0.279154
    outer loop
      vertex 1.46674 -23.1762 36.8321
      vertex 2.28759 -20.9886 37.3554
      vertex 2.23597 -20.9213 37.1184
    endloop
  endfacet
  facet normal -0.919097 0.278096 0.279147
    outer loop
      vertex 2.28759 -20.9886 37.3554
      vertex 1.46674 -23.1762 36.8321
      vertex 1.49591 -23.2142 36.966
    endloop
  endfacet
  facet normal -0.900153 0.253402 0.354275
    outer loop
      vertex 1.41729 -23.1117 36.605
      vertex 2.23597 -20.9213 37.1184
      vertex 1.35453 -23.03 36.3871
    endloop
  endfacet
  facet normal 0.0547258 -0.991056 -0.121708
    outer loop
      vertex -0.760601 -17.0161 38.3514
      vertex -3.125 -17.1921 38.7214
      vertex -3.14654 -17.164 38.4829
    endloop
  endfacet
  facet normal -0.518029 -0.244614 -0.81964
    outer loop
      vertex 0.946404 -19.2407 40.6526
      vertex -0.401544 -20.7414 41.9524
      vertex -0.546737 -20.5522 41.9877
    endloop
  endfacet
  facet normal -0.703417 -0.00301043 -0.710771
    outer loop
      vertex 0.467115 -21.8734 41.4213
      vertex 1.66086 -20.1718 40.2327
      vertex 0.541394 -21.9703 41.3482
    endloop
  endfacet
  facet normal -0.703496 -0.00290017 -0.710693
    outer loop
      vertex 1.66086 -20.1718 40.2327
      vertex 0.467115 -21.8734 41.4213
      vertex 1.52943 -20.0005 40.3621
    endloop
  endfacet
  facet normal -0.849293 0.187092 -0.493657
    outer loop
      vertex 2.09167 -20.7332 39.525
      vertex 1.19753 -22.8253 40.2704
      vertex 1.11009 -22.7114 40.464
    endloop
  endfacet
  facet normal -0.943136 0.309419 -0.121465
    outer loop
      vertex 2.34731 -21.0664 38.3514
      vertex 1.58686 -23.3327 38.4829
      vertex 1.56533 -23.3047 38.7214
    endloop
  endfacet
  facet normal -0.56686 -0.180917 -0.803703
    outer loop
      vertex -0.315882 -20.853 41.9315
      vertex 1.24662 -19.632 40.5546
      vertex -0.231878 -20.9625 41.8969
    endloop
  endfacet
  facet normal -0.566676 -0.181221 -0.803764
    outer loop
      vertex 1.24662 -19.632 40.5546
      vertex -0.315882 -20.853 41.9315
      vertex 1.09798 -19.4382 40.6157
    endloop
  endfacet
  facet normal -0.947976 0.315728 -0.0407091
    outer loop
      vertex 2.34731 -21.0664 38.3514
      vertex 1.59407 -23.3421 38.2421
      vertex 1.58686 -23.3327 38.4829
    endloop
  endfacet
  facet normal -0.947978 0.315727 -0.040664
    outer loop
      vertex 2.35483 -21.0762 38.1
      vertex 1.59407 -23.3421 38.2421
      vertex 2.34731 -21.0664 38.3514
    endloop
  endfacet
  facet normal -0.947976 0.315718 -0.0407946
    outer loop
      vertex 1.59407 -23.3421 38.2421
      vertex 2.35483 -21.0762 38.1
      vertex 1.59832 -23.3477 38.1
    endloop
  endfacet
  facet normal -0.943136 0.309419 0.121465
    outer loop
      vertex 1.58686 -23.3327 37.7171
      vertex 2.34731 -21.0664 37.8486
      vertex 1.56533 -23.3047 37.4786
    endloop
  endfacet
  facet normal -0.370329 -0.437109 0.819629
    outer loop
      vertex -1.01294 -19.9446 34.2123
      vertex 0.640303 -18.8418 35.5474
      vertex -1.15813 -19.7554 34.2476
    endloop
  endfacet
  facet normal -0.817914 0.14621 0.556452
    outer loop
      vertex 1.00034 -22.5684 35.5163
      vertex 2.00039 -20.6143 36.4728
      vertex 1.89748 -20.4802 36.2863
    endloop
  endfacet
  facet normal -0.817907 0.1462 0.556465
    outer loop
      vertex 2.00039 -20.6143 36.4728
      vertex 1.00034 -22.5684 35.5163
      vertex 1.0585 -22.6442 35.6217
    endloop
  endfacet
  facet normal -0.419291 -0.373291 0.827556
    outer loop
      vertex -0.866331 -20.1357 34.2004
      vertex 0.793353 -19.0412 35.535
      vertex 0.640303 -18.8418 35.5474
    endloop
  endfacet
  facet normal -0.419675 -0.372761 0.8276
    outer loop
      vertex 0.793353 -19.0412 35.535
      vertex -0.866331 -20.1357 34.2004
      vertex -0.779836 -20.2484 34.1935
    endloop
  endfacet
  facet normal -0.876833 0.223 0.425951
    outer loop
      vertex 1.31751 -22.9817 36.2585
      vertex 2.17045 -20.8359 36.8909
      vertex 1.24205 -22.8834 36.0517
    endloop
  endfacet
  facet normal -0.93348 0.296828 0.201268
    outer loop
      vertex 1.53158 -23.2607 37.1999
      vertex 2.32482 -21.0371 37.5996
      vertex 2.28759 -20.9886 37.3554
    endloop
  endfacet
  facet normal -0.933481 0.29683 0.201258
    outer loop
      vertex 2.32482 -21.0371 37.5996
      vertex 1.53158 -23.2607 37.1999
      vertex 1.55262 -23.2881 37.3379
    endloop
  endfacet
  facet normal -0.933463 0.296816 0.201362
    outer loop
      vertex 1.53158 -23.2607 37.1999
      vertex 2.28759 -20.9886 37.3554
      vertex 1.49591 -23.2142 36.966
    endloop
  endfacet
  facet normal -0.919105 0.278102 0.279116
    outer loop
      vertex 1.46674 -23.1762 36.8321
      vertex 2.23597 -20.9213 37.1184
      vertex 1.41729 -23.1117 36.605
    endloop
  endfacet
  facet normal 0.0307967 -0.959827 -0.278896
    outer loop
      vertex -0.700883 -17.0939 38.8446
      vertex -3.02641 -17.3206 39.368
      vertex -3.05559 -17.2826 39.234
    endloop
  endfacet
  facet normal 0.0307143 -0.959735 -0.279223
    outer loop
      vertex -3.02641 -17.3206 39.368
      vertex -0.700883 -17.0939 38.8446
      vertex -0.64926 -17.1612 39.0816
    endloop
  endfacet
  facet normal 0.0596062 -0.997408 -0.0403034
    outer loop
      vertex -0.760601 -17.0161 38.3514
      vertex -3.14654 -17.164 38.4829
      vertex -3.15374 -17.1547 38.2421
    endloop
  endfacet
  facet normal -0.0391654 -0.868678 -0.493826
    outer loop
      vertex -0.504964 -17.3492 39.525
      vertex -2.66976 -17.7854 40.464
      vertex -2.7572 -17.6714 40.2704
    endloop
  endfacet
  facet normal -0.105303 -0.782465 -0.613726
    outer loop
      vertex -0.310775 -17.6023 39.9137
      vertex -2.35269 -18.1986 41.0243
      vertex -2.46144 -18.0569 40.8623
    endloop
  endfacet
  facet normal 0.0451064 -0.97847 -0.2014
    outer loop
      vertex -0.700883 -17.0939 38.8446
      vertex -3.05559 -17.2826 39.234
      vertex -3.09125 -17.2361 39.0001
    endloop
  endfacet
  facet normal 0.0307462 -0.959801 -0.278994
    outer loop
      vertex -0.64926 -17.1612 39.0816
      vertex -2.97696 -17.385 39.595
      vertex -3.02641 -17.3206 39.368
    endloop
  endfacet
  facet normal -0.143932 -0.732128 -0.665787
    outer loop
      vertex -0.197234 -17.7503 40.0828
      vertex -2.21896 -18.3729 41.2045
      vertex -2.28852 -18.2822 41.1198
    endloop
  endfacet
  facet normal -0.143761 -0.732336 -0.665595
    outer loop
      vertex -2.21896 -18.3729 41.2045
      vertex -0.197234 -17.7503 40.0828
      vertex -0.0741545 -17.9107 40.2327
    endloop
  endfacet
  facet normal -0.469072 -0.308423 -0.827555
    outer loop
      vertex -0.693341 -20.3611 41.9996
      vertex 0.793353 -19.0412 40.665
      vertex 0.946404 -19.2407 40.6526
    endloop
  endfacet
  facet normal -0.468617 -0.308985 -0.827603
    outer loop
      vertex 0.793353 -19.0412 40.665
      vertex -0.693341 -20.3611 41.9996
      vertex -0.779836 -20.2484 42.0065
    endloop
  endfacet
  facet normal -0.469118 -0.308355 -0.827554
    outer loop
      vertex 0.946404 -19.2407 40.6526
      vertex -0.546737 -20.5522 41.9877
      vertex -0.693341 -20.3611 41.9996
    endloop
  endfacet
  facet normal -0.783018 0.10074 -0.613787
    outer loop
      vertex 1.89748 -20.4802 39.9137
      vertex 0.901771 -22.4399 40.8623
      vertex 0.793014 -22.2982 41.0243
    endloop
  endfacet
  facet normal -0.900153 0.253402 -0.354275
    outer loop
      vertex 2.23597 -20.9213 39.0816
      vertex 1.41729 -23.1117 39.595
      vertex 1.35453 -23.03 39.8129
    endloop
  endfacet
  facet normal -0.659885 -0.0597625 -0.748986
    outer loop
      vertex 1.3909 -19.82 40.4697
      vertex 0.262932 -21.6074 41.6061
      vertex 0.130243 -21.4344 41.7092
    endloop
  endfacet
  facet normal -0.518259 -0.244318 -0.819583
    outer loop
      vertex -0.401544 -20.7414 41.9524
      vertex 1.09798 -19.4382 40.6157
      vertex -0.315882 -20.853 41.9315
    endloop
  endfacet
  facet normal -0.518119 -0.24451 -0.819614
    outer loop
      vertex 1.09798 -19.4382 40.6157
      vertex -0.401544 -20.7414 41.9524
      vertex 0.946404 -19.2407 40.6526
    endloop
  endfacet
  facet normal -0.566778 -0.181038 -0.803734
    outer loop
      vertex 1.24662 -19.632 40.5546
      vertex -0.0894954 -21.1481 41.8383
      vertex -0.231878 -20.9625 41.8969
    endloop
  endfacet
  facet normal -0.943128 0.309395 -0.121591
    outer loop
      vertex 1.56533 -23.3047 38.7214
      vertex 2.32482 -21.0371 38.6004
      vertex 2.34731 -21.0664 38.3514
    endloop
  endfacet
  facet normal -0.943117 0.309386 -0.121697
    outer loop
      vertex 2.32482 -21.0371 38.6004
      vertex 1.56533 -23.3047 38.7214
      vertex 1.55262 -23.2881 38.8621
    endloop
  endfacet
  facet normal 0.0596062 -0.997408 0.0403034
    outer loop
      vertex -3.14654 -17.164 37.7171
      vertex -0.760601 -17.0161 37.8486
      vertex -3.15374 -17.1547 37.9579
    endloop
  endfacet
  facet normal 0.0595954 -0.997377 -0.0410879
    outer loop
      vertex -0.768119 -17.0063 38.1
      vertex -3.15374 -17.1547 38.2421
      vertex -3.15799 -17.1491 38.1
    endloop
  endfacet
  facet normal 0.0596217 -0.997392 -0.040663
    outer loop
      vertex -3.15374 -17.1547 38.2421
      vertex -0.768119 -17.0063 38.1
      vertex -0.760601 -17.0161 38.3514
    endloop
  endfacet
  facet normal -0.0115067 -0.904721 0.42585
    outer loop
      vertex -2.80172 -17.6134 36.0517
      vertex -0.583743 -17.2466 36.8909
      vertex -2.87718 -17.5151 36.2585
    endloop
  endfacet
  facet normal 0.0117395 -0.935029 0.354376
    outer loop
      vertex -2.91421 -17.4668 36.3871
      vertex -0.583743 -17.2466 36.8909
      vertex -0.64926 -17.1612 37.1184
    endloop
  endfacet
  facet normal 0.0117011 -0.934972 0.354529
    outer loop
      vertex -0.583743 -17.2466 36.8909
      vertex -2.91421 -17.4668 36.3871
      vertex -2.87718 -17.5151 36.2585
    endloop
  endfacet
  facet normal 0.0117348 -0.935024 0.354389
    outer loop
      vertex -2.91421 -17.4668 36.3871
      vertex -0.64926 -17.1612 37.1184
      vertex -2.97696 -17.385 36.605
    endloop
  endfacet
  facet normal -0.0388939 -0.868969 0.493335
    outer loop
      vertex -2.61817 -17.8526 35.6217
      vertex -0.504964 -17.3492 36.675
      vertex -2.66976 -17.7854 35.736
    endloop
  endfacet
  facet normal -0.0390959 -0.868781 0.493651
    outer loop
      vertex -0.504964 -17.3492 36.675
      vertex -2.61817 -17.8526 35.6217
      vertex -0.413681 -17.4682 36.4728
    endloop
  endfacet
  facet normal -0.105303 -0.782465 0.613726
    outer loop
      vertex -2.35269 -18.1986 35.1757
      vertex -0.310775 -17.6023 36.2863
      vertex -2.46144 -18.0569 35.3377
    endloop
  endfacet
  facet normal -0.143932 -0.732128 0.665787
    outer loop
      vertex -2.21896 -18.3729 34.9955
      vertex -0.197234 -17.7503 36.1172
      vertex -2.28852 -18.2822 35.0802
    endloop
  endfacet
  facet normal -0.143761 -0.732336 0.665595
    outer loop
      vertex -0.197234 -17.7503 36.1172
      vertex -2.21896 -18.3729 34.9955
      vertex -0.0741545 -17.9107 35.9673
    endloop
  endfacet
  facet normal -0.228609 -0.621759 0.749102
    outer loop
      vertex -1.68992 -19.0624 34.4908
      vertex 0.195804 -18.2625 35.7302
      vertex -1.8226 -18.8894 34.5939
    endloop
  endfacet
  facet normal -0.10547 -0.78228 0.613933
    outer loop
      vertex -2.28852 -18.2822 35.0802
      vertex -0.310775 -17.6023 36.2863
      vertex -2.35269 -18.1986 35.1757
    endloop
  endfacet
  facet normal -0.105439 -0.782311 0.613899
    outer loop
      vertex -0.310775 -17.6023 36.2863
      vertex -2.28852 -18.2822 35.0802
      vertex -0.197234 -17.7503 36.1172
    endloop
  endfacet
  facet normal -0.321723 -0.500428 0.803783
    outer loop
      vertex 0.340082 -18.4505 35.6454
      vertex -1.24379 -19.6438 34.2685
      vertex 0.488725 -18.6442 35.5843
    endloop
  endfacet
  facet normal -0.321535 -0.500623 0.803736
    outer loop
      vertex -1.24379 -19.6438 34.2685
      vertex 0.340082 -18.4505 35.6454
      vertex -1.32779 -19.5343 34.3031
    endloop
  endfacet
  facet normal -0.419335 -0.37324 0.827557
    outer loop
      vertex -0.866331 -20.1357 34.2004
      vertex 0.640303 -18.8418 35.5474
      vertex -1.01294 -19.9446 34.2123
    endloop
  endfacet
  facet normal -0.783018 0.10074 0.613787
    outer loop
      vertex 0.901771 -22.4399 35.3377
      vertex 1.89748 -20.4802 36.2863
      vertex 0.793014 -22.2982 35.1757
    endloop
  endfacet
  facet normal -0.782973 0.100699 0.613851
    outer loop
      vertex 0.728848 -22.2145 35.0802
      vertex 1.89748 -20.4802 36.2863
      vertex 1.78394 -20.3322 36.1172
    endloop
  endfacet
  facet normal -0.782846 0.100474 0.61405
    outer loop
      vertex 1.89748 -20.4802 36.2863
      vertex 0.728848 -22.2145 35.0802
      vertex 0.793014 -22.2982 35.1757
    endloop
  endfacet
  facet normal -0.659869 -0.0597408 0.749002
    outer loop
      vertex 0.262932 -21.6074 34.5939
      vertex 1.3909 -19.82 35.7302
      vertex 0.130243 -21.4344 34.4908
    endloop
  endfacet
  facet normal -0.518119 -0.24451 0.819614
    outer loop
      vertex -0.401544 -20.7414 34.2476
      vertex 1.09798 -19.4382 35.5843
      vertex 0.946404 -19.2407 35.5474
    endloop
  endfacet
  facet normal -0.518259 -0.244318 0.819583
    outer loop
      vertex 1.09798 -19.4382 35.5843
      vertex -0.401544 -20.7414 34.2476
      vertex -0.315882 -20.853 34.2685
    endloop
  endfacet
  facet normal -0.469118 -0.308355 0.827554
    outer loop
      vertex -0.546737 -20.5522 34.2123
      vertex 0.946404 -19.2407 35.5474
      vertex -0.693341 -20.3611 34.2004
    endloop
  endfacet
  facet normal -0.849293 0.187092 0.493657
    outer loop
      vertex 1.19753 -22.8253 35.9296
      vertex 2.09167 -20.7332 36.675
      vertex 1.11009 -22.7114 35.736
    endloop
  endfacet
  facet normal -0.876818 0.222961 0.426002
    outer loop
      vertex 1.19753 -22.8253 35.9296
      vertex 2.17045 -20.8359 36.8909
      vertex 2.09167 -20.7332 36.675
    endloop
  endfacet
  facet normal -0.876865 0.223053 0.425859
    outer loop
      vertex 2.17045 -20.8359 36.8909
      vertex 1.19753 -22.8253 35.9296
      vertex 1.24205 -22.8834 36.0517
    endloop
  endfacet
  facet normal -0.900135 0.253365 0.354348
    outer loop
      vertex 1.31751 -22.9817 36.2585
      vertex 2.23597 -20.9213 37.1184
      vertex 2.17045 -20.8359 36.8909
    endloop
  endfacet
  facet normal -0.900148 0.253393 0.354295
    outer loop
      vertex 2.23597 -20.9213 37.1184
      vertex 1.31751 -22.9817 36.2585
      vertex 1.35453 -23.03 36.3871
    endloop
  endfacet
  facet normal -0.943117 0.309386 0.121697
    outer loop
      vertex 1.56533 -23.3047 37.4786
      vertex 2.32482 -21.0371 37.5996
      vertex 1.55262 -23.2881 37.3379
    endloop
  endfacet
  facet normal -0.943128 0.309395 0.121591
    outer loop
      vertex 2.32482 -21.0371 37.5996
      vertex 1.56533 -23.3047 37.4786
      vertex 2.34731 -21.0664 37.8486
    endloop
  endfacet
  facet normal -0.070543 -0.827763 -0.556626
    outer loop
      vertex -0.310775 -17.6023 39.9137
      vertex -2.46144 -18.0569 40.8623
      vertex -2.56002 -17.9284 40.6837
    endloop
  endfacet
  facet normal -0.0388939 -0.868969 -0.493335
    outer loop
      vertex -0.504964 -17.3492 39.525
      vertex -2.61817 -17.8526 40.5783
      vertex -2.66976 -17.7854 40.464
    endloop
  endfacet
  facet normal -0.0390959 -0.868781 -0.493651
    outer loop
      vertex -2.61817 -17.8526 40.5783
      vertex -0.504964 -17.3492 39.525
      vertex -0.413681 -17.4682 39.7272
    endloop
  endfacet
  facet normal 0.0117011 -0.934972 -0.354529
    outer loop
      vertex -2.91421 -17.4668 39.8129
      vertex -0.583743 -17.2466 39.3091
      vertex -2.87718 -17.5151 39.9415
    endloop
  endfacet
  facet normal 0.0117395 -0.935029 -0.354376
    outer loop
      vertex -0.583743 -17.2466 39.3091
      vertex -2.91421 -17.4668 39.8129
      vertex -0.64926 -17.1612 39.0816
    endloop
  endfacet
  facet normal 0.0117348 -0.935024 -0.354389
    outer loop
      vertex -0.64926 -17.1612 39.0816
      vertex -2.91421 -17.4668 39.8129
      vertex -2.97696 -17.385 39.595
    endloop
  endfacet
  facet normal 0.0451301 -0.978517 -0.201166
    outer loop
      vertex -0.738116 -17.0454 38.6004
      vertex -3.09125 -17.2361 39.0001
      vertex -3.11229 -17.2087 38.8621
    endloop
  endfacet
  facet normal 0.0451203 -0.978507 -0.201218
    outer loop
      vertex -3.09125 -17.2361 39.0001
      vertex -0.738116 -17.0454 38.6004
      vertex -0.700883 -17.0939 38.8446
    endloop
  endfacet
  facet normal -0.143572 -0.732627 -0.665316
    outer loop
      vertex -0.0741545 -17.9107 40.2327
      vertex -2.10107 -18.5265 41.3482
      vertex -2.21896 -18.3729 41.2045
    endloop
  endfacet
  facet normal -0.370317 -0.437126 -0.819625
    outer loop
      vertex -1.15813 -19.7554 41.9524
      vertex 0.488725 -18.6442 40.6157
      vertex 0.640303 -18.8418 40.6526
    endloop
  endfacet
  facet normal -0.370017 -0.437496 -0.819564
    outer loop
      vertex 0.488725 -18.6442 40.6157
      vertex -1.15813 -19.7554 41.9524
      vertex -1.24379 -19.6438 41.9315
    endloop
  endfacet
  facet normal -0.419335 -0.37324 -0.827557
    outer loop
      vertex 0.640303 -18.8418 40.6526
      vertex -0.866331 -20.1357 41.9996
      vertex -1.01294 -19.9446 41.9877
    endloop
  endfacet
  facet normal -0.876818 0.222961 -0.426002
    outer loop
      vertex 2.17045 -20.8359 39.3091
      vertex 1.19753 -22.8253 40.2704
      vertex 2.09167 -20.7332 39.525
    endloop
  endfacet
  facet normal -0.876865 0.223053 -0.425859
    outer loop
      vertex 1.19753 -22.8253 40.2704
      vertex 2.17045 -20.8359 39.3091
      vertex 1.24205 -22.8834 40.1483
    endloop
  endfacet
  facet normal -0.900135 0.253365 -0.354348
    outer loop
      vertex 2.23597 -20.9213 39.0816
      vertex 1.31751 -22.9817 39.9415
      vertex 2.17045 -20.8359 39.3091
    endloop
  endfacet
  facet normal -0.900148 0.253393 -0.354295
    outer loop
      vertex 1.31751 -22.9817 39.9415
      vertex 2.23597 -20.9213 39.0816
      vertex 1.35453 -23.03 39.8129
    endloop
  endfacet
  facet normal -0.876833 0.223 -0.425951
    outer loop
      vertex 2.17045 -20.8359 39.3091
      vertex 1.31751 -22.9817 39.9415
      vertex 1.24205 -22.8834 40.1483
    endloop
  endfacet
  facet normal -0.919082 0.278068 -0.279225
    outer loop
      vertex 2.23597 -20.9213 39.0816
      vertex 1.46674 -23.1762 39.368
      vertex 1.41729 -23.1117 39.595
    endloop
  endfacet
  facet normal -0.9191 0.278083 -0.279152
    outer loop
      vertex 2.28759 -20.9886 38.8446
      vertex 1.46674 -23.1762 39.368
      vertex 2.23597 -20.9213 39.0816
    endloop
  endfacet
  facet normal -0.919139 0.278144 -0.278961
    outer loop
      vertex 1.46674 -23.1762 39.368
      vertex 2.28759 -20.9886 38.8446
      vertex 1.49591 -23.2142 39.234
    endloop
  endfacet
  facet normal -0.703572 -0.00281482 -0.710618
    outer loop
      vertex 1.52943 -20.0005 40.3621
      vertex 0.467115 -21.8734 41.4213
      vertex 0.341217 -21.7094 41.5453
    endloop
  endfacet
  facet normal -0.659783 -0.0598816 -0.749066
    outer loop
      vertex 0.262932 -21.6074 41.6061
      vertex 1.52943 -20.0005 40.3621
      vertex 0.341217 -21.7094 41.5453
    endloop
  endfacet
  facet normal -0.659801 -0.0598571 -0.749052
    outer loop
      vertex 1.52943 -20.0005 40.3621
      vertex 0.262932 -21.6074 41.6061
      vertex 1.3909 -19.82 40.4697
    endloop
  endfacet
  facet normal -0.744758 0.0508668 -0.665394
    outer loop
      vertex 1.66086 -20.1718 40.2327
      vertex 0.65929 -22.1239 41.2045
      vertex 0.541394 -21.9703 41.3482
    endloop
  endfacet
  facet normal -0.614023 -0.11954 -0.780183
    outer loop
      vertex -0.0894954 -21.1481 41.8383
      vertex 1.3909 -19.82 40.4697
      vertex -0.00795787 -21.2543 41.7904
    endloop
  endfacet
  facet normal -0.614262 -0.119143 -0.780056
    outer loop
      vertex 1.3909 -19.82 40.4697
      vertex -0.0894954 -21.1481 41.8383
      vertex 1.24662 -19.632 40.5546
    endloop
  endfacet
  facet normal -0.614071 -0.119469 -0.780156
    outer loop
      vertex 1.3909 -19.82 40.4697
      vertex 0.130243 -21.4344 41.7092
      vertex -0.00795787 -21.2543 41.7904
    endloop
  endfacet
  facet normal -0.93348 0.296828 -0.201268
    outer loop
      vertex 2.32482 -21.0371 38.6004
      vertex 1.53158 -23.2607 39.0001
      vertex 2.28759 -20.9886 38.8446
    endloop
  endfacet
  facet normal -0.933481 0.29683 -0.201258
    outer loop
      vertex 1.53158 -23.2607 39.0001
      vertex 2.32482 -21.0371 38.6004
      vertex 1.55262 -23.2881 38.8621
    endloop
  endfacet
  facet normal 0.0547258 -0.991056 0.121708
    outer loop
      vertex -3.125 -17.1921 37.4786
      vertex -0.760601 -17.0161 37.8486
      vertex -3.14654 -17.164 37.7171
    endloop
  endfacet
  facet normal -0.793517 -0.608548 -7.51614e-06
    outer loop
      vertex -0.748484 -17.0319 37.8505
      vertex -0.768119 -17.0063 38.1
      vertex -0.760601 -17.0161 37.8486
    endloop
  endfacet
  facet normal -0.793968 -0.60796 0.000103373
    outer loop
      vertex -0.748484 -17.0319 38.3495
      vertex -0.768119 -17.0063 38.1
      vertex -0.755944 -17.0222 38.1
    endloop
  endfacet
  facet normal -0.793968 -0.60796 -0.000103373
    outer loop
      vertex -0.768119 -17.0063 38.1
      vertex -0.748484 -17.0319 37.8505
      vertex -0.755944 -17.0222 38.1
    endloop
  endfacet
  facet normal -0.794052 -0.60785 -0.000177669
    outer loop
      vertex -0.726175 -17.061 37.6035
      vertex -0.760601 -17.0161 37.8486
      vertex -0.738116 -17.0454 37.5996
    endloop
  endfacet
  facet normal -0.793519 -0.608546 2.45601e-05
    outer loop
      vertex -0.760601 -17.0161 37.8486
      vertex -0.726175 -17.061 37.6035
      vertex -0.748484 -17.0319 37.8505
    endloop
  endfacet
  facet normal -0.793633 -0.608396 -0.000172534
    outer loop
      vertex -0.689232 -17.1091 37.3612
      vertex -0.738116 -17.0454 37.5996
      vertex -0.700883 -17.0939 37.3554
    endloop
  endfacet
  facet normal -0.794026 -0.607884 -0.000390001
    outer loop
      vertex -0.738116 -17.0454 37.5996
      vertex -0.689232 -17.1091 37.3612
      vertex -0.726175 -17.061 37.6035
    endloop
  endfacet
  facet normal -0.792316 -0.61011 0.000669536
    outer loop
      vertex -0.638011 -17.1758 37.1261
      vertex -0.700883 -17.0939 37.3554
      vertex -0.64926 -17.1612 37.1184
    endloop
  endfacet
  facet normal -0.793612 -0.608424 -0.000288058
    outer loop
      vertex -0.700883 -17.0939 37.3554
      vertex -0.638011 -17.1758 37.1261
      vertex -0.689232 -17.1091 37.3612
    endloop
  endfacet
  facet normal -0.793465 -0.608616 -4.23419e-05
    outer loop
      vertex -0.573005 -17.2606 36.9003
      vertex -0.64926 -17.1612 37.1184
      vertex -0.583743 -17.2466 36.8909
    endloop
  endfacet
  facet normal -0.792392 -0.610011 0.000968532
    outer loop
      vertex -0.64926 -17.1612 37.1184
      vertex -0.573005 -17.2606 36.9003
      vertex -0.638011 -17.1758 37.1261
    endloop
  endfacet
  facet normal -0.793417 -0.608678 -0.000251229
    outer loop
      vertex -0.494841 -17.3624 36.6861
      vertex -0.583743 -17.2466 36.8909
      vertex -0.504964 -17.3492 36.675
    endloop
  endfacet
  facet normal -0.793403 -0.608697 -0.000234187
    outer loop
      vertex -0.583743 -17.2466 36.8909
      vertex -0.494841 -17.3624 36.6861
      vertex -0.573005 -17.2606 36.9003
    endloop
  endfacet
  facet normal -0.793914 -0.60803 -0.000570244
    outer loop
      vertex -0.40427 -17.4805 36.4855
      vertex -0.504964 -17.3492 36.675
      vertex -0.413681 -17.4682 36.4728
    endloop
  endfacet
  facet normal -0.793518 -0.608546 -2.18482e-06
    outer loop
      vertex -0.504964 -17.3492 36.675
      vertex -0.40427 -17.4805 36.4855
      vertex -0.494841 -17.3624 36.6861
    endloop
  endfacet
  facet normal -0.793057 -0.609147 0.000409281
    outer loop
      vertex -0.302165 -17.6135 36.3004
      vertex -0.413681 -17.4682 36.4728
      vertex -0.310775 -17.6023 36.2863
    endloop
  endfacet
  facet normal -0.793776 -0.608209 -0.000846351
    outer loop
      vertex -0.413681 -17.4682 36.4728
      vertex -0.302165 -17.6135 36.3004
      vertex -0.40427 -17.4805 36.4855
    endloop
  endfacet
  facet normal -0.792579 -0.609768 0.00151037
    outer loop
      vertex -0.189511 -17.7603 36.1327
      vertex -0.310775 -17.6023 36.2863
      vertex -0.197234 -17.7503 36.1172
    endloop
  endfacet
  facet normal -0.79308 -0.609118 0.000446586
    outer loop
      vertex -0.310775 -17.6023 36.2863
      vertex -0.189511 -17.7603 36.1327
      vertex -0.302165 -17.6135 36.3004
    endloop
  endfacet
  facet normal -0.793184 -0.608982 0.000374122
    outer loop
      vertex -0.0673903 -17.9195 35.9839
      vertex -0.197234 -17.7503 36.1172
      vertex -0.0741545 -17.9107 35.9673
    endloop
  endfacet
  facet normal -0.792692 -0.60962 0.00166222
    outer loop
      vertex -0.197234 -17.7503 36.1172
      vertex -0.0673903 -17.9195 35.9839
      vertex -0.189511 -17.7603 36.1327
    endloop
  endfacet
  facet normal -0.792602 -0.609735 0.00210334
    outer loop
      vertex 0.0630197 -18.0894 35.8555
      vertex -0.0741545 -17.9107 35.9673
      vertex 0.0572803 -18.082 35.8379
    endloop
  endfacet
  facet normal -0.793141 -0.609038 0.00032719
    outer loop
      vertex -0.0741545 -17.9107 35.9673
      vertex 0.0630197 -18.0894 35.8555
      vertex -0.0673903 -17.9195 35.9839
    endloop
  endfacet
  facet normal -0.79354 -0.608518 -0.00080324
    outer loop
      vertex 0.200463 -18.2686 35.7487
      vertex 0.0572803 -18.082 35.8379
      vertex 0.195804 -18.2625 35.7302
    endloop
  endfacet
  facet normal -0.792822 -0.609449 0.00229552
    outer loop
      vertex 0.0572803 -18.082 35.8379
      vertex 0.200463 -18.2686 35.7487
      vertex 0.0630197 -18.0894 35.8555
    endloop
  endfacet
  facet normal -0.793281 -0.608856 0.000141453
    outer loop
      vertex 0.343616 -18.4551 35.6646
      vertex 0.195804 -18.2625 35.7302
      vertex 0.340082 -18.4505 35.6454
    endloop
  endfacet
  facet normal -0.793446 -0.60864 -0.000866828
    outer loop
      vertex 0.195804 -18.2625 35.7302
      vertex 0.343616 -18.4551 35.6646
      vertex 0.200463 -18.2686 35.7487
    endloop
  endfacet
  facet normal -0.793353 -0.608762 -0.000150433
    outer loop
      vertex 0.4911 -18.6473 35.6039
      vertex 0.340082 -18.4505 35.6454
      vertex 0.488725 -18.6442 35.5843
    endloop
  endfacet
  facet normal -0.793321 -0.608803 0.000161564
    outer loop
      vertex 0.340082 -18.4505 35.6454
      vertex 0.4911 -18.6473 35.6039
      vertex 0.343616 -18.4551 35.6646
    endloop
  endfacet
  facet normal -0.793291 -0.608841 0.00166509
    outer loop
      vertex 0.641496 -18.8433 35.5673
      vertex 0.488725 -18.6442 35.5843
      vertex 0.640303 -18.8418 35.5474
    endloop
  endfacet
  facet normal -0.793367 -0.608744 -0.000145953
    outer loop
      vertex 0.488725 -18.6442 35.5843
      vertex 0.641496 -18.8433 35.5673
      vertex 0.4911 -18.6473 35.6039
    endloop
  endfacet
  facet normal -0.793267 -0.608874 -0
    outer loop
      vertex 0.793353 -19.0412 35.555
      vertex 0.640303 -18.8418 35.5474
      vertex 0.793353 -19.0412 35.535
    endloop
  endfacet
  facet normal -0.793296 -0.608833 0.00166597
    outer loop
      vertex 0.640303 -18.8418 35.5474
      vertex 0.793353 -19.0412 35.555
      vertex 0.641496 -18.8433 35.5673
    endloop
  endfacet
  facet normal -0.793412 -0.608684 0
    outer loop
      vertex 0.946404 -19.2407 35.5474
      vertex 0.793353 -19.0412 35.555
      vertex 0.793353 -19.0412 35.535
    endloop
  endfacet
  facet normal -0.793386 -0.608717 0.00137876
    outer loop
      vertex 0.793353 -19.0412 35.555
      vertex 0.946404 -19.2407 35.5474
      vertex 0.945211 -19.2391 35.5673
    endloop
  endfacet
  facet normal -0.79342 -0.608673 0.00137314
    outer loop
      vertex 1.09798 -19.4382 35.5843
      vertex 0.945211 -19.2391 35.5673
      vertex 0.946404 -19.2407 35.5474
    endloop
  endfacet
  facet normal -0.793379 -0.608728 0.000344407
    outer loop
      vertex 0.945211 -19.2391 35.5673
      vertex 1.09798 -19.4382 35.5843
      vertex 1.09561 -19.4351 35.6039
    endloop
  endfacet
  facet normal -0.793532 -0.608528 0.000294101
    outer loop
      vertex 1.24662 -19.632 35.6454
      vertex 1.09561 -19.4351 35.6039
      vertex 1.09798 -19.4382 35.5843
    endloop
  endfacet
  facet normal -0.793798 -0.608175 0.00293317
    outer loop
      vertex 1.09561 -19.4351 35.6039
      vertex 1.24662 -19.632 35.6454
      vertex 1.24309 -19.6273 35.6646
    endloop
  endfacet
  facet normal -0.793928 -0.608004 0.00286738
    outer loop
      vertex 1.3909 -19.82 35.7302
      vertex 1.24309 -19.6273 35.6646
      vertex 1.24662 -19.632 35.6454
    endloop
  endfacet
  facet normal -0.793581 -0.608465 0.000732316
    outer loop
      vertex 1.24309 -19.6273 35.6646
      vertex 1.3909 -19.82 35.7302
      vertex 1.38624 -19.8139 35.7487
    endloop
  endfacet
  facet normal -0.793518 -0.608546 0.000775008
    outer loop
      vertex 1.52943 -20.0005 35.8379
      vertex 1.38624 -19.8139 35.7487
      vertex 1.3909 -19.82 35.7302
    endloop
  endfacet
  facet normal -0.793471 -0.608608 0.00057024
    outer loop
      vertex 1.38624 -19.8139 35.7487
      vertex 1.52943 -20.0005 35.8379
      vertex 1.52369 -19.993 35.8555
    endloop
  endfacet
  facet normal -0.793561 -0.60849 0.000490428
    outer loop
      vertex 1.66086 -20.1718 35.9673
      vertex 1.52369 -19.993 35.8555
      vertex 1.52943 -20.0005 35.8379
    endloop
  endfacet
  facet normal -0.793317 -0.608809 -0.000319582
    outer loop
      vertex 1.52369 -19.993 35.8555
      vertex 1.66086 -20.1718 35.9673
      vertex 1.6541 -20.163 35.9839
    endloop
  endfacet
  facet normal -0.793244 -0.608904 -0.000239063
    outer loop
      vertex 1.78394 -20.3322 36.1172
      vertex 1.6541 -20.163 35.9839
      vertex 1.66086 -20.1718 35.9673
    endloop
  endfacet
  facet normal -0.793727 -0.608274 0.00103192
    outer loop
      vertex 1.6541 -20.163 35.9839
      vertex 1.78394 -20.3322 36.1172
      vertex 1.77622 -20.3221 36.1327
    endloop
  endfacet
  facet normal -0.793875 -0.60808 0.000831981
    outer loop
      vertex 1.89748 -20.4802 36.2863
      vertex 1.77622 -20.3221 36.1327
      vertex 1.78394 -20.3322 36.1172
    endloop
  endfacet
  facet normal -0.794329 -0.607485 0.00180247
    outer loop
      vertex 1.77622 -20.3221 36.1327
      vertex 1.89748 -20.4802 36.2863
      vertex 1.88887 -20.4689 36.3004
    endloop
  endfacet
  facet normal -0.794424 -0.607362 0.00164557
    outer loop
      vertex 2.00039 -20.6143 36.4728
      vertex 1.88887 -20.4689 36.3004
      vertex 1.89748 -20.4802 36.2863
    endloop
  endfacet
  facet normal -0.793882 -0.608071 0.000696805
    outer loop
      vertex 1.88887 -20.4689 36.3004
      vertex 2.00039 -20.6143 36.4728
      vertex 1.99098 -20.602 36.4855
    endloop
  endfacet
  facet normal -0.793844 -0.608121 0.000773568
    outer loop
      vertex 2.09167 -20.7332 36.675
      vertex 1.99098 -20.602 36.4855
      vertex 2.00039 -20.6143 36.4728
    endloop
  endfacet
  facet normal -0.793495 -0.608576 0.000273472
    outer loop
      vertex 1.99098 -20.602 36.4855
      vertex 2.09167 -20.7332 36.675
      vertex 2.08155 -20.72 36.6861
    endloop
  endfacet
  facet normal -0.79356 -0.608492 0.000113768
    outer loop
      vertex 2.17045 -20.8359 36.8909
      vertex 2.08155 -20.72 36.6861
      vertex 2.09167 -20.7332 36.675
    endloop
  endfacet
  facet normal -0.793435 -0.608655 -3.32882e-05
    outer loop
      vertex 2.08155 -20.72 36.6861
      vertex 2.17045 -20.8359 36.8909
      vertex 2.15971 -20.8219 36.9003
    endloop
  endfacet
  facet normal -0.793418 -0.608677 1.67129e-05
    outer loop
      vertex 2.23597 -20.9213 37.1184
      vertex 2.15971 -20.8219 36.9003
      vertex 2.17045 -20.8359 36.8909
    endloop
  endfacet
  facet normal -0.793988 -0.607934 0.000554189
    outer loop
      vertex 2.15971 -20.8219 36.9003
      vertex 2.23597 -20.9213 37.1184
      vertex 2.22472 -20.9066 37.1261
    endloop
  endfacet
  facet normal -0.794043 -0.607862 0.000335108
    outer loop
      vertex 2.28759 -20.9886 37.3554
      vertex 2.22472 -20.9066 37.1261
      vertex 2.23597 -20.9213 37.1184
    endloop
  endfacet
  facet normal -0.793678 -0.608338 6.49216e-05
    outer loop
      vertex 2.22472 -20.9066 37.1261
      vertex 2.28759 -20.9886 37.3554
      vertex 2.27594 -20.9734 37.3612
    endloop
  endfacet
  facet normal -0.793658 -0.608364 0.000173116
    outer loop
      vertex 2.32482 -21.0371 37.5996
      vertex 2.27594 -20.9734 37.3612
      vertex 2.28759 -20.9886 37.3554
    endloop
  endfacet
  facet normal -0.794051 -0.607852 0.000390274
    outer loop
      vertex 2.27594 -20.9734 37.3612
      vertex 2.32482 -21.0371 37.5996
      vertex 2.31288 -21.0215 37.6035
    endloop
  endfacet
  facet normal -0.794074 -0.607822 0.000198982
    outer loop
      vertex 2.34731 -21.0664 37.8486
      vertex 2.31288 -21.0215 37.6035
      vertex 2.32482 -21.0371 37.5996
    endloop
  endfacet
  facet normal -0.793444 -0.608643 7.95285e-06
    outer loop
      vertex 2.35483 -21.0762 38.1
      vertex 2.33519 -21.0506 37.8505
      vertex 2.34731 -21.0664 37.8486
    endloop
  endfacet
  facet normal -0.793447 -0.608639 -3.88916e-05
    outer loop
      vertex 2.31288 -21.0215 37.6035
      vertex 2.34731 -21.0664 37.8486
      vertex 2.33519 -21.0506 37.8505
    endloop
  endfacet
  facet normal -0.793517 -0.608548 7.51614e-06
    outer loop
      vertex -0.768119 -17.0063 38.1
      vertex -0.748484 -17.0319 38.3495
      vertex -0.760601 -17.0161 38.3514
    endloop
  endfacet
  facet normal -0.793519 -0.608546 -2.45601e-05
    outer loop
      vertex -0.726175 -17.061 38.5965
      vertex -0.760601 -17.0161 38.3514
      vertex -0.748484 -17.0319 38.3495
    endloop
  endfacet
  facet normal -0.794052 -0.60785 0.000177669
    outer loop
      vertex -0.760601 -17.0161 38.3514
      vertex -0.726175 -17.061 38.5965
      vertex -0.738116 -17.0454 38.6004
    endloop
  endfacet
  facet normal -0.794026 -0.607884 0.000390001
    outer loop
      vertex -0.689232 -17.1091 38.8388
      vertex -0.738116 -17.0454 38.6004
      vertex -0.726175 -17.061 38.5965
    endloop
  endfacet
  facet normal -0.793633 -0.608396 0.000172534
    outer loop
      vertex -0.738116 -17.0454 38.6004
      vertex -0.689232 -17.1091 38.8388
      vertex -0.700883 -17.0939 38.8446
    endloop
  endfacet
  facet normal -0.793612 -0.608424 0.000288058
    outer loop
      vertex -0.638011 -17.1758 39.0739
      vertex -0.700883 -17.0939 38.8446
      vertex -0.689232 -17.1091 38.8388
    endloop
  endfacet
  facet normal -0.792316 -0.61011 -0.000669536
    outer loop
      vertex -0.700883 -17.0939 38.8446
      vertex -0.638011 -17.1758 39.0739
      vertex -0.64926 -17.1612 39.0816
    endloop
  endfacet
  facet normal -0.792392 -0.610011 -0.000968532
    outer loop
      vertex -0.573005 -17.2606 39.2997
      vertex -0.64926 -17.1612 39.0816
      vertex -0.638011 -17.1758 39.0739
    endloop
  endfacet
  facet normal -0.793465 -0.608616 4.23419e-05
    outer loop
      vertex -0.64926 -17.1612 39.0816
      vertex -0.573005 -17.2606 39.2997
      vertex -0.583743 -17.2466 39.3091
    endloop
  endfacet
  facet normal -0.793403 -0.608697 0.000234187
    outer loop
      vertex -0.494841 -17.3624 39.5139
      vertex -0.583743 -17.2466 39.3091
      vertex -0.573005 -17.2606 39.2997
    endloop
  endfacet
  facet normal -0.793417 -0.608678 0.000251229
    outer loop
      vertex -0.583743 -17.2466 39.3091
      vertex -0.494841 -17.3624 39.5139
      vertex -0.504964 -17.3492 39.525
    endloop
  endfacet
  facet normal -0.793518 -0.608546 2.18482e-06
    outer loop
      vertex -0.40427 -17.4805 39.7145
      vertex -0.504964 -17.3492 39.525
      vertex -0.494841 -17.3624 39.5139
    endloop
  endfacet
  facet normal -0.793914 -0.60803 0.000570244
    outer loop
      vertex -0.504964 -17.3492 39.525
      vertex -0.40427 -17.4805 39.7145
      vertex -0.413681 -17.4682 39.7272
    endloop
  endfacet
  facet normal -0.793776 -0.608209 0.000846351
    outer loop
      vertex -0.302165 -17.6135 39.8996
      vertex -0.413681 -17.4682 39.7272
      vertex -0.40427 -17.4805 39.7145
    endloop
  endfacet
  facet normal -0.793057 -0.609147 -0.000409281
    outer loop
      vertex -0.413681 -17.4682 39.7272
      vertex -0.302165 -17.6135 39.8996
      vertex -0.310775 -17.6023 39.9137
    endloop
  endfacet
  facet normal -0.79308 -0.609118 -0.000446586
    outer loop
      vertex -0.189511 -17.7603 40.0673
      vertex -0.310775 -17.6023 39.9137
      vertex -0.302165 -17.6135 39.8996
    endloop
  endfacet
  facet normal -0.792579 -0.609768 -0.00151037
    outer loop
      vertex -0.310775 -17.6023 39.9137
      vertex -0.189511 -17.7603 40.0673
      vertex -0.197234 -17.7503 40.0828
    endloop
  endfacet
  facet normal -0.792692 -0.60962 -0.00166222
    outer loop
      vertex -0.0673903 -17.9195 40.2161
      vertex -0.197234 -17.7503 40.0828
      vertex -0.189511 -17.7603 40.0673
    endloop
  endfacet
  facet normal -0.793184 -0.608982 -0.000374122
    outer loop
      vertex -0.197234 -17.7503 40.0828
      vertex -0.0673903 -17.9195 40.2161
      vertex -0.0741545 -17.9107 40.2327
    endloop
  endfacet
  facet normal -0.793141 -0.609038 -0.00032719
    outer loop
      vertex 0.0630197 -18.0894 40.3445
      vertex -0.0741545 -17.9107 40.2327
      vertex -0.0673903 -17.9195 40.2161
    endloop
  endfacet
  facet normal -0.792602 -0.609735 -0.00210334
    outer loop
      vertex -0.0741545 -17.9107 40.2327
      vertex 0.0630197 -18.0894 40.3445
      vertex 0.0572803 -18.082 40.3621
    endloop
  endfacet
  facet normal -0.792822 -0.609449 -0.00229552
    outer loop
      vertex 0.200463 -18.2686 40.4513
      vertex 0.0572803 -18.082 40.3621
      vertex 0.0630197 -18.0894 40.3445
    endloop
  endfacet
  facet normal -0.79354 -0.608517 0.000807009
    outer loop
      vertex 0.0572803 -18.082 40.3621
      vertex 0.200463 -18.2686 40.4513
      vertex 0.195804 -18.2625 40.4697
    endloop
  endfacet
  facet normal -0.793447 -0.608639 0.000870927
    outer loop
      vertex 0.343616 -18.4551 40.5354
      vertex 0.195804 -18.2625 40.4697
      vertex 0.200463 -18.2686 40.4513
    endloop
  endfacet
  facet normal -0.793281 -0.608856 -0.000141437
    outer loop
      vertex 0.195804 -18.2625 40.4697
      vertex 0.343616 -18.4551 40.5354
      vertex 0.340082 -18.4505 40.5546
    endloop
  endfacet
  facet normal -0.793321 -0.608803 -0.000161564
    outer loop
      vertex 0.4911 -18.6473 40.5961
      vertex 0.340082 -18.4505 40.5546
      vertex 0.343616 -18.4551 40.5354
    endloop
  endfacet
  facet normal -0.793353 -0.608762 0.000150433
    outer loop
      vertex 0.340082 -18.4505 40.5546
      vertex 0.4911 -18.6473 40.5961
      vertex 0.488725 -18.6442 40.6157
    endloop
  endfacet
  facet normal -0.793367 -0.608744 0.000145953
    outer loop
      vertex 0.641496 -18.8433 40.6327
      vertex 0.488725 -18.6442 40.6157
      vertex 0.4911 -18.6473 40.5961
    endloop
  endfacet
  facet normal -0.793291 -0.608841 -0.00166509
    outer loop
      vertex 0.488725 -18.6442 40.6157
      vertex 0.641496 -18.8433 40.6327
      vertex 0.640303 -18.8418 40.6526
    endloop
  endfacet
  facet normal -0.793296 -0.608833 -0.00166597
    outer loop
      vertex 0.793353 -19.0412 40.645
      vertex 0.640303 -18.8418 40.6526
      vertex 0.641496 -18.8433 40.6327
    endloop
  endfacet
  facet normal -0.793267 -0.608874 0
    outer loop
      vertex 0.793353 -19.0412 40.645
      vertex 0.793353 -19.0412 40.665
      vertex 0.640303 -18.8418 40.6526
    endloop
  endfacet
  facet normal -0.793386 -0.608717 -0.00137876
    outer loop
      vertex 0.946404 -19.2407 40.6526
      vertex 0.793353 -19.0412 40.645
      vertex 0.945211 -19.2391 40.6327
    endloop
  endfacet
  facet normal -0.793412 -0.608684 0
    outer loop
      vertex 0.793353 -19.0412 40.645
      vertex 0.946404 -19.2407 40.6526
      vertex 0.793353 -19.0412 40.665
    endloop
  endfacet
  facet normal -0.793379 -0.608728 -0.000344407
    outer loop
      vertex 1.09798 -19.4382 40.6157
      vertex 0.945211 -19.2391 40.6327
      vertex 1.09561 -19.4351 40.5961
    endloop
  endfacet
  facet normal -0.79342 -0.608673 -0.00137314
    outer loop
      vertex 0.945211 -19.2391 40.6327
      vertex 1.09798 -19.4382 40.6157
      vertex 0.946404 -19.2407 40.6526
    endloop
  endfacet
  facet normal -0.793798 -0.608175 -0.00293317
    outer loop
      vertex 1.24662 -19.632 40.5546
      vertex 1.09561 -19.4351 40.5961
      vertex 1.24309 -19.6273 40.5354
    endloop
  endfacet
  facet normal -0.793532 -0.608528 -0.000294101
    outer loop
      vertex 1.09561 -19.4351 40.5961
      vertex 1.24662 -19.632 40.5546
      vertex 1.09798 -19.4382 40.6157
    endloop
  endfacet
  facet normal -0.793581 -0.608464 -0.000735779
    outer loop
      vertex 1.3909 -19.82 40.4697
      vertex 1.24309 -19.6273 40.5354
      vertex 1.38624 -19.8139 40.4513
    endloop
  endfacet
  facet normal -0.793929 -0.608004 -0.00286704
    outer loop
      vertex 1.24309 -19.6273 40.5354
      vertex 1.3909 -19.82 40.4697
      vertex 1.24662 -19.632 40.5546
    endloop
  endfacet
  facet normal -0.793471 -0.608608 -0.00057024
    outer loop
      vertex 1.52943 -20.0005 40.3621
      vertex 1.38624 -19.8139 40.4513
      vertex 1.52369 -19.993 40.3445
    endloop
  endfacet
  facet normal -0.793519 -0.608545 -0.000778644
    outer loop
      vertex 1.38624 -19.8139 40.4513
      vertex 1.52943 -20.0005 40.3621
      vertex 1.3909 -19.82 40.4697
    endloop
  endfacet
  facet normal -0.793317 -0.608809 0.000319582
    outer loop
      vertex 1.66086 -20.1718 40.2327
      vertex 1.52369 -19.993 40.3445
      vertex 1.6541 -20.163 40.2161
    endloop
  endfacet
  facet normal -0.793561 -0.60849 -0.000490428
    outer loop
      vertex 1.52369 -19.993 40.3445
      vertex 1.66086 -20.1718 40.2327
      vertex 1.52943 -20.0005 40.3621
    endloop
  endfacet
  facet normal -0.793727 -0.608274 -0.00103192
    outer loop
      vertex 1.78394 -20.3322 40.0828
      vertex 1.6541 -20.163 40.2161
      vertex 1.77622 -20.3221 40.0673
    endloop
  endfacet
  facet normal -0.793244 -0.608904 0.000239063
    outer loop
      vertex 1.6541 -20.163 40.2161
      vertex 1.78394 -20.3322 40.0828
      vertex 1.66086 -20.1718 40.2327
    endloop
  endfacet
  facet normal -0.794329 -0.607485 -0.00180247
    outer loop
      vertex 1.89748 -20.4802 39.9137
      vertex 1.77622 -20.3221 40.0673
      vertex 1.88887 -20.4689 39.8996
    endloop
  endfacet
  facet normal -0.793875 -0.60808 -0.000831981
    outer loop
      vertex 1.77622 -20.3221 40.0673
      vertex 1.89748 -20.4802 39.9137
      vertex 1.78394 -20.3322 40.0828
    endloop
  endfacet
  facet normal -0.793882 -0.608071 -0.000696805
    outer loop
      vertex 2.00039 -20.6143 39.7272
      vertex 1.88887 -20.4689 39.8996
      vertex 1.99098 -20.602 39.7145
    endloop
  endfacet
  facet normal -0.794424 -0.607362 -0.00164557
    outer loop
      vertex 1.88887 -20.4689 39.8996
      vertex 2.00039 -20.6143 39.7272
      vertex 1.89748 -20.4802 39.9137
    endloop
  endfacet
  facet normal -0.793495 -0.608576 -0.000273472
    outer loop
      vertex 2.09167 -20.7332 39.525
      vertex 1.99098 -20.602 39.7145
      vertex 2.08155 -20.72 39.5139
    endloop
  endfacet
  facet normal -0.793844 -0.608121 -0.000773568
    outer loop
      vertex 1.99098 -20.602 39.7145
      vertex 2.09167 -20.7332 39.525
      vertex 2.00039 -20.6143 39.7272
    endloop
  endfacet
  facet normal -0.793435 -0.608655 3.32882e-05
    outer loop
      vertex 2.17045 -20.8359 39.3091
      vertex 2.08155 -20.72 39.5139
      vertex 2.15971 -20.8219 39.2997
    endloop
  endfacet
  facet normal -0.79356 -0.608492 -0.000113768
    outer loop
      vertex 2.08155 -20.72 39.5139
      vertex 2.17045 -20.8359 39.3091
      vertex 2.09167 -20.7332 39.525
    endloop
  endfacet
  facet normal -0.793988 -0.607934 -0.000554189
    outer loop
      vertex 2.23597 -20.9213 39.0816
      vertex 2.15971 -20.8219 39.2997
      vertex 2.22472 -20.9066 39.0739
    endloop
  endfacet
  facet normal -0.793418 -0.608677 -1.67129e-05
    outer loop
      vertex 2.15971 -20.8219 39.2997
      vertex 2.23597 -20.9213 39.0816
      vertex 2.17045 -20.8359 39.3091
    endloop
  endfacet
  facet normal -0.793678 -0.608338 -6.49216e-05
    outer loop
      vertex 2.28759 -20.9886 38.8446
      vertex 2.22472 -20.9066 39.0739
      vertex 2.27594 -20.9734 38.8388
    endloop
  endfacet
  facet normal -0.794043 -0.607862 -0.000335108
    outer loop
      vertex 2.22472 -20.9066 39.0739
      vertex 2.28759 -20.9886 38.8446
      vertex 2.23597 -20.9213 39.0816
    endloop
  endfacet
  facet normal -0.794051 -0.607852 -0.000390274
    outer loop
      vertex 2.32482 -21.0371 38.6004
      vertex 2.27594 -20.9734 38.8388
      vertex 2.31288 -21.0215 38.5965
    endloop
  endfacet
  facet normal -0.793658 -0.608364 -0.000173116
    outer loop
      vertex 2.27594 -20.9734 38.8388
      vertex 2.32482 -21.0371 38.6004
      vertex 2.28759 -20.9886 38.8446
    endloop
  endfacet
  facet normal -0.793447 -0.608639 3.88916e-05
    outer loop
      vertex 2.34731 -21.0664 38.3514
      vertex 2.31288 -21.0215 38.5965
      vertex 2.33519 -21.0506 38.3495
    endloop
  endfacet
  facet normal -0.794074 -0.607822 -0.000198982
    outer loop
      vertex 2.31288 -21.0215 38.5965
      vertex 2.34731 -21.0664 38.3514
      vertex 2.32482 -21.0371 38.6004
    endloop
  endfacet
  facet normal -0.793847 -0.608117 -9.36516e-05
    outer loop
      vertex 2.35483 -21.0762 38.1
      vertex 2.33519 -21.0506 38.3495
      vertex 2.34265 -21.0603 38.1
    endloop
  endfacet
  facet normal -0.793847 -0.608117 9.36516e-05
    outer loop
      vertex 2.33519 -21.0506 37.8505
      vertex 2.35483 -21.0762 38.1
      vertex 2.34265 -21.0603 38.1
    endloop
  endfacet
  facet normal -0.793444 -0.608643 -7.95285e-06
    outer loop
      vertex 2.33519 -21.0506 38.3495
      vertex 2.35483 -21.0762 38.1
      vertex 2.34731 -21.0664 38.3514
    endloop
  endfacet
  facet normal 0.0595954 -0.997377 0.0410879
    outer loop
      vertex -3.15374 -17.1547 37.9579
      vertex -0.768119 -17.0063 38.1
      vertex -3.15799 -17.1491 38.1
    endloop
  endfacet
  facet normal 0.0596217 -0.997392 0.040663
    outer loop
      vertex -0.768119 -17.0063 38.1
      vertex -3.15374 -17.1547 37.9579
      vertex -0.760601 -17.0161 37.8486
    endloop
  endfacet
  facet normal 0.0307618 -0.959774 0.279082
    outer loop
      vertex -3.02641 -17.3206 36.8321
      vertex -0.700883 -17.0939 37.3554
      vertex -3.05559 -17.2826 36.966
    endloop
  endfacet
  facet normal 0.0307257 -0.959734 0.279225
    outer loop
      vertex -0.700883 -17.0939 37.3554
      vertex -3.02641 -17.3206 36.8321
      vertex -0.64926 -17.1612 37.1184
    endloop
  endfacet
  facet normal 0.0307731 -0.959831 0.278885
    outer loop
      vertex -2.97696 -17.385 36.605
      vertex -0.64926 -17.1612 37.1184
      vertex -3.02641 -17.3206 36.8321
    endloop
  endfacet
  facet normal -0.0114133 -0.904818 0.425646
    outer loop
      vertex -2.7572 -17.6714 35.9296
      vertex -0.583743 -17.2466 36.8909
      vertex -2.80172 -17.6134 36.0517
    endloop
  endfacet
  facet normal -0.0114802 -0.904758 0.42577
    outer loop
      vertex -0.583743 -17.2466 36.8909
      vertex -2.7572 -17.6714 35.9296
      vertex -0.504964 -17.3492 36.675
    endloop
  endfacet
  facet normal -0.0391654 -0.868678 0.493826
    outer loop
      vertex -2.66976 -17.7854 35.736
      vertex -0.504964 -17.3492 36.675
      vertex -2.7572 -17.6714 35.9296
    endloop
  endfacet
  facet normal -0.0704884 -0.827864 0.556482
    outer loop
      vertex -2.56002 -17.9284 35.5163
      vertex -0.413681 -17.4682 36.4728
      vertex -2.61817 -17.8526 35.6217
    endloop
  endfacet
  facet normal -0.0704519 -0.827908 0.556421
    outer loop
      vertex -0.413681 -17.4682 36.4728
      vertex -2.56002 -17.9284 35.5163
      vertex -0.310775 -17.6023 36.2863
    endloop
  endfacet
  facet normal -0.228377 -0.622107 0.748883
    outer loop
      vertex 0.0572803 -18.082 35.8379
      vertex -1.8226 -18.8894 34.5939
      vertex 0.195804 -18.2625 35.7302
    endloop
  endfacet
  facet normal -0.228552 -0.621893 0.749008
    outer loop
      vertex -1.8226 -18.8894 34.5939
      vertex 0.0572803 -18.082 35.8379
      vertex -1.90089 -18.7874 34.6547
    endloop
  endfacet
  facet normal -0.143572 -0.732627 0.665316
    outer loop
      vertex -2.10107 -18.5265 34.8518
      vertex -0.0741545 -17.9107 35.9673
      vertex -2.21896 -18.3729 34.9955
    endloop
  endfacet
  facet normal -0.321624 -0.500521 0.803764
    outer loop
      vertex -1.32779 -19.5343 34.3031
      vertex 0.340082 -18.4505 35.6454
      vertex -1.47018 -19.3487 34.3617
    endloop
  endfacet
  facet normal -0.274202 -0.562322 0.780132
    outer loop
      vertex 0.195804 -18.2625 35.7302
      vertex -1.47018 -19.3487 34.3617
      vertex 0.340082 -18.4505 35.6454
    endloop
  endfacet
  facet normal -0.274177 -0.562349 0.780122
    outer loop
      vertex -1.47018 -19.3487 34.3617
      vertex 0.195804 -18.2625 35.7302
      vertex -1.55171 -19.2425 34.4096
    endloop
  endfacet
  facet normal -0.84936 0.187192 0.493505
    outer loop
      vertex 1.0585 -22.6442 35.6217
      vertex 2.09167 -20.7332 36.675
      vertex 2.00039 -20.6143 36.4728
    endloop
  endfacet
  facet normal -0.849381 0.187233 0.493452
    outer loop
      vertex 2.09167 -20.7332 36.675
      vertex 1.0585 -22.6442 35.6217
      vertex 1.11009 -22.7114 35.736
    endloop
  endfacet
  facet normal -0.614089 -0.11938 0.780156
    outer loop
      vertex -0.0894954 -21.1481 34.3617
      vertex 1.3909 -19.82 35.7302
      vertex 1.24662 -19.632 35.6454
    endloop
  endfacet
  facet normal -0.614006 -0.119519 0.7802
    outer loop
      vertex 1.3909 -19.82 35.7302
      vertex -0.0894954 -21.1481 34.3617
      vertex -0.00795787 -21.2543 34.4096
    endloop
  endfacet
  facet normal -0.614053 -0.119448 0.780174
    outer loop
      vertex 0.130243 -21.4344 34.4908
      vertex 1.3909 -19.82 35.7302
      vertex -0.00795787 -21.2543 34.4096
    endloop
  endfacet
  facet normal -0.469072 -0.308423 0.827555
    outer loop
      vertex 0.793353 -19.0412 35.535
      vertex -0.693341 -20.3611 34.2004
      vertex 0.946404 -19.2407 35.5474
    endloop
  endfacet
  facet normal -0.468617 -0.308985 0.827603
    outer loop
      vertex -0.693341 -20.3611 34.2004
      vertex 0.793353 -19.0412 35.535
      vertex -0.779836 -20.2484 34.1935
    endloop
  endfacet
  facet normal -0.518029 -0.244614 0.81964
    outer loop
      vertex -0.401544 -20.7414 34.2476
      vertex 0.946404 -19.2407 35.5474
      vertex -0.546737 -20.5522 34.2123
    endloop
  endfacet
  facet normal -0.0704884 -0.827864 -0.556482
    outer loop
      vertex -0.413681 -17.4682 39.7272
      vertex -2.56002 -17.9284 40.6837
      vertex -2.61817 -17.8526 40.5783
    endloop
  endfacet
  facet normal -0.0704519 -0.827908 -0.556421
    outer loop
      vertex -2.56002 -17.9284 40.6837
      vertex -0.413681 -17.4682 39.7272
      vertex -0.310775 -17.6023 39.9137
    endloop
  endfacet
  facet normal -0.0115067 -0.904721 -0.42585
    outer loop
      vertex -0.583743 -17.2466 39.3091
      vertex -2.80172 -17.6134 40.1483
      vertex -2.87718 -17.5151 39.9415
    endloop
  endfacet
  facet normal -0.0114133 -0.904818 -0.425646
    outer loop
      vertex -0.583743 -17.2466 39.3091
      vertex -2.7572 -17.6714 40.2704
      vertex -2.80172 -17.6134 40.1483
    endloop
  endfacet
  facet normal -0.0114802 -0.904758 -0.42577
    outer loop
      vertex -2.7572 -17.6714 40.2704
      vertex -0.583743 -17.2466 39.3091
      vertex -0.504964 -17.3492 39.525
    endloop
  endfacet
  facet normal 0.054732 -0.991036 -0.121868
    outer loop
      vertex -3.125 -17.1921 38.7214
      vertex -0.738116 -17.0454 38.6004
      vertex -3.11229 -17.2087 38.8621
    endloop
  endfacet
  facet normal 0.0547497 -0.991072 -0.121564
    outer loop
      vertex -0.738116 -17.0454 38.6004
      vertex -3.125 -17.1921 38.7214
      vertex -0.760601 -17.0161 38.3514
    endloop
  endfacet
  facet normal -0.184914 -0.67875 -0.710708
    outer loop
      vertex -2.02679 -18.6233 41.4213
      vertex -0.0741545 -17.9107 40.2327
      vertex 0.0572803 -18.082 40.3621
    endloop
  endfacet
  facet normal -0.184971 -0.67868 -0.71076
    outer loop
      vertex -0.0741545 -17.9107 40.2327
      vertex -2.02679 -18.6233 41.4213
      vertex -2.10107 -18.5265 41.3482
    endloop
  endfacet
  facet normal -0.184865 -0.678824 -0.710649
    outer loop
      vertex 0.0572803 -18.082 40.3621
      vertex -1.90089 -18.7874 41.5453
      vertex -2.02679 -18.6233 41.4213
    endloop
  endfacet
  facet normal -0.228548 -0.621897 -0.749006
    outer loop
      vertex -1.8226 -18.8894 41.6061
      vertex 0.0572803 -18.082 40.3621
      vertex 0.195804 -18.2625 40.4697
    endloop
  endfacet
  facet normal -0.228552 -0.621893 -0.749008
    outer loop
      vertex 0.0572803 -18.082 40.3621
      vertex -1.8226 -18.8894 41.6061
      vertex -1.90089 -18.7874 41.5453
    endloop
  endfacet
  facet normal -0.228634 -0.621768 -0.749087
    outer loop
      vertex 0.195804 -18.2625 40.4697
      vertex -1.68992 -19.0624 41.7092
      vertex -1.8226 -18.8894 41.6061
    endloop
  endfacet
  facet normal -0.419675 -0.372761 -0.8276
    outer loop
      vertex -0.866331 -20.1357 41.9996
      vertex 0.793353 -19.0412 40.665
      vertex -0.779836 -20.2484 42.0065
    endloop
  endfacet
  facet normal -0.419291 -0.373291 -0.827556
    outer loop
      vertex 0.793353 -19.0412 40.665
      vertex -0.866331 -20.1357 41.9996
      vertex 0.640303 -18.8418 40.6526
    endloop
  endfacet
  facet normal -0.370329 -0.437109 -0.819629
    outer loop
      vertex 0.640303 -18.8418 40.6526
      vertex -1.01294 -19.9446 41.9877
      vertex -1.15813 -19.7554 41.9524
    endloop
  endfacet
  facet normal -0.84936 0.187192 -0.493505
    outer loop
      vertex 2.09167 -20.7332 39.525
      vertex 1.0585 -22.6442 40.5783
      vertex 2.00039 -20.6143 39.7272
    endloop
  endfacet
  facet normal -0.849381 0.187233 -0.493452
    outer loop
      vertex 1.0585 -22.6442 40.5783
      vertex 2.09167 -20.7332 39.525
      vertex 1.11009 -22.7114 40.464
    endloop
  endfacet
  facet normal -0.744589 0.0506793 -0.665597
    outer loop
      vertex 1.78394 -20.3322 40.0828
      vertex 0.65929 -22.1239 41.2045
      vertex 1.66086 -20.1718 40.2327
    endloop
  endfacet
  facet normal -0.744563 0.0506438 -0.665628
    outer loop
      vertex 0.65929 -22.1239 41.2045
      vertex 1.78394 -20.3322 40.0828
      vertex 0.728848 -22.2145 41.1198
    endloop
  endfacet
  facet normal -0.782973 0.100699 -0.613851
    outer loop
      vertex 1.89748 -20.4802 39.9137
      vertex 0.728848 -22.2145 41.1198
      vertex 1.78394 -20.3322 40.0828
    endloop
  endfacet
  facet normal -0.782846 0.100474 -0.61405
    outer loop
      vertex 0.728848 -22.2145 41.1198
      vertex 1.89748 -20.4802 39.9137
      vertex 0.793014 -22.2982 41.0243
    endloop
  endfacet
  facet normal 0.0451064 -0.97847 0.2014
    outer loop
      vertex -3.05559 -17.2826 36.966
      vertex -0.700883 -17.0939 37.3554
      vertex -3.09125 -17.2361 37.1999
    endloop
  endfacet
  facet normal 0.0451301 -0.978517 0.201166
    outer loop
      vertex -3.09125 -17.2361 37.1999
      vertex -0.738116 -17.0454 37.5996
      vertex -3.11229 -17.2087 37.3379
    endloop
  endfacet
  facet normal 0.0451203 -0.978507 0.201218
    outer loop
      vertex -0.738116 -17.0454 37.5996
      vertex -3.09125 -17.2361 37.1999
      vertex -0.700883 -17.0939 37.3554
    endloop
  endfacet
  facet normal -0.184914 -0.67875 0.710708
    outer loop
      vertex -0.0741545 -17.9107 35.9673
      vertex -2.02679 -18.6233 34.7787
      vertex 0.0572803 -18.082 35.8379
    endloop
  endfacet
  facet normal -0.184971 -0.67868 0.71076
    outer loop
      vertex -2.02679 -18.6233 34.7787
      vertex -0.0741545 -17.9107 35.9673
      vertex -2.10107 -18.5265 34.8518
    endloop
  endfacet
  facet normal -0.184865 -0.678824 0.710649
    outer loop
      vertex -1.90089 -18.7874 34.6547
      vertex 0.0572803 -18.082 35.8379
      vertex -2.02679 -18.6233 34.7787
    endloop
  endfacet
  facet normal -0.370317 -0.437126 0.819625
    outer loop
      vertex 0.488725 -18.6442 35.5843
      vertex -1.15813 -19.7554 34.2476
      vertex 0.640303 -18.8418 35.5474
    endloop
  endfacet
  facet normal -0.370017 -0.437496 0.819564
    outer loop
      vertex -1.15813 -19.7554 34.2476
      vertex 0.488725 -18.6442 35.5843
      vertex -1.24379 -19.6438 34.2685
    endloop
  endfacet
  facet normal -0.703496 -0.00290017 0.710693
    outer loop
      vertex 0.467115 -21.8734 34.7787
      vertex 1.66086 -20.1718 35.9673
      vertex 1.52943 -20.0005 35.8379
    endloop
  endfacet
  facet normal -0.703417 -0.00301043 0.710771
    outer loop
      vertex 1.66086 -20.1718 35.9673
      vertex 0.467115 -21.8734 34.7787
      vertex 0.541394 -21.9703 34.8518
    endloop
  endfacet
  facet normal -0.703572 -0.00281482 0.710618
    outer loop
      vertex 0.467115 -21.8734 34.7787
      vertex 1.52943 -20.0005 35.8379
      vertex 0.341217 -21.7094 34.6547
    endloop
  endfacet
  facet normal -0.566778 -0.181038 0.803734
    outer loop
      vertex -0.0894954 -21.1481 34.3617
      vertex 1.24662 -19.632 35.6454
      vertex -0.231878 -20.9625 34.3031
    endloop
  endfacet
  facet normal -0.566676 -0.181221 0.803764
    outer loop
      vertex -0.315882 -20.853 34.2685
      vertex 1.24662 -19.632 35.6454
      vertex 1.09798 -19.4382 35.5843
    endloop
  endfacet
  facet normal -0.56686 -0.180917 0.803703
    outer loop
      vertex 1.24662 -19.632 35.6454
      vertex -0.315882 -20.853 34.2685
      vertex -0.231878 -20.9625 34.3031
    endloop
  endfacet
  facet normal -0.274018 -0.562551 -0.780032
    outer loop
      vertex -1.47018 -19.3487 41.8383
      vertex 0.195804 -18.2625 40.4697
      vertex 0.340082 -18.4505 40.5546
    endloop
  endfacet
  facet normal -0.274202 -0.562361 -0.780105
    outer loop
      vertex 0.195804 -18.2625 40.4697
      vertex -1.47018 -19.3487 41.8383
      vertex -1.55171 -19.2425 41.7904
    endloop
  endfacet
  facet normal -0.274304 -0.562243 -0.780154
    outer loop
      vertex 0.195804 -18.2625 40.4697
      vertex -1.55171 -19.2425 41.7904
      vertex -1.68992 -19.0624 41.7092
    endloop
  endfacet
  facet normal -0.321624 -0.500521 -0.803764
    outer loop
      vertex 0.340082 -18.4505 40.5546
      vertex -1.32779 -19.5343 41.8969
      vertex -1.47018 -19.3487 41.8383
    endloop
  endfacet
  facet normal -0.321723 -0.500428 -0.803783
    outer loop
      vertex -1.24379 -19.6438 41.9315
      vertex 0.340082 -18.4505 40.5546
      vertex 0.488725 -18.6442 40.6157
    endloop
  endfacet
  facet normal -0.321535 -0.500623 -0.803736
    outer loop
      vertex 0.340082 -18.4505 40.5546
      vertex -1.24379 -19.6438 41.9315
      vertex -1.32779 -19.5343 41.8969
    endloop
  endfacet
  facet normal -0.608027 0.792397 0.049088
    outer loop
      vertex 37.1 5.62538 67.5839
      vertex 2.34265 -21.0603 67.8333
      vertex 37.1 5.60993 67.8333
    endloop
  endfacet
  facet normal -0.60803 0.7924 0.0490064
    outer loop
      vertex 2.34265 -21.0603 67.8333
      vertex 37.1 5.62538 67.5839
      vertex 2.33519 -21.0506 67.5839
    endloop
  endfacet
  facet normal 0.60803 -0.7924 0.0490064
    outer loop
      vertex -0.748484 -17.0319 67.5839
      vertex 37.1 12.0257 67.8333
      vertex -0.755944 -17.0222 67.8333
    endloop
  endfacet
  facet normal 0.608033 -0.792403 0.0489294
    outer loop
      vertex 37.1 12.0257 67.8333
      vertex -0.748484 -17.0319 67.5839
      vertex 37.1 12.0103 67.5839
    endloop
  endfacet
  facet normal 0.0299801 -0.0390709 0.998787
    outer loop
      vertex 0.641496 -18.8433 65.3006
      vertex 37.1 8.81783 65.2883
      vertex 37.1 9.13226 65.3006
    endloop
  endfacet
  facet normal 0.0299807 -0.0390717 0.998787
    outer loop
      vertex 37.1 8.81783 65.2883
      vertex 0.641496 -18.8433 65.3006
      vertex 0.793353 -19.0412 65.2883
    endloop
  endfacet
  facet normal -0.0297375 0.0387547 -0.998806
    outer loop
      vertex 0.793353 -19.0412 70.3783
      vertex 37.1 8.5034 70.3661
      vertex 0.945211 -19.2391 70.3661
    endloop
  endfacet
  facet normal -0.029737 0.038754 -0.998806
    outer loop
      vertex 37.1 8.5034 70.3661
      vertex 0.793353 -19.0412 70.3783
      vertex 37.1 8.81783 70.3783
    endloop
  endfacet
  facet normal -0.408783 0.532738 0.741004
    outer loop
      vertex 1.77622 -20.3221 65.866
      vertex 37.1 6.5495 66.0337
      vertex 37.1 6.78276 65.866
    endloop
  endfacet
  facet normal -0.408803 0.532764 0.740974
    outer loop
      vertex 37.1 6.5495 66.0337
      vertex 1.77622 -20.3221 65.866
      vertex 1.88887 -20.4689 66.0337
    endloop
  endfacet
  facet normal 0.408745 -0.532687 0.741061
    outer loop
      vertex -0.302165 -17.6135 66.0337
      vertex 37.1 10.8529 65.866
      vertex 37.1 11.0862 66.0337
    endloop
  endfacet
  facet normal 0.4088 -0.53276 0.740979
    outer loop
      vertex 37.1 10.8529 65.866
      vertex -0.302165 -17.6135 66.0337
      vertex -0.189511 -17.7603 65.866
    endloop
  endfacet
  facet normal 0.260099 -0.338969 0.904129
    outer loop
      vertex 0.0630197 -18.0894 65.5888
      vertex 37.1 10.0454 65.4821
      vertex 37.1 10.33 65.5888
    endloop
  endfacet
  facet normal 0.260052 -0.338907 0.904166
    outer loop
      vertex 37.1 10.0454 65.4821
      vertex 0.0630197 -18.0894 65.5888
      vertex 0.200463 -18.2686 65.4821
    endloop
  endfacet
  facet normal -0.55033 0.717205 0.427496
    outer loop
      vertex 37.1 5.98871 66.6336
      vertex 2.22472 -20.9066 66.8594
      vertex 37.1 5.85412 66.8594
    endloop
  endfacet
  facet normal -0.550335 0.717211 0.42748
    outer loop
      vertex 2.22472 -20.9066 66.8594
      vertex 37.1 5.98871 66.6336
      vertex 2.15971 -20.8219 66.6336
    endloop
  endfacet
  facet normal -0.205213 0.267439 0.941469
    outer loop
      vertex 1.24309 -19.6273 65.3979
      vertex 37.1 7.59022 65.4821
      vertex 37.1 7.88663 65.3979
    endloop
  endfacet
  facet normal -0.205193 0.267413 0.941481
    outer loop
      vertex 37.1 7.59022 65.4821
      vertex 1.24309 -19.6273 65.3979
      vertex 1.38624 -19.8139 65.4821
    endloop
  endfacet
  facet normal -0.312967 0.407867 0.857727
    outer loop
      vertex 1.52369 -19.993 65.5888
      vertex 37.1 7.03562 65.7172
      vertex 37.1 7.30564 65.5888
    endloop
  endfacet
  facet normal -0.312927 0.407814 0.857767
    outer loop
      vertex 37.1 7.03562 65.7172
      vertex 1.52369 -19.993 65.5888
      vertex 1.6541 -20.163 65.7172
    endloop
  endfacet
  facet normal 0.550262 -0.717117 0.427732
    outer loop
      vertex -0.573005 -17.2606 66.6336
      vertex 37.1 11.7815 66.8594
      vertex -0.638011 -17.1758 66.8594
    endloop
  endfacet
  facet normal 0.550323 -0.717195 0.427522
    outer loop
      vertex 37.1 11.7815 66.8594
      vertex -0.573005 -17.2606 66.6336
      vertex 37.1 11.6469 66.6336
    endloop
  endfacet
  facet normal 0.312984 -0.407889 0.857711
    outer loop
      vertex -0.0673903 -17.9195 65.7172
      vertex 37.1 10.33 65.5888
      vertex 37.1 10.6 65.7172
    endloop
  endfacet
  facet normal 0.313012 -0.407926 0.857683
    outer loop
      vertex 37.1 10.33 65.5888
      vertex -0.0673903 -17.9195 65.7172
      vertex 0.0630197 -18.0894 65.5888
    endloop
  endfacet
  facet normal 0.147948 -0.192809 0.970019
    outer loop
      vertex 0.343616 -18.4551 65.3979
      vertex 37.1 9.44366 65.3372
      vertex 37.1 9.74904 65.3979
    endloop
  endfacet
  facet normal 0.147953 -0.192816 0.970016
    outer loop
      vertex 37.1 9.44366 65.3372
      vertex 0.343616 -18.4551 65.3979
      vertex 0.4911 -18.6473 65.3372
    endloop
  endfacet
  facet normal -0.590523 0.769585 -0.242945
    outer loop
      vertex 2.31288 -21.0215 68.3298
      vertex 37.1 5.74806 68.5721
      vertex 37.1 5.67157 68.3298
    endloop
  endfacet
  facet normal -0.590544 0.769611 -0.24281
    outer loop
      vertex 37.1 5.74806 68.5721
      vertex 2.31288 -21.0215 68.3298
      vertex 2.27594 -20.9734 68.5721
    endloop
  endfacet
  facet normal -0.08945 0.116574 -0.989146
    outer loop
      vertex 0.945211 -19.2391 70.3661
      vertex 37.1 8.192 70.3294
      vertex 1.09561 -19.4351 70.3294
    endloop
  endfacet
  facet normal -0.0894514 0.116576 -0.989145
    outer loop
      vertex 37.1 8.192 70.3294
      vertex 0.945211 -19.2391 70.3661
      vertex 37.1 8.5034 70.3661
    endloop
  endfacet
  facet normal -0.260322 0.339259 -0.903956
    outer loop
      vertex 1.38624 -19.8139 70.1846
      vertex 37.1 7.30564 70.0778
      vertex 1.52369 -19.993 70.0778
    endloop
  endfacet
  facet normal -0.260314 0.339248 -0.903962
    outer loop
      vertex 37.1 7.30564 70.0778
      vertex 1.38624 -19.8139 70.1846
      vertex 37.1 7.59022 70.1846
    endloop
  endfacet
  facet normal -0.590508 0.769566 0.243039
    outer loop
      vertex 37.1 5.74806 67.0946
      vertex 2.31288 -21.0215 67.3368
      vertex 37.1 5.67157 67.3368
    endloop
  endfacet
  facet normal -0.590529 0.769592 0.242905
    outer loop
      vertex 2.31288 -21.0215 67.3368
      vertex 37.1 5.74806 67.0946
      vertex 2.27594 -20.9734 67.0946
    endloop
  endfacet
  facet normal -0.602176 0.784771 0.146696
    outer loop
      vertex 37.1 5.67157 67.3368
      vertex 2.33519 -21.0506 67.5839
      vertex 37.1 5.62538 67.5839
    endloop
  endfacet
  facet normal -0.602167 0.78476 0.146786
    outer loop
      vertex 2.33519 -21.0506 67.5839
      vertex 37.1 5.67157 67.3368
      vertex 2.31288 -21.0215 67.3368
    endloop
  endfacet
  facet normal -0.573186 0.74699 0.336844
    outer loop
      vertex 37.1 5.85412 66.8594
      vertex 2.27594 -20.9734 67.0946
      vertex 37.1 5.74806 67.0946
    endloop
  endfacet
  facet normal -0.573159 0.746956 0.336964
    outer loop
      vertex 2.27594 -20.9734 67.0946
      vertex 37.1 5.85412 66.8594
      vertex 2.22472 -20.9066 66.8594
    endloop
  endfacet
  facet normal -0.488958 0.637224 0.595706
    outer loop
      vertex 37.1 6.33809 66.2188
      vertex 2.08155 -20.72 66.4194
      vertex 37.1 6.15056 66.4194
    endloop
  endfacet
  facet normal -0.48899 0.637264 0.595638
    outer loop
      vertex 2.08155 -20.72 66.4194
      vertex 37.1 6.33809 66.2188
      vertex 1.99098 -20.602 66.2188
    endloop
  endfacet
  facet normal -0.451113 0.587903 0.671467
    outer loop
      vertex 1.88887 -20.4689 66.0337
      vertex 37.1 6.33809 66.2188
      vertex 37.1 6.5495 66.0337
    endloop
  endfacet
  facet normal -0.451073 0.58785 0.671539
    outer loop
      vertex 37.1 6.33809 66.2188
      vertex 1.88887 -20.4689 66.0337
      vertex 1.99098 -20.602 66.2188
    endloop
  endfacet
  facet normal -0.522133 0.680457 0.514155
    outer loop
      vertex 37.1 6.15056 66.4194
      vertex 2.15971 -20.8219 66.6336
      vertex 37.1 5.98871 66.6336
    endloop
  endfacet
  facet normal -0.522112 0.68043 0.514212
    outer loop
      vertex 2.15971 -20.8219 66.6336
      vertex 37.1 6.15056 66.4194
      vertex 2.08155 -20.72 66.4194
    endloop
  endfacet
  facet normal -0.0892129 0.116265 0.989203
    outer loop
      vertex 0.945211 -19.2391 65.3006
      vertex 37.1 8.192 65.3372
      vertex 37.1 8.5034 65.3006
    endloop
  endfacet
  facet normal -0.0892115 0.116263 0.989204
    outer loop
      vertex 37.1 8.192 65.3372
      vertex 0.945211 -19.2391 65.3006
      vertex 1.09561 -19.4351 65.3372
    endloop
  endfacet
  facet normal -0.147952 0.192815 0.970017
    outer loop
      vertex 1.09561 -19.4351 65.3372
      vertex 37.1 7.88663 65.3979
      vertex 37.1 8.192 65.3372
    endloop
  endfacet
  facet normal -0.147954 0.192818 0.970016
    outer loop
      vertex 37.1 7.88663 65.3979
      vertex 1.09561 -19.4351 65.3372
      vertex 1.24309 -19.6273 65.3979
    endloop
  endfacet
  facet normal -0.0299801 0.0390709 0.998787
    outer loop
      vertex 0.793353 -19.0412 65.2883
      vertex 37.1 8.5034 65.3006
      vertex 37.1 8.81783 65.2883
    endloop
  endfacet
  facet normal -0.0299807 0.0390716 0.998787
    outer loop
      vertex 37.1 8.5034 65.3006
      vertex 0.793353 -19.0412 65.2883
      vertex 0.945211 -19.2391 65.3006
    endloop
  endfacet
  facet normal -0.260115 0.338988 0.904117
    outer loop
      vertex 1.38624 -19.8139 65.4821
      vertex 37.1 7.30564 65.5888
      vertex 37.1 7.59022 65.4821
    endloop
  endfacet
  facet normal -0.260123 0.338999 0.904111
    outer loop
      vertex 37.1 7.30564 65.5888
      vertex 1.38624 -19.8139 65.4821
      vertex 1.52369 -19.993 65.5888
    endloop
  endfacet
  facet normal -0.36267 0.47264 0.80317
    outer loop
      vertex 1.6541 -20.163 65.7172
      vertex 37.1 6.78276 65.866
      vertex 37.1 7.03562 65.7172
    endloop
  endfacet
  facet normal -0.362719 0.472705 0.803109
    outer loop
      vertex 37.1 6.78276 65.866
      vertex 1.6541 -20.163 65.7172
      vertex 1.77622 -20.3221 65.866
    endloop
  endfacet
  facet normal 0.590529 -0.769591 0.242912
    outer loop
      vertex -0.689232 -17.1091 67.0946
      vertex 37.1 11.9641 67.3368
      vertex -0.726175 -17.061 67.3368
    endloop
  endfacet
  facet normal 0.590504 -0.76956 0.243069
    outer loop
      vertex 37.1 11.9641 67.3368
      vertex -0.689232 -17.1091 67.0946
      vertex 37.1 11.8876 67.0946
    endloop
  endfacet
  facet normal 0.488896 -0.637142 0.595844
    outer loop
      vertex -0.40427 -17.4805 66.2188
      vertex 37.1 11.4851 66.4194
      vertex -0.494841 -17.3624 66.4194
    endloop
  endfacet
  facet normal 0.488987 -0.63726 0.595644
    outer loop
      vertex 37.1 11.4851 66.4194
      vertex -0.40427 -17.4805 66.2188
      vertex 37.1 11.2976 66.2188
    endloop
  endfacet
  facet normal 0.451124 -0.587915 0.671449
    outer loop
      vertex -0.40427 -17.4805 66.2188
      vertex 37.1 11.0862 66.0337
      vertex 37.1 11.2976 66.2188
    endloop
  endfacet
  facet normal 0.451173 -0.58798 0.671358
    outer loop
      vertex 37.1 11.0862 66.0337
      vertex -0.40427 -17.4805 66.2188
      vertex -0.302165 -17.6135 66.0337
    endloop
  endfacet
  facet normal 0.522195 -0.680538 0.513985
    outer loop
      vertex -0.494841 -17.3624 66.4194
      vertex 37.1 11.6469 66.6336
      vertex -0.573005 -17.2606 66.6336
    endloop
  endfacet
  facet normal 0.522175 -0.680513 0.514038
    outer loop
      vertex 37.1 11.6469 66.6336
      vertex -0.494841 -17.3624 66.4194
      vertex 37.1 11.4851 66.4194
    endloop
  endfacet
  facet normal 0.57322 -0.747035 0.336684
    outer loop
      vertex -0.638011 -17.1758 66.8594
      vertex 37.1 11.8876 67.0946
      vertex -0.689232 -17.1091 67.0946
    endloop
  endfacet
  facet normal 0.57316 -0.746959 0.336957
    outer loop
      vertex 37.1 11.8876 67.0946
      vertex -0.638011 -17.1758 66.8594
      vertex 37.1 11.7815 66.8594
    endloop
  endfacet
  facet normal 0.602168 -0.78476 0.146784
    outer loop
      vertex -0.726175 -17.061 67.3368
      vertex 37.1 12.0103 67.5839
      vertex -0.748484 -17.0319 67.5839
    endloop
  endfacet
  facet normal 0.602174 -0.784766 0.146727
    outer loop
      vertex 37.1 12.0103 67.5839
      vertex -0.726175 -17.061 67.3368
      vertex 37.1 11.9641 67.3368
    endloop
  endfacet
  facet normal 0.362632 -0.472592 0.803216
    outer loop
      vertex -0.189511 -17.7603 65.866
      vertex 37.1 10.6 65.7172
      vertex 37.1 10.8529 65.866
    endloop
  endfacet
  facet normal 0.362626 -0.472584 0.803223
    outer loop
      vertex 37.1 10.6 65.7172
      vertex -0.189511 -17.7603 65.866
      vertex -0.0673903 -17.9195 65.7172
    endloop
  endfacet
  facet normal 0.205244 -0.267479 0.941451
    outer loop
      vertex 0.200463 -18.2686 65.4821
      vertex 37.1 9.74904 65.3979
      vertex 37.1 10.0454 65.4821
    endloop
  endfacet
  facet normal 0.205253 -0.267491 0.941445
    outer loop
      vertex 37.1 9.74904 65.3979
      vertex 0.200463 -18.2686 65.4821
      vertex 0.343616 -18.4551 65.3979
    endloop
  endfacet
  facet normal 0.089213 -0.116265 0.989203
    outer loop
      vertex 0.4911 -18.6473 65.3372
      vertex 37.1 9.13226 65.3006
      vertex 37.1 9.44366 65.3372
    endloop
  endfacet
  facet normal 0.0892122 -0.116264 0.989204
    outer loop
      vertex 37.1 9.13226 65.3006
      vertex 0.4911 -18.6473 65.3372
      vertex 0.641496 -18.8433 65.3006
    endloop
  endfacet
  facet normal -0.608028 0.792398 -0.0490683
    outer loop
      vertex 2.34265 -21.0603 67.8333
      vertex 37.1 5.62538 68.0828
      vertex 37.1 5.60993 67.8333
    endloop
  endfacet
  facet normal -0.608031 0.792401 -0.0489868
    outer loop
      vertex 37.1 5.62538 68.0828
      vertex 2.34265 -21.0603 67.8333
      vertex 2.33519 -21.0506 68.0828
    endloop
  endfacet
  facet normal -0.450963 0.587707 -0.671739
    outer loop
      vertex 1.88887 -20.4689 69.6329
      vertex 37.1 6.33809 69.4479
      vertex 1.99098 -20.602 69.4479
    endloop
  endfacet
  facet normal -0.451003 0.587759 -0.671666
    outer loop
      vertex 37.1 6.33809 69.4479
      vertex 1.88887 -20.4689 69.6329
      vertex 37.1 6.5495 69.6329
    endloop
  endfacet
  facet normal 0.4088 -0.53276 -0.740979
    outer loop
      vertex -0.302165 -17.6135 69.6329
      vertex 37.1 10.8529 69.8006
      vertex -0.189511 -17.7603 69.8006
    endloop
  endfacet
  facet normal 0.408745 -0.532687 -0.741061
    outer loop
      vertex 37.1 10.8529 69.8006
      vertex -0.302165 -17.6135 69.6329
      vertex 37.1 11.0862 69.6329
    endloop
  endfacet
  facet normal 0.550217 -0.717059 -0.427887
    outer loop
      vertex 37.1 11.7815 68.8073
      vertex -0.573005 -17.2606 69.033
      vertex -0.638011 -17.1758 68.8073
    endloop
  endfacet
  facet normal 0.550279 -0.717137 -0.427677
    outer loop
      vertex -0.573005 -17.2606 69.033
      vertex 37.1 11.7815 68.8073
      vertex 37.1 11.6469 69.033
    endloop
  endfacet
  facet normal 0.488896 -0.637142 -0.595844
    outer loop
      vertex 37.1 11.4851 69.2473
      vertex -0.40427 -17.4805 69.4479
      vertex -0.494841 -17.3624 69.2473
    endloop
  endfacet
  facet normal 0.488987 -0.63726 -0.595644
    outer loop
      vertex -0.40427 -17.4805 69.4479
      vertex 37.1 11.4851 69.2473
      vertex 37.1 11.2976 69.4479
    endloop
  endfacet
  facet normal -0.550286 0.717147 -0.427651
    outer loop
      vertex 2.22472 -20.9066 68.8073
      vertex 37.1 5.98871 69.033
      vertex 37.1 5.85412 68.8073
    endloop
  endfacet
  facet normal -0.550291 0.717153 -0.427635
    outer loop
      vertex 37.1 5.98871 69.033
      vertex 2.22472 -20.9066 68.8073
      vertex 2.15971 -20.8219 69.033
    endloop
  endfacet
  facet normal -0.573186 0.74699 -0.336844
    outer loop
      vertex 2.27594 -20.9734 68.5721
      vertex 37.1 5.85412 68.8073
      vertex 37.1 5.74806 68.5721
    endloop
  endfacet
  facet normal -0.573159 0.746956 -0.336964
    outer loop
      vertex 37.1 5.85412 68.8073
      vertex 2.27594 -20.9734 68.5721
      vertex 2.22472 -20.9066 68.8073
    endloop
  endfacet
  facet normal -0.60217 0.784764 -0.146754
    outer loop
      vertex 2.33519 -21.0506 68.0828
      vertex 37.1 5.67157 68.3298
      vertex 37.1 5.62538 68.0828
    endloop
  endfacet
  facet normal -0.602162 0.784753 -0.146844
    outer loop
      vertex 37.1 5.67157 68.3298
      vertex 2.33519 -21.0506 68.0828
      vertex 2.31288 -21.0215 68.3298
    endloop
  endfacet
  facet normal -0.488958 0.637224 -0.595706
    outer loop
      vertex 2.08155 -20.72 69.2473
      vertex 37.1 6.33809 69.4479
      vertex 37.1 6.15056 69.2473
    endloop
  endfacet
  facet normal -0.48899 0.637264 -0.595638
    outer loop
      vertex 37.1 6.33809 69.4479
      vertex 2.08155 -20.72 69.2473
      vertex 1.99098 -20.602 69.4479
    endloop
  endfacet
  facet normal 0.147953 -0.192816 -0.970016
    outer loop
      vertex 0.343616 -18.4551 70.2687
      vertex 37.1 9.44366 70.3294
      vertex 0.4911 -18.6473 70.3294
    endloop
  endfacet
  facet normal 0.147948 -0.192809 -0.970019
    outer loop
      vertex 37.1 9.44366 70.3294
      vertex 0.343616 -18.4551 70.2687
      vertex 37.1 9.74904 70.2687
    endloop
  endfacet
  facet normal 0.451063 -0.587837 -0.671558
    outer loop
      vertex -0.40427 -17.4805 69.4479
      vertex 37.1 11.0862 69.6329
      vertex -0.302165 -17.6135 69.6329
    endloop
  endfacet
  facet normal 0.451014 -0.587771 -0.671648
    outer loop
      vertex 37.1 11.0862 69.6329
      vertex -0.40427 -17.4805 69.4479
      vertex 37.1 11.2976 69.4479
    endloop
  endfacet
  facet normal 0.590543 -0.769609 -0.242817
    outer loop
      vertex 37.1 11.9641 68.3298
      vertex -0.689232 -17.1091 68.5721
      vertex -0.726175 -17.061 68.3298
    endloop
  endfacet
  facet normal 0.590518 -0.769579 -0.242975
    outer loop
      vertex -0.689232 -17.1091 68.5721
      vertex 37.1 11.9641 68.3298
      vertex 37.1 11.8876 68.5721
    endloop
  endfacet
  facet normal 0.57322 -0.747035 -0.336684
    outer loop
      vertex 37.1 11.8876 68.5721
      vertex -0.638011 -17.1758 68.8073
      vertex -0.689232 -17.1091 68.5721
    endloop
  endfacet
  facet normal 0.57316 -0.746959 -0.336957
    outer loop
      vertex -0.638011 -17.1758 68.8073
      vertex 37.1 11.8876 68.5721
      vertex 37.1 11.7815 68.8073
    endloop
  endfacet
  facet normal 0.608031 -0.792401 -0.0489868
    outer loop
      vertex 37.1 12.0257 67.8333
      vertex -0.748484 -17.0319 68.0828
      vertex -0.755944 -17.0222 67.8333
    endloop
  endfacet
  facet normal 0.608033 -0.792403 -0.0489099
    outer loop
      vertex -0.748484 -17.0319 68.0828
      vertex 37.1 12.0257 67.8333
      vertex 37.1 12.0103 68.0828
    endloop
  endfacet
  facet normal -0.147954 0.192818 -0.970016
    outer loop
      vertex 1.09561 -19.4351 70.3294
      vertex 37.1 7.88663 70.2687
      vertex 1.24309 -19.6273 70.2687
    endloop
  endfacet
  facet normal -0.147952 0.192815 -0.970017
    outer loop
      vertex 37.1 7.88663 70.2687
      vertex 1.09561 -19.4351 70.3294
      vertex 37.1 8.192 70.3294
    endloop
  endfacet
  facet normal -0.204977 0.267131 -0.941608
    outer loop
      vertex 1.24309 -19.6273 70.2687
      vertex 37.1 7.59022 70.1846
      vertex 1.38624 -19.8139 70.1846
    endloop
  endfacet
  facet normal -0.204997 0.267158 -0.941596
    outer loop
      vertex 37.1 7.59022 70.1846
      vertex 1.24309 -19.6273 70.2687
      vertex 37.1 7.88663 70.2687
    endloop
  endfacet
  facet normal -0.522197 0.680541 -0.513978
    outer loop
      vertex 2.15971 -20.8219 69.033
      vertex 37.1 6.15056 69.2473
      vertex 37.1 5.98871 69.033
    endloop
  endfacet
  facet normal -0.522176 0.680514 -0.514035
    outer loop
      vertex 37.1 6.15056 69.2473
      vertex 2.15971 -20.8219 69.033
      vertex 2.08155 -20.72 69.2473
    endloop
  endfacet
  facet normal 0.0297376 -0.0387548 -0.998806
    outer loop
      vertex 0.641496 -18.8433 70.3661
      vertex 37.1 8.81783 70.3783
      vertex 0.793353 -19.0412 70.3783
    endloop
  endfacet
  facet normal 0.029737 -0.038754 -0.998806
    outer loop
      vertex 37.1 8.81783 70.3783
      vertex 0.641496 -18.8433 70.3661
      vertex 37.1 9.13226 70.3661
    endloop
  endfacet
  facet normal 0.205037 -0.26721 -0.941573
    outer loop
      vertex 0.200463 -18.2686 70.1846
      vertex 37.1 9.74904 70.2687
      vertex 0.343616 -18.4551 70.2687
    endloop
  endfacet
  facet normal 0.205028 -0.267198 -0.941578
    outer loop
      vertex 37.1 9.74904 70.2687
      vertex 0.200463 -18.2686 70.1846
      vertex 37.1 10.0454 70.1846
    endloop
  endfacet
  facet normal 0.522259 -0.680622 -0.513809
    outer loop
      vertex 37.1 11.6469 69.033
      vertex -0.494841 -17.3624 69.2473
      vertex -0.573005 -17.2606 69.033
    endloop
  endfacet
  facet normal 0.52224 -0.680597 -0.513862
    outer loop
      vertex -0.494841 -17.3624 69.2473
      vertex 37.1 11.6469 69.033
      vertex 37.1 11.4851 69.2473
    endloop
  endfacet
  facet normal 0.602163 -0.784753 -0.146842
    outer loop
      vertex 37.1 12.0103 68.0828
      vertex -0.726175 -17.061 68.3298
      vertex -0.748484 -17.0319 68.0828
    endloop
  endfacet
  facet normal 0.602168 -0.78476 -0.146785
    outer loop
      vertex -0.726175 -17.061 68.3298
      vertex 37.1 12.0103 68.0828
      vertex 37.1 11.9641 68.3298
    endloop
  endfacet
  facet normal -0.408803 0.532764 -0.740974
    outer loop
      vertex 1.77622 -20.3221 69.8006
      vertex 37.1 6.5495 69.6329
      vertex 1.88887 -20.4689 69.6329
    endloop
  endfacet
  facet normal -0.408783 0.532738 -0.741004
    outer loop
      vertex 37.1 6.5495 69.6329
      vertex 1.77622 -20.3221 69.8006
      vertex 37.1 6.78276 69.8006
    endloop
  endfacet
  facet normal -0.362719 0.472705 -0.803109
    outer loop
      vertex 1.6541 -20.163 69.9494
      vertex 37.1 6.78276 69.8006
      vertex 1.77622 -20.3221 69.8006
    endloop
  endfacet
  facet normal -0.36267 0.47264 -0.80317
    outer loop
      vertex 37.1 6.78276 69.8006
      vertex 1.6541 -20.163 69.9494
      vertex 37.1 7.03562 69.9494
    endloop
  endfacet
  facet normal -0.312927 0.407814 -0.857767
    outer loop
      vertex 1.52369 -19.993 70.0778
      vertex 37.1 7.03562 69.9494
      vertex 1.6541 -20.163 69.9494
    endloop
  endfacet
  facet normal -0.312967 0.407867 -0.857727
    outer loop
      vertex 37.1 7.03562 69.9494
      vertex 1.52369 -19.993 70.0778
      vertex 37.1 7.30564 70.0778
    endloop
  endfacet
  facet normal 0.0894507 -0.116575 -0.989146
    outer loop
      vertex 0.4911 -18.6473 70.3294
      vertex 37.1 9.13226 70.3661
      vertex 0.641496 -18.8433 70.3661
    endloop
  endfacet
  facet normal 0.0894515 -0.116576 -0.989145
    outer loop
      vertex 37.1 9.13226 70.3661
      vertex 0.4911 -18.6473 70.3294
      vertex 37.1 9.44366 70.3294
    endloop
  endfacet
  facet normal 0.313012 -0.407926 -0.857683
    outer loop
      vertex -0.0673903 -17.9195 69.9494
      vertex 37.1 10.33 70.0778
      vertex 0.0630197 -18.0894 70.0778
    endloop
  endfacet
  facet normal 0.312984 -0.407889 -0.857711
    outer loop
      vertex 37.1 10.33 70.0778
      vertex -0.0673903 -17.9195 69.9494
      vertex 37.1 10.6 69.9494
    endloop
  endfacet
  facet normal 0.362626 -0.472584 -0.803223
    outer loop
      vertex -0.189511 -17.7603 69.8006
      vertex 37.1 10.6 69.9494
      vertex -0.0673903 -17.9195 69.9494
    endloop
  endfacet
  facet normal 0.362632 -0.472592 -0.803216
    outer loop
      vertex 37.1 10.6 69.9494
      vertex -0.189511 -17.7603 69.8006
      vertex 37.1 10.8529 69.8006
    endloop
  endfacet
  facet normal 0.260251 -0.339166 -0.904011
    outer loop
      vertex 0.0630197 -18.0894 70.0778
      vertex 37.1 10.0454 70.1846
      vertex 0.200463 -18.2686 70.1846
    endloop
  endfacet
  facet normal 0.260298 -0.339228 -0.903974
    outer loop
      vertex 37.1 10.0454 70.1846
      vertex 0.0630197 -18.0894 70.0778
      vertex 37.1 10.33 70.0778
    endloop
  endfacet
  facet normal -0.947978 0.315727 0.040664
    outer loop
      vertex 1.59407 -23.3421 67.6912
      vertex 2.35483 -21.0762 67.8333
      vertex 2.34731 -21.0664 67.5819
    endloop
  endfacet
  facet normal -0.947976 0.315718 0.0407946
    outer loop
      vertex 2.35483 -21.0762 67.8333
      vertex 1.59407 -23.3421 67.6912
      vertex 1.59832 -23.3477 67.8333
    endloop
  endfacet
  facet normal -0.947976 0.315728 0.0407091
    outer loop
      vertex 1.59407 -23.3421 67.6912
      vertex 2.34731 -21.0664 67.5819
      vertex 1.58686 -23.3327 67.4504
    endloop
  endfacet
  facet normal -0.105447 -0.782275 -0.613944
    outer loop
      vertex -0.310775 -17.6023 69.6471
      vertex -2.28852 -18.2822 70.8531
      vertex -2.35269 -18.1986 70.7576
    endloop
  endfacet
  facet normal -0.105555 -0.782169 -0.61406
    outer loop
      vertex -2.28852 -18.2822 70.8531
      vertex -0.310775 -17.6023 69.6471
      vertex -0.197234 -17.7503 69.8161
    endloop
  endfacet
  facet normal -0.818002 0.146334 -0.556291
    outer loop
      vertex 2.00039 -20.6143 69.4605
      vertex 1.00034 -22.5684 70.417
      vertex 1.89748 -20.4802 69.6471
    endloop
  endfacet
  facet normal -0.817907 0.1462 -0.556465
    outer loop
      vertex 1.00034 -22.5684 70.417
      vertex 2.00039 -20.6143 69.4605
      vertex 1.0585 -22.6442 70.3116
    endloop
  endfacet
  facet normal -0.744727 0.0508328 0.665431
    outer loop
      vertex 0.65929 -22.1239 64.7288
      vertex 1.78394 -20.3322 65.8506
      vertex 1.66086 -20.1718 65.7006
    endloop
  endfacet
  facet normal -0.744576 0.0506224 0.665615
    outer loop
      vertex 1.78394 -20.3322 65.8506
      vertex 0.65929 -22.1239 64.7288
      vertex 0.728848 -22.2145 64.8135
    endloop
  endfacet
  facet normal -0.933452 0.296798 -0.201443
    outer loop
      vertex 2.28759 -20.9886 68.5779
      vertex 1.53158 -23.2607 68.7335
      vertex 1.49591 -23.2142 68.9673
    endloop
  endfacet
  facet normal -0.070543 -0.827763 0.556626
    outer loop
      vertex -2.46144 -18.0569 65.071
      vertex -0.310775 -17.6023 66.0196
      vertex -2.56002 -17.9284 65.2496
    endloop
  endfacet
  facet normal -0.817958 0.146286 -0.556368
    outer loop
      vertex 1.89748 -20.4802 69.6471
      vertex 1.00034 -22.5684 70.417
      vertex 0.901771 -22.4399 70.5957
    endloop
  endfacet
  facet normal 0.0547497 -0.991072 0.121564
    outer loop
      vertex -3.125 -17.1921 67.2119
      vertex -0.738116 -17.0454 67.3329
      vertex -0.760601 -17.0161 67.5819
    endloop
  endfacet
  facet normal 0.054732 -0.991036 0.121868
    outer loop
      vertex -0.738116 -17.0454 67.3329
      vertex -3.125 -17.1921 67.2119
      vertex -3.11229 -17.2087 67.0712
    endloop
  endfacet
  facet normal -0.2741 -0.562477 0.780057
    outer loop
      vertex -1.55171 -19.2425 64.1429
      vertex 0.195804 -18.2625 65.4636
      vertex -1.68992 -19.0624 64.2242
    endloop
  endfacet
  facet normal -0.817866 0.146158 0.556537
    outer loop
      vertex 1.00034 -22.5684 65.2496
      vertex 1.89748 -20.4802 66.0196
      vertex 0.901771 -22.4399 65.071
    endloop
  endfacet
  facet normal -0.744613 0.0507065 0.665567
    outer loop
      vertex 0.65929 -22.1239 64.7288
      vertex 1.66086 -20.1718 65.7006
      vertex 0.541394 -21.9703 64.5852
    endloop
  endfacet
  facet normal -0.659801 -0.0598571 0.749052
    outer loop
      vertex 0.262932 -21.6074 64.3272
      vertex 1.52943 -20.0005 65.5712
      vertex 1.3909 -19.82 65.4636
    endloop
  endfacet
  facet normal -0.660065 -0.0594924 0.748849
    outer loop
      vertex 1.52943 -20.0005 65.5712
      vertex 0.262932 -21.6074 64.3272
      vertex 0.341217 -21.7094 64.3881
    endloop
  endfacet
  facet normal -0.9191 0.278083 0.279152
    outer loop
      vertex 1.46674 -23.1762 66.5654
      vertex 2.28759 -20.9886 67.0888
      vertex 2.23597 -20.9213 66.8518
    endloop
  endfacet
  facet normal -0.919101 0.278086 0.279144
    outer loop
      vertex 2.28759 -20.9886 67.0888
      vertex 1.46674 -23.1762 66.5654
      vertex 1.49591 -23.2142 66.6993
    endloop
  endfacet
  facet normal -0.900193 0.253449 0.354142
    outer loop
      vertex 1.41729 -23.1117 66.3384
      vertex 2.23597 -20.9213 66.8518
      vertex 1.35453 -23.03 66.1204
    endloop
  endfacet
  facet normal 0.0547258 -0.991056 -0.121708
    outer loop
      vertex -0.760601 -17.0161 68.0847
      vertex -3.125 -17.1921 68.4547
      vertex -3.14654 -17.164 68.2162
    endloop
  endfacet
  facet normal -0.518228 -0.244342 -0.819595
    outer loop
      vertex 0.946404 -19.2407 70.386
      vertex -0.401544 -20.7414 71.6857
      vertex -0.546737 -20.5522 71.7211
    endloop
  endfacet
  facet normal -0.703417 -0.00301043 -0.710771
    outer loop
      vertex 0.467115 -21.8734 71.1546
      vertex 1.66086 -20.1718 69.966
      vertex 0.541394 -21.9703 71.0815
    endloop
  endfacet
  facet normal -0.703639 -0.00270147 -0.710552
    outer loop
      vertex 1.66086 -20.1718 69.966
      vertex 0.467115 -21.8734 71.1546
      vertex 1.52943 -20.0005 70.0955
    endloop
  endfacet
  facet normal -0.849362 0.187202 -0.493498
    outer loop
      vertex 2.09167 -20.7332 69.2584
      vertex 1.19753 -22.8253 70.0037
      vertex 1.11009 -22.7114 70.1974
    endloop
  endfacet
  facet normal -0.943136 0.309419 -0.121465
    outer loop
      vertex 2.34731 -21.0664 68.0847
      vertex 1.58686 -23.3327 68.2162
      vertex 1.56533 -23.3047 68.4547
    endloop
  endfacet
  facet normal -0.56686 -0.180917 -0.803703
    outer loop
      vertex -0.315882 -20.853 71.6648
      vertex 1.24662 -19.632 70.2879
      vertex -0.231878 -20.9625 71.6302
    endloop
  endfacet
  facet normal -0.566676 -0.181221 -0.803764
    outer loop
      vertex 1.24662 -19.632 70.2879
      vertex -0.315882 -20.853 71.6648
      vertex 1.09798 -19.4382 70.349
    endloop
  endfacet
  facet normal -0.947976 0.315728 -0.0407091
    outer loop
      vertex 2.34731 -21.0664 68.0847
      vertex 1.59407 -23.3421 67.9754
      vertex 1.58686 -23.3327 68.2162
    endloop
  endfacet
  facet normal -0.947978 0.315727 -0.040664
    outer loop
      vertex 2.35483 -21.0762 67.8333
      vertex 1.59407 -23.3421 67.9754
      vertex 2.34731 -21.0664 68.0847
    endloop
  endfacet
  facet normal -0.947976 0.315718 -0.0407946
    outer loop
      vertex 1.59407 -23.3421 67.9754
      vertex 2.35483 -21.0762 67.8333
      vertex 1.59832 -23.3477 67.8333
    endloop
  endfacet
  facet normal -0.943136 0.309419 0.121465
    outer loop
      vertex 1.58686 -23.3327 67.4504
      vertex 2.34731 -21.0664 67.5819
      vertex 1.56533 -23.3047 67.2119
    endloop
  endfacet
  facet normal -0.370118 -0.437371 0.819585
    outer loop
      vertex -1.01294 -19.9446 63.9456
      vertex 0.640303 -18.8418 65.2807
      vertex -1.15813 -19.7554 63.981
    endloop
  endfacet
  facet normal -0.817914 0.14621 0.556452
    outer loop
      vertex 1.00034 -22.5684 65.2496
      vertex 2.00039 -20.6143 66.2061
      vertex 1.89748 -20.4802 66.0196
    endloop
  endfacet
  facet normal -0.817907 0.1462 0.556465
    outer loop
      vertex 2.00039 -20.6143 66.2061
      vertex 1.00034 -22.5684 65.2496
      vertex 1.0585 -22.6442 65.355
    endloop
  endfacet
  facet normal -0.419267 -0.373274 0.827576
    outer loop
      vertex -0.866331 -20.1357 63.9338
      vertex 0.793353 -19.0412 65.2683
      vertex 0.640303 -18.8418 65.2807
    endloop
  endfacet
  facet normal -0.41931 -0.373215 0.827581
    outer loop
      vertex 0.793353 -19.0412 65.2683
      vertex -0.866331 -20.1357 63.9338
      vertex -0.779836 -20.2484 63.9268
    endloop
  endfacet
  facet normal -0.876833 0.223 0.425951
    outer loop
      vertex 1.31751 -22.9817 65.9918
      vertex 2.17045 -20.8359 66.6242
      vertex 1.24205 -22.8834 65.785
    endloop
  endfacet
  facet normal -0.933469 0.29681 0.201345
    outer loop
      vertex 1.53158 -23.2607 66.9332
      vertex 2.32482 -21.0371 67.3329
      vertex 2.28759 -20.9886 67.0888
    endloop
  endfacet
  facet normal -0.933481 0.29683 0.201258
    outer loop
      vertex 2.32482 -21.0371 67.3329
      vertex 1.53158 -23.2607 66.9332
      vertex 1.55262 -23.2881 67.0712
    endloop
  endfacet
  facet normal -0.933466 0.296808 0.201361
    outer loop
      vertex 1.53158 -23.2607 66.9332
      vertex 2.28759 -20.9886 67.0888
      vertex 1.49591 -23.2142 66.6993
    endloop
  endfacet
  facet normal -0.919082 0.278068 0.279225
    outer loop
      vertex 1.46674 -23.1762 66.5654
      vertex 2.23597 -20.9213 66.8518
      vertex 1.41729 -23.1117 66.3384
    endloop
  endfacet
  facet normal 0.0307967 -0.959827 -0.278896
    outer loop
      vertex -0.700883 -17.0939 68.5779
      vertex -3.02641 -17.3206 69.1013
      vertex -3.05559 -17.2826 68.9673
    endloop
  endfacet
  facet normal 0.0307143 -0.959735 -0.279223
    outer loop
      vertex -3.02641 -17.3206 69.1013
      vertex -0.700883 -17.0939 68.5779
      vertex -0.64926 -17.1612 68.8149
    endloop
  endfacet
  facet normal 0.0596062 -0.997408 -0.0403034
    outer loop
      vertex -0.760601 -17.0161 68.0847
      vertex -3.14654 -17.164 68.2162
      vertex -3.15374 -17.1547 67.9754
    endloop
  endfacet
  facet normal -0.0390772 -0.868773 -0.493667
    outer loop
      vertex -0.504964 -17.3492 69.2584
      vertex -2.66976 -17.7854 70.1974
      vertex -2.7572 -17.6714 70.0037
    endloop
  endfacet
  facet normal -0.105412 -0.782314 -0.6139
    outer loop
      vertex -0.310775 -17.6023 69.6471
      vertex -2.35269 -18.1986 70.7576
      vertex -2.46144 -18.0569 70.5957
    endloop
  endfacet
  facet normal 0.0450918 -0.978454 -0.20148
    outer loop
      vertex -0.700883 -17.0939 68.5779
      vertex -3.05559 -17.2826 68.9673
      vertex -3.09125 -17.2361 68.7335
    endloop
  endfacet
  facet normal 0.0307462 -0.959801 -0.278994
    outer loop
      vertex -0.64926 -17.1612 68.8149
      vertex -2.97696 -17.385 69.3283
      vertex -3.02641 -17.3206 69.1013
    endloop
  endfacet
  facet normal -0.143714 -0.732429 -0.665502
    outer loop
      vertex -0.197234 -17.7503 69.8161
      vertex -2.21896 -18.3729 70.9379
      vertex -2.28852 -18.2822 70.8531
    endloop
  endfacet
  facet normal -0.143785 -0.732343 -0.665582
    outer loop
      vertex -2.21896 -18.3729 70.9379
      vertex -0.197234 -17.7503 69.8161
      vertex -0.0741545 -17.9107 69.966
    endloop
  endfacet
  facet normal -0.468866 -0.308678 -0.827577
    outer loop
      vertex -0.693341 -20.3611 71.7329
      vertex 0.793353 -19.0412 70.3983
      vertex 0.946404 -19.2407 70.386
    endloop
  endfacet
  facet normal -0.468983 -0.308533 -0.827564
    outer loop
      vertex 0.793353 -19.0412 70.3983
      vertex -0.693341 -20.3611 71.7329
      vertex -0.779836 -20.2484 71.7399
    endloop
  endfacet
  facet normal -0.468903 -0.308622 -0.827576
    outer loop
      vertex 0.946404 -19.2407 70.386
      vertex -0.546737 -20.5522 71.7211
      vertex -0.693341 -20.3611 71.7329
    endloop
  endfacet
  facet normal -0.7829 0.100596 -0.613961
    outer loop
      vertex 1.89748 -20.4802 69.6471
      vertex 0.901771 -22.4399 70.5957
      vertex 0.793014 -22.2982 70.7576
    endloop
  endfacet
  facet normal -0.900193 0.253449 -0.354142
    outer loop
      vertex 2.23597 -20.9213 68.8149
      vertex 1.41729 -23.1117 69.3283
      vertex 1.35453 -23.03 69.5463
    endloop
  endfacet
  facet normal -0.659869 -0.0597408 -0.749002
    outer loop
      vertex 1.3909 -19.82 70.2031
      vertex 0.262932 -21.6074 71.3394
      vertex 0.130243 -21.4344 71.4425
    endloop
  endfacet
  facet normal -0.518259 -0.244318 -0.819583
    outer loop
      vertex -0.401544 -20.7414 71.6857
      vertex 1.09798 -19.4382 70.349
      vertex -0.315882 -20.853 71.6648
    endloop
  endfacet
  facet normal -0.518309 -0.244249 -0.819572
    outer loop
      vertex 1.09798 -19.4382 70.349
      vertex -0.401544 -20.7414 71.6857
      vertex 0.946404 -19.2407 70.386
    endloop
  endfacet
  facet normal -0.566596 -0.181309 -0.803801
    outer loop
      vertex 1.24662 -19.632 70.2879
      vertex -0.0894954 -21.1481 71.5717
      vertex -0.231878 -20.9625 71.6302
    endloop
  endfacet
  facet normal -0.943128 0.309395 -0.121591
    outer loop
      vertex 1.56533 -23.3047 68.4547
      vertex 2.32482 -21.0371 68.3337
      vertex 2.34731 -21.0664 68.0847
    endloop
  endfacet
  facet normal -0.943126 0.309393 -0.121613
    outer loop
      vertex 2.32482 -21.0371 68.3337
      vertex 1.56533 -23.3047 68.4547
      vertex 1.55262 -23.2881 68.5955
    endloop
  endfacet
  facet normal 0.0596062 -0.997408 0.0403034
    outer loop
      vertex -3.14654 -17.164 67.4504
      vertex -0.760601 -17.0161 67.5819
      vertex -3.15374 -17.1547 67.6912
    endloop
  endfacet
  facet normal 0.0595954 -0.997377 -0.0410879
    outer loop
      vertex -0.768119 -17.0063 67.8333
      vertex -3.15374 -17.1547 67.9754
      vertex -3.15799 -17.1491 67.8333
    endloop
  endfacet
  facet normal 0.0596217 -0.997392 -0.040663
    outer loop
      vertex -3.15374 -17.1547 67.9754
      vertex -0.768119 -17.0063 67.8333
      vertex -0.760601 -17.0161 68.0847
    endloop
  endfacet
  facet normal -0.0115067 -0.904721 0.42585
    outer loop
      vertex -2.80172 -17.6134 65.785
      vertex -0.583743 -17.2466 66.6242
      vertex -2.87718 -17.5151 65.9918
    endloop
  endfacet
  facet normal 0.0117718 -0.935077 0.354248
    outer loop
      vertex -2.91421 -17.4668 66.1204
      vertex -0.583743 -17.2466 66.6242
      vertex -0.64926 -17.1612 66.8518
    endloop
  endfacet
  facet normal 0.0117011 -0.934972 0.354529
    outer loop
      vertex -0.583743 -17.2466 66.6242
      vertex -2.91421 -17.4668 66.1204
      vertex -2.87718 -17.5151 65.9918
    endloop
  endfacet
  facet normal 0.0117692 -0.935075 0.354255
    outer loop
      vertex -2.91421 -17.4668 66.1204
      vertex -0.64926 -17.1612 66.8518
      vertex -2.97696 -17.385 66.3384
    endloop
  endfacet
  facet normal -0.0388939 -0.868969 0.493335
    outer loop
      vertex -2.61817 -17.8526 65.355
      vertex -0.504964 -17.3492 66.4083
      vertex -2.66976 -17.7854 65.4693
    endloop
  endfacet
  facet normal -0.0390959 -0.868781 0.493651
    outer loop
      vertex -0.504964 -17.3492 66.4083
      vertex -2.61817 -17.8526 65.355
      vertex -0.413681 -17.4682 66.2061
    endloop
  endfacet
  facet normal -0.105412 -0.782314 0.6139
    outer loop
      vertex -2.35269 -18.1986 64.9091
      vertex -0.310775 -17.6023 66.0196
      vertex -2.46144 -18.0569 65.071
    endloop
  endfacet
  facet normal -0.143955 -0.732135 0.665774
    outer loop
      vertex -2.21896 -18.3729 64.7288
      vertex -0.197234 -17.7503 65.8506
      vertex -2.28852 -18.2822 64.8135
    endloop
  endfacet
  facet normal -0.143648 -0.732509 0.665429
    outer loop
      vertex -0.197234 -17.7503 65.8506
      vertex -2.21896 -18.3729 64.7288
      vertex -0.0741545 -17.9107 65.7006
    endloop
  endfacet
  facet normal -0.228786 -0.621538 0.749231
    outer loop
      vertex -1.68992 -19.0624 64.2242
      vertex 0.195804 -18.2625 65.4636
      vertex -1.8226 -18.8894 64.3272
    endloop
  endfacet
  facet normal -0.105225 -0.782522 0.613667
    outer loop
      vertex -2.28852 -18.2822 64.8135
      vertex -0.310775 -17.6023 66.0196
      vertex -2.35269 -18.1986 64.9091
    endloop
  endfacet
  facet normal -0.105577 -0.782174 0.61405
    outer loop
      vertex -0.310775 -17.6023 66.0196
      vertex -2.28852 -18.2822 64.8135
      vertex -0.197234 -17.7503 65.8506
    endloop
  endfacet
  facet normal -0.321503 -0.500657 0.803728
    outer loop
      vertex 0.340082 -18.4505 65.3788
      vertex -1.24379 -19.6438 64.0019
      vertex 0.488725 -18.6442 65.3176
    endloop
  endfacet
  facet normal -0.321924 -0.500218 0.803833
    outer loop
      vertex -1.24379 -19.6438 64.0019
      vertex 0.340082 -18.4505 65.3788
      vertex -1.32779 -19.5343 64.0364
    endloop
  endfacet
  facet normal -0.419537 -0.372964 0.827579
    outer loop
      vertex -0.866331 -20.1357 63.9338
      vertex 0.640303 -18.8418 65.2807
      vertex -1.01294 -19.9446 63.9456
    endloop
  endfacet
  facet normal -0.7829 0.100596 0.613961
    outer loop
      vertex 0.901771 -22.4399 65.071
      vertex 1.89748 -20.4802 66.0196
      vertex 0.793014 -22.2982 64.9091
    endloop
  endfacet
  facet normal -0.782877 0.100529 0.614001
    outer loop
      vertex 0.728848 -22.2145 64.8135
      vertex 1.89748 -20.4802 66.0196
      vertex 1.78394 -20.3322 65.8506
    endloop
  endfacet
  facet normal -0.783016 0.100774 0.613784
    outer loop
      vertex 1.89748 -20.4802 66.0196
      vertex 0.728848 -22.2145 64.8135
      vertex 0.793014 -22.2982 64.9091
    endloop
  endfacet
  facet normal -0.659702 -0.0599695 0.749131
    outer loop
      vertex 0.262932 -21.6074 64.3272
      vertex 1.3909 -19.82 65.4636
      vertex 0.130243 -21.4344 64.2242
    endloop
  endfacet
  facet normal -0.518099 -0.24449 0.819633
    outer loop
      vertex -0.401544 -20.7414 63.981
      vertex 1.09798 -19.4382 65.3176
      vertex 0.946404 -19.2407 65.2807
    endloop
  endfacet
  facet normal -0.518238 -0.244298 0.819602
    outer loop
      vertex 1.09798 -19.4382 65.3176
      vertex -0.401544 -20.7414 63.981
      vertex -0.315882 -20.853 64.0019
    endloop
  endfacet
  facet normal -0.468903 -0.308622 0.827576
    outer loop
      vertex -0.546737 -20.5522 63.9456
      vertex 0.946404 -19.2407 65.2807
      vertex -0.693341 -20.3611 63.9338
    endloop
  endfacet
  facet normal -0.849362 0.187202 0.493498
    outer loop
      vertex 1.19753 -22.8253 65.663
      vertex 2.09167 -20.7332 66.4083
      vertex 1.11009 -22.7114 65.4693
    endloop
  endfacet
  facet normal -0.876812 0.222977 0.426007
    outer loop
      vertex 1.19753 -22.8253 65.663
      vertex 2.17045 -20.8359 66.6242
      vertex 2.09167 -20.7332 66.4083
    endloop
  endfacet
  facet normal -0.876779 0.222911 0.426109
    outer loop
      vertex 2.17045 -20.8359 66.6242
      vertex 1.19753 -22.8253 65.663
      vertex 1.24205 -22.8834 65.785
    endloop
  endfacet
  facet normal -0.90017 0.253417 0.354222
    outer loop
      vertex 1.31751 -22.9817 65.9918
      vertex 2.23597 -20.9213 66.8518
      vertex 2.17045 -20.8359 66.6242
    endloop
  endfacet
  facet normal -0.900153 0.25338 0.354292
    outer loop
      vertex 2.23597 -20.9213 66.8518
      vertex 1.31751 -22.9817 65.9918
      vertex 1.35453 -23.03 66.1204
    endloop
  endfacet
  facet normal -0.943117 0.309386 0.121697
    outer loop
      vertex 1.56533 -23.3047 67.2119
      vertex 2.32482 -21.0371 67.3329
      vertex 1.55262 -23.2881 67.0712
    endloop
  endfacet
  facet normal -0.943128 0.309395 0.121591
    outer loop
      vertex 2.32482 -21.0371 67.3329
      vertex 1.56533 -23.3047 67.2119
      vertex 2.34731 -21.0664 67.5819
    endloop
  endfacet
  facet normal -0.0704429 -0.827885 -0.556457
    outer loop
      vertex -0.310775 -17.6023 69.6471
      vertex -2.46144 -18.0569 70.5957
      vertex -2.56002 -17.9284 70.417
    endloop
  endfacet
  facet normal -0.0390433 -0.868809 -0.493605
    outer loop
      vertex -0.504964 -17.3492 69.2584
      vertex -2.61817 -17.8526 70.3116
      vertex -2.66976 -17.7854 70.1974
    endloop
  endfacet
  facet normal -0.0391721 -0.868689 -0.493806
    outer loop
      vertex -2.61817 -17.8526 70.3116
      vertex -0.504964 -17.3492 69.2584
      vertex -0.413681 -17.4682 69.4605
    endloop
  endfacet
  facet normal 0.0117011 -0.934972 -0.354529
    outer loop
      vertex -2.91421 -17.4668 69.5463
      vertex -0.583743 -17.2466 69.0425
      vertex -2.87718 -17.5151 69.6749
    endloop
  endfacet
  facet normal 0.0117718 -0.935077 -0.354248
    outer loop
      vertex -0.583743 -17.2466 69.0425
      vertex -2.91421 -17.4668 69.5463
      vertex -0.64926 -17.1612 68.8149
    endloop
  endfacet
  facet normal 0.0117692 -0.935075 -0.354255
    outer loop
      vertex -0.64926 -17.1612 68.8149
      vertex -2.91421 -17.4668 69.5463
      vertex -2.97696 -17.385 69.3283
    endloop
  endfacet
  facet normal 0.0451218 -0.978518 -0.201165
    outer loop
      vertex -0.738116 -17.0454 68.3337
      vertex -3.09125 -17.2361 68.7335
      vertex -3.11229 -17.2087 68.5955
    endloop
  endfacet
  facet normal 0.045112 -0.978507 -0.201217
    outer loop
      vertex -3.09125 -17.2361 68.7335
      vertex -0.738116 -17.0454 68.3337
      vertex -0.700883 -17.0939 68.5779
    endloop
  endfacet
  facet normal -0.143713 -0.732453 -0.665477
    outer loop
      vertex -0.0741545 -17.9107 69.966
      vertex -2.10107 -18.5265 71.0815
      vertex -2.21896 -18.3729 70.9379
    endloop
  endfacet
  facet normal -0.370114 -0.437377 -0.819583
    outer loop
      vertex -1.15813 -19.7554 71.6857
      vertex 0.488725 -18.6442 70.349
      vertex 0.640303 -18.8418 70.386
    endloop
  endfacet
  facet normal -0.370017 -0.437496 -0.819564
    outer loop
      vertex 0.488725 -18.6442 70.349
      vertex -1.15813 -19.7554 71.6857
      vertex -1.24379 -19.6438 71.6648
    endloop
  endfacet
  facet normal -0.419537 -0.372964 -0.827579
    outer loop
      vertex 0.640303 -18.8418 70.386
      vertex -0.866331 -20.1357 71.7329
      vertex -1.01294 -19.9446 71.7211
    endloop
  endfacet
  facet normal -0.876812 0.222977 -0.426007
    outer loop
      vertex 2.17045 -20.8359 69.0425
      vertex 1.19753 -22.8253 70.0037
      vertex 2.09167 -20.7332 69.2584
    endloop
  endfacet
  facet normal -0.876779 0.222911 -0.426109
    outer loop
      vertex 1.19753 -22.8253 70.0037
      vertex 2.17045 -20.8359 69.0425
      vertex 1.24205 -22.8834 69.8817
    endloop
  endfacet
  facet normal -0.90017 0.253417 -0.354222
    outer loop
      vertex 2.23597 -20.9213 68.8149
      vertex 1.31751 -22.9817 69.6749
      vertex 2.17045 -20.8359 69.0425
    endloop
  endfacet
  facet normal -0.900153 0.25338 -0.354292
    outer loop
      vertex 1.31751 -22.9817 69.6749
      vertex 2.23597 -20.9213 68.8149
      vertex 1.35453 -23.03 69.5463
    endloop
  endfacet
  facet normal -0.876833 0.223 -0.425951
    outer loop
      vertex 2.17045 -20.8359 69.0425
      vertex 1.31751 -22.9817 69.6749
      vertex 1.24205 -22.8834 69.8817
    endloop
  endfacet
  facet normal -0.919082 0.278068 -0.279225
    outer loop
      vertex 2.23597 -20.9213 68.8149
      vertex 1.46674 -23.1762 69.1013
      vertex 1.41729 -23.1117 69.3283
    endloop
  endfacet
  facet normal -0.9191 0.278083 -0.279152
    outer loop
      vertex 2.28759 -20.9886 68.5779
      vertex 1.46674 -23.1762 69.1013
      vertex 2.23597 -20.9213 68.8149
    endloop
  endfacet
  facet normal -0.919139 0.278144 -0.278961
    outer loop
      vertex 1.46674 -23.1762 69.1013
      vertex 2.28759 -20.9886 68.5779
      vertex 1.49591 -23.2142 68.9673
    endloop
  endfacet
  facet normal -0.703558 -0.00279306 -0.710633
    outer loop
      vertex 1.52943 -20.0005 70.0955
      vertex 0.467115 -21.8734 71.1546
      vertex 0.341217 -21.7094 71.2786
    endloop
  endfacet
  facet normal -0.659767 -0.0598599 -0.749082
    outer loop
      vertex 0.262932 -21.6074 71.3394
      vertex 1.52943 -20.0005 70.0955
      vertex 0.341217 -21.7094 71.2786
    endloop
  endfacet
  facet normal -0.659785 -0.0598354 -0.749068
    outer loop
      vertex 1.52943 -20.0005 70.0955
      vertex 0.262932 -21.6074 71.3394
      vertex 1.3909 -19.82 70.2031
    endloop
  endfacet
  facet normal -0.744626 0.0506851 -0.665555
    outer loop
      vertex 1.66086 -20.1718 69.966
      vertex 0.65929 -22.1239 70.9379
      vertex 0.541394 -21.9703 71.0815
    endloop
  endfacet
  facet normal -0.614298 -0.119083 -0.780037
    outer loop
      vertex -0.0894954 -21.1481 71.5717
      vertex 1.3909 -19.82 70.2031
      vertex -0.00795787 -21.2543 71.5237
    endloop
  endfacet
  facet normal -0.614107 -0.119402 -0.780139
    outer loop
      vertex 1.3909 -19.82 70.2031
      vertex -0.0894954 -21.1481 71.5717
      vertex 1.24662 -19.632 70.2879
    endloop
  endfacet
  facet normal -0.614053 -0.119448 -0.780174
    outer loop
      vertex 1.3909 -19.82 70.2031
      vertex 0.130243 -21.4344 71.4425
      vertex -0.00795787 -21.2543 71.5237
    endloop
  endfacet
  facet normal -0.933482 0.29682 -0.201267
    outer loop
      vertex 2.32482 -21.0371 68.3337
      vertex 1.53158 -23.2607 68.7335
      vertex 2.28759 -20.9886 68.5779
    endloop
  endfacet
  facet normal -0.933484 0.296822 -0.201257
    outer loop
      vertex 1.53158 -23.2607 68.7335
      vertex 2.32482 -21.0371 68.3337
      vertex 1.55262 -23.2881 68.5955
    endloop
  endfacet
  facet normal 0.0547258 -0.991056 0.121708
    outer loop
      vertex -3.125 -17.1921 67.2119
      vertex -0.760601 -17.0161 67.5819
      vertex -3.14654 -17.164 67.4504
    endloop
  endfacet
  facet normal -0.793517 -0.608548 -7.51429e-06
    outer loop
      vertex -0.748484 -17.0319 67.5839
      vertex -0.768119 -17.0063 67.8333
      vertex -0.760601 -17.0161 67.5819
    endloop
  endfacet
  facet normal -0.793968 -0.60796 0.000103373
    outer loop
      vertex -0.748484 -17.0319 68.0828
      vertex -0.768119 -17.0063 67.8333
      vertex -0.755944 -17.0222 67.8333
    endloop
  endfacet
  facet normal -0.793968 -0.60796 -0.000103414
    outer loop
      vertex -0.768119 -17.0063 67.8333
      vertex -0.748484 -17.0319 67.5839
      vertex -0.755944 -17.0222 67.8333
    endloop
  endfacet
  facet normal -0.794052 -0.60785 -0.000177669
    outer loop
      vertex -0.726175 -17.061 67.3368
      vertex -0.760601 -17.0161 67.5819
      vertex -0.738116 -17.0454 67.3329
    endloop
  endfacet
  facet normal -0.793519 -0.608546 2.45322e-05
    outer loop
      vertex -0.760601 -17.0161 67.5819
      vertex -0.726175 -17.061 67.3368
      vertex -0.748484 -17.0319 67.5839
    endloop
  endfacet
  facet normal -0.793633 -0.608396 -0.0001726
    outer loop
      vertex -0.689232 -17.1091 67.0946
      vertex -0.738116 -17.0454 67.3329
      vertex -0.700883 -17.0939 67.0888
    endloop
  endfacet
  facet normal -0.794026 -0.607884 -0.000390155
    outer loop
      vertex -0.738116 -17.0454 67.3329
      vertex -0.689232 -17.1091 67.0946
      vertex -0.726175 -17.061 67.3368
    endloop
  endfacet
  facet normal -0.792314 -0.610113 0.000670669
    outer loop
      vertex -0.638011 -17.1758 66.8594
      vertex -0.700883 -17.0939 67.0888
      vertex -0.64926 -17.1612 66.8518
    endloop
  endfacet
  facet normal -0.793612 -0.608424 -0.000287947
    outer loop
      vertex -0.700883 -17.0939 67.0888
      vertex -0.638011 -17.1758 66.8594
      vertex -0.689232 -17.1091 67.0946
    endloop
  endfacet
  facet normal -0.793465 -0.608616 -4.2327e-05
    outer loop
      vertex -0.573005 -17.2606 66.6336
      vertex -0.64926 -17.1612 66.8518
      vertex -0.583743 -17.2466 66.6242
    endloop
  endfacet
  facet normal -0.79239 -0.610015 0.000970613
    outer loop
      vertex -0.64926 -17.1612 66.8518
      vertex -0.573005 -17.2606 66.6336
      vertex -0.638011 -17.1758 66.8594
    endloop
  endfacet
  facet normal -0.793417 -0.608678 -0.000251229
    outer loop
      vertex -0.494841 -17.3624 66.4194
      vertex -0.583743 -17.2466 66.6242
      vertex -0.504964 -17.3492 66.4083
    endloop
  endfacet
  facet normal -0.793403 -0.608697 -0.000234187
    outer loop
      vertex -0.583743 -17.2466 66.6242
      vertex -0.494841 -17.3624 66.4194
      vertex -0.573005 -17.2606 66.6336
    endloop
  endfacet
  facet normal -0.793914 -0.60803 -0.000570244
    outer loop
      vertex -0.40427 -17.4805 66.2188
      vertex -0.504964 -17.3492 66.4083
      vertex -0.413681 -17.4682 66.2061
    endloop
  endfacet
  facet normal -0.793518 -0.608546 -2.18482e-06
    outer loop
      vertex -0.504964 -17.3492 66.4083
      vertex -0.40427 -17.4805 66.2188
      vertex -0.494841 -17.3624 66.4194
    endloop
  endfacet
  facet normal -0.793057 -0.609147 0.000409281
    outer loop
      vertex -0.302165 -17.6135 66.0337
      vertex -0.413681 -17.4682 66.2061
      vertex -0.310775 -17.6023 66.0196
    endloop
  endfacet
  facet normal -0.793776 -0.608209 -0.000846351
    outer loop
      vertex -0.413681 -17.4682 66.2061
      vertex -0.302165 -17.6135 66.0337
      vertex -0.40427 -17.4805 66.2188
    endloop
  endfacet
  facet normal -0.792576 -0.609771 0.00151638
    outer loop
      vertex -0.189511 -17.7603 65.866
      vertex -0.310775 -17.6023 66.0196
      vertex -0.197234 -17.7503 65.8506
    endloop
  endfacet
  facet normal -0.79308 -0.609118 0.000446586
    outer loop
      vertex -0.310775 -17.6023 66.0196
      vertex -0.189511 -17.7603 65.866
      vertex -0.302165 -17.6135 66.0337
    endloop
  endfacet
  facet normal -0.793184 -0.608982 0.000374039
    outer loop
      vertex -0.0673903 -17.9195 65.7172
      vertex -0.197234 -17.7503 65.8506
      vertex -0.0741545 -17.9107 65.7006
    endloop
  endfacet
  facet normal -0.792689 -0.609624 0.00166893
    outer loop
      vertex -0.197234 -17.7503 65.8506
      vertex -0.0673903 -17.9195 65.7172
      vertex -0.189511 -17.7603 65.866
    endloop
  endfacet
  facet normal -0.792602 -0.609735 0.00210334
    outer loop
      vertex 0.0630197 -18.0894 65.5888
      vertex -0.0741545 -17.9107 65.7006
      vertex 0.0572803 -18.082 65.5712
    endloop
  endfacet
  facet normal -0.793141 -0.609038 0.00032719
    outer loop
      vertex -0.0741545 -17.9107 65.7006
      vertex 0.0630197 -18.0894 65.5888
      vertex -0.0673903 -17.9195 65.7172
    endloop
  endfacet
  facet normal -0.793539 -0.608518 -0.000803362
    outer loop
      vertex 0.200463 -18.2686 65.4821
      vertex 0.0572803 -18.082 65.5712
      vertex 0.195804 -18.2625 65.4636
    endloop
  endfacet
  facet normal -0.792823 -0.609448 0.00229595
    outer loop
      vertex 0.0572803 -18.082 65.5712
      vertex 0.200463 -18.2686 65.4821
      vertex 0.0630197 -18.0894 65.5888
    endloop
  endfacet
  facet normal -0.793281 -0.608856 0.000142121
    outer loop
      vertex 0.343616 -18.4551 65.3979
      vertex 0.195804 -18.2625 65.4636
      vertex 0.340082 -18.4505 65.3788
    endloop
  endfacet
  facet normal -0.793446 -0.608639 -0.000866695
    outer loop
      vertex 0.195804 -18.2625 65.4636
      vertex 0.343616 -18.4551 65.3979
      vertex 0.200463 -18.2686 65.4821
    endloop
  endfacet
  facet normal -0.793353 -0.608762 -0.000150422
    outer loop
      vertex 0.4911 -18.6473 65.3372
      vertex 0.340082 -18.4505 65.3788
      vertex 0.488725 -18.6442 65.3176
    endloop
  endfacet
  facet normal -0.793321 -0.608803 0.00016235
    outer loop
      vertex 0.340082 -18.4505 65.3788
      vertex 0.4911 -18.6473 65.3372
      vertex 0.343616 -18.4551 65.3979
    endloop
  endfacet
  facet normal -0.793291 -0.608841 0.00166509
    outer loop
      vertex 0.641496 -18.8433 65.3006
      vertex 0.488725 -18.6442 65.3176
      vertex 0.640303 -18.8418 65.2807
    endloop
  endfacet
  facet normal -0.793367 -0.608744 -0.000145953
    outer loop
      vertex 0.488725 -18.6442 65.3176
      vertex 0.641496 -18.8433 65.3006
      vertex 0.4911 -18.6473 65.3372
    endloop
  endfacet
  facet normal -0.793267 -0.608874 -0
    outer loop
      vertex 0.793353 -19.0412 65.2883
      vertex 0.640303 -18.8418 65.2807
      vertex 0.793353 -19.0412 65.2683
    endloop
  endfacet
  facet normal -0.793296 -0.608833 0.00166597
    outer loop
      vertex 0.640303 -18.8418 65.2807
      vertex 0.793353 -19.0412 65.2883
      vertex 0.641496 -18.8433 65.3006
    endloop
  endfacet
  facet normal -0.793412 -0.608684 0
    outer loop
      vertex 0.946404 -19.2407 65.2807
      vertex 0.793353 -19.0412 65.2883
      vertex 0.793353 -19.0412 65.2683
    endloop
  endfacet
  facet normal -0.793386 -0.608717 0.00137876
    outer loop
      vertex 0.793353 -19.0412 65.2883
      vertex 0.946404 -19.2407 65.2807
      vertex 0.945211 -19.2391 65.3006
    endloop
  endfacet
  facet normal -0.79342 -0.608673 0.00137314
    outer loop
      vertex 1.09798 -19.4382 65.3176
      vertex 0.945211 -19.2391 65.3006
      vertex 0.946404 -19.2407 65.2807
    endloop
  endfacet
  facet normal -0.793379 -0.608728 0.000344407
    outer loop
      vertex 0.945211 -19.2391 65.3006
      vertex 1.09798 -19.4382 65.3176
      vertex 1.09561 -19.4351 65.3372
    endloop
  endfacet
  facet normal -0.793533 -0.608528 0.000294078
    outer loop
      vertex 1.24662 -19.632 65.3788
      vertex 1.09561 -19.4351 65.3372
      vertex 1.09798 -19.4382 65.3176
    endloop
  endfacet
  facet normal -0.7938 -0.608172 0.00294742
    outer loop
      vertex 1.09561 -19.4351 65.3372
      vertex 1.24662 -19.632 65.3788
      vertex 1.24309 -19.6273 65.3979
    endloop
  endfacet
  facet normal -0.793931 -0.608001 0.0028809
    outer loop
      vertex 1.3909 -19.82 65.4636
      vertex 1.24309 -19.6273 65.3979
      vertex 1.24662 -19.632 65.3788
    endloop
  endfacet
  facet normal -0.793581 -0.608464 0.000732203
    outer loop
      vertex 1.24309 -19.6273 65.3979
      vertex 1.3909 -19.82 65.4636
      vertex 1.38624 -19.8139 65.4821
    endloop
  endfacet
  facet normal -0.793518 -0.608546 0.000775126
    outer loop
      vertex 1.52943 -20.0005 65.5712
      vertex 1.38624 -19.8139 65.4821
      vertex 1.3909 -19.82 65.4636
    endloop
  endfacet
  facet normal -0.793471 -0.608608 0.000570348
    outer loop
      vertex 1.38624 -19.8139 65.4821
      vertex 1.52943 -20.0005 65.5712
      vertex 1.52369 -19.993 65.5888
    endloop
  endfacet
  facet normal -0.793561 -0.60849 0.000490428
    outer loop
      vertex 1.66086 -20.1718 65.7006
      vertex 1.52369 -19.993 65.5888
      vertex 1.52943 -20.0005 65.5712
    endloop
  endfacet
  facet normal -0.793317 -0.608809 -0.000319582
    outer loop
      vertex 1.52369 -19.993 65.5888
      vertex 1.66086 -20.1718 65.7006
      vertex 1.6541 -20.163 65.7172
    endloop
  endfacet
  facet normal -0.793244 -0.608904 -0.00023901
    outer loop
      vertex 1.78394 -20.3322 65.8506
      vertex 1.6541 -20.163 65.7172
      vertex 1.66086 -20.1718 65.7006
    endloop
  endfacet
  facet normal -0.793729 -0.608271 0.00103608
    outer loop
      vertex 1.6541 -20.163 65.7172
      vertex 1.78394 -20.3322 65.8506
      vertex 1.77622 -20.3221 65.866
    endloop
  endfacet
  facet normal -0.793877 -0.608078 0.000835282
    outer loop
      vertex 1.89748 -20.4802 66.0196
      vertex 1.77622 -20.3221 65.866
      vertex 1.78394 -20.3322 65.8506
    endloop
  endfacet
  facet normal -0.794329 -0.607485 0.00180247
    outer loop
      vertex 1.77622 -20.3221 65.866
      vertex 1.89748 -20.4802 66.0196
      vertex 1.88887 -20.4689 66.0337
    endloop
  endfacet
  facet normal -0.794424 -0.607362 0.00164557
    outer loop
      vertex 2.00039 -20.6143 66.2061
      vertex 1.88887 -20.4689 66.0337
      vertex 1.89748 -20.4802 66.0196
    endloop
  endfacet
  facet normal -0.793882 -0.608071 0.000696805
    outer loop
      vertex 1.88887 -20.4689 66.0337
      vertex 2.00039 -20.6143 66.2061
      vertex 1.99098 -20.602 66.2188
    endloop
  endfacet
  facet normal -0.793844 -0.608121 0.000773568
    outer loop
      vertex 2.09167 -20.7332 66.4083
      vertex 1.99098 -20.602 66.2188
      vertex 2.00039 -20.6143 66.2061
    endloop
  endfacet
  facet normal -0.793495 -0.608576 0.000273472
    outer loop
      vertex 1.99098 -20.602 66.2188
      vertex 2.09167 -20.7332 66.4083
      vertex 2.08155 -20.72 66.4194
    endloop
  endfacet
  facet normal -0.79356 -0.608492 0.000113768
    outer loop
      vertex 2.17045 -20.8359 66.6242
      vertex 2.08155 -20.72 66.4194
      vertex 2.09167 -20.7332 66.4083
    endloop
  endfacet
  facet normal -0.793435 -0.608655 -3.32882e-05
    outer loop
      vertex 2.08155 -20.72 66.4194
      vertex 2.17045 -20.8359 66.6242
      vertex 2.15971 -20.8219 66.6336
    endloop
  endfacet
  facet normal -0.793418 -0.608677 1.67071e-05
    outer loop
      vertex 2.23597 -20.9213 66.8518
      vertex 2.15971 -20.8219 66.6336
      vertex 2.17045 -20.8359 66.6242
    endloop
  endfacet
  facet normal -0.793989 -0.607932 0.000555374
    outer loop
      vertex 2.15971 -20.8219 66.6336
      vertex 2.23597 -20.9213 66.8518
      vertex 2.22472 -20.9066 66.8594
    endloop
  endfacet
  facet normal -0.794044 -0.60786 0.000335673
    outer loop
      vertex 2.28759 -20.9886 67.0888
      vertex 2.22472 -20.9066 66.8594
      vertex 2.23597 -20.9213 66.8518
    endloop
  endfacet
  facet normal -0.793678 -0.608338 6.48967e-05
    outer loop
      vertex 2.22472 -20.9066 66.8594
      vertex 2.28759 -20.9886 67.0888
      vertex 2.27594 -20.9734 67.0946
    endloop
  endfacet
  facet normal -0.793658 -0.608364 0.000173182
    outer loop
      vertex 2.32482 -21.0371 67.3329
      vertex 2.27594 -20.9734 67.0946
      vertex 2.28759 -20.9886 67.0888
    endloop
  endfacet
  facet normal -0.794051 -0.607852 0.000390427
    outer loop
      vertex 2.27594 -20.9734 67.0946
      vertex 2.32482 -21.0371 67.3329
      vertex 2.31288 -21.0215 67.3368
    endloop
  endfacet
  facet normal -0.794074 -0.607822 0.000198982
    outer loop
      vertex 2.34731 -21.0664 67.5819
      vertex 2.31288 -21.0215 67.3368
      vertex 2.32482 -21.0371 67.3329
    endloop
  endfacet
  facet normal -0.793444 -0.608643 7.9509e-06
    outer loop
      vertex 2.35483 -21.0762 67.8333
      vertex 2.33519 -21.0506 67.5839
      vertex 2.34731 -21.0664 67.5819
    endloop
  endfacet
  facet normal -0.793447 -0.608639 -3.88475e-05
    outer loop
      vertex 2.31288 -21.0215 67.3368
      vertex 2.34731 -21.0664 67.5819
      vertex 2.33519 -21.0506 67.5839
    endloop
  endfacet
  facet normal -0.793517 -0.608548 7.51614e-06
    outer loop
      vertex -0.768119 -17.0063 67.8333
      vertex -0.748484 -17.0319 68.0828
      vertex -0.760601 -17.0161 68.0847
    endloop
  endfacet
  facet normal -0.793519 -0.608546 -2.45601e-05
    outer loop
      vertex -0.726175 -17.061 68.3298
      vertex -0.760601 -17.0161 68.0847
      vertex -0.748484 -17.0319 68.0828
    endloop
  endfacet
  facet normal -0.794052 -0.60785 0.000177669
    outer loop
      vertex -0.760601 -17.0161 68.0847
      vertex -0.726175 -17.061 68.3298
      vertex -0.738116 -17.0454 68.3337
    endloop
  endfacet
  facet normal -0.794026 -0.607884 0.000390001
    outer loop
      vertex -0.689232 -17.1091 68.5721
      vertex -0.738116 -17.0454 68.3337
      vertex -0.726175 -17.061 68.3298
    endloop
  endfacet
  facet normal -0.793633 -0.608396 0.000172534
    outer loop
      vertex -0.738116 -17.0454 68.3337
      vertex -0.689232 -17.1091 68.5721
      vertex -0.700883 -17.0939 68.5779
    endloop
  endfacet
  facet normal -0.793612 -0.608424 0.000287947
    outer loop
      vertex -0.638011 -17.1758 68.8073
      vertex -0.700883 -17.0939 68.5779
      vertex -0.689232 -17.1091 68.5721
    endloop
  endfacet
  facet normal -0.792314 -0.610113 -0.000670669
    outer loop
      vertex -0.700883 -17.0939 68.5779
      vertex -0.638011 -17.1758 68.8073
      vertex -0.64926 -17.1612 68.8149
    endloop
  endfacet
  facet normal -0.79239 -0.610015 -0.000970972
    outer loop
      vertex -0.573005 -17.2606 69.033
      vertex -0.64926 -17.1612 68.8149
      vertex -0.638011 -17.1758 68.8073
    endloop
  endfacet
  facet normal -0.793465 -0.608616 4.22366e-05
    outer loop
      vertex -0.64926 -17.1612 68.8149
      vertex -0.573005 -17.2606 69.033
      vertex -0.583743 -17.2466 69.0425
    endloop
  endfacet
  facet normal -0.793402 -0.608698 0.000233503
    outer loop
      vertex -0.494841 -17.3624 69.2473
      vertex -0.583743 -17.2466 69.0425
      vertex -0.573005 -17.2606 69.033
    endloop
  endfacet
  facet normal -0.793417 -0.608678 0.000251229
    outer loop
      vertex -0.583743 -17.2466 69.0425
      vertex -0.494841 -17.3624 69.2473
      vertex -0.504964 -17.3492 69.2584
    endloop
  endfacet
  facet normal -0.793518 -0.608546 2.18482e-06
    outer loop
      vertex -0.40427 -17.4805 69.4479
      vertex -0.504964 -17.3492 69.2584
      vertex -0.494841 -17.3624 69.2473
    endloop
  endfacet
  facet normal -0.793915 -0.608028 0.000572124
    outer loop
      vertex -0.504964 -17.3492 69.2584
      vertex -0.40427 -17.4805 69.4479
      vertex -0.413681 -17.4682 69.4605
    endloop
  endfacet
  facet normal -0.793778 -0.608207 0.000849465
    outer loop
      vertex -0.302165 -17.6135 69.6329
      vertex -0.413681 -17.4682 69.4605
      vertex -0.40427 -17.4805 69.4479
    endloop
  endfacet
  facet normal -0.793058 -0.609146 -0.000407793
    outer loop
      vertex -0.413681 -17.4682 69.4605
      vertex -0.302165 -17.6135 69.6329
      vertex -0.310775 -17.6023 69.6471
    endloop
  endfacet
  facet normal -0.793081 -0.609117 -0.000444932
    outer loop
      vertex -0.189511 -17.7603 69.8006
      vertex -0.310775 -17.6023 69.6471
      vertex -0.302165 -17.6135 69.6329
    endloop
  endfacet
  facet normal -0.792579 -0.609767 -0.00151075
    outer loop
      vertex -0.310775 -17.6023 69.6471
      vertex -0.189511 -17.7603 69.8006
      vertex -0.197234 -17.7503 69.8161
    endloop
  endfacet
  facet normal -0.792692 -0.60962 -0.00166222
    outer loop
      vertex -0.0673903 -17.9195 69.9494
      vertex -0.197234 -17.7503 69.8161
      vertex -0.189511 -17.7603 69.8006
    endloop
  endfacet
  facet normal -0.793184 -0.608982 -0.000374122
    outer loop
      vertex -0.197234 -17.7503 69.8161
      vertex -0.0673903 -17.9195 69.9494
      vertex -0.0741545 -17.9107 69.966
    endloop
  endfacet
  facet normal -0.793141 -0.609038 -0.00032719
    outer loop
      vertex 0.0630197 -18.0894 70.0778
      vertex -0.0741545 -17.9107 69.966
      vertex -0.0673903 -17.9195 69.9494
    endloop
  endfacet
  facet normal -0.792605 -0.609732 -0.00209392
    outer loop
      vertex -0.0741545 -17.9107 69.966
      vertex 0.0630197 -18.0894 70.0778
      vertex 0.0572803 -18.082 70.0955
    endloop
  endfacet
  facet normal -0.792825 -0.609445 -0.00228514
    outer loop
      vertex 0.200463 -18.2686 70.1846
      vertex 0.0572803 -18.082 70.0955
      vertex 0.0630197 -18.0894 70.0778
    endloop
  endfacet
  facet normal -0.793539 -0.608518 0.000803362
    outer loop
      vertex 0.0572803 -18.082 70.0955
      vertex 0.200463 -18.2686 70.1846
      vertex 0.195804 -18.2625 70.2031
    endloop
  endfacet
  facet normal -0.793446 -0.60864 0.000866828
    outer loop
      vertex 0.343616 -18.4551 70.2687
      vertex 0.195804 -18.2625 70.2031
      vertex 0.200463 -18.2686 70.1846
    endloop
  endfacet
  facet normal -0.793281 -0.608856 -0.000141453
    outer loop
      vertex 0.195804 -18.2625 70.2031
      vertex 0.343616 -18.4551 70.2687
      vertex 0.340082 -18.4505 70.2879
    endloop
  endfacet
  facet normal -0.793321 -0.608803 -0.000161564
    outer loop
      vertex 0.4911 -18.6473 70.3294
      vertex 0.340082 -18.4505 70.2879
      vertex 0.343616 -18.4551 70.2687
    endloop
  endfacet
  facet normal -0.793353 -0.608762 0.000150433
    outer loop
      vertex 0.340082 -18.4505 70.2879
      vertex 0.4911 -18.6473 70.3294
      vertex 0.488725 -18.6442 70.349
    endloop
  endfacet
  facet normal -0.793367 -0.608744 0.000145942
    outer loop
      vertex 0.641496 -18.8433 70.3661
      vertex 0.488725 -18.6442 70.349
      vertex 0.4911 -18.6473 70.3294
    endloop
  endfacet
  facet normal -0.79329 -0.608841 -0.00166502
    outer loop
      vertex 0.488725 -18.6442 70.349
      vertex 0.641496 -18.8433 70.3661
      vertex 0.640303 -18.8418 70.386
    endloop
  endfacet
  facet normal -0.793297 -0.608833 -0.00166603
    outer loop
      vertex 0.793353 -19.0412 70.3783
      vertex 0.640303 -18.8418 70.386
      vertex 0.641496 -18.8433 70.3661
    endloop
  endfacet
  facet normal -0.793267 -0.608874 0
    outer loop
      vertex 0.793353 -19.0412 70.3783
      vertex 0.793353 -19.0412 70.3983
      vertex 0.640303 -18.8418 70.386
    endloop
  endfacet
  facet normal -0.793386 -0.608717 -0.00137882
    outer loop
      vertex 0.946404 -19.2407 70.386
      vertex 0.793353 -19.0412 70.3783
      vertex 0.945211 -19.2391 70.3661
    endloop
  endfacet
  facet normal -0.793412 -0.608684 0
    outer loop
      vertex 0.793353 -19.0412 70.3783
      vertex 0.946404 -19.2407 70.386
      vertex 0.793353 -19.0412 70.3983
    endloop
  endfacet
  facet normal -0.793379 -0.608728 -0.00034438
    outer loop
      vertex 1.09798 -19.4382 70.349
      vertex 0.945211 -19.2391 70.3661
      vertex 1.09561 -19.4351 70.3294
    endloop
  endfacet
  facet normal -0.793421 -0.608672 -0.00137309
    outer loop
      vertex 0.945211 -19.2391 70.3661
      vertex 1.09798 -19.4382 70.349
      vertex 0.946404 -19.2407 70.386
    endloop
  endfacet
  facet normal -0.793798 -0.608175 -0.00293317
    outer loop
      vertex 1.24662 -19.632 70.2879
      vertex 1.09561 -19.4351 70.3294
      vertex 1.24309 -19.6273 70.2687
    endloop
  endfacet
  facet normal -0.793532 -0.608528 -0.000294101
    outer loop
      vertex 1.09561 -19.4351 70.3294
      vertex 1.24662 -19.632 70.2879
      vertex 1.09798 -19.4382 70.349
    endloop
  endfacet
  facet normal -0.793581 -0.608465 -0.000732316
    outer loop
      vertex 1.3909 -19.82 70.2031
      vertex 1.24309 -19.6273 70.2687
      vertex 1.38624 -19.8139 70.1846
    endloop
  endfacet
  facet normal -0.793928 -0.608004 -0.00286738
    outer loop
      vertex 1.24309 -19.6273 70.2687
      vertex 1.3909 -19.82 70.2031
      vertex 1.24662 -19.632 70.2879
    endloop
  endfacet
  facet normal -0.79347 -0.608609 -0.000567668
    outer loop
      vertex 1.52943 -20.0005 70.0955
      vertex 1.38624 -19.8139 70.1846
      vertex 1.52369 -19.993 70.0778
    endloop
  endfacet
  facet normal -0.793518 -0.608546 -0.000775126
    outer loop
      vertex 1.38624 -19.8139 70.1846
      vertex 1.52943 -20.0005 70.0955
      vertex 1.3909 -19.82 70.2031
    endloop
  endfacet
  facet normal -0.793317 -0.608809 0.000319582
    outer loop
      vertex 1.66086 -20.1718 69.966
      vertex 1.52369 -19.993 70.0778
      vertex 1.6541 -20.163 69.9494
    endloop
  endfacet
  facet normal -0.793561 -0.608491 -0.000488237
    outer loop
      vertex 1.52369 -19.993 70.0778
      vertex 1.66086 -20.1718 69.966
      vertex 1.52943 -20.0005 70.0955
    endloop
  endfacet
  facet normal -0.793727 -0.608274 -0.00103192
    outer loop
      vertex 1.78394 -20.3322 69.8161
      vertex 1.6541 -20.163 69.9494
      vertex 1.77622 -20.3221 69.8006
    endloop
  endfacet
  facet normal -0.793244 -0.608904 0.000239063
    outer loop
      vertex 1.6541 -20.163 69.9494
      vertex 1.78394 -20.3322 69.8161
      vertex 1.66086 -20.1718 69.966
    endloop
  endfacet
  facet normal -0.794325 -0.60749 -0.00179581
    outer loop
      vertex 1.89748 -20.4802 69.6471
      vertex 1.77622 -20.3221 69.8006
      vertex 1.88887 -20.4689 69.6329
    endloop
  endfacet
  facet normal -0.793875 -0.608081 -0.000832191
    outer loop
      vertex 1.77622 -20.3221 69.8006
      vertex 1.89748 -20.4802 69.6471
      vertex 1.78394 -20.3322 69.8161
    endloop
  endfacet
  facet normal -0.793883 -0.60807 -0.00069937
    outer loop
      vertex 2.00039 -20.6143 69.4605
      vertex 1.88887 -20.4689 69.6329
      vertex 1.99098 -20.602 69.4479
    endloop
  endfacet
  facet normal -0.79442 -0.607366 -0.0016396
    outer loop
      vertex 1.88887 -20.4689 69.6329
      vertex 2.00039 -20.6143 69.4605
      vertex 1.89748 -20.4802 69.6471
    endloop
  endfacet
  facet normal -0.793495 -0.608576 -0.000273472
    outer loop
      vertex 2.09167 -20.7332 69.2584
      vertex 1.99098 -20.602 69.4479
      vertex 2.08155 -20.72 69.2473
    endloop
  endfacet
  facet normal -0.793845 -0.608119 -0.000776117
    outer loop
      vertex 1.99098 -20.602 69.4479
      vertex 2.09167 -20.7332 69.2584
      vertex 2.00039 -20.6143 69.4605
    endloop
  endfacet
  facet normal -0.793435 -0.608655 3.3191e-05
    outer loop
      vertex 2.17045 -20.8359 69.0425
      vertex 2.08155 -20.72 69.2473
      vertex 2.15971 -20.8219 69.033
    endloop
  endfacet
  facet normal -0.79356 -0.608492 -0.000113768
    outer loop
      vertex 2.08155 -20.72 69.2473
      vertex 2.17045 -20.8359 69.0425
      vertex 2.09167 -20.7332 69.2584
    endloop
  endfacet
  facet normal -0.793989 -0.607932 -0.00055558
    outer loop
      vertex 2.23597 -20.9213 68.8149
      vertex 2.15971 -20.8219 69.033
      vertex 2.22472 -20.9066 68.8073
    endloop
  endfacet
  facet normal -0.793418 -0.608677 -1.66714e-05
    outer loop
      vertex 2.15971 -20.8219 69.033
      vertex 2.23597 -20.9213 68.8149
      vertex 2.17045 -20.8359 69.0425
    endloop
  endfacet
  facet normal -0.793678 -0.608338 -6.48967e-05
    outer loop
      vertex 2.28759 -20.9886 68.5779
      vertex 2.22472 -20.9066 68.8073
      vertex 2.27594 -20.9734 68.5721
    endloop
  endfacet
  facet normal -0.794044 -0.60786 -0.000335673
    outer loop
      vertex 2.22472 -20.9066 68.8073
      vertex 2.28759 -20.9886 68.5779
      vertex 2.23597 -20.9213 68.8149
    endloop
  endfacet
  facet normal -0.794051 -0.607852 -0.000390274
    outer loop
      vertex 2.32482 -21.0371 68.3337
      vertex 2.27594 -20.9734 68.5721
      vertex 2.31288 -21.0215 68.3298
    endloop
  endfacet
  facet normal -0.793658 -0.608364 -0.000173116
    outer loop
      vertex 2.27594 -20.9734 68.5721
      vertex 2.32482 -21.0371 68.3337
      vertex 2.28759 -20.9886 68.5779
    endloop
  endfacet
  facet normal -0.793447 -0.608639 3.88916e-05
    outer loop
      vertex 2.34731 -21.0664 68.0847
      vertex 2.31288 -21.0215 68.3298
      vertex 2.33519 -21.0506 68.0828
    endloop
  endfacet
  facet normal -0.794074 -0.607822 -0.000198982
    outer loop
      vertex 2.31288 -21.0215 68.3298
      vertex 2.34731 -21.0664 68.0847
      vertex 2.32482 -21.0371 68.3337
    endloop
  endfacet
  facet normal -0.793847 -0.608117 -9.36516e-05
    outer loop
      vertex 2.35483 -21.0762 67.8333
      vertex 2.33519 -21.0506 68.0828
      vertex 2.34265 -21.0603 67.8333
    endloop
  endfacet
  facet normal -0.793847 -0.608117 9.36891e-05
    outer loop
      vertex 2.33519 -21.0506 67.5839
      vertex 2.35483 -21.0762 67.8333
      vertex 2.34265 -21.0603 67.8333
    endloop
  endfacet
  facet normal -0.793444 -0.608643 -7.95285e-06
    outer loop
      vertex 2.33519 -21.0506 68.0828
      vertex 2.35483 -21.0762 67.8333
      vertex 2.34731 -21.0664 68.0847
    endloop
  endfacet
  facet normal 0.0595954 -0.997377 0.0410879
    outer loop
      vertex -3.15374 -17.1547 67.6912
      vertex -0.768119 -17.0063 67.8333
      vertex -3.15799 -17.1491 67.8333
    endloop
  endfacet
  facet normal 0.0596217 -0.997392 0.040663
    outer loop
      vertex -0.768119 -17.0063 67.8333
      vertex -3.15374 -17.1547 67.6912
      vertex -0.760601 -17.0161 67.5819
    endloop
  endfacet
  facet normal 0.0307504 -0.959775 0.27908
    outer loop
      vertex -3.02641 -17.3206 66.5654
      vertex -0.700883 -17.0939 67.0888
      vertex -3.05559 -17.2826 66.6993
    endloop
  endfacet
  facet normal 0.0307143 -0.959735 0.279223
    outer loop
      vertex -0.700883 -17.0939 67.0888
      vertex -3.02641 -17.3206 66.5654
      vertex -0.64926 -17.1612 66.8518
    endloop
  endfacet
  facet normal 0.0307462 -0.959801 0.278994
    outer loop
      vertex -2.97696 -17.385 66.3384
      vertex -0.64926 -17.1612 66.8518
      vertex -3.02641 -17.3206 66.5654
    endloop
  endfacet
  facet normal -0.0115278 -0.904699 0.425896
    outer loop
      vertex -2.7572 -17.6714 65.663
      vertex -0.583743 -17.2466 66.6242
      vertex -2.80172 -17.6134 65.785
    endloop
  endfacet
  facet normal -0.0114633 -0.904756 0.425775
    outer loop
      vertex -0.583743 -17.2466 66.6242
      vertex -2.7572 -17.6714 65.663
      vertex -0.504964 -17.3492 66.4083
    endloop
  endfacet
  facet normal -0.0390772 -0.868773 0.493667
    outer loop
      vertex -2.66976 -17.7854 65.4693
      vertex -0.504964 -17.3492 66.4083
      vertex -2.7572 -17.6714 65.663
    endloop
  endfacet
  facet normal -0.0704884 -0.827864 0.556482
    outer loop
      vertex -2.56002 -17.9284 65.2496
      vertex -0.413681 -17.4682 66.2061
      vertex -2.61817 -17.8526 65.355
    endloop
  endfacet
  facet normal -0.0704519 -0.827908 0.556421
    outer loop
      vertex -0.413681 -17.4682 66.2061
      vertex -2.56002 -17.9284 65.2496
      vertex -0.310775 -17.6023 66.0196
    endloop
  endfacet
  facet normal -0.228548 -0.621897 0.749006
    outer loop
      vertex 0.0572803 -18.082 65.5712
      vertex -1.8226 -18.8894 64.3272
      vertex 0.195804 -18.2625 65.4636
    endloop
  endfacet
  facet normal -0.228249 -0.622265 0.748792
    outer loop
      vertex -1.8226 -18.8894 64.3272
      vertex 0.0572803 -18.082 65.5712
      vertex -1.90089 -18.7874 64.3881
    endloop
  endfacet
  facet normal -0.143689 -0.732446 0.665489
    outer loop
      vertex -2.10107 -18.5265 64.5852
      vertex -0.0741545 -17.9107 65.7006
      vertex -2.21896 -18.3729 64.7288
    endloop
  endfacet
  facet normal -0.321649 -0.500534 0.803746
    outer loop
      vertex -1.32779 -19.5343 64.0364
      vertex 0.340082 -18.4505 65.3788
      vertex -1.47018 -19.3487 64.095
    endloop
  endfacet
  facet normal -0.274228 -0.562334 0.780115
    outer loop
      vertex 0.195804 -18.2625 65.4636
      vertex -1.47018 -19.3487 64.095
      vertex 0.340082 -18.4505 65.3788
    endloop
  endfacet
  facet normal -0.274202 -0.562361 0.780105
    outer loop
      vertex -1.47018 -19.3487 64.095
      vertex 0.195804 -18.2625 65.4636
      vertex -1.55171 -19.2425 64.1429
    endloop
  endfacet
  facet normal -0.84936 0.187192 0.493505
    outer loop
      vertex 1.0585 -22.6442 65.355
      vertex 2.09167 -20.7332 66.4083
      vertex 2.00039 -20.6143 66.2061
    endloop
  endfacet
  facet normal -0.849381 0.187233 0.493452
    outer loop
      vertex 2.09167 -20.7332 66.4083
      vertex 1.0585 -22.6442 65.355
      vertex 1.11009 -22.7114 65.4693
    endloop
  endfacet
  facet normal -0.614107 -0.119402 0.780139
    outer loop
      vertex -0.0894954 -21.1481 64.095
      vertex 1.3909 -19.82 65.4636
      vertex 1.24662 -19.632 65.3788
    endloop
  endfacet
  facet normal -0.614023 -0.11954 0.780183
    outer loop
      vertex 1.3909 -19.82 65.4636
      vertex -0.0894954 -21.1481 64.095
      vertex -0.00795787 -21.2543 64.1429
    endloop
  endfacet
  facet normal -0.614243 -0.119212 0.78006
    outer loop
      vertex 0.130243 -21.4344 64.2242
      vertex 1.3909 -19.82 65.4636
      vertex -0.00795787 -21.2543 64.1429
    endloop
  endfacet
  facet normal -0.46905 -0.308404 0.827574
    outer loop
      vertex 0.793353 -19.0412 65.2683
      vertex -0.693341 -20.3611 63.9338
      vertex 0.946404 -19.2407 65.2807
    endloop
  endfacet
  facet normal -0.468961 -0.308515 0.827583
    outer loop
      vertex -0.693341 -20.3611 63.9338
      vertex 0.793353 -19.0412 65.2683
      vertex -0.779836 -20.2484 63.9268
    endloop
  endfacet
  facet normal -0.518228 -0.244342 0.819595
    outer loop
      vertex -0.401544 -20.7414 63.981
      vertex 0.946404 -19.2407 65.2807
      vertex -0.546737 -20.5522 63.9456
    endloop
  endfacet
  facet normal -0.0704884 -0.827864 -0.556482
    outer loop
      vertex -0.413681 -17.4682 69.4605
      vertex -2.56002 -17.9284 70.417
      vertex -2.61817 -17.8526 70.3116
    endloop
  endfacet
  facet normal -0.0703551 -0.828025 -0.55626
    outer loop
      vertex -2.56002 -17.9284 70.417
      vertex -0.413681 -17.4682 69.4605
      vertex -0.310775 -17.6023 69.6471
    endloop
  endfacet
  facet normal -0.0115067 -0.904721 -0.42585
    outer loop
      vertex -0.583743 -17.2466 69.0425
      vertex -2.80172 -17.6134 69.8817
      vertex -2.87718 -17.5151 69.6749
    endloop
  endfacet
  facet normal -0.0115278 -0.904699 -0.425896
    outer loop
      vertex -0.583743 -17.2466 69.0425
      vertex -2.7572 -17.6714 70.0037
      vertex -2.80172 -17.6134 69.8817
    endloop
  endfacet
  facet normal -0.0114633 -0.904756 -0.425775
    outer loop
      vertex -2.7572 -17.6714 70.0037
      vertex -0.583743 -17.2466 69.0425
      vertex -0.504964 -17.3492 69.2584
    endloop
  endfacet
  facet normal 0.0547369 -0.991046 -0.121783
    outer loop
      vertex -3.125 -17.1921 68.4547
      vertex -0.738116 -17.0454 68.3337
      vertex -3.11229 -17.2087 68.5955
    endloop
  endfacet
  facet normal 0.0547497 -0.991072 -0.121564
    outer loop
      vertex -0.738116 -17.0454 68.3337
      vertex -3.125 -17.1921 68.4547
      vertex -0.760601 -17.0161 68.0847
    endloop
  endfacet
  facet normal -0.18476 -0.678939 -0.710567
    outer loop
      vertex -2.02679 -18.6233 71.1546
      vertex -0.0741545 -17.9107 69.966
      vertex 0.0572803 -18.082 70.0955
    endloop
  endfacet
  facet normal -0.184971 -0.67868 -0.71076
    outer loop
      vertex -0.0741545 -17.9107 69.966
      vertex -2.02679 -18.6233 71.1546
      vertex -2.10107 -18.5265 71.0815
    endloop
  endfacet
  facet normal -0.184841 -0.678816 -0.710664
    outer loop
      vertex 0.0572803 -18.082 70.0955
      vertex -1.90089 -18.7874 71.2786
      vertex -2.02679 -18.6233 71.1546
    endloop
  endfacet
  facet normal -0.228523 -0.621887 -0.749022
    outer loop
      vertex -1.8226 -18.8894 71.3394
      vertex 0.0572803 -18.082 70.0955
      vertex 0.195804 -18.2625 70.2031
    endloop
  endfacet
  facet normal -0.228527 -0.621883 -0.749024
    outer loop
      vertex 0.0572803 -18.082 70.0955
      vertex -1.8226 -18.8894 71.3394
      vertex -1.90089 -18.7874 71.2786
    endloop
  endfacet
  facet normal -0.228609 -0.621759 -0.749102
    outer loop
      vertex 0.195804 -18.2625 70.2031
      vertex -1.68992 -19.0624 71.4425
      vertex -1.8226 -18.8894 71.3394
    endloop
  endfacet
  facet normal -0.419334 -0.373232 -0.827561
    outer loop
      vertex -0.866331 -20.1357 71.7329
      vertex 0.793353 -19.0412 70.3983
      vertex -0.779836 -20.2484 71.7399
    endloop
  endfacet
  facet normal -0.419484 -0.373025 -0.827578
    outer loop
      vertex 0.793353 -19.0412 70.3983
      vertex -0.866331 -20.1357 71.7329
      vertex 0.640303 -18.8418 70.386
    endloop
  endfacet
  facet normal -0.370118 -0.437371 -0.819585
    outer loop
      vertex 0.640303 -18.8418 70.386
      vertex -1.01294 -19.9446 71.7211
      vertex -1.15813 -19.7554 71.6857
    endloop
  endfacet
  facet normal -0.849291 0.187095 -0.493661
    outer loop
      vertex 2.09167 -20.7332 69.2584
      vertex 1.0585 -22.6442 70.3116
      vertex 2.00039 -20.6143 69.4605
    endloop
  endfacet
  facet normal -0.849265 0.187047 -0.493723
    outer loop
      vertex 1.0585 -22.6442 70.3116
      vertex 2.09167 -20.7332 69.2584
      vertex 1.11009 -22.7114 70.1974
    endloop
  endfacet
  facet normal -0.744602 0.0506579 -0.665584
    outer loop
      vertex 1.78394 -20.3322 69.8161
      vertex 0.65929 -22.1239 70.9379
      vertex 1.66086 -20.1718 69.966
    endloop
  endfacet
  facet normal -0.744798 0.0509321 -0.665343
    outer loop
      vertex 0.65929 -22.1239 70.9379
      vertex 1.78394 -20.3322 69.8161
      vertex 0.728848 -22.2145 70.8531
    endloop
  endfacet
  facet normal -0.782866 0.10055 -0.614012
    outer loop
      vertex 1.89748 -20.4802 69.6471
      vertex 0.728848 -22.2145 70.8531
      vertex 1.78394 -20.3322 69.8161
    endloop
  endfacet
  facet normal -0.782835 0.100495 -0.614061
    outer loop
      vertex 0.728848 -22.2145 70.8531
      vertex 1.89748 -20.4802 69.6471
      vertex 0.793014 -22.2982 70.7576
    endloop
  endfacet
  facet normal 0.0450981 -0.978471 0.201398
    outer loop
      vertex -3.05559 -17.2826 66.6993
      vertex -0.700883 -17.0939 67.0888
      vertex -3.09125 -17.2361 66.9332
    endloop
  endfacet
  facet normal 0.0451301 -0.978517 0.201166
    outer loop
      vertex -3.09125 -17.2361 66.9332
      vertex -0.738116 -17.0454 67.3329
      vertex -3.11229 -17.2087 67.0712
    endloop
  endfacet
  facet normal 0.045106 -0.978491 0.201296
    outer loop
      vertex -0.738116 -17.0454 67.3329
      vertex -3.09125 -17.2361 66.9332
      vertex -0.700883 -17.0939 67.0888
    endloop
  endfacet
  facet normal -0.184914 -0.67875 0.710708
    outer loop
      vertex -0.0741545 -17.9107 65.7006
      vertex -2.02679 -18.6233 64.512
      vertex 0.0572803 -18.082 65.5712
    endloop
  endfacet
  facet normal -0.184697 -0.679015 0.71051
    outer loop
      vertex -2.02679 -18.6233 64.512
      vertex -0.0741545 -17.9107 65.7006
      vertex -2.10107 -18.5265 64.5852
    endloop
  endfacet
  facet normal -0.185001 -0.678618 0.710811
    outer loop
      vertex -1.90089 -18.7874 64.3881
      vertex 0.0572803 -18.082 65.5712
      vertex -2.02679 -18.6233 64.512
    endloop
  endfacet
  facet normal -0.370293 -0.437111 0.819644
    outer loop
      vertex 0.488725 -18.6442 65.3176
      vertex -1.15813 -19.7554 63.981
      vertex 0.640303 -18.8418 65.2807
    endloop
  endfacet
  facet normal -0.369993 -0.437481 0.819582
    outer loop
      vertex -1.15813 -19.7554 63.981
      vertex 0.488725 -18.6442 65.3176
      vertex -1.24379 -19.6438 64.0019
    endloop
  endfacet
  facet normal -0.703496 -0.00290017 0.710693
    outer loop
      vertex 0.467115 -21.8734 64.512
      vertex 1.66086 -20.1718 65.7006
      vertex 1.52943 -20.0005 65.5712
    endloop
  endfacet
  facet normal -0.70367 -0.00265898 0.710522
    outer loop
      vertex 1.66086 -20.1718 65.7006
      vertex 0.467115 -21.8734 64.512
      vertex 0.541394 -21.9703 64.5852
    endloop
  endfacet
  facet normal -0.703408 -0.00299962 0.71078
    outer loop
      vertex 0.467115 -21.8734 64.512
      vertex 1.52943 -20.0005 65.5712
      vertex 0.341217 -21.7094 64.3881
    endloop
  endfacet
  facet normal -0.566798 -0.181058 0.803715
    outer loop
      vertex -0.0894954 -21.1481 64.095
      vertex 1.24662 -19.632 65.3788
      vertex -0.231878 -20.9625 64.0364
    endloop
  endfacet
  facet normal -0.56684 -0.18095 0.80371
    outer loop
      vertex -0.315882 -20.853 64.0019
      vertex 1.24662 -19.632 65.3788
      vertex 1.09798 -19.4382 65.3176
    endloop
  endfacet
  facet normal -0.566569 -0.181397 0.8038
    outer loop
      vertex 1.24662 -19.632 65.3788
      vertex -0.315882 -20.853 64.0019
      vertex -0.231878 -20.9625 64.0364
    endloop
  endfacet
  facet normal -0.274228 -0.562334 -0.780115
    outer loop
      vertex -1.47018 -19.3487 71.5717
      vertex 0.195804 -18.2625 70.2031
      vertex 0.340082 -18.4505 70.2879
    endloop
  endfacet
  facet normal -0.273831 -0.562744 -0.779958
    outer loop
      vertex 0.195804 -18.2625 70.2031
      vertex -1.47018 -19.3487 71.5717
      vertex -1.55171 -19.2425 71.5237
    endloop
  endfacet
  facet normal -0.274279 -0.562232 -0.780171
    outer loop
      vertex 0.195804 -18.2625 70.2031
      vertex -1.55171 -19.2425 71.5237
      vertex -1.68992 -19.0624 71.4425
    endloop
  endfacet
  facet normal -0.321839 -0.500274 -0.803832
    outer loop
      vertex 0.340082 -18.4505 70.2879
      vertex -1.32779 -19.5343 71.6302
      vertex -1.47018 -19.3487 71.5717
    endloop
  endfacet
  facet normal -0.321723 -0.500428 -0.803783
    outer loop
      vertex -1.24379 -19.6438 71.6648
      vertex 0.340082 -18.4505 70.2879
      vertex 0.488725 -18.6442 70.349
    endloop
  endfacet
  facet normal -0.321535 -0.500623 -0.803736
    outer loop
      vertex 0.340082 -18.4505 70.2879
      vertex -1.24379 -19.6438 71.6648
      vertex -1.32779 -19.5343 71.6302
    endloop
  endfacet
  facet normal -0.555566 -0.831472 0
    outer loop
      vertex 0.825 9.56013 23.6
      vertex 1.00446 9.44022 24
      vertex 0.825 9.56013 24
    endloop
  endfacet
  facet normal -0.555566 -0.831472 -0
    outer loop
      vertex 1.00446 9.44022 24
      vertex 0.825 9.56013 23.6
      vertex 1.00446 9.44022 23.6
    endloop
  endfacet
  facet normal -0.555566 -0.831472 0
    outer loop
      vertex 0.825 9.56013 10.7438
      vertex 1.00446 9.44022 20
      vertex 0.825 9.56013 20
    endloop
  endfacet
  facet normal -0.555566 -0.831472 -0
    outer loop
      vertex 1.00446 9.44022 20
      vertex 0.825 9.56013 10.7438
      vertex 1.00446 9.44022 10.7438
    endloop
  endfacet
  facet normal 0.321455 0.946925 -0
    outer loop
      vertex -0.427051 6.53741 23.6
      vertex -0.631427 6.60679 24
      vertex -0.427051 6.53741 24
    endloop
  endfacet
  facet normal 0.321455 0.946925 0
    outer loop
      vertex -0.631427 6.60679 24
      vertex -0.427051 6.53741 23.6
      vertex -0.631427 6.60679 23.6
    endloop
  endfacet
  facet normal 0.321455 0.946925 -0
    outer loop
      vertex -0.427051 6.53741 10.7438
      vertex -0.631427 6.60679 20
      vertex -0.427051 6.53741 20
    endloop
  endfacet
  facet normal 0.321455 0.946925 0
    outer loop
      vertex -0.631427 6.60679 20
      vertex -0.427051 6.53741 10.7438
      vertex -0.631427 6.60679 10.7438
    endloop
  endfacet
  facet normal 0.44229 -0.896872 0
    outer loop
      vertex -0.825 9.56013 23.6
      vertex -0.631427 9.65559 24
      vertex -0.825 9.56013 24
    endloop
  endfacet
  facet normal 0.44229 -0.896872 0
    outer loop
      vertex -0.631427 9.65559 24
      vertex -0.825 9.56013 23.6
      vertex -0.631427 9.65559 23.6
    endloop
  endfacet
  facet normal 0.44229 -0.896872 0
    outer loop
      vertex -0.825 9.56013 10.7438
      vertex -0.631427 9.65559 20
      vertex -0.825 9.56013 20
    endloop
  endfacet
  facet normal 0.44229 -0.896872 0
    outer loop
      vertex -0.631427 9.65559 20
      vertex -0.825 9.56013 10.7438
      vertex -0.631427 9.65559 10.7438
    endloop
  endfacet
  facet normal 0.896869 -0.442296 0
    outer loop
      vertex -1.5244 8.76262 24
      vertex -1.42894 8.95619 23.6
      vertex -1.42894 8.95619 24
    endloop
  endfacet
  facet normal 0.896869 -0.442296 0
    outer loop
      vertex -1.42894 8.95619 23.6
      vertex -1.5244 8.76262 24
      vertex -1.5244 8.76262 23.6
    endloop
  endfacet
  facet normal 0.896869 -0.442296 0
    outer loop
      vertex -1.5244 8.76262 20
      vertex -1.42894 8.95619 10.7438
      vertex -1.42894 8.95619 20
    endloop
  endfacet
  facet normal 0.896869 -0.442296 0
    outer loop
      vertex -1.42894 8.95619 10.7438
      vertex -1.5244 8.76262 20
      vertex -1.5244 8.76262 10.7438
    endloop
  endfacet
  facet normal 0.896869 0.442296 0
    outer loop
      vertex -1.42894 7.30619 24
      vertex -1.5244 7.49976 23.6
      vertex -1.5244 7.49976 24
    endloop
  endfacet
  facet normal 0.896869 0.442296 0
    outer loop
      vertex -1.5244 7.49976 23.6
      vertex -1.42894 7.30619 24
      vertex -1.42894 7.30619 23.6
    endloop
  endfacet
  facet normal 0.896869 0.442296 0
    outer loop
      vertex -1.42894 7.30619 20
      vertex -1.5244 7.49976 10.7438
      vertex -1.5244 7.49976 20
    endloop
  endfacet
  facet normal 0.896869 0.442296 0
    outer loop
      vertex -1.5244 7.49976 10.7438
      vertex -1.42894 7.30619 20
      vertex -1.42894 7.30619 10.7438
    endloop
  endfacet
  facet normal -0.946927 -0.321449 0
    outer loop
      vertex 1.59378 8.55824 23.6
      vertex 1.5244 8.76262 24
      vertex 1.5244 8.76262 23.6
    endloop
  endfacet
  facet normal -0.946927 -0.321449 0
    outer loop
      vertex 1.5244 8.76262 24
      vertex 1.59378 8.55824 23.6
      vertex 1.59378 8.55824 24
    endloop
  endfacet
  facet normal -0.946927 -0.321449 0
    outer loop
      vertex 1.59378 8.55824 10.7438
      vertex 1.5244 8.76262 20
      vertex 1.5244 8.76262 10.7438
    endloop
  endfacet
  facet normal -0.946927 -0.321449 0
    outer loop
      vertex 1.5244 8.76262 20
      vertex 1.59378 8.55824 10.7438
      vertex 1.59378 8.55824 20
    endloop
  endfacet
  facet normal -0.896869 -0.442296 0
    outer loop
      vertex 1.5244 8.76262 23.6
      vertex 1.42894 8.95619 24
      vertex 1.42894 8.95619 23.6
    endloop
  endfacet
  facet normal -0.896869 -0.442296 0
    outer loop
      vertex 1.42894 8.95619 24
      vertex 1.5244 8.76262 23.6
      vertex 1.5244 8.76262 24
    endloop
  endfacet
  facet normal -0.896869 -0.442296 0
    outer loop
      vertex 1.5244 8.76262 10.7438
      vertex 1.42894 8.95619 20
      vertex 1.42894 8.95619 10.7438
    endloop
  endfacet
  facet normal -0.896869 -0.442296 0
    outer loop
      vertex 1.42894 8.95619 20
      vertex 1.5244 8.76262 10.7438
      vertex 1.5244 8.76262 20
    endloop
  endfacet
  facet normal -0.659328 -0.751856 0
    outer loop
      vertex 1.00446 9.44022 23.6
      vertex 1.16673 9.29792 24
      vertex 1.00446 9.44022 24
    endloop
  endfacet
  facet normal -0.659328 -0.751856 -0
    outer loop
      vertex 1.16673 9.29792 24
      vertex 1.00446 9.44022 23.6
      vertex 1.16673 9.29792 23.6
    endloop
  endfacet
  facet normal -0.659328 -0.751856 0
    outer loop
      vertex 1.00446 9.44022 10.7438
      vertex 1.16673 9.29792 20
      vertex 1.00446 9.44022 20
    endloop
  endfacet
  facet normal -0.659328 -0.751856 -0
    outer loop
      vertex 1.16673 9.29792 20
      vertex 1.00446 9.44022 10.7438
      vertex 1.16673 9.29792 10.7438
    endloop
  endfacet
  facet normal -0.44229 -0.896872 0
    outer loop
      vertex 0.631427 9.65559 23.6
      vertex 0.825 9.56013 24
      vertex 0.631427 9.65559 24
    endloop
  endfacet
  facet normal -0.44229 -0.896872 -0
    outer loop
      vertex 0.825 9.56013 24
      vertex 0.631427 9.65559 23.6
      vertex 0.825 9.56013 23.6
    endloop
  endfacet
  facet normal -0.44229 -0.896872 0
    outer loop
      vertex 0.631427 9.65559 10.7438
      vertex 0.825 9.56013 20
      vertex 0.631427 9.65559 20
    endloop
  endfacet
  facet normal -0.44229 -0.896872 -0
    outer loop
      vertex 0.825 9.56013 20
      vertex 0.631427 9.65559 10.7438
      vertex 0.825 9.56013 10.7438
    endloop
  endfacet
  facet normal -0.195106 -0.980782 0
    outer loop
      vertex 0.215367 9.76708 23.6
      vertex 0.427051 9.72497 24
      vertex 0.215367 9.76708 24
    endloop
  endfacet
  facet normal -0.195106 -0.980782 -0
    outer loop
      vertex 0.427051 9.72497 24
      vertex 0.215367 9.76708 23.6
      vertex 0.427051 9.72497 23.6
    endloop
  endfacet
  facet normal -0.195106 -0.980782 0
    outer loop
      vertex 0.215367 9.76708 10.7438
      vertex 0.427051 9.72497 20
      vertex 0.215367 9.76708 20
    endloop
  endfacet
  facet normal -0.195106 -0.980782 -0
    outer loop
      vertex 0.427051 9.72497 20
      vertex 0.215367 9.76708 10.7438
      vertex 0.427051 9.72497 10.7438
    endloop
  endfacet
  facet normal 0.997858 -0.0654211 0
    outer loop
      vertex -1.65 8.13119 24
      vertex -1.63588 8.34656 23.6
      vertex -1.63588 8.34656 24
    endloop
  endfacet
  facet normal 0.997858 -0.0654211 0
    outer loop
      vertex -1.63588 8.34656 23.6
      vertex -1.65 8.13119 24
      vertex -1.65 8.13119 23.6
    endloop
  endfacet
  facet normal 0.997858 -0.0654211 0
    outer loop
      vertex -1.65 8.13119 20
      vertex -1.63588 8.34656 10.7438
      vertex -1.63588 8.34656 20
    endloop
  endfacet
  facet normal 0.997858 -0.0654211 0
    outer loop
      vertex -1.63588 8.34656 10.7438
      vertex -1.65 8.13119 20
      vertex -1.65 8.13119 10.7438
    endloop
  endfacet
  facet normal 0.98079 -0.195065 0
    outer loop
      vertex -1.63588 8.34656 24
      vertex -1.59378 8.55824 23.6
      vertex -1.59378 8.55824 24
    endloop
  endfacet
  facet normal 0.98079 -0.195065 0
    outer loop
      vertex -1.59378 8.55824 23.6
      vertex -1.63588 8.34656 24
      vertex -1.63588 8.34656 23.6
    endloop
  endfacet
  facet normal 0.98079 -0.195065 0
    outer loop
      vertex -1.63588 8.34656 20
      vertex -1.59378 8.55824 10.7438
      vertex -1.59378 8.55824 20
    endloop
  endfacet
  facet normal 0.98079 -0.195065 0
    outer loop
      vertex -1.59378 8.55824 10.7438
      vertex -1.63588 8.34656 20
      vertex -1.63588 8.34656 10.7438
    endloop
  endfacet
  facet normal 0.751856 -0.659328 0
    outer loop
      vertex -1.30903 9.13565 24
      vertex -1.16673 9.29792 23.6
      vertex -1.16673 9.29792 24
    endloop
  endfacet
  facet normal 0.751856 -0.659328 0
    outer loop
      vertex -1.16673 9.29792 23.6
      vertex -1.30903 9.13565 24
      vertex -1.30903 9.13565 23.6
    endloop
  endfacet
  facet normal 0.751856 -0.659328 0
    outer loop
      vertex -1.30903 9.13565 20
      vertex -1.16673 9.29792 10.7438
      vertex -1.16673 9.29792 20
    endloop
  endfacet
  facet normal 0.751856 -0.659328 0
    outer loop
      vertex -1.16673 9.29792 10.7438
      vertex -1.30903 9.13565 20
      vertex -1.30903 9.13565 10.7438
    endloop
  endfacet
  facet normal 0.555566 -0.831472 0
    outer loop
      vertex -1.00446 9.44022 23.6
      vertex -0.825 9.56013 24
      vertex -1.00446 9.44022 24
    endloop
  endfacet
  facet normal 0.555566 -0.831472 0
    outer loop
      vertex -0.825 9.56013 24
      vertex -1.00446 9.44022 23.6
      vertex -0.825 9.56013 23.6
    endloop
  endfacet
  facet normal 0.555566 -0.831472 0
    outer loop
      vertex -1.00446 9.44022 10.7438
      vertex -0.825 9.56013 20
      vertex -1.00446 9.44022 20
    endloop
  endfacet
  facet normal 0.555566 -0.831472 0
    outer loop
      vertex -0.825 9.56013 20
      vertex -1.00446 9.44022 10.7438
      vertex -0.825 9.56013 10.7438
    endloop
  endfacet
  facet normal 0.195106 -0.980782 0
    outer loop
      vertex -0.427051 9.72497 23.6
      vertex -0.215367 9.76708 24
      vertex -0.427051 9.72497 24
    endloop
  endfacet
  facet normal 0.195106 -0.980782 0
    outer loop
      vertex -0.215367 9.76708 24
      vertex -0.427051 9.72497 23.6
      vertex -0.215367 9.76708 23.6
    endloop
  endfacet
  facet normal 0.195106 -0.980782 0
    outer loop
      vertex -0.427051 9.72497 10.7438
      vertex -0.215367 9.76708 20
      vertex -0.427051 9.72497 20
    endloop
  endfacet
  facet normal 0.195106 -0.980782 0
    outer loop
      vertex -0.215367 9.76708 20
      vertex -0.427051 9.72497 10.7438
      vertex -0.215367 9.76708 10.7438
    endloop
  endfacet
  facet normal 0.659328 -0.751856 0
    outer loop
      vertex -1.16673 9.29792 23.6
      vertex -1.00446 9.44022 24
      vertex -1.16673 9.29792 24
    endloop
  endfacet
  facet normal 0.659328 -0.751856 0
    outer loop
      vertex -1.00446 9.44022 24
      vertex -1.16673 9.29792 23.6
      vertex -1.00446 9.44022 23.6
    endloop
  endfacet
  facet normal 0.659328 -0.751856 0
    outer loop
      vertex -1.16673 9.29792 10.7438
      vertex -1.00446 9.44022 20
      vertex -1.16673 9.29792 20
    endloop
  endfacet
  facet normal 0.659328 -0.751856 0
    outer loop
      vertex -1.00446 9.44022 20
      vertex -1.16673 9.29792 10.7438
      vertex -1.00446 9.44022 10.7438
    endloop
  endfacet
  facet normal -0.065422 0.997858 0
    outer loop
      vertex 0.215367 6.49531 23.6
      vertex 0 6.48119 24
      vertex 0.215367 6.49531 24
    endloop
  endfacet
  facet normal -0.065422 0.997858 0
    outer loop
      vertex 0 6.48119 24
      vertex 0.215367 6.49531 23.6
      vertex 0 6.48119 23.6
    endloop
  endfacet
  facet normal -0.065422 0.997858 0
    outer loop
      vertex 0.215367 6.49531 10.7438
      vertex 0 6.48119 20
      vertex 0.215367 6.49531 20
    endloop
  endfacet
  facet normal -0.065422 0.997858 0
    outer loop
      vertex 0 6.48119 20
      vertex 0.215367 6.49531 10.7438
      vertex 0 6.48119 10.7438
    endloop
  endfacet
  facet normal -0.751856 0.659328 0
    outer loop
      vertex 1.16673 6.96447 23.6
      vertex 1.30903 7.12674 24
      vertex 1.30903 7.12674 23.6
    endloop
  endfacet
  facet normal -0.751856 0.659328 0
    outer loop
      vertex 1.30903 7.12674 24
      vertex 1.16673 6.96447 23.6
      vertex 1.16673 6.96447 24
    endloop
  endfacet
  facet normal -0.751856 0.659328 0
    outer loop
      vertex 1.16673 6.96447 10.7438
      vertex 1.30903 7.12674 20
      vertex 1.30903 7.12674 10.7438
    endloop
  endfacet
  facet normal -0.751856 0.659328 0
    outer loop
      vertex 1.30903 7.12674 20
      vertex 1.16673 6.96447 10.7438
      vertex 1.16673 6.96447 20
    endloop
  endfacet
  facet normal -0.195061 0.980791 0
    outer loop
      vertex 0.427051 6.53741 23.6
      vertex 0.215367 6.49531 24
      vertex 0.427051 6.53741 24
    endloop
  endfacet
  facet normal -0.195061 0.980791 0
    outer loop
      vertex 0.215367 6.49531 24
      vertex 0.427051 6.53741 23.6
      vertex 0.215367 6.49531 23.6
    endloop
  endfacet
  facet normal -0.195061 0.980791 0
    outer loop
      vertex 0.427051 6.53741 10.7438
      vertex 0.215367 6.49531 20
      vertex 0.427051 6.53741 20
    endloop
  endfacet
  facet normal -0.195061 0.980791 0
    outer loop
      vertex 0.215367 6.49531 20
      vertex 0.427051 6.53741 10.7438
      vertex 0.215367 6.49531 10.7438
    endloop
  endfacet
  facet normal 0.659354 0.751833 -0
    outer loop
      vertex -1.00446 6.82216 23.6
      vertex -1.16673 6.96447 24
      vertex -1.00446 6.82216 24
    endloop
  endfacet
  facet normal 0.659354 0.751833 0
    outer loop
      vertex -1.16673 6.96447 24
      vertex -1.00446 6.82216 23.6
      vertex -1.16673 6.96447 23.6
    endloop
  endfacet
  facet normal 0.659354 0.751833 -0
    outer loop
      vertex -1.00446 6.82216 10.7438
      vertex -1.16673 6.96447 20
      vertex -1.00446 6.82216 20
    endloop
  endfacet
  facet normal 0.659354 0.751833 0
    outer loop
      vertex -1.16673 6.96447 20
      vertex -1.00446 6.82216 10.7438
      vertex -1.16673 6.96447 10.7438
    endloop
  endfacet
  facet normal 0.997858 0.0654211 0
    outer loop
      vertex -1.63588 7.91582 24
      vertex -1.65 8.13119 23.6
      vertex -1.65 8.13119 24
    endloop
  endfacet
  facet normal 0.997858 0.0654211 0
    outer loop
      vertex -1.65 8.13119 23.6
      vertex -1.63588 7.91582 24
      vertex -1.63588 7.91582 23.6
    endloop
  endfacet
  facet normal 0.997858 0.0654211 0
    outer loop
      vertex -1.63588 7.91582 20
      vertex -1.65 8.13119 10.7438
      vertex -1.65 8.13119 20
    endloop
  endfacet
  facet normal 0.997858 0.0654211 0
    outer loop
      vertex -1.65 8.13119 10.7438
      vertex -1.63588 7.91582 20
      vertex -1.63588 7.91582 10.7438
    endloop
  endfacet
  facet normal -0.831472 -0.555566 0
    outer loop
      vertex 1.42894 8.95619 23.6
      vertex 1.30903 9.13565 24
      vertex 1.30903 9.13565 23.6
    endloop
  endfacet
  facet normal -0.831472 -0.555566 0
    outer loop
      vertex 1.30903 9.13565 24
      vertex 1.42894 8.95619 23.6
      vertex 1.42894 8.95619 24
    endloop
  endfacet
  facet normal -0.831472 -0.555566 0
    outer loop
      vertex 1.42894 8.95619 10.7438
      vertex 1.30903 9.13565 20
      vertex 1.30903 9.13565 10.7438
    endloop
  endfacet
  facet normal -0.831472 -0.555566 0
    outer loop
      vertex 1.30903 9.13565 20
      vertex 1.42894 8.95619 10.7438
      vertex 1.42894 8.95619 20
    endloop
  endfacet
  facet normal -0.751856 -0.659328 0
    outer loop
      vertex 1.30903 9.13565 23.6
      vertex 1.16673 9.29792 24
      vertex 1.16673 9.29792 23.6
    endloop
  endfacet
  facet normal -0.751856 -0.659328 0
    outer loop
      vertex 1.16673 9.29792 24
      vertex 1.30903 9.13565 23.6
      vertex 1.30903 9.13565 24
    endloop
  endfacet
  facet normal -0.751856 -0.659328 0
    outer loop
      vertex 1.30903 9.13565 10.7438
      vertex 1.16673 9.29792 20
      vertex 1.16673 9.29792 10.7438
    endloop
  endfacet
  facet normal -0.751856 -0.659328 0
    outer loop
      vertex 1.16673 9.29792 20
      vertex 1.30903 9.13565 10.7438
      vertex 1.30903 9.13565 20
    endloop
  endfacet
  facet normal 0.0653759 -0.997861 0
    outer loop
      vertex -0.215367 9.76708 23.6
      vertex 0 9.78119 24
      vertex -0.215367 9.76708 24
    endloop
  endfacet
  facet normal 0.0653759 -0.997861 0
    outer loop
      vertex 0 9.78119 24
      vertex -0.215367 9.76708 23.6
      vertex 0 9.78119 23.6
    endloop
  endfacet
  facet normal 0.0653759 -0.997861 0
    outer loop
      vertex -0.215367 9.76708 10.7438
      vertex 0 9.78119 20
      vertex -0.215367 9.76708 20
    endloop
  endfacet
  facet normal 0.0653759 -0.997861 0
    outer loop
      vertex 0 9.78119 20
      vertex -0.215367 9.76708 10.7438
      vertex 0 9.78119 10.7438
    endloop
  endfacet
  facet normal -0.321455 -0.946925 0
    outer loop
      vertex 0.427051 9.72497 23.6
      vertex 0.631427 9.65559 24
      vertex 0.427051 9.72497 24
    endloop
  endfacet
  facet normal -0.321455 -0.946925 -0
    outer loop
      vertex 0.631427 9.65559 24
      vertex 0.427051 9.72497 23.6
      vertex 0.631427 9.65559 23.6
    endloop
  endfacet
  facet normal -0.321455 -0.946925 0
    outer loop
      vertex 0.427051 9.72497 10.7438
      vertex 0.631427 9.65559 20
      vertex 0.427051 9.72497 20
    endloop
  endfacet
  facet normal -0.321455 -0.946925 -0
    outer loop
      vertex 0.631427 9.65559 20
      vertex 0.427051 9.72497 10.7438
      vertex 0.631427 9.65559 10.7438
    endloop
  endfacet
  facet normal 0.946927 -0.321449 0
    outer loop
      vertex -1.59378 8.55824 24
      vertex -1.5244 8.76262 23.6
      vertex -1.5244 8.76262 24
    endloop
  endfacet
  facet normal 0.946927 -0.321449 0
    outer loop
      vertex -1.5244 8.76262 23.6
      vertex -1.59378 8.55824 24
      vertex -1.59378 8.55824 23.6
    endloop
  endfacet
  facet normal 0.946927 -0.321449 0
    outer loop
      vertex -1.59378 8.55824 20
      vertex -1.5244 8.76262 10.7438
      vertex -1.5244 8.76262 20
    endloop
  endfacet
  facet normal 0.946927 -0.321449 0
    outer loop
      vertex -1.5244 8.76262 10.7438
      vertex -1.59378 8.55824 20
      vertex -1.59378 8.55824 10.7438
    endloop
  endfacet
  facet normal 0 0 -1
    outer loop
      vertex 1.63588 7.91582 24
      vertex 1.63588 8.34656 24
      vertex 1.65 8.13119 24
    endloop
  endfacet
  facet normal 0 0 -1
    outer loop
      vertex 1.59378 7.70414 24
      vertex 1.63588 8.34656 24
      vertex 1.63588 7.91582 24
    endloop
  endfacet
  facet normal 0 0 -1
    outer loop
      vertex 1.59378 7.70414 24
      vertex 1.59378 8.55824 24
      vertex 1.63588 8.34656 24
    endloop
  endfacet
  facet normal 0 0 -1
    outer loop
      vertex 1.5244 7.49976 24
      vertex 1.59378 8.55824 24
      vertex 1.59378 7.70414 24
    endloop
  endfacet
  facet normal 0 0 -1
    outer loop
      vertex 1.5244 7.49976 24
      vertex 1.5244 8.76262 24
      vertex 1.59378 8.55824 24
    endloop
  endfacet
  facet normal 0 0 -1
    outer loop
      vertex 1.42894 7.30619 24
      vertex 1.5244 8.76262 24
      vertex 1.5244 7.49976 24
    endloop
  endfacet
  facet normal 0 0 -1
    outer loop
      vertex 1.42894 7.30619 24
      vertex 1.42894 8.95619 24
      vertex 1.5244 8.76262 24
    endloop
  endfacet
  facet normal 0 0 -1
    outer loop
      vertex 1.30903 7.12674 24
      vertex 1.42894 8.95619 24
      vertex 1.42894 7.30619 24
    endloop
  endfacet
  facet normal 0 0 -1
    outer loop
      vertex 1.30903 7.12674 24
      vertex 1.30903 9.13565 24
      vertex 1.42894 8.95619 24
    endloop
  endfacet
  facet normal 0 0 -1
    outer loop
      vertex 1.16673 6.96447 24
      vertex 1.30903 9.13565 24
      vertex 1.30903 7.12674 24
    endloop
  endfacet
  facet normal 0 0 -1
    outer loop
      vertex 1.16673 6.96447 24
      vertex 1.16673 9.29792 24
      vertex 1.30903 9.13565 24
    endloop
  endfacet
  facet normal 0 0 -1
    outer loop
      vertex 1.00446 6.82216 24
      vertex 1.16673 9.29792 24
      vertex 1.16673 6.96447 24
    endloop
  endfacet
  facet normal 0 0 -1
    outer loop
      vertex 1.00446 6.82216 24
      vertex 1.00446 9.44022 24
      vertex 1.16673 9.29792 24
    endloop
  endfacet
  facet normal 0 0 -1
    outer loop
      vertex 0.825 6.70225 24
      vertex 1.00446 9.44022 24
      vertex 1.00446 6.82216 24
    endloop
  endfacet
  facet normal 0 0 -1
    outer loop
      vertex 0.825 6.70225 24
      vertex 0.825 9.56013 24
      vertex 1.00446 9.44022 24
    endloop
  endfacet
  facet normal 0 0 -1
    outer loop
      vertex 0.631427 6.60679 24
      vertex 0.825 9.56013 24
      vertex 0.825 6.70225 24
    endloop
  endfacet
  facet normal 0 0 -1
    outer loop
      vertex 0.631427 6.60679 24
      vertex 0.631427 9.65559 24
      vertex 0.825 9.56013 24
    endloop
  endfacet
  facet normal 0 0 -1
    outer loop
      vertex 0.427051 6.53741 24
      vertex 0.631427 9.65559 24
      vertex 0.631427 6.60679 24
    endloop
  endfacet
  facet normal 0 0 -1
    outer loop
      vertex 0.427051 6.53741 24
      vertex 0.427051 9.72497 24
      vertex 0.631427 9.65559 24
    endloop
  endfacet
  facet normal 0 0 -1
    outer loop
      vertex 0.215367 6.49531 24
      vertex 0.427051 9.72497 24
      vertex 0.427051 6.53741 24
    endloop
  endfacet
  facet normal 0 0 -1
    outer loop
      vertex 0.215367 6.49531 24
      vertex 0.215367 9.76708 24
      vertex 0.427051 9.72497 24
    endloop
  endfacet
  facet normal 0 0 -1
    outer loop
      vertex 0 6.48119 24
      vertex 0.215367 9.76708 24
      vertex 0.215367 6.49531 24
    endloop
  endfacet
  facet normal 0 0 -1
    outer loop
      vertex 0 6.48119 24
      vertex 0 9.78119 24
      vertex 0.215367 9.76708 24
    endloop
  endfacet
  facet normal 0 0 -1
    outer loop
      vertex -0.215367 6.49531 24
      vertex 0 9.78119 24
      vertex 0 6.48119 24
    endloop
  endfacet
  facet normal 0 0 -1
    outer loop
      vertex -0.215367 6.49531 24
      vertex -0.215367 9.76708 24
      vertex 0 9.78119 24
    endloop
  endfacet
  facet normal 0 0 -1
    outer loop
      vertex -0.427051 6.53741 24
      vertex -0.215367 9.76708 24
      vertex -0.215367 6.49531 24
    endloop
  endfacet
  facet normal 0 0 -1
    outer loop
      vertex -0.427051 6.53741 24
      vertex -0.427051 9.72497 24
      vertex -0.215367 9.76708 24
    endloop
  endfacet
  facet normal 0 0 -1
    outer loop
      vertex -0.631427 6.60679 24
      vertex -0.427051 9.72497 24
      vertex -0.427051 6.53741 24
    endloop
  endfacet
  facet normal 0 0 -1
    outer loop
      vertex -0.631427 6.60679 24
      vertex -0.631427 9.65559 24
      vertex -0.427051 9.72497 24
    endloop
  endfacet
  facet normal 0 0 -1
    outer loop
      vertex -0.825 6.70225 24
      vertex -0.631427 9.65559 24
      vertex -0.631427 6.60679 24
    endloop
  endfacet
  facet normal 0 0 -1
    outer loop
      vertex -0.825 6.70225 24
      vertex -0.825 9.56013 24
      vertex -0.631427 9.65559 24
    endloop
  endfacet
  facet normal 0 0 -1
    outer loop
      vertex -1.00446 6.82216 24
      vertex -0.825 9.56013 24
      vertex -0.825 6.70225 24
    endloop
  endfacet
  facet normal 0 0 -1
    outer loop
      vertex -1.00446 6.82216 24
      vertex -1.00446 9.44022 24
      vertex -0.825 9.56013 24
    endloop
  endfacet
  facet normal 0 0 -1
    outer loop
      vertex -1.16673 6.96447 24
      vertex -1.00446 9.44022 24
      vertex -1.00446 6.82216 24
    endloop
  endfacet
  facet normal 0 0 -1
    outer loop
      vertex -1.16673 6.96447 24
      vertex -1.16673 9.29792 24
      vertex -1.00446 9.44022 24
    endloop
  endfacet
  facet normal 0 0 -1
    outer loop
      vertex -1.30903 7.12674 24
      vertex -1.16673 9.29792 24
      vertex -1.16673 6.96447 24
    endloop
  endfacet
  facet normal 0 0 -1
    outer loop
      vertex -1.30903 7.12674 24
      vertex -1.30903 9.13565 24
      vertex -1.16673 9.29792 24
    endloop
  endfacet
  facet normal 0 0 -1
    outer loop
      vertex -1.42894 7.30619 24
      vertex -1.30903 9.13565 24
      vertex -1.30903 7.12674 24
    endloop
  endfacet
  facet normal 0 0 -1
    outer loop
      vertex -1.42894 7.30619 24
      vertex -1.42894 8.95619 24
      vertex -1.30903 9.13565 24
    endloop
  endfacet
  facet normal 0 0 -1
    outer loop
      vertex -1.5244 7.49976 24
      vertex -1.42894 8.95619 24
      vertex -1.42894 7.30619 24
    endloop
  endfacet
  facet normal 0 0 -1
    outer loop
      vertex -1.5244 7.49976 24
      vertex -1.5244 8.76262 24
      vertex -1.42894 8.95619 24
    endloop
  endfacet
  facet normal 0 0 -1
    outer loop
      vertex -1.59378 7.70414 24
      vertex -1.5244 8.76262 24
      vertex -1.5244 7.49976 24
    endloop
  endfacet
  facet normal 0 0 -1
    outer loop
      vertex -1.59378 7.70414 24
      vertex -1.59378 8.55824 24
      vertex -1.5244 8.76262 24
    endloop
  endfacet
  facet normal 0 0 -1
    outer loop
      vertex -1.63588 7.91582 24
      vertex -1.59378 8.55824 24
      vertex -1.59378 7.70414 24
    endloop
  endfacet
  facet normal 0 0 -1
    outer loop
      vertex -1.63588 7.91582 24
      vertex -1.63588 8.34656 24
      vertex -1.59378 8.55824 24
    endloop
  endfacet
  facet normal 0 -0 -1
    outer loop
      vertex -1.63588 8.34656 24
      vertex -1.63588 7.91582 24
      vertex -1.65 8.13119 24
    endloop
  endfacet
  facet normal 0.831472 -0.555566 0
    outer loop
      vertex -1.42894 8.95619 24
      vertex -1.30903 9.13565 23.6
      vertex -1.30903 9.13565 24
    endloop
  endfacet
  facet normal 0.831472 -0.555566 0
    outer loop
      vertex -1.30903 9.13565 23.6
      vertex -1.42894 8.95619 24
      vertex -1.42894 8.95619 23.6
    endloop
  endfacet
  facet normal 0.831472 -0.555566 0
    outer loop
      vertex -1.42894 8.95619 20
      vertex -1.30903 9.13565 10.7438
      vertex -1.30903 9.13565 20
    endloop
  endfacet
  facet normal 0.831472 -0.555566 0
    outer loop
      vertex -1.30903 9.13565 10.7438
      vertex -1.42894 8.95619 20
      vertex -1.42894 8.95619 10.7438
    endloop
  endfacet
  facet normal 0.321455 -0.946925 0
    outer loop
      vertex -0.631427 9.65559 23.6
      vertex -0.427051 9.72497 24
      vertex -0.631427 9.65559 24
    endloop
  endfacet
  facet normal 0.321455 -0.946925 0
    outer loop
      vertex -0.427051 9.72497 24
      vertex -0.631427 9.65559 23.6
      vertex -0.427051 9.72497 23.6
    endloop
  endfacet
  facet normal 0.321455 -0.946925 0
    outer loop
      vertex -0.631427 9.65559 10.7438
      vertex -0.427051 9.72497 20
      vertex -0.631427 9.65559 20
    endloop
  endfacet
  facet normal 0.321455 -0.946925 0
    outer loop
      vertex -0.427051 9.72497 20
      vertex -0.631427 9.65559 10.7438
      vertex -0.427051 9.72497 10.7438
    endloop
  endfacet
  facet normal -0.997858 -0.0654211 0
    outer loop
      vertex 1.65 8.13119 23.6
      vertex 1.63588 8.34656 24
      vertex 1.63588 8.34656 23.6
    endloop
  endfacet
  facet normal -0.997858 -0.0654211 0
    outer loop
      vertex 1.63588 8.34656 24
      vertex 1.65 8.13119 23.6
      vertex 1.65 8.13119 24
    endloop
  endfacet
  facet normal -0.997858 -0.0654211 0
    outer loop
      vertex 1.65 8.13119 10.7438
      vertex 1.63588 8.34656 20
      vertex 1.63588 8.34656 10.7438
    endloop
  endfacet
  facet normal -0.997858 -0.0654211 0
    outer loop
      vertex 1.63588 8.34656 20
      vertex 1.65 8.13119 10.7438
      vertex 1.65 8.13119 20
    endloop
  endfacet
  facet normal -0.946927 0.321449 0
    outer loop
      vertex 1.5244 7.49976 23.6
      vertex 1.59378 7.70414 24
      vertex 1.59378 7.70414 23.6
    endloop
  endfacet
  facet normal -0.946927 0.321449 0
    outer loop
      vertex 1.59378 7.70414 24
      vertex 1.5244 7.49976 23.6
      vertex 1.5244 7.49976 24
    endloop
  endfacet
  facet normal -0.946927 0.321449 0
    outer loop
      vertex 1.5244 7.49976 10.7438
      vertex 1.59378 7.70414 20
      vertex 1.59378 7.70414 10.7438
    endloop
  endfacet
  facet normal -0.946927 0.321449 0
    outer loop
      vertex 1.59378 7.70414 20
      vertex 1.5244 7.49976 10.7438
      vertex 1.5244 7.49976 20
    endloop
  endfacet
  facet normal -0.44229 0.896872 0
    outer loop
      vertex 0.825 6.70225 23.6
      vertex 0.631427 6.60679 24
      vertex 0.825 6.70225 24
    endloop
  endfacet
  facet normal -0.44229 0.896872 0
    outer loop
      vertex 0.631427 6.60679 24
      vertex 0.825 6.70225 23.6
      vertex 0.631427 6.60679 23.6
    endloop
  endfacet
  facet normal -0.44229 0.896872 0
    outer loop
      vertex 0.825 6.70225 10.7438
      vertex 0.631427 6.60679 20
      vertex 0.825 6.70225 20
    endloop
  endfacet
  facet normal -0.44229 0.896872 0
    outer loop
      vertex 0.631427 6.60679 20
      vertex 0.825 6.70225 10.7438
      vertex 0.631427 6.60679 10.7438
    endloop
  endfacet
  facet normal -0.659354 0.751833 0
    outer loop
      vertex 1.16673 6.96447 23.6
      vertex 1.00446 6.82216 24
      vertex 1.16673 6.96447 24
    endloop
  endfacet
  facet normal -0.659354 0.751833 0
    outer loop
      vertex 1.00446 6.82216 24
      vertex 1.16673 6.96447 23.6
      vertex 1.00446 6.82216 23.6
    endloop
  endfacet
  facet normal -0.659354 0.751833 0
    outer loop
      vertex 1.16673 6.96447 10.7438
      vertex 1.00446 6.82216 20
      vertex 1.16673 6.96447 20
    endloop
  endfacet
  facet normal -0.659354 0.751833 0
    outer loop
      vertex 1.00446 6.82216 20
      vertex 1.16673 6.96447 10.7438
      vertex 1.00446 6.82216 10.7438
    endloop
  endfacet
  facet normal -0.555566 0.831472 0
    outer loop
      vertex 1.00446 6.82216 23.6
      vertex 0.825 6.70225 24
      vertex 1.00446 6.82216 24
    endloop
  endfacet
  facet normal -0.555566 0.831472 0
    outer loop
      vertex 0.825 6.70225 24
      vertex 1.00446 6.82216 23.6
      vertex 0.825 6.70225 23.6
    endloop
  endfacet
  facet normal -0.555566 0.831472 0
    outer loop
      vertex 1.00446 6.82216 10.7438
      vertex 0.825 6.70225 20
      vertex 1.00446 6.82216 20
    endloop
  endfacet
  facet normal -0.555566 0.831472 0
    outer loop
      vertex 0.825 6.70225 20
      vertex 1.00446 6.82216 10.7438
      vertex 0.825 6.70225 10.7438
    endloop
  endfacet
  facet normal -0.896869 0.442296 0
    outer loop
      vertex 1.42894 7.30619 23.6
      vertex 1.5244 7.49976 24
      vertex 1.5244 7.49976 23.6
    endloop
  endfacet
  facet normal -0.896869 0.442296 0
    outer loop
      vertex 1.5244 7.49976 24
      vertex 1.42894 7.30619 23.6
      vertex 1.42894 7.30619 24
    endloop
  endfacet
  facet normal -0.896869 0.442296 0
    outer loop
      vertex 1.42894 7.30619 10.7438
      vertex 1.5244 7.49976 20
      vertex 1.5244 7.49976 10.7438
    endloop
  endfacet
  facet normal -0.896869 0.442296 0
    outer loop
      vertex 1.5244 7.49976 20
      vertex 1.42894 7.30619 10.7438
      vertex 1.42894 7.30619 20
    endloop
  endfacet
  facet normal 0.065422 0.997858 -0
    outer loop
      vertex 0 6.48119 23.6
      vertex -0.215367 6.49531 24
      vertex 0 6.48119 24
    endloop
  endfacet
  facet normal 0.065422 0.997858 0
    outer loop
      vertex -0.215367 6.49531 24
      vertex 0 6.48119 23.6
      vertex -0.215367 6.49531 23.6
    endloop
  endfacet
  facet normal 0.065422 0.997858 -0
    outer loop
      vertex 0 6.48119 10.7438
      vertex -0.215367 6.49531 20
      vertex 0 6.48119 20
    endloop
  endfacet
  facet normal 0.065422 0.997858 0
    outer loop
      vertex -0.215367 6.49531 20
      vertex 0 6.48119 10.7438
      vertex -0.215367 6.49531 10.7438
    endloop
  endfacet
  facet normal 0.555566 0.831472 -0
    outer loop
      vertex -0.825 6.70225 23.6
      vertex -1.00446 6.82216 24
      vertex -0.825 6.70225 24
    endloop
  endfacet
  facet normal 0.555566 0.831472 0
    outer loop
      vertex -1.00446 6.82216 24
      vertex -0.825 6.70225 23.6
      vertex -1.00446 6.82216 23.6
    endloop
  endfacet
  facet normal 0.555566 0.831472 -0
    outer loop
      vertex -0.825 6.70225 10.7438
      vertex -1.00446 6.82216 20
      vertex -0.825 6.70225 20
    endloop
  endfacet
  facet normal 0.555566 0.831472 0
    outer loop
      vertex -1.00446 6.82216 20
      vertex -0.825 6.70225 10.7438
      vertex -1.00446 6.82216 10.7438
    endloop
  endfacet
  facet normal 0.98079 0.195065 0
    outer loop
      vertex -1.59378 7.70414 24
      vertex -1.63588 7.91582 23.6
      vertex -1.63588 7.91582 24
    endloop
  endfacet
  facet normal 0.98079 0.195065 0
    outer loop
      vertex -1.63588 7.91582 23.6
      vertex -1.59378 7.70414 24
      vertex -1.59378 7.70414 23.6
    endloop
  endfacet
  facet normal 0.98079 0.195065 0
    outer loop
      vertex -1.59378 7.70414 20
      vertex -1.63588 7.91582 10.7438
      vertex -1.63588 7.91582 20
    endloop
  endfacet
  facet normal 0.98079 0.195065 0
    outer loop
      vertex -1.63588 7.91582 10.7438
      vertex -1.59378 7.70414 20
      vertex -1.59378 7.70414 10.7438
    endloop
  endfacet
  facet normal 0.831458 0.555587 0
    outer loop
      vertex -1.30903 7.12674 24
      vertex -1.42894 7.30619 23.6
      vertex -1.42894 7.30619 24
    endloop
  endfacet
  facet normal 0.831458 0.555587 0
    outer loop
      vertex -1.42894 7.30619 23.6
      vertex -1.30903 7.12674 24
      vertex -1.30903 7.12674 23.6
    endloop
  endfacet
  facet normal 0.831458 0.555587 0
    outer loop
      vertex -1.30903 7.12674 20
      vertex -1.42894 7.30619 10.7438
      vertex -1.42894 7.30619 20
    endloop
  endfacet
  facet normal 0.831458 0.555587 0
    outer loop
      vertex -1.42894 7.30619 10.7438
      vertex -1.30903 7.12674 20
      vertex -1.30903 7.12674 10.7438
    endloop
  endfacet
  facet normal 0.751856 0.659328 0
    outer loop
      vertex -1.16673 6.96447 24
      vertex -1.30903 7.12674 23.6
      vertex -1.30903 7.12674 24
    endloop
  endfacet
  facet normal 0.751856 0.659328 0
    outer loop
      vertex -1.30903 7.12674 23.6
      vertex -1.16673 6.96447 24
      vertex -1.16673 6.96447 23.6
    endloop
  endfacet
  facet normal 0.751856 0.659328 0
    outer loop
      vertex -1.16673 6.96447 20
      vertex -1.30903 7.12674 10.7438
      vertex -1.30903 7.12674 20
    endloop
  endfacet
  facet normal 0.751856 0.659328 0
    outer loop
      vertex -1.30903 7.12674 10.7438
      vertex -1.16673 6.96447 20
      vertex -1.16673 6.96447 10.7438
    endloop
  endfacet
  facet normal -0.98079 -0.195065 0
    outer loop
      vertex 1.63588 8.34656 23.6
      vertex 1.59378 8.55824 24
      vertex 1.59378 8.55824 23.6
    endloop
  endfacet
  facet normal -0.98079 -0.195065 0
    outer loop
      vertex 1.59378 8.55824 24
      vertex 1.63588 8.34656 23.6
      vertex 1.63588 8.34656 24
    endloop
  endfacet
  facet normal -0.98079 -0.195065 0
    outer loop
      vertex 1.63588 8.34656 10.7438
      vertex 1.59378 8.55824 20
      vertex 1.59378 8.55824 10.7438
    endloop
  endfacet
  facet normal -0.98079 -0.195065 0
    outer loop
      vertex 1.59378 8.55824 20
      vertex 1.63588 8.34656 10.7438
      vertex 1.63588 8.34656 20
    endloop
  endfacet
  facet normal -0.0653759 -0.997861 0
    outer loop
      vertex 0 9.78119 23.6
      vertex 0.215367 9.76708 24
      vertex 0 9.78119 24
    endloop
  endfacet
  facet normal -0.0653759 -0.997861 -0
    outer loop
      vertex 0.215367 9.76708 24
      vertex 0 9.78119 23.6
      vertex 0.215367 9.76708 23.6
    endloop
  endfacet
  facet normal -0.0653759 -0.997861 0
    outer loop
      vertex 0 9.78119 10.7438
      vertex 0.215367 9.76708 20
      vertex 0 9.78119 20
    endloop
  endfacet
  facet normal -0.0653759 -0.997861 -0
    outer loop
      vertex 0.215367 9.76708 20
      vertex 0 9.78119 10.7438
      vertex 0.215367 9.76708 10.7438
    endloop
  endfacet
  facet normal -0.98079 0.195065 0
    outer loop
      vertex 1.59378 7.70414 23.6
      vertex 1.63588 7.91582 24
      vertex 1.63588 7.91582 23.6
    endloop
  endfacet
  facet normal -0.98079 0.195065 0
    outer loop
      vertex 1.63588 7.91582 24
      vertex 1.59378 7.70414 23.6
      vertex 1.59378 7.70414 24
    endloop
  endfacet
  facet normal -0.98079 0.195065 0
    outer loop
      vertex 1.59378 7.70414 10.7438
      vertex 1.63588 7.91582 20
      vertex 1.63588 7.91582 10.7438
    endloop
  endfacet
  facet normal -0.98079 0.195065 0
    outer loop
      vertex 1.63588 7.91582 20
      vertex 1.59378 7.70414 10.7438
      vertex 1.59378 7.70414 20
    endloop
  endfacet
  facet normal -0.997858 0.0654211 0
    outer loop
      vertex 1.63588 7.91582 23.6
      vertex 1.65 8.13119 24
      vertex 1.65 8.13119 23.6
    endloop
  endfacet
  facet normal -0.997858 0.0654211 0
    outer loop
      vertex 1.65 8.13119 24
      vertex 1.63588 7.91582 23.6
      vertex 1.63588 7.91582 24
    endloop
  endfacet
  facet normal -0.997858 0.0654211 0
    outer loop
      vertex 1.63588 7.91582 10.7438
      vertex 1.65 8.13119 20
      vertex 1.65 8.13119 10.7438
    endloop
  endfacet
  facet normal -0.997858 0.0654211 0
    outer loop
      vertex 1.65 8.13119 20
      vertex 1.63588 7.91582 10.7438
      vertex 1.63588 7.91582 20
    endloop
  endfacet
  facet normal -0.321455 0.946925 0
    outer loop
      vertex 0.631427 6.60679 23.6
      vertex 0.427051 6.53741 24
      vertex 0.631427 6.60679 24
    endloop
  endfacet
  facet normal -0.321455 0.946925 0
    outer loop
      vertex 0.427051 6.53741 24
      vertex 0.631427 6.60679 23.6
      vertex 0.427051 6.53741 23.6
    endloop
  endfacet
  facet normal -0.321455 0.946925 0
    outer loop
      vertex 0.631427 6.60679 10.7438
      vertex 0.427051 6.53741 20
      vertex 0.631427 6.60679 20
    endloop
  endfacet
  facet normal -0.321455 0.946925 0
    outer loop
      vertex 0.427051 6.53741 20
      vertex 0.631427 6.60679 10.7438
      vertex 0.427051 6.53741 10.7438
    endloop
  endfacet
  facet normal -0.831458 0.555587 0
    outer loop
      vertex 1.30903 7.12674 23.6
      vertex 1.42894 7.30619 24
      vertex 1.42894 7.30619 23.6
    endloop
  endfacet
  facet normal -0.831458 0.555587 0
    outer loop
      vertex 1.42894 7.30619 24
      vertex 1.30903 7.12674 23.6
      vertex 1.30903 7.12674 24
    endloop
  endfacet
  facet normal -0.831458 0.555587 0
    outer loop
      vertex 1.30903 7.12674 10.7438
      vertex 1.42894 7.30619 20
      vertex 1.42894 7.30619 10.7438
    endloop
  endfacet
  facet normal -0.831458 0.555587 0
    outer loop
      vertex 1.42894 7.30619 20
      vertex 1.30903 7.12674 10.7438
      vertex 1.30903 7.12674 20
    endloop
  endfacet
  facet normal 0.195061 0.980791 -0
    outer loop
      vertex -0.215367 6.49531 23.6
      vertex -0.427051 6.53741 24
      vertex -0.215367 6.49531 24
    endloop
  endfacet
  facet normal 0.195061 0.980791 0
    outer loop
      vertex -0.427051 6.53741 24
      vertex -0.215367 6.49531 23.6
      vertex -0.427051 6.53741 23.6
    endloop
  endfacet
  facet normal 0.195061 0.980791 -0
    outer loop
      vertex -0.215367 6.49531 10.7438
      vertex -0.427051 6.53741 20
      vertex -0.215367 6.49531 20
    endloop
  endfacet
  facet normal 0.195061 0.980791 0
    outer loop
      vertex -0.427051 6.53741 20
      vertex -0.215367 6.49531 10.7438
      vertex -0.427051 6.53741 10.7438
    endloop
  endfacet
  facet normal 0.44229 0.896872 -0
    outer loop
      vertex -0.631427 6.60679 23.6
      vertex -0.825 6.70225 24
      vertex -0.631427 6.60679 24
    endloop
  endfacet
  facet normal 0.44229 0.896872 0
    outer loop
      vertex -0.825 6.70225 24
      vertex -0.631427 6.60679 23.6
      vertex -0.825 6.70225 23.6
    endloop
  endfacet
  facet normal 0.44229 0.896872 -0
    outer loop
      vertex -0.631427 6.60679 10.7438
      vertex -0.825 6.70225 20
      vertex -0.631427 6.60679 20
    endloop
  endfacet
  facet normal 0.44229 0.896872 0
    outer loop
      vertex -0.825 6.70225 20
      vertex -0.631427 6.60679 10.7438
      vertex -0.825 6.70225 10.7438
    endloop
  endfacet
  facet normal 0.946927 0.321449 0
    outer loop
      vertex -1.5244 7.49976 24
      vertex -1.59378 7.70414 23.6
      vertex -1.59378 7.70414 24
    endloop
  endfacet
  facet normal 0.946927 0.321449 0
    outer loop
      vertex -1.59378 7.70414 23.6
      vertex -1.5244 7.49976 24
      vertex -1.5244 7.49976 23.6
    endloop
  endfacet
  facet normal 0.946927 0.321449 0
    outer loop
      vertex -1.5244 7.49976 20
      vertex -1.59378 7.70414 10.7438
      vertex -1.59378 7.70414 20
    endloop
  endfacet
  facet normal 0.946927 0.321449 0
    outer loop
      vertex -1.59378 7.70414 10.7438
      vertex -1.5244 7.49976 20
      vertex -1.5244 7.49976 10.7438
    endloop
  endfacet
  facet normal -0.500003 -0.866024 0
    outer loop
      vertex 0 11.4221 20
      vertex 2.85 9.77664 20.5
      vertex 0 11.4221 20.5
    endloop
  endfacet
  facet normal -0.500003 -0.866024 -0
    outer loop
      vertex 2.85 9.77664 20.5
      vertex 0 11.4221 20
      vertex 2.85 9.77664 20
    endloop
  endfacet
  facet normal -0.500003 -0.866024 0
    outer loop
      vertex 0 11.4221 23.1
      vertex 2.85 9.77664 23.6
      vertex 0 11.4221 23.6
    endloop
  endfacet
  facet normal -0.500003 -0.866024 -0
    outer loop
      vertex 2.85 9.77664 23.6
      vertex 0 11.4221 23.1
      vertex 2.85 9.77664 23.1
    endloop
  endfacet
  facet normal 1 -0 0
    outer loop
      vertex -2.85 6.48574 23.6
      vertex -2.85 9.77664 23.1
      vertex -2.85 9.77664 23.6
    endloop
  endfacet
  facet normal 1 0 0
    outer loop
      vertex -2.85 9.77664 23.1
      vertex -2.85 6.48574 23.6
      vertex -2.85 9.77664 20.5
    endloop
  endfacet
  facet normal 1 0 0
    outer loop
      vertex -2.85 6.48574 20
      vertex -2.85 9.77664 20.5
      vertex -2.85 6.48574 23.6
    endloop
  endfacet
  facet normal 1 0 0
    outer loop
      vertex -2.85 9.77664 20.5
      vertex -2.85 6.48574 20
      vertex -2.85 9.77664 20
    endloop
  endfacet
  facet normal 1 -0 0
    outer loop
      vertex -2.85 9.77664 23.1
      vertex -2.85 18.2036 20.5
      vertex -2.85 18.6516 23.1
    endloop
  endfacet
  facet normal 1 0 0
    outer loop
      vertex -2.85 18.2036 20.5
      vertex -2.85 9.77664 23.1
      vertex -2.85 9.77664 20.5
    endloop
  endfacet
  facet normal 0.500003 -0.866024 0
    outer loop
      vertex -2.85 9.77664 20
      vertex 0 11.4221 20.5
      vertex -2.85 9.77664 20.5
    endloop
  endfacet
  facet normal 0.500003 -0.866024 0
    outer loop
      vertex 0 11.4221 20.5
      vertex -2.85 9.77664 20
      vertex 0 11.4221 20
    endloop
  endfacet
  facet normal 0.500003 -0.866024 0
    outer loop
      vertex -2.85 9.77664 23.1
      vertex 0 11.4221 23.6
      vertex -2.85 9.77664 23.6
    endloop
  endfacet
  facet normal 0.500003 -0.866024 0
    outer loop
      vertex 0 11.4221 23.6
      vertex -2.85 9.77664 23.1
      vertex 0 11.4221 23.1
    endloop
  endfacet
  facet normal 0 0 1
    outer loop
      vertex 2.85 9.77664 20
      vertex 1.65 8.13119 20
      vertex 2.85 6.48574 20
    endloop
  endfacet
  facet normal 0 0 1
    outer loop
      vertex 2.85 9.77664 20
      vertex 1.63588 8.34656 20
      vertex 1.65 8.13119 20
    endloop
  endfacet
  facet normal 0 0 1
    outer loop
      vertex 2.85 9.77664 20
      vertex 1.59378 8.55824 20
      vertex 1.63588 8.34656 20
    endloop
  endfacet
  facet normal 0 0 1
    outer loop
      vertex 2.85 9.77664 20
      vertex 1.5244 8.76262 20
      vertex 1.59378 8.55824 20
    endloop
  endfacet
  facet normal 0 0 1
    outer loop
      vertex 2.85 9.77664 20
      vertex 1.42894 8.95619 20
      vertex 1.5244 8.76262 20
    endloop
  endfacet
  facet normal 0 0 1
    outer loop
      vertex 2.85 9.77664 20
      vertex 1.30903 9.13565 20
      vertex 1.42894 8.95619 20
    endloop
  endfacet
  facet normal 0 0 1
    outer loop
      vertex 2.85 9.77664 20
      vertex 1.16673 9.29792 20
      vertex 1.30903 9.13565 20
    endloop
  endfacet
  facet normal 0 0 1
    outer loop
      vertex 2.85 9.77664 20
      vertex 1.00446 9.44022 20
      vertex 1.16673 9.29792 20
    endloop
  endfacet
  facet normal 0 0 1
    outer loop
      vertex 2.85 9.77664 20
      vertex 0.825 9.56013 20
      vertex 1.00446 9.44022 20
    endloop
  endfacet
  facet normal 0 0 1
    outer loop
      vertex 0 11.4221 20
      vertex 0.825 9.56013 20
      vertex 2.85 9.77664 20
    endloop
  endfacet
  facet normal 0 0 1
    outer loop
      vertex 0.825 9.56013 20
      vertex 0 11.4221 20
      vertex 0.631427 9.65559 20
    endloop
  endfacet
  facet normal 0 0 1
    outer loop
      vertex 0.631427 9.65559 20
      vertex 0 11.4221 20
      vertex 0.427051 9.72497 20
    endloop
  endfacet
  facet normal 0 0 1
    outer loop
      vertex 0.427051 9.72497 20
      vertex 0 11.4221 20
      vertex 0.215367 9.76708 20
    endloop
  endfacet
  facet normal 0 0 1
    outer loop
      vertex 0 11.4221 20
      vertex 0 9.78119 20
      vertex 0.215367 9.76708 20
    endloop
  endfacet
  facet normal 0 0 1
    outer loop
      vertex 0 11.4221 20
      vertex -0.215367 9.76708 20
      vertex 0 9.78119 20
    endloop
  endfacet
  facet normal 0 0 1
    outer loop
      vertex 0 11.4221 20
      vertex -0.427051 9.72497 20
      vertex -0.215367 9.76708 20
    endloop
  endfacet
  facet normal 0 0 1
    outer loop
      vertex 0 11.4221 20
      vertex -0.631427 9.65559 20
      vertex -0.427051 9.72497 20
    endloop
  endfacet
  facet normal 0 0 1
    outer loop
      vertex 0 11.4221 20
      vertex -0.825 9.56013 20
      vertex -0.631427 9.65559 20
    endloop
  endfacet
  facet normal -0 0 1
    outer loop
      vertex -2.85 9.77664 20
      vertex -0.825 9.56013 20
      vertex 0 11.4221 20
    endloop
  endfacet
  facet normal 0 0 1
    outer loop
      vertex -0.825 9.56013 20
      vertex -2.85 9.77664 20
      vertex -1.00446 9.44022 20
    endloop
  endfacet
  facet normal 0 0 1
    outer loop
      vertex -1.00446 9.44022 20
      vertex -2.85 9.77664 20
      vertex -1.16673 9.29792 20
    endloop
  endfacet
  facet normal 0 0 1
    outer loop
      vertex -1.16673 9.29792 20
      vertex -2.85 9.77664 20
      vertex -1.30903 9.13565 20
    endloop
  endfacet
  facet normal 0 0 1
    outer loop
      vertex -1.63588 8.34656 20
      vertex -2.85 9.77664 20
      vertex -1.65 8.13119 20
    endloop
  endfacet
  facet normal 0 0 1
    outer loop
      vertex -1.59378 8.55824 20
      vertex -2.85 9.77664 20
      vertex -1.63588 8.34656 20
    endloop
  endfacet
  facet normal 0 0 1
    outer loop
      vertex -1.5244 8.76262 20
      vertex -2.85 9.77664 20
      vertex -1.59378 8.55824 20
    endloop
  endfacet
  facet normal 0 0 1
    outer loop
      vertex -1.42894 8.95619 20
      vertex -2.85 9.77664 20
      vertex -1.5244 8.76262 20
    endloop
  endfacet
  facet normal 0 0 1
    outer loop
      vertex -1.30903 9.13565 20
      vertex -2.85 9.77664 20
      vertex -1.42894 8.95619 20
    endloop
  endfacet
  facet normal -0 0 1
    outer loop
      vertex 1.63588 7.91582 20
      vertex 2.85 6.48574 20
      vertex 1.65 8.13119 20
    endloop
  endfacet
  facet normal -0 0 1
    outer loop
      vertex 1.59378 7.70414 20
      vertex 2.85 6.48574 20
      vertex 1.63588 7.91582 20
    endloop
  endfacet
  facet normal -0 0 1
    outer loop
      vertex 1.5244 7.49976 20
      vertex 2.85 6.48574 20
      vertex 1.59378 7.70414 20
    endloop
  endfacet
  facet normal -0 0 1
    outer loop
      vertex 1.42894 7.30619 20
      vertex 2.85 6.48574 20
      vertex 1.5244 7.49976 20
    endloop
  endfacet
  facet normal -0 0 1
    outer loop
      vertex 1.30903 7.12674 20
      vertex 2.85 6.48574 20
      vertex 1.42894 7.30619 20
    endloop
  endfacet
  facet normal -0 0 1
    outer loop
      vertex 1.16673 6.96447 20
      vertex 2.85 6.48574 20
      vertex 1.30903 7.12674 20
    endloop
  endfacet
  facet normal -0 0 1
    outer loop
      vertex 1.00446 6.82216 20
      vertex 2.85 6.48574 20
      vertex 1.16673 6.96447 20
    endloop
  endfacet
  facet normal -0 0 1
    outer loop
      vertex 0.825 6.70225 20
      vertex 2.85 6.48574 20
      vertex 1.00446 6.82216 20
    endloop
  endfacet
  facet normal 0 0 1
    outer loop
      vertex 0 4.8403 20
      vertex 0.825 6.70225 20
      vertex 0.631427 6.60679 20
    endloop
  endfacet
  facet normal 0 0 1
    outer loop
      vertex 0 4.8403 20
      vertex 0.631427 6.60679 20
      vertex 0.427051 6.53741 20
    endloop
  endfacet
  facet normal 0 0 1
    outer loop
      vertex 0 4.8403 20
      vertex 0.427051 6.53741 20
      vertex 0.215367 6.49531 20
    endloop
  endfacet
  facet normal 0 0 1
    outer loop
      vertex 0 4.8403 20
      vertex 0.215367 6.49531 20
      vertex 0 6.48119 20
    endloop
  endfacet
  facet normal 0 0 1
    outer loop
      vertex 0.825 6.70225 20
      vertex 0 4.8403 20
      vertex 2.85 6.48574 20
    endloop
  endfacet
  facet normal 0 0 1
    outer loop
      vertex -0.215367 6.49531 20
      vertex 0 4.8403 20
      vertex 0 6.48119 20
    endloop
  endfacet
  facet normal 0 0 1
    outer loop
      vertex -0.427051 6.53741 20
      vertex 0 4.8403 20
      vertex -0.215367 6.49531 20
    endloop
  endfacet
  facet normal 0 0 1
    outer loop
      vertex -0.631427 6.60679 20
      vertex 0 4.8403 20
      vertex -0.427051 6.53741 20
    endloop
  endfacet
  facet normal 0 0 1
    outer loop
      vertex -0.825 6.70225 20
      vertex 0 4.8403 20
      vertex -0.631427 6.60679 20
    endloop
  endfacet
  facet normal 0 0 1
    outer loop
      vertex -2.85 6.48574 20
      vertex -0.825 6.70225 20
      vertex -1.00446 6.82216 20
    endloop
  endfacet
  facet normal 0 0 1
    outer loop
      vertex -2.85 6.48574 20
      vertex -1.00446 6.82216 20
      vertex -1.16673 6.96447 20
    endloop
  endfacet
  facet normal 0 0 1
    outer loop
      vertex -2.85 6.48574 20
      vertex -1.16673 6.96447 20
      vertex -1.30903 7.12674 20
    endloop
  endfacet
  facet normal 0 0 1
    outer loop
      vertex -2.85 6.48574 20
      vertex -1.30903 7.12674 20
      vertex -1.42894 7.30619 20
    endloop
  endfacet
  facet normal 0 0 1
    outer loop
      vertex -2.85 6.48574 20
      vertex -1.65 8.13119 20
      vertex -2.85 9.77664 20
    endloop
  endfacet
  facet normal 0 0 1
    outer loop
      vertex -1.65 8.13119 20
      vertex -2.85 6.48574 20
      vertex -1.63588 7.91582 20
    endloop
  endfacet
  facet normal 0 0 1
    outer loop
      vertex -1.63588 7.91582 20
      vertex -2.85 6.48574 20
      vertex -1.59378 7.70414 20
    endloop
  endfacet
  facet normal 0 0 1
    outer loop
      vertex -1.59378 7.70414 20
      vertex -2.85 6.48574 20
      vertex -1.5244 7.49976 20
    endloop
  endfacet
  facet normal 0 0 1
    outer loop
      vertex -0.825 6.70225 20
      vertex -2.85 6.48574 20
      vertex 0 4.8403 20
    endloop
  endfacet
  facet normal 0 0 1
    outer loop
      vertex -1.5244 7.49976 20
      vertex -2.85 6.48574 20
      vertex -1.42894 7.30619 20
    endloop
  endfacet
  facet normal 0 0 -1
    outer loop
      vertex 2.85 6.48574 23.6
      vertex 1.65 8.13119 23.6
      vertex 2.85 9.77664 23.6
    endloop
  endfacet
  facet normal 0 0 -1
    outer loop
      vertex 2.85 6.48574 23.6
      vertex 1.63588 7.91582 23.6
      vertex 1.65 8.13119 23.6
    endloop
  endfacet
  facet normal 0 0 -1
    outer loop
      vertex 2.85 6.48574 23.6
      vertex 1.59378 7.70414 23.6
      vertex 1.63588 7.91582 23.6
    endloop
  endfacet
  facet normal 0 0 -1
    outer loop
      vertex 2.85 6.48574 23.6
      vertex 1.5244 7.49976 23.6
      vertex 1.59378 7.70414 23.6
    endloop
  endfacet
  facet normal 0 0 -1
    outer loop
      vertex 2.85 6.48574 23.6
      vertex 1.42894 7.30619 23.6
      vertex 1.5244 7.49976 23.6
    endloop
  endfacet
  facet normal 0 0 -1
    outer loop
      vertex 2.85 6.48574 23.6
      vertex 1.30903 7.12674 23.6
      vertex 1.42894 7.30619 23.6
    endloop
  endfacet
  facet normal 0 0 -1
    outer loop
      vertex 2.85 6.48574 23.6
      vertex 1.16673 6.96447 23.6
      vertex 1.30903 7.12674 23.6
    endloop
  endfacet
  facet normal 0 0 -1
    outer loop
      vertex 2.85 6.48574 23.6
      vertex 1.00446 6.82216 23.6
      vertex 1.16673 6.96447 23.6
    endloop
  endfacet
  facet normal 0 0 -1
    outer loop
      vertex 2.85 6.48574 23.6
      vertex 0.825 6.70225 23.6
      vertex 1.00446 6.82216 23.6
    endloop
  endfacet
  facet normal 0 0 -1
    outer loop
      vertex 0 4.8403 23.6
      vertex 0.825 6.70225 23.6
      vertex 2.85 6.48574 23.6
    endloop
  endfacet
  facet normal 0 0 -1
    outer loop
      vertex 0.825 6.70225 23.6
      vertex 0 4.8403 23.6
      vertex 0.631427 6.60679 23.6
    endloop
  endfacet
  facet normal 0 0 -1
    outer loop
      vertex 0.631427 6.60679 23.6
      vertex 0 4.8403 23.6
      vertex 0.427051 6.53741 23.6
    endloop
  endfacet
  facet normal 0 0 -1
    outer loop
      vertex 0.427051 6.53741 23.6
      vertex 0 4.8403 23.6
      vertex 0.215367 6.49531 23.6
    endloop
  endfacet
  facet normal 0 0 -1
    outer loop
      vertex 0 4.8403 23.6
      vertex 0 6.48119 23.6
      vertex 0.215367 6.49531 23.6
    endloop
  endfacet
  facet normal 0 0 -1
    outer loop
      vertex 0 4.8403 23.6
      vertex -0.215367 6.49531 23.6
      vertex 0 6.48119 23.6
    endloop
  endfacet
  facet normal 0 0 -1
    outer loop
      vertex 0 4.8403 23.6
      vertex -0.427051 6.53741 23.6
      vertex -0.215367 6.49531 23.6
    endloop
  endfacet
  facet normal 0 0 -1
    outer loop
      vertex 0 4.8403 23.6
      vertex -0.631427 6.60679 23.6
      vertex -0.427051 6.53741 23.6
    endloop
  endfacet
  facet normal 0 0 -1
    outer loop
      vertex 0 4.8403 23.6
      vertex -0.825 6.70225 23.6
      vertex -0.631427 6.60679 23.6
    endloop
  endfacet
  facet normal 0 0 -1
    outer loop
      vertex -2.85 6.48574 23.6
      vertex -0.825 6.70225 23.6
      vertex 0 4.8403 23.6
    endloop
  endfacet
  facet normal -0 0 -1
    outer loop
      vertex -0.825 6.70225 23.6
      vertex -2.85 6.48574 23.6
      vertex -1.00446 6.82216 23.6
    endloop
  endfacet
  facet normal -0 0 -1
    outer loop
      vertex -1.00446 6.82216 23.6
      vertex -2.85 6.48574 23.6
      vertex -1.16673 6.96447 23.6
    endloop
  endfacet
  facet normal -0 0 -1
    outer loop
      vertex -1.16673 6.96447 23.6
      vertex -2.85 6.48574 23.6
      vertex -1.30903 7.12674 23.6
    endloop
  endfacet
  facet normal -0 0 -1
    outer loop
      vertex -1.63588 7.91582 23.6
      vertex -2.85 6.48574 23.6
      vertex -1.65 8.13119 23.6
    endloop
  endfacet
  facet normal -0 0 -1
    outer loop
      vertex -1.59378 7.70414 23.6
      vertex -2.85 6.48574 23.6
      vertex -1.63588 7.91582 23.6
    endloop
  endfacet
  facet normal -0 0 -1
    outer loop
      vertex -1.5244 7.49976 23.6
      vertex -2.85 6.48574 23.6
      vertex -1.59378 7.70414 23.6
    endloop
  endfacet
  facet normal -0 0 -1
    outer loop
      vertex -1.42894 7.30619 23.6
      vertex -2.85 6.48574 23.6
      vertex -1.5244 7.49976 23.6
    endloop
  endfacet
  facet normal -0 0 -1
    outer loop
      vertex -1.30903 7.12674 23.6
      vertex -2.85 6.48574 23.6
      vertex -1.42894 7.30619 23.6
    endloop
  endfacet
  facet normal 0 0 -1
    outer loop
      vertex 1.63588 8.34656 23.6
      vertex 2.85 9.77664 23.6
      vertex 1.65 8.13119 23.6
    endloop
  endfacet
  facet normal 0 0 -1
    outer loop
      vertex 1.59378 8.55824 23.6
      vertex 2.85 9.77664 23.6
      vertex 1.63588 8.34656 23.6
    endloop
  endfacet
  facet normal 0 0 -1
    outer loop
      vertex 1.5244 8.76262 23.6
      vertex 2.85 9.77664 23.6
      vertex 1.59378 8.55824 23.6
    endloop
  endfacet
  facet normal 0 0 -1
    outer loop
      vertex 1.42894 8.95619 23.6
      vertex 2.85 9.77664 23.6
      vertex 1.5244 8.76262 23.6
    endloop
  endfacet
  facet normal 0 0 -1
    outer loop
      vertex 1.30903 9.13565 23.6
      vertex 2.85 9.77664 23.6
      vertex 1.42894 8.95619 23.6
    endloop
  endfacet
  facet normal 0 0 -1
    outer loop
      vertex 1.16673 9.29792 23.6
      vertex 2.85 9.77664 23.6
      vertex 1.30903 9.13565 23.6
    endloop
  endfacet
  facet normal 0 0 -1
    outer loop
      vertex 1.00446 9.44022 23.6
      vertex 2.85 9.77664 23.6
      vertex 1.16673 9.29792 23.6
    endloop
  endfacet
  facet normal 0 0 -1
    outer loop
      vertex 0.825 9.56013 23.6
      vertex 2.85 9.77664 23.6
      vertex 1.00446 9.44022 23.6
    endloop
  endfacet
  facet normal 0 0 -1
    outer loop
      vertex 0 11.4221 23.6
      vertex 0.825 9.56013 23.6
      vertex 0.631427 9.65559 23.6
    endloop
  endfacet
  facet normal 0 0 -1
    outer loop
      vertex 0 11.4221 23.6
      vertex 0.631427 9.65559 23.6
      vertex 0.427051 9.72497 23.6
    endloop
  endfacet
  facet normal 0 0 -1
    outer loop
      vertex 0 11.4221 23.6
      vertex 0.427051 9.72497 23.6
      vertex 0.215367 9.76708 23.6
    endloop
  endfacet
  facet normal 0 0 -1
    outer loop
      vertex 0 11.4221 23.6
      vertex 0.215367 9.76708 23.6
      vertex 0 9.78119 23.6
    endloop
  endfacet
  facet normal 0 0 -1
    outer loop
      vertex 0.825 9.56013 23.6
      vertex 0 11.4221 23.6
      vertex 2.85 9.77664 23.6
    endloop
  endfacet
  facet normal 0 0 -1
    outer loop
      vertex -0.215367 9.76708 23.6
      vertex 0 11.4221 23.6
      vertex 0 9.78119 23.6
    endloop
  endfacet
  facet normal 0 0 -1
    outer loop
      vertex -0.427051 9.72497 23.6
      vertex 0 11.4221 23.6
      vertex -0.215367 9.76708 23.6
    endloop
  endfacet
  facet normal 0 0 -1
    outer loop
      vertex -0.631427 9.65559 23.6
      vertex 0 11.4221 23.6
      vertex -0.427051 9.72497 23.6
    endloop
  endfacet
  facet normal 0 0 -1
    outer loop
      vertex -0.825 9.56013 23.6
      vertex 0 11.4221 23.6
      vertex -0.631427 9.65559 23.6
    endloop
  endfacet
  facet normal 0 0 -1
    outer loop
      vertex -2.85 9.77664 23.6
      vertex -0.825 9.56013 23.6
      vertex -1.00446 9.44022 23.6
    endloop
  endfacet
  facet normal 0 0 -1
    outer loop
      vertex -2.85 9.77664 23.6
      vertex -1.00446 9.44022 23.6
      vertex -1.16673 9.29792 23.6
    endloop
  endfacet
  facet normal 0 0 -1
    outer loop
      vertex -2.85 9.77664 23.6
      vertex -1.16673 9.29792 23.6
      vertex -1.30903 9.13565 23.6
    endloop
  endfacet
  facet normal 0 0 -1
    outer loop
      vertex -2.85 9.77664 23.6
      vertex -1.30903 9.13565 23.6
      vertex -1.42894 8.95619 23.6
    endloop
  endfacet
  facet normal 0 0 -1
    outer loop
      vertex -2.85 9.77664 23.6
      vertex -1.65 8.13119 23.6
      vertex -2.85 6.48574 23.6
    endloop
  endfacet
  facet normal 0 0 -1
    outer loop
      vertex -1.65 8.13119 23.6
      vertex -2.85 9.77664 23.6
      vertex -1.63588 8.34656 23.6
    endloop
  endfacet
  facet normal 0 0 -1
    outer loop
      vertex -1.63588 8.34656 23.6
      vertex -2.85 9.77664 23.6
      vertex -1.59378 8.55824 23.6
    endloop
  endfacet
  facet normal 0 0 -1
    outer loop
      vertex -1.59378 8.55824 23.6
      vertex -2.85 9.77664 23.6
      vertex -1.5244 8.76262 23.6
    endloop
  endfacet
  facet normal 0 0 -1
    outer loop
      vertex -0.825 9.56013 23.6
      vertex -2.85 9.77664 23.6
      vertex 0 11.4221 23.6
    endloop
  endfacet
  facet normal 0 0 -1
    outer loop
      vertex -1.5244 8.76262 23.6
      vertex -2.85 9.77664 23.6
      vertex -1.42894 8.95619 23.6
    endloop
  endfacet
  facet normal -1 0 0
    outer loop
      vertex 2.85 6.48574 20
      vertex 2.85 9.77664 20.5
      vertex 2.85 9.77664 20
    endloop
  endfacet
  facet normal -1 -0 0
    outer loop
      vertex 2.85 9.77664 20.5
      vertex 2.85 6.48574 20
      vertex 2.85 9.77664 23.1
    endloop
  endfacet
  facet normal -1 0 0
    outer loop
      vertex 2.85 6.48574 23.6
      vertex 2.85 9.77664 23.1
      vertex 2.85 6.48574 20
    endloop
  endfacet
  facet normal -1 0 0
    outer loop
      vertex 2.85 9.77664 23.1
      vertex 2.85 6.48574 23.6
      vertex 2.85 9.77664 23.6
    endloop
  endfacet
  facet normal -1 0 0
    outer loop
      vertex 2.85 9.77664 23.1
      vertex 2.85 18.2036 20.5
      vertex 2.85 9.77664 20.5
    endloop
  endfacet
  facet normal -1 0 0
    outer loop
      vertex 2.85 18.2036 20.5
      vertex 2.85 9.77664 23.1
      vertex 2.85 18.6516 23.1
    endloop
  endfacet
  facet normal 0.499998 0.866026 -0
    outer loop
      vertex 0 4.8403 20
      vertex -2.85 6.48574 23.6
      vertex 0 4.8403 23.6
    endloop
  endfacet
  facet normal 0.499998 0.866026 0
    outer loop
      vertex -2.85 6.48574 23.6
      vertex 0 4.8403 20
      vertex -2.85 6.48574 20
    endloop
  endfacet
  facet normal -0.499998 0.866026 0
    outer loop
      vertex 2.85 6.48574 20
      vertex 0 4.8403 23.6
      vertex 2.85 6.48574 23.6
    endloop
  endfacet
  facet normal -0.499998 0.866026 0
    outer loop
      vertex 0 4.8403 23.6
      vertex 2.85 6.48574 20
      vertex 0 4.8403 20
    endloop
  endfacet
  facet normal 0 0 -1
    outer loop
      vertex 0 11.4221 23.1
      vertex 2.85 18.6516 23.1
      vertex 2.85 9.77664 23.1
    endloop
  endfacet
  facet normal 0 0 -1
    outer loop
      vertex -2.85 18.6516 23.1
      vertex 0 11.4221 23.1
      vertex -2.85 9.77664 23.1
    endloop
  endfacet
  facet normal 0 0 -1
    outer loop
      vertex 0 11.4221 23.1
      vertex -2.85 18.6516 23.1
      vertex 2.85 18.6516 23.1
    endloop
  endfacet
  facet normal 0 0 1
    outer loop
      vertex 2.85 18.2036 20.5
      vertex 0 11.4221 20.5
      vertex 2.85 9.77664 20.5
    endloop
  endfacet
  facet normal -0 0 1
    outer loop
      vertex -2.85 18.2036 20.5
      vertex 0 11.4221 20.5
      vertex 2.85 18.2036 20.5
    endloop
  endfacet
  facet normal 0 0 1
    outer loop
      vertex 0 11.4221 20.5
      vertex -2.85 18.2036 20.5
      vertex -2.85 9.77664 20.5
    endloop
  endfacet
  facet normal 0 -0.0980032 -0.995186
    outer loop
      vertex 12.85 9 9.8
      vertex 14.8 9.33165 9.76734
      vertex 14.8 9 9.8
    endloop
  endfacet
  facet normal -0 -0.0980032 -0.995186
    outer loop
      vertex 14.8 9.33165 9.76734
      vertex 12.85 9 9.8
      vertex 12.85 9.33165 9.76734
    endloop
  endfacet
  facet normal 0 -0.634373 0.773027
    outer loop
      vertex 12.85 10.2021 6.89792
      vertex 14.8 9.94447 6.6865
      vertex 14.8 10.2021 6.89792
    endloop
  endfacet
  facet normal 0 -0.634373 0.773027
    outer loop
      vertex 14.8 9.94447 6.6865
      vertex 12.85 10.2021 6.89792
      vertex 12.85 9.94447 6.6865
    endloop
  endfacet
  facet normal 0 -0.995174 0.0981221
    outer loop
      vertex 12.85 10.6673 7.76835
      vertex 14.8 10.7 8.1
      vertex 12.85 10.7 8.1
    endloop
  endfacet
  facet normal 0 -0.995174 0.0981221
    outer loop
      vertex 14.8 10.7 8.1
      vertex 12.85 10.6673 7.76835
      vertex 14.8 10.6673 7.76835
    endloop
  endfacet
  facet normal 0 -0.881919 -0.471401
    outer loop
      vertex 12.85 10.5706 8.75056
      vertex 14.8 10.4135 9.04447
      vertex 12.85 10.4135 9.04447
    endloop
  endfacet
  facet normal 0 -0.881919 -0.471401
    outer loop
      vertex 14.8 10.4135 9.04447
      vertex 12.85 10.5706 8.75056
      vertex 14.8 10.5706 8.75056
    endloop
  endfacet
  facet normal 0 -0.290284 -0.956941
    outer loop
      vertex 12.85 9.33165 9.76734
      vertex 14.8 9.65056 9.6706
      vertex 14.8 9.33165 9.76734
    endloop
  endfacet
  facet normal -0 -0.290284 -0.956941
    outer loop
      vertex 14.8 9.65056 9.6706
      vertex 12.85 9.33165 9.76734
      vertex 12.85 9.65056 9.6706
    endloop
  endfacet
  facet normal -0 0.098033 0.995183
    outer loop
      vertex 12.85 9 6.4
      vertex 14.8 8.66835 6.43267
      vertex 14.8 9 6.4
    endloop
  endfacet
  facet normal 0 0.098033 0.995183
    outer loop
      vertex 14.8 8.66835 6.43267
      vertex 12.85 9 6.4
      vertex 12.85 8.66835 6.43267
    endloop
  endfacet
  facet normal 0 -0.290284 0.956941
    outer loop
      vertex 12.85 9.65056 6.52941
      vertex 14.8 9.33165 6.43267
      vertex 14.8 9.65056 6.52941
    endloop
  endfacet
  facet normal 0 -0.290284 0.956941
    outer loop
      vertex 14.8 9.33165 6.43267
      vertex 12.85 9.65056 6.52941
      vertex 12.85 9.33165 6.43267
    endloop
  endfacet
  facet normal 0 -0.471378 0.881931
    outer loop
      vertex 12.85 9.94447 6.6865
      vertex 14.8 9.65056 6.52941
      vertex 14.8 9.94447 6.6865
    endloop
  endfacet
  facet normal 0 -0.471378 0.881931
    outer loop
      vertex 14.8 9.65056 6.52941
      vertex 12.85 9.94447 6.6865
      vertex 12.85 9.65056 6.52941
    endloop
  endfacet
  facet normal 0 -0.995174 -0.0981221
    outer loop
      vertex 12.85 10.7 8.1
      vertex 14.8 10.6673 8.43165
      vertex 12.85 10.6673 8.43165
    endloop
  endfacet
  facet normal 0 -0.995174 -0.0981221
    outer loop
      vertex 14.8 10.6673 8.43165
      vertex 12.85 10.7 8.1
      vertex 14.8 10.7 8.1
    endloop
  endfacet
  facet normal 0 -0.881919 0.471401
    outer loop
      vertex 12.85 10.4135 7.15553
      vertex 14.8 10.5706 7.44944
      vertex 12.85 10.5706 7.44944
    endloop
  endfacet
  facet normal 0 -0.881919 0.471401
    outer loop
      vertex 14.8 10.5706 7.44944
      vertex 12.85 10.4135 7.15553
      vertex 14.8 10.4135 7.15553
    endloop
  endfacet
  facet normal 0 0.0980032 -0.995186
    outer loop
      vertex 12.85 8.66835 9.76734
      vertex 14.8 9 9.8
      vertex 14.8 8.66835 9.76734
    endloop
  endfacet
  facet normal 0 0.0980032 -0.995186
    outer loop
      vertex 14.8 9 9.8
      vertex 12.85 8.66835 9.76734
      vertex 12.85 9 9.8
    endloop
  endfacet
  facet normal 0 -0.471401 -0.881919
    outer loop
      vertex 12.85 9.65056 9.6706
      vertex 14.8 9.94447 9.5135
      vertex 14.8 9.65056 9.6706
    endloop
  endfacet
  facet normal -0 -0.471401 -0.881919
    outer loop
      vertex 14.8 9.94447 9.5135
      vertex 12.85 9.65056 9.6706
      vertex 12.85 9.94447 9.5135
    endloop
  endfacet
  facet normal 0 -0.773033 -0.634366
    outer loop
      vertex 12.85 10.4135 9.04447
      vertex 14.8 10.2021 9.30208
      vertex 12.85 10.2021 9.30208
    endloop
  endfacet
  facet normal 0 -0.773033 -0.634366
    outer loop
      vertex 14.8 10.2021 9.30208
      vertex 12.85 10.4135 9.04447
      vertex 14.8 10.4135 9.04447
    endloop
  endfacet
  facet normal 0 -0.956974 -0.290174
    outer loop
      vertex 12.85 10.6673 8.43165
      vertex 14.8 10.5706 8.75056
      vertex 12.85 10.5706 8.75056
    endloop
  endfacet
  facet normal 0 -0.956974 -0.290174
    outer loop
      vertex 14.8 10.5706 8.75056
      vertex 12.85 10.6673 8.43165
      vertex 14.8 10.6673 8.43165
    endloop
  endfacet
  facet normal 0 -0.634373 -0.773027
    outer loop
      vertex 12.85 9.94447 9.5135
      vertex 14.8 10.2021 9.30208
      vertex 14.8 9.94447 9.5135
    endloop
  endfacet
  facet normal -0 -0.634373 -0.773027
    outer loop
      vertex 14.8 10.2021 9.30208
      vertex 12.85 9.94447 9.5135
      vertex 12.85 10.2021 9.30208
    endloop
  endfacet
  facet normal 0 -0.098033 0.995183
    outer loop
      vertex 12.85 9.33165 6.43267
      vertex 14.8 9 6.4
      vertex 14.8 9.33165 6.43267
    endloop
  endfacet
  facet normal 0 -0.098033 0.995183
    outer loop
      vertex 14.8 9 6.4
      vertex 12.85 9.33165 6.43267
      vertex 12.85 9 6.4
    endloop
  endfacet
  facet normal 0 0.773003 0.634402
    outer loop
      vertex 14.8 7.79792 6.89792
      vertex 12.85 7.5865 7.15553
      vertex 14.8 7.5865 7.15553
    endloop
  endfacet
  facet normal 0 0.773003 0.634402
    outer loop
      vertex 12.85 7.5865 7.15553
      vertex 14.8 7.79792 6.89792
      vertex 12.85 7.79792 6.89792
    endloop
  endfacet
  facet normal -0 0.471378 0.881931
    outer loop
      vertex 12.85 8.34944 6.52941
      vertex 14.8 8.05553 6.6865
      vertex 14.8 8.34944 6.52941
    endloop
  endfacet
  facet normal 0 0.471378 0.881931
    outer loop
      vertex 14.8 8.05553 6.6865
      vertex 12.85 8.34944 6.52941
      vertex 12.85 8.05553 6.6865
    endloop
  endfacet
  facet normal 0 0.290284 -0.956941
    outer loop
      vertex 12.85 8.34944 9.6706
      vertex 14.8 8.66835 9.76734
      vertex 14.8 8.34944 9.6706
    endloop
  endfacet
  facet normal 0 0.290284 -0.956941
    outer loop
      vertex 14.8 8.66835 9.76734
      vertex 12.85 8.34944 9.6706
      vertex 12.85 8.66835 9.76734
    endloop
  endfacet
  facet normal 0 -0.773033 0.634366
    outer loop
      vertex 12.85 10.2021 6.89792
      vertex 14.8 10.4135 7.15553
      vertex 12.85 10.4135 7.15553
    endloop
  endfacet
  facet normal 0 -0.773033 0.634366
    outer loop
      vertex 14.8 10.4135 7.15553
      vertex 12.85 10.2021 6.89792
      vertex 14.8 10.2021 6.89792
    endloop
  endfacet
  facet normal 0 -0.956974 0.290174
    outer loop
      vertex 12.85 10.5706 7.44944
      vertex 14.8 10.6673 7.76835
      vertex 12.85 10.6673 7.76835
    endloop
  endfacet
  facet normal 0 -0.956974 0.290174
    outer loop
      vertex 14.8 10.6673 7.76835
      vertex 12.85 10.5706 7.44944
      vertex 14.8 10.5706 7.44944
    endloop
  endfacet
  facet normal 0 0.956941 0.290284
    outer loop
      vertex 14.8 7.4294 7.44944
      vertex 12.85 7.33266 7.76835
      vertex 14.8 7.33266 7.76835
    endloop
  endfacet
  facet normal 0 0.956941 0.290284
    outer loop
      vertex 12.85 7.33266 7.76835
      vertex 14.8 7.4294 7.44944
      vertex 12.85 7.4294 7.44944
    endloop
  endfacet
  facet normal 0 0.881919 0.471401
    outer loop
      vertex 14.8 7.5865 7.15553
      vertex 12.85 7.4294 7.44944
      vertex 14.8 7.4294 7.44944
    endloop
  endfacet
  facet normal 0 0.881919 0.471401
    outer loop
      vertex 12.85 7.4294 7.44944
      vertex 14.8 7.5865 7.15553
      vertex 12.85 7.5865 7.15553
    endloop
  endfacet
  facet normal -0 0.634402 0.773003
    outer loop
      vertex 12.85 8.05553 6.6865
      vertex 14.8 7.79792 6.89792
      vertex 14.8 8.05553 6.6865
    endloop
  endfacet
  facet normal 0 0.634402 0.773003
    outer loop
      vertex 14.8 7.79792 6.89792
      vertex 12.85 8.05553 6.6865
      vertex 12.85 7.79792 6.89792
    endloop
  endfacet
  facet normal -0 0.290284 0.956941
    outer loop
      vertex 12.85 8.66835 6.43267
      vertex 14.8 8.34944 6.52941
      vertex 14.8 8.66835 6.43267
    endloop
  endfacet
  facet normal 0 0.290284 0.956941
    outer loop
      vertex 14.8 8.34944 6.52941
      vertex 12.85 8.66835 6.43267
      vertex 12.85 8.34944 6.52941
    endloop
  endfacet
  facet normal 0 0.881919 -0.471401
    outer loop
      vertex 14.8 7.4294 8.75056
      vertex 12.85 7.5865 9.04447
      vertex 14.8 7.5865 9.04447
    endloop
  endfacet
  facet normal 0 0.881919 -0.471401
    outer loop
      vertex 12.85 7.5865 9.04447
      vertex 14.8 7.4294 8.75056
      vertex 12.85 7.4294 8.75056
    endloop
  endfacet
  facet normal 0 0.995186 0.0980032
    outer loop
      vertex 14.8 7.33266 7.76835
      vertex 12.85 7.3 8.1
      vertex 14.8 7.3 8.1
    endloop
  endfacet
  facet normal 0 0.995186 0.0980032
    outer loop
      vertex 12.85 7.3 8.1
      vertex 14.8 7.33266 7.76835
      vertex 12.85 7.33266 7.76835
    endloop
  endfacet
  facet normal 0 0.995186 -0.0980032
    outer loop
      vertex 14.8 7.3 8.1
      vertex 12.85 7.33266 8.43165
      vertex 14.8 7.33266 8.43165
    endloop
  endfacet
  facet normal 0 0.995186 -0.0980032
    outer loop
      vertex 12.85 7.33266 8.43165
      vertex 14.8 7.3 8.1
      vertex 12.85 7.3 8.1
    endloop
  endfacet
  facet normal 0 0.471401 -0.881919
    outer loop
      vertex 12.85 8.05553 9.5135
      vertex 14.8 8.34944 9.6706
      vertex 14.8 8.05553 9.5135
    endloop
  endfacet
  facet normal 0 0.471401 -0.881919
    outer loop
      vertex 14.8 8.34944 9.6706
      vertex 12.85 8.05553 9.5135
      vertex 12.85 8.34944 9.6706
    endloop
  endfacet
  facet normal 0 0.773003 -0.634402
    outer loop
      vertex 14.8 7.5865 9.04447
      vertex 12.85 7.79792 9.30208
      vertex 14.8 7.79792 9.30208
    endloop
  endfacet
  facet normal 0 0.773003 -0.634402
    outer loop
      vertex 12.85 7.79792 9.30208
      vertex 14.8 7.5865 9.04447
      vertex 12.85 7.5865 9.04447
    endloop
  endfacet
  facet normal 0 0.634402 -0.773003
    outer loop
      vertex 12.85 7.79792 9.30208
      vertex 14.8 8.05553 9.5135
      vertex 14.8 7.79792 9.30208
    endloop
  endfacet
  facet normal 0 0.634402 -0.773003
    outer loop
      vertex 14.8 8.05553 9.5135
      vertex 12.85 7.79792 9.30208
      vertex 12.85 8.05553 9.5135
    endloop
  endfacet
  facet normal 0 0.956941 -0.290284
    outer loop
      vertex 14.8 7.33266 8.43165
      vertex 12.85 7.4294 8.75056
      vertex 14.8 7.4294 8.75056
    endloop
  endfacet
  facet normal 0 0.956941 -0.290284
    outer loop
      vertex 12.85 7.4294 8.75056
      vertex 14.8 7.33266 8.43165
      vertex 12.85 7.33266 8.43165
    endloop
  endfacet
  facet normal -1 0 0
    outer loop
      vertex 14.8 10.6673 7.76835
      vertex 14.8 10.6673 8.43165
      vertex 14.8 10.7 8.1
    endloop
  endfacet
  facet normal -1 0 0
    outer loop
      vertex 14.8 10.5706 7.44944
      vertex 14.8 10.6673 8.43165
      vertex 14.8 10.6673 7.76835
    endloop
  endfacet
  facet normal -1 0 0
    outer loop
      vertex 14.8 10.5706 7.44944
      vertex 14.8 10.5706 8.75056
      vertex 14.8 10.6673 8.43165
    endloop
  endfacet
  facet normal -1 0 0
    outer loop
      vertex 14.8 10.4135 7.15553
      vertex 14.8 10.5706 8.75056
      vertex 14.8 10.5706 7.44944
    endloop
  endfacet
  facet normal -1 0 0
    outer loop
      vertex 14.8 10.4135 7.15553
      vertex 14.8 10.4135 9.04447
      vertex 14.8 10.5706 8.75056
    endloop
  endfacet
  facet normal -1 0 0
    outer loop
      vertex 14.8 10.2021 6.89792
      vertex 14.8 10.4135 9.04447
      vertex 14.8 10.4135 7.15553
    endloop
  endfacet
  facet normal -1 0 0
    outer loop
      vertex 14.8 10.2021 6.89792
      vertex 14.8 10.2021 9.30208
      vertex 14.8 10.4135 9.04447
    endloop
  endfacet
  facet normal -1 0 0
    outer loop
      vertex 14.8 9.94447 6.6865
      vertex 14.8 10.2021 9.30208
      vertex 14.8 10.2021 6.89792
    endloop
  endfacet
  facet normal -1 0 0
    outer loop
      vertex 14.8 9.94447 6.6865
      vertex 14.8 9.94447 9.5135
      vertex 14.8 10.2021 9.30208
    endloop
  endfacet
  facet normal -1 0 0
    outer loop
      vertex 14.8 9.65056 6.52941
      vertex 14.8 9.94447 9.5135
      vertex 14.8 9.94447 6.6865
    endloop
  endfacet
  facet normal -1 0 0
    outer loop
      vertex 14.8 9.65056 6.52941
      vertex 14.8 9.65056 9.6706
      vertex 14.8 9.94447 9.5135
    endloop
  endfacet
  facet normal -1 0 0
    outer loop
      vertex 14.8 9.33165 6.43267
      vertex 14.8 9.65056 9.6706
      vertex 14.8 9.65056 6.52941
    endloop
  endfacet
  facet normal -1 0 0
    outer loop
      vertex 14.8 9.33165 6.43267
      vertex 14.8 9.33165 9.76734
      vertex 14.8 9.65056 9.6706
    endloop
  endfacet
  facet normal -1 0 0
    outer loop
      vertex 14.8 9 6.4
      vertex 14.8 9.33165 9.76734
      vertex 14.8 9.33165 6.43267
    endloop
  endfacet
  facet normal -1 0 0
    outer loop
      vertex 14.8 9 6.4
      vertex 14.8 9 9.8
      vertex 14.8 9.33165 9.76734
    endloop
  endfacet
  facet normal -1 0 0
    outer loop
      vertex 14.8 8.66835 6.43267
      vertex 14.8 9 9.8
      vertex 14.8 9 6.4
    endloop
  endfacet
  facet normal -1 0 0
    outer loop
      vertex 14.8 8.66835 6.43267
      vertex 14.8 8.66835 9.76734
      vertex 14.8 9 9.8
    endloop
  endfacet
  facet normal -1 0 0
    outer loop
      vertex 14.8 8.34944 6.52941
      vertex 14.8 8.66835 9.76734
      vertex 14.8 8.66835 6.43267
    endloop
  endfacet
  facet normal -1 0 0
    outer loop
      vertex 14.8 8.34944 6.52941
      vertex 14.8 8.34944 9.6706
      vertex 14.8 8.66835 9.76734
    endloop
  endfacet
  facet normal -1 0 0
    outer loop
      vertex 14.8 8.05553 6.6865
      vertex 14.8 8.34944 9.6706
      vertex 14.8 8.34944 6.52941
    endloop
  endfacet
  facet normal -1 0 0
    outer loop
      vertex 14.8 8.05553 6.6865
      vertex 14.8 8.05553 9.5135
      vertex 14.8 8.34944 9.6706
    endloop
  endfacet
  facet normal -1 0 0
    outer loop
      vertex 14.8 7.79792 6.89792
      vertex 14.8 8.05553 9.5135
      vertex 14.8 8.05553 6.6865
    endloop
  endfacet
  facet normal -1 0 0
    outer loop
      vertex 14.8 7.79792 6.89792
      vertex 14.8 7.79792 9.30208
      vertex 14.8 8.05553 9.5135
    endloop
  endfacet
  facet normal -1 0 0
    outer loop
      vertex 14.8 7.5865 7.15553
      vertex 14.8 7.79792 9.30208
      vertex 14.8 7.79792 6.89792
    endloop
  endfacet
  facet normal -1 0 0
    outer loop
      vertex 14.8 7.5865 7.15553
      vertex 14.8 7.5865 9.04447
      vertex 14.8 7.79792 9.30208
    endloop
  endfacet
  facet normal -1 0 0
    outer loop
      vertex 14.8 7.4294 7.44944
      vertex 14.8 7.5865 9.04447
      vertex 14.8 7.5865 7.15553
    endloop
  endfacet
  facet normal -1 0 0
    outer loop
      vertex 14.8 7.4294 7.44944
      vertex 14.8 7.4294 8.75056
      vertex 14.8 7.5865 9.04447
    endloop
  endfacet
  facet normal -1 0 0
    outer loop
      vertex 14.8 7.33266 7.76835
      vertex 14.8 7.4294 8.75056
      vertex 14.8 7.4294 7.44944
    endloop
  endfacet
  facet normal -1 0 0
    outer loop
      vertex 14.8 7.33266 7.76835
      vertex 14.8 7.33266 8.43165
      vertex 14.8 7.4294 8.75056
    endloop
  endfacet
  facet normal -1 0 -0
    outer loop
      vertex 14.8 7.33266 8.43165
      vertex 14.8 7.33266 7.76835
      vertex 14.8 7.3 8.1
    endloop
  endfacet
  facet normal -0.696594 -0.0703353 0.71401
    outer loop
      vertex 12.05 9.00809 5.62031
      vertex 12.85 9 6.4
      vertex 12.85 9.33165 6.43267
    endloop
  endfacet
  facet normal -0.696582 -0.0706052 0.713995
    outer loop
      vertex 12.85 9 6.4
      vertex 12.05 9.00809 5.62031
      vertex 12.05 9 5.61951
    endloop
  endfacet
  facet normal -0.696599 -0.0703158 0.714007
    outer loop
      vertex 12.85 9.33165 6.43267
      vertex 12.05 9.48392 5.66717
      vertex 12.05 9.00809 5.62031
    endloop
  endfacet
  facet normal -0.696591 0.714014 0.0703142
    outer loop
      vertex 12.85 7.33266 7.76835
      vertex 12.05 6.56638 7.62417
      vertex 12.85 7.3 8.1
    endloop
  endfacet
  facet normal -0.696565 0.714097 0.0697326
    outer loop
      vertex 12.05 6.56638 7.62417
      vertex 12.85 7.33266 7.76835
      vertex 12.05 6.56717 7.61608
    endloop
  endfacet
  facet normal -0.696596 0.554609 0.455152
    outer loop
      vertex 12.85 7.5865 7.15553
      vertex 12.05 7.24087 6.35231
      vertex 12.05 6.93755 6.72191
    endloop
  endfacet
  facet normal -0.696604 -0.632735 0.338215
    outer loop
      vertex 12.85 10.5706 7.44944
      vertex 12.05 11.2917 7.15076
      vertex 12.05 11.0663 6.72908
    endloop
  endfacet
  facet normal -0.696595 0.0706039 -0.713982
    outer loop
      vertex 12.05 8.52417 10.5336
      vertex 12.85 8.66835 9.76734
      vertex 12.05 8.51608 10.5328
    endloop
  endfacet
  facet normal -0.696582 0.0703151 -0.714023
    outer loop
      vertex 12.85 8.66835 9.76734
      vertex 12.05 8.52417 10.5336
      vertex 12.85 9 9.8
    endloop
  endfacet
  facet normal -0.696597 0.208278 0.686566
    outer loop
      vertex 12.85 8.34944 6.52941
      vertex 12.05 8.5083 5.66953
      vertex 12.05 8.05076 5.80833
    endloop
  endfacet
  facet normal -0.696841 -0.6878 0.203334
    outer loop
      vertex 12.05 11.4305 7.6083
      vertex 12.85 10.6673 7.76835
      vertex 12.05 11.4328 7.61608
    endloop
  endfacet
  facet normal -0.69663 -0.686563 0.20818
    outer loop
      vertex 12.85 10.6673 7.76835
      vertex 12.05 11.4305 7.6083
      vertex 12.85 10.5706 7.44944
    endloop
  endfacet
  facet normal -0.696614 -0.455185 -0.554559
    outer loop
      vertex 12.05 10.7477 9.85913
      vertex 12.85 9.94447 9.5135
      vertex 12.05 10.3781 10.1625
    endloop
  endfacet
  facet normal -0.696565 0.714097 -0.0697326
    outer loop
      vertex 12.85 7.33266 8.43165
      vertex 12.05 6.56638 8.57583
      vertex 12.05 6.56717 8.58392
    endloop
  endfacet
  facet normal -0.696591 0.714014 -0.0703142
    outer loop
      vertex 12.05 6.56638 8.57583
      vertex 12.85 7.33266 8.43165
      vertex 12.85 7.3 8.1
    endloop
  endfacet
  facet normal -0.696604 0.338215 -0.632735
    outer loop
      vertex 12.05 8.05076 10.3917
      vertex 12.85 8.34944 9.6706
      vertex 12.05 7.62908 10.1663
    endloop
  endfacet
  facet normal -0.696592 0.632751 0.338209
    outer loop
      vertex 12.85 7.4294 7.44944
      vertex 12.05 6.93372 6.72908
      vertex 12.05 6.70833 7.15076
    endloop
  endfacet
  facet normal -0.696596 0.455152 0.554609
    outer loop
      vertex 12.85 8.05553 6.6865
      vertex 12.05 7.62191 6.03755
      vertex 12.05 7.25231 6.34087
    endloop
  endfacet
  facet normal -0.696593 0.338198 0.632756
    outer loop
      vertex 12.05 7.62908 6.03372
      vertex 12.85 8.05553 6.6865
      vertex 12.85 8.34944 6.52941
    endloop
  endfacet
  facet normal -0.696586 0.338047 0.632845
    outer loop
      vertex 12.85 8.05553 6.6865
      vertex 12.05 7.62908 6.03372
      vertex 12.05 7.62191 6.03755
    endloop
  endfacet
  facet normal -0.696582 0.0706052 0.713995
    outer loop
      vertex 12.05 8.99191 5.62031
      vertex 12.85 9 6.4
      vertex 12.05 9 5.61951
    endloop
  endfacet
  facet normal -0.696594 0.0703353 0.71401
    outer loop
      vertex 12.85 9 6.4
      vertex 12.05 8.99191 5.62031
      vertex 12.85 8.66835 6.43267
    endloop
  endfacet
  facet normal -0.6966 -0.208265 0.686567
    outer loop
      vertex 12.85 9.33165 6.43267
      vertex 12.05 9.4917 5.66953
      vertex 12.05 9.48392 5.66717
    endloop
  endfacet
  facet normal -0.6966 -0.208267 0.686567
    outer loop
      vertex 12.05 9.4917 5.66953
      vertex 12.85 9.33165 6.43267
      vertex 12.85 9.65056 6.52941
    endloop
  endfacet
  facet normal -0.696599 -0.45515 0.554607
    outer loop
      vertex 12.85 9.94447 6.6865
      vertex 12.05 10.7477 6.34087
      vertex 12.05 10.3781 6.03755
    endloop
  endfacet
  facet normal -0.696841 -0.6878 -0.203334
    outer loop
      vertex 12.85 10.6673 8.43165
      vertex 12.05 11.4305 8.5917
      vertex 12.05 11.4328 8.58392
    endloop
  endfacet
  facet normal -0.69663 -0.686563 -0.20818
    outer loop
      vertex 12.05 11.4305 8.5917
      vertex 12.85 10.6673 8.43165
      vertex 12.85 10.5706 8.75056
    endloop
  endfacet
  facet normal -0.696427 -0.334959 -0.634659
    outer loop
      vertex 12.85 9.94447 9.5135
      vertex 12.05 10.3709 10.1663
      vertex 12.05 10.3781 10.1625
    endloop
  endfacet
  facet normal -0.696598 -0.338212 -0.632743
    outer loop
      vertex 12.05 10.3709 10.1663
      vertex 12.85 9.94447 9.5135
      vertex 12.85 9.65056 9.6706
    endloop
  endfacet
  facet normal -0.696598 -0.0703753 -0.714002
    outer loop
      vertex 12.05 9.47583 10.5336
      vertex 12.85 9 9.8
      vertex 12.05 9 10.5805
    endloop
  endfacet
  facet normal -0.696594 0.632746 -0.338214
    outer loop
      vertex 12.05 6.93372 9.47092
      vertex 12.85 7.5865 9.04447
      vertex 12.85 7.4294 8.75056
    endloop
  endfacet
  facet normal -0.696586 0.632845 -0.338047
    outer loop
      vertex 12.85 7.5865 9.04447
      vertex 12.05 6.93372 9.47092
      vertex 12.05 6.93755 9.47809
    endloop
  endfacet
  facet normal -0.696596 0.554609 -0.455152
    outer loop
      vertex 12.05 7.24087 9.84769
      vertex 12.85 7.5865 9.04447
      vertex 12.05 6.93755 9.47809
    endloop
  endfacet
  facet normal -0.696611 0.455187 -0.554561
    outer loop
      vertex 12.05 7.62191 10.1625
      vertex 12.85 8.05553 9.5135
      vertex 12.05 7.25231 9.85913
    endloop
  endfacet
  facet normal -0.696599 0.5546 -0.455159
    outer loop
      vertex 12.05 7.24087 9.84769
      vertex 12.85 7.79792 9.30208
      vertex 12.85 7.5865 9.04447
    endloop
  endfacet
  facet normal -0.696617 0.554326 -0.455465
    outer loop
      vertex 12.85 7.79792 9.30208
      vertex 12.05 7.24087 9.84769
      vertex 12.05 7.24603 9.85397
    endloop
  endfacet
  facet normal -0.696592 0.68657 0.208279
    outer loop
      vertex 12.85 7.4294 7.44944
      vertex 12.05 6.70833 7.15076
      vertex 12.05 6.56953 7.6083
    endloop
  endfacet
  facet normal -0.696586 0.632845 0.338047
    outer loop
      vertex 12.05 6.93372 6.72908
      vertex 12.85 7.5865 7.15553
      vertex 12.05 6.93755 6.72191
    endloop
  endfacet
  facet normal -0.696594 0.632746 0.338214
    outer loop
      vertex 12.85 7.5865 7.15553
      vertex 12.05 6.93372 6.72908
      vertex 12.85 7.4294 7.44944
    endloop
  endfacet
  facet normal -0.696597 0.338207 0.632748
    outer loop
      vertex 12.85 8.34944 6.52941
      vertex 12.05 8.05076 5.80833
      vertex 12.05 7.62908 6.03372
    endloop
  endfacet
  facet normal -0.696599 0.0703158 0.714007
    outer loop
      vertex 12.85 8.66835 6.43267
      vertex 12.05 8.99191 5.62031
      vertex 12.05 8.51608 5.66717
    endloop
  endfacet
  facet normal -0.696413 -0.55708 0.452406
    outer loop
      vertex 12.85 10.2021 6.89792
      vertex 12.05 10.7591 6.35231
      vertex 12.05 10.754 6.34603
    endloop
  endfacet
  facet normal -0.696579 -0.554635 0.455145
    outer loop
      vertex 12.05 10.7591 6.35231
      vertex 12.85 10.2021 6.89792
      vertex 12.85 10.4135 7.15553
    endloop
  endfacet
  facet normal -0.696564 -0.454632 0.555074
    outer loop
      vertex 12.05 10.7477 6.34087
      vertex 12.85 10.2021 6.89792
      vertex 12.05 10.754 6.34603
    endloop
  endfacet
  facet normal -0.696595 -0.45514 0.55462
    outer loop
      vertex 12.85 10.2021 6.89792
      vertex 12.05 10.7477 6.34087
      vertex 12.85 9.94447 6.6865
    endloop
  endfacet
  facet normal -0.696609 -0.55454 0.455215
    outer loop
      vertex 12.85 10.4135 7.15553
      vertex 12.05 11.0625 6.72191
      vertex 12.05 10.7591 6.35231
    endloop
  endfacet
  facet normal -0.696489 -0.634027 0.336026
    outer loop
      vertex 12.85 10.4135 7.15553
      vertex 12.05 11.0663 6.72908
      vertex 12.05 11.0625 6.72191
    endloop
  endfacet
  facet normal -0.696602 -0.632739 0.33821
    outer loop
      vertex 12.05 11.0663 6.72908
      vertex 12.85 10.4135 7.15553
      vertex 12.85 10.5706 7.44944
    endloop
  endfacet
  facet normal -0.696597 -0.208278 0.686566
    outer loop
      vertex 12.85 9.65056 6.52941
      vertex 12.05 9.94924 5.80833
      vertex 12.05 9.4917 5.66953
    endloop
  endfacet
  facet normal -0.696596 -0.338219 0.632742
    outer loop
      vertex 12.85 9.65056 6.52941
      vertex 12.05 10.3709 6.03372
      vertex 12.05 9.94924 5.80833
    endloop
  endfacet
  facet normal -0.696606 -0.686558 0.208275
    outer loop
      vertex 12.85 10.5706 7.44944
      vertex 12.05 11.4305 7.6083
      vertex 12.05 11.2917 7.15076
    endloop
  endfacet
  facet normal -0.696602 -0.713998 -0.0703749
    outer loop
      vertex 12.05 11.4797 8.10809
      vertex 12.85 10.6673 8.43165
      vertex 12.05 11.4328 8.58392
    endloop
  endfacet
  facet normal -0.696609 -0.55454 -0.455215
    outer loop
      vertex 12.05 11.0625 9.47809
      vertex 12.85 10.4135 9.04447
      vertex 12.05 10.7591 9.84769
    endloop
  endfacet
  facet normal -0.696604 -0.632735 -0.338215
    outer loop
      vertex 12.05 11.2917 9.04924
      vertex 12.85 10.5706 8.75056
      vertex 12.05 11.0663 9.47092
    endloop
  endfacet
  facet normal -0.696606 -0.686558 -0.208275
    outer loop
      vertex 12.05 11.4305 8.5917
      vertex 12.85 10.5706 8.75056
      vertex 12.05 11.2917 9.04924
    endloop
  endfacet
  facet normal -0.696608 -0.208265 -0.686558
    outer loop
      vertex 12.85 9.33165 9.76734
      vertex 12.05 9.4917 10.5305
      vertex 12.85 9.65056 9.6706
    endloop
  endfacet
  facet normal -0.696823 -0.203339 -0.687816
    outer loop
      vertex 12.05 9.4917 10.5305
      vertex 12.85 9.33165 9.76734
      vertex 12.05 9.48392 10.5328
    endloop
  endfacet
  facet normal -0.696582 -0.0703151 -0.714023
    outer loop
      vertex 12.05 9.47583 10.5336
      vertex 12.85 9.33165 9.76734
      vertex 12.85 9 9.8
    endloop
  endfacet
  facet normal -0.696595 -0.0706039 -0.713982
    outer loop
      vertex 12.85 9.33165 9.76734
      vertex 12.05 9.47583 10.5336
      vertex 12.05 9.48392 10.5328
    endloop
  endfacet
  facet normal -0.696606 -0.208275 -0.686558
    outer loop
      vertex 12.05 9.94924 10.3917
      vertex 12.85 9.65056 9.6706
      vertex 12.05 9.4917 10.5305
    endloop
  endfacet
  facet normal -0.696603 -0.338228 -0.632729
    outer loop
      vertex 12.05 10.3709 10.1663
      vertex 12.85 9.65056 9.6706
      vertex 12.05 9.94924 10.3917
    endloop
  endfacet
  facet normal -0.696598 0.0703753 -0.714002
    outer loop
      vertex 12.05 9 10.5805
      vertex 12.85 9 9.8
      vertex 12.05 8.52417 10.5336
    endloop
  endfacet
  facet normal -0.696596 0.714008 0.070331
    outer loop
      vertex 12.85 7.3 8.1
      vertex 12.05 6.56638 7.62417
      vertex 12.05 6.51951 8.1
    endloop
  endfacet
  facet normal -0.696596 0.714008 -0.070331
    outer loop
      vertex 12.05 6.56638 8.57583
      vertex 12.85 7.3 8.1
      vertex 12.05 6.51951 8.1
    endloop
  endfacet
  facet normal -0.696595 0.686571 0.208268
    outer loop
      vertex 12.05 6.56953 7.6083
      vertex 12.85 7.33266 7.76835
      vertex 12.85 7.4294 7.44944
    endloop
  endfacet
  facet normal -0.696595 0.686571 0.208266
    outer loop
      vertex 12.85 7.33266 7.76835
      vertex 12.05 6.56953 7.6083
      vertex 12.05 6.56717 7.61608
    endloop
  endfacet
  facet normal -0.696592 0.632751 -0.338209
    outer loop
      vertex 12.05 6.93372 9.47092
      vertex 12.85 7.4294 8.75056
      vertex 12.05 6.70833 9.04924
    endloop
  endfacet
  facet normal -0.696592 0.68657 -0.208279
    outer loop
      vertex 12.05 6.70833 9.04924
      vertex 12.85 7.4294 8.75056
      vertex 12.05 6.56953 8.5917
    endloop
  endfacet
  facet normal -0.696823 0.203339 -0.687816
    outer loop
      vertex 12.85 8.66835 9.76734
      vertex 12.05 8.5083 10.5305
      vertex 12.05 8.51608 10.5328
    endloop
  endfacet
  facet normal -0.696608 0.208265 -0.686558
    outer loop
      vertex 12.05 8.5083 10.5305
      vertex 12.85 8.66835 9.76734
      vertex 12.85 8.34944 9.6706
    endloop
  endfacet
  facet normal -0.696606 0.208275 -0.686558
    outer loop
      vertex 12.05 8.5083 10.5305
      vertex 12.85 8.34944 9.6706
      vertex 12.05 8.05076 10.3917
    endloop
  endfacet
  facet normal -0.696602 0.33821 -0.632739
    outer loop
      vertex 12.85 8.05553 9.5135
      vertex 12.05 7.62908 10.1663
      vertex 12.85 8.34944 9.6706
    endloop
  endfacet
  facet normal -0.696489 0.336026 -0.634027
    outer loop
      vertex 12.05 7.62908 10.1663
      vertex 12.85 8.05553 9.5135
      vertex 12.05 7.62191 10.1625
    endloop
  endfacet
  facet normal -0.696617 0.554326 0.455465
    outer loop
      vertex 12.05 7.24087 6.35231
      vertex 12.85 7.79792 6.89792
      vertex 12.05 7.24603 6.34603
    endloop
  endfacet
  facet normal -0.696599 0.5546 0.455159
    outer loop
      vertex 12.85 7.79792 6.89792
      vertex 12.05 7.24087 6.35231
      vertex 12.85 7.5865 7.15553
    endloop
  endfacet
  facet normal -0.696599 0.455159 0.5546
    outer loop
      vertex 12.05 7.25231 6.34087
      vertex 12.85 7.79792 6.89792
      vertex 12.85 8.05553 6.6865
    endloop
  endfacet
  facet normal -0.696617 0.455465 0.554326
    outer loop
      vertex 12.85 7.79792 6.89792
      vertex 12.05 7.25231 6.34087
      vertex 12.05 7.24603 6.34603
    endloop
  endfacet
  facet normal -0.6966 0.208265 0.686567
    outer loop
      vertex 12.05 8.5083 5.66953
      vertex 12.85 8.66835 6.43267
      vertex 12.05 8.51608 5.66717
    endloop
  endfacet
  facet normal -0.6966 0.208267 0.686567
    outer loop
      vertex 12.85 8.66835 6.43267
      vertex 12.05 8.5083 5.66953
      vertex 12.85 8.34944 6.52941
    endloop
  endfacet
  facet normal -0.696526 -0.336977 0.633481
    outer loop
      vertex 12.05 10.3709 6.03372
      vertex 12.85 9.94447 6.6865
      vertex 12.05 10.3781 6.03755
    endloop
  endfacet
  facet normal -0.696589 -0.338199 0.63276
    outer loop
      vertex 12.85 9.94447 6.6865
      vertex 12.05 10.3709 6.03372
      vertex 12.85 9.65056 6.52941
    endloop
  endfacet
  facet normal -0.696587 -0.71399 -0.0706047
    outer loop
      vertex 12.85 10.7 8.1
      vertex 12.05 11.4797 8.10809
      vertex 12.05 11.4805 8.1
    endloop
  endfacet
  facet normal -0.696596 -0.714002 -0.0703991
    outer loop
      vertex 12.05 11.4797 8.10809
      vertex 12.85 10.7 8.1
      vertex 12.85 10.6673 8.43165
    endloop
  endfacet
  facet normal -0.696587 -0.71399 0.0706047
    outer loop
      vertex 12.05 11.4797 8.09191
      vertex 12.85 10.7 8.1
      vertex 12.05 11.4805 8.1
    endloop
  endfacet
  facet normal -0.696596 -0.714002 0.0703991
    outer loop
      vertex 12.85 10.7 8.1
      vertex 12.05 11.4797 8.09191
      vertex 12.85 10.6673 7.76835
    endloop
  endfacet
  facet normal -0.696602 -0.713998 0.0703749
    outer loop
      vertex 12.85 10.6673 7.76835
      vertex 12.05 11.4797 8.09191
      vertex 12.05 11.4328 7.61608
    endloop
  endfacet
  facet normal -0.696579 -0.554635 -0.455145
    outer loop
      vertex 12.85 10.2021 9.30208
      vertex 12.05 10.7591 9.84769
      vertex 12.85 10.4135 9.04447
    endloop
  endfacet
  facet normal -0.696413 -0.55708 -0.452406
    outer loop
      vertex 12.05 10.7591 9.84769
      vertex 12.85 10.2021 9.30208
      vertex 12.05 10.754 9.85397
    endloop
  endfacet
  facet normal -0.696564 -0.454632 -0.555074
    outer loop
      vertex 12.85 10.2021 9.30208
      vertex 12.05 10.7477 9.85913
      vertex 12.05 10.754 9.85397
    endloop
  endfacet
  facet normal -0.696595 -0.45514 -0.55462
    outer loop
      vertex 12.05 10.7477 9.85913
      vertex 12.85 10.2021 9.30208
      vertex 12.85 9.94447 9.5135
    endloop
  endfacet
  facet normal -0.696602 -0.632739 -0.33821
    outer loop
      vertex 12.85 10.4135 9.04447
      vertex 12.05 11.0663 9.47092
      vertex 12.85 10.5706 8.75056
    endloop
  endfacet
  facet normal -0.696489 -0.634027 -0.336026
    outer loop
      vertex 12.05 11.0663 9.47092
      vertex 12.85 10.4135 9.04447
      vertex 12.05 11.0625 9.47809
    endloop
  endfacet
  facet normal -0.696595 0.686571 -0.208268
    outer loop
      vertex 12.85 7.33266 8.43165
      vertex 12.05 6.56953 8.5917
      vertex 12.85 7.4294 8.75056
    endloop
  endfacet
  facet normal -0.696595 0.686571 -0.208266
    outer loop
      vertex 12.05 6.56953 8.5917
      vertex 12.85 7.33266 8.43165
      vertex 12.05 6.56717 8.58392
    endloop
  endfacet
  facet normal -0.696599 0.455159 -0.5546
    outer loop
      vertex 12.85 7.79792 9.30208
      vertex 12.05 7.25231 9.85913
      vertex 12.85 8.05553 9.5135
    endloop
  endfacet
  facet normal -0.696617 0.455465 -0.554326
    outer loop
      vertex 12.05 7.25231 9.85913
      vertex 12.85 7.79792 9.30208
      vertex 12.05 7.24603 9.85397
    endloop
  endfacet
  facet normal 0 -0.634417 0.772991
    outer loop
      vertex 12.85 19.2021 6.89792
      vertex 14.8 18.9445 6.6865
      vertex 14.8 19.2021 6.89792
    endloop
  endfacet
  facet normal 0 -0.634417 0.772991
    outer loop
      vertex 14.8 18.9445 6.6865
      vertex 12.85 19.2021 6.89792
      vertex 12.85 18.9445 6.6865
    endloop
  endfacet
  facet normal 0 -0.995174 0.0981221
    outer loop
      vertex 12.85 19.6673 7.76835
      vertex 14.8 19.7 8.1
      vertex 12.85 19.7 8.1
    endloop
  endfacet
  facet normal 0 -0.995174 0.0981221
    outer loop
      vertex 14.8 19.7 8.1
      vertex 12.85 19.6673 7.76835
      vertex 14.8 19.6673 7.76835
    endloop
  endfacet
  facet normal 0 -0.881919 -0.471401
    outer loop
      vertex 12.85 19.5706 8.75056
      vertex 14.8 19.4135 9.04447
      vertex 12.85 19.4135 9.04447
    endloop
  endfacet
  facet normal 0 -0.881919 -0.471401
    outer loop
      vertex 14.8 19.4135 9.04447
      vertex 12.85 19.5706 8.75056
      vertex 14.8 19.5706 8.75056
    endloop
  endfacet
  facet normal 0 -0.290292 -0.956938
    outer loop
      vertex 12.85 18.3317 9.76734
      vertex 14.8 18.6506 9.6706
      vertex 14.8 18.3317 9.76734
    endloop
  endfacet
  facet normal -0 -0.290292 -0.956938
    outer loop
      vertex 14.8 18.6506 9.6706
      vertex 12.85 18.3317 9.76734
      vertex 12.85 18.6506 9.6706
    endloop
  endfacet
  facet normal -0 0.0980183 0.995185
    outer loop
      vertex 12.85 18 6.4
      vertex 14.8 17.6683 6.43267
      vertex 14.8 18 6.4
    endloop
  endfacet
  facet normal 0 0.0980183 0.995185
    outer loop
      vertex 14.8 17.6683 6.43267
      vertex 12.85 18 6.4
      vertex 12.85 17.6683 6.43267
    endloop
  endfacet
  facet normal 0 -0.290292 0.956938
    outer loop
      vertex 12.85 18.6506 6.52941
      vertex 14.8 18.3317 6.43267
      vertex 14.8 18.6506 6.52941
    endloop
  endfacet
  facet normal 0 -0.290292 0.956938
    outer loop
      vertex 14.8 18.3317 6.43267
      vertex 12.85 18.6506 6.52941
      vertex 12.85 18.3317 6.43267
    endloop
  endfacet
  facet normal 0 -0.47139 0.881925
    outer loop
      vertex 12.85 18.9445 6.6865
      vertex 14.8 18.6506 6.52941
      vertex 14.8 18.9445 6.6865
    endloop
  endfacet
  facet normal 0 -0.47139 0.881925
    outer loop
      vertex 14.8 18.6506 6.52941
      vertex 12.85 18.9445 6.6865
      vertex 12.85 18.6506 6.52941
    endloop
  endfacet
  facet normal 0 -0.995174 -0.0981221
    outer loop
      vertex 12.85 19.7 8.1
      vertex 14.8 19.6673 8.43165
      vertex 12.85 19.6673 8.43165
    endloop
  endfacet
  facet normal 0 -0.995174 -0.0981221
    outer loop
      vertex 14.8 19.6673 8.43165
      vertex 12.85 19.7 8.1
      vertex 14.8 19.7 8.1
    endloop
  endfacet
  facet normal 0 -0.881919 0.471401
    outer loop
      vertex 12.85 19.4135 7.15553
      vertex 14.8 19.5706 7.44944
      vertex 12.85 19.5706 7.44944
    endloop
  endfacet
  facet normal 0 -0.881919 0.471401
    outer loop
      vertex 14.8 19.5706 7.44944
      vertex 12.85 19.4135 7.15553
      vertex 14.8 19.4135 7.15553
    endloop
  endfacet
  facet normal 0 0.0979886 -0.995188
    outer loop
      vertex 12.85 17.6683 9.76734
      vertex 14.8 18 9.8
      vertex 14.8 17.6683 9.76734
    endloop
  endfacet
  facet normal 0 0.0979886 -0.995188
    outer loop
      vertex 14.8 18 9.8
      vertex 12.85 17.6683 9.76734
      vertex 12.85 18 9.8
    endloop
  endfacet
  facet normal 0 -0.471413 -0.881912
    outer loop
      vertex 12.85 18.6506 9.6706
      vertex 14.8 18.9445 9.5135
      vertex 14.8 18.6506 9.6706
    endloop
  endfacet
  facet normal -0 -0.471413 -0.881912
    outer loop
      vertex 14.8 18.9445 9.5135
      vertex 12.85 18.6506 9.6706
      vertex 12.85 18.9445 9.5135
    endloop
  endfacet
  facet normal 0 -0.773033 -0.634366
    outer loop
      vertex 12.85 19.4135 9.04447
      vertex 14.8 19.2021 9.30208
      vertex 12.85 19.2021 9.30208
    endloop
  endfacet
  facet normal 0 -0.773033 -0.634366
    outer loop
      vertex 14.8 19.2021 9.30208
      vertex 12.85 19.4135 9.04447
      vertex 14.8 19.4135 9.04447
    endloop
  endfacet
  facet normal 0 -0.956974 -0.290174
    outer loop
      vertex 12.85 19.6673 8.43165
      vertex 14.8 19.5706 8.75056
      vertex 12.85 19.5706 8.75056
    endloop
  endfacet
  facet normal 0 -0.956974 -0.290174
    outer loop
      vertex 14.8 19.5706 8.75056
      vertex 12.85 19.6673 8.43165
      vertex 14.8 19.6673 8.43165
    endloop
  endfacet
  facet normal 0 -0.634417 -0.772991
    outer loop
      vertex 12.85 18.9445 9.5135
      vertex 14.8 19.2021 9.30208
      vertex 14.8 18.9445 9.5135
    endloop
  endfacet
  facet normal -0 -0.634417 -0.772991
    outer loop
      vertex 14.8 19.2021 9.30208
      vertex 12.85 18.9445 9.5135
      vertex 12.85 19.2021 9.30208
    endloop
  endfacet
  facet normal 0 -0.0980183 0.995185
    outer loop
      vertex 12.85 18.3317 6.43267
      vertex 14.8 18 6.4
      vertex 14.8 18.3317 6.43267
    endloop
  endfacet
  facet normal 0 -0.0980183 0.995185
    outer loop
      vertex 14.8 18 6.4
      vertex 12.85 18.3317 6.43267
      vertex 12.85 18 6.4
    endloop
  endfacet
  facet normal 0 0.773033 0.634366
    outer loop
      vertex 14.8 16.7979 6.89792
      vertex 12.85 16.5865 7.15553
      vertex 14.8 16.5865 7.15553
    endloop
  endfacet
  facet normal 0 0.773033 0.634366
    outer loop
      vertex 12.85 16.5865 7.15553
      vertex 14.8 16.7979 6.89792
      vertex 12.85 16.7979 6.89792
    endloop
  endfacet
  facet normal -0 0.47139 0.881925
    outer loop
      vertex 12.85 17.3494 6.52941
      vertex 14.8 17.0555 6.6865
      vertex 14.8 17.3494 6.52941
    endloop
  endfacet
  facet normal 0 0.47139 0.881925
    outer loop
      vertex 14.8 17.0555 6.6865
      vertex 12.85 17.3494 6.52941
      vertex 12.85 17.0555 6.6865
    endloop
  endfacet
  facet normal 0 0.290292 -0.956938
    outer loop
      vertex 12.85 17.3494 9.6706
      vertex 14.8 17.6683 9.76734
      vertex 14.8 17.3494 9.6706
    endloop
  endfacet
  facet normal 0 0.290292 -0.956938
    outer loop
      vertex 14.8 17.6683 9.76734
      vertex 12.85 17.3494 9.6706
      vertex 12.85 17.6683 9.76734
    endloop
  endfacet
  facet normal 0 -0.773033 0.634366
    outer loop
      vertex 12.85 19.2021 6.89792
      vertex 14.8 19.4135 7.15553
      vertex 12.85 19.4135 7.15553
    endloop
  endfacet
  facet normal 0 -0.773033 0.634366
    outer loop
      vertex 14.8 19.4135 7.15553
      vertex 12.85 19.2021 6.89792
      vertex 14.8 19.2021 6.89792
    endloop
  endfacet
  facet normal 0 -0.956974 0.290174
    outer loop
      vertex 12.85 19.5706 7.44944
      vertex 14.8 19.6673 7.76835
      vertex 12.85 19.6673 7.76835
    endloop
  endfacet
  facet normal 0 -0.956974 0.290174
    outer loop
      vertex 14.8 19.6673 7.76835
      vertex 12.85 19.5706 7.44944
      vertex 14.8 19.5706 7.44944
    endloop
  endfacet
  facet normal 0 -0.0979886 -0.995188
    outer loop
      vertex 12.85 18 9.8
      vertex 14.8 18.3317 9.76734
      vertex 14.8 18 9.8
    endloop
  endfacet
  facet normal -0 -0.0979886 -0.995188
    outer loop
      vertex 14.8 18.3317 9.76734
      vertex 12.85 18 9.8
      vertex 12.85 18.3317 9.76734
    endloop
  endfacet
  facet normal 0 0.471413 -0.881912
    outer loop
      vertex 12.85 17.0555 9.5135
      vertex 14.8 17.3494 9.6706
      vertex 14.8 17.0555 9.5135
    endloop
  endfacet
  facet normal 0 0.471413 -0.881912
    outer loop
      vertex 14.8 17.3494 9.6706
      vertex 12.85 17.0555 9.5135
      vertex 12.85 17.3494 9.6706
    endloop
  endfacet
  facet normal 0 0.956974 0.290174
    outer loop
      vertex 14.8 16.4294 7.44944
      vertex 12.85 16.3327 7.76835
      vertex 14.8 16.3327 7.76835
    endloop
  endfacet
  facet normal 0 0.956974 0.290174
    outer loop
      vertex 12.85 16.3327 7.76835
      vertex 14.8 16.4294 7.44944
      vertex 12.85 16.4294 7.44944
    endloop
  endfacet
  facet normal 0 0.881919 0.471401
    outer loop
      vertex 14.8 16.5865 7.15553
      vertex 12.85 16.4294 7.44944
      vertex 14.8 16.4294 7.44944
    endloop
  endfacet
  facet normal 0 0.881919 0.471401
    outer loop
      vertex 12.85 16.4294 7.44944
      vertex 14.8 16.5865 7.15553
      vertex 12.85 16.5865 7.15553
    endloop
  endfacet
  facet normal -0 0.290292 0.956938
    outer loop
      vertex 12.85 17.6683 6.43267
      vertex 14.8 17.3494 6.52941
      vertex 14.8 17.6683 6.43267
    endloop
  endfacet
  facet normal 0 0.290292 0.956938
    outer loop
      vertex 14.8 17.3494 6.52941
      vertex 12.85 17.6683 6.43267
      vertex 12.85 17.3494 6.52941
    endloop
  endfacet
  facet normal 0 0.881919 -0.471401
    outer loop
      vertex 14.8 16.4294 8.75056
      vertex 12.85 16.5865 9.04447
      vertex 14.8 16.5865 9.04447
    endloop
  endfacet
  facet normal 0 0.881919 -0.471401
    outer loop
      vertex 12.85 16.5865 9.04447
      vertex 14.8 16.4294 8.75056
      vertex 12.85 16.4294 8.75056
    endloop
  endfacet
  facet normal 0 0.995174 0.0981221
    outer loop
      vertex 14.8 16.3327 7.76835
      vertex 12.85 16.3 8.1
      vertex 14.8 16.3 8.1
    endloop
  endfacet
  facet normal 0 0.995174 0.0981221
    outer loop
      vertex 12.85 16.3 8.1
      vertex 14.8 16.3327 7.76835
      vertex 12.85 16.3327 7.76835
    endloop
  endfacet
  facet normal 0 0.995174 -0.0981221
    outer loop
      vertex 14.8 16.3 8.1
      vertex 12.85 16.3327 8.43165
      vertex 14.8 16.3327 8.43165
    endloop
  endfacet
  facet normal 0 0.995174 -0.0981221
    outer loop
      vertex 12.85 16.3327 8.43165
      vertex 14.8 16.3 8.1
      vertex 12.85 16.3 8.1
    endloop
  endfacet
  facet normal 0 0.773033 -0.634366
    outer loop
      vertex 14.8 16.5865 9.04447
      vertex 12.85 16.7979 9.30208
      vertex 14.8 16.7979 9.30208
    endloop
  endfacet
  facet normal 0 0.773033 -0.634366
    outer loop
      vertex 12.85 16.7979 9.30208
      vertex 14.8 16.5865 9.04447
      vertex 12.85 16.5865 9.04447
    endloop
  endfacet
  facet normal 0 0.634417 -0.772991
    outer loop
      vertex 12.85 16.7979 9.30208
      vertex 14.8 17.0555 9.5135
      vertex 14.8 16.7979 9.30208
    endloop
  endfacet
  facet normal 0 0.634417 -0.772991
    outer loop
      vertex 14.8 17.0555 9.5135
      vertex 12.85 16.7979 9.30208
      vertex 12.85 17.0555 9.5135
    endloop
  endfacet
  facet normal -0 0.634417 0.772991
    outer loop
      vertex 12.85 17.0555 6.6865
      vertex 14.8 16.7979 6.89792
      vertex 14.8 17.0555 6.6865
    endloop
  endfacet
  facet normal 0 0.634417 0.772991
    outer loop
      vertex 14.8 16.7979 6.89792
      vertex 12.85 17.0555 6.6865
      vertex 12.85 16.7979 6.89792
    endloop
  endfacet
  facet normal 0 0.956974 -0.290174
    outer loop
      vertex 14.8 16.3327 8.43165
      vertex 12.85 16.4294 8.75056
      vertex 14.8 16.4294 8.75056
    endloop
  endfacet
  facet normal 0 0.956974 -0.290174
    outer loop
      vertex 12.85 16.4294 8.75056
      vertex 14.8 16.3327 8.43165
      vertex 12.85 16.3327 8.43165
    endloop
  endfacet
  facet normal -1 0 0
    outer loop
      vertex 14.8 19.6673 7.76835
      vertex 14.8 19.6673 8.43165
      vertex 14.8 19.7 8.1
    endloop
  endfacet
  facet normal -1 0 0
    outer loop
      vertex 14.8 19.5706 7.44944
      vertex 14.8 19.6673 8.43165
      vertex 14.8 19.6673 7.76835
    endloop
  endfacet
  facet normal -1 0 0
    outer loop
      vertex 14.8 19.5706 7.44944
      vertex 14.8 19.5706 8.75056
      vertex 14.8 19.6673 8.43165
    endloop
  endfacet
  facet normal -1 0 0
    outer loop
      vertex 14.8 19.4135 7.15553
      vertex 14.8 19.5706 8.75056
      vertex 14.8 19.5706 7.44944
    endloop
  endfacet
  facet normal -1 0 0
    outer loop
      vertex 14.8 19.4135 7.15553
      vertex 14.8 19.4135 9.04447
      vertex 14.8 19.5706 8.75056
    endloop
  endfacet
  facet normal -1 0 0
    outer loop
      vertex 14.8 19.2021 6.89792
      vertex 14.8 19.4135 9.04447
      vertex 14.8 19.4135 7.15553
    endloop
  endfacet
  facet normal -1 0 0
    outer loop
      vertex 14.8 19.2021 6.89792
      vertex 14.8 19.2021 9.30208
      vertex 14.8 19.4135 9.04447
    endloop
  endfacet
  facet normal -1 0 0
    outer loop
      vertex 14.8 18.9445 6.6865
      vertex 14.8 19.2021 9.30208
      vertex 14.8 19.2021 6.89792
    endloop
  endfacet
  facet normal -1 0 0
    outer loop
      vertex 14.8 18.9445 6.6865
      vertex 14.8 18.9445 9.5135
      vertex 14.8 19.2021 9.30208
    endloop
  endfacet
  facet normal -1 0 0
    outer loop
      vertex 14.8 18.6506 6.52941
      vertex 14.8 18.9445 9.5135
      vertex 14.8 18.9445 6.6865
    endloop
  endfacet
  facet normal -1 0 0
    outer loop
      vertex 14.8 18.6506 6.52941
      vertex 14.8 18.6506 9.6706
      vertex 14.8 18.9445 9.5135
    endloop
  endfacet
  facet normal -1 0 0
    outer loop
      vertex 14.8 18.3317 6.43267
      vertex 14.8 18.6506 9.6706
      vertex 14.8 18.6506 6.52941
    endloop
  endfacet
  facet normal -1 0 0
    outer loop
      vertex 14.8 18.3317 6.43267
      vertex 14.8 18.3317 9.76734
      vertex 14.8 18.6506 9.6706
    endloop
  endfacet
  facet normal -1 0 0
    outer loop
      vertex 14.8 18 6.4
      vertex 14.8 18.3317 9.76734
      vertex 14.8 18.3317 6.43267
    endloop
  endfacet
  facet normal -1 0 0
    outer loop
      vertex 14.8 18 6.4
      vertex 14.8 18 9.8
      vertex 14.8 18.3317 9.76734
    endloop
  endfacet
  facet normal -1 0 0
    outer loop
      vertex 14.8 17.6683 6.43267
      vertex 14.8 18 9.8
      vertex 14.8 18 6.4
    endloop
  endfacet
  facet normal -1 0 0
    outer loop
      vertex 14.8 17.6683 6.43267
      vertex 14.8 17.6683 9.76734
      vertex 14.8 18 9.8
    endloop
  endfacet
  facet normal -1 0 0
    outer loop
      vertex 14.8 17.3494 6.52941
      vertex 14.8 17.6683 9.76734
      vertex 14.8 17.6683 6.43267
    endloop
  endfacet
  facet normal -1 0 0
    outer loop
      vertex 14.8 17.3494 6.52941
      vertex 14.8 17.3494 9.6706
      vertex 14.8 17.6683 9.76734
    endloop
  endfacet
  facet normal -1 0 0
    outer loop
      vertex 14.8 17.0555 6.6865
      vertex 14.8 17.3494 9.6706
      vertex 14.8 17.3494 6.52941
    endloop
  endfacet
  facet normal -1 0 0
    outer loop
      vertex 14.8 17.0555 6.6865
      vertex 14.8 17.0555 9.5135
      vertex 14.8 17.3494 9.6706
    endloop
  endfacet
  facet normal -1 0 0
    outer loop
      vertex 14.8 16.7979 6.89792
      vertex 14.8 17.0555 9.5135
      vertex 14.8 17.0555 6.6865
    endloop
  endfacet
  facet normal -1 0 0
    outer loop
      vertex 14.8 16.7979 6.89792
      vertex 14.8 16.7979 9.30208
      vertex 14.8 17.0555 9.5135
    endloop
  endfacet
  facet normal -1 0 0
    outer loop
      vertex 14.8 16.5865 7.15553
      vertex 14.8 16.7979 9.30208
      vertex 14.8 16.7979 6.89792
    endloop
  endfacet
  facet normal -1 0 0
    outer loop
      vertex 14.8 16.5865 7.15553
      vertex 14.8 16.5865 9.04447
      vertex 14.8 16.7979 9.30208
    endloop
  endfacet
  facet normal -1 0 0
    outer loop
      vertex 14.8 16.4294 7.44944
      vertex 14.8 16.5865 9.04447
      vertex 14.8 16.5865 7.15553
    endloop
  endfacet
  facet normal -1 0 0
    outer loop
      vertex 14.8 16.4294 7.44944
      vertex 14.8 16.4294 8.75056
      vertex 14.8 16.5865 9.04447
    endloop
  endfacet
  facet normal -1 0 0
    outer loop
      vertex 14.8 16.3327 7.76835
      vertex 14.8 16.4294 8.75056
      vertex 14.8 16.4294 7.44944
    endloop
  endfacet
  facet normal -1 0 0
    outer loop
      vertex 14.8 16.3327 7.76835
      vertex 14.8 16.3327 8.43165
      vertex 14.8 16.4294 8.75056
    endloop
  endfacet
  facet normal -1 0 -0
    outer loop
      vertex 14.8 16.3327 8.43165
      vertex 14.8 16.3327 7.76835
      vertex 14.8 16.3 8.1
    endloop
  endfacet
  facet normal -0.696595 -0.0703247 0.71401
    outer loop
      vertex 12.05 18.0081 5.62031
      vertex 12.85 18 6.4
      vertex 12.85 18.3317 6.43267
    endloop
  endfacet
  facet normal -0.696586 -0.0705184 0.713999
    outer loop
      vertex 12.85 18 6.4
      vertex 12.05 18.0081 5.62031
      vertex 12.05 18 5.61951
    endloop
  endfacet
  facet normal -0.696596 -0.0703204 0.714009
    outer loop
      vertex 12.85 18.3317 6.43267
      vertex 12.05 18.4839 5.66717
      vertex 12.05 18.0081 5.62031
    endloop
  endfacet
  facet normal -0.696604 0.713994 0.0703983
    outer loop
      vertex 12.85 16.3327 7.76835
      vertex 12.05 15.5664 7.62417
      vertex 12.85 16.3 8.1
    endloop
  endfacet
  facet normal -0.696613 0.713965 0.0706022
    outer loop
      vertex 12.05 15.5664 7.62417
      vertex 12.85 16.3327 7.76835
      vertex 12.05 15.5672 7.61608
    endloop
  endfacet
  facet normal -0.696609 0.55454 0.455215
    outer loop
      vertex 12.85 16.5865 7.15553
      vertex 12.05 16.2409 6.35231
      vertex 12.05 15.9375 6.72191
    endloop
  endfacet
  facet normal -0.696604 -0.632735 0.338215
    outer loop
      vertex 12.85 19.5706 7.44944
      vertex 12.05 20.2917 7.15076
      vertex 12.05 20.0663 6.72908
    endloop
  endfacet
  facet normal -0.696587 0.0705183 -0.713998
    outer loop
      vertex 12.05 17.5242 10.5336
      vertex 12.85 17.6683 9.76734
      vertex 12.05 17.5161 10.5328
    endloop
  endfacet
  facet normal -0.696578 0.070305 -0.714028
    outer loop
      vertex 12.85 17.6683 9.76734
      vertex 12.05 17.5242 10.5336
      vertex 12.85 18 9.8
    endloop
  endfacet
  facet normal -0.696587 0.208297 0.68657
    outer loop
      vertex 12.85 17.3494 6.52941
      vertex 12.05 17.5083 5.66953
      vertex 12.05 17.0508 5.80833
    endloop
  endfacet
  facet normal -0.696841 -0.6878 0.203334
    outer loop
      vertex 12.05 20.4305 7.6083
      vertex 12.85 19.6673 7.76835
      vertex 12.05 20.4328 7.61608
    endloop
  endfacet
  facet normal -0.69663 -0.686563 0.20818
    outer loop
      vertex 12.85 19.6673 7.76835
      vertex 12.05 20.4305 7.6083
      vertex 12.85 19.5706 7.44944
    endloop
  endfacet
  facet normal -0.696605 -0.455191 -0.554566
    outer loop
      vertex 12.05 19.7477 9.85913
      vertex 12.85 18.9445 9.5135
      vertex 12.05 19.3781 10.1625
    endloop
  endfacet
  facet normal -0.69663 0.686563 -0.20818
    outer loop
      vertex 12.85 16.3327 8.43165
      vertex 12.05 15.5695 8.5917
      vertex 12.85 16.4294 8.75056
    endloop
  endfacet
  facet normal -0.696841 0.6878 -0.203334
    outer loop
      vertex 12.05 15.5695 8.5917
      vertex 12.85 16.3327 8.43165
      vertex 12.05 15.5672 8.58392
    endloop
  endfacet
  facet normal -0.696587 0.33821 -0.632756
    outer loop
      vertex 12.05 17.0508 10.3917
      vertex 12.85 17.3494 9.6706
      vertex 12.05 16.6291 10.1663
    endloop
  endfacet
  facet normal -0.696604 0.632735 0.338215
    outer loop
      vertex 12.85 16.4294 7.44944
      vertex 12.05 15.9337 6.72908
      vertex 12.05 15.7083 7.15076
    endloop
  endfacet
  facet normal -0.69659 0.455155 0.554614
    outer loop
      vertex 12.85 17.0555 6.6865
      vertex 12.05 16.6219 6.03755
      vertex 12.05 16.2523 6.34087
    endloop
  endfacet
  facet normal -0.696583 0.338211 0.63276
    outer loop
      vertex 12.05 16.6291 6.03372
      vertex 12.85 17.0555 6.6865
      vertex 12.85 17.3494 6.52941
    endloop
  endfacet
  facet normal -0.696519 0.33698 0.633487
    outer loop
      vertex 12.85 17.0555 6.6865
      vertex 12.05 16.6291 6.03372
      vertex 12.05 16.6219 6.03755
    endloop
  endfacet
  facet normal -0.696586 0.0705184 0.713999
    outer loop
      vertex 12.05 17.9919 5.62031
      vertex 12.85 18 6.4
      vertex 12.05 18 5.61951
    endloop
  endfacet
  facet normal -0.696595 0.0703247 0.71401
    outer loop
      vertex 12.85 18 6.4
      vertex 12.05 17.9919 5.62031
      vertex 12.85 17.6683 6.43267
    endloop
  endfacet
  facet normal -0.696615 -0.207771 0.686701
    outer loop
      vertex 12.85 18.3317 6.43267
      vertex 12.05 18.4917 5.66953
      vertex 12.05 18.4839 5.66717
    endloop
  endfacet
  facet normal -0.696593 -0.208275 0.686571
    outer loop
      vertex 12.05 18.4917 5.66953
      vertex 12.85 18.3317 6.43267
      vertex 12.85 18.6506 6.52941
    endloop
  endfacet
  facet normal -0.69659 -0.455155 0.554614
    outer loop
      vertex 12.85 18.9445 6.6865
      vertex 12.05 19.7477 6.34087
      vertex 12.05 19.3781 6.03755
    endloop
  endfacet
  facet normal -0.696602 -0.713998 0.0703749
    outer loop
      vertex 12.85 19.6673 7.76835
      vertex 12.05 20.4797 8.09191
      vertex 12.05 20.4328 7.61608
    endloop
  endfacet
  facet normal -0.696604 -0.632735 -0.338215
    outer loop
      vertex 12.05 20.2917 9.04924
      vertex 12.85 19.5706 8.75056
      vertex 12.05 20.0663 9.47092
    endloop
  endfacet
  facet normal -0.696421 -0.334962 -0.634664
    outer loop
      vertex 12.85 18.9445 9.5135
      vertex 12.05 19.3709 10.1663
      vertex 12.05 19.3781 10.1625
    endloop
  endfacet
  facet normal -0.696592 -0.338224 -0.632743
    outer loop
      vertex 12.05 19.3709 10.1663
      vertex 12.85 18.9445 9.5135
      vertex 12.85 18.6506 9.6706
    endloop
  endfacet
  facet normal -0.696598 -0.0703797 -0.714002
    outer loop
      vertex 12.05 18.4758 10.5336
      vertex 12.85 18 9.8
      vertex 12.05 18 10.5805
    endloop
  endfacet
  facet normal -0.696602 0.632739 -0.33821
    outer loop
      vertex 12.05 15.9337 9.47092
      vertex 12.85 16.5865 9.04447
      vertex 12.85 16.4294 8.75056
    endloop
  endfacet
  facet normal -0.696489 0.634027 -0.336026
    outer loop
      vertex 12.85 16.5865 9.04447
      vertex 12.05 15.9337 9.47092
      vertex 12.05 15.9375 9.47809
    endloop
  endfacet
  facet normal -0.696609 0.55454 -0.455215
    outer loop
      vertex 12.05 16.2409 9.84769
      vertex 12.85 16.5865 9.04447
      vertex 12.05 15.9375 9.47809
    endloop
  endfacet
  facet normal -0.696605 0.455191 -0.554566
    outer loop
      vertex 12.05 16.6219 10.1625
      vertex 12.85 17.0555 9.5135
      vertex 12.05 16.2523 9.85913
    endloop
  endfacet
  facet normal -0.696596 0.455171 -0.554593
    outer loop
      vertex 12.85 16.7979 9.30208
      vertex 12.05 16.2523 9.85913
      vertex 12.85 17.0555 9.5135
    endloop
  endfacet
  facet normal -0.696564 0.454632 -0.555074
    outer loop
      vertex 12.05 16.2523 9.85913
      vertex 12.85 16.7979 9.30208
      vertex 12.05 16.246 9.85397
    endloop
  endfacet
  facet normal -0.696606 0.686558 0.208275
    outer loop
      vertex 12.85 16.4294 7.44944
      vertex 12.05 15.7083 7.15076
      vertex 12.05 15.5695 7.6083
    endloop
  endfacet
  facet normal -0.696489 0.634027 0.336026
    outer loop
      vertex 12.05 15.9337 6.72908
      vertex 12.85 16.5865 7.15553
      vertex 12.05 15.9375 6.72191
    endloop
  endfacet
  facet normal -0.696602 0.632739 0.33821
    outer loop
      vertex 12.85 16.5865 7.15553
      vertex 12.05 15.9337 6.72908
      vertex 12.85 16.4294 7.44944
    endloop
  endfacet
  facet normal -0.69658 0.338202 0.632769
    outer loop
      vertex 12.85 17.3494 6.52941
      vertex 12.05 17.0508 5.80833
      vertex 12.05 16.6291 6.03372
    endloop
  endfacet
  facet normal -0.696596 0.0703204 0.714009
    outer loop
      vertex 12.85 17.6683 6.43267
      vertex 12.05 17.9919 5.62031
      vertex 12.05 17.5161 5.66717
    endloop
  endfacet
  facet normal -0.696413 -0.55708 0.452406
    outer loop
      vertex 12.85 19.2021 6.89792
      vertex 12.05 19.7591 6.35231
      vertex 12.05 19.754 6.34603
    endloop
  endfacet
  facet normal -0.696579 -0.554635 0.455145
    outer loop
      vertex 12.05 19.7591 6.35231
      vertex 12.85 19.2021 6.89792
      vertex 12.85 19.4135 7.15553
    endloop
  endfacet
  facet normal -0.696564 -0.454632 0.555074
    outer loop
      vertex 12.05 19.7477 6.34087
      vertex 12.85 19.2021 6.89792
      vertex 12.05 19.754 6.34603
    endloop
  endfacet
  facet normal -0.696596 -0.455171 0.554593
    outer loop
      vertex 12.85 19.2021 6.89792
      vertex 12.05 19.7477 6.34087
      vertex 12.85 18.9445 6.6865
    endloop
  endfacet
  facet normal -0.696609 -0.55454 0.455215
    outer loop
      vertex 12.85 19.4135 7.15553
      vertex 12.05 20.0625 6.72191
      vertex 12.05 19.7591 6.35231
    endloop
  endfacet
  facet normal -0.696489 -0.634027 0.336026
    outer loop
      vertex 12.85 19.4135 7.15553
      vertex 12.05 20.0663 6.72908
      vertex 12.05 20.0625 6.72191
    endloop
  endfacet
  facet normal -0.696602 -0.632739 0.33821
    outer loop
      vertex 12.05 20.0663 6.72908
      vertex 12.85 19.4135 7.15553
      vertex 12.85 19.5706 7.44944
    endloop
  endfacet
  facet normal -0.696587 -0.208297 0.68657
    outer loop
      vertex 12.85 18.6506 6.52941
      vertex 12.05 18.9492 5.80833
      vertex 12.05 18.4917 5.66953
    endloop
  endfacet
  facet normal -0.69658 -0.338202 0.632769
    outer loop
      vertex 12.85 18.6506 6.52941
      vertex 12.05 19.3709 6.03372
      vertex 12.05 18.9492 5.80833
    endloop
  endfacet
  facet normal -0.696606 -0.686558 0.208275
    outer loop
      vertex 12.85 19.5706 7.44944
      vertex 12.05 20.4305 7.6083
      vertex 12.05 20.2917 7.15076
    endloop
  endfacet
  facet normal -0.696564 -0.454632 -0.555074
    outer loop
      vertex 12.85 19.2021 9.30208
      vertex 12.05 19.7477 9.85913
      vertex 12.05 19.754 9.85397
    endloop
  endfacet
  facet normal -0.696596 -0.455171 -0.554593
    outer loop
      vertex 12.05 19.7477 9.85913
      vertex 12.85 19.2021 9.30208
      vertex 12.85 18.9445 9.5135
    endloop
  endfacet
  facet normal -0.696609 -0.55454 -0.455215
    outer loop
      vertex 12.05 20.0625 9.47809
      vertex 12.85 19.4135 9.04447
      vertex 12.05 19.7591 9.84769
    endloop
  endfacet
  facet normal -0.696602 -0.632739 -0.33821
    outer loop
      vertex 12.85 19.4135 9.04447
      vertex 12.05 20.0663 9.47092
      vertex 12.85 19.5706 8.75056
    endloop
  endfacet
  facet normal -0.696489 -0.634027 -0.336026
    outer loop
      vertex 12.05 20.0663 9.47092
      vertex 12.85 19.4135 9.04447
      vertex 12.05 20.0625 9.47809
    endloop
  endfacet
  facet normal -0.696601 -0.208273 -0.686563
    outer loop
      vertex 12.85 18.3317 9.76734
      vertex 12.05 18.4917 10.5305
      vertex 12.85 18.6506 9.6706
    endloop
  endfacet
  facet normal -0.696836 -0.202856 -0.687945
    outer loop
      vertex 12.05 18.4917 10.5305
      vertex 12.85 18.3317 9.76734
      vertex 12.05 18.4839 10.5328
    endloop
  endfacet
  facet normal -0.696578 -0.070305 -0.714028
    outer loop
      vertex 12.05 18.4758 10.5336
      vertex 12.85 18.3317 9.76734
      vertex 12.85 18 9.8
    endloop
  endfacet
  facet normal -0.696587 -0.0705183 -0.713998
    outer loop
      vertex 12.85 18.3317 9.76734
      vertex 12.05 18.4758 10.5336
      vertex 12.05 18.4839 10.5328
    endloop
  endfacet
  facet normal -0.696596 -0.208295 -0.686562
    outer loop
      vertex 12.05 18.9492 10.3917
      vertex 12.85 18.6506 9.6706
      vertex 12.05 18.4917 10.5305
    endloop
  endfacet
  facet normal -0.696587 -0.33821 -0.632756
    outer loop
      vertex 12.05 19.3709 10.1663
      vertex 12.85 18.6506 9.6706
      vertex 12.05 18.9492 10.3917
    endloop
  endfacet
  facet normal -0.696598 0.0703797 -0.714002
    outer loop
      vertex 12.05 18 10.5805
      vertex 12.85 18 9.8
      vertex 12.05 17.5242 10.5336
    endloop
  endfacet
  facet normal -0.696598 0.714002 0.0703753
    outer loop
      vertex 12.85 16.3 8.1
      vertex 12.05 15.5664 7.62417
      vertex 12.05 15.5195 8.1
    endloop
  endfacet
  facet normal -0.696598 0.714002 -0.0703753
    outer loop
      vertex 12.05 15.5664 8.57583
      vertex 12.85 16.3 8.1
      vertex 12.05 15.5195 8.1
    endloop
  endfacet
  facet normal -0.69663 0.686563 0.20818
    outer loop
      vertex 12.05 15.5695 7.6083
      vertex 12.85 16.3327 7.76835
      vertex 12.85 16.4294 7.44944
    endloop
  endfacet
  facet normal -0.696841 0.6878 0.203334
    outer loop
      vertex 12.85 16.3327 7.76835
      vertex 12.05 15.5695 7.6083
      vertex 12.05 15.5672 7.61608
    endloop
  endfacet
  facet normal -0.696604 0.632735 -0.338215
    outer loop
      vertex 12.05 15.9337 9.47092
      vertex 12.85 16.4294 8.75056
      vertex 12.05 15.7083 9.04924
    endloop
  endfacet
  facet normal -0.696606 0.686558 -0.208275
    outer loop
      vertex 12.05 15.7083 9.04924
      vertex 12.85 16.4294 8.75056
      vertex 12.05 15.5695 8.5917
    endloop
  endfacet
  facet normal -0.696836 0.202856 -0.687945
    outer loop
      vertex 12.85 17.6683 9.76734
      vertex 12.05 17.5083 10.5305
      vertex 12.05 17.5161 10.5328
    endloop
  endfacet
  facet normal -0.696601 0.208273 -0.686563
    outer loop
      vertex 12.05 17.5083 10.5305
      vertex 12.85 17.6683 9.76734
      vertex 12.85 17.3494 9.6706
    endloop
  endfacet
  facet normal -0.696596 0.208295 -0.686562
    outer loop
      vertex 12.05 17.5083 10.5305
      vertex 12.85 17.3494 9.6706
      vertex 12.05 17.0508 10.3917
    endloop
  endfacet
  facet normal -0.696592 0.338224 -0.632743
    outer loop
      vertex 12.85 17.0555 9.5135
      vertex 12.05 16.6291 10.1663
      vertex 12.85 17.3494 9.6706
    endloop
  endfacet
  facet normal -0.696421 0.334962 -0.634664
    outer loop
      vertex 12.05 16.6291 10.1663
      vertex 12.85 17.0555 9.5135
      vertex 12.05 16.6219 10.1625
    endloop
  endfacet
  facet normal -0.696413 0.55708 0.452406
    outer loop
      vertex 12.05 16.2409 6.35231
      vertex 12.85 16.7979 6.89792
      vertex 12.05 16.246 6.34603
    endloop
  endfacet
  facet normal -0.696579 0.554635 0.455145
    outer loop
      vertex 12.85 16.7979 6.89792
      vertex 12.05 16.2409 6.35231
      vertex 12.85 16.5865 7.15553
    endloop
  endfacet
  facet normal -0.696596 0.455171 0.554593
    outer loop
      vertex 12.05 16.2523 6.34087
      vertex 12.85 16.7979 6.89792
      vertex 12.85 17.0555 6.6865
    endloop
  endfacet
  facet normal -0.696564 0.454632 0.555074
    outer loop
      vertex 12.85 16.7979 6.89792
      vertex 12.05 16.2523 6.34087
      vertex 12.05 16.246 6.34603
    endloop
  endfacet
  facet normal -0.696615 0.207771 0.686701
    outer loop
      vertex 12.05 17.5083 5.66953
      vertex 12.85 17.6683 6.43267
      vertex 12.05 17.5161 5.66717
    endloop
  endfacet
  facet normal -0.696593 0.208275 0.686571
    outer loop
      vertex 12.85 17.6683 6.43267
      vertex 12.05 17.5083 5.66953
      vertex 12.85 17.3494 6.52941
    endloop
  endfacet
  facet normal -0.696519 -0.33698 0.633487
    outer loop
      vertex 12.05 19.3709 6.03372
      vertex 12.85 18.9445 6.6865
      vertex 12.05 19.3781 6.03755
    endloop
  endfacet
  facet normal -0.696583 -0.338211 0.63276
    outer loop
      vertex 12.85 18.9445 6.6865
      vertex 12.05 19.3709 6.03372
      vertex 12.85 18.6506 6.52941
    endloop
  endfacet
  facet normal -0.696602 -0.713998 -0.0703749
    outer loop
      vertex 12.05 20.4797 8.10809
      vertex 12.85 19.6673 8.43165
      vertex 12.05 20.4328 8.58392
    endloop
  endfacet
  facet normal -0.696587 -0.71399 -0.0706047
    outer loop
      vertex 12.85 19.7 8.1
      vertex 12.05 20.4797 8.10809
      vertex 12.05 20.4805 8.1
    endloop
  endfacet
  facet normal -0.696596 -0.714002 -0.0703991
    outer loop
      vertex 12.05 20.4797 8.10809
      vertex 12.85 19.7 8.1
      vertex 12.85 19.6673 8.43165
    endloop
  endfacet
  facet normal -0.696587 -0.71399 0.0706047
    outer loop
      vertex 12.05 20.4797 8.09191
      vertex 12.85 19.7 8.1
      vertex 12.05 20.4805 8.1
    endloop
  endfacet
  facet normal -0.696596 -0.714002 0.0703991
    outer loop
      vertex 12.85 19.7 8.1
      vertex 12.05 20.4797 8.09191
      vertex 12.85 19.6673 7.76835
    endloop
  endfacet
  facet normal -0.696579 -0.554635 -0.455145
    outer loop
      vertex 12.85 19.2021 9.30208
      vertex 12.05 19.7591 9.84769
      vertex 12.85 19.4135 9.04447
    endloop
  endfacet
  facet normal -0.696413 -0.55708 -0.452406
    outer loop
      vertex 12.05 19.7591 9.84769
      vertex 12.85 19.2021 9.30208
      vertex 12.05 19.754 9.85397
    endloop
  endfacet
  facet normal -0.696841 -0.6878 -0.203334
    outer loop
      vertex 12.85 19.6673 8.43165
      vertex 12.05 20.4305 8.5917
      vertex 12.05 20.4328 8.58392
    endloop
  endfacet
  facet normal -0.69663 -0.686563 -0.20818
    outer loop
      vertex 12.05 20.4305 8.5917
      vertex 12.85 19.6673 8.43165
      vertex 12.85 19.5706 8.75056
    endloop
  endfacet
  facet normal -0.696606 -0.686558 -0.208275
    outer loop
      vertex 12.05 20.4305 8.5917
      vertex 12.85 19.5706 8.75056
      vertex 12.05 20.2917 9.04924
    endloop
  endfacet
  facet normal -0.696613 0.713965 -0.0706022
    outer loop
      vertex 12.85 16.3327 8.43165
      vertex 12.05 15.5664 8.57583
      vertex 12.05 15.5672 8.58392
    endloop
  endfacet
  facet normal -0.696604 0.713994 -0.0703983
    outer loop
      vertex 12.05 15.5664 8.57583
      vertex 12.85 16.3327 8.43165
      vertex 12.85 16.3 8.1
    endloop
  endfacet
  facet normal -0.696579 0.554635 -0.455145
    outer loop
      vertex 12.05 16.2409 9.84769
      vertex 12.85 16.7979 9.30208
      vertex 12.85 16.5865 9.04447
    endloop
  endfacet
  facet normal -0.696413 0.55708 -0.452406
    outer loop
      vertex 12.85 16.7979 9.30208
      vertex 12.05 16.2409 9.84769
      vertex 12.05 16.246 9.85397
    endloop
  endfacet
  facet normal -0.166273 0.942408 0.290209
    outer loop
      vertex 12.7812 54.0365 55.8696
      vertex 12.3 54.083 55.4429
      vertex 12.3 53.9516 55.8696
    endloop
  endfacet
  facet normal -0.166292 0.942398 0.29023
    outer loop
      vertex 12.3 54.083 55.4429
      vertex 12.7812 54.0365 55.8696
      vertex 12.7417 54.2606 55.1193
    endloop
  endfacet
  facet normal -0.081842 0.463854 0.882123
    outer loop
      vertex 12.4859 55.7115 53.3241
      vertex 12.3 55.789 53.2661
      vertex 12.3 55.6787 53.3241
    endloop
  endfacet
  facet normal -0.172888 0.98005 0.098035
    outer loop
      vertex 12.7812 54.0365 55.8696
      vertex 12.3 53.9094 56.2916
      vertex 12.7946 53.9608 56.65
    endloop
  endfacet
  facet normal -0.172914 0.980049 0.0980049
    outer loop
      vertex 12.3 53.9094 56.2916
      vertex 12.7812 54.0365 55.8696
      vertex 12.3 53.9516 55.8696
    endloop
  endfacet
  facet normal -0.051176 0.285844 0.956909
    outer loop
      vertex 12.3658 56.3925 52.9545
      vertex 12.3 56.7657 52.8395
      vertex 12.3 56.4229 52.9419
    endloop
  endfacet
  facet normal -0.081847 0.46427 0.881904
    outer loop
      vertex 12.3 55.789 53.2661
      vertex 12.3658 56.3925 52.9545
      vertex 12.3 56.3809 52.9545
    endloop
  endfacet
  facet normal -0.0816137 0.464259 0.881932
    outer loop
      vertex 12.3658 56.3925 52.9545
      vertex 12.3 55.789 53.2661
      vertex 12.4859 55.7115 53.3241
    endloop
  endfacet
  facet normal -0.172792 0.980081 0.0978987
    outer loop
      vertex 12.7946 53.9608 56.65
      vertex 12.3 53.9094 56.2916
      vertex 12.3 53.8736 56.65
    endloop
  endfacet
  facet normal -0.166202 0.942379 -0.290344
    outer loop
      vertex 12.3 54.1827 58.1807
      vertex 12.7417 54.2606 58.1807
      vertex 12.3 54.083 57.8571
    endloop
  endfacet
  facet normal -0.166202 0.942379 0.290344
    outer loop
      vertex 12.7417 54.2606 55.1193
      vertex 12.3 54.1827 55.1193
      vertex 12.3 54.083 55.4429
    endloop
  endfacet
  facet normal -0.0816137 0.464259 -0.881932
    outer loop
      vertex 12.3 55.789 60.0339
      vertex 12.3658 56.3925 60.3455
      vertex 12.4859 55.7115 59.9759
    endloop
  endfacet
  facet normal -0.081847 0.46427 -0.881904
    outer loop
      vertex 12.3658 56.3925 60.3455
      vertex 12.3 55.789 60.0339
      vertex 12.3 56.3809 60.3455
    endloop
  endfacet
  facet normal -0.134113 0.761281 -0.634401
    outer loop
      vertex 12.3 55.0632 59.4784
      vertex 12.5912 55.1145 59.4784
      vertex 12.3 54.9127 59.2978
    endloop
  endfacet
  facet normal -0.153007 0.868574 -0.471347
    outer loop
      vertex 12.6775 54.6246 58.8723
      vertex 12.3 54.3298 58.4516
      vertex 12.3 54.5581 58.8723
    endloop
  endfacet
  facet normal -0.153006 0.868574 -0.471347
    outer loop
      vertex 12.3 54.3298 58.4516
      vertex 12.6775 54.6246 58.8723
      vertex 12.7417 54.2606 58.1807
    endloop
  endfacet
  facet normal -0.134113 0.761281 0.634401
    outer loop
      vertex 12.5912 55.1145 53.8216
      vertex 12.3 55.0632 53.8216
      vertex 12.3 54.9127 54.0022
    endloop
  endfacet
  facet normal -0.0505922 0.28698 0.9566
    outer loop
      vertex 12.3658 56.3925 52.9545
      vertex 12.3 56.4229 52.9419
      vertex 12.3 56.3809 52.9545
    endloop
  endfacet
  facet normal -0.110217 0.624739 0.773016
    outer loop
      vertex 12.3 55.5593 53.4206
      vertex 12.5912 55.1145 53.8216
      vertex 12.4859 55.7115 53.3241
    endloop
  endfacet
  facet normal -0.110071 0.624806 0.772983
    outer loop
      vertex 12.5912 55.1145 53.8216
      vertex 12.3 55.5593 53.4206
      vertex 12.3 55.0632 53.8216
    endloop
  endfacet
  facet normal -0.11023 0.624749 0.773006
    outer loop
      vertex 12.4859 55.7115 53.3241
      vertex 12.3 55.6787 53.3241
      vertex 12.3 55.5593 53.4206
    endloop
  endfacet
  facet normal -0.15316 0.86843 0.471562
    outer loop
      vertex 12.7417 54.2606 55.1193
      vertex 12.3 54.3298 54.8484
      vertex 12.3 54.1827 55.1193
    endloop
  endfacet
  facet normal -0.11023 0.624749 -0.773006
    outer loop
      vertex 12.3 55.6787 59.9759
      vertex 12.4859 55.7115 59.9759
      vertex 12.3 55.5593 59.8794
    endloop
  endfacet
  facet normal -0.081842 0.463854 -0.882123
    outer loop
      vertex 12.3 55.789 60.0339
      vertex 12.4859 55.7115 59.9759
      vertex 12.3 55.6787 59.9759
    endloop
  endfacet
  facet normal -0.172792 0.980081 -0.0978987
    outer loop
      vertex 12.3 53.9094 57.0084
      vertex 12.7946 53.9608 56.65
      vertex 12.3 53.8736 56.65
    endloop
  endfacet
  facet normal -0.110071 0.624806 -0.772983
    outer loop
      vertex 12.3 55.5593 59.8794
      vertex 12.5912 55.1145 59.4784
      vertex 12.3 55.0632 59.4784
    endloop
  endfacet
  facet normal -0.110217 0.624739 -0.773016
    outer loop
      vertex 12.5912 55.1145 59.4784
      vertex 12.3 55.5593 59.8794
      vertex 12.4859 55.7115 59.9759
    endloop
  endfacet
  facet normal -0.134097 0.761272 -0.634416
    outer loop
      vertex 12.6775 54.6246 58.8723
      vertex 12.3 54.9127 59.2978
      vertex 12.5912 55.1145 59.4784
    endloop
  endfacet
  facet normal -0.134104 0.761267 -0.634419
    outer loop
      vertex 12.3 54.9127 59.2978
      vertex 12.6775 54.6246 58.8723
      vertex 12.3 54.5581 58.8723
    endloop
  endfacet
  facet normal -0.15316 0.86843 -0.471562
    outer loop
      vertex 12.3 54.3298 58.4516
      vertex 12.7417 54.2606 58.1807
      vertex 12.3 54.1827 58.1807
    endloop
  endfacet
  facet normal -0.0505922 0.28698 -0.9566
    outer loop
      vertex 12.3 56.4229 60.3581
      vertex 12.3658 56.3925 60.3455
      vertex 12.3 56.3809 60.3455
    endloop
  endfacet
  facet normal -0.134104 0.761267 0.634419
    outer loop
      vertex 12.6775 54.6246 54.4277
      vertex 12.3 54.9127 54.0022
      vertex 12.3 54.5581 54.4277
    endloop
  endfacet
  facet normal -0.134097 0.761272 0.634416
    outer loop
      vertex 12.3 54.9127 54.0022
      vertex 12.6775 54.6246 54.4277
      vertex 12.5912 55.1145 53.8216
    endloop
  endfacet
  facet normal -0.153006 0.868574 0.471347
    outer loop
      vertex 12.6775 54.6246 54.4277
      vertex 12.3 54.3298 54.8484
      vertex 12.7417 54.2606 55.1193
    endloop
  endfacet
  facet normal -0.153007 0.868574 0.471347
    outer loop
      vertex 12.3 54.3298 54.8484
      vertex 12.6775 54.6246 54.4277
      vertex 12.3 54.5581 54.4277
    endloop
  endfacet
  facet normal -0.172914 0.980049 -0.0980049
    outer loop
      vertex 12.7812 54.0365 57.4304
      vertex 12.3 53.9094 57.0084
      vertex 12.3 53.9516 57.4304
    endloop
  endfacet
  facet normal -0.172888 0.98005 -0.098035
    outer loop
      vertex 12.3 53.9094 57.0084
      vertex 12.7812 54.0365 57.4304
      vertex 12.7946 53.9608 56.65
    endloop
  endfacet
  facet normal -0.051176 0.285844 -0.956909
    outer loop
      vertex 12.3 56.7657 60.4605
      vertex 12.3658 56.3925 60.3455
      vertex 12.3 56.4229 60.3581
    endloop
  endfacet
  facet normal -0.166292 0.942398 -0.29023
    outer loop
      vertex 12.7812 54.0365 57.4304
      vertex 12.3 54.083 57.8571
      vertex 12.7417 54.2606 58.1807
    endloop
  endfacet
  facet normal -0.166273 0.942408 -0.290209
    outer loop
      vertex 12.3 54.083 57.8571
      vertex 12.7812 54.0365 57.4304
      vertex 12.3 53.9516 57.4304
    endloop
  endfacet
  facet normal -0.533741 -0.176878 0.826943
    outer loop
      vertex 14.6617 58.3517 54.4
      vertex 12.3 58.6291 52.935
      vertex 12.3 57.9353 52.7866
    endloop
  endfacet
  facet normal -0.562039 -0.0164017 0.826948
    outer loop
      vertex 14.6617 58.3517 54.4
      vertex 12.3 57.9353 52.7866
      vertex 12.3 57.1639 52.7713
    endloop
  endfacet
  facet normal -0.639428 0.422511 0.642353
    outer loop
      vertex 12.5912 55.1145 53.8216
      vertex 14.938 56.7849 55.059
      vertex 12.4859 55.7115 53.3241
    endloop
  endfacet
  facet normal -0.436363 -0.729142 0.5272
    outer loop
      vertex 14.3369 60.1941 55.4
      vertex 12.3 60.9043 54.6963
      vertex 12.3 60.561 54.2215
    endloop
  endfacet
  facet normal -0.685784 0.686345 -0.242138
    outer loop
      vertex 15.0257 56.2877 57.4546
      vertex 12.7812 54.0365 57.4304
      vertex 15.0227 56.3046 57.511
    endloop
  endfacet
  facet normal -0.685976 0.686526 -0.241081
    outer loop
      vertex 12.7812 54.0365 57.4304
      vertex 15.0257 56.2877 57.4546
      vertex 15.0449 56.1785 57.089
    endloop
  endfacet
  facet normal -0.456356 -0.615712 0.642369
    outer loop
      vertex 14.3855 59.9185 55.059
      vertex 12.3 60.4946 54.1296
      vertex 12.3 60.0512 53.7046
    endloop
  endfacet
  facet normal -0.420622 -0.818396 0.391542
    outer loop
      vertex 12.3 61.2016 55.3176
      vertex 14.3211 60.2834 55.5696
      vertex 14.3008 60.3988 55.789
    endloop
  endfacet
  facet normal -0.420611 -0.818329 0.391693
    outer loop
      vertex 12.3 61.2016 55.3176
      vertex 14.3369 60.1941 55.4
      vertex 14.3211 60.2834 55.5696
    endloop
  endfacet
  facet normal -0.420673 -0.818487 0.391297
    outer loop
      vertex 14.3369 60.1941 55.4
      vertex 12.3 61.2016 55.3176
      vertex 12.3 61.146 55.2013
    endloop
  endfacet
  facet normal -0.533741 -0.176878 -0.826943
    outer loop
      vertex 12.3 58.6291 60.365
      vertex 14.6617 58.3517 58.9
      vertex 12.3 57.9353 60.5134
    endloop
  endfacet
  facet normal -0.404317 -0.910992 0.0813718
    outer loop
      vertex 14.2785 60.5249 56.211
      vertex 12.3 61.43 56.5133
      vertex 12.3 61.3819 55.9748
    endloop
  endfacet
  facet normal -0.436315 -0.72934 -0.526966
    outer loop
      vertex 12.3 60.561 59.0785
      vertex 14.3855 59.9185 58.241
      vertex 12.3 60.4946 59.1704
    endloop
  endfacet
  facet normal -0.436327 -0.729275 -0.527045
    outer loop
      vertex 12.3 60.561 59.0785
      vertex 14.3738 59.9844 58.1595
      vertex 14.3855 59.9185 58.241
    endloop
  endfacet
  facet normal -0.436355 -0.72916 -0.527181
    outer loop
      vertex 14.3738 59.9844 58.1595
      vertex 12.3 60.561 59.0785
      vertex 14.3369 60.1941 57.9
    endloop
  endfacet
  facet normal -0.420673 -0.818487 -0.391297
    outer loop
      vertex 12.3 61.2016 57.9824
      vertex 14.3369 60.1941 57.9
      vertex 12.3 61.146 58.0987
    endloop
  endfacet
  facet normal -0.420616 -0.818342 -0.391661
    outer loop
      vertex 12.3 61.2016 57.9824
      vertex 14.3069 60.3643 57.5766
      vertex 14.3369 60.1941 57.9
    endloop
  endfacet
  facet normal -0.420615 -0.818493 -0.391346
    outer loop
      vertex 14.3069 60.3643 57.5766
      vertex 12.3 61.2016 57.9824
      vertex 14.3008 60.3988 57.511
    endloop
  endfacet
  facet normal -0.436399 -0.729056 0.527288
    outer loop
      vertex 12.3 60.561 54.2215
      vertex 14.3443 60.1517 55.3475
      vertex 14.3369 60.1941 55.4
    endloop
  endfacet
  facet normal -0.436339 -0.729212 0.527123
    outer loop
      vertex 12.3 60.561 54.2215
      vertex 14.3855 59.9185 55.059
      vertex 14.3443 60.1517 55.3475
    endloop
  endfacet
  facet normal -0.436315 -0.72934 0.526966
    outer loop
      vertex 14.3855 59.9185 55.059
      vertex 12.3 60.561 54.2215
      vertex 12.3 60.4946 54.1296
    endloop
  endfacet
  facet normal -0.675146 0.625112 0.391679
    outer loop
      vertex 12.7417 54.2606 55.1193
      vertex 14.9866 56.5093 55.4
      vertex 12.6775 54.6246 54.4277
    endloop
  endfacet
  facet normal -0.533743 -0.176772 -0.826965
    outer loop
      vertex 12.3 58.6291 60.365
      vertex 14.6012 58.6953 58.8656
      vertex 14.6617 58.3517 58.9
    endloop
  endfacet
  facet normal -0.533772 -0.176525 -0.826998
    outer loop
      vertex 14.6012 58.6953 58.8656
      vertex 12.3 58.6291 60.365
      vertex 14.5855 58.784 58.8568
    endloop
  endfacet
  facet normal -0.533705 -0.176984 -0.826944
    outer loop
      vertex 14.5855 58.784 58.8568
      vertex 12.3 58.6291 60.365
      vertex 12.3 58.6833 60.3534
    endloop
  endfacet
  facet normal -0.659437 0.53596 -0.527153
    outer loop
      vertex 14.938 56.7849 58.241
      vertex 14.9866 56.5093 57.9
      vertex 12.5912 55.1145 59.4784
    endloop
  endfacet
  facet normal -0.409813 -0.879703 0.241195
    outer loop
      vertex 12.3 61.2366 55.4451
      vertex 14.2888 60.4665 56.0155
      vertex 14.2785 60.5249 56.211
    endloop
  endfacet
  facet normal -0.409818 -0.879693 0.241225
    outer loop
      vertex 14.2888 60.4665 56.0155
      vertex 12.3 61.2366 55.4451
      vertex 14.3008 60.3988 55.789
    endloop
  endfacet
  facet normal -0.40983 -0.879622 0.241465
    outer loop
      vertex 14.3008 60.3988 55.789
      vertex 12.3 61.2366 55.4451
      vertex 12.3 61.2016 55.3176
    endloop
  endfacet
  facet normal -0.675279 0.625551 0.390748
    outer loop
      vertex 15.0179 56.3319 55.737
      vertex 12.7417 54.2606 55.1193
      vertex 15.0227 56.3046 55.789
    endloop
  endfacet
  facet normal -0.675127 0.625085 0.391755
    outer loop
      vertex 12.7417 54.2606 55.1193
      vertex 15.0179 56.3319 55.737
      vertex 14.9866 56.5093 55.4
    endloop
  endfacet
  facet normal -0.409839 -0.879663 0.241297
    outer loop
      vertex 14.2785 60.5249 56.211
      vertex 12.3 61.3819 55.9748
      vertex 12.3 61.2366 55.4451
    endloop
  endfacet
  facet normal -0.404292 -0.911009 0.0813044
    outer loop
      vertex 12.3 61.43 56.5133
      vertex 14.271 60.5675 56.65
      vertex 12.3 61.4422 56.65
    endloop
  endfacet
  facet normal -0.404285 -0.911036 0.0810351
    outer loop
      vertex 12.3 61.43 56.5133
      vertex 14.2734 60.554 56.5102
      vertex 14.271 60.5675 56.65
    endloop
  endfacet
  facet normal -0.404262 -0.910986 0.0817111
    outer loop
      vertex 14.2734 60.554 56.5102
      vertex 12.3 61.43 56.5133
      vertex 14.2785 60.5249 56.211
    endloop
  endfacet
  facet normal -0.420636 -0.818331 0.391664
    outer loop
      vertex 14.3369 60.1941 55.4
      vertex 12.3 61.146 55.2013
      vertex 12.3 60.9043 54.6963
    endloop
  endfacet
  facet normal -0.50599 -0.334242 0.795145
    outer loop
      vertex 14.5122 59.1997 54.5713
      vertex 12.3 59.3713 53.2357
      vertex 12.3 58.7385 52.9697
    endloop
  endfacet
  facet normal -0.40983 -0.879622 -0.241465
    outer loop
      vertex 12.3 61.2366 57.8549
      vertex 14.3008 60.3988 57.511
      vertex 12.3 61.2016 57.9824
    endloop
  endfacet
  facet normal -0.409834 -0.879592 -0.241564
    outer loop
      vertex 12.3 61.2366 57.8549
      vertex 14.2983 60.4129 57.4639
      vertex 14.3008 60.3988 57.511
    endloop
  endfacet
  facet normal -0.409807 -0.879714 -0.241168
    outer loop
      vertex 14.2983 60.4129 57.4639
      vertex 12.3 61.2366 57.8549
      vertex 14.2785 60.5249 57.089
    endloop
  endfacet
  facet normal -0.420636 -0.818331 -0.391664
    outer loop
      vertex 12.3 61.146 58.0987
      vertex 14.3369 60.1941 57.9
      vertex 12.3 60.9043 58.6037
    endloop
  endfacet
  facet normal -0.589784 0.141168 0.795127
    outer loop
      vertex 12.3 57.1518 52.7711
      vertex 14.8112 57.5037 54.5713
      vertex 14.738 57.9194 54.4432
    endloop
  endfacet
  facet normal -0.589748 0.137457 0.795803
    outer loop
      vertex 14.8112 57.5037 54.5713
      vertex 12.3 57.1518 52.7711
      vertex 12.3 57.1408 52.773
    endloop
  endfacet
  facet normal -0.685975 0.6865 0.241158
    outer loop
      vertex 12.7812 54.0365 55.8696
      vertex 15.0227 56.3046 55.789
      vertex 12.7417 54.2606 55.1193
    endloop
  endfacet
  facet normal -0.589792 0.14097 0.795156
    outer loop
      vertex 12.3 56.7657 52.8395
      vertex 14.8112 57.5037 54.5713
      vertex 12.3 57.1408 52.773
    endloop
  endfacet
  facet normal -0.589799 0.14103 0.79514
    outer loop
      vertex 14.8112 57.5037 54.5713
      vertex 12.3 56.7657 52.8395
      vertex 12.3658 56.3925 52.9545
    endloop
  endfacet
  facet normal -0.479859 -0.482389 0.732828
    outer loop
      vertex 14.5122 59.1997 54.5713
      vertex 12.3 59.9024 53.5853
      vertex 12.3 59.3713 53.2357
    endloop
  endfacet
  facet normal -0.479856 -0.482383 0.732833
    outer loop
      vertex 12.3 59.9024 53.5853
      vertex 14.5032 59.2509 54.5991
      vertex 14.4447 59.5827 54.7792
    endloop
  endfacet
  facet normal -0.479944 -0.481831 0.733139
    outer loop
      vertex 12.3 59.9024 53.5853
      vertex 14.4447 59.5827 54.7792
      vertex 12.3 59.98 53.6363
    endloop
  endfacet
  facet normal -0.479857 -0.482289 0.732895
    outer loop
      vertex 14.5032 59.2509 54.5991
      vertex 12.3 59.9024 53.5853
      vertex 14.5122 59.1997 54.5713
    endloop
  endfacet
  facet normal -0.562039 -0.0164017 -0.826948
    outer loop
      vertex 12.3 57.9353 60.5134
      vertex 14.6617 58.3517 58.9
      vertex 12.3 57.1639 60.5287
    endloop
  endfacet
  facet normal -0.659435 0.535989 -0.527125
    outer loop
      vertex 14.9866 56.5093 57.9
      vertex 12.6775 54.6246 58.8723
      vertex 12.5912 55.1145 59.4784
    endloop
  endfacet
  facet normal -0.562622 -0.0136628 -0.826601
    outer loop
      vertex 12.3 57.1639 60.5287
      vertex 14.738 57.9194 58.8568
      vertex 12.3 57.1518 60.5289
    endloop
  endfacet
  facet normal -0.561872 -0.01707 -0.827048
    outer loop
      vertex 14.738 57.9194 58.8568
      vertex 12.3 57.1639 60.5287
      vertex 14.7229 58.0046 58.8653
    endloop
  endfacet
  facet normal -0.562031 -0.0164248 -0.826953
    outer loop
      vertex 14.7229 58.0046 58.8653
      vertex 12.3 57.1639 60.5287
      vertex 14.6617 58.3517 58.9
    endloop
  endfacet
  facet normal -0.639428 0.422511 -0.642353
    outer loop
      vertex 14.938 56.7849 58.241
      vertex 12.5912 55.1145 59.4784
      vertex 12.4859 55.7115 59.9759
    endloop
  endfacet
  facet normal -0.675146 0.625112 -0.391679
    outer loop
      vertex 14.9866 56.5093 57.9
      vertex 12.7417 54.2606 58.1807
      vertex 12.6775 54.6246 58.8723
    endloop
  endfacet
  facet normal -0.639428 0.422505 -0.642356
    outer loop
      vertex 14.8788 57.1207 58.5208
      vertex 14.938 56.7849 58.241
      vertex 12.4859 55.7115 59.9759
    endloop
  endfacet
  facet normal -0.561987 -0.0165489 0.82698
    outer loop
      vertex 12.3 57.1639 52.7713
      vertex 14.738 57.9194 54.4432
      vertex 14.6617 58.3517 54.4
    endloop
  endfacet
  facet normal -0.562622 -0.0136628 0.826601
    outer loop
      vertex 12.3 57.1518 52.7711
      vertex 14.738 57.9194 54.4432
      vertex 12.3 57.1639 52.7713
    endloop
  endfacet
  facet normal -0.589748 0.137457 -0.795803
    outer loop
      vertex 12.3 57.1518 60.5289
      vertex 14.8112 57.5037 58.7287
      vertex 12.3 57.1408 60.527
    endloop
  endfacet
  facet normal -0.589784 0.141168 -0.795127
    outer loop
      vertex 14.8112 57.5037 58.7287
      vertex 12.3 57.1518 60.5289
      vertex 14.738 57.9194 58.8568
    endloop
  endfacet
  facet normal -0.615901 0.289104 0.73286
    outer loop
      vertex 14.8788 57.1207 54.7792
      vertex 14.8112 57.5037 54.5713
      vertex 12.4859 55.7115 53.3241
    endloop
  endfacet
  facet normal -0.615907 0.28912 0.732849
    outer loop
      vertex 12.4859 55.7115 53.3241
      vertex 14.8112 57.5037 54.5713
      vertex 12.3658 56.3925 52.9545
    endloop
  endfacet
  facet normal -0.456242 -0.616009 0.642165
    outer loop
      vertex 12.3 59.98 53.6363
      vertex 14.3855 59.9185 55.059
      vertex 12.3 60.0512 53.7046
    endloop
  endfacet
  facet normal -0.456459 -0.615494 0.642505
    outer loop
      vertex 14.3855 59.9185 55.059
      vertex 12.3 59.98 53.6363
      vertex 14.3934 59.8736 55.0216
    endloop
  endfacet
  facet normal -0.456365 -0.61573 0.642345
    outer loop
      vertex 14.3934 59.8736 55.0216
      vertex 12.3 59.98 53.6363
      vertex 14.4447 59.5827 54.7792
    endloop
  endfacet
  facet normal -0.503732 -0.00220935 0.863857
    outer loop
      vertex 14.6515 58.4095 58.8942
      vertex 14.6617 58.3517 58.9
      vertex 14.6012 58.6953 58.8656
    endloop
  endfacet
  facet normal -0.436363 -0.729142 -0.5272
    outer loop
      vertex 12.3 60.9043 58.6037
      vertex 14.3369 60.1941 57.9
      vertex 12.3 60.561 59.0785
    endloop
  endfacet
  facet normal -0.675127 0.625085 -0.391755
    outer loop
      vertex 15.0179 56.3319 57.563
      vertex 12.7417 54.2606 58.1807
      vertex 14.9866 56.5093 57.9
    endloop
  endfacet
  facet normal -0.675279 0.625551 -0.390748
    outer loop
      vertex 12.7417 54.2606 58.1807
      vertex 15.0179 56.3319 57.563
      vertex 15.0227 56.3046 57.511
    endloop
  endfacet
  facet normal -0.691482 0.717785 0.0814664
    outer loop
      vertex 12.7812 54.0365 55.8696
      vertex 15.0524 56.1359 56.65
      vertex 15.0449 56.1785 56.211
    endloop
  endfacet
  facet normal -0.685975 0.6865 -0.241158
    outer loop
      vertex 15.0227 56.3046 57.511
      vertex 12.7812 54.0365 57.4304
      vertex 12.7417 54.2606 58.1807
    endloop
  endfacet
  facet normal -0.533753 -0.176654 0.826983
    outer loop
      vertex 12.3 58.6291 52.935
      vertex 14.6515 58.4095 54.4058
      vertex 14.5855 58.784 54.4432
    endloop
  endfacet
  facet normal -0.533705 -0.176984 0.826944
    outer loop
      vertex 12.3 58.6291 52.935
      vertex 14.5855 58.784 54.4432
      vertex 12.3 58.6833 52.9466
    endloop
  endfacet
  facet normal -0.533738 -0.177164 0.826884
    outer loop
      vertex 14.6515 58.4095 54.4058
      vertex 12.3 58.6291 52.935
      vertex 14.6617 58.3517 54.4
    endloop
  endfacet
  facet normal -0.506149 -0.333791 0.795234
    outer loop
      vertex 12.3 58.7385 52.9697
      vertex 14.522 59.1441 54.5542
      vertex 14.5122 59.1997 54.5713
    endloop
  endfacet
  facet normal -0.505974 -0.334318 0.795124
    outer loop
      vertex 14.522 59.1441 54.5542
      vertex 12.3 58.7385 52.9697
      vertex 14.5855 58.784 54.4432
    endloop
  endfacet
  facet normal -0.506263 -0.332912 0.795529
    outer loop
      vertex 14.5855 58.784 54.4432
      vertex 12.3 58.7385 52.9697
      vertex 12.3 58.6833 52.9466
    endloop
  endfacet
  facet normal -0.479859 -0.482389 -0.732828
    outer loop
      vertex 12.3 59.9024 59.7147
      vertex 14.5122 59.1997 58.7287
      vertex 12.3 59.3713 60.0643
    endloop
  endfacet
  facet normal -0.659437 0.53596 0.527153
    outer loop
      vertex 14.9866 56.5093 55.4
      vertex 14.938 56.7849 55.059
      vertex 12.5912 55.1145 53.8216
    endloop
  endfacet
  facet normal -0.659435 0.535989 0.527125
    outer loop
      vertex 12.6775 54.6246 54.4277
      vertex 14.9866 56.5093 55.4
      vertex 12.5912 55.1145 53.8216
    endloop
  endfacet
  facet normal -0.691482 0.717785 -0.0814664
    outer loop
      vertex 15.0449 56.1785 57.089
      vertex 15.0524 56.1359 56.65
      vertex 12.7812 54.0365 57.4304
    endloop
  endfacet
  facet normal -0.685976 0.686526 0.241081
    outer loop
      vertex 15.0257 56.2877 55.8454
      vertex 12.7812 54.0365 55.8696
      vertex 15.0449 56.1785 56.211
    endloop
  endfacet
  facet normal -0.685784 0.686345 0.242138
    outer loop
      vertex 12.7812 54.0365 55.8696
      vertex 15.0257 56.2877 55.8454
      vertex 15.0227 56.3046 55.789
    endloop
  endfacet
  facet normal -0.639428 0.422505 0.642356
    outer loop
      vertex 14.938 56.7849 55.059
      vertex 14.8788 57.1207 54.7792
      vertex 12.4859 55.7115 53.3241
    endloop
  endfacet
  facet normal -0.404317 -0.910992 -0.0813718
    outer loop
      vertex 12.3 61.43 56.7867
      vertex 14.2785 60.5249 57.089
      vertex 12.3 61.3819 57.3252
    endloop
  endfacet
  facet normal -0.409839 -0.879663 -0.241297
    outer loop
      vertex 12.3 61.3819 57.3252
      vertex 14.2785 60.5249 57.089
      vertex 12.3 61.2366 57.8549
    endloop
  endfacet
  facet normal -0.615907 0.28912 -0.732849
    outer loop
      vertex 14.8112 57.5037 58.7287
      vertex 12.4859 55.7115 59.9759
      vertex 12.3658 56.3925 60.3455
    endloop
  endfacet
  facet normal -0.589799 0.14103 -0.79514
    outer loop
      vertex 12.3 56.7657 60.4605
      vertex 14.8112 57.5037 58.7287
      vertex 12.3658 56.3925 60.3455
    endloop
  endfacet
  facet normal -0.589792 0.14097 -0.795156
    outer loop
      vertex 14.8112 57.5037 58.7287
      vertex 12.3 56.7657 60.4605
      vertex 12.3 57.1408 60.527
    endloop
  endfacet
  facet normal -0.615901 0.289104 -0.73286
    outer loop
      vertex 14.8112 57.5037 58.7287
      vertex 14.8788 57.1207 58.5208
      vertex 12.4859 55.7115 59.9759
    endloop
  endfacet
  facet normal -0.40429 -0.910989 -0.0815343
    outer loop
      vertex 12.3 61.43 56.7867
      vertex 14.2721 60.5615 56.7118
      vertex 14.2785 60.5249 57.089
    endloop
  endfacet
  facet normal -0.404291 -0.91101 -0.0813044
    outer loop
      vertex 12.3 61.4422 56.65
      vertex 14.2721 60.5615 56.7118
      vertex 12.3 61.43 56.7867
    endloop
  endfacet
  facet normal -0.404294 -0.911013 -0.0812517
    outer loop
      vertex 14.2721 60.5615 56.7118
      vertex 12.3 61.4422 56.65
      vertex 14.271 60.5675 56.65
    endloop
  endfacet
  facet normal -0.984987 -0.172627 0
    outer loop
      vertex 14.2785 60.5249 56.211
      vertex 14.2785 60.5249 56.2111
      vertex 14.2734 60.554 56.5102
    endloop
  endfacet
  facet normal -0.985053 -0.17225 0
    outer loop
      vertex 14.2785 60.5249 57.0889
      vertex 14.2785 60.5249 57.089
      vertex 14.2721 60.5615 56.7118
    endloop
  endfacet
  facet normal -0.50599 -0.334242 -0.795145
    outer loop
      vertex 12.3 59.3713 60.0643
      vertex 14.5122 59.1997 58.7287
      vertex 12.3 58.7385 60.3303
    endloop
  endfacet
  facet normal -0.505974 -0.334318 -0.795124
    outer loop
      vertex 12.3 58.7385 60.3303
      vertex 14.522 59.1441 58.7458
      vertex 14.5855 58.784 58.8568
    endloop
  endfacet
  facet normal -0.506263 -0.332912 -0.795529
    outer loop
      vertex 12.3 58.7385 60.3303
      vertex 14.5855 58.784 58.8568
      vertex 12.3 58.6833 60.3534
    endloop
  endfacet
  facet normal -0.506149 -0.333791 -0.795234
    outer loop
      vertex 14.522 59.1441 58.7458
      vertex 12.3 58.7385 60.3303
      vertex 14.5122 59.1997 58.7287
    endloop
  endfacet
  facet normal -0.479857 -0.482289 -0.732895
    outer loop
      vertex 12.3 59.9024 59.7147
      vertex 14.5032 59.2509 58.7009
      vertex 14.5122 59.1997 58.7287
    endloop
  endfacet
  facet normal -0.479856 -0.482383 -0.732833
    outer loop
      vertex 12.3 59.9024 59.7147
      vertex 14.4447 59.5827 58.5208
      vertex 14.5032 59.2509 58.7009
    endloop
  endfacet
  facet normal -0.479944 -0.481831 -0.733139
    outer loop
      vertex 14.4447 59.5827 58.5208
      vertex 12.3 59.9024 59.7147
      vertex 12.3 59.98 59.6637
    endloop
  endfacet
  facet normal -0.456365 -0.61573 -0.642345
    outer loop
      vertex 12.3 59.98 59.6637
      vertex 14.3934 59.8736 58.2784
      vertex 14.4447 59.5827 58.5208
    endloop
  endfacet
  facet normal -0.456459 -0.615494 -0.642505
    outer loop
      vertex 12.3 59.98 59.6637
      vertex 14.3855 59.9185 58.241
      vertex 14.3934 59.8736 58.2784
    endloop
  endfacet
  facet normal -0.456242 -0.616009 -0.642165
    outer loop
      vertex 14.3855 59.9185 58.241
      vertex 12.3 59.98 59.6637
      vertex 12.3 60.0512 59.5954
    endloop
  endfacet
  facet normal -0.456356 -0.615712 -0.642369
    outer loop
      vertex 12.3 60.4946 59.1704
      vertex 14.3855 59.9185 58.241
      vertex 12.3 60.0512 59.5954
    endloop
  endfacet
  facet normal -0.691486 0.717778 -0.0814988
    outer loop
      vertex 15.0524 56.1359 56.65
      vertex 12.7946 53.9608 56.65
      vertex 12.7812 54.0365 57.4304
    endloop
  endfacet
  facet normal -0.691486 0.717778 0.0814988
    outer loop
      vertex 12.7946 53.9608 56.65
      vertex 15.0524 56.1359 56.65
      vertex 12.7812 54.0365 55.8696
    endloop
  endfacet
  facet normal 0.016156 -0.0916254 0.995662
    outer loop
      vertex 14.5855 58.784 54.4432
      vertex 37.1 62.7376 54.4417
      vertex 37.1 62.7539 54.4432
    endloop
  endfacet
  facet normal 0.016993 -0.0963922 0.995198
    outer loop
      vertex 37.1 62.7376 54.4417
      vertex 14.5855 58.784 54.4432
      vertex 14.6515 58.4095 54.4058
    endloop
  endfacet
  facet normal 0.0170415 -0.0966435 0.995173
    outer loop
      vertex 14.6515 58.4095 54.4058
      vertex 37.1 62.3082 54.4
      vertex 37.1 62.7376 54.4417
    endloop
  endfacet
  facet normal 0.0170767 -0.0968461 0.995153
    outer loop
      vertex 37.1 62.3082 54.4
      vertex 14.6515 58.4095 54.4058
      vertex 14.6617 58.3517 54.4
    endloop
  endfacet
  facet normal 0.166131 -0.942224 -0.290885
    outer loop
      vertex 37.1 64.549 57.089
      vertex 14.3008 60.3988 57.511
      vertex 14.2983 60.4129 57.4639
    endloop
  endfacet
  facet normal 0.166172 -0.942393 -0.290313
    outer loop
      vertex 14.2983 60.4129 57.4639
      vertex 14.2785 60.5249 57.089
      vertex 37.1 64.549 57.089
    endloop
  endfacet
  facet normal 0.166173 -0.942394 -0.290311
    outer loop
      vertex 14.3008 60.3988 57.511
      vertex 37.1 64.549 57.089
      vertex 37.1 64.419 57.511
    endloop
  endfacet
  facet normal 0.110158 -0.624725 -0.773035
    outer loop
      vertex 14.3934 59.8736 58.2784
      vertex 37.1 63.5775 58.5208
      vertex 14.4447 59.5827 58.5208
    endloop
  endfacet
  facet normal 0.109972 -0.623525 -0.77403
    outer loop
      vertex 37.1 63.5775 58.5208
      vertex 14.3934 59.8736 58.2784
      vertex 37.1 63.5883 58.5121
    endloop
  endfacet
  facet normal -0.153148 0.868538 0.471367
    outer loop
      vertex 37.1 60.4085 55.4
      vertex 15.0179 56.3319 55.737
      vertex 37.1 60.3977 55.4199
    endloop
  endfacet
  facet normal -0.153143 0.868512 0.471417
    outer loop
      vertex 15.0179 56.3319 55.737
      vertex 37.1 60.4085 55.4
      vertex 14.9866 56.5093 55.4
    endloop
  endfacet
  facet normal 0.0507633 -0.288102 0.956253
    outer loop
      vertex 14.522 59.1441 54.5542
      vertex 37.1 62.7539 54.4432
      vertex 37.1 62.7695 54.4479
    endloop
  endfacet
  facet normal 0.0504403 -0.286062 0.956883
    outer loop
      vertex 37.1 62.7539 54.4432
      vertex 14.522 59.1441 54.5542
      vertex 14.5855 58.784 54.4432
    endloop
  endfacet
  facet normal 0.110168 -0.624791 0.77298
    outer loop
      vertex 14.3855 59.9185 55.059
      vertex 37.1 63.5883 54.7879
      vertex 37.1 63.9237 55.059
    endloop
  endfacet
  facet normal 0.110141 -0.62461 0.773131
    outer loop
      vertex 37.1 63.5883 54.7879
      vertex 14.3855 59.9185 55.059
      vertex 14.3934 59.8736 55.0216
    endloop
  endfacet
  facet normal -0.0504296 0.285994 -0.956903
    outer loop
      vertex 14.738 57.9194 58.8568
      vertex 37.1 61.4339 58.7287
      vertex 14.8112 57.5037 58.7287
    endloop
  endfacet
  facet normal -0.0504398 0.28606 -0.956883
    outer loop
      vertex 37.1 61.4339 58.7287
      vertex 14.738 57.9194 58.8568
      vertex 37.1 61.8624 58.8568
    endloop
  endfacet
  facet normal 0.0504403 -0.286062 -0.956883
    outer loop
      vertex 14.522 59.1441 58.7458
      vertex 37.1 62.7539 58.8568
      vertex 14.5855 58.784 58.8568
    endloop
  endfacet
  facet normal 0.0507633 -0.288102 -0.956253
    outer loop
      vertex 37.1 62.7539 58.8568
      vertex 14.522 59.1441 58.7458
      vertex 37.1 62.7695 58.8521
    endloop
  endfacet
  facet normal -0.110152 0.624711 -0.773048
    outer loop
      vertex 14.8788 57.1207 58.5208
      vertex 37.1 60.6926 58.241
      vertex 14.938 56.7849 58.241
    endloop
  endfacet
  facet normal -0.110142 0.624644 -0.773103
    outer loop
      vertex 37.1 60.6926 58.241
      vertex 14.8788 57.1207 58.5208
      vertex 37.1 61.0389 58.5208
    endloop
  endfacet
  facet normal -0.0818515 0.464193 0.881944
    outer loop
      vertex 14.8112 57.5037 54.5713
      vertex 37.1 61.0389 54.7792
      vertex 37.1 61.4339 54.5713
    endloop
  endfacet
  facet normal -0.0818627 0.464266 0.881904
    outer loop
      vertex 37.1 61.0389 54.7792
      vertex 14.8112 57.5037 54.5713
      vertex 14.8788 57.1207 54.7792
    endloop
  endfacet
  facet normal 0.0503453 -0.285475 -0.957063
    outer loop
      vertex 14.5122 59.1997 58.7287
      vertex 37.1 62.7695 58.8521
      vertex 14.522 59.1441 58.7458
    endloop
  endfacet
  facet normal 0.0504148 -0.285919 -0.956927
    outer loop
      vertex 37.1 62.7695 58.8521
      vertex 14.5122 59.1997 58.7287
      vertex 37.1 63.1825 58.7287
    endloop
  endfacet
  facet normal 0.0818622 -0.464263 -0.881906
    outer loop
      vertex 14.4447 59.5827 58.5208
      vertex 37.1 63.5651 58.5273
      vertex 14.5032 59.2509 58.7009
    endloop
  endfacet
  facet normal 0.0815923 -0.462726 -0.882739
    outer loop
      vertex 37.1 63.5651 58.5273
      vertex 14.4447 59.5827 58.5208
      vertex 37.1 63.5775 58.5208
    endloop
  endfacet
  facet normal 0.0818872 -0.46441 -0.881826
    outer loop
      vertex 14.5032 59.2509 58.7009
      vertex 37.1 63.1825 58.7287
      vertex 14.5122 59.1997 58.7287
    endloop
  endfacet
  facet normal 0.0818578 -0.46424 -0.881918
    outer loop
      vertex 37.1 63.1825 58.7287
      vertex 14.5032 59.2509 58.7009
      vertex 37.1 63.5651 58.5273
    endloop
  endfacet
  facet normal -0.16617 0.9424 0.290293
    outer loop
      vertex 37.1 60.0743 56.1886
      vertex 15.0449 56.1785 56.211
      vertex 37.1 60.0674 56.211
    endloop
  endfacet
  facet normal -0.166174 0.942423 0.290216
    outer loop
      vertex 15.0449 56.1785 56.211
      vertex 37.1 60.0743 56.1886
      vertex 15.0257 56.2877 55.8454
    endloop
  endfacet
  facet normal -0.153148 0.868538 -0.471367
    outer loop
      vertex 15.0179 56.3319 57.563
      vertex 37.1 60.4085 57.9
      vertex 37.1 60.3977 57.8801
    endloop
  endfacet
  facet normal -0.153143 0.868512 -0.471417
    outer loop
      vertex 37.1 60.4085 57.9
      vertex 15.0179 56.3319 57.563
      vertex 14.9866 56.5093 57.9
    endloop
  endfacet
  facet normal -0.0504398 0.28606 0.956883
    outer loop
      vertex 14.738 57.9194 54.4432
      vertex 37.1 61.4339 54.5713
      vertex 37.1 61.8624 54.4432
    endloop
  endfacet
  facet normal -0.0504296 0.285994 0.956903
    outer loop
      vertex 37.1 61.4339 54.5713
      vertex 14.738 57.9194 54.4432
      vertex 14.8112 57.5037 54.5713
    endloop
  endfacet
  facet normal 0.0504148 -0.285919 0.956927
    outer loop
      vertex 14.5122 59.1997 54.5713
      vertex 37.1 62.7695 54.4479
      vertex 37.1 63.1825 54.5713
    endloop
  endfacet
  facet normal 0.0503453 -0.285475 0.957063
    outer loop
      vertex 37.1 62.7695 54.4479
      vertex 14.5122 59.1997 54.5713
      vertex 14.522 59.1441 54.5542
    endloop
  endfacet
  facet normal 0.0815923 -0.462726 0.882739
    outer loop
      vertex 14.4447 59.5827 54.7792
      vertex 37.1 63.5651 54.7727
      vertex 37.1 63.5775 54.7792
    endloop
  endfacet
  facet normal 0.0818622 -0.464263 0.881906
    outer loop
      vertex 37.1 63.5651 54.7727
      vertex 14.4447 59.5827 54.7792
      vertex 14.5032 59.2509 54.5991
    endloop
  endfacet
  facet normal 0.134286 -0.761586 0.633999
    outer loop
      vertex 14.3443 60.1517 55.3475
      vertex 37.1 64.2078 55.4
      vertex 14.3369 60.1941 55.4
    endloop
  endfacet
  facet normal 0.134218 -0.761208 0.634466
    outer loop
      vertex 14.3855 59.9185 55.059
      vertex 37.1 64.2078 55.4
      vertex 14.3443 60.1517 55.3475
    endloop
  endfacet
  facet normal 0.134246 -0.761341 0.634302
    outer loop
      vertex 37.1 64.2078 55.4
      vertex 14.3855 59.9185 55.059
      vertex 37.1 63.9237 55.059
    endloop
  endfacet
  facet normal 0.17365 -0.984807 0
    outer loop
      vertex 14.2785 60.5249 57.0889
      vertex 37.1 64.549 57.089
      vertex 14.2785 60.5249 57.089
    endloop
  endfacet
  facet normal 0.172813 -0.980062 -0.0980543
    outer loop
      vertex 37.1 64.5929 56.65
      vertex 14.2785 60.5249 57.0889
      vertex 14.2721 60.5615 56.7118
    endloop
  endfacet
  facet normal 0.17281 -0.980045 -0.0982259
    outer loop
      vertex 14.2721 60.5615 56.7118
      vertex 14.271 60.5675 56.65
      vertex 37.1 64.5929 56.65
    endloop
  endfacet
  facet normal 0.172815 -0.980066 -0.0980066
    outer loop
      vertex 14.2785 60.5249 57.0889
      vertex 37.1 64.5929 56.65
      vertex 37.1 64.549 57.089
    endloop
  endfacet
  facet normal 0.0170312 -0.0965901 -0.995179
    outer loop
      vertex 14.6012 58.6953 58.8656
      vertex 37.1 62.7376 58.8583
      vertex 14.6515 58.4095 58.8942
    endloop
  endfacet
  facet normal 0.0168807 -0.0957529 -0.995262
    outer loop
      vertex 14.5855 58.784 58.8568
      vertex 37.1 62.7376 58.8583
      vertex 14.6012 58.6953 58.8656
    endloop
  endfacet
  facet normal 0.016156 -0.0916254 -0.995662
    outer loop
      vertex 37.1 62.7376 58.8583
      vertex 14.5855 58.784 58.8568
      vertex 37.1 62.7539 58.8568
    endloop
  endfacet
  facet normal -0.134245 0.761341 -0.634302
    outer loop
      vertex 14.9866 56.5093 57.9
      vertex 37.1 60.6926 58.241
      vertex 37.1 60.4085 57.9
    endloop
  endfacet
  facet normal -0.13423 0.761266 -0.634394
    outer loop
      vertex 37.1 60.6926 58.241
      vertex 14.9866 56.5093 57.9
      vertex 14.938 56.7849 58.241
    endloop
  endfacet
  facet normal -0.172813 0.980067 0.0980067
    outer loop
      vertex 37.1 60.0674 56.211
      vertex 15.0524 56.1359 56.65
      vertex 37.1 60.0235 56.65
    endloop
  endfacet
  facet normal -0.172811 0.980062 0.0980563
    outer loop
      vertex 15.0524 56.1359 56.65
      vertex 37.1 60.0674 56.211
      vertex 15.0449 56.1785 56.211
    endloop
  endfacet
  facet normal -0.166171 0.942394 0.290312
    outer loop
      vertex 37.1 60.1974 55.789
      vertex 15.0257 56.2877 55.8454
      vertex 37.1 60.0743 56.1886
    endloop
  endfacet
  facet normal -0.166125 0.942145 0.291146
    outer loop
      vertex 15.0257 56.2877 55.8454
      vertex 37.1 60.1974 55.789
      vertex 15.0227 56.3046 55.789
    endloop
  endfacet
  facet normal -0.153148 0.868553 0.471339
    outer loop
      vertex 37.1 60.3977 55.4199
      vertex 15.0227 56.3046 55.789
      vertex 37.1 60.1974 55.789
    endloop
  endfacet
  facet normal -0.153256 0.869046 0.470396
    outer loop
      vertex 15.0227 56.3046 55.789
      vertex 37.1 60.3977 55.4199
      vertex 15.0179 56.3319 55.737
    endloop
  endfacet
  facet normal -0.172811 0.980062 -0.0980563
    outer loop
      vertex 37.1 60.0674 57.089
      vertex 15.0524 56.1359 56.65
      vertex 15.0449 56.1785 57.089
    endloop
  endfacet
  facet normal -0.172813 0.980067 -0.0980067
    outer loop
      vertex 37.1 60.0235 56.65
      vertex 15.0524 56.1359 56.65
      vertex 37.1 60.0674 57.089
    endloop
  endfacet
  facet normal -0.16617 0.9424 -0.290293
    outer loop
      vertex 15.0449 56.1785 57.089
      vertex 37.1 60.0743 57.1114
      vertex 37.1 60.0674 57.089
    endloop
  endfacet
  facet normal -0.166174 0.942423 -0.290216
    outer loop
      vertex 37.1 60.0743 57.1114
      vertex 15.0449 56.1785 57.089
      vertex 15.0257 56.2877 57.4546
    endloop
  endfacet
  facet normal -0.110142 0.624644 0.773103
    outer loop
      vertex 14.8788 57.1207 54.7792
      vertex 37.1 60.6926 55.059
      vertex 37.1 61.0389 54.7792
    endloop
  endfacet
  facet normal -0.110152 0.624711 0.773048
    outer loop
      vertex 37.1 60.6926 55.059
      vertex 14.8788 57.1207 54.7792
      vertex 14.938 56.7849 55.059
    endloop
  endfacet
  facet normal -0.134245 0.761341 0.634302
    outer loop
      vertex 37.1 60.6926 55.059
      vertex 14.9866 56.5093 55.4
      vertex 37.1 60.4085 55.4
    endloop
  endfacet
  facet normal -0.13423 0.761266 0.634394
    outer loop
      vertex 14.9866 56.5093 55.4
      vertex 37.1 60.6926 55.059
      vertex 14.938 56.7849 55.059
    endloop
  endfacet
  facet normal -0.0170048 0.0964387 0.995194
    outer loop
      vertex 14.6617 58.3517 54.4
      vertex 37.1 61.8624 54.4432
      vertex 37.1 62.3082 54.4
    endloop
  endfacet
  facet normal -0.0170064 0.0964486 0.995193
    outer loop
      vertex 37.1 61.8624 54.4432
      vertex 14.6617 58.3517 54.4
      vertex 14.738 57.9194 54.4432
    endloop
  endfacet
  facet normal 0.0818578 -0.46424 0.881918
    outer loop
      vertex 14.5032 59.2509 54.5991
      vertex 37.1 63.1825 54.5713
      vertex 37.1 63.5651 54.7727
    endloop
  endfacet
  facet normal 0.0818872 -0.46441 0.881826
    outer loop
      vertex 37.1 63.1825 54.5713
      vertex 14.5032 59.2509 54.5991
      vertex 14.5122 59.1997 54.5713
    endloop
  endfacet
  facet normal 0.109972 -0.623525 0.77403
    outer loop
      vertex 14.3934 59.8736 55.0216
      vertex 37.1 63.5775 54.7792
      vertex 37.1 63.5883 54.7879
    endloop
  endfacet
  facet normal 0.110158 -0.624725 0.773035
    outer loop
      vertex 37.1 63.5775 54.7792
      vertex 14.3934 59.8736 55.0216
      vertex 14.4447 59.5827 54.7792
    endloop
  endfacet
  facet normal 0.153176 -0.868687 0.471084
    outer loop
      vertex 14.3211 60.2834 55.5696
      vertex 37.1 64.419 55.789
      vertex 14.3008 60.3988 55.789
    endloop
  endfacet
  facet normal 0.153129 -0.868451 0.471534
    outer loop
      vertex 14.3211 60.2834 55.5696
      vertex 14.3369 60.1941 55.4
      vertex 37.1 64.419 55.789
    endloop
  endfacet
  facet normal 0.153131 -0.868461 0.471514
    outer loop
      vertex 37.1 64.419 55.789
      vertex 14.3369 60.1941 55.4
      vertex 37.1 64.2078 55.4
    endloop
  endfacet
  facet normal 0.110141 -0.62461 -0.773131
    outer loop
      vertex 14.3855 59.9185 58.241
      vertex 37.1 63.5883 58.5121
      vertex 14.3934 59.8736 58.2784
    endloop
  endfacet
  facet normal 0.110168 -0.624791 -0.77298
    outer loop
      vertex 37.1 63.5883 58.5121
      vertex 14.3855 59.9185 58.241
      vertex 37.1 63.9237 58.241
    endloop
  endfacet
  facet normal -0.0818627 0.464266 -0.881904
    outer loop
      vertex 14.8112 57.5037 58.7287
      vertex 37.1 61.0389 58.5208
      vertex 14.8788 57.1207 58.5208
    endloop
  endfacet
  facet normal -0.0818515 0.464193 -0.881944
    outer loop
      vertex 37.1 61.0389 58.5208
      vertex 14.8112 57.5037 58.7287
      vertex 37.1 61.4339 58.7287
    endloop
  endfacet
  facet normal -0.166125 0.942145 -0.291146
    outer loop
      vertex 37.1 60.1974 57.511
      vertex 15.0257 56.2877 57.4546
      vertex 15.0227 56.3046 57.511
    endloop
  endfacet
  facet normal -0.166171 0.942394 -0.290312
    outer loop
      vertex 15.0257 56.2877 57.4546
      vertex 37.1 60.1974 57.511
      vertex 37.1 60.0743 57.1114
    endloop
  endfacet
  facet normal -0.153148 0.868553 -0.471339
    outer loop
      vertex 15.0227 56.3046 57.511
      vertex 37.1 60.3977 57.8801
      vertex 37.1 60.1974 57.511
    endloop
  endfacet
  facet normal -0.153256 0.869046 -0.470396
    outer loop
      vertex 37.1 60.3977 57.8801
      vertex 15.0227 56.3046 57.511
      vertex 15.0179 56.3319 57.563
    endloop
  endfacet
  facet normal 0.166174 -0.942406 0.290272
    outer loop
      vertex 14.2888 60.4665 56.0155
      vertex 37.1 64.549 56.211
      vertex 14.2785 60.5249 56.211
    endloop
  endfacet
  facet normal 0.166162 -0.942348 0.290467
    outer loop
      vertex 14.3008 60.3988 55.789
      vertex 37.1 64.549 56.211
      vertex 14.2888 60.4665 56.0155
    endloop
  endfacet
  facet normal 0.166173 -0.942394 0.290311
    outer loop
      vertex 37.1 64.549 56.211
      vertex 14.3008 60.3988 55.789
      vertex 37.1 64.419 55.789
    endloop
  endfacet
  facet normal 0.17282 -0.980105 0.0976122
    outer loop
      vertex 14.2734 60.554 56.5102
      vertex 37.1 64.5929 56.65
      vertex 14.271 60.5675 56.65
    endloop
  endfacet
  facet normal 0.172804 -0.980039 0.0982963
    outer loop
      vertex 14.2785 60.5249 56.2111
      vertex 37.1 64.5929 56.65
      vertex 14.2734 60.554 56.5102
    endloop
  endfacet
  facet normal 0.17365 -0.984807 0
    outer loop
      vertex 37.1 64.549 56.211
      vertex 14.2785 60.5249 56.2111
      vertex 14.2785 60.5249 56.211
    endloop
  endfacet
  facet normal 0.172815 -0.980066 0.0980066
    outer loop
      vertex 14.2785 60.5249 56.2111
      vertex 37.1 64.549 56.211
      vertex 37.1 64.5929 56.65
    endloop
  endfacet
  facet normal -0.0169764 0.0962786 -0.99521
    outer loop
      vertex 14.7229 58.0046 58.8653
      vertex 37.1 61.8624 58.8568
      vertex 14.738 57.9194 58.8568
    endloop
  endfacet
  facet normal -0.0170129 0.0964905 -0.995188
    outer loop
      vertex 14.6617 58.3517 58.9
      vertex 37.1 61.8624 58.8568
      vertex 14.7229 58.0046 58.8653
    endloop
  endfacet
  facet normal -0.0170048 0.0964387 -0.995194
    outer loop
      vertex 37.1 61.8624 58.8568
      vertex 14.6617 58.3517 58.9
      vertex 37.1 62.3082 58.9
    endloop
  endfacet
  facet normal 0.0170767 -0.0968461 -0.995153
    outer loop
      vertex 14.6515 58.4095 58.8942
      vertex 37.1 62.3082 58.9
      vertex 14.6617 58.3517 58.9
    endloop
  endfacet
  facet normal 0.0170415 -0.0966435 -0.995173
    outer loop
      vertex 37.1 62.3082 58.9
      vertex 14.6515 58.4095 58.8942
      vertex 37.1 62.7376 58.8583
    endloop
  endfacet
  facet normal 0.153154 -0.868564 -0.471318
    outer loop
      vertex 14.3369 60.1941 57.9
      vertex 14.3069 60.3643 57.5766
      vertex 37.1 64.419 57.511
    endloop
  endfacet
  facet normal 0.153175 -0.868681 -0.471095
    outer loop
      vertex 37.1 64.419 57.511
      vertex 14.3069 60.3643 57.5766
      vertex 14.3008 60.3988 57.511
    endloop
  endfacet
  facet normal 0.153131 -0.868461 -0.471514
    outer loop
      vertex 14.3369 60.1941 57.9
      vertex 37.1 64.419 57.511
      vertex 37.1 64.2078 57.9
    endloop
  endfacet
  facet normal 0.134188 -0.761061 -0.634649
    outer loop
      vertex 37.1 64.2078 57.9
      vertex 14.3855 59.9185 58.241
      vertex 14.3738 59.9844 58.1595
    endloop
  endfacet
  facet normal 0.134242 -0.761331 -0.634314
    outer loop
      vertex 14.3738 59.9844 58.1595
      vertex 14.3369 60.1941 57.9
      vertex 37.1 64.2078 57.9
    endloop
  endfacet
  facet normal 0.134246 -0.761341 -0.634302
    outer loop
      vertex 14.3855 59.9185 58.241
      vertex 37.1 64.2078 57.9
      vertex 37.1 63.9237 58.241
    endloop
  endfacet
  facet normal 0 0.985401 -0.170248
    outer loop
      vertex 11.3881 43.8352 75.9402
      vertex 11.9195 43.8786 76.1914
      vertex 12.3 43.8786 76.1914
    endloop
  endfacet
  facet normal -0.000342096 0.985522 -0.169546
    outer loop
      vertex 11.9195 43.8786 76.1914
      vertex 11.3881 43.8352 75.9402
      vertex 11.6673 43.8669 76.1239
    endloop
  endfacet
  facet normal -0.00285654 0.98615 -0.165832
    outer loop
      vertex 11.6673 43.8669 76.1239
      vertex 11.3881 43.8352 75.9402
      vertex 11.4412 43.8443 75.9934
    endloop
  endfacet
  facet normal 0 0.985407 -0.170213
    outer loop
      vertex -9.55 41.942 64.98
      vertex -18.05 43.8352 75.9402
      vertex 11.3881 43.8352 75.9402
    endloop
  endfacet
  facet normal -1.20536e-05 0.985406 -0.170222
    outer loop
      vertex -19.0414 43.1732 72.108
      vertex -18.05 43.8352 75.9402
      vertex -9.55 41.942 64.98
    endloop
  endfacet
  facet normal -4.28904e-05 0.985407 -0.170215
    outer loop
      vertex -19.0077 43.4298 73.5935
      vertex -18.05 43.8352 75.9402
      vertex -19.0414 43.1732 72.108
    endloop
  endfacet
  facet normal -0.000125998 0.985413 -0.170182
    outer loop
      vertex -18.9086 43.6689 74.9779
      vertex -18.05 43.8352 75.9402
      vertex -19.0077 43.4298 73.5935
    endloop
  endfacet
  facet normal -0.00140348 0.985602 -0.169075
    outer loop
      vertex -18.05 43.8352 75.9402
      vertex -18.9086 43.6689 74.9779
      vertex -18.1176 43.8338 75.9326
    endloop
  endfacet
  facet normal -0.000136072 0.985709 -0.168458
    outer loop
      vertex -18.1176 43.8338 75.9326
      vertex -18.3018 43.8274 75.8953
      vertex -18.2264 43.8317 75.9204
    endloop
  endfacet
  facet normal 0.000304457 0.985345 -0.170571
    outer loop
      vertex -18.1176 43.8338 75.9326
      vertex -18.7989 43.7531 75.4652
      vertex -18.3018 43.8274 75.8953
    endloop
  endfacet
  facet normal 0.000112714 0.985383 -0.170356
    outer loop
      vertex -18.666 43.7892 75.6741
      vertex -18.3018 43.8274 75.8953
      vertex -18.7989 43.7531 75.4652
    endloop
  endfacet
  facet normal 0.00212204 0.984296 -0.176512
    outer loop
      vertex -18.3018 43.8274 75.8953
      vertex -18.4523 43.8177 75.8394
      vertex -18.4237 43.8204 75.8548
    endloop
  endfacet
  facet normal -0.00078199 0.985629 -0.168925
    outer loop
      vertex -18.3018 43.8274 75.8953
      vertex -18.666 43.7892 75.6741
      vertex -18.4523 43.8177 75.8394
    endloop
  endfacet
  facet normal 0.00435731 0.984492 -0.175373
    outer loop
      vertex -18.4523 43.8177 75.8394
      vertex -18.666 43.7892 75.6741
      vertex -18.509 43.8125 75.8088
    endloop
  endfacet
  facet normal -0.00190756 0.985596 -0.169107
    outer loop
      vertex -18.666 43.7892 75.6741
      vertex -18.7989 43.7531 75.4652
      vertex -18.7093 43.7804 75.6233
    endloop
  endfacet
  facet normal 0.00225114 0.985311 -0.170757
    outer loop
      vertex -18.7989 43.7531 75.4652
      vertex -18.9086 43.6689 74.9779
      vertex -18.8619 43.7299 75.3305
    endloop
  endfacet
  facet normal 0.000895605 0.985331 -0.17065
    outer loop
      vertex -18.7093 43.7804 75.6233
      vertex -18.7989 43.7531 75.4652
      vertex -18.744 43.7734 75.5827
    endloop
  endfacet
  facet normal 0 0.985407 -0.170213
    outer loop
      vertex -9.55 41.942 64.98
      vertex 11.3881 43.8352 75.9402
      vertex 9.55 41.942 64.98
    endloop
  endfacet
  facet normal -1.04238e-05 0.985408 -0.170212
    outer loop
      vertex 12.3 43.8786 76.1914
      vertex 9.55 41.942 64.98
      vertex 11.3881 43.8352 75.9402
    endloop
  endfacet
  facet normal -1.77275e-05 0.985408 -0.17021
    outer loop
      vertex 12.3 43.8786 76.1914
      vertex 12.05 32.5738 10.7438
      vertex 9.55 41.942 64.98
    endloop
  endfacet
  facet normal 0.000161928 0.985408 -0.170211
    outer loop
      vertex 12.3 32.111 8.06473
      vertex 12.05 32.5738 10.7438
      vertex 12.3 43.8786 76.1914
    endloop
  endfacet
  facet normal 0 0.985405 -0.170225
    outer loop
      vertex 12.05 32.5738 10.7438
      vertex 12.3 32.111 8.06473
      vertex 12.05 32.111 8.06473
    endloop
  endfacet
  facet normal 0.0001052 0.985394 -0.170289
    outer loop
      vertex -18.7989 43.7531 75.4652
      vertex -18.1176 43.8338 75.9326
      vertex -18.9086 43.6689 74.9779
    endloop
  endfacet
  facet normal 0 0.985408 -0.170209
    outer loop
      vertex -19.0414 32.5738 10.7438
      vertex -9.55 41.942 64.98
      vertex -9.55 32.5738 10.7438
    endloop
  endfacet
  facet normal -1.5568e-06 0.985408 -0.170209
    outer loop
      vertex -9.55 41.942 64.98
      vertex -19.0414 32.5738 10.7438
      vertex -19.0414 43.1732 72.108
    endloop
  endfacet
  facet normal 0 0.985408 -0.170209
    outer loop
      vertex 9.55 41.942 64.98
      vertex 12.05 32.5738 10.7438
      vertex 9.55 32.5738 10.7438
    endloop
  endfacet
  facet normal -1 0 0
    outer loop
      vertex 12.3 62.7921 37.3066
      vertex 12.3 63.1978 37.9695
      vertex 12.3 63.1262 37.7173
    endloop
  endfacet
  facet normal -1 0 0
    outer loop
      vertex 12.3 63.1978 37.9695
      vertex 12.3 61.4422 56.65
      vertex 12.3 63.1978 75.3305
    endloop
  endfacet
  facet normal -1 0 0
    outer loop
      vertex 12.3 62.7921 37.3066
      vertex 12.3 63.1262 37.7173
      vertex 12.3 62.9878 37.4912
    endloop
  endfacet
  facet normal -1 0 0
    outer loop
      vertex 12.3 61.43 56.7867
      vertex 12.3 63.1978 75.3305
      vertex 12.3 61.4422 56.65
    endloop
  endfacet
  facet normal -1 0 0
    outer loop
      vertex 12.3 63.1978 37.9695
      vertex 12.3 62.7921 37.3066
      vertex 12.3 62.5524 37.1761
    endloop
  endfacet
  facet normal -1 0 0
    outer loop
      vertex 12.3 61.3819 57.3252
      vertex 12.3 63.1978 75.3305
      vertex 12.3 61.43 56.7867
    endloop
  endfacet
  facet normal -1 0 0
    outer loop
      vertex 12.3 63.1978 37.9695
      vertex 12.3 62.5524 37.1761
      vertex 12.3 62.2851 37.1086
    endloop
  endfacet
  facet normal -1 0 0
    outer loop
      vertex 12.3 61.2366 57.8549
      vertex 12.3 63.1978 75.3305
      vertex 12.3 61.3819 57.3252
    endloop
  endfacet
  facet normal -1 0 0
    outer loop
      vertex 12.3 63.1978 37.9695
      vertex 12.3 62.2851 37.1086
      vertex 12.3 60.3481 37.1086
    endloop
  endfacet
  facet normal -1 0 0
    outer loop
      vertex 12.3 61.2016 57.9824
      vertex 12.3 63.1978 75.3305
      vertex 12.3 61.2366 57.8549
    endloop
  endfacet
  facet normal -1 0 0
    outer loop
      vertex 12.3 61.146 58.0987
      vertex 12.3 63.1978 75.3305
      vertex 12.3 61.2016 57.9824
    endloop
  endfacet
  facet normal -1 0 0
    outer loop
      vertex 12.3 63.1978 37.9695
      vertex 12.3 61.43 56.5133
      vertex 12.3 61.4422 56.65
    endloop
  endfacet
  facet normal -1 0 0
    outer loop
      vertex 12.3 63.1978 37.9695
      vertex 12.3 61.3819 55.9748
      vertex 12.3 61.43 56.5133
    endloop
  endfacet
  facet normal -1 0 0
    outer loop
      vertex 12.3 63.1978 37.9695
      vertex 12.3 61.2366 55.4451
      vertex 12.3 61.3819 55.9748
    endloop
  endfacet
  facet normal -1 0 0
    outer loop
      vertex 12.3 63.1978 37.9695
      vertex 12.3 61.2016 55.3176
      vertex 12.3 61.2366 55.4451
    endloop
  endfacet
  facet normal -1 0 0
    outer loop
      vertex 12.3 63.1978 37.9695
      vertex 12.3 61.146 55.2013
      vertex 12.3 61.2016 55.3176
    endloop
  endfacet
  facet normal -1 0 0
    outer loop
      vertex 12.3 63.1978 37.9695
      vertex 12.3 60.9043 54.6963
      vertex 12.3 61.146 55.2013
    endloop
  endfacet
  facet normal -1 0 0
    outer loop
      vertex 12.3 63.1978 37.9695
      vertex 12.3 60.561 54.2215
      vertex 12.3 60.9043 54.6963
    endloop
  endfacet
  facet normal -1 0 0
    outer loop
      vertex 12.3 63.1978 37.9695
      vertex 12.3 60.4946 54.1296
      vertex 12.3 60.561 54.2215
    endloop
  endfacet
  facet normal -1 0 0
    outer loop
      vertex 12.3 57.9353 52.7866
      vertex 12.3 63.1978 37.9695
      vertex 12.3 60.3481 37.1086
    endloop
  endfacet
  facet normal -1 0 0
    outer loop
      vertex 12.3 63.1978 37.9695
      vertex 12.3 60.0512 53.7046
      vertex 12.3 60.4946 54.1296
    endloop
  endfacet
  facet normal -1 0 0
    outer loop
      vertex 12.3 63.1978 37.9695
      vertex 12.3 59.98 53.6363
      vertex 12.3 60.0512 53.7046
    endloop
  endfacet
  facet normal -1 0 0
    outer loop
      vertex 12.3 63.1978 37.9695
      vertex 12.3 59.9024 53.5853
      vertex 12.3 59.98 53.6363
    endloop
  endfacet
  facet normal -1 0 0
    outer loop
      vertex 12.3 63.1978 37.9695
      vertex 12.3 59.3713 53.2357
      vertex 12.3 59.9024 53.5853
    endloop
  endfacet
  facet normal -1 0 0
    outer loop
      vertex 12.3 63.1978 37.9695
      vertex 12.3 58.7385 52.9697
      vertex 12.3 59.3713 53.2357
    endloop
  endfacet
  facet normal -1 0 0
    outer loop
      vertex 12.3 63.1978 37.9695
      vertex 12.3 58.6833 52.9466
      vertex 12.3 58.7385 52.9697
    endloop
  endfacet
  facet normal -1 0 0
    outer loop
      vertex 12.3 63.1978 37.9695
      vertex 12.3 58.6291 52.935
      vertex 12.3 58.6833 52.9466
    endloop
  endfacet
  facet normal -1 0 0
    outer loop
      vertex 12.3 63.1978 37.9695
      vertex 12.3 57.9353 52.7866
      vertex 12.3 58.6291 52.935
    endloop
  endfacet
  facet normal -1 0 0
    outer loop
      vertex 12.3 60.3481 37.1086
      vertex 12.3 57.1639 52.7713
      vertex 12.3 57.9353 52.7866
    endloop
  endfacet
  facet normal -1 0 0
    outer loop
      vertex 12.3 60.3481 37.1086
      vertex 12.3 57.1518 52.7711
      vertex 12.3 57.1639 52.7713
    endloop
  endfacet
  facet normal -1 0 0
    outer loop
      vertex 12.3 60.3481 37.1086
      vertex 12.3 57.1408 52.773
      vertex 12.3 57.1518 52.7711
    endloop
  endfacet
  facet normal -1 0 0
    outer loop
      vertex 12.3 60.3481 37.1086
      vertex 12.3 56.7657 52.8395
      vertex 12.3 57.1408 52.773
    endloop
  endfacet
  facet normal -1 0 0
    outer loop
      vertex 12.3 60.3481 37.1086
      vertex 12.3 56.4229 52.9419
      vertex 12.3 56.7657 52.8395
    endloop
  endfacet
  facet normal -1 0 0
    outer loop
      vertex 12.3 60.3481 37.1086
      vertex 12.3 56.3809 52.9545
      vertex 12.3 56.4229 52.9419
    endloop
  endfacet
  facet normal -1 0 0
    outer loop
      vertex 12.3 60.3481 37.1086
      vertex 12.3 55.789 53.2661
      vertex 12.3 56.3809 52.9545
    endloop
  endfacet
  facet normal -1 0 0
    outer loop
      vertex 12.3 60.3481 37.1086
      vertex 12.3 55.6787 53.3241
      vertex 12.3 55.789 53.2661
    endloop
  endfacet
  facet normal -1 0 0
    outer loop
      vertex 12.3 60.3481 37.1086
      vertex 12.3 55.5593 53.4206
      vertex 12.3 55.6787 53.3241
    endloop
  endfacet
  facet normal -1 0 0
    outer loop
      vertex 12.3 60.3481 37.1086
      vertex 12.3 55.0632 53.8216
      vertex 12.3 55.5593 53.4206
    endloop
  endfacet
  facet normal -1 0 0
    outer loop
      vertex 12.3 43.9666 20.259
      vertex 12.3 55.0632 53.8216
      vertex 12.3 60.3481 37.1086
    endloop
  endfacet
  facet normal -1 -0 0
    outer loop
      vertex 12.3 55.0632 53.8216
      vertex 12.3 43.9666 20.259
      vertex 12.3 54.9127 54.0022
    endloop
  endfacet
  facet normal -1 -0 0
    outer loop
      vertex 12.3 54.9127 54.0022
      vertex 12.3 43.9666 20.259
      vertex 12.3 54.5581 54.4277
    endloop
  endfacet
  facet normal -1 -0 0
    outer loop
      vertex 12.3 54.5581 54.4277
      vertex 12.3 43.9666 20.259
      vertex 12.3 54.3298 54.8484
    endloop
  endfacet
  facet normal -1 0 0
    outer loop
      vertex 12.3 43.9666 20.259
      vertex 12.3 54.083 55.4429
      vertex 12.3 54.1827 55.1193
    endloop
  endfacet
  facet normal -1 0 0
    outer loop
      vertex 12.3 53.9516 55.8696
      vertex 12.3 43.8786 76.1914
      vertex 12.3 53.9094 56.2916
    endloop
  endfacet
  facet normal -1 0 0
    outer loop
      vertex 12.3 43.8786 76.1914
      vertex 12.3 53.9516 55.8696
      vertex 12.3 43.9666 20.259
    endloop
  endfacet
  facet normal -1 -0 0
    outer loop
      vertex 12.3 54.083 55.4429
      vertex 12.3 43.9666 20.259
      vertex 12.3 53.9516 55.8696
    endloop
  endfacet
  facet normal -1 -0 0
    outer loop
      vertex 12.3 54.3298 54.8484
      vertex 12.3 43.9666 20.259
      vertex 12.3 54.1827 55.1193
    endloop
  endfacet
  facet normal -1 0 0
    outer loop
      vertex 12.3 60.9043 58.6037
      vertex 12.3 63.1978 75.3305
      vertex 12.3 61.146 58.0987
    endloop
  endfacet
  facet normal -1 0 0
    outer loop
      vertex 12.3 60.561 59.0785
      vertex 12.3 63.1978 75.3305
      vertex 12.3 60.9043 58.6037
    endloop
  endfacet
  facet normal -1 0 0
    outer loop
      vertex 12.3 60.4946 59.1704
      vertex 12.3 63.1978 75.3305
      vertex 12.3 60.561 59.0785
    endloop
  endfacet
  facet normal -1 0 0
    outer loop
      vertex 12.3 60.0512 59.5954
      vertex 12.3 63.1978 75.3305
      vertex 12.3 60.4946 59.1704
    endloop
  endfacet
  facet normal -1 0 0
    outer loop
      vertex 12.3 59.98 59.6637
      vertex 12.3 63.1978 75.3305
      vertex 12.3 60.0512 59.5954
    endloop
  endfacet
  facet normal -1 0 0
    outer loop
      vertex 12.3 59.9024 59.7147
      vertex 12.3 63.1978 75.3305
      vertex 12.3 59.98 59.6637
    endloop
  endfacet
  facet normal -1 0 0
    outer loop
      vertex 12.3 59.3713 60.0643
      vertex 12.3 63.1978 75.3305
      vertex 12.3 59.9024 59.7147
    endloop
  endfacet
  facet normal -1 0 0
    outer loop
      vertex 12.3 58.7385 60.3303
      vertex 12.3 63.1978 75.3305
      vertex 12.3 59.3713 60.0643
    endloop
  endfacet
  facet normal -1 0 0
    outer loop
      vertex 12.3 58.6833 60.3534
      vertex 12.3 63.1978 75.3305
      vertex 12.3 58.7385 60.3303
    endloop
  endfacet
  facet normal -1 0 0
    outer loop
      vertex 12.3 58.6291 60.365
      vertex 12.3 63.1978 75.3305
      vertex 12.3 58.6833 60.3534
    endloop
  endfacet
  facet normal -1 0 0
    outer loop
      vertex 12.3 57.9353 60.5134
      vertex 12.3 63.1978 75.3305
      vertex 12.3 58.6291 60.365
    endloop
  endfacet
  facet normal -1 0 0
    outer loop
      vertex 12.3 57.1639 60.5287
      vertex 12.3 63.1978 75.3305
      vertex 12.3 57.9353 60.5134
    endloop
  endfacet
  facet normal -1 -0 -0
    outer loop
      vertex 12.3 62.5524 76.1239
      vertex 12.3 63.1978 75.3305
      vertex 12.3 62.2851 76.1914
    endloop
  endfacet
  facet normal -1 0 0
    outer loop
      vertex 12.3 63.1978 75.3305
      vertex 12.3 62.7921 75.9934
      vertex 12.3 63.1262 75.5827
    endloop
  endfacet
  facet normal -1 -0 -0
    outer loop
      vertex 12.3 62.7921 75.9934
      vertex 12.3 63.1978 75.3305
      vertex 12.3 62.5524 76.1239
    endloop
  endfacet
  facet normal -1 0 0
    outer loop
      vertex 12.3 63.1262 75.5827
      vertex 12.3 62.7921 75.9934
      vertex 12.3 62.9878 75.8088
    endloop
  endfacet
  facet normal -1 0 0
    outer loop
      vertex 12.3 57.1518 60.5289
      vertex 12.3 63.1978 75.3305
      vertex 12.3 57.1639 60.5287
    endloop
  endfacet
  facet normal -1 -0 0
    outer loop
      vertex 12.3 63.1978 75.3305
      vertex 12.3 57.1518 60.5289
      vertex 12.3 62.2851 76.1914
    endloop
  endfacet
  facet normal -1 0 0
    outer loop
      vertex 12.3 57.1408 60.527
      vertex 12.3 62.2851 76.1914
      vertex 12.3 57.1518 60.5289
    endloop
  endfacet
  facet normal -1 0 0
    outer loop
      vertex 12.3 56.7657 60.4605
      vertex 12.3 62.2851 76.1914
      vertex 12.3 57.1408 60.527
    endloop
  endfacet
  facet normal -1 0 0
    outer loop
      vertex 12.3 56.4229 60.3581
      vertex 12.3 62.2851 76.1914
      vertex 12.3 56.7657 60.4605
    endloop
  endfacet
  facet normal -1 0 0
    outer loop
      vertex 12.3 56.3809 60.3455
      vertex 12.3 62.2851 76.1914
      vertex 12.3 56.4229 60.3581
    endloop
  endfacet
  facet normal -1 0 0
    outer loop
      vertex 12.3 43.8786 76.1914
      vertex 12.3 56.3809 60.3455
      vertex 12.3 55.789 60.0339
    endloop
  endfacet
  facet normal -1 0 0
    outer loop
      vertex 12.3 43.8786 76.1914
      vertex 12.3 55.789 60.0339
      vertex 12.3 55.6787 59.9759
    endloop
  endfacet
  facet normal -1 0 0
    outer loop
      vertex 12.3 43.8786 76.1914
      vertex 12.3 55.6787 59.9759
      vertex 12.3 55.5593 59.8794
    endloop
  endfacet
  facet normal -1 0 0
    outer loop
      vertex 12.3 43.8786 76.1914
      vertex 12.3 55.5593 59.8794
      vertex 12.3 55.0632 59.4784
    endloop
  endfacet
  facet normal -1 0 0
    outer loop
      vertex 12.3 43.8786 76.1914
      vertex 12.3 55.0632 59.4784
      vertex 12.3 54.9127 59.2978
    endloop
  endfacet
  facet normal -1 0 0
    outer loop
      vertex 12.3 43.8786 76.1914
      vertex 12.3 54.9127 59.2978
      vertex 12.3 54.5581 58.8723
    endloop
  endfacet
  facet normal -1 0 0
    outer loop
      vertex 12.3 43.8786 76.1914
      vertex 12.3 54.5581 58.8723
      vertex 12.3 54.3298 58.4516
    endloop
  endfacet
  facet normal -1 0 0
    outer loop
      vertex 12.3 43.8786 76.1914
      vertex 12.3 54.3298 58.4516
      vertex 12.3 54.1827 58.1807
    endloop
  endfacet
  facet normal -1 0 0
    outer loop
      vertex 12.3 43.8786 76.1914
      vertex 12.3 54.083 57.8571
      vertex 12.3 53.9516 57.4304
    endloop
  endfacet
  facet normal -1 0 0
    outer loop
      vertex 12.3 43.8786 76.1914
      vertex 12.3 53.9094 57.0084
      vertex 12.3 53.8736 56.65
    endloop
  endfacet
  facet normal -1 0 0
    outer loop
      vertex 12.3 53.9094 56.2916
      vertex 12.3 43.8786 76.1914
      vertex 12.3 53.8736 56.65
    endloop
  endfacet
  facet normal -1 0 0
    outer loop
      vertex 12.3 56.3809 60.3455
      vertex 12.3 43.8786 76.1914
      vertex 12.3 62.2851 76.1914
    endloop
  endfacet
  facet normal -1 0 0
    outer loop
      vertex 12.3 54.083 57.8571
      vertex 12.3 43.8786 76.1914
      vertex 12.3 54.1827 58.1807
    endloop
  endfacet
  facet normal -1 0 0
    outer loop
      vertex 12.3 53.9094 57.0084
      vertex 12.3 43.8786 76.1914
      vertex 12.3 53.9516 57.4304
    endloop
  endfacet
  facet normal -1 0 0
    outer loop
      vertex 12.3 40.0118 16.1912
      vertex 12.3 43.8786 76.1914
      vertex 12.3 43.9666 20.259
    endloop
  endfacet
  facet normal -1 0 0
    outer loop
      vertex 12.3 43.8786 76.1914
      vertex 12.3 40.0118 16.1912
      vertex 12.3 32.111 8.06473
    endloop
  endfacet
  facet normal 1 -0 0
    outer loop
      vertex -11.4 32.3077 66.83
      vertex -11.4 39.7677 66.33
      vertex -11.4 39.7677 66.83
    endloop
  endfacet
  facet normal 1 0 0
    outer loop
      vertex -11.4 32.3077 66.83
      vertex -11.4 30.1887 10.7438
      vertex -11.4 39.7677 66.33
    endloop
  endfacet
  facet normal 1 0 -0
    outer loop
      vertex -11.4 30.1887 10.7438
      vertex -11.4 32.3077 66.83
      vertex -11.4 22.6425 10.7438
    endloop
  endfacet
  facet normal 0 0.985475 -0.169821
    outer loop
      vertex 11.4 32.3077 66.83
      vertex 9.55 31.9889 64.98
      vertex -11.4 32.3077 66.83
    endloop
  endfacet
  facet normal 3.22389e-06 0.985474 -0.169824
    outer loop
      vertex 11.4 22.6425 10.7438
      vertex 9.55 31.9889 64.98
      vertex 11.4 32.3077 66.83
    endloop
  endfacet
  facet normal 0 0.985474 -0.169825
    outer loop
      vertex 9.55 31.9889 64.98
      vertex 11.4 22.6425 10.7438
      vertex 9.55 22.6425 10.7438
    endloop
  endfacet
  facet normal 0 0.985475 -0.169821
    outer loop
      vertex -9.55 31.9889 64.98
      vertex -11.4 32.3077 66.83
      vertex 9.55 31.9889 64.98
    endloop
  endfacet
  facet normal 0 0.985474 -0.169825
    outer loop
      vertex -11.4 22.6425 10.7438
      vertex -9.55 31.9889 64.98
      vertex -9.55 22.6425 10.7438
    endloop
  endfacet
  facet normal -3.22389e-06 0.985474 -0.169824
    outer loop
      vertex -9.55 31.9889 64.98
      vertex -11.4 22.6425 10.7438
      vertex -11.4 32.3077 66.83
    endloop
  endfacet
  facet normal 0 0 -1
    outer loop
      vertex -11.4 32.3077 66.83
      vertex 11.4 39.7677 66.83
      vertex 11.4 32.3077 66.83
    endloop
  endfacet
  facet normal -0 0 -1
    outer loop
      vertex 11.4 39.7677 66.83
      vertex -11.4 32.3077 66.83
      vertex -11.4 39.7677 66.83
    endloop
  endfacet
  facet normal 0 -0.985479 0.169794
    outer loop
      vertex -11.4 39.7677 66.33
      vertex -9.55 39.5351 64.98
      vertex 11.4 39.7677 66.33
    endloop
  endfacet
  facet normal 2.204e-05 -0.985474 0.169824
    outer loop
      vertex -11.4 30.1887 10.7438
      vertex -9.55 39.5351 64.98
      vertex -11.4 39.7677 66.33
    endloop
  endfacet
  facet normal 0 -0.985474 0.169825
    outer loop
      vertex -9.55 39.5351 64.98
      vertex -11.4 30.1887 10.7438
      vertex -9.55 30.1887 10.7438
    endloop
  endfacet
  facet normal 0 -0.985479 0.169794
    outer loop
      vertex 9.55 39.5351 64.98
      vertex 11.4 39.7677 66.33
      vertex -9.55 39.5351 64.98
    endloop
  endfacet
  facet normal 0 -0.985474 0.169825
    outer loop
      vertex 11.4 30.1887 10.7438
      vertex 9.55 39.5351 64.98
      vertex 9.55 30.1887 10.7438
    endloop
  endfacet
  facet normal -2.204e-05 -0.985474 0.169824
    outer loop
      vertex 9.55 39.5351 64.98
      vertex 11.4 30.1887 10.7438
      vertex 11.4 39.7677 66.33
    endloop
  endfacet
  facet normal -1 0 0
    outer loop
      vertex 11.4 39.7677 66.33
      vertex 11.4 32.3077 66.83
      vertex 11.4 39.7677 66.83
    endloop
  endfacet
  facet normal -1 0 0
    outer loop
      vertex 11.4 30.1887 10.7438
      vertex 11.4 32.3077 66.83
      vertex 11.4 39.7677 66.33
    endloop
  endfacet
  facet normal -1 0 0
    outer loop
      vertex 11.4 32.3077 66.83
      vertex 11.4 30.1887 10.7438
      vertex 11.4 22.6425 10.7438
    endloop
  endfacet
  facet normal 0 -1 0
    outer loop
      vertex -11.4 39.7677 66.33
      vertex 11.4 39.7677 66.83
      vertex -11.4 39.7677 66.83
    endloop
  endfacet
  facet normal 0 -1 -0
    outer loop
      vertex 11.4 39.7677 66.83
      vertex -11.4 39.7677 66.33
      vertex 11.4 39.7677 66.33
    endloop
  endfacet
  facet normal 1 -0 0
    outer loop
      vertex -9.55 39.5351 64.98
      vertex -9.55 32.5738 10.7438
      vertex -9.55 41.942 64.98
    endloop
  endfacet
  facet normal 1 0 -0
    outer loop
      vertex -9.55 32.5738 10.7438
      vertex -9.55 39.5351 64.98
      vertex -9.55 30.1887 10.7438
    endloop
  endfacet
  facet normal 0 0 -1
    outer loop
      vertex -9.55 39.5351 64.98
      vertex 9.55 41.942 64.98
      vertex 9.55 39.5351 64.98
    endloop
  endfacet
  facet normal -0 0 -1
    outer loop
      vertex 9.55 41.942 64.98
      vertex -9.55 39.5351 64.98
      vertex -9.55 41.942 64.98
    endloop
  endfacet
  facet normal -1 0 0
    outer loop
      vertex 9.55 32.5738 10.7438
      vertex 9.55 39.5351 64.98
      vertex 9.55 41.942 64.98
    endloop
  endfacet
  facet normal -1 0 0
    outer loop
      vertex 9.55 39.5351 64.98
      vertex 9.55 32.5738 10.7438
      vertex 9.55 30.1887 10.7438
    endloop
  endfacet
  facet normal 1 -0 0
    outer loop
      vertex -9.55 25.8682 64.98
      vertex -9.55 22.6425 10.7438
      vertex -9.55 31.9889 64.98
    endloop
  endfacet
  facet normal 1 0 -0
    outer loop
      vertex -9.55 22.6425 10.7438
      vertex -9.55 25.8682 64.98
      vertex -9.55 16.5224 10.7438
    endloop
  endfacet
  facet normal 0 0.985476 -0.169813
    outer loop
      vertex 9.55 25.8682 64.98
      vertex 2.85 18.6516 23.1
      vertex -9.55 25.8682 64.98
    endloop
  endfacet
  facet normal 3.09998e-06 0.985476 -0.169814
    outer loop
      vertex 9.55 16.5224 10.7438
      vertex 2.85 18.6516 23.1
      vertex 9.55 25.8682 64.98
    endloop
  endfacet
  facet normal 0 0.985475 -0.169818
    outer loop
      vertex 2.85 18.2036 20.5
      vertex 9.55 16.5224 10.7438
      vertex -2.85 18.2036 20.5
    endloop
  endfacet
  facet normal 1.93701e-05 0.985478 -0.169805
    outer loop
      vertex 2.85 18.6516 23.1
      vertex 9.55 16.5224 10.7438
      vertex 2.85 18.2036 20.5
    endloop
  endfacet
  facet normal 0 0.985476 -0.169813
    outer loop
      vertex -2.85 18.6516 23.1
      vertex -9.55 25.8682 64.98
      vertex 2.85 18.6516 23.1
    endloop
  endfacet
  facet normal -1.93701e-05 0.985478 -0.169805
    outer loop
      vertex -9.55 16.5224 10.7438
      vertex -2.85 18.6516 23.1
      vertex -2.85 18.2036 20.5
    endloop
  endfacet
  facet normal -3.09998e-06 0.985476 -0.169814
    outer loop
      vertex -2.85 18.6516 23.1
      vertex -9.55 16.5224 10.7438
      vertex -9.55 25.8682 64.98
    endloop
  endfacet
  facet normal 0 0.985475 -0.169818
    outer loop
      vertex -9.55 16.5224 10.7438
      vertex -2.85 18.2036 20.5
      vertex 9.55 16.5224 10.7438
    endloop
  endfacet
  facet normal 0 0 -1
    outer loop
      vertex -9.55 25.8682 64.98
      vertex 9.55 31.9889 64.98
      vertex 9.55 25.8682 64.98
    endloop
  endfacet
  facet normal -0 0 -1
    outer loop
      vertex 9.55 31.9889 64.98
      vertex -9.55 25.8682 64.98
      vertex -9.55 31.9889 64.98
    endloop
  endfacet
  facet normal -1 0 0
    outer loop
      vertex 9.55 22.6425 10.7438
      vertex 9.55 25.8682 64.98
      vertex 9.55 31.9889 64.98
    endloop
  endfacet
  facet normal -1 0 0
    outer loop
      vertex 9.55 25.8682 64.98
      vertex 9.55 22.6425 10.7438
      vertex 9.55 16.5224 10.7438
    endloop
  endfacet
  facet normal 0 0 -1
    outer loop
      vertex 12.05 3.87322 10.7438
      vertex 11.4 22.6425 10.7438
      vertex 12.05 32.5738 10.7438
    endloop
  endfacet
  facet normal 0 0 -1
    outer loop
      vertex 12.05 3.87322 10.7438
      vertex 9.55 16.5224 10.7438
      vertex 11.4 22.6425 10.7438
    endloop
  endfacet
  facet normal 0 0 -1
    outer loop
      vertex 1.63588 8.34656 10.7438
      vertex 12.05 3.87322 10.7438
      vertex 1.65 8.13119 10.7438
    endloop
  endfacet
  facet normal 0 0 -1
    outer loop
      vertex 12.05 3.87322 10.7438
      vertex 1.63588 7.91582 10.7438
      vertex 1.65 8.13119 10.7438
    endloop
  endfacet
  facet normal 0 0 -1
    outer loop
      vertex 12.05 3.87322 10.7438
      vertex 1.59378 7.70414 10.7438
      vertex 1.63588 7.91582 10.7438
    endloop
  endfacet
  facet normal 0 0 -1
    outer loop
      vertex 12.05 3.87322 10.7438
      vertex 1.5244 7.49976 10.7438
      vertex 1.59378 7.70414 10.7438
    endloop
  endfacet
  facet normal 0 0 -1
    outer loop
      vertex 12.05 3.87322 10.7438
      vertex 1.42894 7.30619 10.7438
      vertex 1.5244 7.49976 10.7438
    endloop
  endfacet
  facet normal 0 0 -1
    outer loop
      vertex 12.05 3.87322 10.7438
      vertex 1.30903 7.12674 10.7438
      vertex 1.42894 7.30619 10.7438
    endloop
  endfacet
  facet normal 0 0 -1
    outer loop
      vertex 12.05 3.87322 10.7438
      vertex 1.16673 6.96447 10.7438
      vertex 1.30903 7.12674 10.7438
    endloop
  endfacet
  facet normal 0 0 -1
    outer loop
      vertex 12.05 3.87322 10.7438
      vertex 1.00446 6.82216 10.7438
      vertex 1.16673 6.96447 10.7438
    endloop
  endfacet
  facet normal 0 0 -1
    outer loop
      vertex 12.05 3.87322 10.7438
      vertex 0.825 6.70225 10.7438
      vertex 1.00446 6.82216 10.7438
    endloop
  endfacet
  facet normal 0 0 -1
    outer loop
      vertex 12.05 3.87322 10.7438
      vertex 0.631427 6.60679 10.7438
      vertex 0.825 6.70225 10.7438
    endloop
  endfacet
  facet normal 0 0 -1
    outer loop
      vertex 12.05 3.87322 10.7438
      vertex 0.427051 6.53741 10.7438
      vertex 0.631427 6.60679 10.7438
    endloop
  endfacet
  facet normal 0 0 -1
    outer loop
      vertex 12.05 3.87322 10.7438
      vertex 0.215367 6.49531 10.7438
      vertex 0.427051 6.53741 10.7438
    endloop
  endfacet
  facet normal 0 0 -1
    outer loop
      vertex 12.05 3.87322 10.7438
      vertex 0 6.48119 10.7438
      vertex 0.215367 6.49531 10.7438
    endloop
  endfacet
  facet normal 0 0 -1
    outer loop
      vertex 12.05 3.87322 10.7438
      vertex -0.215367 6.49531 10.7438
      vertex 0 6.48119 10.7438
    endloop
  endfacet
  facet normal 0 0 -1
    outer loop
      vertex -19.0414 3.87322 10.7438
      vertex -0.215367 6.49531 10.7438
      vertex 12.05 3.87322 10.7438
    endloop
  endfacet
  facet normal 0 0 -1
    outer loop
      vertex -1.63588 7.91582 10.7438
      vertex -9.55 16.5224 10.7438
      vertex -1.65 8.13119 10.7438
    endloop
  endfacet
  facet normal 0 0 -1
    outer loop
      vertex -19.0414 3.87322 10.7438
      vertex -1.63588 7.91582 10.7438
      vertex -1.59378 7.70414 10.7438
    endloop
  endfacet
  facet normal 0 0 -1
    outer loop
      vertex -19.0414 3.87322 10.7438
      vertex -1.59378 7.70414 10.7438
      vertex -1.5244 7.49976 10.7438
    endloop
  endfacet
  facet normal 0 0 -1
    outer loop
      vertex -19.0414 3.87322 10.7438
      vertex -1.5244 7.49976 10.7438
      vertex -1.42894 7.30619 10.7438
    endloop
  endfacet
  facet normal 0 0 -1
    outer loop
      vertex -19.0414 3.87322 10.7438
      vertex -1.42894 7.30619 10.7438
      vertex -1.30903 7.12674 10.7438
    endloop
  endfacet
  facet normal 0 0 -1
    outer loop
      vertex -19.0414 3.87322 10.7438
      vertex -1.30903 7.12674 10.7438
      vertex -1.16673 6.96447 10.7438
    endloop
  endfacet
  facet normal 0 0 -1
    outer loop
      vertex -9.55 16.5224 10.7438
      vertex -11.4 22.6425 10.7438
      vertex -9.55 22.6425 10.7438
    endloop
  endfacet
  facet normal 0 0 -1
    outer loop
      vertex -19.0414 32.5738 10.7438
      vertex -11.4 22.6425 10.7438
      vertex -19.0414 3.87322 10.7438
    endloop
  endfacet
  facet normal -0 0 -1
    outer loop
      vertex -9.55 16.5224 10.7438
      vertex -19.0414 3.87322 10.7438
      vertex -11.4 22.6425 10.7438
    endloop
  endfacet
  facet normal -0 0 -1
    outer loop
      vertex -1.63588 7.91582 10.7438
      vertex -19.0414 3.87322 10.7438
      vertex -9.55 16.5224 10.7438
    endloop
  endfacet
  facet normal -0 0 -1
    outer loop
      vertex -1.00446 6.82216 10.7438
      vertex -19.0414 3.87322 10.7438
      vertex -1.16673 6.96447 10.7438
    endloop
  endfacet
  facet normal -0 0 -1
    outer loop
      vertex -0.825 6.70225 10.7438
      vertex -19.0414 3.87322 10.7438
      vertex -1.00446 6.82216 10.7438
    endloop
  endfacet
  facet normal -0 0 -1
    outer loop
      vertex -0.631427 6.60679 10.7438
      vertex -19.0414 3.87322 10.7438
      vertex -0.825 6.70225 10.7438
    endloop
  endfacet
  facet normal -0 0 -1
    outer loop
      vertex -0.427051 6.53741 10.7438
      vertex -19.0414 3.87322 10.7438
      vertex -0.631427 6.60679 10.7438
    endloop
  endfacet
  facet normal -0 0 -1
    outer loop
      vertex -0.215367 6.49531 10.7438
      vertex -19.0414 3.87322 10.7438
      vertex -0.427051 6.53741 10.7438
    endloop
  endfacet
  facet normal 0 0 -1
    outer loop
      vertex 11.4 30.1887 10.7438
      vertex 12.05 32.5738 10.7438
      vertex 11.4 22.6425 10.7438
    endloop
  endfacet
  facet normal 0 0 -1
    outer loop
      vertex 9.55 32.5738 10.7438
      vertex 11.4 30.1887 10.7438
      vertex 9.55 30.1887 10.7438
    endloop
  endfacet
  facet normal 0 0 -1
    outer loop
      vertex 11.4 30.1887 10.7438
      vertex 9.55 32.5738 10.7438
      vertex 12.05 32.5738 10.7438
    endloop
  endfacet
  facet normal -0 0 -1
    outer loop
      vertex 11.4 22.6425 10.7438
      vertex 9.55 16.5224 10.7438
      vertex 9.55 22.6425 10.7438
    endloop
  endfacet
  facet normal 0 0 -1
    outer loop
      vertex 12.05 3.87322 10.7438
      vertex 1.63588 8.34656 10.7438
      vertex 9.55 16.5224 10.7438
    endloop
  endfacet
  facet normal 0 0 -1
    outer loop
      vertex 1.59378 8.55824 10.7438
      vertex 9.55 16.5224 10.7438
      vertex 1.63588 8.34656 10.7438
    endloop
  endfacet
  facet normal 0 0 -1
    outer loop
      vertex 1.5244 8.76262 10.7438
      vertex 9.55 16.5224 10.7438
      vertex 1.59378 8.55824 10.7438
    endloop
  endfacet
  facet normal 0 0 -1
    outer loop
      vertex 1.42894 8.95619 10.7438
      vertex 9.55 16.5224 10.7438
      vertex 1.5244 8.76262 10.7438
    endloop
  endfacet
  facet normal 0 0 -1
    outer loop
      vertex 1.30903 9.13565 10.7438
      vertex 9.55 16.5224 10.7438
      vertex 1.42894 8.95619 10.7438
    endloop
  endfacet
  facet normal 0 0 -1
    outer loop
      vertex 1.16673 9.29792 10.7438
      vertex 9.55 16.5224 10.7438
      vertex 1.30903 9.13565 10.7438
    endloop
  endfacet
  facet normal 0 0 -1
    outer loop
      vertex 1.00446 9.44022 10.7438
      vertex 9.55 16.5224 10.7438
      vertex 1.16673 9.29792 10.7438
    endloop
  endfacet
  facet normal 0 0 -1
    outer loop
      vertex 0.825 9.56013 10.7438
      vertex 9.55 16.5224 10.7438
      vertex 1.00446 9.44022 10.7438
    endloop
  endfacet
  facet normal 0 0 -1
    outer loop
      vertex 0.631427 9.65559 10.7438
      vertex 9.55 16.5224 10.7438
      vertex 0.825 9.56013 10.7438
    endloop
  endfacet
  facet normal 0 0 -1
    outer loop
      vertex 0.427051 9.72497 10.7438
      vertex 9.55 16.5224 10.7438
      vertex 0.631427 9.65559 10.7438
    endloop
  endfacet
  facet normal 0 0 -1
    outer loop
      vertex 0.215367 9.76708 10.7438
      vertex 9.55 16.5224 10.7438
      vertex 0.427051 9.72497 10.7438
    endloop
  endfacet
  facet normal 0 0 -1
    outer loop
      vertex 0 9.78119 10.7438
      vertex 9.55 16.5224 10.7438
      vertex 0.215367 9.76708 10.7438
    endloop
  endfacet
  facet normal 0 0 -1
    outer loop
      vertex -9.55 16.5224 10.7438
      vertex 0 9.78119 10.7438
      vertex -0.215367 9.76708 10.7438
    endloop
  endfacet
  facet normal 0 0 -1
    outer loop
      vertex -9.55 16.5224 10.7438
      vertex -0.215367 9.76708 10.7438
      vertex -0.427051 9.72497 10.7438
    endloop
  endfacet
  facet normal 0 0 -1
    outer loop
      vertex -9.55 16.5224 10.7438
      vertex -0.427051 9.72497 10.7438
      vertex -0.631427 9.65559 10.7438
    endloop
  endfacet
  facet normal 0 0 -1
    outer loop
      vertex -9.55 16.5224 10.7438
      vertex -0.631427 9.65559 10.7438
      vertex -0.825 9.56013 10.7438
    endloop
  endfacet
  facet normal 0 0 -1
    outer loop
      vertex -9.55 16.5224 10.7438
      vertex -0.825 9.56013 10.7438
      vertex -1.00446 9.44022 10.7438
    endloop
  endfacet
  facet normal 0 0 -1
    outer loop
      vertex 0 9.78119 10.7438
      vertex -9.55 16.5224 10.7438
      vertex 9.55 16.5224 10.7438
    endloop
  endfacet
  facet normal 0 0 -1
    outer loop
      vertex -1.16673 9.29792 10.7438
      vertex -9.55 16.5224 10.7438
      vertex -1.00446 9.44022 10.7438
    endloop
  endfacet
  facet normal 0 0 -1
    outer loop
      vertex -1.30903 9.13565 10.7438
      vertex -9.55 16.5224 10.7438
      vertex -1.16673 9.29792 10.7438
    endloop
  endfacet
  facet normal 0 0 -1
    outer loop
      vertex -1.42894 8.95619 10.7438
      vertex -9.55 16.5224 10.7438
      vertex -1.30903 9.13565 10.7438
    endloop
  endfacet
  facet normal 0 0 -1
    outer loop
      vertex -1.5244 8.76262 10.7438
      vertex -9.55 16.5224 10.7438
      vertex -1.42894 8.95619 10.7438
    endloop
  endfacet
  facet normal 0 0 -1
    outer loop
      vertex -1.59378 8.55824 10.7438
      vertex -9.55 16.5224 10.7438
      vertex -1.5244 8.76262 10.7438
    endloop
  endfacet
  facet normal 0 0 -1
    outer loop
      vertex -1.63588 8.34656 10.7438
      vertex -9.55 16.5224 10.7438
      vertex -1.59378 8.55824 10.7438
    endloop
  endfacet
  facet normal 0 0 -1
    outer loop
      vertex -9.55 16.5224 10.7438
      vertex -1.63588 8.34656 10.7438
      vertex -1.65 8.13119 10.7438
    endloop
  endfacet
  facet normal 0 0 -1
    outer loop
      vertex -11.4 30.1887 10.7438
      vertex -9.55 32.5738 10.7438
      vertex -9.55 30.1887 10.7438
    endloop
  endfacet
  facet normal 0 0 -1
    outer loop
      vertex -11.4 30.1887 10.7438
      vertex -19.0414 32.5738 10.7438
      vertex -9.55 32.5738 10.7438
    endloop
  endfacet
  facet normal 0 0 -1
    outer loop
      vertex -11.4 22.6425 10.7438
      vertex -19.0414 32.5738 10.7438
      vertex -11.4 30.1887 10.7438
    endloop
  endfacet
  facet normal -1 0 0
    outer loop
      vertex 12.05 32.111 8.06473
      vertex 12.05 20.4797 8.09191
      vertex 12.05 20.4805 8.1
    endloop
  endfacet
  facet normal -1 0 0
    outer loop
      vertex 12.05 24.6507 0.39124
      vertex 12.05 20.4328 7.61608
      vertex 12.05 20.4797 8.09191
    endloop
  endfacet
  facet normal -1 0 0
    outer loop
      vertex 12.05 24.6507 0.39124
      vertex 12.05 20.4305 7.6083
      vertex 12.05 20.4328 7.61608
    endloop
  endfacet
  facet normal -1 0 0
    outer loop
      vertex 12.05 24.6507 0.39124
      vertex 12.05 20.2917 7.15076
      vertex 12.05 20.4305 7.6083
    endloop
  endfacet
  facet normal -1 0 0
    outer loop
      vertex 12.05 24.6507 0.39124
      vertex 12.05 20.0663 6.72908
      vertex 12.05 20.2917 7.15076
    endloop
  endfacet
  facet normal -1 0 0
    outer loop
      vertex 12.05 24.6507 0.39124
      vertex 12.05 20.0625 6.72191
      vertex 12.05 20.0663 6.72908
    endloop
  endfacet
  facet normal -1 0 0
    outer loop
      vertex 12.05 24.6507 0.39124
      vertex 12.05 19.7591 6.35231
      vertex 12.05 20.0625 6.72191
    endloop
  endfacet
  facet normal -1 0 0
    outer loop
      vertex 12.05 24.6507 0.39124
      vertex 12.05 19.754 6.34603
      vertex 12.05 19.7591 6.35231
    endloop
  endfacet
  facet normal -1 0 0
    outer loop
      vertex 12.05 23.9879 0.00855598
      vertex 12.05 19.7477 6.34087
      vertex 12.05 19.754 6.34603
    endloop
  endfacet
  facet normal -1 0 0
    outer loop
      vertex 12.05 23.9879 0.00855598
      vertex 12.05 19.3781 6.03755
      vertex 12.05 19.7477 6.34087
    endloop
  endfacet
  facet normal -1 0 0
    outer loop
      vertex 12.05 23.9879 0.00855598
      vertex 12.05 19.3709 6.03372
      vertex 12.05 19.3781 6.03755
    endloop
  endfacet
  facet normal -1 0 0
    outer loop
      vertex 12.05 23.9879 0.00855598
      vertex 12.05 18.9492 5.80833
      vertex 12.05 19.3709 6.03372
    endloop
  endfacet
  facet normal -1 0 0
    outer loop
      vertex 12.05 23.9879 0.00855598
      vertex 12.05 18.4917 5.66953
      vertex 12.05 18.9492 5.80833
    endloop
  endfacet
  facet normal -1 0 0
    outer loop
      vertex 12.05 23.9879 0.00855598
      vertex 12.05 18.4839 5.66717
      vertex 12.05 18.4917 5.66953
    endloop
  endfacet
  facet normal -1 0 0
    outer loop
      vertex 12.05 23.9879 0.00855598
      vertex 12.05 18.0081 5.62031
      vertex 12.05 18.4839 5.66717
    endloop
  endfacet
  facet normal -1 0 0
    outer loop
      vertex 12.05 23.9879 0.00855598
      vertex 12.05 18 5.61951
      vertex 12.05 18.0081 5.62031
    endloop
  endfacet
  facet normal -1 0 0
    outer loop
      vertex 12.05 23.9879 0.00855598
      vertex 12.05 17.9919 5.62031
      vertex 12.05 18 5.61951
    endloop
  endfacet
  facet normal -1 0 0
    outer loop
      vertex 12.05 23.9879 0.00855598
      vertex 12.05 17.5161 5.66717
      vertex 12.05 17.9919 5.62031
    endloop
  endfacet
  facet normal -1 0 0
    outer loop
      vertex 12.05 23.9879 0.00855598
      vertex 12.05 17.5083 5.66953
      vertex 12.05 17.5161 5.66717
    endloop
  endfacet
  facet normal -1 0 0
    outer loop
      vertex 12.05 23.9879 0.00855598
      vertex 12.05 17.0508 5.80833
      vertex 12.05 17.5083 5.66953
    endloop
  endfacet
  facet normal -1 0 0
    outer loop
      vertex 12.05 3.87322 0.00855598
      vertex 12.05 17.0508 5.80833
      vertex 12.05 23.9879 0.00855598
    endloop
  endfacet
  facet normal -1 0 -0
    outer loop
      vertex 12.05 9.94924 5.80833
      vertex 12.05 17.0508 5.80833
      vertex 12.05 3.87322 0.00855598
    endloop
  endfacet
  facet normal -1 0 0
    outer loop
      vertex 12.05 10.7477 6.34087
      vertex 12.05 16.2523 6.34087
      vertex 12.05 16.6219 6.03755
    endloop
  endfacet
  facet normal -1 0 0
    outer loop
      vertex 12.05 10.7591 6.35231
      vertex 12.05 16.2409 6.35231
      vertex 12.05 16.246 6.34603
    endloop
  endfacet
  facet normal -1 0 0
    outer loop
      vertex 12.05 11.0663 6.72908
      vertex 12.05 15.9337 6.72908
      vertex 12.05 15.9375 6.72191
    endloop
  endfacet
  facet normal -1 0 0
    outer loop
      vertex 12.05 11.4328 7.61608
      vertex 12.05 15.5664 7.62417
      vertex 12.05 15.5672 7.61608
    endloop
  endfacet
  facet normal -1 0 0
    outer loop
      vertex 12.05 15.5664 7.62417
      vertex 12.05 11.4797 8.09191
      vertex 12.05 15.5195 8.1
    endloop
  endfacet
  facet normal -1 0 0
    outer loop
      vertex 12.05 11.4328 7.61608
      vertex 12.05 15.5672 7.61608
      vertex 12.05 15.5695 7.6083
    endloop
  endfacet
  facet normal -1 0 0
    outer loop
      vertex 12.05 11.4305 7.6083
      vertex 12.05 15.5695 7.6083
      vertex 12.05 15.7083 7.15076
    endloop
  endfacet
  facet normal -1 0 0
    outer loop
      vertex 12.05 15.9337 6.72908
      vertex 12.05 11.2917 7.15076
      vertex 12.05 15.7083 7.15076
    endloop
  endfacet
  facet normal -1 0 0
    outer loop
      vertex 12.05 16.2409 6.35231
      vertex 12.05 11.0625 6.72191
      vertex 12.05 15.9375 6.72191
    endloop
  endfacet
  facet normal -1 0 0
    outer loop
      vertex 12.05 16.2523 6.34087
      vertex 12.05 10.7477 6.34087
      vertex 12.05 16.246 6.34603
    endloop
  endfacet
  facet normal -1 0 0
    outer loop
      vertex 12.05 17.0508 5.80833
      vertex 12.05 9.94924 5.80833
      vertex 12.05 16.6291 6.03372
    endloop
  endfacet
  facet normal -1 -0 0
    outer loop
      vertex 12.05 15.5195 8.1
      vertex 12.05 11.4797 8.09191
      vertex 12.05 11.4805 8.1
    endloop
  endfacet
  facet normal -1 -0 0
    outer loop
      vertex 12.05 15.5664 7.62417
      vertex 12.05 11.4328 7.61608
      vertex 12.05 11.4797 8.09191
    endloop
  endfacet
  facet normal -1 0 0
    outer loop
      vertex 12.05 15.5695 7.6083
      vertex 12.05 11.4305 7.6083
      vertex 12.05 11.4328 7.61608
    endloop
  endfacet
  facet normal -1 0 0
    outer loop
      vertex 12.05 15.7083 7.15076
      vertex 12.05 11.2917 7.15076
      vertex 12.05 11.4305 7.6083
    endloop
  endfacet
  facet normal -1 0 0
    outer loop
      vertex 12.05 15.9337 6.72908
      vertex 12.05 11.0663 6.72908
      vertex 12.05 11.2917 7.15076
    endloop
  endfacet
  facet normal -1 0 0
    outer loop
      vertex 12.05 15.9375 6.72191
      vertex 12.05 11.0625 6.72191
      vertex 12.05 11.0663 6.72908
    endloop
  endfacet
  facet normal -1 0 0
    outer loop
      vertex 12.05 16.2409 6.35231
      vertex 12.05 10.7591 6.35231
      vertex 12.05 11.0625 6.72191
    endloop
  endfacet
  facet normal -1 0 0
    outer loop
      vertex 12.05 16.246 6.34603
      vertex 12.05 10.754 6.34603
      vertex 12.05 10.7591 6.35231
    endloop
  endfacet
  facet normal -1 -0 0
    outer loop
      vertex 12.05 16.246 6.34603
      vertex 12.05 10.7477 6.34087
      vertex 12.05 10.754 6.34603
    endloop
  endfacet
  facet normal -1 0 0
    outer loop
      vertex 12.05 16.6219 6.03755
      vertex 12.05 10.3781 6.03755
      vertex 12.05 10.7477 6.34087
    endloop
  endfacet
  facet normal -1 -0 0
    outer loop
      vertex 12.05 16.6219 6.03755
      vertex 12.05 10.3709 6.03372
      vertex 12.05 10.3781 6.03755
    endloop
  endfacet
  facet normal -1 0 0
    outer loop
      vertex 12.05 16.6291 6.03372
      vertex 12.05 10.3709 6.03372
      vertex 12.05 16.6219 6.03755
    endloop
  endfacet
  facet normal -1 0 -0
    outer loop
      vertex 12.05 10.3709 6.03372
      vertex 12.05 16.6291 6.03372
      vertex 12.05 9.94924 5.80833
    endloop
  endfacet
  facet normal -1 0 0
    outer loop
      vertex 12.05 9.94924 5.80833
      vertex 12.05 3.87322 0.00855598
      vertex 12.05 9.4917 5.66953
    endloop
  endfacet
  facet normal -1 0 0
    outer loop
      vertex 12.05 9.4917 5.66953
      vertex 12.05 3.87322 0.00855598
      vertex 12.05 9.48392 5.66717
    endloop
  endfacet
  facet normal -1 0 0
    outer loop
      vertex 12.05 9.48392 5.66717
      vertex 12.05 3.87322 0.00855598
      vertex 12.05 9.00809 5.62031
    endloop
  endfacet
  facet normal -1 0 0
    outer loop
      vertex 12.05 9.00809 5.62031
      vertex 12.05 3.87322 0.00855598
      vertex 12.05 9 5.61951
    endloop
  endfacet
  facet normal -1 -0 0
    outer loop
      vertex 12.05 9 5.61951
      vertex 12.05 3.87322 0.00855598
      vertex 12.05 8.99191 5.62031
    endloop
  endfacet
  facet normal -1 -0 0
    outer loop
      vertex 12.05 8.99191 5.62031
      vertex 12.05 3.87322 0.00855598
      vertex 12.05 8.51608 5.66717
    endloop
  endfacet
  facet normal -1 -0 0
    outer loop
      vertex 12.05 8.51608 5.66717
      vertex 12.05 3.87322 0.00855598
      vertex 12.05 8.5083 5.66953
    endloop
  endfacet
  facet normal -1 0 0
    outer loop
      vertex 12.05 3.87322 0.00855598
      vertex 12.05 7.62908 6.03372
      vertex 12.05 8.05076 5.80833
    endloop
  endfacet
  facet normal -1 0 0
    outer loop
      vertex 12.05 3.87322 0.00855598
      vertex 12.05 7.25231 6.34087
      vertex 12.05 7.62191 6.03755
    endloop
  endfacet
  facet normal -1 0 0
    outer loop
      vertex 12.05 3.87322 0.00855598
      vertex 12.05 7.24087 6.35231
      vertex 12.05 7.24603 6.34603
    endloop
  endfacet
  facet normal -1 0 0
    outer loop
      vertex 12.05 3.87322 0.00855598
      vertex 12.05 6.93372 6.72908
      vertex 12.05 6.93755 6.72191
    endloop
  endfacet
  facet normal -1 0 0
    outer loop
      vertex 12.05 6.56717 7.61608
      vertex 12.05 3.87322 10.7438
      vertex 12.05 6.56638 7.62417
    endloop
  endfacet
  facet normal -1 0 0
    outer loop
      vertex 12.05 6.56953 7.6083
      vertex 12.05 3.87322 10.7438
      vertex 12.05 6.56717 7.61608
    endloop
  endfacet
  facet normal -1 0 0
    outer loop
      vertex 12.05 6.70833 7.15076
      vertex 12.05 3.87322 10.7438
      vertex 12.05 6.56953 7.6083
    endloop
  endfacet
  facet normal -1 0 0
    outer loop
      vertex 12.05 3.87322 10.7438
      vertex 12.05 6.70833 7.15076
      vertex 12.05 3.87322 0.00855598
    endloop
  endfacet
  facet normal -1 -0 0
    outer loop
      vertex 12.05 6.93372 6.72908
      vertex 12.05 3.87322 0.00855598
      vertex 12.05 6.70833 7.15076
    endloop
  endfacet
  facet normal -1 -0 0
    outer loop
      vertex 12.05 7.24087 6.35231
      vertex 12.05 3.87322 0.00855598
      vertex 12.05 6.93755 6.72191
    endloop
  endfacet
  facet normal -1 -0 0
    outer loop
      vertex 12.05 7.25231 6.34087
      vertex 12.05 3.87322 0.00855598
      vertex 12.05 7.24603 6.34603
    endloop
  endfacet
  facet normal -1 -0 0
    outer loop
      vertex 12.05 7.62908 6.03372
      vertex 12.05 3.87322 0.00855598
      vertex 12.05 7.62191 6.03755
    endloop
  endfacet
  facet normal -1 -0 0
    outer loop
      vertex 12.05 8.5083 5.66953
      vertex 12.05 3.87322 0.00855598
      vertex 12.05 8.05076 5.80833
    endloop
  endfacet
  facet normal -1 0 0
    outer loop
      vertex 12.05 20.4797 8.09191
      vertex 12.05 32.111 8.06473
      vertex 12.05 24.6507 0.39124
    endloop
  endfacet
  facet normal -1 0 0
    outer loop
      vertex 12.05 23.9879 0.00855598
      vertex 12.05 24.6507 0.39124
      vertex 12.05 24.4661 0.206647
    endloop
  endfacet
  facet normal -1 0 0
    outer loop
      vertex 12.05 23.9879 0.00855598
      vertex 12.05 24.4661 0.206647
      vertex 12.05 24.24 0.0761219
    endloop
  endfacet
  facet normal -1 0 0
    outer loop
      vertex 12.05 19.754 6.34603
      vertex 12.05 24.6507 0.39124
      vertex 12.05 23.9879 0.00855598
    endloop
  endfacet
  facet normal -1 0 0
    outer loop
      vertex 12.05 20.4797 8.10809
      vertex 12.05 32.111 8.06473
      vertex 12.05 20.4805 8.1
    endloop
  endfacet
  facet normal -1 0 0
    outer loop
      vertex 12.05 20.4328 8.58392
      vertex 12.05 32.111 8.06473
      vertex 12.05 20.4797 8.10809
    endloop
  endfacet
  facet normal -1 0 0
    outer loop
      vertex 12.05 32.111 8.06473
      vertex 12.05 20.4328 8.58392
      vertex 12.05 32.5738 10.7438
    endloop
  endfacet
  facet normal -1 0 0
    outer loop
      vertex 12.05 20.4305 8.5917
      vertex 12.05 32.5738 10.7438
      vertex 12.05 20.4328 8.58392
    endloop
  endfacet
  facet normal -1 0 0
    outer loop
      vertex 12.05 20.2917 9.04924
      vertex 12.05 32.5738 10.7438
      vertex 12.05 20.4305 8.5917
    endloop
  endfacet
  facet normal -1 0 0
    outer loop
      vertex 12.05 20.0663 9.47092
      vertex 12.05 32.5738 10.7438
      vertex 12.05 20.2917 9.04924
    endloop
  endfacet
  facet normal -1 0 0
    outer loop
      vertex 12.05 20.0625 9.47809
      vertex 12.05 32.5738 10.7438
      vertex 12.05 20.0663 9.47092
    endloop
  endfacet
  facet normal -1 0 0
    outer loop
      vertex 12.05 19.7591 9.84769
      vertex 12.05 32.5738 10.7438
      vertex 12.05 20.0625 9.47809
    endloop
  endfacet
  facet normal -1 0 0
    outer loop
      vertex 12.05 19.754 9.85397
      vertex 12.05 32.5738 10.7438
      vertex 12.05 19.7591 9.84769
    endloop
  endfacet
  facet normal -1 0 0
    outer loop
      vertex 12.05 19.7477 9.85913
      vertex 12.05 32.5738 10.7438
      vertex 12.05 19.754 9.85397
    endloop
  endfacet
  facet normal -1 0 0
    outer loop
      vertex 12.05 19.3781 10.1625
      vertex 12.05 32.5738 10.7438
      vertex 12.05 19.7477 9.85913
    endloop
  endfacet
  facet normal -1 0 0
    outer loop
      vertex 12.05 19.3709 10.1663
      vertex 12.05 32.5738 10.7438
      vertex 12.05 19.3781 10.1625
    endloop
  endfacet
  facet normal -1 0 0
    outer loop
      vertex 12.05 18.9492 10.3917
      vertex 12.05 32.5738 10.7438
      vertex 12.05 19.3709 10.1663
    endloop
  endfacet
  facet normal -1 0 0
    outer loop
      vertex 12.05 18.4917 10.5305
      vertex 12.05 32.5738 10.7438
      vertex 12.05 18.9492 10.3917
    endloop
  endfacet
  facet normal -1 0 0
    outer loop
      vertex 12.05 18.4839 10.5328
      vertex 12.05 32.5738 10.7438
      vertex 12.05 18.4917 10.5305
    endloop
  endfacet
  facet normal -1 0 0
    outer loop
      vertex 12.05 18.4758 10.5336
      vertex 12.05 32.5738 10.7438
      vertex 12.05 18.4839 10.5328
    endloop
  endfacet
  facet normal -1 0 0
    outer loop
      vertex 12.05 18 10.5805
      vertex 12.05 32.5738 10.7438
      vertex 12.05 18.4758 10.5336
    endloop
  endfacet
  facet normal -1 0 0
    outer loop
      vertex 12.05 10.7477 9.85913
      vertex 12.05 16.2523 9.85913
      vertex 12.05 16.246 9.85397
    endloop
  endfacet
  facet normal -1 0 0
    outer loop
      vertex 12.05 11.0625 9.47809
      vertex 12.05 16.2409 9.84769
      vertex 12.05 15.9375 9.47809
    endloop
  endfacet
  facet normal -1 0 0
    outer loop
      vertex 12.05 11.2917 9.04924
      vertex 12.05 15.9337 9.47092
      vertex 12.05 15.7083 9.04924
    endloop
  endfacet
  facet normal -1 0 0
    outer loop
      vertex 12.05 11.4797 8.10809
      vertex 12.05 15.5664 8.57583
      vertex 12.05 15.5195 8.1
    endloop
  endfacet
  facet normal -1 0 0
    outer loop
      vertex 12.05 11.4797 8.10809
      vertex 12.05 15.5195 8.1
      vertex 12.05 11.4805 8.1
    endloop
  endfacet
  facet normal -1 0 0
    outer loop
      vertex 12.05 11.4328 8.58392
      vertex 12.05 15.5664 8.57583
      vertex 12.05 11.4797 8.10809
    endloop
  endfacet
  facet normal -1 0 0
    outer loop
      vertex 12.05 15.5664 8.57583
      vertex 12.05 11.4328 8.58392
      vertex 12.05 15.5672 8.58392
    endloop
  endfacet
  facet normal -1 0 0
    outer loop
      vertex 12.05 15.5672 8.58392
      vertex 12.05 11.4328 8.58392
      vertex 12.05 15.5695 8.5917
    endloop
  endfacet
  facet normal -1 0 0
    outer loop
      vertex 12.05 11.4305 8.5917
      vertex 12.05 15.5695 8.5917
      vertex 12.05 11.4328 8.58392
    endloop
  endfacet
  facet normal -1 0 0
    outer loop
      vertex 12.05 15.5695 8.5917
      vertex 12.05 11.4305 8.5917
      vertex 12.05 15.7083 9.04924
    endloop
  endfacet
  facet normal -1 0 0
    outer loop
      vertex 12.05 11.2917 9.04924
      vertex 12.05 15.7083 9.04924
      vertex 12.05 11.4305 8.5917
    endloop
  endfacet
  facet normal -1 0 0
    outer loop
      vertex 12.05 11.0663 9.47092
      vertex 12.05 15.9337 9.47092
      vertex 12.05 11.2917 9.04924
    endloop
  endfacet
  facet normal -1 0 0
    outer loop
      vertex 12.05 15.9337 9.47092
      vertex 12.05 11.0663 9.47092
      vertex 12.05 15.9375 9.47809
    endloop
  endfacet
  facet normal -1 0 0
    outer loop
      vertex 12.05 11.0625 9.47809
      vertex 12.05 15.9375 9.47809
      vertex 12.05 11.0663 9.47092
    endloop
  endfacet
  facet normal -1 0 0
    outer loop
      vertex 12.05 10.7591 9.84769
      vertex 12.05 16.2409 9.84769
      vertex 12.05 11.0625 9.47809
    endloop
  endfacet
  facet normal -1 0 0
    outer loop
      vertex 12.05 16.2409 9.84769
      vertex 12.05 10.7591 9.84769
      vertex 12.05 16.246 9.85397
    endloop
  endfacet
  facet normal -1 0 0
    outer loop
      vertex 12.05 10.754 9.85397
      vertex 12.05 16.246 9.85397
      vertex 12.05 10.7591 9.84769
    endloop
  endfacet
  facet normal -1 0 0
    outer loop
      vertex 12.05 10.7477 9.85913
      vertex 12.05 16.246 9.85397
      vertex 12.05 10.754 9.85397
    endloop
  endfacet
  facet normal -1 0 0
    outer loop
      vertex 12.05 16.2523 9.85913
      vertex 12.05 10.7477 9.85913
      vertex 12.05 16.6219 10.1625
    endloop
  endfacet
  facet normal -1 0 0
    outer loop
      vertex 12.05 10.3781 10.1625
      vertex 12.05 16.6219 10.1625
      vertex 12.05 10.7477 9.85913
    endloop
  endfacet
  facet normal -1 0 0
    outer loop
      vertex 12.05 16.6219 10.1625
      vertex 12.05 10.3781 10.1625
      vertex 12.05 16.6291 10.1663
    endloop
  endfacet
  facet normal -1 0 0
    outer loop
      vertex 12.05 10.3709 10.1663
      vertex 12.05 16.6291 10.1663
      vertex 12.05 10.3781 10.1625
    endloop
  endfacet
  facet normal -1 0 0
    outer loop
      vertex 12.05 16.6291 10.1663
      vertex 12.05 10.3709 10.1663
      vertex 12.05 17.0508 10.3917
    endloop
  endfacet
  facet normal -1 0 0
    outer loop
      vertex 12.05 9.94924 10.3917
      vertex 12.05 17.0508 10.3917
      vertex 12.05 10.3709 10.1663
    endloop
  endfacet
  facet normal -1 0 0
    outer loop
      vertex 12.05 17.0508 10.3917
      vertex 12.05 9.94924 10.3917
      vertex 12.05 17.5083 10.5305
    endloop
  endfacet
  facet normal -1 0 0
    outer loop
      vertex 12.05 9.4917 10.5305
      vertex 12.05 17.5083 10.5305
      vertex 12.05 9.94924 10.3917
    endloop
  endfacet
  facet normal -1 0 0
    outer loop
      vertex 12.05 17.5083 10.5305
      vertex 12.05 9.4917 10.5305
      vertex 12.05 17.5161 10.5328
    endloop
  endfacet
  facet normal -1 0 0
    outer loop
      vertex 12.05 9.48392 10.5328
      vertex 12.05 17.5161 10.5328
      vertex 12.05 9.4917 10.5305
    endloop
  endfacet
  facet normal -1 0 0
    outer loop
      vertex 12.05 17.5161 10.5328
      vertex 12.05 9.48392 10.5328
      vertex 12.05 17.5242 10.5336
    endloop
  endfacet
  facet normal -1 -0 0
    outer loop
      vertex 12.05 17.5242 10.5336
      vertex 12.05 9.48392 10.5328
      vertex 12.05 18 10.5805
    endloop
  endfacet
  facet normal -1 0 0
    outer loop
      vertex 12.05 9.47583 10.5336
      vertex 12.05 18 10.5805
      vertex 12.05 9.48392 10.5328
    endloop
  endfacet
  facet normal -1 0 0
    outer loop
      vertex 12.05 9 10.5805
      vertex 12.05 18 10.5805
      vertex 12.05 9.47583 10.5336
    endloop
  endfacet
  facet normal -1 0 0
    outer loop
      vertex 12.05 3.87322 10.7438
      vertex 12.05 18 10.5805
      vertex 12.05 9 10.5805
    endloop
  endfacet
  facet normal -1 0 0
    outer loop
      vertex 12.05 3.87322 10.7438
      vertex 12.05 8.5083 10.5305
      vertex 12.05 8.05076 10.3917
    endloop
  endfacet
  facet normal -1 0 0
    outer loop
      vertex 12.05 3.87322 10.7438
      vertex 12.05 7.25231 9.85913
      vertex 12.05 7.24603 9.85397
    endloop
  endfacet
  facet normal -1 0 0
    outer loop
      vertex 12.05 3.87322 10.7438
      vertex 12.05 7.24087 9.84769
      vertex 12.05 6.93755 9.47809
    endloop
  endfacet
  facet normal -1 0 0
    outer loop
      vertex 12.05 3.87322 10.7438
      vertex 12.05 6.93372 9.47092
      vertex 12.05 6.70833 9.04924
    endloop
  endfacet
  facet normal -1 0 0
    outer loop
      vertex 12.05 6.56638 7.62417
      vertex 12.05 3.87322 10.7438
      vertex 12.05 6.51951 8.1
    endloop
  endfacet
  facet normal -1 0 0
    outer loop
      vertex 12.05 6.51951 8.1
      vertex 12.05 3.87322 10.7438
      vertex 12.05 6.56638 8.57583
    endloop
  endfacet
  facet normal -1 0 0
    outer loop
      vertex 12.05 6.56638 8.57583
      vertex 12.05 3.87322 10.7438
      vertex 12.05 6.56717 8.58392
    endloop
  endfacet
  facet normal -1 0 0
    outer loop
      vertex 12.05 6.56717 8.58392
      vertex 12.05 3.87322 10.7438
      vertex 12.05 6.56953 8.5917
    endloop
  endfacet
  facet normal -1 0 0
    outer loop
      vertex 12.05 18 10.5805
      vertex 12.05 3.87322 10.7438
      vertex 12.05 32.5738 10.7438
    endloop
  endfacet
  facet normal -1 0 0
    outer loop
      vertex 12.05 8.52417 10.5336
      vertex 12.05 3.87322 10.7438
      vertex 12.05 9 10.5805
    endloop
  endfacet
  facet normal -1 0 0
    outer loop
      vertex 12.05 8.51608 10.5328
      vertex 12.05 3.87322 10.7438
      vertex 12.05 8.52417 10.5336
    endloop
  endfacet
  facet normal -1 0 0
    outer loop
      vertex 12.05 8.5083 10.5305
      vertex 12.05 3.87322 10.7438
      vertex 12.05 8.51608 10.5328
    endloop
  endfacet
  facet normal -1 0 0
    outer loop
      vertex 12.05 7.62908 10.1663
      vertex 12.05 3.87322 10.7438
      vertex 12.05 8.05076 10.3917
    endloop
  endfacet
  facet normal -1 0 0
    outer loop
      vertex 12.05 7.62191 10.1625
      vertex 12.05 3.87322 10.7438
      vertex 12.05 7.62908 10.1663
    endloop
  endfacet
  facet normal -1 0 0
    outer loop
      vertex 12.05 7.25231 9.85913
      vertex 12.05 3.87322 10.7438
      vertex 12.05 7.62191 10.1625
    endloop
  endfacet
  facet normal -1 0 0
    outer loop
      vertex 12.05 7.24087 9.84769
      vertex 12.05 3.87322 10.7438
      vertex 12.05 7.24603 9.85397
    endloop
  endfacet
  facet normal -1 0 0
    outer loop
      vertex 12.05 6.93372 9.47092
      vertex 12.05 3.87322 10.7438
      vertex 12.05 6.93755 9.47809
    endloop
  endfacet
  facet normal -1 0 0
    outer loop
      vertex 12.05 6.56953 8.5917
      vertex 12.05 3.87322 10.7438
      vertex 12.05 6.70833 9.04924
    endloop
  endfacet
  facet normal 0 1 -0
    outer loop
      vertex -18.1805 3.87322 0.00855598
      vertex -19.0414 3.87322 10.7438
      vertex 12.05 3.87322 10.7438
    endloop
  endfacet
  facet normal 0 1 0
    outer loop
      vertex -19.0414 3.87322 10.7438
      vertex -18.1805 3.87322 0.00855598
      vertex -19.0414 3.87322 0.869475
    endloop
  endfacet
  facet normal 0 1 0
    outer loop
      vertex -19.0414 3.87322 0.869475
      vertex -18.1805 3.87322 0.00855598
      vertex -18.9739 3.87322 0.617318
    endloop
  endfacet
  facet normal 0 1 0
    outer loop
      vertex -18.9739 3.87322 0.617318
      vertex -18.1805 3.87322 0.00855598
      vertex -18.8434 3.87322 0.39124
    endloop
  endfacet
  facet normal 0 1 0
    outer loop
      vertex -18.8434 3.87322 0.39124
      vertex -18.1805 3.87322 0.00855598
      vertex -18.6588 3.87322 0.206647
    endloop
  endfacet
  facet normal 0 1 0
    outer loop
      vertex -18.1805 3.87322 0.00855598
      vertex 12.05 3.87322 10.7438
      vertex 12.05 3.87322 0.00855598
    endloop
  endfacet
  facet normal 0 1 0
    outer loop
      vertex -18.6588 3.87322 0.206647
      vertex -18.1805 3.87322 0.00855598
      vertex -18.4327 3.87322 0.0761219
    endloop
  endfacet
  facet normal -0.273005 -0.0993952 -0.956864
    outer loop
      vertex 35.0306 71.3778 69.3116
      vertex 35.3531 71.5885 69.1977
      vertex 35.3831 71.5061 69.1977
    endloop
  endfacet
  facet normal -0.272944 -0.0994935 -0.956871
    outer loop
      vertex 35.3531 71.5885 69.1977
      vertex 35.0306 71.3778 69.3116
      vertex 35.0006 71.4601 69.3116
    endloop
  endfacet
  facet normal -0.342019 0.939693 -0.00079617
    outer loop
      vertex 14.5545 63.9251 69.35
      vertex 34.6639 71.2443 69.35
      vertex 14.1878 63.7916 69.3116
    endloop
  endfacet
  facet normal 0.442956 0.16127 0.881919
    outer loop
      vertex 13.8053 63.7457 44.1023
      vertex 13.5104 63.5451 44.2871
      vertex 13.8353 63.6633 44.1023
    endloop
  endfacet
  facet normal 0.442859 0.161431 0.881939
    outer loop
      vertex 13.5104 63.5451 44.2871
      vertex 13.8053 63.7457 44.1023
      vertex 13.4804 63.6274 44.2871
    endloop
  endfacet
  facet normal -0.899309 -0.326999 -0.290369
    outer loop
      vertex 36.4002 71.8763 68.1154
      vertex 36.3991 71.9691 68.0143
      vertex 36.5072 71.9152 67.7402
    endloop
  endfacet
  facet normal -0.899086 -0.327337 -0.290681
    outer loop
      vertex 36.3991 71.9691 68.0143
      vertex 36.4002 71.8763 68.1154
      vertex 36.3702 71.9587 68.1154
    endloop
  endfacet
  facet normal -0.341765 0.939785 0.000486572
    outer loop
      vertex 14.1878 63.7916 43.9884
      vertex 13.5104 63.5451 44.2871
      vertex 13.2256 63.4414 44.5358
    endloop
  endfacet
  facet normal 0.899239 0.327393 0.290144
    outer loop
      vertex 12.8182 63.2931 45.1846
      vertex 12.7882 63.3755 45.1846
      vertex 12.7101 63.3471 45.4587
    endloop
  endfacet
  facet normal 0.726247 0.26441 0.634549
    outer loop
      vertex 13.2256 63.4414 44.5358
      vertex 13.1956 63.5238 44.5358
      vertex 13.0248 63.4616 44.7572
    endloop
  endfacet
  facet normal -0.341653 0.939826 0.000184576
    outer loop
      vertex 13.2256 63.4414 44.5358
      vertex 12.7112 63.2542 45.5598
      vertex 12.6751 63.241 45.95
    endloop
  endfacet
  facet normal -0.342204 0.939626 -0.000640201
    outer loop
      vertex 14.1878 63.7916 43.9884
      vertex 13.8353 63.6633 44.1023
      vertex 13.5104 63.5451 44.2871
    endloop
  endfacet
  facet normal -0.342066 0.939676 -4.36164e-05
    outer loop
      vertex 35.3831 71.5061 69.1977
      vertex 36.4002 71.8763 68.1154
      vertex 34.6639 71.2443 69.35
    endloop
  endfacet
  facet normal -0.342072 0.939674 0
    outer loop
      vertex 13.2256 63.4414 68.7642
      vertex 12.6751 63.241 45.95
      vertex 12.6751 63.241 67.35
    endloop
  endfacet
  facet normal -0.342072 0.939674 0
    outer loop
      vertex 12.6751 63.241 45.95
      vertex 13.2256 63.4414 68.7642
      vertex 13.2256 63.4414 44.5358
    endloop
  endfacet
  facet normal 0.59597 0.217243 0.773062
    outer loop
      vertex 13.4804 63.6274 44.2871
      vertex 13.2256 63.4414 44.5358
      vertex 13.5104 63.5451 44.2871
    endloop
  endfacet
  facet normal 0.596095 0.217025 0.773027
    outer loop
      vertex 13.2256 63.4414 44.5358
      vertex 13.4804 63.6274 44.2871
      vertex 13.1956 63.5238 44.5358
    endloop
  endfacet
  facet normal -0.342021 0.939692 -2.86281e-05
    outer loop
      vertex 36.4002 71.8763 45.1846
      vertex 34.6639 71.2443 43.95
      vertex 14.1878 63.7916 43.9884
    endloop
  endfacet
  facet normal 0.0920179 0.0335017 0.995194
    outer loop
      vertex 14.5245 64.0075 43.95
      vertex 14.1878 63.7916 43.9884
      vertex 14.5545 63.9251 43.95
    endloop
  endfacet
  facet normal 0.0920758 0.033411 0.995191
    outer loop
      vertex 14.1878 63.7916 43.9884
      vertex 14.5245 64.0075 43.95
      vertex 14.1579 63.874 43.9884
    endloop
  endfacet
  facet normal -0.342021 0.939692 0
    outer loop
      vertex 36.4002 71.8763 45.1846
      vertex 13.2256 63.4414 68.7642
      vertex 36.4002 71.8763 68.1154
    endloop
  endfacet
  facet normal -0.342021 0.939692 0
    outer loop
      vertex 13.2256 63.4414 68.7642
      vertex 36.4002 71.8763 45.1846
      vertex 13.2256 63.4414 44.5358
    endloop
  endfacet
  facet normal -0.342112 0.939659 0
    outer loop
      vertex 36.5433 71.9284 45.95
      vertex 36.4002 71.8763 68.1154
      vertex 36.5433 71.9284 67.35
    endloop
  endfacet
  facet normal -0.342112 0.939659 0
    outer loop
      vertex 36.4002 71.8763 68.1154
      vertex 36.5433 71.9284 45.95
      vertex 36.4002 71.8763 45.1846
    endloop
  endfacet
  facet normal -0.939526 -0.342476 0
    outer loop
      vertex 36.5433 71.9284 45.95
      vertex 36.5133 72.0107 67.35
      vertex 36.5133 72.0107 45.95
    endloop
  endfacet
  facet normal -0.939526 -0.342476 0
    outer loop
      vertex 36.5133 72.0107 67.35
      vertex 36.5433 71.9284 45.95
      vertex 36.5433 71.9284 67.35
    endloop
  endfacet
  facet normal -0.442956 -0.16127 -0.881919
    outer loop
      vertex 35.3831 71.5061 69.1977
      vertex 35.678 71.7067 69.0129
      vertex 35.708 71.6243 69.0129
    endloop
  endfacet
  facet normal -0.442956 -0.16127 -0.881919
    outer loop
      vertex 35.678 71.7067 69.0129
      vertex 35.3831 71.5061 69.1977
      vertex 35.3531 71.5885 69.1977
    endloop
  endfacet
  facet normal -0.342127 0.939654 -0.000370787
    outer loop
      vertex 35.0306 71.3778 69.3116
      vertex 35.3831 71.5061 69.1977
      vertex 34.6639 71.2443 69.35
    endloop
  endfacet
  facet normal 0.93966 0.342109 0
    outer loop
      vertex 12.6751 63.241 67.35
      vertex 12.6451 63.3234 45.95
      vertex 12.6451 63.3234 67.35
    endloop
  endfacet
  facet normal 0.93966 0.342109 0
    outer loop
      vertex 12.6451 63.3234 45.95
      vertex 12.6751 63.241 67.35
      vertex 12.6751 63.241 45.95
    endloop
  endfacet
  facet normal -0.341653 0.939826 -0.000184576
    outer loop
      vertex 12.7112 63.2542 67.7402
      vertex 13.2256 63.4414 68.7642
      vertex 12.6751 63.241 67.35
    endloop
  endfacet
  facet normal 0.935132 0.340461 -0.0980565
    outer loop
      vertex 12.6715 63.333 67.6351
      vertex 12.6751 63.241 67.35
      vertex 12.6451 63.3234 67.35
    endloop
  endfacet
  facet normal 0.828664 0.301698 0.47148
    outer loop
      vertex 12.8182 63.2931 45.1846
      vertex 12.9151 63.4217 44.932
      vertex 12.7882 63.3755 45.1846
    endloop
  endfacet
  facet normal -0.341927 0.939727 9.32847e-05
    outer loop
      vertex 13.2256 63.4414 44.5358
      vertex 12.9918 63.3563 44.8389
      vertex 12.8182 63.2931 45.1846
    endloop
  endfacet
  facet normal -0.596288 -0.216371 0.773062
    outer loop
      vertex 35.9629 71.8104 44.5358
      vertex 35.708 71.6243 44.2871
      vertex 35.9928 71.728 44.5358
    endloop
  endfacet
  facet normal -0.595945 -0.21697 0.773158
    outer loop
      vertex 35.708 71.6243 44.2871
      vertex 35.9629 71.8104 44.5358
      vertex 35.678 71.7067 44.2871
    endloop
  endfacet
  facet normal -0.342021 0.939692 -2.22998e-05
    outer loop
      vertex 36.4002 71.8763 45.1846
      vertex 14.1878 63.7916 43.9884
      vertex 13.2256 63.4414 44.5358
    endloop
  endfacet
  facet normal 0 0 1
    outer loop
      vertex 17.7934 65.1972 43.95
      vertex 34.6639 71.2443 43.95
      vertex 34.6339 71.3267 43.95
    endloop
  endfacet
  facet normal -0 0 1
    outer loop
      vertex 17.7934 65.1972 43.95
      vertex 14.5545 63.9251 43.95
      vertex 34.6639 71.2443 43.95
    endloop
  endfacet
  facet normal 0 -0 1
    outer loop
      vertex 14.5545 63.9251 43.95
      vertex 17.7934 65.1972 43.95
      vertex 14.5245 64.0075 43.95
    endloop
  endfacet
  facet normal -0.342241 0.939612 -0.000129923
    outer loop
      vertex 35.9928 71.728 68.7642
      vertex 36.4002 71.8763 68.1154
      vertex 35.708 71.6243 69.0129
    endloop
  endfacet
  facet normal -0.935037 -0.34084 0.0976479
    outer loop
      vertex 36.5036 72.0072 45.8449
      vertex 36.5433 71.9284 45.95
      vertex 36.5133 72.0107 45.95
    endloop
  endfacet
  facet normal -0.935161 -0.340389 0.0980329
    outer loop
      vertex 36.5433 71.9284 45.95
      vertex 36.5036 72.0072 45.8449
      vertex 36.5072 71.9152 45.5598
    endloop
  endfacet
  facet normal -0.828472 -0.301628 -0.471862
    outer loop
      vertex 36.4002 71.8763 68.1154
      vertex 36.3234 71.9416 68.2085
      vertex 36.3702 71.9587 68.1154
    endloop
  endfacet
  facet normal -0.828491 -0.30241 -0.471329
    outer loop
      vertex 36.3234 71.9416 68.2085
      vertex 36.4002 71.8763 68.1154
      vertex 36.2266 71.8131 68.4611
    endloop
  endfacet
  facet normal -0.596288 -0.216371 -0.773062
    outer loop
      vertex 35.708 71.6243 69.0129
      vertex 35.9629 71.8104 68.7642
      vertex 35.9928 71.728 68.7642
    endloop
  endfacet
  facet normal -0.595945 -0.21697 -0.773158
    outer loop
      vertex 35.9629 71.8104 68.7642
      vertex 35.708 71.6243 69.0129
      vertex 35.678 71.7067 69.0129
    endloop
  endfacet
  facet normal 0.442956 0.16127 -0.881919
    outer loop
      vertex 13.5104 63.5451 69.0129
      vertex 13.8053 63.7457 69.1977
      vertex 13.8353 63.6633 69.1977
    endloop
  endfacet
  facet normal 0.442859 0.161431 -0.881939
    outer loop
      vertex 13.8053 63.7457 69.1977
      vertex 13.5104 63.5451 69.0129
      vertex 13.4804 63.6274 69.0129
    endloop
  endfacet
  facet normal -0.342021 0.939692 2.22998e-05
    outer loop
      vertex 14.1878 63.7916 69.3116
      vertex 36.4002 71.8763 68.1154
      vertex 13.2256 63.4414 68.7642
    endloop
  endfacet
  facet normal -0 0 -1
    outer loop
      vertex 34.6639 71.2443 69.35
      vertex 17.7934 65.1972 69.35
      vertex 34.6339 71.3267 69.35
    endloop
  endfacet
  facet normal 0 0 -1
    outer loop
      vertex 14.5545 63.9251 69.35
      vertex 17.7934 65.1972 69.35
      vertex 34.6639 71.2443 69.35
    endloop
  endfacet
  facet normal 0 0 -1
    outer loop
      vertex 17.7934 65.1972 69.35
      vertex 14.5545 63.9251 69.35
      vertex 14.5245 64.0075 69.35
    endloop
  endfacet
  facet normal -0.0920048 -0.0335376 -0.995194
    outer loop
      vertex 34.6639 71.2443 69.35
      vertex 35.0006 71.4601 69.3116
      vertex 35.0306 71.3778 69.3116
    endloop
  endfacet
  facet normal -0.0920259 -0.0335046 -0.995193
    outer loop
      vertex 35.0006 71.4601 69.3116
      vertex 34.6639 71.2443 69.35
      vertex 34.6339 71.3267 69.35
    endloop
  endfacet
  facet normal 0.93514 0.340464 0.0979688
    outer loop
      vertex 12.6715 63.333 45.6649
      vertex 12.7112 63.2542 45.5598
      vertex 12.6812 63.3366 45.5598
    endloop
  endfacet
  facet normal 0.935161 0.340389 0.0980329
    outer loop
      vertex 12.7112 63.2542 45.5598
      vertex 12.6715 63.333 45.6649
      vertex 12.6751 63.241 45.95
    endloop
  endfacet
  facet normal 0.935132 0.340461 0.0980565
    outer loop
      vertex 12.6751 63.241 45.95
      vertex 12.6715 63.333 45.6649
      vertex 12.6451 63.3234 45.95
    endloop
  endfacet
  facet normal -0.342378 0.939562 0.000227923
    outer loop
      vertex 12.8182 63.2931 68.1154
      vertex 13.2256 63.4414 68.7642
      vertex 12.7112 63.2542 67.7402
    endloop
  endfacet
  facet normal 0.899239 0.327393 -0.290144
    outer loop
      vertex 12.7882 63.3755 68.1154
      vertex 12.8182 63.2931 68.1154
      vertex 12.7101 63.3471 67.8413
    endloop
  endfacet
  facet normal 0.899001 0.327306 0.290978
    outer loop
      vertex 12.7112 63.2542 45.5598
      vertex 12.7101 63.3471 45.4587
      vertex 12.6812 63.3366 45.5598
    endloop
  endfacet
  facet normal 0.899437 0.326649 0.290369
    outer loop
      vertex 12.7101 63.3471 45.4587
      vertex 12.7112 63.2542 45.5598
      vertex 12.8182 63.2931 45.1846
    endloop
  endfacet
  facet normal -0.342378 0.939562 -0.000227923
    outer loop
      vertex 13.2256 63.4414 44.5358
      vertex 12.8182 63.2931 45.1846
      vertex 12.7112 63.2542 45.5598
    endloop
  endfacet
  facet normal 0.828922 0.300786 0.47161
    outer loop
      vertex 12.9151 63.4217 44.932
      vertex 12.9918 63.3563 44.8389
      vertex 12.9619 63.4387 44.8389
    endloop
  endfacet
  facet normal 0.828932 0.301199 0.471329
    outer loop
      vertex 12.9918 63.3563 44.8389
      vertex 12.9151 63.4217 44.932
      vertex 12.8182 63.2931 45.1846
    endloop
  endfacet
  facet normal 0.727133 0.26385 0.633768
    outer loop
      vertex 12.9918 63.3563 44.8389
      vertex 13.0248 63.4616 44.7572
      vertex 12.9619 63.4387 44.8389
    endloop
  endfacet
  facet normal 0.726201 0.264697 0.634482
    outer loop
      vertex 13.0248 63.4616 44.7572
      vertex 12.9918 63.3563 44.8389
      vertex 13.2256 63.4414 44.5358
    endloop
  endfacet
  facet normal 0.273112 0.0991025 0.956864
    outer loop
      vertex 14.1579 63.874 43.9884
      vertex 13.8353 63.6633 44.1023
      vertex 14.1878 63.7916 43.9884
    endloop
  endfacet
  facet normal 0.272943 0.0993724 0.956884
    outer loop
      vertex 13.8353 63.6633 44.1023
      vertex 14.1579 63.874 43.9884
      vertex 13.8053 63.7457 44.1023
    endloop
  endfacet
  facet normal -0.342019 0.939693 0.00079617
    outer loop
      vertex 34.6639 71.2443 43.95
      vertex 14.5545 63.9251 43.95
      vertex 14.1878 63.7916 43.9884
    endloop
  endfacet
  facet normal -0.726201 -0.264697 -0.634482
    outer loop
      vertex 35.9928 71.728 68.7642
      vertex 36.0258 71.8333 68.6825
      vertex 36.2266 71.8131 68.4611
    endloop
  endfacet
  facet normal -0.727133 -0.26385 -0.633768
    outer loop
      vertex 36.0258 71.8333 68.6825
      vertex 35.9928 71.728 68.7642
      vertex 35.9629 71.8104 68.7642
    endloop
  endfacet
  facet normal -0.341927 0.939727 9.32847e-05
    outer loop
      vertex 36.2266 71.8131 68.4611
      vertex 36.4002 71.8763 68.1154
      vertex 35.9928 71.728 68.7642
    endloop
  endfacet
  facet normal -0.726775 -0.26372 0.634232
    outer loop
      vertex 35.9928 71.728 44.5358
      vertex 36.0258 71.8333 44.6174
      vertex 35.9629 71.8104 44.5358
    endloop
  endfacet
  facet normal -0.726449 -0.264016 0.634482
    outer loop
      vertex 36.0258 71.8333 44.6174
      vertex 35.9928 71.728 44.5358
      vertex 36.2266 71.8131 44.8389
    endloop
  endfacet
  facet normal -0.340835 0.940123 -0.000270305
    outer loop
      vertex 36.5433 71.9284 45.95
      vertex 36.5072 71.9152 45.5598
      vertex 36.4002 71.8763 45.1846
    endloop
  endfacet
  facet normal -0.899086 -0.327337 0.290681
    outer loop
      vertex 36.4002 71.8763 45.1846
      vertex 36.3991 71.9691 45.2857
      vertex 36.3702 71.9587 45.1846
    endloop
  endfacet
  facet normal -0.899309 -0.326999 0.290369
    outer loop
      vertex 36.3991 71.9691 45.2857
      vertex 36.4002 71.8763 45.1846
      vertex 36.5072 71.9152 45.5598
    endloop
  endfacet
  facet normal -0.828839 -0.301762 -0.471132
    outer loop
      vertex 36.3234 71.9416 68.2085
      vertex 36.2266 71.8131 68.4611
      vertex 36.1966 71.8955 68.4611
    endloop
  endfacet
  facet normal -0.340835 0.940123 0.000270305
    outer loop
      vertex 36.5072 71.9152 67.7402
      vertex 36.5433 71.9284 67.35
      vertex 36.4002 71.8763 68.1154
    endloop
  endfacet
  facet normal -0.341719 0.939802 0.000325901
    outer loop
      vertex 35.708 71.6243 69.0129
      vertex 36.4002 71.8763 68.1154
      vertex 35.3831 71.5061 69.1977
    endloop
  endfacet
  facet normal 0.273112 0.0991025 -0.956864
    outer loop
      vertex 13.8353 63.6633 69.1977
      vertex 14.1579 63.874 69.3116
      vertex 14.1878 63.7916 69.3116
    endloop
  endfacet
  facet normal 0.272943 0.0993724 -0.956884
    outer loop
      vertex 14.1579 63.874 69.3116
      vertex 13.8353 63.6633 69.1977
      vertex 13.8053 63.7457 69.1977
    endloop
  endfacet
  facet normal 0.828664 0.301698 -0.47148
    outer loop
      vertex 12.9151 63.4217 68.368
      vertex 12.8182 63.2931 68.1154
      vertex 12.7882 63.3755 68.1154
    endloop
  endfacet
  facet normal 0.59597 0.217243 -0.773062
    outer loop
      vertex 13.2256 63.4414 68.7642
      vertex 13.4804 63.6274 69.0129
      vertex 13.5104 63.5451 69.0129
    endloop
  endfacet
  facet normal 0.596095 0.217025 -0.773027
    outer loop
      vertex 13.4804 63.6274 69.0129
      vertex 13.2256 63.4414 68.7642
      vertex 13.1956 63.5238 68.7642
    endloop
  endfacet
  facet normal 0.899437 0.326649 -0.290369
    outer loop
      vertex 12.7112 63.2542 67.7402
      vertex 12.7101 63.3471 67.8413
      vertex 12.8182 63.2931 68.1154
    endloop
  endfacet
  facet normal 0.899001 0.327306 -0.290978
    outer loop
      vertex 12.7101 63.3471 67.8413
      vertex 12.7112 63.2542 67.7402
      vertex 12.6812 63.3366 67.7402
    endloop
  endfacet
  facet normal 0.93514 0.340464 -0.0979688
    outer loop
      vertex 12.7112 63.2542 67.7402
      vertex 12.6715 63.333 67.6351
      vertex 12.6812 63.3366 67.7402
    endloop
  endfacet
  facet normal 0.935161 0.340389 -0.0980329
    outer loop
      vertex 12.6715 63.333 67.6351
      vertex 12.7112 63.2542 67.7402
      vertex 12.6751 63.241 67.35
    endloop
  endfacet
  facet normal -0.341927 0.939727 -9.32847e-05
    outer loop
      vertex 12.9918 63.3563 68.4611
      vertex 13.2256 63.4414 68.7642
      vertex 12.8182 63.2931 68.1154
    endloop
  endfacet
  facet normal 0.828922 0.300786 -0.47161
    outer loop
      vertex 12.9918 63.3563 68.4611
      vertex 12.9151 63.4217 68.368
      vertex 12.9619 63.4387 68.4611
    endloop
  endfacet
  facet normal 0.828932 0.301199 -0.471329
    outer loop
      vertex 12.9151 63.4217 68.368
      vertex 12.9918 63.3563 68.4611
      vertex 12.8182 63.2931 68.1154
    endloop
  endfacet
  facet normal -0.828472 -0.301628 0.471862
    outer loop
      vertex 36.3234 71.9416 45.0915
      vertex 36.4002 71.8763 45.1846
      vertex 36.3702 71.9587 45.1846
    endloop
  endfacet
  facet normal -0.828491 -0.30241 0.471329
    outer loop
      vertex 36.4002 71.8763 45.1846
      vertex 36.3234 71.9416 45.0915
      vertex 36.2266 71.8131 44.8389
    endloop
  endfacet
  facet normal -0.342241 0.939612 0.000129923
    outer loop
      vertex 36.4002 71.8763 45.1846
      vertex 35.9928 71.728 44.5358
      vertex 35.708 71.6243 44.2871
    endloop
  endfacet
  facet normal -0.935132 -0.340461 0.0980565
    outer loop
      vertex 36.5072 71.9152 45.5598
      vertex 36.5036 72.0072 45.8449
      vertex 36.4772 71.9976 45.5598
    endloop
  endfacet
  facet normal -0.899208 -0.327381 0.290253
    outer loop
      vertex 36.5072 71.9152 45.5598
      vertex 36.4772 71.9976 45.5598
      vertex 36.3991 71.9691 45.2857
    endloop
  endfacet
  facet normal -0.935037 -0.34084 -0.0976479
    outer loop
      vertex 36.5433 71.9284 67.35
      vertex 36.5036 72.0072 67.4551
      vertex 36.5133 72.0107 67.35
    endloop
  endfacet
  facet normal -0.935161 -0.340389 -0.0980329
    outer loop
      vertex 36.5036 72.0072 67.4551
      vertex 36.5433 71.9284 67.35
      vertex 36.5072 71.9152 67.7402
    endloop
  endfacet
  facet normal -0.726247 -0.26441 -0.634549
    outer loop
      vertex 36.1966 71.8955 68.4611
      vertex 36.2266 71.8131 68.4611
      vertex 36.0258 71.8333 68.6825
    endloop
  endfacet
  facet normal -0.342021 0.939692 2.86281e-05
    outer loop
      vertex 34.6639 71.2443 69.35
      vertex 36.4002 71.8763 68.1154
      vertex 14.1878 63.7916 69.3116
    endloop
  endfacet
  facet normal 0.0920179 0.0335017 -0.995194
    outer loop
      vertex 14.1878 63.7916 69.3116
      vertex 14.5245 64.0075 69.35
      vertex 14.5545 63.9251 69.35
    endloop
  endfacet
  facet normal 0.0920758 0.033411 -0.995191
    outer loop
      vertex 14.5245 64.0075 69.35
      vertex 14.1878 63.7916 69.3116
      vertex 14.1579 63.874 69.3116
    endloop
  endfacet
  facet normal 0.726201 0.264697 -0.634482
    outer loop
      vertex 12.9918 63.3563 68.4611
      vertex 13.0248 63.4616 68.5428
      vertex 13.2256 63.4414 68.7642
    endloop
  endfacet
  facet normal 0.727133 0.26385 -0.633768
    outer loop
      vertex 13.0248 63.4616 68.5428
      vertex 12.9918 63.3563 68.4611
      vertex 12.9619 63.4387 68.4611
    endloop
  endfacet
  facet normal 0.726247 0.26441 -0.634549
    outer loop
      vertex 13.1956 63.5238 68.7642
      vertex 13.2256 63.4414 68.7642
      vertex 13.0248 63.4616 68.5428
    endloop
  endfacet
  facet normal -0.442956 -0.16127 0.881919
    outer loop
      vertex 35.678 71.7067 44.2871
      vertex 35.3831 71.5061 44.1023
      vertex 35.708 71.6243 44.2871
    endloop
  endfacet
  facet normal -0.442956 -0.16127 0.881919
    outer loop
      vertex 35.3831 71.5061 44.1023
      vertex 35.678 71.7067 44.2871
      vertex 35.3531 71.5885 44.1023
    endloop
  endfacet
  facet normal -0.0920048 -0.0335376 0.995194
    outer loop
      vertex 35.0006 71.4601 43.9884
      vertex 34.6639 71.2443 43.95
      vertex 35.0306 71.3778 43.9884
    endloop
  endfacet
  facet normal -0.0920259 -0.0335046 0.995193
    outer loop
      vertex 34.6639 71.2443 43.95
      vertex 35.0006 71.4601 43.9884
      vertex 34.6339 71.3267 43.95
    endloop
  endfacet
  facet normal -0.935132 -0.340461 -0.0980565
    outer loop
      vertex 36.5036 72.0072 67.4551
      vertex 36.5072 71.9152 67.7402
      vertex 36.4772 71.9976 67.7402
    endloop
  endfacet
  facet normal -0.899208 -0.327381 -0.290253
    outer loop
      vertex 36.4772 71.9976 67.7402
      vertex 36.5072 71.9152 67.7402
      vertex 36.3991 71.9691 68.0143
    endloop
  endfacet
  facet normal -0.342204 0.939626 0.000640201
    outer loop
      vertex 13.8353 63.6633 69.1977
      vertex 14.1878 63.7916 69.3116
      vertex 13.5104 63.5451 69.0129
    endloop
  endfacet
  facet normal -0.341765 0.939785 -0.000486572
    outer loop
      vertex 13.5104 63.5451 69.0129
      vertex 14.1878 63.7916 69.3116
      vertex 13.2256 63.4414 68.7642
    endloop
  endfacet
  facet normal -0.341927 0.939727 -9.32847e-05
    outer loop
      vertex 36.4002 71.8763 45.1846
      vertex 36.2266 71.8131 44.8389
      vertex 35.9928 71.728 44.5358
    endloop
  endfacet
  facet normal -0.341719 0.939802 -0.000325901
    outer loop
      vertex 36.4002 71.8763 45.1846
      vertex 35.708 71.6243 44.2871
      vertex 35.3831 71.5061 44.1023
    endloop
  endfacet
  facet normal -0.342066 0.939676 4.36164e-05
    outer loop
      vertex 36.4002 71.8763 45.1846
      vertex 35.3831 71.5061 44.1023
      vertex 34.6639 71.2443 43.95
    endloop
  endfacet
  facet normal -0.726379 -0.264458 0.634378
    outer loop
      vertex 36.2266 71.8131 44.8389
      vertex 36.1966 71.8955 44.8389
      vertex 36.0258 71.8333 44.6174
    endloop
  endfacet
  facet normal -0.828839 -0.301762 0.471132
    outer loop
      vertex 36.2266 71.8131 44.8389
      vertex 36.3234 71.9416 45.0915
      vertex 36.1966 71.8955 44.8389
    endloop
  endfacet
  facet normal -0.273005 -0.0993952 0.956864
    outer loop
      vertex 35.3531 71.5885 44.1023
      vertex 35.0306 71.3778 43.9884
      vertex 35.3831 71.5061 44.1023
    endloop
  endfacet
  facet normal -0.272944 -0.0994935 0.956871
    outer loop
      vertex 35.0306 71.3778 43.9884
      vertex 35.3531 71.5885 44.1023
      vertex 35.0006 71.4601 43.9884
    endloop
  endfacet
  facet normal -0.342127 0.939654 0.000370787
    outer loop
      vertex 35.3831 71.5061 44.1023
      vertex 35.0306 71.3778 43.9884
      vertex 34.6639 71.2443 43.95
    endloop
  endfacet
  facet normal 1 -0 0
    outer loop
      vertex 25.55 22.8268 76.1914
      vertex 25.55 54.8268 31.4295
      vertex 25.55 54.8268 76.1914
    endloop
  endfacet
  facet normal 1 0 0
    outer loop
      vertex 25.55 54.8268 31.4295
      vertex 25.55 22.8268 76.1914
      vertex 25.55 43.9666 20.259
    endloop
  endfacet
  facet normal 1 0 0
    outer loop
      vertex 25.55 43.9666 20.259
      vertex 25.55 22.8268 76.1914
      vertex 25.55 40.0118 16.1912
    endloop
  endfacet
  facet normal 1 0 0
    outer loop
      vertex 25.55 22.8268 0.00855598
      vertex 25.55 40.0118 16.1912
      vertex 25.55 22.8268 76.1914
    endloop
  endfacet
  facet normal 1 0 0
    outer loop
      vertex 25.55 40.0118 16.1912
      vertex 25.55 22.8268 0.00855598
      vertex 25.55 24.6507 0.39124
    endloop
  endfacet
  facet normal 1 0 -0
    outer loop
      vertex 25.55 23.9879 0.00855598
      vertex 25.55 24.6507 0.39124
      vertex 25.55 22.8268 0.00855598
    endloop
  endfacet
  facet normal 1 0 0
    outer loop
      vertex 25.55 24.6507 0.39124
      vertex 25.55 23.9879 0.00855598
      vertex 25.55 24.4661 0.206647
    endloop
  endfacet
  facet normal 1 0 0
    outer loop
      vertex 25.55 24.4661 0.206647
      vertex 25.55 23.9879 0.00855598
      vertex 25.55 24.24 0.0761219
    endloop
  endfacet
  facet normal 0 -1 0
    outer loop
      vertex 25.55 54.8268 31.4295
      vertex 37.1 54.8268 76.1914
      vertex 25.55 54.8268 76.1914
    endloop
  endfacet
  facet normal 0 -1 -0
    outer loop
      vertex 37.1 54.8268 76.1914
      vertex 25.55 54.8268 31.4295
      vertex 37.1 54.8268 31.4295
    endloop
  endfacet
  facet normal 0 1 -0
    outer loop
      vertex 37.1 22.8268 0.00855598
      vertex 25.55 22.8268 76.1914
      vertex 37.1 22.8268 76.1914
    endloop
  endfacet
  facet normal 0 1 0
    outer loop
      vertex 25.55 22.8268 76.1914
      vertex 37.1 22.8268 0.00855598
      vertex 25.55 22.8268 0.00855598
    endloop
  endfacet
  facet normal 1 -0 0
    outer loop
      vertex 37.1 11.9641 37.6035
      vertex 37.1 22.8268 0.00855598
      vertex 37.1 12.0103 37.8505
    endloop
  endfacet
  facet normal 1 0 0
    outer loop
      vertex 37.1 22.8268 0.00855598
      vertex 37.1 12.0103 8.61612
      vertex 37.1 12.0257 8.36667
    endloop
  endfacet
  facet normal 1 -0 0
    outer loop
      vertex 37.1 11.8876 37.3612
      vertex 37.1 22.8268 0.00855598
      vertex 37.1 11.9641 37.6035
    endloop
  endfacet
  facet normal 1 0 0
    outer loop
      vertex 37.1 22.8268 0.00855598
      vertex 37.1 11.9641 8.86317
      vertex 37.1 12.0103 8.61612
    endloop
  endfacet
  facet normal 1 -0 0
    outer loop
      vertex 37.1 11.7815 37.1261
      vertex 37.1 22.8268 0.00855598
      vertex 37.1 11.8876 37.3612
    endloop
  endfacet
  facet normal 1 0 0
    outer loop
      vertex 37.1 22.8268 0.00855598
      vertex 37.1 11.8876 9.10544
      vertex 37.1 11.9641 8.86317
    endloop
  endfacet
  facet normal 1 -0 0
    outer loop
      vertex 37.1 11.6469 36.9003
      vertex 37.1 22.8268 0.00855598
      vertex 37.1 11.7815 37.1261
    endloop
  endfacet
  facet normal 1 0 0
    outer loop
      vertex 37.1 22.8268 0.00855598
      vertex 37.1 11.7815 9.3406
      vertex 37.1 11.8876 9.10544
    endloop
  endfacet
  facet normal 1 -0 0
    outer loop
      vertex 37.1 11.6469 9.56637
      vertex 37.1 22.8268 0.00855598
      vertex 37.1 11.6469 36.9003
    endloop
  endfacet
  facet normal 1 0 0
    outer loop
      vertex 37.1 22.8268 0.00855598
      vertex 37.1 11.6469 9.56637
      vertex 37.1 11.7815 9.3406
    endloop
  endfacet
  facet normal 1 -0 0
    outer loop
      vertex 37.1 11.4851 36.6861
      vertex 37.1 11.6469 9.56637
      vertex 37.1 11.6469 36.9003
    endloop
  endfacet
  facet normal 1 0 0
    outer loop
      vertex 37.1 11.4851 36.6861
      vertex 37.1 11.4851 9.78059
      vertex 37.1 11.6469 9.56637
    endloop
  endfacet
  facet normal 1 -0 0
    outer loop
      vertex 37.1 11.2976 36.4855
      vertex 37.1 11.4851 9.78059
      vertex 37.1 11.4851 36.6861
    endloop
  endfacet
  facet normal 1 0 0
    outer loop
      vertex 37.1 11.2976 36.4855
      vertex 37.1 11.2976 9.9812
      vertex 37.1 11.4851 9.78059
    endloop
  endfacet
  facet normal 1 -0 0
    outer loop
      vertex 37.1 11.0862 36.3004
      vertex 37.1 11.2976 9.9812
      vertex 37.1 11.2976 36.4855
    endloop
  endfacet
  facet normal 1 0 0
    outer loop
      vertex 37.1 11.0862 36.3004
      vertex 37.1 11.0862 10.1663
      vertex 37.1 11.2976 9.9812
    endloop
  endfacet
  facet normal 1 -0 0
    outer loop
      vertex 37.1 10.8529 36.1327
      vertex 37.1 11.0862 10.1663
      vertex 37.1 11.0862 36.3004
    endloop
  endfacet
  facet normal 1 0 0
    outer loop
      vertex 37.1 10.8529 36.1327
      vertex 37.1 10.8529 10.334
      vertex 37.1 11.0862 10.1663
    endloop
  endfacet
  facet normal 1 -0 0
    outer loop
      vertex 37.1 10.6 35.9839
      vertex 37.1 10.8529 10.334
      vertex 37.1 10.8529 36.1327
    endloop
  endfacet
  facet normal 1 0 0
    outer loop
      vertex 37.1 10.6 35.9839
      vertex 37.1 10.6 10.4828
      vertex 37.1 10.8529 10.334
    endloop
  endfacet
  facet normal 1 -0 0
    outer loop
      vertex 37.1 10.33 35.8555
      vertex 37.1 10.6 10.4828
      vertex 37.1 10.6 35.9839
    endloop
  endfacet
  facet normal 1 0 0
    outer loop
      vertex 37.1 10.33 35.8555
      vertex 37.1 10.33 10.6112
      vertex 37.1 10.6 10.4828
    endloop
  endfacet
  facet normal 1 -0 0
    outer loop
      vertex 37.1 10.0454 35.7487
      vertex 37.1 10.33 10.6112
      vertex 37.1 10.33 35.8555
    endloop
  endfacet
  facet normal 1 0 0
    outer loop
      vertex 37.1 10.0454 35.7487
      vertex 37.1 10.0454 10.7179
      vertex 37.1 10.33 10.6112
    endloop
  endfacet
  facet normal 1 -0 0
    outer loop
      vertex 37.1 9.74904 35.6646
      vertex 37.1 10.0454 10.7179
      vertex 37.1 10.0454 35.7487
    endloop
  endfacet
  facet normal 1 0 0
    outer loop
      vertex 37.1 9.74904 35.6646
      vertex 37.1 9.74904 10.8021
      vertex 37.1 10.0454 10.7179
    endloop
  endfacet
  facet normal 1 -0 0
    outer loop
      vertex 37.1 9.44366 35.6039
      vertex 37.1 9.74904 10.8021
      vertex 37.1 9.74904 35.6646
    endloop
  endfacet
  facet normal 1 0 0
    outer loop
      vertex 37.1 9.44366 35.6039
      vertex 37.1 9.44366 10.8628
      vertex 37.1 9.74904 10.8021
    endloop
  endfacet
  facet normal 1 -0 0
    outer loop
      vertex 37.1 9.13226 35.5673
      vertex 37.1 9.44366 10.8628
      vertex 37.1 9.44366 35.6039
    endloop
  endfacet
  facet normal 1 0 0
    outer loop
      vertex 37.1 9.13226 35.5673
      vertex 37.1 9.13226 10.8994
      vertex 37.1 9.44366 10.8628
    endloop
  endfacet
  facet normal 1 -0 0
    outer loop
      vertex 37.1 8.81783 35.555
      vertex 37.1 9.13226 10.8994
      vertex 37.1 9.13226 35.5673
    endloop
  endfacet
  facet normal 1 0 0
    outer loop
      vertex 37.1 8.81783 35.555
      vertex 37.1 8.81783 10.9117
      vertex 37.1 9.13226 10.8994
    endloop
  endfacet
  facet normal 1 0 0
    outer loop
      vertex 37.1 8.5034 35.5673
      vertex 37.1 8.81783 10.9117
      vertex 37.1 8.81783 35.555
    endloop
  endfacet
  facet normal 1 0 0
    outer loop
      vertex 37.1 8.5034 35.5673
      vertex 37.1 8.5034 10.8994
      vertex 37.1 8.81783 10.9117
    endloop
  endfacet
  facet normal 1 0 0
    outer loop
      vertex 37.1 8.192 35.6039
      vertex 37.1 8.5034 10.8994
      vertex 37.1 8.5034 35.5673
    endloop
  endfacet
  facet normal 1 0 0
    outer loop
      vertex 37.1 8.192 35.6039
      vertex 37.1 8.192 10.8628
      vertex 37.1 8.5034 10.8994
    endloop
  endfacet
  facet normal 1 0 0
    outer loop
      vertex 37.1 7.88663 35.6646
      vertex 37.1 8.192 10.8628
      vertex 37.1 8.192 35.6039
    endloop
  endfacet
  facet normal 1 0 0
    outer loop
      vertex 37.1 7.88663 35.6646
      vertex 37.1 7.88663 10.8021
      vertex 37.1 8.192 10.8628
    endloop
  endfacet
  facet normal 1 0 0
    outer loop
      vertex 37.1 7.59022 35.7487
      vertex 37.1 7.88663 10.8021
      vertex 37.1 7.88663 35.6646
    endloop
  endfacet
  facet normal 1 0 0
    outer loop
      vertex 37.1 7.59022 35.7487
      vertex 37.1 7.59022 10.7179
      vertex 37.1 7.88663 10.8021
    endloop
  endfacet
  facet normal 1 0 0
    outer loop
      vertex 37.1 7.30564 35.8555
      vertex 37.1 7.59022 10.7179
      vertex 37.1 7.59022 35.7487
    endloop
  endfacet
  facet normal 1 0 0
    outer loop
      vertex 37.1 7.30564 35.8555
      vertex 37.1 7.30564 10.6112
      vertex 37.1 7.59022 10.7179
    endloop
  endfacet
  facet normal 1 0 0
    outer loop
      vertex 37.1 7.03562 35.9839
      vertex 37.1 7.30564 10.6112
      vertex 37.1 7.30564 35.8555
    endloop
  endfacet
  facet normal 1 0 0
    outer loop
      vertex 37.1 7.03562 35.9839
      vertex 37.1 7.03562 10.4828
      vertex 37.1 7.30564 10.6112
    endloop
  endfacet
  facet normal 1 0 0
    outer loop
      vertex 37.1 6.78276 36.1327
      vertex 37.1 7.03562 10.4828
      vertex 37.1 7.03562 35.9839
    endloop
  endfacet
  facet normal 1 0 0
    outer loop
      vertex 37.1 6.78276 36.1327
      vertex 37.1 6.78276 10.334
      vertex 37.1 7.03562 10.4828
    endloop
  endfacet
  facet normal 1 0 0
    outer loop
      vertex 37.1 6.5495 36.3004
      vertex 37.1 6.78276 10.334
      vertex 37.1 6.78276 36.1327
    endloop
  endfacet
  facet normal 1 0 0
    outer loop
      vertex 37.1 6.5495 36.3004
      vertex 37.1 6.5495 10.1663
      vertex 37.1 6.78276 10.334
    endloop
  endfacet
  facet normal 1 0 0
    outer loop
      vertex 37.1 6.33809 36.4855
      vertex 37.1 6.5495 10.1663
      vertex 37.1 6.5495 36.3004
    endloop
  endfacet
  facet normal 1 0 0
    outer loop
      vertex 37.1 6.33809 36.4855
      vertex 37.1 6.33809 9.9812
      vertex 37.1 6.5495 10.1663
    endloop
  endfacet
  facet normal 1 0 0
    outer loop
      vertex 37.1 6.15056 36.6861
      vertex 37.1 6.33809 9.9812
      vertex 37.1 6.33809 36.4855
    endloop
  endfacet
  facet normal 1 0 0
    outer loop
      vertex 37.1 6.15056 36.6861
      vertex 37.1 6.15056 9.78059
      vertex 37.1 6.33809 9.9812
    endloop
  endfacet
  facet normal 1 0 0
    outer loop
      vertex 37.1 5.98871 36.9003
      vertex 37.1 6.15056 9.78059
      vertex 37.1 6.15056 36.6861
    endloop
  endfacet
  facet normal 1 0 0
    outer loop
      vertex 37.1 5.98871 36.9003
      vertex 37.1 5.98871 9.56637
      vertex 37.1 6.15056 9.78059
    endloop
  endfacet
  facet normal 1 0 0
    outer loop
      vertex 37.1 -25.9914 0.869475
      vertex 37.1 5.98871 36.9003
      vertex 37.1 5.85412 37.1261
    endloop
  endfacet
  facet normal 1 0 0
    outer loop
      vertex 37.1 5.98871 36.9003
      vertex 37.1 -25.9914 0.869475
      vertex 37.1 5.98871 9.56637
    endloop
  endfacet
  facet normal 1 0 0
    outer loop
      vertex 37.1 -25.9914 0.869475
      vertex 37.1 5.85412 37.1261
      vertex 37.1 5.74806 37.3612
    endloop
  endfacet
  facet normal 1 0 0
    outer loop
      vertex 37.1 5.98871 9.56637
      vertex 37.1 -25.9914 0.869475
      vertex 37.1 5.85412 9.3406
    endloop
  endfacet
  facet normal 1 0 0
    outer loop
      vertex 37.1 -25.9914 0.869475
      vertex 37.1 5.74806 37.3612
      vertex 37.1 5.67157 37.6035
    endloop
  endfacet
  facet normal 1 0 0
    outer loop
      vertex 37.1 5.85412 9.3406
      vertex 37.1 -25.9914 0.869475
      vertex 37.1 5.74806 9.10544
    endloop
  endfacet
  facet normal 1 0 0
    outer loop
      vertex 37.1 -25.9914 0.869475
      vertex 37.1 5.67157 37.6035
      vertex 37.1 5.62538 37.8505
    endloop
  endfacet
  facet normal 1 0 0
    outer loop
      vertex 37.1 5.74806 9.10544
      vertex 37.1 -25.9914 0.869475
      vertex 37.1 5.67157 8.86317
    endloop
  endfacet
  facet normal 1 0 0
    outer loop
      vertex 37.1 -25.9914 0.869475
      vertex 37.1 5.62538 37.8505
      vertex 37.1 5.60993 38.1
    endloop
  endfacet
  facet normal 1 0 -0
    outer loop
      vertex 37.1 -25.1305 0.00855598
      vertex 37.1 5.67157 8.86317
      vertex 37.1 -25.9914 0.869475
    endloop
  endfacet
  facet normal 1 0 0
    outer loop
      vertex 37.1 11.9641 67.3368
      vertex 37.1 22.8268 76.1914
      vertex 37.1 12.0103 67.5839
    endloop
  endfacet
  facet normal 1 0 0
    outer loop
      vertex 37.1 22.8268 76.1914
      vertex 37.1 12.0103 38.3495
      vertex 37.1 12.0257 38.1
    endloop
  endfacet
  facet normal 1 0 0
    outer loop
      vertex 37.1 11.8876 67.0946
      vertex 37.1 22.8268 76.1914
      vertex 37.1 11.9641 67.3368
    endloop
  endfacet
  facet normal 1 0 0
    outer loop
      vertex 37.1 22.8268 76.1914
      vertex 37.1 11.9641 38.5965
      vertex 37.1 12.0103 38.3495
    endloop
  endfacet
  facet normal 1 0 0
    outer loop
      vertex 37.1 11.7815 66.8594
      vertex 37.1 22.8268 76.1914
      vertex 37.1 11.8876 67.0946
    endloop
  endfacet
  facet normal 1 0 0
    outer loop
      vertex 37.1 22.8268 76.1914
      vertex 37.1 11.8876 38.8388
      vertex 37.1 11.9641 38.5965
    endloop
  endfacet
  facet normal 1 0 0
    outer loop
      vertex 37.1 11.6469 66.6336
      vertex 37.1 22.8268 76.1914
      vertex 37.1 11.7815 66.8594
    endloop
  endfacet
  facet normal 1 0 0
    outer loop
      vertex 37.1 22.8268 76.1914
      vertex 37.1 11.7815 39.0739
      vertex 37.1 11.8876 38.8388
    endloop
  endfacet
  facet normal 1 0 0
    outer loop
      vertex 37.1 11.6469 39.2997
      vertex 37.1 22.8268 76.1914
      vertex 37.1 11.6469 66.6336
    endloop
  endfacet
  facet normal 1 0 0
    outer loop
      vertex 37.1 22.8268 76.1914
      vertex 37.1 11.6469 39.2997
      vertex 37.1 11.7815 39.0739
    endloop
  endfacet
  facet normal 1 -0 0
    outer loop
      vertex 37.1 11.4851 66.4194
      vertex 37.1 11.6469 39.2997
      vertex 37.1 11.6469 66.6336
    endloop
  endfacet
  facet normal 1 0 0
    outer loop
      vertex 37.1 11.4851 66.4194
      vertex 37.1 11.4851 39.5139
      vertex 37.1 11.6469 39.2997
    endloop
  endfacet
  facet normal 1 -0 0
    outer loop
      vertex 37.1 11.2976 66.2188
      vertex 37.1 11.4851 39.5139
      vertex 37.1 11.4851 66.4194
    endloop
  endfacet
  facet normal 1 0 0
    outer loop
      vertex 37.1 11.2976 66.2188
      vertex 37.1 11.2976 39.7145
      vertex 37.1 11.4851 39.5139
    endloop
  endfacet
  facet normal 1 -0 0
    outer loop
      vertex 37.1 11.0862 66.0337
      vertex 37.1 11.2976 39.7145
      vertex 37.1 11.2976 66.2188
    endloop
  endfacet
  facet normal 1 0 0
    outer loop
      vertex 37.1 11.0862 66.0337
      vertex 37.1 11.0862 39.8996
      vertex 37.1 11.2976 39.7145
    endloop
  endfacet
  facet normal 1 -0 0
    outer loop
      vertex 37.1 10.8529 65.866
      vertex 37.1 11.0862 39.8996
      vertex 37.1 11.0862 66.0337
    endloop
  endfacet
  facet normal 1 0 0
    outer loop
      vertex 37.1 10.8529 65.866
      vertex 37.1 10.8529 40.0673
      vertex 37.1 11.0862 39.8996
    endloop
  endfacet
  facet normal 1 -0 0
    outer loop
      vertex 37.1 10.6 65.7172
      vertex 37.1 10.8529 40.0673
      vertex 37.1 10.8529 65.866
    endloop
  endfacet
  facet normal 1 0 0
    outer loop
      vertex 37.1 10.6 65.7172
      vertex 37.1 10.6 40.2161
      vertex 37.1 10.8529 40.0673
    endloop
  endfacet
  facet normal 1 -0 0
    outer loop
      vertex 37.1 10.33 65.5888
      vertex 37.1 10.6 40.2161
      vertex 37.1 10.6 65.7172
    endloop
  endfacet
  facet normal 1 0 0
    outer loop
      vertex 37.1 10.33 65.5888
      vertex 37.1 10.33 40.3445
      vertex 37.1 10.6 40.2161
    endloop
  endfacet
  facet normal 1 -0 0
    outer loop
      vertex 37.1 10.0454 65.4821
      vertex 37.1 10.33 40.3445
      vertex 37.1 10.33 65.5888
    endloop
  endfacet
  facet normal 1 0 0
    outer loop
      vertex 37.1 10.0454 65.4821
      vertex 37.1 10.0454 40.4513
      vertex 37.1 10.33 40.3445
    endloop
  endfacet
  facet normal 1 -0 0
    outer loop
      vertex 37.1 9.74904 65.3979
      vertex 37.1 10.0454 40.4513
      vertex 37.1 10.0454 65.4821
    endloop
  endfacet
  facet normal 1 0 0
    outer loop
      vertex 37.1 9.74904 65.3979
      vertex 37.1 9.74904 40.5354
      vertex 37.1 10.0454 40.4513
    endloop
  endfacet
  facet normal 1 -0 0
    outer loop
      vertex 37.1 9.44366 65.3372
      vertex 37.1 9.74904 40.5354
      vertex 37.1 9.74904 65.3979
    endloop
  endfacet
  facet normal 1 0 0
    outer loop
      vertex 37.1 9.44366 65.3372
      vertex 37.1 9.44366 40.5961
      vertex 37.1 9.74904 40.5354
    endloop
  endfacet
  facet normal 1 -0 0
    outer loop
      vertex 37.1 9.13226 65.3006
      vertex 37.1 9.44366 40.5961
      vertex 37.1 9.44366 65.3372
    endloop
  endfacet
  facet normal 1 0 0
    outer loop
      vertex 37.1 9.13226 65.3006
      vertex 37.1 9.13226 40.6327
      vertex 37.1 9.44366 40.5961
    endloop
  endfacet
  facet normal 1 -0 0
    outer loop
      vertex 37.1 8.81783 65.2883
      vertex 37.1 9.13226 40.6327
      vertex 37.1 9.13226 65.3006
    endloop
  endfacet
  facet normal 1 0 0
    outer loop
      vertex 37.1 8.81783 65.2883
      vertex 37.1 8.81783 40.645
      vertex 37.1 9.13226 40.6327
    endloop
  endfacet
  facet normal 1 0 0
    outer loop
      vertex 37.1 8.5034 65.3006
      vertex 37.1 8.81783 40.645
      vertex 37.1 8.81783 65.2883
    endloop
  endfacet
  facet normal 1 0 0
    outer loop
      vertex 37.1 8.5034 65.3006
      vertex 37.1 8.5034 40.6327
      vertex 37.1 8.81783 40.645
    endloop
  endfacet
  facet normal 1 0 0
    outer loop
      vertex 37.1 8.192 65.3372
      vertex 37.1 8.5034 40.6327
      vertex 37.1 8.5034 65.3006
    endloop
  endfacet
  facet normal 1 0 0
    outer loop
      vertex 37.1 8.192 65.3372
      vertex 37.1 8.192 40.5961
      vertex 37.1 8.5034 40.6327
    endloop
  endfacet
  facet normal 1 0 0
    outer loop
      vertex 37.1 7.88663 65.3979
      vertex 37.1 8.192 40.5961
      vertex 37.1 8.192 65.3372
    endloop
  endfacet
  facet normal 1 0 0
    outer loop
      vertex 37.1 7.88663 65.3979
      vertex 37.1 7.88663 40.5354
      vertex 37.1 8.192 40.5961
    endloop
  endfacet
  facet normal 1 0 0
    outer loop
      vertex 37.1 7.59022 65.4821
      vertex 37.1 7.88663 40.5354
      vertex 37.1 7.88663 65.3979
    endloop
  endfacet
  facet normal 1 0 0
    outer loop
      vertex 37.1 7.59022 65.4821
      vertex 37.1 7.59022 40.4513
      vertex 37.1 7.88663 40.5354
    endloop
  endfacet
  facet normal 1 0 0
    outer loop
      vertex 37.1 7.30564 65.5888
      vertex 37.1 7.59022 40.4513
      vertex 37.1 7.59022 65.4821
    endloop
  endfacet
  facet normal 1 0 0
    outer loop
      vertex 37.1 7.30564 65.5888
      vertex 37.1 7.30564 40.3445
      vertex 37.1 7.59022 40.4513
    endloop
  endfacet
  facet normal 1 0 0
    outer loop
      vertex 37.1 7.03562 65.7172
      vertex 37.1 7.30564 40.3445
      vertex 37.1 7.30564 65.5888
    endloop
  endfacet
  facet normal 1 0 0
    outer loop
      vertex 37.1 7.03562 65.7172
      vertex 37.1 7.03562 40.2161
      vertex 37.1 7.30564 40.3445
    endloop
  endfacet
  facet normal 1 0 0
    outer loop
      vertex 37.1 6.78276 65.866
      vertex 37.1 7.03562 40.2161
      vertex 37.1 7.03562 65.7172
    endloop
  endfacet
  facet normal 1 0 0
    outer loop
      vertex 37.1 6.78276 65.866
      vertex 37.1 6.78276 40.0673
      vertex 37.1 7.03562 40.2161
    endloop
  endfacet
  facet normal 1 0 0
    outer loop
      vertex 37.1 6.5495 66.0337
      vertex 37.1 6.78276 40.0673
      vertex 37.1 6.78276 65.866
    endloop
  endfacet
  facet normal 1 0 0
    outer loop
      vertex 37.1 6.5495 66.0337
      vertex 37.1 6.5495 39.8996
      vertex 37.1 6.78276 40.0673
    endloop
  endfacet
  facet normal 1 0 0
    outer loop
      vertex 37.1 6.33809 66.2188
      vertex 37.1 6.5495 39.8996
      vertex 37.1 6.5495 66.0337
    endloop
  endfacet
  facet normal 1 0 0
    outer loop
      vertex 37.1 6.33809 66.2188
      vertex 37.1 6.33809 39.7145
      vertex 37.1 6.5495 39.8996
    endloop
  endfacet
  facet normal 1 0 0
    outer loop
      vertex 37.1 6.15056 66.4194
      vertex 37.1 6.33809 39.7145
      vertex 37.1 6.33809 66.2188
    endloop
  endfacet
  facet normal 1 0 0
    outer loop
      vertex 37.1 6.15056 66.4194
      vertex 37.1 6.15056 39.5139
      vertex 37.1 6.33809 39.7145
    endloop
  endfacet
  facet normal 1 0 0
    outer loop
      vertex 37.1 5.98871 66.6336
      vertex 37.1 6.15056 39.5139
      vertex 37.1 6.15056 66.4194
    endloop
  endfacet
  facet normal 1 0 0
    outer loop
      vertex 37.1 5.98871 66.6336
      vertex 37.1 5.98871 39.2997
      vertex 37.1 6.15056 39.5139
    endloop
  endfacet
  facet normal 1 0 0
    outer loop
      vertex 37.1 -25.9914 75.3305
      vertex 37.1 5.98871 66.6336
      vertex 37.1 5.85412 66.8594
    endloop
  endfacet
  facet normal 1 0 0
    outer loop
      vertex 37.1 5.98871 66.6336
      vertex 37.1 -25.9914 75.3305
      vertex 37.1 5.98871 39.2997
    endloop
  endfacet
  facet normal 1 0 0
    outer loop
      vertex 37.1 -25.9914 75.3305
      vertex 37.1 5.85412 66.8594
      vertex 37.1 5.74806 67.0946
    endloop
  endfacet
  facet normal 1 0 0
    outer loop
      vertex 37.1 5.98871 39.2997
      vertex 37.1 -25.9914 75.3305
      vertex 37.1 5.85412 39.0739
    endloop
  endfacet
  facet normal 1 0 0
    outer loop
      vertex 37.1 -25.9914 75.3305
      vertex 37.1 5.74806 67.0946
      vertex 37.1 5.67157 67.3368
    endloop
  endfacet
  facet normal 1 0 0
    outer loop
      vertex 37.1 5.85412 39.0739
      vertex 37.1 -25.9914 75.3305
      vertex 37.1 5.74806 38.8388
    endloop
  endfacet
  facet normal 1 0 0
    outer loop
      vertex 37.1 -25.1305 76.1914
      vertex 37.1 5.67157 67.3368
      vertex 37.1 5.62538 67.5839
    endloop
  endfacet
  facet normal 1 0 0
    outer loop
      vertex 37.1 5.74806 38.8388
      vertex 37.1 -25.9914 75.3305
      vertex 37.1 5.67157 38.5965
    endloop
  endfacet
  facet normal 1 0 0
    outer loop
      vertex 37.1 -25.1305 76.1914
      vertex 37.1 5.62538 67.5839
      vertex 37.1 5.60993 67.8333
    endloop
  endfacet
  facet normal 1 0 0
    outer loop
      vertex 37.1 5.67157 38.5965
      vertex 37.1 -25.9914 75.3305
      vertex 37.1 5.62538 38.3495
    endloop
  endfacet
  facet normal 1 0 0
    outer loop
      vertex 37.1 12.0103 67.5839
      vertex 37.1 22.8268 76.1914
      vertex 37.1 12.0257 67.8333
    endloop
  endfacet
  facet normal 1 0 0
    outer loop
      vertex 37.1 22.8268 76.1914
      vertex 37.1 12.0103 68.0828
      vertex 37.1 12.0257 67.8333
    endloop
  endfacet
  facet normal 1 0 0
    outer loop
      vertex 37.1 22.8268 76.1914
      vertex 37.1 11.9641 68.3298
      vertex 37.1 12.0103 68.0828
    endloop
  endfacet
  facet normal 1 0 0
    outer loop
      vertex 37.1 22.8268 76.1914
      vertex 37.1 11.8876 68.5721
      vertex 37.1 11.9641 68.3298
    endloop
  endfacet
  facet normal 1 0 0
    outer loop
      vertex 37.1 22.8268 76.1914
      vertex 37.1 11.7815 68.8073
      vertex 37.1 11.8876 68.5721
    endloop
  endfacet
  facet normal 1 0 0
    outer loop
      vertex 37.1 22.8268 76.1914
      vertex 37.1 11.6469 69.033
      vertex 37.1 11.7815 68.8073
    endloop
  endfacet
  facet normal 1 0 0
    outer loop
      vertex 37.1 22.8268 76.1914
      vertex 37.1 11.4851 69.2473
      vertex 37.1 11.6469 69.033
    endloop
  endfacet
  facet normal 1 0 0
    outer loop
      vertex 37.1 22.8268 76.1914
      vertex 37.1 11.2976 69.4479
      vertex 37.1 11.4851 69.2473
    endloop
  endfacet
  facet normal 1 0 0
    outer loop
      vertex 37.1 22.8268 76.1914
      vertex 37.1 11.0862 69.6329
      vertex 37.1 11.2976 69.4479
    endloop
  endfacet
  facet normal 1 0 0
    outer loop
      vertex 37.1 22.8268 76.1914
      vertex 37.1 10.8529 69.8006
      vertex 37.1 11.0862 69.6329
    endloop
  endfacet
  facet normal 1 0 0
    outer loop
      vertex 37.1 22.8268 76.1914
      vertex 37.1 10.6 69.9494
      vertex 37.1 10.8529 69.8006
    endloop
  endfacet
  facet normal 1 0 0
    outer loop
      vertex 37.1 22.8268 76.1914
      vertex 37.1 10.33 70.0778
      vertex 37.1 10.6 69.9494
    endloop
  endfacet
  facet normal 1 0 0
    outer loop
      vertex 37.1 22.8268 76.1914
      vertex 37.1 10.0454 70.1846
      vertex 37.1 10.33 70.0778
    endloop
  endfacet
  facet normal 1 0 0
    outer loop
      vertex 37.1 22.8268 76.1914
      vertex 37.1 9.74904 70.2687
      vertex 37.1 10.0454 70.1846
    endloop
  endfacet
  facet normal 1 0 0
    outer loop
      vertex 37.1 22.8268 76.1914
      vertex 37.1 9.44366 70.3294
      vertex 37.1 9.74904 70.2687
    endloop
  endfacet
  facet normal 1 0 0
    outer loop
      vertex 37.1 22.8268 76.1914
      vertex 37.1 9.13226 70.3661
      vertex 37.1 9.44366 70.3294
    endloop
  endfacet
  facet normal 1 0 0
    outer loop
      vertex 37.1 22.8268 76.1914
      vertex 37.1 8.81783 70.3783
      vertex 37.1 9.13226 70.3661
    endloop
  endfacet
  facet normal 1 0 0
    outer loop
      vertex 37.1 22.8268 76.1914
      vertex 37.1 8.5034 70.3661
      vertex 37.1 8.81783 70.3783
    endloop
  endfacet
  facet normal 1 0 0
    outer loop
      vertex 37.1 22.8268 76.1914
      vertex 37.1 8.192 70.3294
      vertex 37.1 8.5034 70.3661
    endloop
  endfacet
  facet normal 1 0 0
    outer loop
      vertex 37.1 22.8268 76.1914
      vertex 37.1 7.88663 70.2687
      vertex 37.1 8.192 70.3294
    endloop
  endfacet
  facet normal 1 -0 0
    outer loop
      vertex 37.1 -25.1305 76.1914
      vertex 37.1 7.88663 70.2687
      vertex 37.1 22.8268 76.1914
    endloop
  endfacet
  facet normal 1 0 0
    outer loop
      vertex 37.1 7.88663 70.2687
      vertex 37.1 -25.1305 76.1914
      vertex 37.1 7.59022 70.1846
    endloop
  endfacet
  facet normal 1 0 0
    outer loop
      vertex 37.1 5.62538 38.3495
      vertex 37.1 -25.9914 75.3305
      vertex 37.1 5.60993 38.1
    endloop
  endfacet
  facet normal 1 0 0
    outer loop
      vertex 37.1 5.67157 67.3368
      vertex 37.1 -25.1305 76.1914
      vertex 37.1 -25.9914 75.3305
    endloop
  endfacet
  facet normal 1 0 0
    outer loop
      vertex 37.1 5.62538 68.0828
      vertex 37.1 -25.1305 76.1914
      vertex 37.1 5.60993 67.8333
    endloop
  endfacet
  facet normal 1 0 0
    outer loop
      vertex 37.1 5.67157 68.3298
      vertex 37.1 -25.1305 76.1914
      vertex 37.1 5.62538 68.0828
    endloop
  endfacet
  facet normal 1 0 0
    outer loop
      vertex 37.1 5.74806 68.5721
      vertex 37.1 -25.1305 76.1914
      vertex 37.1 5.67157 68.3298
    endloop
  endfacet
  facet normal 1 0 0
    outer loop
      vertex 37.1 5.85412 68.8073
      vertex 37.1 -25.1305 76.1914
      vertex 37.1 5.74806 68.5721
    endloop
  endfacet
  facet normal 1 0 0
    outer loop
      vertex 37.1 5.98871 69.033
      vertex 37.1 -25.1305 76.1914
      vertex 37.1 5.85412 68.8073
    endloop
  endfacet
  facet normal 1 0 0
    outer loop
      vertex 37.1 6.15056 69.2473
      vertex 37.1 -25.1305 76.1914
      vertex 37.1 5.98871 69.033
    endloop
  endfacet
  facet normal 1 0 0
    outer loop
      vertex 37.1 6.33809 69.4479
      vertex 37.1 -25.1305 76.1914
      vertex 37.1 6.15056 69.2473
    endloop
  endfacet
  facet normal 1 0 0
    outer loop
      vertex 37.1 6.5495 69.6329
      vertex 37.1 -25.1305 76.1914
      vertex 37.1 6.33809 69.4479
    endloop
  endfacet
  facet normal 1 0 0
    outer loop
      vertex 37.1 6.78276 69.8006
      vertex 37.1 -25.1305 76.1914
      vertex 37.1 6.5495 69.6329
    endloop
  endfacet
  facet normal 1 0 0
    outer loop
      vertex 37.1 7.03562 69.9494
      vertex 37.1 -25.1305 76.1914
      vertex 37.1 6.78276 69.8006
    endloop
  endfacet
  facet normal 1 0 0
    outer loop
      vertex 37.1 7.30564 70.0778
      vertex 37.1 -25.1305 76.1914
      vertex 37.1 7.03562 69.9494
    endloop
  endfacet
  facet normal 1 0 0
    outer loop
      vertex 37.1 7.59022 70.1846
      vertex 37.1 -25.1305 76.1914
      vertex 37.1 7.30564 70.0778
    endloop
  endfacet
  facet normal 1 0 0
    outer loop
      vertex 37.1 22.8268 76.1914
      vertex 37.1 12.0257 38.1
      vertex 37.1 22.8268 0.00855598
    endloop
  endfacet
  facet normal 1 -0 0
    outer loop
      vertex 37.1 12.0103 37.8505
      vertex 37.1 22.8268 0.00855598
      vertex 37.1 12.0257 38.1
    endloop
  endfacet
  facet normal 1 -0 0
    outer loop
      vertex 37.1 12.0103 8.11721
      vertex 37.1 22.8268 0.00855598
      vertex 37.1 12.0257 8.36667
    endloop
  endfacet
  facet normal 1 -0 0
    outer loop
      vertex 37.1 11.9641 7.87016
      vertex 37.1 22.8268 0.00855598
      vertex 37.1 12.0103 8.11721
    endloop
  endfacet
  facet normal 1 -0 0
    outer loop
      vertex 37.1 11.8876 7.62789
      vertex 37.1 22.8268 0.00855598
      vertex 37.1 11.9641 7.87016
    endloop
  endfacet
  facet normal 1 -0 0
    outer loop
      vertex 37.1 11.7815 7.39274
      vertex 37.1 22.8268 0.00855598
      vertex 37.1 11.8876 7.62789
    endloop
  endfacet
  facet normal 1 -0 0
    outer loop
      vertex 37.1 11.6469 7.16696
      vertex 37.1 22.8268 0.00855598
      vertex 37.1 11.7815 7.39274
    endloop
  endfacet
  facet normal 1 -0 0
    outer loop
      vertex 37.1 11.4851 6.95274
      vertex 37.1 22.8268 0.00855598
      vertex 37.1 11.6469 7.16696
    endloop
  endfacet
  facet normal 1 -0 0
    outer loop
      vertex 37.1 11.2976 6.75214
      vertex 37.1 22.8268 0.00855598
      vertex 37.1 11.4851 6.95274
    endloop
  endfacet
  facet normal 1 -0 0
    outer loop
      vertex 37.1 11.0862 6.56708
      vertex 37.1 22.8268 0.00855598
      vertex 37.1 11.2976 6.75214
    endloop
  endfacet
  facet normal 1 -0 0
    outer loop
      vertex 37.1 10.8529 6.39936
      vertex 37.1 22.8268 0.00855598
      vertex 37.1 11.0862 6.56708
    endloop
  endfacet
  facet normal 1 -0 0
    outer loop
      vertex 37.1 10.6 6.25058
      vertex 37.1 22.8268 0.00855598
      vertex 37.1 10.8529 6.39936
    endloop
  endfacet
  facet normal 1 -0 0
    outer loop
      vertex 37.1 10.33 6.12218
      vertex 37.1 22.8268 0.00855598
      vertex 37.1 10.6 6.25058
    endloop
  endfacet
  facet normal 1 -0 0
    outer loop
      vertex 37.1 10.0454 6.01539
      vertex 37.1 22.8268 0.00855598
      vertex 37.1 10.33 6.12218
    endloop
  endfacet
  facet normal 1 -0 0
    outer loop
      vertex 37.1 9.74904 5.93125
      vertex 37.1 22.8268 0.00855598
      vertex 37.1 10.0454 6.01539
    endloop
  endfacet
  facet normal 1 -0 0
    outer loop
      vertex 37.1 9.44366 5.87057
      vertex 37.1 22.8268 0.00855598
      vertex 37.1 9.74904 5.93125
    endloop
  endfacet
  facet normal 1 -0 0
    outer loop
      vertex 37.1 9.13226 5.83392
      vertex 37.1 22.8268 0.00855598
      vertex 37.1 9.44366 5.87057
    endloop
  endfacet
  facet normal 1 -0 0
    outer loop
      vertex 37.1 8.81783 5.82167
      vertex 37.1 22.8268 0.00855598
      vertex 37.1 9.13226 5.83392
    endloop
  endfacet
  facet normal 1 0 0
    outer loop
      vertex 37.1 8.5034 5.83392
      vertex 37.1 22.8268 0.00855598
      vertex 37.1 8.81783 5.82167
    endloop
  endfacet
  facet normal 1 0 0
    outer loop
      vertex 37.1 8.192 5.87057
      vertex 37.1 22.8268 0.00855598
      vertex 37.1 8.5034 5.83392
    endloop
  endfacet
  facet normal 1 0 0
    outer loop
      vertex 37.1 7.88663 5.93125
      vertex 37.1 22.8268 0.00855598
      vertex 37.1 8.192 5.87057
    endloop
  endfacet
  facet normal 1 0 0
    outer loop
      vertex 37.1 -25.1305 0.00855598
      vertex 37.1 7.88663 5.93125
      vertex 37.1 7.59022 6.01539
    endloop
  endfacet
  facet normal 1 0 0
    outer loop
      vertex 37.1 -25.1305 0.00855598
      vertex 37.1 7.59022 6.01539
      vertex 37.1 7.30564 6.12218
    endloop
  endfacet
  facet normal 1 0 0
    outer loop
      vertex 37.1 -25.9914 0.869475
      vertex 37.1 5.60993 38.1
      vertex 37.1 -25.9914 75.3305
    endloop
  endfacet
  facet normal 1 0 0
    outer loop
      vertex 37.1 5.67157 8.86317
      vertex 37.1 -25.1305 0.00855598
      vertex 37.1 5.62538 8.61612
    endloop
  endfacet
  facet normal 1 0 0
    outer loop
      vertex 37.1 5.62538 8.61612
      vertex 37.1 -25.1305 0.00855598
      vertex 37.1 5.60993 8.36667
    endloop
  endfacet
  facet normal 1 0 0
    outer loop
      vertex 37.1 7.88663 5.93125
      vertex 37.1 -25.1305 0.00855598
      vertex 37.1 22.8268 0.00855598
    endloop
  endfacet
  facet normal 1 0 0
    outer loop
      vertex 37.1 7.03562 6.25058
      vertex 37.1 -25.1305 0.00855598
      vertex 37.1 7.30564 6.12218
    endloop
  endfacet
  facet normal 1 0 0
    outer loop
      vertex 37.1 6.78276 6.39936
      vertex 37.1 -25.1305 0.00855598
      vertex 37.1 7.03562 6.25058
    endloop
  endfacet
  facet normal 1 0 0
    outer loop
      vertex 37.1 6.5495 6.56708
      vertex 37.1 -25.1305 0.00855598
      vertex 37.1 6.78276 6.39936
    endloop
  endfacet
  facet normal 1 0 0
    outer loop
      vertex 37.1 6.33809 6.75214
      vertex 37.1 -25.1305 0.00855598
      vertex 37.1 6.5495 6.56708
    endloop
  endfacet
  facet normal 1 0 0
    outer loop
      vertex 37.1 6.15056 6.95274
      vertex 37.1 -25.1305 0.00855598
      vertex 37.1 6.33809 6.75214
    endloop
  endfacet
  facet normal 1 0 0
    outer loop
      vertex 37.1 5.98871 7.16696
      vertex 37.1 -25.1305 0.00855598
      vertex 37.1 6.15056 6.95274
    endloop
  endfacet
  facet normal 1 0 0
    outer loop
      vertex 37.1 5.85412 7.39274
      vertex 37.1 -25.1305 0.00855598
      vertex 37.1 5.98871 7.16696
    endloop
  endfacet
  facet normal 1 0 0
    outer loop
      vertex 37.1 5.74806 7.62789
      vertex 37.1 -25.1305 0.00855598
      vertex 37.1 5.85412 7.39274
    endloop
  endfacet
  facet normal 1 0 0
    outer loop
      vertex 37.1 5.60993 8.36667
      vertex 37.1 -25.1305 0.00855598
      vertex 37.1 5.62538 8.11721
    endloop
  endfacet
  facet normal 1 0 0
    outer loop
      vertex 37.1 -25.9914 75.3305
      vertex 37.1 -25.1305 76.1914
      vertex 37.1 -25.3827 76.1239
    endloop
  endfacet
  facet normal 1 0 0
    outer loop
      vertex 37.1 5.62538 8.11721
      vertex 37.1 -25.1305 0.00855598
      vertex 37.1 5.67157 7.87016
    endloop
  endfacet
  facet normal 1 0 0
    outer loop
      vertex 37.1 -25.9914 75.3305
      vertex 37.1 -25.3827 76.1239
      vertex 37.1 -25.6088 75.9934
    endloop
  endfacet
  facet normal 1 0 0
    outer loop
      vertex 37.1 5.67157 7.87016
      vertex 37.1 -25.1305 0.00855598
      vertex 37.1 5.74806 7.62789
    endloop
  endfacet
  facet normal 1 0 0
    outer loop
      vertex 37.1 -25.9914 75.3305
      vertex 37.1 -25.6088 75.9934
      vertex 37.1 -25.7934 75.8088
    endloop
  endfacet
  facet normal 1 0 0
    outer loop
      vertex 37.1 -25.1305 0.00855598
      vertex 37.1 -25.9914 0.869475
      vertex 37.1 -25.3827 0.0761219
    endloop
  endfacet
  facet normal 1 0 0
    outer loop
      vertex 37.1 -25.9914 75.3305
      vertex 37.1 -25.7934 75.8088
      vertex 37.1 -25.9239 75.5827
    endloop
  endfacet
  facet normal 1 0 0
    outer loop
      vertex 37.1 -25.3827 0.0761219
      vertex 37.1 -25.9914 0.869475
      vertex 37.1 -25.6088 0.206647
    endloop
  endfacet
  facet normal 1 0 0
    outer loop
      vertex 37.1 -25.6088 0.206647
      vertex 37.1 -25.9914 0.869475
      vertex 37.1 -25.7934 0.39124
    endloop
  endfacet
  facet normal 1 0 0
    outer loop
      vertex 37.1 -25.7934 0.39124
      vertex 37.1 -25.9914 0.869475
      vertex 37.1 -25.9239 0.617318
    endloop
  endfacet
  facet normal 1 0 0
    outer loop
      vertex 37.1 71.8186 75.9934
      vertex 37.1 72.2243 75.3305
      vertex 37.1 72.1526 75.5827
    endloop
  endfacet
  facet normal 1 0 0
    outer loop
      vertex 37.1 72.2243 75.3305
      vertex 37.1 64.5929 56.65
      vertex 37.1 72.2243 37.9695
    endloop
  endfacet
  facet normal 1 0 0
    outer loop
      vertex 37.1 71.8186 75.9934
      vertex 37.1 72.1526 75.5827
      vertex 37.1 72.0143 75.8088
    endloop
  endfacet
  facet normal 1 -0 0
    outer loop
      vertex 37.1 64.549 56.211
      vertex 37.1 72.2243 37.9695
      vertex 37.1 64.5929 56.65
    endloop
  endfacet
  facet normal 1 0 0
    outer loop
      vertex 37.1 72.2243 75.3305
      vertex 37.1 71.8186 75.9934
      vertex 37.1 71.5789 76.1239
    endloop
  endfacet
  facet normal 1 -0 0
    outer loop
      vertex 37.1 64.419 55.789
      vertex 37.1 72.2243 37.9695
      vertex 37.1 64.549 56.211
    endloop
  endfacet
  facet normal 1 0 0
    outer loop
      vertex 37.1 72.2243 75.3305
      vertex 37.1 71.5789 76.1239
      vertex 37.1 71.3116 76.1914
    endloop
  endfacet
  facet normal 1 -0 0
    outer loop
      vertex 37.1 64.2078 55.4
      vertex 37.1 72.2243 37.9695
      vertex 37.1 64.419 55.789
    endloop
  endfacet
  facet normal 1 0 0
    outer loop
      vertex 37.1 62.7539 58.8568
      vertex 37.1 72.2243 75.3305
      vertex 37.1 71.3116 76.1914
    endloop
  endfacet
  facet normal 1 -0 0
    outer loop
      vertex 37.1 63.9237 55.059
      vertex 37.1 72.2243 37.9695
      vertex 37.1 64.2078 55.4
    endloop
  endfacet
  facet normal 1 -0 0
    outer loop
      vertex 37.1 63.5883 54.7879
      vertex 37.1 72.2243 37.9695
      vertex 37.1 63.9237 55.059
    endloop
  endfacet
  facet normal 1 0 0
    outer loop
      vertex 37.1 72.2243 75.3305
      vertex 37.1 64.549 57.089
      vertex 37.1 64.5929 56.65
    endloop
  endfacet
  facet normal 1 0 0
    outer loop
      vertex 37.1 72.2243 75.3305
      vertex 37.1 64.419 57.511
      vertex 37.1 64.549 57.089
    endloop
  endfacet
  facet normal 1 0 0
    outer loop
      vertex 37.1 72.2243 75.3305
      vertex 37.1 64.2078 57.9
      vertex 37.1 64.419 57.511
    endloop
  endfacet
  facet normal 1 0 0
    outer loop
      vertex 37.1 72.2243 75.3305
      vertex 37.1 63.9237 58.241
      vertex 37.1 64.2078 57.9
    endloop
  endfacet
  facet normal 1 0 0
    outer loop
      vertex 37.1 72.2243 75.3305
      vertex 37.1 63.5883 58.5121
      vertex 37.1 63.9237 58.241
    endloop
  endfacet
  facet normal 1 0 0
    outer loop
      vertex 37.1 72.2243 75.3305
      vertex 37.1 63.5775 58.5208
      vertex 37.1 63.5883 58.5121
    endloop
  endfacet
  facet normal 1 0 0
    outer loop
      vertex 37.1 72.2243 75.3305
      vertex 37.1 63.5651 58.5273
      vertex 37.1 63.5775 58.5208
    endloop
  endfacet
  facet normal 1 0 0
    outer loop
      vertex 37.1 72.2243 75.3305
      vertex 37.1 63.1825 58.7287
      vertex 37.1 63.5651 58.5273
    endloop
  endfacet
  facet normal 1 0 0
    outer loop
      vertex 37.1 72.2243 75.3305
      vertex 37.1 62.7695 58.8521
      vertex 37.1 63.1825 58.7287
    endloop
  endfacet
  facet normal 1 0 0
    outer loop
      vertex 37.1 72.2243 75.3305
      vertex 37.1 62.7539 58.8568
      vertex 37.1 62.7695 58.8521
    endloop
  endfacet
  facet normal 1 0 0
    outer loop
      vertex 37.1 71.3116 76.1914
      vertex 37.1 62.7376 58.8583
      vertex 37.1 62.7539 58.8568
    endloop
  endfacet
  facet normal 1 0 0
    outer loop
      vertex 37.1 71.3116 76.1914
      vertex 37.1 62.3082 58.9
      vertex 37.1 62.7376 58.8583
    endloop
  endfacet
  facet normal 1 -0 0
    outer loop
      vertex 37.1 54.8268 76.1914
      vertex 37.1 62.3082 58.9
      vertex 37.1 71.3116 76.1914
    endloop
  endfacet
  facet normal 1 0 0
    outer loop
      vertex 37.1 62.3082 58.9
      vertex 37.1 54.8268 76.1914
      vertex 37.1 61.8624 58.8568
    endloop
  endfacet
  facet normal 1 0 0
    outer loop
      vertex 37.1 61.8624 58.8568
      vertex 37.1 54.8268 76.1914
      vertex 37.1 61.4339 58.7287
    endloop
  endfacet
  facet normal 1 0 0
    outer loop
      vertex 37.1 61.4339 58.7287
      vertex 37.1 54.8268 76.1914
      vertex 37.1 61.0389 58.5208
    endloop
  endfacet
  facet normal 1 0 0
    outer loop
      vertex 37.1 61.0389 58.5208
      vertex 37.1 54.8268 76.1914
      vertex 37.1 60.6926 58.241
    endloop
  endfacet
  facet normal 1 0 0
    outer loop
      vertex 37.1 60.0674 57.089
      vertex 37.1 54.8268 76.1914
      vertex 37.1 60.0235 56.65
    endloop
  endfacet
  facet normal 1 0 0
    outer loop
      vertex 37.1 60.0743 57.1114
      vertex 37.1 54.8268 76.1914
      vertex 37.1 60.0674 57.089
    endloop
  endfacet
  facet normal 1 0 0
    outer loop
      vertex 37.1 60.1974 57.511
      vertex 37.1 54.8268 76.1914
      vertex 37.1 60.0743 57.1114
    endloop
  endfacet
  facet normal 1 0 0
    outer loop
      vertex 37.1 60.3977 57.8801
      vertex 37.1 54.8268 76.1914
      vertex 37.1 60.1974 57.511
    endloop
  endfacet
  facet normal 1 0 0
    outer loop
      vertex 37.1 60.4085 57.9
      vertex 37.1 54.8268 76.1914
      vertex 37.1 60.3977 57.8801
    endloop
  endfacet
  facet normal 1 0 0
    outer loop
      vertex 37.1 60.6926 58.241
      vertex 37.1 54.8268 76.1914
      vertex 37.1 60.4085 57.9
    endloop
  endfacet
  facet normal 1 -0 0
    outer loop
      vertex 37.1 63.5775 54.7792
      vertex 37.1 72.2243 37.9695
      vertex 37.1 63.5883 54.7879
    endloop
  endfacet
  facet normal 1 -0 0
    outer loop
      vertex 37.1 63.5651 54.7727
      vertex 37.1 72.2243 37.9695
      vertex 37.1 63.5775 54.7792
    endloop
  endfacet
  facet normal 1 -0 0
    outer loop
      vertex 37.1 63.1825 54.5713
      vertex 37.1 72.2243 37.9695
      vertex 37.1 63.5651 54.7727
    endloop
  endfacet
  facet normal 1 -0 0
    outer loop
      vertex 37.1 62.7695 54.4479
      vertex 37.1 72.2243 37.9695
      vertex 37.1 63.1825 54.5713
    endloop
  endfacet
  facet normal 1 0 0
    outer loop
      vertex 37.1 72.1526 37.7173
      vertex 37.1 71.8186 37.3066
      vertex 37.1 72.0143 37.4912
    endloop
  endfacet
  facet normal 1 0 0
    outer loop
      vertex 37.1 72.2243 37.9695
      vertex 37.1 71.8186 37.3066
      vertex 37.1 72.1526 37.7173
    endloop
  endfacet
  facet normal 1 0 -0
    outer loop
      vertex 37.1 71.5789 37.1761
      vertex 37.1 72.2243 37.9695
      vertex 37.1 71.3116 37.1086
    endloop
  endfacet
  facet normal 1 0 -0
    outer loop
      vertex 37.1 71.8186 37.3066
      vertex 37.1 72.2243 37.9695
      vertex 37.1 71.5789 37.1761
    endloop
  endfacet
  facet normal 1 0 0
    outer loop
      vertex 37.1 60.3481 37.1086
      vertex 37.1 72.2243 37.9695
      vertex 37.1 62.7695 54.4479
    endloop
  endfacet
  facet normal 1 0 0
    outer loop
      vertex 37.1 60.3481 37.1086
      vertex 37.1 62.7695 54.4479
      vertex 37.1 62.7539 54.4432
    endloop
  endfacet
  facet normal 1 0 0
    outer loop
      vertex 37.1 60.3481 37.1086
      vertex 37.1 62.7539 54.4432
      vertex 37.1 62.7376 54.4417
    endloop
  endfacet
  facet normal 1 0 0
    outer loop
      vertex 37.1 60.3481 37.1086
      vertex 37.1 62.7376 54.4417
      vertex 37.1 62.3082 54.4
    endloop
  endfacet
  facet normal 1 0 0
    outer loop
      vertex 37.1 60.3481 37.1086
      vertex 37.1 62.3082 54.4
      vertex 37.1 61.8624 54.4432
    endloop
  endfacet
  facet normal 1 0 0
    outer loop
      vertex 37.1 60.3481 37.1086
      vertex 37.1 61.8624 54.4432
      vertex 37.1 61.4339 54.5713
    endloop
  endfacet
  facet normal 1 0 0
    outer loop
      vertex 37.1 60.3481 37.1086
      vertex 37.1 61.4339 54.5713
      vertex 37.1 61.0389 54.7792
    endloop
  endfacet
  facet normal 1 0 0
    outer loop
      vertex 37.1 60.3481 37.1086
      vertex 37.1 61.0389 54.7792
      vertex 37.1 60.6926 55.059
    endloop
  endfacet
  facet normal 1 0 0
    outer loop
      vertex 37.1 60.3481 37.1086
      vertex 37.1 60.6926 55.059
      vertex 37.1 60.4085 55.4
    endloop
  endfacet
  facet normal 1 0 0
    outer loop
      vertex 37.1 72.2243 37.9695
      vertex 37.1 60.3481 37.1086
      vertex 37.1 71.3116 37.1086
    endloop
  endfacet
  facet normal 1 0 0
    outer loop
      vertex 37.1 54.8268 31.4295
      vertex 37.1 60.4085 55.4
      vertex 37.1 60.3977 55.4199
    endloop
  endfacet
  facet normal 1 0 0
    outer loop
      vertex 37.1 54.8268 31.4295
      vertex 37.1 60.3977 55.4199
      vertex 37.1 60.1974 55.789
    endloop
  endfacet
  facet normal 1 0 0
    outer loop
      vertex 37.1 54.8268 31.4295
      vertex 37.1 60.1974 55.789
      vertex 37.1 60.0743 56.1886
    endloop
  endfacet
  facet normal 1 0 0
    outer loop
      vertex 37.1 54.8268 31.4295
      vertex 37.1 60.0743 56.1886
      vertex 37.1 60.0674 56.211
    endloop
  endfacet
  facet normal 1 0 0
    outer loop
      vertex 37.1 54.8268 31.4295
      vertex 37.1 60.0674 56.211
      vertex 37.1 60.0235 56.65
    endloop
  endfacet
  facet normal 1 0 0
    outer loop
      vertex 37.1 54.8268 31.4295
      vertex 37.1 60.0235 56.65
      vertex 37.1 54.8268 76.1914
    endloop
  endfacet
  facet normal 1 0 0
    outer loop
      vertex 37.1 60.4085 55.4
      vertex 37.1 54.8268 31.4295
      vertex 37.1 60.3481 37.1086
    endloop
  endfacet
endsolid OpenSCAD_Model
