solid OpenSCAD_Model
  facet normal 0 0 1
    outer loop
      vertex -17.5723 2.50752 6
      vertex -18.2844 2.7139 6
      vertex -18.2776 2.47501 6
    endloop
  endfacet
  facet normal 0 0 1
    outer loop
      vertex -18.0799 4.02718 6
      vertex -18.3047 2.9272 6
      vertex -18.2844 2.7139 6
    endloop
  endfacet
  facet normal 0 0 1
    outer loop
      vertex -18.0799 4.02718 6
      vertex -18.3386 3.1149 6
      vertex -18.3047 2.9272 6
    endloop
  endfacet
  facet normal 0 0 1
    outer loop
      vertex -18.0799 4.02718 6
      vertex -18.3861 3.27701 6
      vertex -18.3386 3.1149 6
    endloop
  endfacet
  facet normal 0 0 1
    outer loop
      vertex -18.0799 4.02718 6
      vertex -18.4471 3.4135 6
      vertex -18.3861 3.27701 6
    endloop
  endfacet
  facet normal 0 0 1
    outer loop
      vertex -18.6168 3.61139 6
      vertex -18.2626 4.15744 6
      vertex -18.4731 4.25047 6
    endloop
  endfacet
  facet normal 0 0 1
    outer loop
      vertex -18.0799 4.02718 6
      vertex -18.5234 3.52481 6
      vertex -18.4471 3.4135 6
    endloop
  endfacet
  facet normal 0 0 1
    outer loop
      vertex -18.0799 4.02718 6
      vertex -18.6168 3.61139 6
      vertex -18.5234 3.52481 6
    endloop
  endfacet
  facet normal 0 0 1
    outer loop
      vertex -18.7272 3.67323 6
      vertex -18.4731 4.25047 6
      vertex -18.7114 4.30627 6
    endloop
  endfacet
  facet normal 0 0 1
    outer loop
      vertex -18.4731 4.25047 6
      vertex -18.7272 3.67323 6
      vertex -18.6168 3.61139 6
    endloop
  endfacet
  facet normal 0 0 1
    outer loop
      vertex -18.7114 4.30627 6
      vertex -18.8546 3.71034 6
      vertex -18.7272 3.67323 6
    endloop
  endfacet
  facet normal 0 0 1
    outer loop
      vertex -18.9774 4.32489 6
      vertex -18.8546 3.71034 6
      vertex -18.7114 4.30627 6
    endloop
  endfacet
  facet normal 0 0 1
    outer loop
      vertex -18.9774 4.32489 6
      vertex -18.9991 3.7227 6
      vertex -18.8546 3.71034 6
    endloop
  endfacet
  facet normal -0 0 1
    outer loop
      vertex -19.0964 4.32056 6
      vertex -18.9991 3.7227 6
      vertex -18.9774 4.32489 6
    endloop
  endfacet
  facet normal 0 0 1
    outer loop
      vertex -18.9991 3.7227 6
      vertex -19.0964 4.32056 6
      vertex -19.0739 3.7195 6
    endloop
  endfacet
  facet normal -0 0 1
    outer loop
      vertex -19.2124 4.30753 6
      vertex -19.0739 3.7195 6
      vertex -19.0964 4.32056 6
    endloop
  endfacet
  facet normal 0 0 1
    outer loop
      vertex -19.0739 3.7195 6
      vertex -19.2124 4.30753 6
      vertex -19.1443 3.7099 6
    endloop
  endfacet
  facet normal -0 0 1
    outer loop
      vertex -19.3255 4.28584 6
      vertex -19.1443 3.7099 6
      vertex -19.2124 4.30753 6
    endloop
  endfacet
  facet normal 0 0 1
    outer loop
      vertex -19.1443 3.7099 6
      vertex -19.3255 4.28584 6
      vertex -19.2102 3.69391 6
    endloop
  endfacet
  facet normal -0 0 1
    outer loop
      vertex -19.4357 4.25548 6
      vertex -19.2102 3.69391 6
      vertex -19.3255 4.28584 6
    endloop
  endfacet
  facet normal 0 0 1
    outer loop
      vertex -19.2102 3.69391 6
      vertex -19.4357 4.25548 6
      vertex -19.2717 3.67151 6
    endloop
  endfacet
  facet normal -0 0 1
    outer loop
      vertex -19.543 4.21643 6
      vertex -19.2717 3.67151 6
      vertex -19.4357 4.25548 6
    endloop
  endfacet
  facet normal 0 0 1
    outer loop
      vertex -19.2717 3.67151 6
      vertex -19.543 4.21643 6
      vertex -19.3287 3.6427 6
    endloop
  endfacet
  facet normal -0 0 1
    outer loop
      vertex -19.6461 4.16835 6
      vertex -19.3287 3.6427 6
      vertex -19.543 4.21643 6
    endloop
  endfacet
  facet normal 0 0 1
    outer loop
      vertex -19.3287 3.6427 6
      vertex -19.6461 4.16835 6
      vertex -19.3815 3.60771 6
    endloop
  endfacet
  facet normal -0 0 1
    outer loop
      vertex -19.7437 4.11095 6
      vertex -19.3815 3.60771 6
      vertex -19.6461 4.16835 6
    endloop
  endfacet
  facet normal 0 0 1
    outer loop
      vertex -19.3815 3.60771 6
      vertex -19.7437 4.11095 6
      vertex -19.4302 3.56674 6
    endloop
  endfacet
  facet normal -0 0 1
    outer loop
      vertex -19.8359 4.04422 6
      vertex -19.4302 3.56674 6
      vertex -19.7437 4.11095 6
    endloop
  endfacet
  facet normal -0 0 1
    outer loop
      vertex -19.9227 3.96817 6
      vertex -19.4302 3.56674 6
      vertex -19.8359 4.04422 6
    endloop
  endfacet
  facet normal 0 0 1
    outer loop
      vertex -19.4302 3.56674 6
      vertex -19.9227 3.96817 6
      vertex -19.475 3.51982 6
    endloop
  endfacet
  facet normal -0 0 1
    outer loop
      vertex -20.0041 3.88278 6
      vertex -19.475 3.51982 6
      vertex -19.9227 3.96817 6
    endloop
  endfacet
  facet normal 0 0 1
    outer loop
      vertex -19.475 3.51982 6
      vertex -20.0041 3.88278 6
      vertex -19.5157 3.46692 6
    endloop
  endfacet
  facet normal -0 0 1
    outer loop
      vertex -20.0794 3.78773 6
      vertex -19.5157 3.46692 6
      vertex -20.0041 3.88278 6
    endloop
  endfacet
  facet normal 0 0 1
    outer loop
      vertex -19.5157 3.46692 6
      vertex -20.0794 3.78773 6
      vertex -19.5525 3.40807 6
    endloop
  endfacet
  facet normal -0 0 1
    outer loop
      vertex -20.1479 3.68269 6
      vertex -19.5525 3.40807 6
      vertex -20.0794 3.78773 6
    endloop
  endfacet
  facet normal 0 0 1
    outer loop
      vertex -19.5525 3.40807 6
      vertex -20.1479 3.68269 6
      vertex -19.5853 3.34335 6
    endloop
  endfacet
  facet normal -0 0 1
    outer loop
      vertex -20.2098 3.56767 6
      vertex -19.5853 3.34335 6
      vertex -20.1479 3.68269 6
    endloop
  endfacet
  facet normal 0 0 1
    outer loop
      vertex -19.5853 3.34335 6
      vertex -20.2098 3.56767 6
      vertex -19.6145 3.27289 6
    endloop
  endfacet
  facet normal -0 0 1
    outer loop
      vertex -20.2649 3.44269 6
      vertex -19.6145 3.27289 6
      vertex -20.2098 3.56767 6
    endloop
  endfacet
  facet normal 0 0 1
    outer loop
      vertex -19.6145 3.27289 6
      vertex -20.2649 3.44269 6
      vertex -19.64 3.19667 6
    endloop
  endfacet
  facet normal -0 0 1
    outer loop
      vertex -20.3133 3.30771 6
      vertex -19.64 3.19667 6
      vertex -20.2649 3.44269 6
    endloop
  endfacet
  facet normal 0 0 1
    outer loop
      vertex -19.64 3.19667 6
      vertex -20.3133 3.30771 6
      vertex -19.6618 3.1147 6
    endloop
  endfacet
  facet normal 0 -0 1
    outer loop
      vertex -20.4118 2.13615 6
      vertex -19.7207 2.50752 6
      vertex -20.4259 2.47501 6
    endloop
  endfacet
  facet normal -0 0 1
    outer loop
      vertex -20.3538 3.16241 6
      vertex -19.6618 3.1147 6
      vertex -20.3133 3.30771 6
    endloop
  endfacet
  facet normal 0 0 1
    outer loop
      vertex -19.6618 3.1147 6
      vertex -20.3538 3.16241 6
      vertex -19.6799 3.02698 6
    endloop
  endfacet
  facet normal 0 -0 1
    outer loop
      vertex -20.3695 1.83136 6
      vertex -19.7207 2.50752 6
      vertex -20.4118 2.13615 6
    endloop
  endfacet
  facet normal 0 0 1
    outer loop
      vertex -19.6799 3.02698 6
      vertex -20.3538 3.16241 6
      vertex -19.6946 2.93372 6
    endloop
  endfacet
  facet normal -0 0 1
    outer loop
      vertex -20.3854 3.0065 6
      vertex -19.6946 2.93372 6
      vertex -20.3538 3.16241 6
    endloop
  endfacet
  facet normal 0 -0 1
    outer loop
      vertex -20.299 1.56065 6
      vertex -19.7207 2.50752 6
      vertex -20.3695 1.83136 6
    endloop
  endfacet
  facet normal 0 0 1
    outer loop
      vertex -19.6946 2.93372 6
      vertex -20.3854 3.0065 6
      vertex -19.706 2.83514 6
    endloop
  endfacet
  facet normal -0 0 1
    outer loop
      vertex -20.4079 2.83997 6
      vertex -19.706 2.83514 6
      vertex -20.3854 3.0065 6
    endloop
  endfacet
  facet normal 0 -0 1
    outer loop
      vertex -20.2002 1.32401 6
      vertex -19.7207 2.50752 6
      vertex -20.299 1.56065 6
    endloop
  endfacet
  facet normal 0 0 1
    outer loop
      vertex -19.706 2.83514 6
      vertex -20.4079 2.83997 6
      vertex -19.7141 2.73125 6
    endloop
  endfacet
  facet normal 0 0 1
    outer loop
      vertex -20.4214 2.66281 6
      vertex -19.7141 2.73125 6
      vertex -20.4079 2.83997 6
    endloop
  endfacet
  facet normal 0 -0 1
    outer loop
      vertex -20.0733 1.12144 6
      vertex -19.7207 2.50752 6
      vertex -20.2002 1.32401 6
    endloop
  endfacet
  facet normal 0 0 1
    outer loop
      vertex -19.7141 2.73125 6
      vertex -20.4214 2.66281 6
      vertex -19.719 2.62204 6
    endloop
  endfacet
  facet normal 0 0 1
    outer loop
      vertex -19.719 2.62204 6
      vertex -20.4214 2.66281 6
      vertex -19.7207 2.50752 6
    endloop
  endfacet
  facet normal 0 0 1
    outer loop
      vertex -19.7207 2.50752 6
      vertex -19.9183 0.954453 6
      vertex -19.7356 0.824585 6
    endloop
  endfacet
  facet normal 0 0 1
    outer loop
      vertex -19.7207 2.50752 6
      vertex -20.4214 2.66281 6
      vertex -20.4259 2.47501 6
    endloop
  endfacet
  facet normal 0 -0 1
    outer loop
      vertex -19.9183 0.954453 6
      vertex -19.7207 2.50752 6
      vertex -20.0733 1.12144 6
    endloop
  endfacet
  facet normal -0 0 1
    outer loop
      vertex -18.2844 2.7139 6
      vertex -17.5723 2.50752 6
      vertex -17.5864 2.84543 6
    endloop
  endfacet
  facet normal 0 0 1
    outer loop
      vertex -17.5723 2.50752 6
      vertex -18.2776 2.47501 6
      vertex -17.5768 2.31972 6
    endloop
  endfacet
  facet normal -0 0 1
    outer loop
      vertex -18.2792 2.36047 6
      vertex -17.5768 2.31972 6
      vertex -18.2776 2.47501 6
    endloop
  endfacet
  facet normal 0 0 1
    outer loop
      vertex -18.2844 2.7139 6
      vertex -17.5864 2.84543 6
      vertex -17.6288 3.14961 6
    endloop
  endfacet
  facet normal 0 0 1
    outer loop
      vertex -18.2841 2.25127 6
      vertex -17.5768 2.31972 6
      vertex -18.2792 2.36047 6
    endloop
  endfacet
  facet normal 0 0 1
    outer loop
      vertex -17.5768 2.31972 6
      vertex -18.2841 2.25127 6
      vertex -17.5903 2.14255 6
    endloop
  endfacet
  facet normal 0 0 1
    outer loop
      vertex -18.2844 2.7139 6
      vertex -17.6288 3.14961 6
      vertex -17.6993 3.42006 6
    endloop
  endfacet
  facet normal -0 0 1
    outer loop
      vertex -18.2922 2.14738 6
      vertex -17.5903 2.14255 6
      vertex -18.2841 2.25127 6
    endloop
  endfacet
  facet normal 0 0 1
    outer loop
      vertex -17.5903 2.14255 6
      vertex -18.2922 2.14738 6
      vertex -17.6129 1.976 6
    endloop
  endfacet
  facet normal 0 0 1
    outer loop
      vertex -18.2844 2.7139 6
      vertex -17.6993 3.42006 6
      vertex -17.798 3.65675 6
    endloop
  endfacet
  facet normal -0 0 1
    outer loop
      vertex -18.3036 2.04881 6
      vertex -17.6129 1.976 6
      vertex -18.2922 2.14738 6
    endloop
  endfacet
  facet normal 0 0 1
    outer loop
      vertex -17.6129 1.976 6
      vertex -18.3036 2.04881 6
      vertex -17.6444 1.82008 6
    endloop
  endfacet
  facet normal 0 0 1
    outer loop
      vertex -18.2844 2.7139 6
      vertex -17.798 3.65675 6
      vertex -17.9249 3.85971 6
    endloop
  endfacet
  facet normal -0 0 1
    outer loop
      vertex -18.3183 1.95557 6
      vertex -17.6444 1.82008 6
      vertex -18.3036 2.04881 6
    endloop
  endfacet
  facet normal -0 0 1
    outer loop
      vertex -18.3364 1.86783 6
      vertex -17.6444 1.82008 6
      vertex -18.3183 1.95557 6
    endloop
  endfacet
  facet normal 0 0 1
    outer loop
      vertex -18.2844 2.7139 6
      vertex -17.9249 3.85971 6
      vertex -18.0799 4.02718 6
    endloop
  endfacet
  facet normal 0 0 1
    outer loop
      vertex -17.6444 1.82008 6
      vertex -18.3364 1.86783 6
      vertex -17.6849 1.6748 6
    endloop
  endfacet
  facet normal 0 0 1
    outer loop
      vertex -17.6849 1.6748 6
      vertex -18.3584 1.78586 6
      vertex -17.7333 1.53983 6
    endloop
  endfacet
  facet normal 0 0 1
    outer loop
      vertex -18.6168 3.61139 6
      vertex -18.0799 4.02718 6
      vertex -18.2626 4.15744 6
    endloop
  endfacet
  facet normal -0 0 1
    outer loop
      vertex -18.3584 1.78586 6
      vertex -17.6849 1.6748 6
      vertex -18.3364 1.86783 6
    endloop
  endfacet
  facet normal -0 0 1
    outer loop
      vertex -18.3842 1.70963 6
      vertex -17.7333 1.53983 6
      vertex -18.3584 1.78586 6
    endloop
  endfacet
  facet normal 0 0 1
    outer loop
      vertex -17.7333 1.53983 6
      vertex -18.3842 1.70963 6
      vertex -17.7884 1.41483 6
    endloop
  endfacet
  facet normal -0 0 1
    outer loop
      vertex -18.4138 1.63916 6
      vertex -17.7884 1.41483 6
      vertex -18.3842 1.70963 6
    endloop
  endfacet
  facet normal 0 0 1
    outer loop
      vertex -17.7884 1.41483 6
      vertex -18.4138 1.63916 6
      vertex -17.8503 1.29982 6
    endloop
  endfacet
  facet normal -0 0 1
    outer loop
      vertex -18.4471 1.57443 6
      vertex -17.8503 1.29982 6
      vertex -18.4138 1.63916 6
    endloop
  endfacet
  facet normal 0 0 1
    outer loop
      vertex -17.8503 1.29982 6
      vertex -18.4471 1.57443 6
      vertex -17.9188 1.19479 6
    endloop
  endfacet
  facet normal -0 0 1
    outer loop
      vertex -18.4843 1.51556 6
      vertex -17.9188 1.19479 6
      vertex -18.4471 1.57443 6
    endloop
  endfacet
  facet normal 0 0 1
    outer loop
      vertex -17.9188 1.19479 6
      vertex -18.4843 1.51556 6
      vertex -17.9941 1.09976 6
    endloop
  endfacet
  facet normal -0 0 1
    outer loop
      vertex -18.5253 1.46268 6
      vertex -17.9941 1.09976 6
      vertex -18.4843 1.51556 6
    endloop
  endfacet
  facet normal 0 0 1
    outer loop
      vertex -17.9941 1.09976 6
      vertex -18.5253 1.46268 6
      vertex -18.0755 1.01436 6
    endloop
  endfacet
  facet normal -0 0 1
    outer loop
      vertex -18.57 1.41574 6
      vertex -18.0755 1.01436 6
      vertex -18.5253 1.46268 6
    endloop
  endfacet
  facet normal 0 0 1
    outer loop
      vertex -18.0755 1.01436 6
      vertex -18.57 1.41574 6
      vertex -18.1623 0.938293 6
    endloop
  endfacet
  facet normal 0 0 1
    outer loop
      vertex -18.1623 0.938293 6
      vertex -18.57 1.41574 6
      vertex -18.2545 0.871567 6
    endloop
  endfacet
  facet normal -0 0 1
    outer loop
      vertex -18.6186 1.37479 6
      vertex -18.2545 0.871567 6
      vertex -18.57 1.41574 6
    endloop
  endfacet
  facet normal 0 0 1
    outer loop
      vertex -18.2545 0.871567 6
      vertex -18.6186 1.37479 6
      vertex -18.3522 0.814178 6
    endloop
  endfacet
  facet normal -0 0 1
    outer loop
      vertex -18.6709 1.3398 6
      vertex -18.3522 0.814178 6
      vertex -18.6186 1.37479 6
    endloop
  endfacet
  facet normal 0 0 1
    outer loop
      vertex -18.3522 0.814178 6
      vertex -18.6709 1.3398 6
      vertex -18.4553 0.766113 6
    endloop
  endfacet
  facet normal -0 0 1
    outer loop
      vertex -18.7274 1.311 6
      vertex -18.4553 0.766113 6
      vertex -18.6709 1.3398 6
    endloop
  endfacet
  facet normal 0 0 1
    outer loop
      vertex -18.4553 0.766113 6
      vertex -18.7274 1.311 6
      vertex -18.5625 0.727051 6
    endloop
  endfacet
  facet normal -0 0 1
    outer loop
      vertex -18.7885 1.2886 6
      vertex -18.5625 0.727051 6
      vertex -18.7274 1.311 6
    endloop
  endfacet
  facet normal 0 0 1
    outer loop
      vertex -18.5625 0.727051 6
      vertex -18.7885 1.2886 6
      vertex -18.6727 0.696671 6
    endloop
  endfacet
  facet normal -0 0 1
    outer loop
      vertex -18.8542 1.2726 6
      vertex -18.6727 0.696671 6
      vertex -18.7885 1.2886 6
    endloop
  endfacet
  facet normal 0 0 1
    outer loop
      vertex -18.6727 0.696671 6
      vertex -18.8542 1.2726 6
      vertex -18.7858 0.674957 6
    endloop
  endfacet
  facet normal -0 0 1
    outer loop
      vertex -18.9243 1.263 6
      vertex -18.7858 0.674957 6
      vertex -18.8542 1.2726 6
    endloop
  endfacet
  facet normal 0 0 1
    outer loop
      vertex -18.7858 0.674957 6
      vertex -18.9243 1.263 6
      vertex -18.9019 0.661942 6
    endloop
  endfacet
  facet normal -0 0 1
    outer loop
      vertex -18.9991 1.2598 6
      vertex -18.9019 0.661942 6
      vertex -18.9243 1.263 6
    endloop
  endfacet
  facet normal 0 0 1
    outer loop
      vertex -18.9991 1.2598 6
      vertex -19.0208 0.657593 6
      vertex -18.9019 0.661942 6
    endloop
  endfacet
  facet normal 0 0 1
    outer loop
      vertex -19.1445 1.27217 6
      vertex -19.0208 0.657593 6
      vertex -18.9991 1.2598 6
    endloop
  endfacet
  facet normal 0 0 1
    outer loop
      vertex -19.2869 0.676147 6
      vertex -19.1445 1.27217 6
      vertex -19.2725 1.30928 6
    endloop
  endfacet
  facet normal 0 0 1
    outer loop
      vertex -19.1445 1.27217 6
      vertex -19.2869 0.676147 6
      vertex -19.0208 0.657593 6
    endloop
  endfacet
  facet normal 0 0 1
    outer loop
      vertex -19.5251 0.731812 6
      vertex -19.2725 1.30928 6
      vertex -19.3832 1.37112 6
    endloop
  endfacet
  facet normal 0 0 1
    outer loop
      vertex -19.7356 0.824585 6
      vertex -19.3832 1.37112 6
      vertex -19.4765 1.45772 6
    endloop
  endfacet
  facet normal 0 0 1
    outer loop
      vertex -19.2725 1.30928 6
      vertex -19.5251 0.731812 6
      vertex -19.2869 0.676147 6
    endloop
  endfacet
  facet normal 0 0 1
    outer loop
      vertex -19.7356 0.824585 6
      vertex -19.4765 1.45772 6
      vertex -19.5525 1.56905 6
    endloop
  endfacet
  facet normal 0 0 1
    outer loop
      vertex -19.7356 0.824585 6
      vertex -19.5525 1.56905 6
      vertex -19.613 1.70552 6
    endloop
  endfacet
  facet normal 0 0 1
    outer loop
      vertex -19.7356 0.824585 6
      vertex -19.613 1.70552 6
      vertex -19.6601 1.86761 6
    endloop
  endfacet
  facet normal 0 0 1
    outer loop
      vertex -19.7356 0.824585 6
      vertex -19.6601 1.86761 6
      vertex -19.6937 2.05531 6
    endloop
  endfacet
  facet normal 0 0 1
    outer loop
      vertex -19.3832 1.37112 6
      vertex -19.7356 0.824585 6
      vertex -19.5251 0.731812 6
    endloop
  endfacet
  facet normal 0 0 1
    outer loop
      vertex -19.7139 2.26862 6
      vertex -19.7356 0.824585 6
      vertex -19.6937 2.05531 6
    endloop
  endfacet
  facet normal 0 0 1
    outer loop
      vertex -19.7356 0.824585 6
      vertex -19.7139 2.26862 6
      vertex -19.7207 2.50752 6
    endloop
  endfacet
  facet normal 0 0 1
    outer loop
      vertex -14.3773 4.2625 6
      vertex -15.0445 3.70375 6
      vertex -14.3773 0.717285 6
    endloop
  endfacet
  facet normal -0 0 1
    outer loop
      vertex -15.2778 4.2625 6
      vertex -15.0445 3.70375 6
      vertex -14.3773 4.2625 6
    endloop
  endfacet
  facet normal 0 0 1
    outer loop
      vertex -15.2778 4.2625 6
      vertex -15.3375 3.70375 6
      vertex -15.0445 3.70375 6
    endloop
  endfacet
  facet normal -0 0 1
    outer loop
      vertex -15.4602 4.25735 6
      vertex -15.3375 3.70375 6
      vertex -15.2778 4.2625 6
    endloop
  endfacet
  facet normal 0 0 1
    outer loop
      vertex -15.4602 4.25735 6
      vertex -15.5244 3.69203 6
      vertex -15.3375 3.70375 6
    endloop
  endfacet
  facet normal -0 0 1
    outer loop
      vertex -15.6319 4.2419 6
      vertex -15.5244 3.69203 6
      vertex -15.4602 4.25735 6
    endloop
  endfacet
  facet normal 0 0 1
    outer loop
      vertex -15.6319 4.2419 6
      vertex -15.6925 3.65688 6
      vertex -15.5244 3.69203 6
    endloop
  endfacet
  facet normal -0 0 1
    outer loop
      vertex -15.7931 4.21613 6
      vertex -15.6925 3.65688 6
      vertex -15.6319 4.2419 6
    endloop
  endfacet
  facet normal -0 0 1
    outer loop
      vertex -15.9436 4.18005 6
      vertex -15.6925 3.65688 6
      vertex -15.7931 4.21613 6
    endloop
  endfacet
  facet normal 0 0 1
    outer loop
      vertex -15.6925 3.65688 6
      vertex -15.9436 4.18005 6
      vertex -15.8417 3.59828 6
    endloop
  endfacet
  facet normal -0 0 1
    outer loop
      vertex -16.0834 4.13367 6
      vertex -15.8417 3.59828 6
      vertex -15.9436 4.18005 6
    endloop
  endfacet
  facet normal -0 0 1
    outer loop
      vertex -16.2131 4.07779 6
      vertex -15.8417 3.59828 6
      vertex -16.0834 4.13367 6
    endloop
  endfacet
  facet normal 0 0 1
    outer loop
      vertex -15.8417 3.59828 6
      vertex -16.2131 4.07779 6
      vertex -15.972 3.51625 6
    endloop
  endfacet
  facet normal -0 0 1
    outer loop
      vertex -16.3332 4.01323 6
      vertex -15.972 3.51625 6
      vertex -16.2131 4.07779 6
    endloop
  endfacet
  facet normal -0 0 1
    outer loop
      vertex -16.4436 3.94 6
      vertex -15.972 3.51625 6
      vertex -16.3332 4.01323 6
    endloop
  endfacet
  facet normal 0 0 1
    outer loop
      vertex -15.972 3.51625 6
      vertex -16.4436 3.94 6
      vertex -16.0834 3.41078 6
    endloop
  endfacet
  facet normal -0 0 1
    outer loop
      vertex -16.5443 3.85809 6
      vertex -16.0834 3.41078 6
      vertex -16.4436 3.94 6
    endloop
  endfacet
  facet normal -0 0 1
    outer loop
      vertex -16.6354 3.7675 6
      vertex -16.0834 3.41078 6
      vertex -16.5443 3.85809 6
    endloop
  endfacet
  facet normal 0 0 1
    outer loop
      vertex -16.0834 3.41078 6
      vertex -16.6354 3.7675 6
      vertex -16.1752 3.28015 6
    endloop
  endfacet
  facet normal -0 0 1
    outer loop
      vertex -16.7171 3.66859 6
      vertex -16.1752 3.28015 6
      vertex -16.6354 3.7675 6
    endloop
  endfacet
  facet normal -0 0 1
    outer loop
      vertex -16.7897 3.56178 6
      vertex -16.1752 3.28015 6
      vertex -16.7171 3.66859 6
    endloop
  endfacet
  facet normal 0 0 1
    outer loop
      vertex -16.1752 3.28015 6
      vertex -16.7897 3.56178 6
      vertex -16.2466 3.1226 6
    endloop
  endfacet
  facet normal 0 -0 1
    outer loop
      vertex -17.0504 2.27003 6
      vertex -16.3384 2.48856 6
      vertex -17.0545 2.44516 6
    endloop
  endfacet
  facet normal -0 0 1
    outer loop
      vertex -16.8532 3.44704 6
      vertex -16.2466 3.1226 6
      vertex -16.7897 3.56178 6
    endloop
  endfacet
  facet normal 0 -0 1
    outer loop
      vertex -17.0382 2.1049 6
      vertex -16.3384 2.48856 6
      vertex -17.0504 2.27003 6
    endloop
  endfacet
  facet normal -0 0 1
    outer loop
      vertex -16.9075 3.32437 6
      vertex -16.2466 3.1226 6
      vertex -16.8532 3.44704 6
    endloop
  endfacet
  facet normal 0 -0 1
    outer loop
      vertex -17.0179 1.94975 6
      vertex -16.3384 2.48856 6
      vertex -17.0382 2.1049 6
    endloop
  endfacet
  facet normal -0 0 1
    outer loop
      vertex -16.9528 3.19379 6
      vertex -16.2466 3.1226 6
      vertex -16.9075 3.32437 6
    endloop
  endfacet
  facet normal 0 -0 1
    outer loop
      vertex -16.9894 1.80458 6
      vertex -16.3384 2.48856 6
      vertex -17.0179 1.94975 6
    endloop
  endfacet
  facet normal 0 0 1
    outer loop
      vertex -16.2466 3.1226 6
      vertex -16.9528 3.19379 6
      vertex -16.2976 2.93816 6
    endloop
  endfacet
  facet normal 0 -0 1
    outer loop
      vertex -16.9528 1.6694 6
      vertex -16.3384 2.48856 6
      vertex -16.9894 1.80458 6
    endloop
  endfacet
  facet normal -0 0 1
    outer loop
      vertex -16.9894 3.0562 6
      vertex -16.2976 2.93816 6
      vertex -16.9528 3.19379 6
    endloop
  endfacet
  facet normal 0 -0 1
    outer loop
      vertex -16.908 1.54375 6
      vertex -16.3384 2.48856 6
      vertex -16.9528 1.6694 6
    endloop
  endfacet
  facet normal 0 0 1
    outer loop
      vertex -17.0179 2.91255 6
      vertex -16.2976 2.93816 6
      vertex -16.9894 3.0562 6
    endloop
  endfacet
  facet normal 0 -0 1
    outer loop
      vertex -16.8551 1.42722 6
      vertex -16.3384 2.48856 6
      vertex -16.908 1.54375 6
    endloop
  endfacet
  facet normal 0 0 1
    outer loop
      vertex -16.2976 2.93816 6
      vertex -17.0179 2.91255 6
      vertex -16.3282 2.72681 6
    endloop
  endfacet
  facet normal 0 0 1
    outer loop
      vertex -16.3384 2.48856 6
      vertex -17.0504 2.60704 6
      vertex -17.0545 2.44516 6
    endloop
  endfacet
  facet normal -0 0 1
    outer loop
      vertex -17.0382 2.76282 6
      vertex -16.3282 2.72681 6
      vertex -17.0179 2.91255 6
    endloop
  endfacet
  facet normal 0 0 1
    outer loop
      vertex -17.0504 2.60704 6
      vertex -16.3282 2.72681 6
      vertex -17.0382 2.76282 6
    endloop
  endfacet
  facet normal 0 0 1
    outer loop
      vertex -16.3282 2.72681 6
      vertex -17.0504 2.60704 6
      vertex -16.3384 2.48856 6
    endloop
  endfacet
  facet normal 0 -0 1
    outer loop
      vertex -16.7249 1.2215 6
      vertex -16.3384 2.48856 6
      vertex -16.7941 1.31981 6
    endloop
  endfacet
  facet normal 0 -0 1
    outer loop
      vertex -16.7941 1.31981 6
      vertex -16.3384 2.48856 6
      vertex -16.8551 1.42722 6
    endloop
  endfacet
  facet normal 0 0 1
    outer loop
      vertex -16.3384 2.48856 6
      vertex -16.6476 1.13232 6
      vertex -16.5622 1.05208 6
    endloop
  endfacet
  facet normal 0 0 1
    outer loop
      vertex -16.3384 2.48856 6
      vertex -16.5622 1.05208 6
      vertex -16.4686 0.980621 6
    endloop
  endfacet
  facet normal 0 0 1
    outer loop
      vertex -16.3384 2.48856 6
      vertex -16.7249 1.2215 6
      vertex -16.6476 1.13232 6
    endloop
  endfacet
  facet normal 0 0 1
    outer loop
      vertex -16.3384 2.48856 6
      vertex -16.4686 0.980621 6
      vertex -16.3669 0.917953 6
    endloop
  endfacet
  facet normal -0 0 1
    outer loop
      vertex -15.0445 1.27605 6
      vertex -14.3773 0.717285 6
      vertex -15.0445 3.70375 6
    endloop
  endfacet
  facet normal 0 0 1
    outer loop
      vertex -15.427 0.717285 6
      vertex -15.0445 1.27605 6
      vertex -15.3836 1.27605 6
    endloop
  endfacet
  facet normal 0 0 1
    outer loop
      vertex -15.0445 1.27605 6
      vertex -15.427 0.717285 6
      vertex -14.3773 0.717285 6
    endloop
  endfacet
  facet normal 0 0 1
    outer loop
      vertex -15.4896 1.2793 6
      vertex -15.427 0.717285 6
      vertex -15.3836 1.27605 6
    endloop
  endfacet
  facet normal 0 0 1
    outer loop
      vertex -15.4896 1.2793 6
      vertex -15.5857 0.721344 6
      vertex -15.427 0.717285 6
    endloop
  endfacet
  facet normal 0 0 1
    outer loop
      vertex -15.5884 1.28906 6
      vertex -15.5857 0.721344 6
      vertex -15.4896 1.2793 6
    endloop
  endfacet
  facet normal 0 0 1
    outer loop
      vertex -15.7362 0.733551 6
      vertex -15.5884 1.28906 6
      vertex -15.6801 1.30534 6
    endloop
  endfacet
  facet normal 0 0 1
    outer loop
      vertex -15.5884 1.28906 6
      vertex -15.7362 0.733551 6
      vertex -15.5857 0.721344 6
    endloop
  endfacet
  facet normal 0 0 1
    outer loop
      vertex -15.8786 0.753906 6
      vertex -15.6801 1.30534 6
      vertex -15.7646 1.32814 6
    endloop
  endfacet
  facet normal 0 0 1
    outer loop
      vertex -16.0129 0.782379 6
      vertex -15.7646 1.32814 6
      vertex -15.842 1.35744 6
    endloop
  endfacet
  facet normal 0 0 1
    outer loop
      vertex -15.6801 1.30534 6
      vertex -15.8786 0.753906 6
      vertex -15.7362 0.733551 6
    endloop
  endfacet
  facet normal 0 0 1
    outer loop
      vertex -16.139 0.819 6
      vertex -15.842 1.35744 6
      vertex -15.9128 1.39297 6
    endloop
  endfacet
  facet normal 0 0 1
    outer loop
      vertex -16.257 0.86409 6
      vertex -15.9128 1.39297 6
      vertex -15.9776 1.43446 6
    endloop
  endfacet
  facet normal 0 0 1
    outer loop
      vertex -15.7646 1.32814 6
      vertex -16.0129 0.782379 6
      vertex -15.8786 0.753906 6
    endloop
  endfacet
  facet normal 0 0 1
    outer loop
      vertex -16.3669 0.917953 6
      vertex -15.9776 1.43446 6
      vertex -16.0365 1.48195 6
    endloop
  endfacet
  facet normal 0 0 1
    outer loop
      vertex -16.3669 0.917953 6
      vertex -16.0365 1.48195 6
      vertex -16.0894 1.53539 6
    endloop
  endfacet
  facet normal 0 0 1
    outer loop
      vertex -16.3669 0.917953 6
      vertex -16.0894 1.53539 6
      vertex -16.1363 1.5948 6
    endloop
  endfacet
  facet normal 0 0 1
    outer loop
      vertex -15.842 1.35744 6
      vertex -16.139 0.819 6
      vertex -16.0129 0.782379 6
    endloop
  endfacet
  facet normal 0 0 1
    outer loop
      vertex -16.3669 0.917953 6
      vertex -16.1363 1.5948 6
      vertex -16.1777 1.65994 6
    endloop
  endfacet
  facet normal 0 0 1
    outer loop
      vertex -16.3669 0.917953 6
      vertex -16.1777 1.65994 6
      vertex -16.214 1.73064 6
    endloop
  endfacet
  facet normal 0 0 1
    outer loop
      vertex -16.3669 0.917953 6
      vertex -16.214 1.73064 6
      vertex -16.2452 1.80685 6
    endloop
  endfacet
  facet normal 0 0 1
    outer loop
      vertex -15.9128 1.39297 6
      vertex -16.257 0.86409 6
      vertex -16.139 0.819 6
    endloop
  endfacet
  facet normal 0 0 1
    outer loop
      vertex -16.3669 0.917953 6
      vertex -16.2452 1.80685 6
      vertex -16.2713 1.8886 6
    endloop
  endfacet
  facet normal 0 0 1
    outer loop
      vertex -16.3669 0.917953 6
      vertex -16.2713 1.8886 6
      vertex -16.2923 1.97588 6
    endloop
  endfacet
  facet normal 0 0 1
    outer loop
      vertex -16.3669 0.917953 6
      vertex -16.2923 1.97588 6
      vertex -16.3089 2.06842 6
    endloop
  endfacet
  facet normal 0 0 1
    outer loop
      vertex -16.3669 0.917953 6
      vertex -16.3089 2.06842 6
      vertex -16.3218 2.16597 6
    endloop
  endfacet
  facet normal 0 0 1
    outer loop
      vertex -16.3669 0.917953 6
      vertex -16.3218 2.16597 6
      vertex -16.331 2.26851 6
    endloop
  endfacet
  facet normal 0 0 1
    outer loop
      vertex -15.9776 1.43446 6
      vertex -16.3669 0.917953 6
      vertex -16.257 0.86409 6
    endloop
  endfacet
  facet normal 0 0 1
    outer loop
      vertex -16.3365 2.37604 6
      vertex -16.3669 0.917953 6
      vertex -16.331 2.26851 6
    endloop
  endfacet
  facet normal 0 0 1
    outer loop
      vertex -16.3669 0.917953 6
      vertex -16.3365 2.37604 6
      vertex -16.3384 2.48856 6
    endloop
  endfacet
  facet normal -0 0 1
    outer loop
      vertex -15.6425 -3.23229 6
      vertex -14.4701 -3.71172 6
      vertex -14.4701 -3.23229 6
    endloop
  endfacet
  facet normal 0 0 1
    outer loop
      vertex -14.4701 -3.71172 6
      vertex -15.6425 -3.23229 6
      vertex -15.6425 -3.71172 6
    endloop
  endfacet
  facet normal 0 0 1
    outer loop
      vertex -14.4701 -3.23229 6
      vertex -13.8767 -1.9625 6
      vertex -14.4701 -1.9625 6
    endloop
  endfacet
  facet normal 0 0 1
    outer loop
      vertex -14.4701 -3.71172 6
      vertex -13.8767 -1.9625 6
      vertex -14.4701 -3.23229 6
    endloop
  endfacet
  facet normal 0 0 1
    outer loop
      vertex -13.8767 -1.9625 6
      vertex -14.4701 -3.71172 6
      vertex -13.8767 -5.06458 6
    endloop
  endfacet
  facet normal -0 0 1
    outer loop
      vertex -14.4701 -4.5709 6
      vertex -13.8767 -5.06458 6
      vertex -14.4701 -3.71172 6
    endloop
  endfacet
  facet normal 0 0 1
    outer loop
      vertex -15.709 -5.06458 6
      vertex -14.4701 -4.5709 6
      vertex -15.709 -4.5709 6
    endloop
  endfacet
  facet normal 0 0 1
    outer loop
      vertex -14.4701 -4.5709 6
      vertex -15.709 -5.06458 6
      vertex -13.8767 -5.06458 6
    endloop
  endfacet
  facet normal 0 0 1
    outer loop
      vertex -11.2229 4.2625 6
      vertex -12.0041 3.71187 6
      vertex -11.2229 3.71187 6
    endloop
  endfacet
  facet normal 0 0 1
    outer loop
      vertex -12.0041 3.71187 6
      vertex -12.6822 3.71187 6
      vertex -12.0041 1.26248 6
    endloop
  endfacet
  facet normal 0 0 1
    outer loop
      vertex -11.2229 4.2625 6
      vertex -12.6822 3.71187 6
      vertex -12.0041 3.71187 6
    endloop
  endfacet
  facet normal -0 0 1
    outer loop
      vertex -13.4634 4.2625 6
      vertex -12.6822 3.71187 6
      vertex -11.2229 4.2625 6
    endloop
  endfacet
  facet normal 0 0 1
    outer loop
      vertex -12.6822 3.71187 6
      vertex -13.4634 4.2625 6
      vertex -13.4634 3.71187 6
    endloop
  endfacet
  facet normal -0 0 1
    outer loop
      vertex -12.0041 1.26248 6
      vertex -11.2229 0.717285 6
      vertex -11.2229 1.26248 6
    endloop
  endfacet
  facet normal 0 0 1
    outer loop
      vertex -12.6822 1.26248 6
      vertex -12.0041 1.26248 6
      vertex -12.6822 3.71187 6
    endloop
  endfacet
  facet normal -0 0 1
    outer loop
      vertex -12.6822 1.26248 6
      vertex -11.2229 0.717285 6
      vertex -12.0041 1.26248 6
    endloop
  endfacet
  facet normal 0 0 1
    outer loop
      vertex -13.4634 0.717285 6
      vertex -12.6822 1.26248 6
      vertex -13.4634 1.26248 6
    endloop
  endfacet
  facet normal 0 0 1
    outer loop
      vertex -12.6822 1.26248 6
      vertex -13.4634 0.717285 6
      vertex -11.2229 0.717285 6
    endloop
  endfacet
  facet normal 0 0 1
    outer loop
      vertex -10.8398 -3.49811 6
      vertex -11.4628 -3.31753 6
      vertex -11.4569 -3.52657 6
    endloop
  endfacet
  facet normal 0 0 1
    outer loop
      vertex -11.2839 -2.1684 6
      vertex -11.4806 -3.13088 6
      vertex -11.4628 -3.31753 6
    endloop
  endfacet
  facet normal 0 0 1
    outer loop
      vertex -11.2839 -2.1684 6
      vertex -11.5103 -2.96664 6
      vertex -11.4806 -3.13088 6
    endloop
  endfacet
  facet normal 0 0 1
    outer loop
      vertex -11.2839 -2.1684 6
      vertex -11.5518 -2.82481 6
      vertex -11.5103 -2.96664 6
    endloop
  endfacet
  facet normal 0 0 1
    outer loop
      vertex -11.2839 -2.1684 6
      vertex -11.6052 -2.70537 6
      vertex -11.5518 -2.82481 6
    endloop
  endfacet
  facet normal 0 0 1
    outer loop
      vertex -11.7537 -2.53222 6
      vertex -11.4438 -2.05443 6
      vertex -11.628 -1.97301 6
    endloop
  endfacet
  facet normal 0 0 1
    outer loop
      vertex -11.2839 -2.1684 6
      vertex -11.672 -2.60796 6
      vertex -11.6052 -2.70537 6
    endloop
  endfacet
  facet normal 0 0 1
    outer loop
      vertex -11.2839 -2.1684 6
      vertex -11.7537 -2.53222 6
      vertex -11.672 -2.60796 6
    endloop
  endfacet
  facet normal 0 0 1
    outer loop
      vertex -11.8503 -2.47811 6
      vertex -11.628 -1.97301 6
      vertex -11.8364 -1.92419 6
    endloop
  endfacet
  facet normal 0 0 1
    outer loop
      vertex -11.628 -1.97301 6
      vertex -11.8503 -2.47811 6
      vertex -11.7537 -2.53222 6
    endloop
  endfacet
  facet normal 0 0 1
    outer loop
      vertex -11.8364 -1.92419 6
      vertex -11.9618 -2.44564 6
      vertex -11.8503 -2.47811 6
    endloop
  endfacet
  facet normal 0 0 1
    outer loop
      vertex -12.0692 -1.9079 6
      vertex -11.9618 -2.44564 6
      vertex -11.8364 -1.92419 6
    endloop
  endfacet
  facet normal 0 0 1
    outer loop
      vertex -12.0692 -1.9079 6
      vertex -12.0882 -2.43482 6
      vertex -11.9618 -2.44564 6
    endloop
  endfacet
  facet normal -0 0 1
    outer loop
      vertex -12.1733 -1.9117 6
      vertex -12.0882 -2.43482 6
      vertex -12.0692 -1.9079 6
    endloop
  endfacet
  facet normal 0 0 1
    outer loop
      vertex -12.0882 -2.43482 6
      vertex -12.1733 -1.9117 6
      vertex -12.1537 -2.43761 6
    endloop
  endfacet
  facet normal -0 0 1
    outer loop
      vertex -12.2749 -1.9231 6
      vertex -12.1537 -2.43761 6
      vertex -12.1733 -1.9117 6
    endloop
  endfacet
  facet normal 0 0 1
    outer loop
      vertex -12.1537 -2.43761 6
      vertex -12.2749 -1.9231 6
      vertex -12.2152 -2.44602 6
    endloop
  endfacet
  facet normal -0 0 1
    outer loop
      vertex -12.3738 -1.94208 6
      vertex -12.2152 -2.44602 6
      vertex -12.2749 -1.9231 6
    endloop
  endfacet
  facet normal 0 0 1
    outer loop
      vertex -12.2152 -2.44602 6
      vertex -12.3738 -1.94208 6
      vertex -12.2729 -2.46001 6
    endloop
  endfacet
  facet normal -0 0 1
    outer loop
      vertex -12.4703 -1.96863 6
      vertex -12.2729 -2.46001 6
      vertex -12.3738 -1.94208 6
    endloop
  endfacet
  facet normal 0 0 1
    outer loop
      vertex -12.2729 -2.46001 6
      vertex -12.4703 -1.96863 6
      vertex -12.3267 -2.47962 6
    endloop
  endfacet
  facet normal -0 0 1
    outer loop
      vertex -12.5641 -2.00281 6
      vertex -12.3267 -2.47962 6
      vertex -12.4703 -1.96863 6
    endloop
  endfacet
  facet normal 0 0 1
    outer loop
      vertex -12.3267 -2.47962 6
      vertex -12.5641 -2.00281 6
      vertex -12.3766 -2.50481 6
    endloop
  endfacet
  facet normal -0 0 1
    outer loop
      vertex -12.6543 -2.04488 6
      vertex -12.3766 -2.50481 6
      vertex -12.5641 -2.00281 6
    endloop
  endfacet
  facet normal 0 0 1
    outer loop
      vertex -12.3766 -2.50481 6
      vertex -12.6543 -2.04488 6
      vertex -12.4228 -2.53544 6
    endloop
  endfacet
  facet normal -0 0 1
    outer loop
      vertex -12.7398 -2.0951 6
      vertex -12.4228 -2.53544 6
      vertex -12.6543 -2.04488 6
    endloop
  endfacet
  facet normal 0 0 1
    outer loop
      vertex -12.4228 -2.53544 6
      vertex -12.7398 -2.0951 6
      vertex -12.4654 -2.57128 6
    endloop
  endfacet
  facet normal -0 0 1
    outer loop
      vertex -12.8204 -2.15349 6
      vertex -12.4654 -2.57128 6
      vertex -12.7398 -2.0951 6
    endloop
  endfacet
  facet normal -0 0 1
    outer loop
      vertex -12.8964 -2.22004 6
      vertex -12.4654 -2.57128 6
      vertex -12.8204 -2.15349 6
    endloop
  endfacet
  facet normal 0 0 1
    outer loop
      vertex -12.4654 -2.57128 6
      vertex -12.8964 -2.22004 6
      vertex -12.5046 -2.61234 6
    endloop
  endfacet
  facet normal -0 0 1
    outer loop
      vertex -12.9676 -2.29475 6
      vertex -12.5046 -2.61234 6
      vertex -12.8964 -2.22004 6
    endloop
  endfacet
  facet normal 0 0 1
    outer loop
      vertex -12.5046 -2.61234 6
      vertex -12.9676 -2.29475 6
      vertex -12.5403 -2.65862 6
    endloop
  endfacet
  facet normal -0 0 1
    outer loop
      vertex -13.0335 -2.37792 6
      vertex -12.5403 -2.65862 6
      vertex -12.9676 -2.29475 6
    endloop
  endfacet
  facet normal 0 0 1
    outer loop
      vertex -12.5403 -2.65862 6
      vertex -13.0335 -2.37792 6
      vertex -12.5724 -2.71014 6
    endloop
  endfacet
  facet normal -0 0 1
    outer loop
      vertex -13.0935 -2.46982 6
      vertex -12.5724 -2.71014 6
      vertex -13.0335 -2.37792 6
    endloop
  endfacet
  facet normal 0 0 1
    outer loop
      vertex -12.5724 -2.71014 6
      vertex -13.0935 -2.46982 6
      vertex -12.6012 -2.76676 6
    endloop
  endfacet
  facet normal -0 0 1
    outer loop
      vertex -13.1476 -2.57047 6
      vertex -12.6012 -2.76676 6
      vertex -13.0935 -2.46982 6
    endloop
  endfacet
  facet normal 0 0 1
    outer loop
      vertex -12.6012 -2.76676 6
      vertex -13.1476 -2.57047 6
      vertex -12.6267 -2.82841 6
    endloop
  endfacet
  facet normal -0 0 1
    outer loop
      vertex -13.1958 -2.67983 6
      vertex -12.6267 -2.82841 6
      vertex -13.1476 -2.57047 6
    endloop
  endfacet
  facet normal 0 0 1
    outer loop
      vertex -12.6267 -2.82841 6
      vertex -13.1958 -2.67983 6
      vertex -12.649 -2.8951 6
    endloop
  endfacet
  facet normal -0 0 1
    outer loop
      vertex -13.2381 -2.79795 6
      vertex -12.649 -2.8951 6
      vertex -13.1958 -2.67983 6
    endloop
  endfacet
  facet normal 0 0 1
    outer loop
      vertex -12.649 -2.8951 6
      vertex -13.2381 -2.79795 6
      vertex -12.6681 -2.96682 6
    endloop
  endfacet
  facet normal 0 -0 1
    outer loop
      vertex -13.3243 -3.82306 6
      vertex -12.7196 -3.49811 6
      vertex -13.3367 -3.52657 6
    endloop
  endfacet
  facet normal -0 0 1
    outer loop
      vertex -13.2736 -2.92507 6
      vertex -12.6681 -2.96682 6
      vertex -13.2381 -2.79795 6
    endloop
  endfacet
  facet normal 0 0 1
    outer loop
      vertex -12.6681 -2.96682 6
      vertex -13.2736 -2.92507 6
      vertex -12.684 -3.04357 6
    endloop
  endfacet
  facet normal 0 -0 1
    outer loop
      vertex -13.2873 -4.08976 6
      vertex -12.7196 -3.49811 6
      vertex -13.3243 -3.82306 6
    endloop
  endfacet
  facet normal 0 0 1
    outer loop
      vertex -12.684 -3.04357 6
      vertex -13.2736 -2.92507 6
      vertex -12.6968 -3.12517 6
    endloop
  endfacet
  facet normal -0 0 1
    outer loop
      vertex -13.3012 -3.06148 6
      vertex -12.6968 -3.12517 6
      vertex -13.2736 -2.92507 6
    endloop
  endfacet
  facet normal 0 -0 1
    outer loop
      vertex -13.2256 -4.32662 6
      vertex -12.7196 -3.49811 6
      vertex -13.2873 -4.08976 6
    endloop
  endfacet
  facet normal 0 0 1
    outer loop
      vertex -12.6968 -3.12517 6
      vertex -13.3012 -3.06148 6
      vertex -12.7067 -3.21143 6
    endloop
  endfacet
  facet normal -0 0 1
    outer loop
      vertex -13.3209 -3.20722 6
      vertex -12.7067 -3.21143 6
      vertex -13.3012 -3.06148 6
    endloop
  endfacet
  facet normal 0 -0 1
    outer loop
      vertex -13.1392 -4.53368 6
      vertex -12.7196 -3.49811 6
      vertex -13.2256 -4.32662 6
    endloop
  endfacet
  facet normal 0 0 1
    outer loop
      vertex -12.7067 -3.21143 6
      vertex -13.3209 -3.20722 6
      vertex -12.7139 -3.30234 6
    endloop
  endfacet
  facet normal 0 0 1
    outer loop
      vertex -13.3327 -3.36225 6
      vertex -12.7139 -3.30234 6
      vertex -13.3209 -3.20722 6
    endloop
  endfacet
  facet normal 0 -0 1
    outer loop
      vertex -13.0281 -4.71094 6
      vertex -12.7196 -3.49811 6
      vertex -13.1392 -4.53368 6
    endloop
  endfacet
  facet normal 0 0 1
    outer loop
      vertex -12.7139 -3.30234 6
      vertex -13.3327 -3.36225 6
      vertex -12.7181 -3.39791 6
    endloop
  endfacet
  facet normal 0 0 1
    outer loop
      vertex -12.7181 -3.39791 6
      vertex -13.3327 -3.36225 6
      vertex -12.7196 -3.49811 6
    endloop
  endfacet
  facet normal 0 0 1
    outer loop
      vertex -12.7196 -3.49811 6
      vertex -12.8925 -4.85705 6
      vertex -12.7327 -4.97069 6
    endloop
  endfacet
  facet normal 0 0 1
    outer loop
      vertex -12.7196 -3.49811 6
      vertex -13.3327 -3.36225 6
      vertex -13.3367 -3.52657 6
    endloop
  endfacet
  facet normal 0 -0 1
    outer loop
      vertex -12.8925 -4.85705 6
      vertex -12.7196 -3.49811 6
      vertex -13.0281 -4.71094 6
    endloop
  endfacet
  facet normal -0 0 1
    outer loop
      vertex -11.4628 -3.31753 6
      vertex -10.8398 -3.49811 6
      vertex -10.8521 -3.20243 6
    endloop
  endfacet
  facet normal 0 0 1
    outer loop
      vertex -10.8398 -3.49811 6
      vertex -11.4569 -3.52657 6
      vertex -10.8437 -3.66245 6
    endloop
  endfacet
  facet normal -0 0 1
    outer loop
      vertex -11.4583 -3.62678 6
      vertex -10.8437 -3.66245 6
      vertex -11.4569 -3.52657 6
    endloop
  endfacet
  facet normal 0 0 1
    outer loop
      vertex -11.4628 -3.31753 6
      vertex -10.8521 -3.20243 6
      vertex -10.8892 -2.93627 6
    endloop
  endfacet
  facet normal 0 0 1
    outer loop
      vertex -11.4626 -3.72234 6
      vertex -10.8437 -3.66245 6
      vertex -11.4583 -3.62678 6
    endloop
  endfacet
  facet normal 0 0 1
    outer loop
      vertex -10.8437 -3.66245 6
      vertex -11.4626 -3.72234 6
      vertex -10.8556 -3.81748 6
    endloop
  endfacet
  facet normal 0 0 1
    outer loop
      vertex -11.4628 -3.31753 6
      vertex -10.8892 -2.93627 6
      vertex -10.9509 -2.69964 6
    endloop
  endfacet
  facet normal -0 0 1
    outer loop
      vertex -11.4697 -3.81324 6
      vertex -10.8556 -3.81748 6
      vertex -11.4626 -3.72234 6
    endloop
  endfacet
  facet normal 0 0 1
    outer loop
      vertex -10.8556 -3.81748 6
      vertex -11.4697 -3.81324 6
      vertex -10.8752 -3.9632 6
    endloop
  endfacet
  facet normal 0 0 1
    outer loop
      vertex -11.4628 -3.31753 6
      vertex -10.9509 -2.69964 6
      vertex -11.0373 -2.49253 6
    endloop
  endfacet
  facet normal -0 0 1
    outer loop
      vertex -11.4797 -3.89948 6
      vertex -10.8752 -3.9632 6
      vertex -11.4697 -3.81324 6
    endloop
  endfacet
  facet normal 0 0 1
    outer loop
      vertex -10.8752 -3.9632 6
      vertex -11.4797 -3.89948 6
      vertex -10.9028 -4.09963 6
    endloop
  endfacet
  facet normal 0 0 1
    outer loop
      vertex -11.4628 -3.31753 6
      vertex -11.0373 -2.49253 6
      vertex -11.1483 -2.31495 6
    endloop
  endfacet
  facet normal -0 0 1
    outer loop
      vertex -11.4925 -3.98108 6
      vertex -10.9028 -4.09963 6
      vertex -11.4797 -3.89948 6
    endloop
  endfacet
  facet normal -0 0 1
    outer loop
      vertex -11.5084 -4.05785 6
      vertex -10.9028 -4.09963 6
      vertex -11.4925 -3.98108 6
    endloop
  endfacet
  facet normal 0 0 1
    outer loop
      vertex -11.4628 -3.31753 6
      vertex -11.1483 -2.31495 6
      vertex -11.2839 -2.1684 6
    endloop
  endfacet
  facet normal 0 0 1
    outer loop
      vertex -10.9028 -4.09963 6
      vertex -11.5084 -4.05785 6
      vertex -10.9383 -4.22675 6
    endloop
  endfacet
  facet normal 0 0 1
    outer loop
      vertex -10.9383 -4.22675 6
      vertex -11.5276 -4.12958 6
      vertex -10.9806 -4.34485 6
    endloop
  endfacet
  facet normal 0 0 1
    outer loop
      vertex -11.7537 -2.53222 6
      vertex -11.2839 -2.1684 6
      vertex -11.4438 -2.05443 6
    endloop
  endfacet
  facet normal -0 0 1
    outer loop
      vertex -11.5276 -4.12958 6
      vertex -10.9383 -4.22675 6
      vertex -11.5084 -4.05785 6
    endloop
  endfacet
  facet normal -0 0 1
    outer loop
      vertex -11.5502 -4.19628 6
      vertex -10.9806 -4.34485 6
      vertex -11.5276 -4.12958 6
    endloop
  endfacet
  facet normal 0 0 1
    outer loop
      vertex -10.9806 -4.34485 6
      vertex -11.5502 -4.19628 6
      vertex -11.0289 -4.45421 6
    endloop
  endfacet
  facet normal -0 0 1
    outer loop
      vertex -11.5761 -4.25794 6
      vertex -11.0289 -4.45421 6
      vertex -11.5502 -4.19628 6
    endloop
  endfacet
  facet normal 0 0 1
    outer loop
      vertex -11.0289 -4.45421 6
      vertex -11.5761 -4.25794 6
      vertex -11.083 -4.55485 6
    endloop
  endfacet
  facet normal -0 0 1
    outer loop
      vertex -11.6052 -4.31457 6
      vertex -11.083 -4.55485 6
      vertex -11.5761 -4.25794 6
    endloop
  endfacet
  facet normal 0 0 1
    outer loop
      vertex -11.083 -4.55485 6
      vertex -11.6052 -4.31457 6
      vertex -11.143 -4.64675 6
    endloop
  endfacet
  facet normal -0 0 1
    outer loop
      vertex -11.6378 -4.36608 6
      vertex -11.143 -4.64675 6
      vertex -11.6052 -4.31457 6
    endloop
  endfacet
  facet normal 0 0 1
    outer loop
      vertex -11.143 -4.64675 6
      vertex -11.6378 -4.36608 6
      vertex -11.2089 -4.72991 6
    endloop
  endfacet
  facet normal -0 0 1
    outer loop
      vertex -11.6736 -4.41236 6
      vertex -11.2089 -4.72991 6
      vertex -11.6378 -4.36608 6
    endloop
  endfacet
  facet normal 0 0 1
    outer loop
      vertex -11.2089 -4.72991 6
      vertex -11.6736 -4.41236 6
      vertex -11.2801 -4.80463 6
    endloop
  endfacet
  facet normal -0 0 1
    outer loop
      vertex -11.7128 -4.45342 6
      vertex -11.2801 -4.80463 6
      vertex -11.6736 -4.41236 6
    endloop
  endfacet
  facet normal 0 0 1
    outer loop
      vertex -11.2801 -4.80463 6
      vertex -11.7128 -4.45342 6
      vertex -11.356 -4.87119 6
    endloop
  endfacet
  facet normal 0 0 1
    outer loop
      vertex -11.356 -4.87119 6
      vertex -11.7128 -4.45342 6
      vertex -11.4367 -4.92957 6
    endloop
  endfacet
  facet normal -0 0 1
    outer loop
      vertex -11.7552 -4.48926 6
      vertex -11.4367 -4.92957 6
      vertex -11.7128 -4.45342 6
    endloop
  endfacet
  facet normal 0 0 1
    outer loop
      vertex -11.4367 -4.92957 6
      vertex -11.7552 -4.48926 6
      vertex -11.5222 -4.97979 6
    endloop
  endfacet
  facet normal -0 0 1
    outer loop
      vertex -11.801 -4.51987 6
      vertex -11.5222 -4.97979 6
      vertex -11.7552 -4.48926 6
    endloop
  endfacet
  facet normal 0 0 1
    outer loop
      vertex -11.5222 -4.97979 6
      vertex -11.801 -4.51987 6
      vertex -11.6124 -5.02184 6
    endloop
  endfacet
  facet normal -0 0 1
    outer loop
      vertex -11.8505 -4.54506 6
      vertex -11.6124 -5.02184 6
      vertex -11.801 -4.51987 6
    endloop
  endfacet
  facet normal 0 0 1
    outer loop
      vertex -11.6124 -5.02184 6
      vertex -11.8505 -4.54506 6
      vertex -11.7062 -5.05602 6
    endloop
  endfacet
  facet normal -0 0 1
    outer loop
      vertex -11.904 -4.56467 6
      vertex -11.7062 -5.05602 6
      vertex -11.8505 -4.54506 6
    endloop
  endfacet
  facet normal 0 0 1
    outer loop
      vertex -11.7062 -5.05602 6
      vertex -11.904 -4.56467 6
      vertex -11.8026 -5.08262 6
    endloop
  endfacet
  facet normal -0 0 1
    outer loop
      vertex -11.9614 -4.57866 6
      vertex -11.8026 -5.08262 6
      vertex -11.904 -4.56467 6
    endloop
  endfacet
  facet normal 0 0 1
    outer loop
      vertex -11.8026 -5.08262 6
      vertex -11.9614 -4.57866 6
      vertex -11.9016 -5.1016 6
    endloop
  endfacet
  facet normal -0 0 1
    outer loop
      vertex -12.0228 -4.58707 6
      vertex -11.9016 -5.1016 6
      vertex -11.9614 -4.57866 6
    endloop
  endfacet
  facet normal 0 0 1
    outer loop
      vertex -11.9016 -5.1016 6
      vertex -12.0228 -4.58707 6
      vertex -12.0031 -5.113 6
    endloop
  endfacet
  facet normal -0 0 1
    outer loop
      vertex -12.0882 -4.58986 6
      vertex -12.0031 -5.113 6
      vertex -12.0228 -4.58707 6
    endloop
  endfacet
  facet normal 0 0 1
    outer loop
      vertex -12.0882 -4.58986 6
      vertex -12.1072 -5.1168 6
      vertex -12.0031 -5.113 6
    endloop
  endfacet
  facet normal 0 0 1
    outer loop
      vertex -12.2154 -4.57905 6
      vertex -12.1072 -5.1168 6
      vertex -12.0882 -4.58986 6
    endloop
  endfacet
  facet normal 0 0 1
    outer loop
      vertex -12.34 -5.10056 6
      vertex -12.2154 -4.57905 6
      vertex -12.3275 -4.54658 6
    endloop
  endfacet
  facet normal 0 0 1
    outer loop
      vertex -12.2154 -4.57905 6
      vertex -12.34 -5.10056 6
      vertex -12.1072 -5.1168 6
    endloop
  endfacet
  facet normal 0 0 1
    outer loop
      vertex -12.5485 -5.05186 6
      vertex -12.3275 -4.54658 6
      vertex -12.4243 -4.49247 6
    endloop
  endfacet
  facet normal 0 0 1
    outer loop
      vertex -12.7327 -4.97069 6
      vertex -12.4243 -4.49247 6
      vertex -12.506 -4.41669 6
    endloop
  endfacet
  facet normal 0 0 1
    outer loop
      vertex -12.3275 -4.54658 6
      vertex -12.5485 -5.05186 6
      vertex -12.34 -5.10056 6
    endloop
  endfacet
  facet normal 0 0 1
    outer loop
      vertex -12.7327 -4.97069 6
      vertex -12.506 -4.41669 6
      vertex -12.5724 -4.31928 6
    endloop
  endfacet
  facet normal 0 0 1
    outer loop
      vertex -12.7327 -4.97069 6
      vertex -12.5724 -4.31928 6
      vertex -12.6254 -4.19987 6
    endloop
  endfacet
  facet normal 0 0 1
    outer loop
      vertex -12.7327 -4.97069 6
      vertex -12.6254 -4.19987 6
      vertex -12.6666 -4.05803 6
    endloop
  endfacet
  facet normal 0 0 1
    outer loop
      vertex -12.7327 -4.97069 6
      vertex -12.6666 -4.05803 6
      vertex -12.696 -3.8938 6
    endloop
  endfacet
  facet normal 0 0 1
    outer loop
      vertex -12.4243 -4.49247 6
      vertex -12.7327 -4.97069 6
      vertex -12.5485 -5.05186 6
    endloop
  endfacet
  facet normal 0 0 1
    outer loop
      vertex -12.7137 -3.70716 6
      vertex -12.7327 -4.97069 6
      vertex -12.696 -3.8938 6
    endloop
  endfacet
  facet normal 0 0 1
    outer loop
      vertex -12.7327 -4.97069 6
      vertex -12.7137 -3.70716 6
      vertex -12.7196 -3.49811 6
    endloop
  endfacet
  facet normal -0 0 1
    outer loop
      vertex -8.44499 2.60382 6
      vertex -7.7104 2.54552 6
      vertex -7.71458 2.7159 6
    endloop
  endfacet
  facet normal 0 0 1
    outer loop
      vertex -8.45166 2.7115 6
      vertex -7.71458 2.7159 6
      vertex -7.72711 2.87772 6
    endloop
  endfacet
  facet normal 0 0 1
    outer loop
      vertex -7.7104 2.54552 6
      vertex -8.44499 2.60382 6
      vertex -8.44276 2.49124 6
    endloop
  endfacet
  facet normal 0 0 1
    outer loop
      vertex -8.46278 2.8143 6
      vertex -7.72711 2.87772 6
      vertex -7.74799 3.03098 6
    endloop
  endfacet
  facet normal 0 0 1
    outer loop
      vertex -7.7104 2.54552 6
      vertex -8.44276 2.49124 6
      vertex -7.71497 2.37045 6
    endloop
  endfacet
  facet normal 0 0 1
    outer loop
      vertex -8.47835 2.91223 6
      vertex -7.74799 3.03098 6
      vertex -7.77722 3.17566 6
    endloop
  endfacet
  facet normal -0 0 1
    outer loop
      vertex -8.44493 2.38454 6
      vertex -7.71497 2.37045 6
      vertex -8.44276 2.49124 6
    endloop
  endfacet
  facet normal 0 0 1
    outer loop
      vertex -8.49837 3.00526 6
      vertex -7.77722 3.17566 6
      vertex -7.8148 3.31178 6
    endloop
  endfacet
  facet normal 0 0 1
    outer loop
      vertex -7.71497 2.37045 6
      vertex -8.44493 2.38454 6
      vertex -7.72864 2.20331 6
    endloop
  endfacet
  facet normal 0 0 1
    outer loop
      vertex -8.52306 3.09309 6
      vertex -7.8148 3.31178 6
      vertex -7.86049 3.43933 6
    endloop
  endfacet
  facet normal -0 0 1
    outer loop
      vertex -8.45145 2.2814 6
      vertex -7.72864 2.20331 6
      vertex -8.44493 2.38454 6
    endloop
  endfacet
  facet normal 0 0 1
    outer loop
      vertex -8.55261 3.17538 6
      vertex -7.86049 3.43933 6
      vertex -7.91399 3.55829 6
    endloop
  endfacet
  facet normal 0 0 1
    outer loop
      vertex -8.4623 2.18187 6
      vertex -7.72864 2.20331 6
      vertex -8.45145 2.2814 6
    endloop
  endfacet
  facet normal 0 0 1
    outer loop
      vertex -8.58707 3.25214 6
      vertex -7.91399 3.55829 6
      vertex -7.97528 3.66869 6
    endloop
  endfacet
  facet normal 0 0 1
    outer loop
      vertex -7.72864 2.20331 6
      vertex -8.4623 2.18187 6
      vertex -7.75142 2.04408 6
    endloop
  endfacet
  facet normal 0 0 1
    outer loop
      vertex -8.62639 3.32336 6
      vertex -7.97528 3.66869 6
      vertex -8.0444 3.77052 6
    endloop
  endfacet
  facet normal 0 0 1
    outer loop
      vertex -7.75142 2.04408 6
      vertex -8.47748 2.08591 6
      vertex -7.78331 1.89278 6
    endloop
  endfacet
  facet normal 0 0 1
    outer loop
      vertex -8.67061 3.38907 6
      vertex -8.0444 3.77052 6
      vertex -8.12132 3.86378 6
    endloop
  endfacet
  facet normal -0 0 1
    outer loop
      vertex -8.49701 1.99352 6
      vertex -7.78331 1.89278 6
      vertex -8.47748 2.08591 6
    endloop
  endfacet
  facet normal 0 0 1
    outer loop
      vertex -8.71986 3.44901 6
      vertex -8.12132 3.86378 6
      vertex -8.20586 3.94835 6
    endloop
  endfacet
  facet normal 0 0 1
    outer loop
      vertex -7.78331 1.89278 6
      vertex -8.49701 1.99352 6
      vertex -7.82433 1.7494 6
    endloop
  endfacet
  facet normal 0 0 1
    outer loop
      vertex -8.71986 3.44901 6
      vertex -8.20586 3.94835 6
      vertex -8.29774 4.02414 6
    endloop
  endfacet
  facet normal -0 0 1
    outer loop
      vertex -8.52116 1.90541 6
      vertex -7.82433 1.7494 6
      vertex -8.49701 1.99352 6
    endloop
  endfacet
  facet normal 0 0 1
    outer loop
      vertex -8.77434 3.50299 6
      vertex -8.29774 4.02414 6
      vertex -8.39703 4.09114 6
    endloop
  endfacet
  facet normal 0 0 1
    outer loop
      vertex -7.82433 1.7494 6
      vertex -8.52116 1.90541 6
      vertex -7.87379 1.61432 6
    endloop
  endfacet
  facet normal -0 0 1
    outer loop
      vertex -8.55019 1.8223 6
      vertex -7.87379 1.61432 6
      vertex -8.52116 1.90541 6
    endloop
  endfacet
  facet normal -0 0 1
    outer loop
      vertex -8.47748 2.08591 6
      vertex -7.75142 2.04408 6
      vertex -8.4623 2.18187 6
    endloop
  endfacet
  facet normal 0 0 1
    outer loop
      vertex -7.71458 2.7159 6
      vertex -8.45166 2.7115 6
      vertex -8.44499 2.60382 6
    endloop
  endfacet
  facet normal 0 0 1
    outer loop
      vertex -7.72711 2.87772 6
      vertex -8.46278 2.8143 6
      vertex -8.45166 2.7115 6
    endloop
  endfacet
  facet normal 0 0 1
    outer loop
      vertex -7.74799 3.03098 6
      vertex -8.47835 2.91223 6
      vertex -8.46278 2.8143 6
    endloop
  endfacet
  facet normal 0 0 1
    outer loop
      vertex -7.77722 3.17566 6
      vertex -8.49837 3.00526 6
      vertex -8.47835 2.91223 6
    endloop
  endfacet
  facet normal 0 0 1
    outer loop
      vertex -8.834 3.55101 6
      vertex -8.39703 4.09114 6
      vertex -8.50369 4.14935 6
    endloop
  endfacet
  facet normal 0 0 1
    outer loop
      vertex -7.8148 3.31178 6
      vertex -8.52306 3.09309 6
      vertex -8.49837 3.00526 6
    endloop
  endfacet
  facet normal 0 0 1
    outer loop
      vertex -7.86049 3.43933 6
      vertex -8.55261 3.17538 6
      vertex -8.52306 3.09309 6
    endloop
  endfacet
  facet normal 0 0 1
    outer loop
      vertex -7.91399 3.55829 6
      vertex -8.58707 3.25214 6
      vertex -8.55261 3.17538 6
    endloop
  endfacet
  facet normal 0 0 1
    outer loop
      vertex -8.89888 3.59306 6
      vertex -8.50369 4.14935 6
      vertex -8.61772 4.19879 6
    endloop
  endfacet
  facet normal 0 0 1
    outer loop
      vertex -7.97528 3.66869 6
      vertex -8.62639 3.32336 6
      vertex -8.58707 3.25214 6
    endloop
  endfacet
  facet normal 0 0 1
    outer loop
      vertex -8.0444 3.77052 6
      vertex -8.67061 3.38907 6
      vertex -8.62639 3.32336 6
    endloop
  endfacet
  facet normal 0 0 1
    outer loop
      vertex -8.12132 3.86378 6
      vertex -8.71986 3.44901 6
      vertex -8.67061 3.38907 6
    endloop
  endfacet
  facet normal 0 0 1
    outer loop
      vertex -8.89888 3.59306 6
      vertex -8.61772 4.19879 6
      vertex -8.73898 4.2393 6
    endloop
  endfacet
  facet normal 0 0 1
    outer loop
      vertex -8.29774 4.02414 6
      vertex -8.77434 3.50299 6
      vertex -8.71986 3.44901 6
    endloop
  endfacet
  facet normal 0 0 1
    outer loop
      vertex -8.39703 4.09114 6
      vertex -8.834 3.55101 6
      vertex -8.77434 3.50299 6
    endloop
  endfacet
  facet normal 0 0 1
    outer loop
      vertex -8.96896 3.62915 6
      vertex -8.73898 4.2393 6
      vertex -8.86728 4.27081 6
    endloop
  endfacet
  facet normal 0 0 1
    outer loop
      vertex -8.50369 4.14935 6
      vertex -8.89888 3.59306 6
      vertex -8.834 3.55101 6
    endloop
  endfacet
  facet normal 0 0 1
    outer loop
      vertex -8.73898 4.2393 6
      vertex -8.96896 3.62915 6
      vertex -8.89888 3.59306 6
    endloop
  endfacet
  facet normal 0 0 1
    outer loop
      vertex -9.04439 3.65892 6
      vertex -8.86728 4.27081 6
      vertex -9.00264 4.29332 6
    endloop
  endfacet
  facet normal 0 0 1
    outer loop
      vertex -8.86728 4.27081 6
      vertex -9.04439 3.65892 6
      vertex -8.96896 3.62915 6
    endloop
  endfacet
  facet normal 0 0 1
    outer loop
      vertex -9.00264 4.29332 6
      vertex -9.12523 3.68208 6
      vertex -9.04439 3.65892 6
    endloop
  endfacet
  facet normal 0 0 1
    outer loop
      vertex -9.14503 4.30682 6
      vertex -9.12523 3.68208 6
      vertex -9.00264 4.29332 6
    endloop
  endfacet
  facet normal 0 0 1
    outer loop
      vertex -9.14503 4.30682 6
      vertex -9.21149 3.69862 6
      vertex -9.12523 3.68208 6
    endloop
  endfacet
  facet normal 0 0 1
    outer loop
      vertex -9.30318 3.70856 6
      vertex -9.14503 4.30682 6
      vertex -9.29449 4.31133 6
    endloop
  endfacet
  facet normal 0 0 1
    outer loop
      vertex -9.14503 4.30682 6
      vertex -9.30318 3.70856 6
      vertex -9.21149 3.69862 6
    endloop
  endfacet
  facet normal -0 0 1
    outer loop
      vertex -9.38927 4.30948 6
      vertex -9.30318 3.70856 6
      vertex -9.29449 4.31133 6
    endloop
  endfacet
  facet normal 0 0 1
    outer loop
      vertex -9.38927 4.30948 6
      vertex -9.40028 3.71187 6
      vertex -9.30318 3.70856 6
    endloop
  endfacet
  facet normal -0 0 1
    outer loop
      vertex -9.48264 4.30396 6
      vertex -9.40028 3.71187 6
      vertex -9.38927 4.30948 6
    endloop
  endfacet
  facet normal 0 0 1
    outer loop
      vertex -9.40028 3.71187 6
      vertex -9.48264 4.30396 6
      vertex -9.43669 3.71117 6
    endloop
  endfacet
  facet normal 0 0 1
    outer loop
      vertex -9.43669 3.71117 6
      vertex -9.48264 4.30396 6
      vertex -9.47429 3.70905 6
    endloop
  endfacet
  facet normal -0 0 1
    outer loop
      vertex -9.57458 4.29472 6
      vertex -9.47429 3.70905 6
      vertex -9.48264 4.30396 6
    endloop
  endfacet
  facet normal 0 0 1
    outer loop
      vertex -9.47429 3.70905 6
      vertex -9.57458 4.29472 6
      vertex -9.51308 3.70552 6
    endloop
  endfacet
  facet normal 0 0 1
    outer loop
      vertex -9.51308 3.70552 6
      vertex -9.57458 4.29472 6
      vertex -9.55304 3.70058 6
    endloop
  endfacet
  facet normal -0 0 1
    outer loop
      vertex -9.66513 4.28181 6
      vertex -9.55304 3.70058 6
      vertex -9.57458 4.29472 6
    endloop
  endfacet
  facet normal 0 0 1
    outer loop
      vertex -9.55304 3.70058 6
      vertex -9.66513 4.28181 6
      vertex -9.59421 3.69423 6
    endloop
  endfacet
  facet normal -0 0 1
    outer loop
      vertex -9.75424 4.26521 6
      vertex -9.59421 3.69423 6
      vertex -9.66513 4.28181 6
    endloop
  endfacet
  facet normal 0 0 1
    outer loop
      vertex -9.59421 3.69423 6
      vertex -9.75424 4.26521 6
      vertex -9.63609 3.68674 6
    endloop
  endfacet
  facet normal 0 0 1
    outer loop
      vertex -9.63609 3.68674 6
      vertex -9.75424 4.26521 6
      vertex -9.67819 3.67838 6
    endloop
  endfacet
  facet normal -0 0 1
    outer loop
      vertex -9.84328 4.24483 6
      vertex -9.67819 3.67838 6
      vertex -9.75424 4.26521 6
    endloop
  endfacet
  facet normal 0 0 1
    outer loop
      vertex -9.67819 3.67838 6
      vertex -9.84328 4.24483 6
      vertex -9.7205 3.66916 6
    endloop
  endfacet
  facet normal 0 0 1
    outer loop
      vertex -9.7205 3.66916 6
      vertex -9.84328 4.24483 6
      vertex -9.76303 3.65906 6
    endloop
  endfacet
  facet normal -0 0 1
    outer loop
      vertex -9.9335 4.22052 6
      vertex -9.76303 3.65906 6
      vertex -9.84328 4.24483 6
    endloop
  endfacet
  facet normal 0 0 1
    outer loop
      vertex -9.76303 3.65906 6
      vertex -9.9335 4.22052 6
      vertex -9.80577 3.6481 6
    endloop
  endfacet
  facet normal -0 0 1
    outer loop
      vertex -10.0249 4.19231 6
      vertex -9.80577 3.6481 6
      vertex -9.9335 4.22052 6
    endloop
  endfacet
  facet normal 0 0 1
    outer loop
      vertex -9.80577 3.6481 6
      vertex -10.0249 4.19231 6
      vertex -9.84853 3.63628 6
    endloop
  endfacet
  facet normal 0 0 1
    outer loop
      vertex -9.84853 3.63628 6
      vertex -10.0249 4.19231 6
      vertex -9.89107 3.62358 6
    endloop
  endfacet
  facet normal -0 0 1
    outer loop
      vertex -10.1175 4.1602 6
      vertex -9.89107 3.62358 6
      vertex -10.0249 4.19231 6
    endloop
  endfacet
  facet normal 0 0 1
    outer loop
      vertex -9.89107 3.62358 6
      vertex -10.1175 4.1602 6
      vertex -9.93338 3.61003 6
    endloop
  endfacet
  facet normal 0 0 1
    outer loop
      vertex -9.93338 3.61003 6
      vertex -10.1175 4.1602 6
      vertex -9.97548 3.5956 6
    endloop
  endfacet
  facet normal -0 0 1
    outer loop
      vertex -10.2113 4.12419 6
      vertex -9.97548 3.5956 6
      vertex -10.1175 4.1602 6
    endloop
  endfacet
  facet normal 0 0 1
    outer loop
      vertex -9.97548 3.5956 6
      vertex -10.2113 4.12419 6
      vertex -10.0174 3.58031 6
    endloop
  endfacet
  facet normal 0 0 1
    outer loop
      vertex -10.0174 3.58031 6
      vertex -10.2113 4.12419 6
      vertex -10.0585 3.56453 6
    endloop
  endfacet
  facet normal 0 0 1
    outer loop
      vertex -10.0585 3.56453 6
      vertex -10.2113 4.12419 6
      vertex -10.0985 3.54863 6
    endloop
  endfacet
  facet normal 0 0 1
    outer loop
      vertex -10.0985 3.54863 6
      vertex -10.2113 4.12419 6
      vertex -10.1373 3.53264 6
    endloop
  endfacet
  facet normal 0 0 1
    outer loop
      vertex -10.1373 3.53264 6
      vertex -10.2113 4.12419 6
      vertex -10.1749 3.51653 6
    endloop
  endfacet
  facet normal 0 0 1
    outer loop
      vertex -10.1749 3.51653 6
      vertex -10.2113 4.12419 6
      vertex -10.2113 3.50031 6
    endloop
  endfacet
  facet normal 0 0 1
    outer loop
      vertex -7.87379 1.61432 6
      vertex -8.55019 1.8223 6
      vertex -7.93109 1.48792 6
    endloop
  endfacet
  facet normal -0 0 1
    outer loop
      vertex -8.58411 1.74417 6
      vertex -7.93109 1.48792 6
      vertex -8.55019 1.8223 6
    endloop
  endfacet
  facet normal 0 0 1
    outer loop
      vertex -7.93109 1.48792 6
      vertex -8.58411 1.74417 6
      vertex -7.99619 1.37019 6
    endloop
  endfacet
  facet normal -0 0 1
    outer loop
      vertex -8.62289 1.67105 6
      vertex -7.99619 1.37019 6
      vertex -8.58411 1.74417 6
    endloop
  endfacet
  facet normal 0 0 1
    outer loop
      vertex -7.99619 1.37019 6
      vertex -8.62289 1.67105 6
      vertex -8.06909 1.26115 6
    endloop
  endfacet
  facet normal -0 0 1
    outer loop
      vertex -8.66656 1.60292 6
      vertex -8.06909 1.26115 6
      vertex -8.62289 1.67105 6
    endloop
  endfacet
  facet normal 0 0 1
    outer loop
      vertex -8.06909 1.26115 6
      vertex -8.66656 1.60292 6
      vertex -8.14981 1.1608 6
    endloop
  endfacet
  facet normal -0 0 1
    outer loop
      vertex -8.71523 1.54021 6
      vertex -8.14981 1.1608 6
      vertex -8.66656 1.60292 6
    endloop
  endfacet
  facet normal 0 0 1
    outer loop
      vertex -8.14981 1.1608 6
      vertex -8.71523 1.54021 6
      vertex -8.23808 1.06932 6
    endloop
  endfacet
  facet normal -0 0 1
    outer loop
      vertex -8.76898 1.48335 6
      vertex -8.23808 1.06932 6
      vertex -8.71523 1.54021 6
    endloop
  endfacet
  facet normal 0 0 1
    outer loop
      vertex -8.23808 1.06932 6
      vertex -8.76898 1.48335 6
      vertex -8.33362 0.986969 6
    endloop
  endfacet
  facet normal 0 0 1
    outer loop
      vertex -8.33362 0.986969 6
      vertex -8.76898 1.48335 6
      vertex -8.43643 0.913727 6
    endloop
  endfacet
  facet normal -0 0 1
    outer loop
      vertex -8.82785 1.43236 6
      vertex -8.43643 0.913727 6
      vertex -8.76898 1.48335 6
    endloop
  endfacet
  facet normal 0 0 1
    outer loop
      vertex -8.43643 0.913727 6
      vertex -8.82785 1.43236 6
      vertex -8.54651 0.849609 6
    endloop
  endfacet
  facet normal -0 0 1
    outer loop
      vertex -8.8918 1.38722 6
      vertex -8.54651 0.849609 6
      vertex -8.82785 1.43236 6
    endloop
  endfacet
  facet normal 0 0 1
    outer loop
      vertex -8.54651 0.849609 6
      vertex -8.8918 1.38722 6
      vertex -8.66385 0.794601 6
    endloop
  endfacet
  facet normal -0 0 1
    outer loop
      vertex -8.96085 1.34796 6
      vertex -8.66385 0.794601 6
      vertex -8.8918 1.38722 6
    endloop
  endfacet
  facet normal 0 0 1
    outer loop
      vertex -8.66385 0.794601 6
      vertex -8.96085 1.34796 6
      vertex -8.78781 0.749176 6
    endloop
  endfacet
  facet normal -0 0 1
    outer loop
      vertex -9.03539 1.31525 6
      vertex -8.78781 0.749176 6
      vertex -8.96085 1.34796 6
    endloop
  endfacet
  facet normal 0 0 1
    outer loop
      vertex -8.78781 0.749176 6
      vertex -9.03539 1.31525 6
      vertex -8.91774 0.713852 6
    endloop
  endfacet
  facet normal -0 0 1
    outer loop
      vertex -9.1158 1.28979 6
      vertex -8.91774 0.713852 6
      vertex -9.03539 1.31525 6
    endloop
  endfacet
  facet normal 0 0 1
    outer loop
      vertex -8.91774 0.713852 6
      vertex -9.1158 1.28979 6
      vertex -9.05363 0.688629 6
    endloop
  endfacet
  facet normal -0 0 1
    outer loop
      vertex -9.20204 1.27162 6
      vertex -9.05363 0.688629 6
      vertex -9.1158 1.28979 6
    endloop
  endfacet
  facet normal 0 0 1
    outer loop
      vertex -9.05363 0.688629 6
      vertex -9.20204 1.27162 6
      vertex -9.1955 0.673492 6
    endloop
  endfacet
  facet normal -0 0 1
    outer loop
      vertex -9.29416 1.26071 6
      vertex -9.1955 0.673492 6
      vertex -9.20204 1.27162 6
    endloop
  endfacet
  facet normal 0 0 1
    outer loop
      vertex -9.29416 1.26071 6
      vertex -9.34332 0.668442 6
      vertex -9.1955 0.673492 6
    endloop
  endfacet
  facet normal -0 0 1
    outer loop
      vertex -9.39214 1.25708 6
      vertex -9.34332 0.668442 6
      vertex -9.29416 1.26071 6
    endloop
  endfacet
  facet normal 0 0 1
    outer loop
      vertex -9.34332 0.668442 6
      vertex -9.39214 1.25708 6
      vertex -9.39156 0.668655 6
    endloop
  endfacet
  facet normal 0 0 1
    outer loop
      vertex -9.39214 1.25708 6
      vertex -9.43858 0.669312 6
      vertex -9.39156 0.668655 6
    endloop
  endfacet
  facet normal 0 0 1
    outer loop
      vertex -9.46202 1.25893 6
      vertex -9.43858 0.669312 6
      vertex -9.39214 1.25708 6
    endloop
  endfacet
  facet normal 0 0 1
    outer loop
      vertex -9.46202 1.25893 6
      vertex -9.48442 0.670395 6
      vertex -9.43858 0.669312 6
    endloop
  endfacet
  facet normal 0 0 1
    outer loop
      vertex -9.46202 1.25893 6
      vertex -9.52907 0.671921 6
      vertex -9.48442 0.670395 6
    endloop
  endfacet
  facet normal 0 0 1
    outer loop
      vertex -9.53493 1.26447 6
      vertex -9.52907 0.671921 6
      vertex -9.46202 1.25893 6
    endloop
  endfacet
  facet normal 0 0 1
    outer loop
      vertex -9.53493 1.26447 6
      vertex -9.57253 0.673874 6
      vertex -9.52907 0.671921 6
    endloop
  endfacet
  facet normal 0 0 1
    outer loop
      vertex -9.61523 0.676437 6
      vertex -9.53493 1.26447 6
      vertex -9.61089 1.27368 6
    endloop
  endfacet
  facet normal 0 0 1
    outer loop
      vertex -9.53493 1.26447 6
      vertex -9.61523 0.676437 6
      vertex -9.57253 0.673874 6
    endloop
  endfacet
  facet normal 0 0 1
    outer loop
      vertex -9.61089 1.27368 6
      vertex -9.65759 0.679749 6
      vertex -9.61523 0.676437 6
    endloop
  endfacet
  facet normal 0 0 1
    outer loop
      vertex -9.74135 0.688644 6
      vertex -9.61089 1.27368 6
      vertex -9.68987 1.28659 6
    endloop
  endfacet
  facet normal 0 0 1
    outer loop
      vertex -9.61089 1.27368 6
      vertex -9.69963 0.683823 6
      vertex -9.65759 0.679749 6
    endloop
  endfacet
  facet normal 0 0 1
    outer loop
      vertex -9.61089 1.27368 6
      vertex -9.74135 0.688644 6
      vertex -9.69963 0.683823 6
    endloop
  endfacet
  facet normal 0 0 1
    outer loop
      vertex -9.82407 0.700592 6
      vertex -9.68987 1.28659 6
      vertex -9.77188 1.30321 6
    endloop
  endfacet
  facet normal 0 0 1
    outer loop
      vertex -9.68987 1.28659 6
      vertex -9.78273 0.694244 6
      vertex -9.74135 0.688644 6
    endloop
  endfacet
  facet normal 0 0 1
    outer loop
      vertex -9.68987 1.28659 6
      vertex -9.82407 0.700592 6
      vertex -9.78273 0.694244 6
    endloop
  endfacet
  facet normal 0 0 1
    outer loop
      vertex -9.9494 0.724182 6
      vertex -9.77188 1.30321 6
      vertex -9.85631 1.32413 6
    endloop
  endfacet
  facet normal 0 0 1
    outer loop
      vertex -9.77188 1.30321 6
      vertex -9.86563 0.707687 6
      vertex -9.82407 0.700592 6
    endloop
  endfacet
  facet normal 0 0 1
    outer loop
      vertex -9.77188 1.30321 6
      vertex -9.90741 0.715561 6
      vertex -9.86563 0.707687 6
    endloop
  endfacet
  facet normal 0 0 1
    outer loop
      vertex -10.0775 0.755249 6
      vertex -9.85631 1.32413 6
      vertex -9.94246 1.35005 6
    endloop
  endfacet
  facet normal 0 0 1
    outer loop
      vertex -9.77188 1.30321 6
      vertex -9.9494 0.724182 6
      vertex -9.90741 0.715561 6
    endloop
  endfacet
  facet normal 0 0 1
    outer loop
      vertex -9.85631 1.32413 6
      vertex -9.99161 0.733566 6
      vertex -9.9494 0.724182 6
    endloop
  endfacet
  facet normal 0 0 1
    outer loop
      vertex -10.1661 0.781311 6
      vertex -9.94246 1.35005 6
      vertex -10.0303 1.38098 6
    endloop
  endfacet
  facet normal 0 0 1
    outer loop
      vertex -9.85631 1.32413 6
      vertex -10.0343 0.743866 6
      vertex -9.99161 0.733566 6
    endloop
  endfacet
  facet normal 0 0 1
    outer loop
      vertex -9.85631 1.32413 6
      vertex -10.0775 0.755249 6
      vertex -10.0343 0.743866 6
    endloop
  endfacet
  facet normal 0 0 1
    outer loop
      vertex -10.2113 0.795959 6
      vertex -10.0303 1.38098 6
      vertex -10.12 1.41689 6
    endloop
  endfacet
  facet normal 0 0 1
    outer loop
      vertex -9.94246 1.35005 6
      vertex -10.1215 0.767731 6
      vertex -10.0775 0.755249 6
    endloop
  endfacet
  facet normal 0 0 1
    outer loop
      vertex -9.94246 1.35005 6
      vertex -10.1661 0.781311 6
      vertex -10.1215 0.767731 6
    endloop
  endfacet
  facet normal 0 0 1
    outer loop
      vertex -10.2113 0.795959 6
      vertex -10.12 1.41689 6
      vertex -10.2113 1.45779 6
    endloop
  endfacet
  facet normal 0 0 1
    outer loop
      vertex -10.0303 1.38098 6
      vertex -10.2113 0.795959 6
      vertex -10.1661 0.781311 6
    endloop
  endfacet
  facet normal 0 0 1
    outer loop
      vertex -7.00181 -3.06139 6
      vertex -6.40842 -3.05666 6
      vertex -6.40842 -1.9625 6
    endloop
  endfacet
  facet normal 0 0 1
    outer loop
      vertex -6.40842 -3.05666 6
      vertex -6.71222 -3.63578 6
      vertex -6.50338 -4.10572 6
    endloop
  endfacet
  facet normal 0 0 1
    outer loop
      vertex -6.40842 -3.05666 6
      vertex -7.00181 -3.06139 6
      vertex -6.71222 -3.63578 6
    endloop
  endfacet
  facet normal 0 0 1
    outer loop
      vertex -7.00181 -3.06139 6
      vertex -6.40842 -1.9625 6
      vertex -7.00181 -1.9625 6
    endloop
  endfacet
  facet normal 0 0 1
    outer loop
      vertex -6.71222 -3.63578 6
      vertex -7.00181 -3.06139 6
      vertex -6.9211 -4.11996 6
    endloop
  endfacet
  facet normal 0 0 1
    outer loop
      vertex -8.01999 -5.06458 6
      vertex -6.9211 -4.11996 6
      vertex -7.00181 -3.06139 6
    endloop
  endfacet
  facet normal 0 0 1
    outer loop
      vertex -6.9211 -4.11996 6
      vertex -8.01999 -5.06458 6
      vertex -7.39815 -5.06458 6
    endloop
  endfacet
  facet normal -0 0 1
    outer loop
      vertex -6.50338 -4.10572 6
      vertex -5.39972 -5.06458 6
      vertex -6.40842 -3.05666 6
    endloop
  endfacet
  facet normal 0 0 1
    outer loop
      vertex -5.39972 -5.06458 6
      vertex -6.50338 -4.10572 6
      vertex -6.04767 -5.06458 6
    endloop
  endfacet
  facet normal 0 0 1
    outer loop
      vertex -4.39597 3.06898 6
      vertex -5.0645 3.0983 6
      vertex -5.06325 3.02831 6
    endloop
  endfacet
  facet normal 0 0 1
    outer loop
      vertex -4.89894 4.15651 6
      vertex -5.06824 3.16502 6
      vertex -5.0645 3.0983 6
    endloop
  endfacet
  facet normal 0 0 1
    outer loop
      vertex -4.89894 4.15651 6
      vertex -5.07446 3.2285 6
      vertex -5.06824 3.16502 6
    endloop
  endfacet
  facet normal 0 0 1
    outer loop
      vertex -5.30984 3.67876 6
      vertex -4.98552 4.20035 6
      vertex -5.07948 4.2381 6
    endloop
  endfacet
  facet normal 0 0 1
    outer loop
      vertex -4.89894 4.15651 6
      vertex -5.08319 3.28873 6
      vertex -5.07446 3.2285 6
    endloop
  endfacet
  facet normal 0 0 1
    outer loop
      vertex -4.89894 4.15651 6
      vertex -5.09441 3.3457 6
      vertex -5.08319 3.28873 6
    endloop
  endfacet
  facet normal 0 0 1
    outer loop
      vertex -4.89894 4.15651 6
      vertex -5.10873 3.39935 6
      vertex -5.09441 3.3457 6
    endloop
  endfacet
  facet normal 0 0 1
    outer loop
      vertex -4.89894 4.15651 6
      vertex -5.12674 3.44963 6
      vertex -5.10873 3.39935 6
    endloop
  endfacet
  facet normal 0 0 1
    outer loop
      vertex -4.89894 4.15651 6
      vertex -5.14845 3.49655 6
      vertex -5.12674 3.44963 6
    endloop
  endfacet
  facet normal 0 0 1
    outer loop
      vertex -4.89894 4.15651 6
      vertex -5.17384 3.54012 6
      vertex -5.14845 3.49655 6
    endloop
  endfacet
  facet normal 0 0 1
    outer loop
      vertex -5.35178 3.70399 6
      vertex -5.07948 4.2381 6
      vertex -5.18106 4.26933 6
    endloop
  endfacet
  facet normal 0 0 1
    outer loop
      vertex -4.89894 4.15651 6
      vertex -5.20293 3.58031 6
      vertex -5.17384 3.54012 6
    endloop
  endfacet
  facet normal 0 0 1
    outer loop
      vertex -4.89894 4.15651 6
      vertex -5.23543 3.61691 6
      vertex -5.20293 3.58031 6
    endloop
  endfacet
  facet normal 0 0 1
    outer loop
      vertex -4.89894 4.15651 6
      vertex -5.27107 3.64973 6
      vertex -5.23543 3.61691 6
    endloop
  endfacet
  facet normal 0 0 1
    outer loop
      vertex -5.39685 3.72542 6
      vertex -5.18106 4.26933 6
      vertex -5.29044 4.29364 6
    endloop
  endfacet
  facet normal 0 0 1
    outer loop
      vertex -4.98552 4.20035 6
      vertex -5.30984 3.67876 6
      vertex -5.27107 3.64973 6
    endloop
  endfacet
  facet normal 0 0 1
    outer loop
      vertex -5.07948 4.2381 6
      vertex -5.35178 3.70399 6
      vertex -5.30984 3.67876 6
    endloop
  endfacet
  facet normal 0 0 1
    outer loop
      vertex -5.18106 4.26933 6
      vertex -5.39685 3.72542 6
      vertex -5.35178 3.70399 6
    endloop
  endfacet
  facet normal 0 0 1
    outer loop
      vertex -5.44589 3.74301 6
      vertex -5.29044 4.29364 6
      vertex -5.40761 4.311 6
    endloop
  endfacet
  facet normal 0 0 1
    outer loop
      vertex -5.29044 4.29364 6
      vertex -5.44589 3.74301 6
      vertex -5.39685 3.72542 6
    endloop
  endfacet
  facet normal 0 0 1
    outer loop
      vertex -5.40761 4.311 6
      vertex -5.49971 3.75668 6
      vertex -5.44589 3.74301 6
    endloop
  endfacet
  facet normal 0 0 1
    outer loop
      vertex -5.5583 3.76645 6
      vertex -5.40761 4.311 6
      vertex -5.53261 4.32141 6
    endloop
  endfacet
  facet normal 0 0 1
    outer loop
      vertex -5.40761 4.311 6
      vertex -5.5583 3.76645 6
      vertex -5.49971 3.75668 6
    endloop
  endfacet
  facet normal 0 0 1
    outer loop
      vertex -5.53261 4.32141 6
      vertex -5.62166 3.77231 6
      vertex -5.5583 3.76645 6
    endloop
  endfacet
  facet normal 0 0 1
    outer loop
      vertex -5.66541 4.32489 6
      vertex -5.62166 3.77231 6
      vertex -5.53261 4.32141 6
    endloop
  endfacet
  facet normal 0 0 1
    outer loop
      vertex -5.66541 4.32489 6
      vertex -5.6898 3.77426 6
      vertex -5.62166 3.77231 6
    endloop
  endfacet
  facet normal -0 0 1
    outer loop
      vertex -5.78455 4.32141 6
      vertex -5.6898 3.77426 6
      vertex -5.66541 4.32489 6
    endloop
  endfacet
  facet normal 0 0 1
    outer loop
      vertex -5.6898 3.77426 6
      vertex -5.78455 4.32141 6
      vertex -5.75394 3.77258 6
    endloop
  endfacet
  facet normal 0 0 1
    outer loop
      vertex -5.78455 4.32141 6
      vertex -5.81393 3.76753 6
      vertex -5.75394 3.77258 6
    endloop
  endfacet
  facet normal -0 0 1
    outer loop
      vertex -5.8989 4.311 6
      vertex -5.81393 3.76753 6
      vertex -5.78455 4.32141 6
    endloop
  endfacet
  facet normal 0 0 1
    outer loop
      vertex -5.81393 3.76753 6
      vertex -5.8989 4.311 6
      vertex -5.86983 3.75912 6
    endloop
  endfacet
  facet normal -0 0 1
    outer loop
      vertex -6.00848 4.29364 6
      vertex -5.86983 3.75912 6
      vertex -5.8989 4.311 6
    endloop
  endfacet
  facet normal 0 0 1
    outer loop
      vertex -5.86983 3.75912 6
      vertex -6.00848 4.29364 6
      vertex -5.92157 3.74736 6
    endloop
  endfacet
  facet normal -0 0 1
    outer loop
      vertex -6.1133 4.26933 6
      vertex -5.92157 3.74736 6
      vertex -6.00848 4.29364 6
    endloop
  endfacet
  facet normal 0 0 1
    outer loop
      vertex -5.92157 3.74736 6
      vertex -6.1133 4.26933 6
      vertex -5.96921 3.73222 6
    endloop
  endfacet
  facet normal -0 0 1
    outer loop
      vertex -6.21333 4.2381 6
      vertex -5.96921 3.73222 6
      vertex -6.1133 4.26933 6
    endloop
  endfacet
  facet normal 0 0 1
    outer loop
      vertex -5.96921 3.73222 6
      vertex -6.21333 4.2381 6
      vertex -6.01326 3.71335 6
    endloop
  endfacet
  facet normal -0 0 1
    outer loop
      vertex -6.30798 4.20003 6
      vertex -6.01326 3.71335 6
      vertex -6.21333 4.2381 6
    endloop
  endfacet
  facet normal 0 0 1
    outer loop
      vertex -6.01326 3.71335 6
      vertex -6.30798 4.20003 6
      vertex -6.05428 3.69034 6
    endloop
  endfacet
  facet normal -0 0 1
    outer loop
      vertex -6.39668 4.15521 6
      vertex -6.05428 3.69034 6
      vertex -6.30798 4.20003 6
    endloop
  endfacet
  facet normal 0 0 1
    outer loop
      vertex -6.05428 3.69034 6
      vertex -6.39668 4.15521 6
      vertex -6.09224 3.66321 6
    endloop
  endfacet
  facet normal -0 0 1
    outer loop
      vertex -6.47942 4.10367 6
      vertex -6.09224 3.66321 6
      vertex -6.39668 4.15521 6
    endloop
  endfacet
  facet normal 0 0 1
    outer loop
      vertex -6.09224 3.66321 6
      vertex -6.47942 4.10367 6
      vertex -6.12718 3.63196 6
    endloop
  endfacet
  facet normal -0 0 1
    outer loop
      vertex -6.55617 4.04541 6
      vertex -6.12718 3.63196 6
      vertex -6.47942 4.10367 6
    endloop
  endfacet
  facet normal 0 0 1
    outer loop
      vertex -6.12718 3.63196 6
      vertex -6.55617 4.04541 6
      vertex -6.15909 3.59659 6
    endloop
  endfacet
  facet normal -0 0 1
    outer loop
      vertex -6.62697 3.98042 6
      vertex -6.15909 3.59659 6
      vertex -6.55617 4.04541 6
    endloop
  endfacet
  facet normal 0 0 1
    outer loop
      vertex -6.15909 3.59659 6
      vertex -6.62697 3.98042 6
      vertex -6.18794 3.55704 6
    endloop
  endfacet
  facet normal -0 0 1
    outer loop
      vertex -6.69164 3.90865 6
      vertex -6.18794 3.55704 6
      vertex -6.62697 3.98042 6
    endloop
  endfacet
  facet normal 0 0 1
    outer loop
      vertex -6.18794 3.55704 6
      vertex -6.69164 3.90865 6
      vertex -6.21378 3.51324 6
    endloop
  endfacet
  facet normal -0 0 1
    outer loop
      vertex -6.75002 3.83002 6
      vertex -6.21378 3.51324 6
      vertex -6.69164 3.90865 6
    endloop
  endfacet
  facet normal 0 0 1
    outer loop
      vertex -6.21378 3.51324 6
      vertex -6.75002 3.83002 6
      vertex -6.23656 3.46524 6
    endloop
  endfacet
  facet normal -0 0 1
    outer loop
      vertex -6.80209 3.74458 6
      vertex -6.23656 3.46524 6
      vertex -6.75002 3.83002 6
    endloop
  endfacet
  facet normal -0 0 1
    outer loop
      vertex -6.84789 3.6523 6
      vertex -6.23656 3.46524 6
      vertex -6.80209 3.74458 6
    endloop
  endfacet
  facet normal 0 0 1
    outer loop
      vertex -6.23656 3.46524 6
      vertex -6.84789 3.6523 6
      vertex -6.2563 3.41301 6
    endloop
  endfacet
  facet normal -0 0 1
    outer loop
      vertex -6.88736 3.55319 6
      vertex -6.2563 3.41301 6
      vertex -6.84789 3.6523 6
    endloop
  endfacet
  facet normal 0 0 1
    outer loop
      vertex -6.2563 3.41301 6
      vertex -6.88736 3.55319 6
      vertex -6.27301 3.35655 6
    endloop
  endfacet
  facet normal -0 0 1
    outer loop
      vertex -6.92009 3.44734 6
      vertex -6.27301 3.35655 6
      vertex -6.88736 3.55319 6
    endloop
  endfacet
  facet normal 0 0 1
    outer loop
      vertex -6.27301 3.35655 6
      vertex -6.92009 3.44734 6
      vertex -6.28667 3.29546 6
    endloop
  endfacet
  facet normal -0 0 1
    outer loop
      vertex -6.94553 3.33488 6
      vertex -6.28667 3.29546 6
      vertex -6.92009 3.44734 6
    endloop
  endfacet
  facet normal 0 0 1
    outer loop
      vertex -6.28667 3.29546 6
      vertex -6.94553 3.33488 6
      vertex -6.2973 3.22937 6
    endloop
  endfacet
  facet normal 0 0 1
    outer loop
      vertex -6.2973 3.22937 6
      vertex -6.94553 3.33488 6
      vertex -6.30489 3.15831 6
    endloop
  endfacet
  facet normal -0 0 1
    outer loop
      vertex -6.9637 3.21581 6
      vertex -6.30489 3.15831 6
      vertex -6.94553 3.33488 6
    endloop
  endfacet
  facet normal 0 0 1
    outer loop
      vertex -6.30489 3.15831 6
      vertex -6.9637 3.21581 6
      vertex -6.30945 3.08224 6
    endloop
  endfacet
  facet normal -0 0 1
    outer loop
      vertex -6.97461 3.0901 6
      vertex -6.30945 3.08224 6
      vertex -6.9637 3.21581 6
    endloop
  endfacet
  facet normal 0 0 1
    outer loop
      vertex -6.30945 3.08224 6
      vertex -6.97461 3.0901 6
      vertex -6.31096 3.00119 6
    endloop
  endfacet
  facet normal 0 0 1
    outer loop
      vertex -6.31096 3.00119 6
      vertex -6.97461 3.0901 6
      vertex -6.97824 2.95778 6
    endloop
  endfacet
  facet normal 0 0 1
    outer loop
      vertex -6.31096 3.00119 6
      vertex -6.97824 2.95778 6
      vertex -6.31096 0.717285 6
    endloop
  endfacet
  facet normal 0 0 1
    outer loop
      vertex -6.31096 0.717285 6
      vertex -6.97824 2.95778 6
      vertex -6.97824 0.717285 6
    endloop
  endfacet
  facet normal -0 0 1
    outer loop
      vertex -5.0645 3.0983 6
      vertex -4.39597 3.06898 6
      vertex -4.39868 3.1828 6
    endloop
  endfacet
  facet normal 0 0 1
    outer loop
      vertex -5.0645 3.0983 6
      vertex -4.39868 3.1828 6
      vertex -4.40681 3.29207 6
    endloop
  endfacet
  facet normal 0 0 1
    outer loop
      vertex -5.0645 3.0983 6
      vertex -4.40681 3.29207 6
      vertex -4.42038 3.39677 6
    endloop
  endfacet
  facet normal 0 0 1
    outer loop
      vertex -5.0645 3.0983 6
      vertex -4.42038 3.39677 6
      vertex -4.43936 3.49692 6
    endloop
  endfacet
  facet normal 0 0 1
    outer loop
      vertex -5.0645 3.0983 6
      vertex -4.43936 3.49692 6
      vertex -4.46376 3.5925 6
    endloop
  endfacet
  facet normal 0 0 1
    outer loop
      vertex -5.0645 3.0983 6
      vertex -4.46376 3.5925 6
      vertex -4.49425 3.683 6
    endloop
  endfacet
  facet normal 0 0 1
    outer loop
      vertex -5.0645 3.0983 6
      vertex -4.49425 3.683 6
      vertex -4.53146 3.76785 6
    endloop
  endfacet
  facet normal 0 0 1
    outer loop
      vertex -5.0645 3.0983 6
      vertex -4.53146 3.76785 6
      vertex -4.57539 3.84705 6
    endloop
  endfacet
  facet normal 0 0 1
    outer loop
      vertex -5.0645 3.0983 6
      vertex -4.57539 3.84705 6
      vertex -4.62605 3.92062 6
    endloop
  endfacet
  facet normal 0 0 1
    outer loop
      vertex -5.0645 3.0983 6
      vertex -4.62605 3.92062 6
      vertex -4.68344 3.98854 6
    endloop
  endfacet
  facet normal 0 0 1
    outer loop
      vertex -5.0645 3.0983 6
      vertex -4.68344 3.98854 6
      vertex -4.74789 4.05061 6
    endloop
  endfacet
  facet normal 0 0 1
    outer loop
      vertex -5.0645 3.0983 6
      vertex -4.74789 4.05061 6
      vertex -4.81973 4.1066 6
    endloop
  endfacet
  facet normal 0 0 1
    outer loop
      vertex -5.0645 3.0983 6
      vertex -4.81973 4.1066 6
      vertex -4.89894 4.15651 6
    endloop
  endfacet
  facet normal 0 0 1
    outer loop
      vertex -5.27107 3.64973 6
      vertex -4.89894 4.15651 6
      vertex -4.98552 4.20035 6
    endloop
  endfacet
  facet normal 0 0 1
    outer loop
      vertex -4.39597 3.06898 6
      vertex -5.06325 3.02831 6
      vertex -4.39597 0.717285 6
    endloop
  endfacet
  facet normal 0 0 1
    outer loop
      vertex -4.39597 0.717285 6
      vertex -5.06325 3.02831 6
      vertex -5.06325 0.717285 6
    endloop
  endfacet
  facet normal -0 0 1
    outer loop
      vertex -3.68958 -3.24654 6
      vertex -3.57804 -3.70223 6
      vertex -3.57804 -3.24654 6
    endloop
  endfacet
  facet normal 0 0 1
    outer loop
      vertex -3.81537 -3.70223 6
      vertex -3.68958 -3.24654 6
      vertex -3.74782 -3.24364 6
    endloop
  endfacet
  facet normal 0 0 1
    outer loop
      vertex -3.81537 -3.70223 6
      vertex -3.74782 -3.24364 6
      vertex -3.80294 -3.23495 6
    endloop
  endfacet
  facet normal 0 0 1
    outer loop
      vertex -3.68958 -3.24654 6
      vertex -3.81537 -3.70223 6
      vertex -3.57804 -3.70223 6
    endloop
  endfacet
  facet normal 0 0 1
    outer loop
      vertex -3.86849 -3.70337 6
      vertex -3.80294 -3.23495 6
      vertex -3.85491 -3.22046 6
    endloop
  endfacet
  facet normal 0 0 1
    outer loop
      vertex -3.80294 -3.23495 6
      vertex -3.86849 -3.70337 6
      vertex -3.81537 -3.70223 6
    endloop
  endfacet
  facet normal 0 0 1
    outer loop
      vertex -3.96873 -3.71248 6
      vertex -3.85491 -3.22046 6
      vertex -3.90375 -3.20019 6
    endloop
  endfacet
  facet normal 0 0 1
    outer loop
      vertex -3.85491 -3.22046 6
      vertex -3.91961 -3.70679 6
      vertex -3.86849 -3.70337 6
    endloop
  endfacet
  facet normal 0 0 1
    outer loop
      vertex -4.3494 -3.43641 6
      vertex -3.90375 -3.20019 6
      vertex -3.94945 -3.17412 6
    endloop
  endfacet
  facet normal 0 0 1
    outer loop
      vertex -3.85491 -3.22046 6
      vertex -3.96873 -3.71248 6
      vertex -3.91961 -3.70679 6
    endloop
  endfacet
  facet normal 0 0 1
    outer loop
      vertex -4.3494 -3.43641 6
      vertex -3.94945 -3.17412 6
      vertex -3.99166 -3.14237 6
    endloop
  endfacet
  facet normal 0 0 1
    outer loop
      vertex -3.90375 -3.20019 6
      vertex -4.01586 -3.72045 6
      vertex -3.96873 -3.71248 6
    endloop
  endfacet
  facet normal 0 0 1
    outer loop
      vertex -4.3494 -3.43641 6
      vertex -3.99166 -3.14237 6
      vertex -4.02997 -3.10502 6
    endloop
  endfacet
  facet normal 0 0 1
    outer loop
      vertex -3.90375 -3.20019 6
      vertex -4.3494 -3.43641 6
      vertex -4.01586 -3.72045 6
    endloop
  endfacet
  facet normal 0 0 1
    outer loop
      vertex -4.3494 -3.43641 6
      vertex -4.02997 -3.10502 6
      vertex -4.0644 -3.06205 6
    endloop
  endfacet
  facet normal 0 0 1
    outer loop
      vertex -4.3494 -3.43641 6
      vertex -4.0644 -3.06205 6
      vertex -4.09492 -3.0135 6
    endloop
  endfacet
  facet normal 0 0 1
    outer loop
      vertex -4.01586 -3.72045 6
      vertex -4.3494 -3.43641 6
      vertex -4.061 -3.73069 6
    endloop
  endfacet
  facet normal 0 0 1
    outer loop
      vertex -4.55825 -3.30701 6
      vertex -4.09492 -3.0135 6
      vertex -4.12156 -2.95933 6
    endloop
  endfacet
  facet normal 0 0 1
    outer loop
      vertex -4.061 -3.73069 6
      vertex -4.3494 -3.43641 6
      vertex -4.10387 -3.74323 6
    endloop
  endfacet
  facet normal 0 0 1
    outer loop
      vertex -4.10387 -3.74323 6
      vertex -4.3494 -3.43641 6
      vertex -4.14417 -3.75803 6
    endloop
  endfacet
  facet normal 0 0 1
    outer loop
      vertex -4.14417 -3.75803 6
      vertex -4.3494 -3.43641 6
      vertex -4.18192 -3.77512 6
    endloop
  endfacet
  facet normal 0 0 1
    outer loop
      vertex -4.18192 -3.77512 6
      vertex -4.3494 -3.43641 6
      vertex -4.21708 -3.79449 6
    endloop
  endfacet
  facet normal -0 0 1
    outer loop
      vertex -4.40735 -3.44733 6
      vertex -4.21708 -3.79449 6
      vertex -4.3494 -3.43641 6
    endloop
  endfacet
  facet normal 0 0 1
    outer loop
      vertex -4.21708 -3.79449 6
      vertex -4.40735 -3.44733 6
      vertex -4.24969 -3.81612 6
    endloop
  endfacet
  facet normal -0 0 1
    outer loop
      vertex -4.46351 -3.4611 6
      vertex -4.24969 -3.81612 6
      vertex -4.40735 -3.44733 6
    endloop
  endfacet
  facet normal 0 0 1
    outer loop
      vertex -4.24969 -3.81612 6
      vertex -4.46351 -3.4611 6
      vertex -4.27959 -3.84 6
    endloop
  endfacet
  facet normal 0 0 1
    outer loop
      vertex -4.09492 -3.0135 6
      vertex -4.39422 -3.42364 6
      vertex -4.3494 -3.43641 6
    endloop
  endfacet
  facet normal 0 0 1
    outer loop
      vertex -4.09492 -3.0135 6
      vertex -4.43751 -3.4043 6
      vertex -4.39422 -3.42364 6
    endloop
  endfacet
  facet normal 0 0 1
    outer loop
      vertex -4.09492 -3.0135 6
      vertex -4.47927 -3.37842 6
      vertex -4.43751 -3.4043 6
    endloop
  endfacet
  facet normal 0 0 1
    outer loop
      vertex -4.09492 -3.0135 6
      vertex -4.51952 -3.346 6
      vertex -4.47927 -3.37842 6
    endloop
  endfacet
  facet normal 0 0 1
    outer loop
      vertex -4.74813 -3.00207 6
      vertex -4.12156 -2.95933 6
      vertex -4.55825 -1.9625 6
    endloop
  endfacet
  facet normal 0 -0 1
    outer loop
      vertex -4.63421 -3.20754 6
      vertex -4.12156 -2.95933 6
      vertex -4.67219 -3.14655 6
    endloop
  endfacet
  facet normal 0 -0 1
    outer loop
      vertex -4.55825 -3.30701 6
      vertex -4.12156 -2.95933 6
      vertex -4.59623 -3.26102 6
    endloop
  endfacet
  facet normal 0 0 1
    outer loop
      vertex -4.09492 -3.0135 6
      vertex -4.55825 -3.30701 6
      vertex -4.51952 -3.346 6
    endloop
  endfacet
  facet normal 0 -0 1
    outer loop
      vertex -4.59623 -3.26102 6
      vertex -4.12156 -2.95933 6
      vertex -4.63421 -3.20754 6
    endloop
  endfacet
  facet normal 0 0 1
    outer loop
      vertex -4.12156 -2.95933 6
      vertex -4.71015 -3.07806 6
      vertex -4.67219 -3.14655 6
    endloop
  endfacet
  facet normal 0 0 1
    outer loop
      vertex -4.12156 -2.95933 6
      vertex -4.74813 -3.00207 6
      vertex -4.71015 -3.07806 6
    endloop
  endfacet
  facet normal 0 -0 1
    outer loop
      vertex -4.74813 -3.00207 6
      vertex -4.55825 -1.9625 6
      vertex -5.24418 -1.9625 6
    endloop
  endfacet
  facet normal 0 0 1
    outer loop
      vertex -3.57804 -3.24654 6
      vertex -2.99416 -1.9625 6
      vertex -3.57804 -1.9625 6
    endloop
  endfacet
  facet normal 0 0 1
    outer loop
      vertex -3.57804 -3.70223 6
      vertex -2.99416 -1.9625 6
      vertex -3.57804 -3.24654 6
    endloop
  endfacet
  facet normal 0 0 1
    outer loop
      vertex -2.99416 -1.9625 6
      vertex -3.57804 -3.70223 6
      vertex -2.99416 -5.06458 6
    endloop
  endfacet
  facet normal -0 0 1
    outer loop
      vertex -3.57804 -4.57801 6
      vertex -2.99416 -5.06458 6
      vertex -3.57804 -3.70223 6
    endloop
  endfacet
  facet normal 0 0 1
    outer loop
      vertex -3.89843 -5.06458 6
      vertex -3.57804 -4.57801 6
      vertex -3.83434 -4.57801 6
    endloop
  endfacet
  facet normal 0 0 1
    outer loop
      vertex -3.57804 -4.57801 6
      vertex -3.89843 -5.06458 6
      vertex -2.99416 -5.06458 6
    endloop
  endfacet
  facet normal 0 0 1
    outer loop
      vertex -3.94439 -4.57403 6
      vertex -3.89843 -5.06458 6
      vertex -3.83434 -4.57801 6
    endloop
  endfacet
  facet normal 0 0 1
    outer loop
      vertex -3.94439 -4.57403 6
      vertex -3.99906 -5.06283 6
      vertex -3.89843 -5.06458 6
    endloop
  endfacet
  facet normal 0 0 1
    outer loop
      vertex -4.04284 -4.56206 6
      vertex -3.99906 -5.06283 6
      vertex -3.94439 -4.57403 6
    endloop
  endfacet
  facet normal 0 0 1
    outer loop
      vertex -4.04284 -4.56206 6
      vertex -4.09589 -5.05755 6
      vertex -3.99906 -5.06283 6
    endloop
  endfacet
  facet normal 0 0 1
    outer loop
      vertex -4.18894 -5.04876 6
      vertex -4.04284 -4.56206 6
      vertex -4.12971 -4.54212 6
    endloop
  endfacet
  facet normal 0 0 1
    outer loop
      vertex -4.04284 -4.56206 6
      vertex -4.18894 -5.04876 6
      vertex -4.09589 -5.05755 6
    endloop
  endfacet
  facet normal 0 0 1
    outer loop
      vertex -4.27817 -5.03646 6
      vertex -4.12971 -4.54212 6
      vertex -4.20499 -4.51421 6
    endloop
  endfacet
  facet normal 0 0 1
    outer loop
      vertex -4.44469 -5.00077 6
      vertex -4.20499 -4.51421 6
      vertex -4.2687 -4.47832 6
    endloop
  endfacet
  facet normal 0 0 1
    outer loop
      vertex -4.12971 -4.54212 6
      vertex -4.27817 -5.03646 6
      vertex -4.18894 -5.04876 6
    endloop
  endfacet
  facet normal 0 0 1
    outer loop
      vertex -4.59205 -4.94704 6
      vertex -4.2687 -4.47832 6
      vertex -4.32082 -4.43332 6
    endloop
  endfacet
  facet normal 0 0 1
    outer loop
      vertex -4.77579 -4.83141 6
      vertex -4.32082 -4.43332 6
      vertex -4.36136 -4.37807 6
    endloop
  endfacet
  facet normal 0 0 1
    outer loop
      vertex -4.20499 -4.51421 6
      vertex -4.36361 -5.02065 6
      vertex -4.27817 -5.03646 6
    endloop
  endfacet
  facet normal 0 0 1
    outer loop
      vertex -4.94629 -4.60888 6
      vertex -4.36136 -4.37807 6
      vertex -4.39033 -4.31257 6
    endloop
  endfacet
  facet normal 0 0 1
    outer loop
      vertex -5.01308 -4.38587 6
      vertex -4.39033 -4.31257 6
      vertex -4.40769 -4.23681 6
    endloop
  endfacet
  facet normal -0 0 1
    outer loop
      vertex -5.02581 -4.20777 6
      vertex -4.40769 -4.23681 6
      vertex -4.41349 -4.15079 6
    endloop
  endfacet
  facet normal 0 0 1
    outer loop
      vertex -4.20499 -4.51421 6
      vertex -4.44469 -5.00077 6
      vertex -4.36361 -5.02065 6
    endloop
  endfacet
  facet normal -0 0 1
    outer loop
      vertex -4.51786 -3.4777 6
      vertex -4.27959 -3.84 6
      vertex -4.46351 -3.4611 6
    endloop
  endfacet
  facet normal 0 0 1
    outer loop
      vertex -4.27959 -3.84 6
      vertex -4.51786 -3.4777 6
      vertex -4.30666 -3.86608 6
    endloop
  endfacet
  facet normal -0 0 1
    outer loop
      vertex -4.57039 -3.49717 6
      vertex -4.30666 -3.86608 6
      vertex -4.51786 -3.4777 6
    endloop
  endfacet
  facet normal 0 0 1
    outer loop
      vertex -4.30666 -3.86608 6
      vertex -4.57039 -3.49717 6
      vertex -4.33086 -3.89432 6
    endloop
  endfacet
  facet normal -0 0 1
    outer loop
      vertex -4.62115 -3.51946 6
      vertex -4.33086 -3.89432 6
      vertex -4.57039 -3.49717 6
    endloop
  endfacet
  facet normal -0 0 1
    outer loop
      vertex -4.66961 -3.54467 6
      vertex -4.33086 -3.89432 6
      vertex -4.62115 -3.51946 6
    endloop
  endfacet
  facet normal 0 0 1
    outer loop
      vertex -4.33086 -3.89432 6
      vertex -4.66961 -3.54467 6
      vertex -4.35224 -3.92475 6
    endloop
  endfacet
  facet normal -0 0 1
    outer loop
      vertex -4.71532 -3.57281 6
      vertex -4.35224 -3.92475 6
      vertex -4.66961 -3.54467 6
    endloop
  endfacet
  facet normal -0 0 1
    outer loop
      vertex -4.75828 -3.6039 6
      vertex -4.35224 -3.92475 6
      vertex -4.71532 -3.57281 6
    endloop
  endfacet
  facet normal 0 0 1
    outer loop
      vertex -4.35224 -3.92475 6
      vertex -4.75828 -3.6039 6
      vertex -4.37075 -3.95736 6
    endloop
  endfacet
  facet normal -0 0 1
    outer loop
      vertex -4.79848 -3.63793 6
      vertex -4.37075 -3.95736 6
      vertex -4.75828 -3.6039 6
    endloop
  endfacet
  facet normal 0 0 1
    outer loop
      vertex -4.40769 -4.23681 6
      vertex -5.02263 -4.29976 6
      vertex -5.01308 -4.38587 6
    endloop
  endfacet
  facet normal -0 0 1
    outer loop
      vertex -4.83594 -3.6749 6
      vertex -4.37075 -3.95736 6
      vertex -4.79848 -3.63793 6
    endloop
  endfacet
  facet normal 0 0 1
    outer loop
      vertex -4.2687 -4.47832 6
      vertex -4.52083 -4.97623 6
      vertex -4.44469 -5.00077 6
    endloop
  endfacet
  facet normal 0 0 1
    outer loop
      vertex -4.37075 -3.95736 6
      vertex -4.83594 -3.6749 6
      vertex -4.38613 -3.99206 6
    endloop
  endfacet
  facet normal 0 0 1
    outer loop
      vertex -4.39033 -4.31257 6
      vertex -5.01308 -4.38587 6
      vertex -4.99718 -4.4661 6
    endloop
  endfacet
  facet normal -0 0 1
    outer loop
      vertex -4.8704 -3.71483 6
      vertex -4.38613 -3.99206 6
      vertex -4.83594 -3.6749 6
    endloop
  endfacet
  facet normal -0 0 1
    outer loop
      vertex -4.90163 -3.7577 6
      vertex -4.38613 -3.99206 6
      vertex -4.8704 -3.71483 6
    endloop
  endfacet
  facet normal 0 0 1
    outer loop
      vertex -4.2687 -4.47832 6
      vertex -4.59205 -4.94704 6
      vertex -4.52083 -4.97623 6
    endloop
  endfacet
  facet normal 0 0 1
    outer loop
      vertex -4.38613 -3.99206 6
      vertex -4.90163 -3.7577 6
      vertex -4.39811 -4.02875 6
    endloop
  endfacet
  facet normal 0 0 1
    outer loop
      vertex -4.32082 -4.43332 6
      vertex -4.6583 -4.9132 6
      vertex -4.59205 -4.94704 6
    endloop
  endfacet
  facet normal -0 0 1
    outer loop
      vertex -4.92965 -3.8035 6
      vertex -4.39811 -4.02875 6
      vertex -4.90163 -3.7577 6
    endloop
  endfacet
  facet normal 0 0 1
    outer loop
      vertex -4.32082 -4.43332 6
      vertex -4.71963 -4.8747 6
      vertex -4.6583 -4.9132 6
    endloop
  endfacet
  facet normal -0 0 1
    outer loop
      vertex -4.95443 -3.85225 6
      vertex -4.39811 -4.02875 6
      vertex -4.92965 -3.8035 6
    endloop
  endfacet
  facet normal 0 0 1
    outer loop
      vertex -4.39811 -4.02875 6
      vertex -4.95443 -3.85225 6
      vertex -4.40665 -4.06745 6
    endloop
  endfacet
  facet normal 0 0 1
    outer loop
      vertex -4.32082 -4.43332 6
      vertex -4.77579 -4.83141 6
      vertex -4.71963 -4.8747 6
    endloop
  endfacet
  facet normal -0 0 1
    outer loop
      vertex -4.97597 -3.90394 6
      vertex -4.40665 -4.06745 6
      vertex -4.95443 -3.85225 6
    endloop
  endfacet
  facet normal 0 0 1
    outer loop
      vertex -4.36136 -4.37807 6
      vertex -4.82654 -4.78318 6
      vertex -4.77579 -4.83141 6
    endloop
  endfacet
  facet normal -0 0 1
    outer loop
      vertex -4.99392 -3.95864 6
      vertex -4.40665 -4.06745 6
      vertex -4.97597 -3.90394 6
    endloop
  endfacet
  facet normal 0 0 1
    outer loop
      vertex -4.36136 -4.37807 6
      vertex -4.87188 -4.73002 6
      vertex -4.82654 -4.78318 6
    endloop
  endfacet
  facet normal 0 0 1
    outer loop
      vertex -4.40665 -4.06745 6
      vertex -4.99392 -3.95864 6
      vertex -4.41178 -4.10813 6
    endloop
  endfacet
  facet normal 0 0 1
    outer loop
      vertex -4.36136 -4.37807 6
      vertex -4.91179 -4.67191 6
      vertex -4.87188 -4.73002 6
    endloop
  endfacet
  facet normal -0 0 1
    outer loop
      vertex -5.00786 -4.01636 6
      vertex -4.41178 -4.10813 6
      vertex -4.99392 -3.95864 6
    endloop
  endfacet
  facet normal -0 0 1
    outer loop
      vertex -5.01784 -4.07712 6
      vertex -4.41178 -4.10813 6
      vertex -5.00786 -4.01636 6
    endloop
  endfacet
  facet normal 0 0 1
    outer loop
      vertex -4.36136 -4.37807 6
      vertex -4.94629 -4.60888 6
      vertex -4.91179 -4.67191 6
    endloop
  endfacet
  facet normal 0 0 1
    outer loop
      vertex -4.41178 -4.10813 6
      vertex -5.01784 -4.07712 6
      vertex -4.41349 -4.15079 6
    endloop
  endfacet
  facet normal 0 0 1
    outer loop
      vertex -4.39033 -4.31257 6
      vertex -4.99718 -4.4661 6
      vertex -4.97492 -4.54043 6
    endloop
  endfacet
  facet normal 0 0 1
    outer loop
      vertex -4.41349 -4.15079 6
      vertex -5.01784 -4.07712 6
      vertex -5.02382 -4.14094 6
    endloop
  endfacet
  facet normal 0 0 1
    outer loop
      vertex -4.39033 -4.31257 6
      vertex -4.97492 -4.54043 6
      vertex -4.94629 -4.60888 6
    endloop
  endfacet
  facet normal 0 0 1
    outer loop
      vertex -4.41349 -4.15079 6
      vertex -5.02382 -4.14094 6
      vertex -5.02581 -4.20777 6
    endloop
  endfacet
  facet normal 0 0 1
    outer loop
      vertex -4.40769 -4.23681 6
      vertex -5.02581 -4.20777 6
      vertex -5.02263 -4.29976 6
    endloop
  endfacet
  facet normal 0 0 1
    outer loop
      vertex -1.01714 4.2625 6
      vertex -1.78001 3.61864 6
      vertex -1.01714 0.274124 6
    endloop
  endfacet
  facet normal -0 0 1
    outer loop
      vertex -3.46451 4.2625 6
      vertex -1.78001 3.61864 6
      vertex -1.01714 4.2625 6
    endloop
  endfacet
  facet normal 0 0 1
    outer loop
      vertex -1.78001 3.61864 6
      vertex -3.46451 4.2625 6
      vertex -3.46451 3.61864 6
    endloop
  endfacet
  facet normal 0 0 1
    outer loop
      vertex -1.01714 0.274124 6
      vertex -1.78001 3.61864 6
      vertex -1.78001 0.274124 6
    endloop
  endfacet
  facet normal 0 0 1
    outer loop
      vertex -0.0878048 -3.49811 6
      vertex -0.710821 -3.31753 6
      vertex -0.704885 -3.52657 6
    endloop
  endfacet
  facet normal 0 0 1
    outer loop
      vertex -0.531897 -2.1684 6
      vertex -0.728613 -3.13088 6
      vertex -0.710821 -3.31753 6
    endloop
  endfacet
  facet normal 0 0 1
    outer loop
      vertex -0.531897 -2.1684 6
      vertex -0.758276 -2.96664 6
      vertex -0.728613 -3.13088 6
    endloop
  endfacet
  facet normal 0 0 1
    outer loop
      vertex -0.531897 -2.1684 6
      vertex -0.79981 -2.82481 6
      vertex -0.758276 -2.96664 6
    endloop
  endfacet
  facet normal 0 0 1
    outer loop
      vertex -0.531897 -2.1684 6
      vertex -0.853216 -2.70537 6
      vertex -0.79981 -2.82481 6
    endloop
  endfacet
  facet normal 0 0 1
    outer loop
      vertex -1.00171 -2.53222 6
      vertex -0.691778 -2.05443 6
      vertex -0.875967 -1.97301 6
    endloop
  endfacet
  facet normal 0 0 1
    outer loop
      vertex -0.531897 -2.1684 6
      vertex -0.920004 -2.60796 6
      vertex -0.853216 -2.70537 6
    endloop
  endfacet
  facet normal 0 0 1
    outer loop
      vertex -0.531897 -2.1684 6
      vertex -1.00171 -2.53222 6
      vertex -0.920004 -2.60796 6
    endloop
  endfacet
  facet normal 0 0 1
    outer loop
      vertex -1.0983 -2.47811 6
      vertex -0.875967 -1.97301 6
      vertex -1.08445 -1.92419 6
    endloop
  endfacet
  facet normal 0 0 1
    outer loop
      vertex -0.875967 -1.97301 6
      vertex -1.0983 -2.47811 6
      vertex -1.00171 -2.53222 6
    endloop
  endfacet
  facet normal 0 0 1
    outer loop
      vertex -1.08445 -1.92419 6
      vertex -1.20981 -2.44564 6
      vertex -1.0983 -2.47811 6
    endloop
  endfacet
  facet normal 0 0 1
    outer loop
      vertex -1.31724 -1.9079 6
      vertex -1.20981 -2.44564 6
      vertex -1.08445 -1.92419 6
    endloop
  endfacet
  facet normal 0 0 1
    outer loop
      vertex -1.31724 -1.9079 6
      vertex -1.33622 -2.43482 6
      vertex -1.20981 -2.44564 6
    endloop
  endfacet
  facet normal -0 0 1
    outer loop
      vertex -1.42135 -1.9117 6
      vertex -1.33622 -2.43482 6
      vertex -1.31724 -1.9079 6
    endloop
  endfacet
  facet normal 0 0 1
    outer loop
      vertex -1.33622 -2.43482 6
      vertex -1.42135 -1.9117 6
      vertex -1.40168 -2.43761 6
    endloop
  endfacet
  facet normal -0 0 1
    outer loop
      vertex -1.52288 -1.9231 6
      vertex -1.40168 -2.43761 6
      vertex -1.42135 -1.9117 6
    endloop
  endfacet
  facet normal 0 0 1
    outer loop
      vertex -1.40168 -2.43761 6
      vertex -1.52288 -1.9231 6
      vertex -1.46325 -2.44602 6
    endloop
  endfacet
  facet normal -0 0 1
    outer loop
      vertex -1.62185 -1.94208 6
      vertex -1.46325 -2.44602 6
      vertex -1.52288 -1.9231 6
    endloop
  endfacet
  facet normal 0 0 1
    outer loop
      vertex -1.46325 -2.44602 6
      vertex -1.62185 -1.94208 6
      vertex -1.52091 -2.46001 6
    endloop
  endfacet
  facet normal -0 0 1
    outer loop
      vertex -1.71825 -1.96863 6
      vertex -1.52091 -2.46001 6
      vertex -1.62185 -1.94208 6
    endloop
  endfacet
  facet normal 0 0 1
    outer loop
      vertex -1.52091 -2.46001 6
      vertex -1.71825 -1.96863 6
      vertex -1.5747 -2.47962 6
    endloop
  endfacet
  facet normal -0 0 1
    outer loop
      vertex -1.81211 -2.00281 6
      vertex -1.5747 -2.47962 6
      vertex -1.71825 -1.96863 6
    endloop
  endfacet
  facet normal 0 0 1
    outer loop
      vertex -1.5747 -2.47962 6
      vertex -1.81211 -2.00281 6
      vertex -1.62458 -2.50481 6
    endloop
  endfacet
  facet normal -0 0 1
    outer loop
      vertex -1.9023 -2.04488 6
      vertex -1.62458 -2.50481 6
      vertex -1.81211 -2.00281 6
    endloop
  endfacet
  facet normal 0 0 1
    outer loop
      vertex -1.62458 -2.50481 6
      vertex -1.9023 -2.04488 6
      vertex -1.67077 -2.53544 6
    endloop
  endfacet
  facet normal -0 0 1
    outer loop
      vertex -1.98775 -2.0951 6
      vertex -1.67077 -2.53544 6
      vertex -1.9023 -2.04488 6
    endloop
  endfacet
  facet normal 0 0 1
    outer loop
      vertex -1.67077 -2.53544 6
      vertex -1.98775 -2.0951 6
      vertex -1.71345 -2.57128 6
    endloop
  endfacet
  facet normal -0 0 1
    outer loop
      vertex -2.06844 -2.15349 6
      vertex -1.71345 -2.57128 6
      vertex -1.98775 -2.0951 6
    endloop
  endfacet
  facet normal -0 0 1
    outer loop
      vertex -2.14438 -2.22004 6
      vertex -1.71345 -2.57128 6
      vertex -2.06844 -2.15349 6
    endloop
  endfacet
  facet normal 0 0 1
    outer loop
      vertex -1.71345 -2.57128 6
      vertex -2.14438 -2.22004 6
      vertex -1.75261 -2.61234 6
    endloop
  endfacet
  facet normal -0 0 1
    outer loop
      vertex -2.21558 -2.29475 6
      vertex -1.75261 -2.61234 6
      vertex -2.14438 -2.22004 6
    endloop
  endfacet
  facet normal 0 0 1
    outer loop
      vertex -1.75261 -2.61234 6
      vertex -2.21558 -2.29475 6
      vertex -1.78826 -2.65862 6
    endloop
  endfacet
  facet normal -0 0 1
    outer loop
      vertex -2.28147 -2.37792 6
      vertex -1.78826 -2.65862 6
      vertex -2.21558 -2.29475 6
    endloop
  endfacet
  facet normal 0 0 1
    outer loop
      vertex -1.78826 -2.65862 6
      vertex -2.28147 -2.37792 6
      vertex -1.82041 -2.71014 6
    endloop
  endfacet
  facet normal -0 0 1
    outer loop
      vertex -2.34147 -2.46982 6
      vertex -1.82041 -2.71014 6
      vertex -2.28147 -2.37792 6
    endloop
  endfacet
  facet normal 0 0 1
    outer loop
      vertex -1.82041 -2.71014 6
      vertex -2.34147 -2.46982 6
      vertex -1.84917 -2.76676 6
    endloop
  endfacet
  facet normal -0 0 1
    outer loop
      vertex -2.39557 -2.57047 6
      vertex -1.84917 -2.76676 6
      vertex -2.34147 -2.46982 6
    endloop
  endfacet
  facet normal 0 0 1
    outer loop
      vertex -1.84917 -2.76676 6
      vertex -2.39557 -2.57047 6
      vertex -1.8747 -2.82841 6
    endloop
  endfacet
  facet normal -0 0 1
    outer loop
      vertex -2.44379 -2.67983 6
      vertex -1.8747 -2.82841 6
      vertex -2.39557 -2.57047 6
    endloop
  endfacet
  facet normal 0 0 1
    outer loop
      vertex -1.8747 -2.82841 6
      vertex -2.44379 -2.67983 6
      vertex -1.89701 -2.8951 6
    endloop
  endfacet
  facet normal -0 0 1
    outer loop
      vertex -2.48614 -2.79795 6
      vertex -1.89701 -2.8951 6
      vertex -2.44379 -2.67983 6
    endloop
  endfacet
  facet normal 0 0 1
    outer loop
      vertex -1.89701 -2.8951 6
      vertex -2.48614 -2.79795 6
      vertex -1.9161 -2.96682 6
    endloop
  endfacet
  facet normal 0 -0 1
    outer loop
      vertex -2.57232 -3.82306 6
      vertex -1.96758 -3.49811 6
      vertex -2.58466 -3.52657 6
    endloop
  endfacet
  facet normal -0 0 1
    outer loop
      vertex -2.52161 -2.92507 6
      vertex -1.9161 -2.96682 6
      vertex -2.48614 -2.79795 6
    endloop
  endfacet
  facet normal 0 0 1
    outer loop
      vertex -1.9161 -2.96682 6
      vertex -2.52161 -2.92507 6
      vertex -1.93195 -3.04357 6
    endloop
  endfacet
  facet normal 0 -0 1
    outer loop
      vertex -2.5353 -4.08976 6
      vertex -1.96758 -3.49811 6
      vertex -2.57232 -3.82306 6
    endloop
  endfacet
  facet normal 0 0 1
    outer loop
      vertex -1.93195 -3.04357 6
      vertex -2.52161 -2.92507 6
      vertex -1.94477 -3.12517 6
    endloop
  endfacet
  facet normal -0 0 1
    outer loop
      vertex -2.5492 -3.06148 6
      vertex -1.94477 -3.12517 6
      vertex -2.52161 -2.92507 6
    endloop
  endfacet
  facet normal 0 -0 1
    outer loop
      vertex -2.47358 -4.32662 6
      vertex -1.96758 -3.49811 6
      vertex -2.5353 -4.08976 6
    endloop
  endfacet
  facet normal 0 0 1
    outer loop
      vertex -1.94477 -3.12517 6
      vertex -2.5492 -3.06148 6
      vertex -1.95475 -3.21143 6
    endloop
  endfacet
  facet normal -0 0 1
    outer loop
      vertex -2.5689 -3.20722 6
      vertex -1.95475 -3.21143 6
      vertex -2.5492 -3.06148 6
    endloop
  endfacet
  facet normal 0 -0 1
    outer loop
      vertex -2.38718 -4.53368 6
      vertex -1.96758 -3.49811 6
      vertex -2.47358 -4.32662 6
    endloop
  endfacet
  facet normal 0 0 1
    outer loop
      vertex -1.95475 -3.21143 6
      vertex -2.5689 -3.20722 6
      vertex -1.96187 -3.30234 6
    endloop
  endfacet
  facet normal 0 0 1
    outer loop
      vertex -2.58072 -3.36225 6
      vertex -1.96187 -3.30234 6
      vertex -2.5689 -3.20722 6
    endloop
  endfacet
  facet normal 0 -0 1
    outer loop
      vertex -2.2761 -4.71094 6
      vertex -1.96758 -3.49811 6
      vertex -2.38718 -4.53368 6
    endloop
  endfacet
  facet normal 0 0 1
    outer loop
      vertex -1.96187 -3.30234 6
      vertex -2.58072 -3.36225 6
      vertex -1.96615 -3.39791 6
    endloop
  endfacet
  facet normal 0 0 1
    outer loop
      vertex -1.96615 -3.39791 6
      vertex -2.58072 -3.36225 6
      vertex -1.96758 -3.49811 6
    endloop
  endfacet
  facet normal 0 0 1
    outer loop
      vertex -1.96758 -3.49811 6
      vertex -2.14054 -4.85705 6
      vertex -1.98067 -4.97069 6
    endloop
  endfacet
  facet normal 0 0 1
    outer loop
      vertex -1.96758 -3.49811 6
      vertex -2.58072 -3.36225 6
      vertex -2.58466 -3.52657 6
    endloop
  endfacet
  facet normal 0 -0 1
    outer loop
      vertex -2.14054 -4.85705 6
      vertex -1.96758 -3.49811 6
      vertex -2.2761 -4.71094 6
    endloop
  endfacet
  facet normal -0 0 1
    outer loop
      vertex -0.710821 -3.31753 6
      vertex -0.0878048 -3.49811 6
      vertex -0.100134 -3.20243 6
    endloop
  endfacet
  facet normal 0 0 1
    outer loop
      vertex -0.0878048 -3.49811 6
      vertex -0.704885 -3.52657 6
      vertex -0.0917416 -3.66245 6
    endloop
  endfacet
  facet normal -0 0 1
    outer loop
      vertex -0.706305 -3.62678 6
      vertex -0.0917416 -3.66245 6
      vertex -0.704885 -3.52657 6
    endloop
  endfacet
  facet normal 0 0 1
    outer loop
      vertex -0.710821 -3.31753 6
      vertex -0.100134 -3.20243 6
      vertex -0.137167 -2.93627 6
    endloop
  endfacet
  facet normal 0 0 1
    outer loop
      vertex -0.710577 -3.72234 6
      vertex -0.0917416 -3.66245 6
      vertex -0.706305 -3.62678 6
    endloop
  endfacet
  facet normal 0 0 1
    outer loop
      vertex -0.0917416 -3.66245 6
      vertex -0.710577 -3.72234 6
      vertex -0.103552 -3.81748 6
    endloop
  endfacet
  facet normal 0 0 1
    outer loop
      vertex -0.710821 -3.31753 6
      vertex -0.137167 -2.93627 6
      vertex -0.198874 -2.69964 6
    endloop
  endfacet
  facet normal -0 0 1
    outer loop
      vertex -0.717703 -3.81324 6
      vertex -0.103552 -3.81748 6
      vertex -0.710577 -3.72234 6
    endloop
  endfacet
  facet normal 0 0 1
    outer loop
      vertex -0.103552 -3.81748 6
      vertex -0.717703 -3.81324 6
      vertex -0.123251 -3.9632 6
    endloop
  endfacet
  facet normal 0 0 1
    outer loop
      vertex -0.710821 -3.31753 6
      vertex -0.198874 -2.69964 6
      vertex -0.285254 -2.49253 6
    endloop
  endfacet
  facet normal -0 0 1
    outer loop
      vertex -0.727667 -3.89948 6
      vertex -0.123251 -3.9632 6
      vertex -0.717703 -3.81324 6
    endloop
  endfacet
  facet normal 0 0 1
    outer loop
      vertex -0.123251 -3.9632 6
      vertex -0.727667 -3.89948 6
      vertex -0.150839 -4.09963 6
    endloop
  endfacet
  facet normal 0 0 1
    outer loop
      vertex -0.710821 -3.31753 6
      vertex -0.285254 -2.49253 6
      vertex -0.396322 -2.31495 6
    endloop
  endfacet
  facet normal -0 0 1
    outer loop
      vertex -0.740484 -3.98108 6
      vertex -0.150839 -4.09963 6
      vertex -0.727667 -3.89948 6
    endloop
  endfacet
  facet normal -0 0 1
    outer loop
      vertex -0.756384 -4.05785 6
      vertex -0.150839 -4.09963 6
      vertex -0.740484 -3.98108 6
    endloop
  endfacet
  facet normal 0 0 1
    outer loop
      vertex -0.710821 -3.31753 6
      vertex -0.396322 -2.31495 6
      vertex -0.531897 -2.1684 6
    endloop
  endfacet
  facet normal 0 0 1
    outer loop
      vertex -0.150839 -4.09963 6
      vertex -0.756384 -4.05785 6
      vertex -0.186285 -4.22675 6
    endloop
  endfacet
  facet normal 0 0 1
    outer loop
      vertex -0.186285 -4.22675 6
      vertex -0.775625 -4.12958 6
      vertex -0.228643 -4.34485 6
    endloop
  endfacet
  facet normal 0 0 1
    outer loop
      vertex -1.00171 -2.53222 6
      vertex -0.531897 -2.1684 6
      vertex -0.691778 -2.05443 6
    endloop
  endfacet
  facet normal -0 0 1
    outer loop
      vertex -0.775625 -4.12958 6
      vertex -0.186285 -4.22675 6
      vertex -0.756384 -4.05785 6
    endloop
  endfacet
  facet normal -0 0 1
    outer loop
      vertex -0.798178 -4.19628 6
      vertex -0.228643 -4.34485 6
      vertex -0.775625 -4.12958 6
    endloop
  endfacet
  facet normal 0 0 1
    outer loop
      vertex -0.228643 -4.34485 6
      vertex -0.798178 -4.19628 6
      vertex -0.276876 -4.45421 6
    endloop
  endfacet
  facet normal -0 0 1
    outer loop
      vertex -0.824057 -4.25794 6
      vertex -0.276876 -4.45421 6
      vertex -0.798178 -4.19628 6
    endloop
  endfacet
  facet normal 0 0 1
    outer loop
      vertex -0.276876 -4.45421 6
      vertex -0.824057 -4.25794 6
      vertex -0.330984 -4.55485 6
    endloop
  endfacet
  facet normal -0 0 1
    outer loop
      vertex -0.853247 -4.31457 6
      vertex -0.330984 -4.55485 6
      vertex -0.824057 -4.25794 6
    endloop
  endfacet
  facet normal 0 0 1
    outer loop
      vertex -0.330984 -4.55485 6
      vertex -0.853247 -4.31457 6
      vertex -0.390997 -4.64675 6
    endloop
  endfacet
  facet normal -0 0 1
    outer loop
      vertex -0.885763 -4.36608 6
      vertex -0.390997 -4.64675 6
      vertex -0.853247 -4.31457 6
    endloop
  endfacet
  facet normal 0 0 1
    outer loop
      vertex -0.390997 -4.64675 6
      vertex -0.885763 -4.36608 6
      vertex -0.456869 -4.72991 6
    endloop
  endfacet
  facet normal -0 0 1
    outer loop
      vertex -0.921606 -4.41236 6
      vertex -0.456869 -4.72991 6
      vertex -0.885763 -4.36608 6
    endloop
  endfacet
  facet normal 0 0 1
    outer loop
      vertex -0.456869 -4.72991 6
      vertex -0.921606 -4.41236 6
      vertex -0.528067 -4.80463 6
    endloop
  endfacet
  facet normal -0 0 1
    outer loop
      vertex -0.96076 -4.45342 6
      vertex -0.528067 -4.80463 6
      vertex -0.921606 -4.41236 6
    endloop
  endfacet
  facet normal 0 0 1
    outer loop
      vertex -0.528067 -4.80463 6
      vertex -0.96076 -4.45342 6
      vertex -0.604025 -4.87119 6
    endloop
  endfacet
  facet normal 0 0 1
    outer loop
      vertex -0.604025 -4.87119 6
      vertex -0.96076 -4.45342 6
      vertex -0.684713 -4.92957 6
    endloop
  endfacet
  facet normal -0 0 1
    outer loop
      vertex -1.00324 -4.48926 6
      vertex -0.684713 -4.92957 6
      vertex -0.96076 -4.45342 6
    endloop
  endfacet
  facet normal 0 0 1
    outer loop
      vertex -0.684713 -4.92957 6
      vertex -1.00324 -4.48926 6
      vertex -0.770163 -4.97979 6
    endloop
  endfacet
  facet normal -0 0 1
    outer loop
      vertex -1.04903 -4.51987 6
      vertex -0.770163 -4.97979 6
      vertex -1.00324 -4.48926 6
    endloop
  endfacet
  facet normal 0 0 1
    outer loop
      vertex -0.770163 -4.97979 6
      vertex -1.04903 -4.51987 6
      vertex -0.860357 -5.02184 6
    endloop
  endfacet
  facet normal -0 0 1
    outer loop
      vertex -1.0985 -4.54506 6
      vertex -0.860357 -5.02184 6
      vertex -1.04903 -4.51987 6
    endloop
  endfacet
  facet normal 0 0 1
    outer loop
      vertex -0.860357 -5.02184 6
      vertex -1.0985 -4.54506 6
      vertex -0.954199 -5.05602 6
    endloop
  endfacet
  facet normal -0 0 1
    outer loop
      vertex -1.15195 -4.56467 6
      vertex -0.954199 -5.05602 6
      vertex -1.0985 -4.54506 6
    endloop
  endfacet
  facet normal 0 0 1
    outer loop
      vertex -0.954199 -5.05602 6
      vertex -1.15195 -4.56467 6
      vertex -1.05062 -5.08262 6
    endloop
  endfacet
  facet normal -0 0 1
    outer loop
      vertex -1.20939 -4.57866 6
      vertex -1.05062 -5.08262 6
      vertex -1.15195 -4.56467 6
    endloop
  endfacet
  facet normal 0 0 1
    outer loop
      vertex -1.05062 -5.08262 6
      vertex -1.20939 -4.57866 6
      vertex -1.14959 -5.1016 6
    endloop
  endfacet
  facet normal -0 0 1
    outer loop
      vertex -1.2708 -4.58707 6
      vertex -1.14959 -5.1016 6
      vertex -1.20939 -4.57866 6
    endloop
  endfacet
  facet normal 0 0 1
    outer loop
      vertex -1.14959 -5.1016 6
      vertex -1.2708 -4.58707 6
      vertex -1.25112 -5.113 6
    endloop
  endfacet
  facet normal -0 0 1
    outer loop
      vertex -1.33622 -4.58986 6
      vertex -1.25112 -5.113 6
      vertex -1.2708 -4.58707 6
    endloop
  endfacet
  facet normal 0 0 1
    outer loop
      vertex -1.33622 -4.58986 6
      vertex -1.35522 -5.1168 6
      vertex -1.25112 -5.113 6
    endloop
  endfacet
  facet normal 0 0 1
    outer loop
      vertex -1.46343 -4.57905 6
      vertex -1.35522 -5.1168 6
      vertex -1.33622 -4.58986 6
    endloop
  endfacet
  facet normal 0 0 1
    outer loop
      vertex -1.588 -5.10056 6
      vertex -1.46343 -4.57905 6
      vertex -1.57546 -4.54658 6
    endloop
  endfacet
  facet normal 0 0 1
    outer loop
      vertex -1.46343 -4.57905 6
      vertex -1.588 -5.10056 6
      vertex -1.35522 -5.1168 6
    endloop
  endfacet
  facet normal 0 0 1
    outer loop
      vertex -1.7965 -5.05186 6
      vertex -1.57546 -4.54658 6
      vertex -1.67231 -4.49247 6
    endloop
  endfacet
  facet normal 0 0 1
    outer loop
      vertex -1.98067 -4.97069 6
      vertex -1.67231 -4.49247 6
      vertex -1.75396 -4.41669 6
    endloop
  endfacet
  facet normal 0 0 1
    outer loop
      vertex -1.57546 -4.54658 6
      vertex -1.7965 -5.05186 6
      vertex -1.588 -5.10056 6
    endloop
  endfacet
  facet normal 0 0 1
    outer loop
      vertex -1.98067 -4.97069 6
      vertex -1.75396 -4.41669 6
      vertex -1.82041 -4.31928 6
    endloop
  endfacet
  facet normal 0 0 1
    outer loop
      vertex -1.98067 -4.97069 6
      vertex -1.82041 -4.31928 6
      vertex -1.87339 -4.19987 6
    endloop
  endfacet
  facet normal 0 0 1
    outer loop
      vertex -1.98067 -4.97069 6
      vertex -1.87339 -4.19987 6
      vertex -1.9146 -4.05803 6
    endloop
  endfacet
  facet normal 0 0 1
    outer loop
      vertex -1.98067 -4.97069 6
      vertex -1.9146 -4.05803 6
      vertex -1.94404 -3.8938 6
    endloop
  endfacet
  facet normal 0 0 1
    outer loop
      vertex -1.67231 -4.49247 6
      vertex -1.98067 -4.97069 6
      vertex -1.7965 -5.05186 6
    endloop
  endfacet
  facet normal 0 0 1
    outer loop
      vertex -1.96169 -3.70716 6
      vertex -1.98067 -4.97069 6
      vertex -1.94404 -3.8938 6
    endloop
  endfacet
  facet normal 0 0 1
    outer loop
      vertex -1.98067 -4.97069 6
      vertex -1.96169 -3.70716 6
      vertex -1.96758 -3.49811 6
    endloop
  endfacet
  facet normal 0 0 1
    outer loop
      vertex 2.03295 -3.73069 6
      vertex 2.5812 -1.9625 6
      vertex 2.08518 -1.9625 6
    endloop
  endfacet
  facet normal 0 0 1
    outer loop
      vertex 2.5812 -1.9625 6
      vertex 2.03295 -3.73069 6
      vertex 2.4293 -5.06458 6
    endloop
  endfacet
  facet normal -0 0 1
    outer loop
      vertex 2.01634 -4.41662 6
      vertex 2.4293 -5.06458 6
      vertex 2.03295 -3.73069 6
    endloop
  endfacet
  facet normal 0 0 1
    outer loop
      vertex 2.01634 -4.41662 6
      vertex 1.76951 -5.06458 6
      vertex 2.4293 -5.06458 6
    endloop
  endfacet
  facet normal -0 0 1
    outer loop
      vertex 1.49654 -4.18404 6
      vertex 2.01634 -4.41662 6
      vertex 1.88578 -3.94195 6
    endloop
  endfacet
  facet normal -0 0 1
    outer loop
      vertex 1.36601 -3.68799 6
      vertex 1.88578 -3.94195 6
      vertex 1.57488 -2.88576 6
    endloop
  endfacet
  facet normal 0 0 1
    outer loop
      vertex 2.01634 -4.41662 6
      vertex 1.49654 -4.18404 6
      vertex 1.76951 -5.06458 6
    endloop
  endfacet
  facet normal 0 0 1
    outer loop
      vertex 1.88578 -3.94195 6
      vertex 1.36601 -3.68799 6
      vertex 1.49654 -4.18404 6
    endloop
  endfacet
  facet normal -0 0 1
    outer loop
      vertex 1.20937 -2.88576 6
      vertex 1.36601 -3.68799 6
      vertex 1.57488 -2.88576 6
    endloop
  endfacet
  facet normal 0 0 1
    outer loop
      vertex 0.865212 -3.94195 6
      vertex 1.36601 -3.68799 6
      vertex 1.20937 -2.88576 6
    endloop
  endfacet
  facet normal 0 0 1
    outer loop
      vertex 1.36601 -3.68799 6
      vertex 0.865212 -3.94195 6
      vertex 1.23548 -4.15555 6
    endloop
  endfacet
  facet normal 0 0 1
    outer loop
      vertex 0.715707 -4.41662 6
      vertex 1.23548 -4.15555 6
      vertex 0.865212 -3.94195 6
    endloop
  endfacet
  facet normal 0 0 1
    outer loop
      vertex 1.23548 -4.15555 6
      vertex 0.715707 -4.41662 6
      vertex 0.948281 -5.06458 6
    endloop
  endfacet
  facet normal -0 0 1
    outer loop
      vertex 0.122338 -1.9625 6
      vertex 0.694314 -3.71645 6
      vertex 0.637368 -1.9625 6
    endloop
  endfacet
  facet normal 0 0 1
    outer loop
      vertex 0.715707 -4.41662 6
      vertex 0.276589 -5.06458 6
      vertex 0.948281 -5.06458 6
    endloop
  endfacet
  facet normal 0 -0 1
    outer loop
      vertex 0.276589 -5.06458 6
      vertex 0.694314 -3.71645 6
      vertex 0.122338 -1.9625 6
    endloop
  endfacet
  facet normal 0 0 1
    outer loop
      vertex 0.694314 -3.71645 6
      vertex 0.276589 -5.06458 6
      vertex 0.715707 -4.41662 6
    endloop
  endfacet
  facet normal -0 0 1
    outer loop
      vertex 1.17796 2.71367 6
      vertex 2.56676 2.16304 6
      vertex 2.56676 2.71367 6
    endloop
  endfacet
  facet normal 0 0 1
    outer loop
      vertex 2.56676 2.16304 6
      vertex 1.17796 2.71367 6
      vertex 1.17796 2.16304 6
    endloop
  endfacet
  facet normal 0 0 1
    outer loop
      vertex 2.56676 2.71367 6
      vertex 3.24487 4.2625 6
      vertex 2.56676 3.6983 6
    endloop
  endfacet
  facet normal -0 0 1
    outer loop
      vertex 1.11015 4.2625 6
      vertex 2.56676 3.6983 6
      vertex 3.24487 4.2625 6
    endloop
  endfacet
  facet normal 0 0 1
    outer loop
      vertex 2.56676 3.6983 6
      vertex 1.11015 4.2625 6
      vertex 1.11015 3.6983 6
    endloop
  endfacet
  facet normal 0 0 1
    outer loop
      vertex 3.24487 4.2625 6
      vertex 2.56676 2.71367 6
      vertex 3.24487 0.717285 6
    endloop
  endfacet
  facet normal -0 0 1
    outer loop
      vertex 2.56676 2.16304 6
      vertex 3.24487 0.717285 6
      vertex 2.56676 2.71367 6
    endloop
  endfacet
  facet normal -0 0 1
    outer loop
      vertex 2.56676 1.28148 6
      vertex 3.24487 0.717285 6
      vertex 2.56676 2.16304 6
    endloop
  endfacet
  facet normal 0 0 1
    outer loop
      vertex 1.11015 0.717285 6
      vertex 2.56676 1.28148 6
      vertex 1.11015 1.28148 6
    endloop
  endfacet
  facet normal 0 0 1
    outer loop
      vertex 2.56676 1.28148 6
      vertex 1.11015 0.717285 6
      vertex 3.24487 0.717285 6
    endloop
  endfacet
  facet normal -0 0 1
    outer loop
      vertex 3.13073 -3.31772 6
      vertex 4.34593 -3.79954 6
      vertex 4.34593 -3.31772 6
    endloop
  endfacet
  facet normal 0 0 1
    outer loop
      vertex 4.34593 -3.79954 6
      vertex 3.13073 -3.31772 6
      vertex 3.13073 -3.79954 6
    endloop
  endfacet
  facet normal 0 0 1
    outer loop
      vertex 4.34593 -3.31772 6
      vertex 4.93928 -1.9625 6
      vertex 4.34593 -2.45617 6
    endloop
  endfacet
  facet normal -0 0 1
    outer loop
      vertex 3.0714 -1.9625 6
      vertex 4.34593 -2.45617 6
      vertex 4.93928 -1.9625 6
    endloop
  endfacet
  facet normal 0 0 1
    outer loop
      vertex 4.34593 -2.45617 6
      vertex 3.0714 -1.9625 6
      vertex 3.0714 -2.45617 6
    endloop
  endfacet
  facet normal 0 0 1
    outer loop
      vertex 4.93928 -1.9625 6
      vertex 4.34593 -3.31772 6
      vertex 4.93928 -5.06458 6
    endloop
  endfacet
  facet normal -0 0 1
    outer loop
      vertex 4.34593 -3.79954 6
      vertex 4.93928 -5.06458 6
      vertex 4.34593 -3.31772 6
    endloop
  endfacet
  facet normal -0 0 1
    outer loop
      vertex 4.34593 -4.5709 6
      vertex 4.93928 -5.06458 6
      vertex 4.34593 -3.79954 6
    endloop
  endfacet
  facet normal 0 0 1
    outer loop
      vertex 3.0714 -5.06458 6
      vertex 4.34593 -4.5709 6
      vertex 3.0714 -4.5709 6
    endloop
  endfacet
  facet normal 0 0 1
    outer loop
      vertex 4.34593 -4.5709 6
      vertex 3.0714 -5.06458 6
      vertex 4.93928 -5.06458 6
    endloop
  endfacet
  facet normal 0 0 1
    outer loop
      vertex 6.32336 2.24171 6
      vertex 6.94992 4.2625 6
      vertex 6.38304 4.2625 6
    endloop
  endfacet
  facet normal 0 0 1
    outer loop
      vertex 6.94992 4.2625 6
      vertex 6.32336 2.24171 6
      vertex 6.77632 0.717285 6
    endloop
  endfacet
  facet normal -0 0 1
    outer loop
      vertex 6.30435 1.45779 6
      vertex 6.77632 0.717285 6
      vertex 6.32336 2.24171 6
    endloop
  endfacet
  facet normal 0 0 1
    outer loop
      vertex 6.30435 1.45779 6
      vertex 6.02228 0.717285 6
      vertex 6.77632 0.717285 6
    endloop
  endfacet
  facet normal -0 0 1
    outer loop
      vertex 5.71031 1.7236 6
      vertex 6.30435 1.45779 6
      vertex 6.15515 2.00027 6
    endloop
  endfacet
  facet normal -0 0 1
    outer loop
      vertex 5.56111 2.29053 6
      vertex 6.15515 2.00027 6
      vertex 5.79984 3.20735 6
    endloop
  endfacet
  facet normal 0 0 1
    outer loop
      vertex 6.30435 1.45779 6
      vertex 5.71031 1.7236 6
      vertex 6.02228 0.717285 6
    endloop
  endfacet
  facet normal 0 0 1
    outer loop
      vertex 6.15515 2.00027 6
      vertex 5.56111 2.29053 6
      vertex 5.71031 1.7236 6
    endloop
  endfacet
  facet normal -0 0 1
    outer loop
      vertex 5.38213 3.20735 6
      vertex 5.56111 2.29053 6
      vertex 5.79984 3.20735 6
    endloop
  endfacet
  facet normal 0 0 1
    outer loop
      vertex 4.9888 2.00027 6
      vertex 5.56111 2.29053 6
      vertex 5.38213 3.20735 6
    endloop
  endfacet
  facet normal 0 0 1
    outer loop
      vertex 5.56111 2.29053 6
      vertex 4.9888 2.00027 6
      vertex 5.41196 1.75616 6
    endloop
  endfacet
  facet normal 0 0 1
    outer loop
      vertex 4.81792 1.45779 6
      vertex 5.41196 1.75616 6
      vertex 4.9888 2.00027 6
    endloop
  endfacet
  facet normal 0 0 1
    outer loop
      vertex 5.41196 1.75616 6
      vertex 4.81792 1.45779 6
      vertex 5.08372 0.717285 6
    endloop
  endfacet
  facet normal -0 0 1
    outer loop
      vertex 4.1398 4.2625 6
      vertex 4.79347 2.258 6
      vertex 4.72839 4.2625 6
    endloop
  endfacet
  facet normal 0 0 1
    outer loop
      vertex 4.81792 1.45779 6
      vertex 4.31609 0.717285 6
      vertex 5.08372 0.717285 6
    endloop
  endfacet
  facet normal 0 -0 1
    outer loop
      vertex 4.31609 0.717285 6
      vertex 4.79347 2.258 6
      vertex 4.1398 4.2625 6
    endloop
  endfacet
  facet normal 0 0 1
    outer loop
      vertex 4.79347 2.258 6
      vertex 4.31609 0.717285 6
      vertex 4.81792 1.45779 6
    endloop
  endfacet
  facet normal 0 0 1
    outer loop
      vertex 7.40894 -3.73069 6
      vertex 7.95719 -1.9625 6
      vertex 7.46117 -1.9625 6
    endloop
  endfacet
  facet normal 0 0 1
    outer loop
      vertex 7.95719 -1.9625 6
      vertex 7.40894 -3.73069 6
      vertex 7.80529 -5.06458 6
    endloop
  endfacet
  facet normal -0 0 1
    outer loop
      vertex 7.39233 -4.41662 6
      vertex 7.80529 -5.06458 6
      vertex 7.40894 -3.73069 6
    endloop
  endfacet
  facet normal 0 0 1
    outer loop
      vertex 7.39233 -4.41662 6
      vertex 7.1455 -5.06458 6
      vertex 7.80529 -5.06458 6
    endloop
  endfacet
  facet normal -0 0 1
    outer loop
      vertex 6.87254 -4.18404 6
      vertex 7.39233 -4.41662 6
      vertex 7.26177 -3.94195 6
    endloop
  endfacet
  facet normal -0 0 1
    outer loop
      vertex 6.742 -3.68799 6
      vertex 7.26177 -3.94195 6
      vertex 6.95088 -2.88576 6
    endloop
  endfacet
  facet normal 0 0 1
    outer loop
      vertex 7.39233 -4.41662 6
      vertex 6.87254 -4.18404 6
      vertex 7.1455 -5.06458 6
    endloop
  endfacet
  facet normal 0 0 1
    outer loop
      vertex 7.26177 -3.94195 6
      vertex 6.742 -3.68799 6
      vertex 6.87254 -4.18404 6
    endloop
  endfacet
  facet normal -0 0 1
    outer loop
      vertex 6.58537 -2.88576 6
      vertex 6.742 -3.68799 6
      vertex 6.95088 -2.88576 6
    endloop
  endfacet
  facet normal 0 0 1
    outer loop
      vertex 6.2412 -3.94195 6
      vertex 6.742 -3.68799 6
      vertex 6.58537 -2.88576 6
    endloop
  endfacet
  facet normal 0 0 1
    outer loop
      vertex 6.742 -3.68799 6
      vertex 6.2412 -3.94195 6
      vertex 6.61147 -4.15555 6
    endloop
  endfacet
  facet normal 0 0 1
    outer loop
      vertex 6.0917 -4.41662 6
      vertex 6.61147 -4.15555 6
      vertex 6.2412 -3.94195 6
    endloop
  endfacet
  facet normal 0 0 1
    outer loop
      vertex 6.61147 -4.15555 6
      vertex 6.0917 -4.41662 6
      vertex 6.32427 -5.06458 6
    endloop
  endfacet
  facet normal -0 0 1
    outer loop
      vertex 5.49833 -1.9625 6
      vertex 6.07031 -3.71645 6
      vertex 6.01336 -1.9625 6
    endloop
  endfacet
  facet normal 0 0 1
    outer loop
      vertex 6.0917 -4.41662 6
      vertex 5.65258 -5.06458 6
      vertex 6.32427 -5.06458 6
    endloop
  endfacet
  facet normal 0 -0 1
    outer loop
      vertex 5.65258 -5.06458 6
      vertex 6.07031 -3.71645 6
      vertex 5.49833 -1.9625 6
    endloop
  endfacet
  facet normal 0 0 1
    outer loop
      vertex 6.07031 -3.71645 6
      vertex 5.65258 -5.06458 6
      vertex 6.0917 -4.41662 6
    endloop
  endfacet
  facet normal 0 0 1
    outer loop
      vertex 10.2996 2.50752 6
      vertex 9.58762 2.7139 6
      vertex 9.59441 2.47501 6
    endloop
  endfacet
  facet normal 0 0 1
    outer loop
      vertex 9.7921 4.02718 6
      vertex 9.56728 2.9272 6
      vertex 9.58762 2.7139 6
    endloop
  endfacet
  facet normal 0 0 1
    outer loop
      vertex 9.7921 4.02718 6
      vertex 9.53337 3.1149 6
      vertex 9.56728 2.9272 6
    endloop
  endfacet
  facet normal 0 0 1
    outer loop
      vertex 9.7921 4.02718 6
      vertex 9.48592 3.27701 6
      vertex 9.53337 3.1149 6
    endloop
  endfacet
  facet normal 0 0 1
    outer loop
      vertex 9.7921 4.02718 6
      vertex 9.42488 3.4135 6
      vertex 9.48592 3.27701 6
    endloop
  endfacet
  facet normal 0 0 1
    outer loop
      vertex 9.25517 3.61139 6
      vertex 9.60938 4.15744 6
      vertex 9.39888 4.25047 6
    endloop
  endfacet
  facet normal 0 0 1
    outer loop
      vertex 9.7921 4.02718 6
      vertex 9.34854 3.52481 6
      vertex 9.42488 3.4135 6
    endloop
  endfacet
  facet normal 0 0 1
    outer loop
      vertex 9.7921 4.02718 6
      vertex 9.25517 3.61139 6
      vertex 9.34854 3.52481 6
    endloop
  endfacet
  facet normal 0 0 1
    outer loop
      vertex 9.14478 3.67323 6
      vertex 9.39888 4.25047 6
      vertex 9.16061 4.30627 6
    endloop
  endfacet
  facet normal 0 0 1
    outer loop
      vertex 9.39888 4.25047 6
      vertex 9.14478 3.67323 6
      vertex 9.25517 3.61139 6
    endloop
  endfacet
  facet normal 0 0 1
    outer loop
      vertex 9.16061 4.30627 6
      vertex 9.01735 3.71034 6
      vertex 9.14478 3.67323 6
    endloop
  endfacet
  facet normal 0 0 1
    outer loop
      vertex 8.89456 4.32489 6
      vertex 9.01735 3.71034 6
      vertex 9.16061 4.30627 6
    endloop
  endfacet
  facet normal 0 0 1
    outer loop
      vertex 8.89456 4.32489 6
      vertex 8.87288 3.7227 6
      vertex 9.01735 3.71034 6
    endloop
  endfacet
  facet normal -0 0 1
    outer loop
      vertex 8.77559 4.32056 6
      vertex 8.87288 3.7227 6
      vertex 8.89456 4.32489 6
    endloop
  endfacet
  facet normal 0 0 1
    outer loop
      vertex 8.87288 3.7227 6
      vertex 8.77559 4.32056 6
      vertex 8.79807 3.7195 6
    endloop
  endfacet
  facet normal -0 0 1
    outer loop
      vertex 8.65955 4.30753 6
      vertex 8.79807 3.7195 6
      vertex 8.77559 4.32056 6
    endloop
  endfacet
  facet normal 0 0 1
    outer loop
      vertex 8.79807 3.7195 6
      vertex 8.65955 4.30753 6
      vertex 8.72771 3.7099 6
    endloop
  endfacet
  facet normal -0 0 1
    outer loop
      vertex 8.54645 4.28584 6
      vertex 8.72771 3.7099 6
      vertex 8.65955 4.30753 6
    endloop
  endfacet
  facet normal 0 0 1
    outer loop
      vertex 8.72771 3.7099 6
      vertex 8.54645 4.28584 6
      vertex 8.66179 3.69391 6
    endloop
  endfacet
  facet normal -0 0 1
    outer loop
      vertex 8.43626 4.25548 6
      vertex 8.66179 3.69391 6
      vertex 8.54645 4.28584 6
    endloop
  endfacet
  facet normal 0 0 1
    outer loop
      vertex 8.66179 3.69391 6
      vertex 8.43626 4.25548 6
      vertex 8.60033 3.67151 6
    endloop
  endfacet
  facet normal -0 0 1
    outer loop
      vertex 8.32899 4.21643 6
      vertex 8.60033 3.67151 6
      vertex 8.43626 4.25548 6
    endloop
  endfacet
  facet normal 0 0 1
    outer loop
      vertex 8.60033 3.67151 6
      vertex 8.32899 4.21643 6
      vertex 8.54332 3.6427 6
    endloop
  endfacet
  facet normal -0 0 1
    outer loop
      vertex 8.22592 4.16835 6
      vertex 8.54332 3.6427 6
      vertex 8.32899 4.21643 6
    endloop
  endfacet
  facet normal 0 0 1
    outer loop
      vertex 8.54332 3.6427 6
      vertex 8.22592 4.16835 6
      vertex 8.49052 3.60771 6
    endloop
  endfacet
  facet normal -0 0 1
    outer loop
      vertex 8.12827 4.11095 6
      vertex 8.49052 3.60771 6
      vertex 8.22592 4.16835 6
    endloop
  endfacet
  facet normal 0 0 1
    outer loop
      vertex 8.49052 3.60771 6
      vertex 8.12827 4.11095 6
      vertex 8.44176 3.56674 6
    endloop
  endfacet
  facet normal -0 0 1
    outer loop
      vertex 8.03604 4.04422 6
      vertex 8.44176 3.56674 6
      vertex 8.12827 4.11095 6
    endloop
  endfacet
  facet normal -0 0 1
    outer loop
      vertex 7.94925 3.96817 6
      vertex 8.44176 3.56674 6
      vertex 8.03604 4.04422 6
    endloop
  endfacet
  facet normal 0 0 1
    outer loop
      vertex 8.44176 3.56674 6
      vertex 7.94925 3.96817 6
      vertex 8.39699 3.51982 6
    endloop
  endfacet
  facet normal -0 0 1
    outer loop
      vertex 7.86787 3.88278 6
      vertex 8.39699 3.51982 6
      vertex 7.94925 3.96817 6
    endloop
  endfacet
  facet normal 0 0 1
    outer loop
      vertex 8.39699 3.51982 6
      vertex 7.86787 3.88278 6
      vertex 8.35625 3.46692 6
    endloop
  endfacet
  facet normal -0 0 1
    outer loop
      vertex 7.79259 3.78773 6
      vertex 8.35625 3.46692 6
      vertex 7.86787 3.88278 6
    endloop
  endfacet
  facet normal 0 0 1
    outer loop
      vertex 8.35625 3.46692 6
      vertex 7.79259 3.78773 6
      vertex 8.31952 3.40807 6
    endloop
  endfacet
  facet normal -0 0 1
    outer loop
      vertex 7.72403 3.68269 6
      vertex 8.31952 3.40807 6
      vertex 7.79259 3.78773 6
    endloop
  endfacet
  facet normal 0 0 1
    outer loop
      vertex 8.31952 3.40807 6
      vertex 7.72403 3.68269 6
      vertex 8.28665 3.34335 6
    endloop
  endfacet
  facet normal -0 0 1
    outer loop
      vertex 7.66219 3.56767 6
      vertex 8.28665 3.34335 6
      vertex 7.72403 3.68269 6
    endloop
  endfacet
  facet normal 0 0 1
    outer loop
      vertex 8.28665 3.34335 6
      vertex 7.66219 3.56767 6
      vertex 8.25746 3.27289 6
    endloop
  endfacet
  facet normal -0 0 1
    outer loop
      vertex 7.60707 3.44269 6
      vertex 8.25746 3.27289 6
      vertex 7.66219 3.56767 6
    endloop
  endfacet
  facet normal 0 0 1
    outer loop
      vertex 8.25746 3.27289 6
      vertex 7.60707 3.44269 6
      vertex 8.23196 3.19667 6
    endloop
  endfacet
  facet normal -0 0 1
    outer loop
      vertex 7.55869 3.30771 6
      vertex 8.23196 3.19667 6
      vertex 7.60707 3.44269 6
    endloop
  endfacet
  facet normal 0 0 1
    outer loop
      vertex 8.23196 3.19667 6
      vertex 7.55869 3.30771 6
      vertex 8.21016 3.1147 6
    endloop
  endfacet
  facet normal 0 -0 1
    outer loop
      vertex 7.46019 2.13615 6
      vertex 8.15132 2.50752 6
      vertex 7.44608 2.47501 6
    endloop
  endfacet
  facet normal -0 0 1
    outer loop
      vertex 7.51814 3.16241 6
      vertex 8.21016 3.1147 6
      vertex 7.55869 3.30771 6
    endloop
  endfacet
  facet normal 0 0 1
    outer loop
      vertex 8.21016 3.1147 6
      vertex 7.51814 3.16241 6
      vertex 8.19205 3.02698 6
    endloop
  endfacet
  facet normal 0 -0 1
    outer loop
      vertex 7.5025 1.83136 6
      vertex 8.15132 2.50752 6
      vertex 7.46019 2.13615 6
    endloop
  endfacet
  facet normal 0 0 1
    outer loop
      vertex 8.19205 3.02698 6
      vertex 7.51814 3.16241 6
      vertex 8.17738 2.93372 6
    endloop
  endfacet
  facet normal -0 0 1
    outer loop
      vertex 7.48662 3.0065 6
      vertex 8.17738 2.93372 6
      vertex 7.51814 3.16241 6
    endloop
  endfacet
  facet normal 0 -0 1
    outer loop
      vertex 7.57303 1.56065 6
      vertex 8.15132 2.50752 6
      vertex 7.5025 1.83136 6
    endloop
  endfacet
  facet normal 0 0 1
    outer loop
      vertex 8.17738 2.93372 6
      vertex 7.48662 3.0065 6
      vertex 8.16599 2.83514 6
    endloop
  endfacet
  facet normal -0 0 1
    outer loop
      vertex 7.4641 2.83997 6
      vertex 8.16599 2.83514 6
      vertex 7.48662 3.0065 6
    endloop
  endfacet
  facet normal 0 -0 1
    outer loop
      vertex 7.67177 1.32401 6
      vertex 8.15132 2.50752 6
      vertex 7.57303 1.56065 6
    endloop
  endfacet
  facet normal 0 0 1
    outer loop
      vertex 8.16599 2.83514 6
      vertex 7.4641 2.83997 6
      vertex 8.15784 2.73125 6
    endloop
  endfacet
  facet normal 0 0 1
    outer loop
      vertex 7.45059 2.66281 6
      vertex 8.15784 2.73125 6
      vertex 7.4641 2.83997 6
    endloop
  endfacet
  facet normal 0 -0 1
    outer loop
      vertex 7.79872 1.12144 6
      vertex 8.15132 2.50752 6
      vertex 7.67177 1.32401 6
    endloop
  endfacet
  facet normal 0 0 1
    outer loop
      vertex 8.15784 2.73125 6
      vertex 7.45059 2.66281 6
      vertex 8.15295 2.62204 6
    endloop
  endfacet
  facet normal 0 0 1
    outer loop
      vertex 8.15295 2.62204 6
      vertex 7.45059 2.66281 6
      vertex 8.15132 2.50752 6
    endloop
  endfacet
  facet normal 0 0 1
    outer loop
      vertex 8.15132 2.50752 6
      vertex 7.95364 0.954453 6
      vertex 8.13635 0.824585 6
    endloop
  endfacet
  facet normal 0 0 1
    outer loop
      vertex 8.15132 2.50752 6
      vertex 7.45059 2.66281 6
      vertex 7.44608 2.47501 6
    endloop
  endfacet
  facet normal 0 -0 1
    outer loop
      vertex 7.95364 0.954453 6
      vertex 8.15132 2.50752 6
      vertex 7.79872 1.12144 6
    endloop
  endfacet
  facet normal -0 0 1
    outer loop
      vertex 9.58762 2.7139 6
      vertex 10.2996 2.50752 6
      vertex 10.2855 2.84543 6
    endloop
  endfacet
  facet normal 0 0 1
    outer loop
      vertex 10.2996 2.50752 6
      vertex 9.59441 2.47501 6
      vertex 10.2951 2.31972 6
    endloop
  endfacet
  facet normal -0 0 1
    outer loop
      vertex 9.59277 2.36047 6
      vertex 10.2951 2.31972 6
      vertex 9.59441 2.47501 6
    endloop
  endfacet
  facet normal 0 0 1
    outer loop
      vertex 9.58762 2.7139 6
      vertex 10.2855 2.84543 6
      vertex 10.2432 3.14961 6
    endloop
  endfacet
  facet normal 0 0 1
    outer loop
      vertex 9.58789 2.25127 6
      vertex 10.2951 2.31972 6
      vertex 9.59277 2.36047 6
    endloop
  endfacet
  facet normal 0 0 1
    outer loop
      vertex 10.2951 2.31972 6
      vertex 9.58789 2.25127 6
      vertex 10.2816 2.14255 6
    endloop
  endfacet
  facet normal 0 0 1
    outer loop
      vertex 9.58762 2.7139 6
      vertex 10.2432 3.14961 6
      vertex 10.1727 3.42006 6
    endloop
  endfacet
  facet normal -0 0 1
    outer loop
      vertex 9.57976 2.14738 6
      vertex 10.2816 2.14255 6
      vertex 9.58789 2.25127 6
    endloop
  endfacet
  facet normal 0 0 1
    outer loop
      vertex 10.2816 2.14255 6
      vertex 9.57976 2.14738 6
      vertex 10.2591 1.976 6
    endloop
  endfacet
  facet normal 0 0 1
    outer loop
      vertex 9.58762 2.7139 6
      vertex 10.1727 3.42006 6
      vertex 10.074 3.65675 6
    endloop
  endfacet
  facet normal -0 0 1
    outer loop
      vertex 9.56836 2.04881 6
      vertex 10.2591 1.976 6
      vertex 9.57976 2.14738 6
    endloop
  endfacet
  facet normal 0 0 1
    outer loop
      vertex 10.2591 1.976 6
      vertex 9.56836 2.04881 6
      vertex 10.2276 1.82008 6
    endloop
  endfacet
  facet normal 0 0 1
    outer loop
      vertex 9.58762 2.7139 6
      vertex 10.074 3.65675 6
      vertex 9.94704 3.85971 6
    endloop
  endfacet
  facet normal -0 0 1
    outer loop
      vertex 9.55373 1.95557 6
      vertex 10.2276 1.82008 6
      vertex 9.56836 2.04881 6
    endloop
  endfacet
  facet normal -0 0 1
    outer loop
      vertex 9.53554 1.86783 6
      vertex 10.2276 1.82008 6
      vertex 9.55373 1.95557 6
    endloop
  endfacet
  facet normal 0 0 1
    outer loop
      vertex 9.58762 2.7139 6
      vertex 9.94704 3.85971 6
      vertex 9.7921 4.02718 6
    endloop
  endfacet
  facet normal 0 0 1
    outer loop
      vertex 10.2276 1.82008 6
      vertex 9.53554 1.86783 6
      vertex 10.1871 1.6748 6
    endloop
  endfacet
  facet normal 0 0 1
    outer loop
      vertex 10.1871 1.6748 6
      vertex 9.51355 1.78586 6
      vertex 10.1387 1.53983 6
    endloop
  endfacet
  facet normal 0 0 1
    outer loop
      vertex 9.25517 3.61139 6
      vertex 9.7921 4.02718 6
      vertex 9.60938 4.15744 6
    endloop
  endfacet
  facet normal -0 0 1
    outer loop
      vertex 9.51355 1.78586 6
      vertex 10.1871 1.6748 6
      vertex 9.53554 1.86783 6
    endloop
  endfacet
  facet normal -0 0 1
    outer loop
      vertex 9.48778 1.70963 6
      vertex 10.1387 1.53983 6
      vertex 9.51355 1.78586 6
    endloop
  endfacet
  facet normal 0 0 1
    outer loop
      vertex 10.1387 1.53983 6
      vertex 9.48778 1.70963 6
      vertex 10.0836 1.41483 6
    endloop
  endfacet
  facet normal -0 0 1
    outer loop
      vertex 9.45821 1.63916 6
      vertex 10.0836 1.41483 6
      vertex 9.48778 1.70963 6
    endloop
  endfacet
  facet normal 0 0 1
    outer loop
      vertex 10.0836 1.41483 6
      vertex 9.45821 1.63916 6
      vertex 10.0217 1.29982 6
    endloop
  endfacet
  facet normal -0 0 1
    outer loop
      vertex 9.42484 1.57443 6
      vertex 10.0217 1.29982 6
      vertex 9.45821 1.63916 6
    endloop
  endfacet
  facet normal 0 0 1
    outer loop
      vertex 10.0217 1.29982 6
      vertex 9.42484 1.57443 6
      vertex 9.95314 1.19479 6
    endloop
  endfacet
  facet normal -0 0 1
    outer loop
      vertex 9.38768 1.51556 6
      vertex 9.95314 1.19479 6
      vertex 9.42484 1.57443 6
    endloop
  endfacet
  facet normal 0 0 1
    outer loop
      vertex 9.95314 1.19479 6
      vertex 9.38768 1.51556 6
      vertex 9.87784 1.09976 6
    endloop
  endfacet
  facet normal -0 0 1
    outer loop
      vertex 9.34673 1.46268 6
      vertex 9.87784 1.09976 6
      vertex 9.38768 1.51556 6
    endloop
  endfacet
  facet normal 0 0 1
    outer loop
      vertex 9.87784 1.09976 6
      vertex 9.34673 1.46268 6
      vertex 9.79648 1.01436 6
    endloop
  endfacet
  facet normal -0 0 1
    outer loop
      vertex 9.30197 1.41574 6
      vertex 9.79648 1.01436 6
      vertex 9.34673 1.46268 6
    endloop
  endfacet
  facet normal 0 0 1
    outer loop
      vertex 9.79648 1.01436 6
      vertex 9.30197 1.41574 6
      vertex 9.70967 0.938293 6
    endloop
  endfacet
  facet normal 0 0 1
    outer loop
      vertex 9.70967 0.938293 6
      vertex 9.30197 1.41574 6
      vertex 9.61745 0.871567 6
    endloop
  endfacet
  facet normal -0 0 1
    outer loop
      vertex 9.25342 1.37479 6
      vertex 9.61745 0.871567 6
      vertex 9.30197 1.41574 6
    endloop
  endfacet
  facet normal 0 0 1
    outer loop
      vertex 9.61745 0.871567 6
      vertex 9.25342 1.37479 6
      vertex 9.51981 0.814178 6
    endloop
  endfacet
  facet normal -0 0 1
    outer loop
      vertex 9.20108 1.3398 6
      vertex 9.51981 0.814178 6
      vertex 9.25342 1.37479 6
    endloop
  endfacet
  facet normal 0 0 1
    outer loop
      vertex 9.51981 0.814178 6
      vertex 9.20108 1.3398 6
      vertex 9.41672 0.766113 6
    endloop
  endfacet
  facet normal -0 0 1
    outer loop
      vertex 9.14455 1.311 6
      vertex 9.41672 0.766113 6
      vertex 9.20108 1.3398 6
    endloop
  endfacet
  facet normal 0 0 1
    outer loop
      vertex 9.41672 0.766113 6
      vertex 9.14455 1.311 6
      vertex 9.30946 0.727051 6
    endloop
  endfacet
  facet normal -0 0 1
    outer loop
      vertex 9.08347 1.2886 6
      vertex 9.30946 0.727051 6
      vertex 9.14455 1.311 6
    endloop
  endfacet
  facet normal 0 0 1
    outer loop
      vertex 9.30946 0.727051 6
      vertex 9.08347 1.2886 6
      vertex 9.19928 0.696671 6
    endloop
  endfacet
  facet normal -0 0 1
    outer loop
      vertex 9.01782 1.2726 6
      vertex 9.19928 0.696671 6
      vertex 9.08347 1.2886 6
    endloop
  endfacet
  facet normal 0 0 1
    outer loop
      vertex 9.19928 0.696671 6
      vertex 9.01782 1.2726 6
      vertex 9.08617 0.674957 6
    endloop
  endfacet
  facet normal -0 0 1
    outer loop
      vertex 8.94763 1.263 6
      vertex 9.08617 0.674957 6
      vertex 9.01782 1.2726 6
    endloop
  endfacet
  facet normal 0 0 1
    outer loop
      vertex 9.08617 0.674957 6
      vertex 8.94763 1.263 6
      vertex 8.97012 0.661942 6
    endloop
  endfacet
  facet normal -0 0 1
    outer loop
      vertex 8.87288 1.2598 6
      vertex 8.97012 0.661942 6
      vertex 8.94763 1.263 6
    endloop
  endfacet
  facet normal 0 0 1
    outer loop
      vertex 8.87288 1.2598 6
      vertex 8.85117 0.657593 6
      vertex 8.97012 0.661942 6
    endloop
  endfacet
  facet normal 0 0 1
    outer loop
      vertex 8.72748 1.27217 6
      vertex 8.85117 0.657593 6
      vertex 8.87288 1.2598 6
    endloop
  endfacet
  facet normal 0 0 1
    outer loop
      vertex 8.58511 0.676147 6
      vertex 8.72748 1.27217 6
      vertex 8.59944 1.30928 6
    endloop
  endfacet
  facet normal 0 0 1
    outer loop
      vertex 8.72748 1.27217 6
      vertex 8.58511 0.676147 6
      vertex 8.85117 0.657593 6
    endloop
  endfacet
  facet normal 0 0 1
    outer loop
      vertex 8.34685 0.731812 6
      vertex 8.59944 1.30928 6
      vertex 8.48877 1.37112 6
    endloop
  endfacet
  facet normal 0 0 1
    outer loop
      vertex 8.13635 0.824585 6
      vertex 8.48877 1.37112 6
      vertex 8.39546 1.45772 6
    endloop
  endfacet
  facet normal 0 0 1
    outer loop
      vertex 8.59944 1.30928 6
      vertex 8.34685 0.731812 6
      vertex 8.58511 0.676147 6
    endloop
  endfacet
  facet normal 0 0 1
    outer loop
      vertex 8.13635 0.824585 6
      vertex 8.39546 1.45772 6
      vertex 8.31952 1.56905 6
    endloop
  endfacet
  facet normal 0 0 1
    outer loop
      vertex 8.13635 0.824585 6
      vertex 8.31952 1.56905 6
      vertex 8.25897 1.70552 6
    endloop
  endfacet
  facet normal 0 0 1
    outer loop
      vertex 8.13635 0.824585 6
      vertex 8.25897 1.70552 6
      vertex 8.21187 1.86761 6
    endloop
  endfacet
  facet normal 0 0 1
    outer loop
      vertex 8.13635 0.824585 6
      vertex 8.21187 1.86761 6
      vertex 8.17824 2.05531 6
    endloop
  endfacet
  facet normal 0 0 1
    outer loop
      vertex 8.48877 1.37112 6
      vertex 8.13635 0.824585 6
      vertex 8.34685 0.731812 6
    endloop
  endfacet
  facet normal 0 0 1
    outer loop
      vertex 8.15805 2.26862 6
      vertex 8.13635 0.824585 6
      vertex 8.17824 2.05531 6
    endloop
  endfacet
  facet normal 0 0 1
    outer loop
      vertex 8.13635 0.824585 6
      vertex 8.15805 2.26862 6
      vertex 8.15132 2.50752 6
    endloop
  endfacet
  facet normal -0 0 1
    outer loop
      vertex 12.5833 2.79503 6
      vertex 12.7108 2.27425 6
      vertex 12.7108 2.79503 6
    endloop
  endfacet
  facet normal 0 0 1
    outer loop
      vertex 12.4396 2.27425 6
      vertex 12.5833 2.79503 6
      vertex 12.5168 2.79834 6
    endloop
  endfacet
  facet normal 0 0 1
    outer loop
      vertex 12.4396 2.27425 6
      vertex 12.5168 2.79834 6
      vertex 12.4538 2.80827 6
    endloop
  endfacet
  facet normal 0 0 1
    outer loop
      vertex 12.5833 2.79503 6
      vertex 12.4396 2.27425 6
      vertex 12.7108 2.27425 6
    endloop
  endfacet
  facet normal 0 0 1
    outer loop
      vertex 12.3789 2.27293 6
      vertex 12.4538 2.80827 6
      vertex 12.3944 2.82481 6
    endloop
  endfacet
  facet normal 0 0 1
    outer loop
      vertex 12.4538 2.80827 6
      vertex 12.3789 2.27293 6
      vertex 12.4396 2.27425 6
    endloop
  endfacet
  facet normal 0 0 1
    outer loop
      vertex 12.2643 2.26253 6
      vertex 12.3944 2.82481 6
      vertex 12.3386 2.84799 6
    endloop
  endfacet
  facet normal 0 0 1
    outer loop
      vertex 12.3944 2.82481 6
      vertex 12.3204 2.26904 6
      vertex 12.3789 2.27293 6
    endloop
  endfacet
  facet normal 0 0 1
    outer loop
      vertex 11.8292 2.57803 6
      vertex 12.3386 2.84799 6
      vertex 12.2863 2.87778 6
    endloop
  endfacet
  facet normal 0 0 1
    outer loop
      vertex 12.3944 2.82481 6
      vertex 12.2643 2.26253 6
      vertex 12.3204 2.26904 6
    endloop
  endfacet
  facet normal 0 0 1
    outer loop
      vertex 11.8292 2.57803 6
      vertex 12.2863 2.87778 6
      vertex 12.2381 2.91408 6
    endloop
  endfacet
  facet normal 0 0 1
    outer loop
      vertex 12.3386 2.84799 6
      vertex 12.2104 2.25343 6
      vertex 12.2643 2.26253 6
    endloop
  endfacet
  facet normal 0 0 1
    outer loop
      vertex 11.8292 2.57803 6
      vertex 12.2381 2.91408 6
      vertex 12.1943 2.95677 6
    endloop
  endfacet
  facet normal 0 0 1
    outer loop
      vertex 12.3386 2.84799 6
      vertex 11.8292 2.57803 6
      vertex 12.2104 2.25343 6
    endloop
  endfacet
  facet normal 0 0 1
    outer loop
      vertex 11.8292 2.57803 6
      vertex 12.1943 2.95677 6
      vertex 12.155 3.00586 6
    endloop
  endfacet
  facet normal 0 0 1
    outer loop
      vertex 11.8292 2.57803 6
      vertex 12.155 3.00586 6
      vertex 12.1201 3.06136 6
    endloop
  endfacet
  facet normal 0 0 1
    outer loop
      vertex 12.2104 2.25343 6
      vertex 11.8292 2.57803 6
      vertex 12.1588 2.24171 6
    endloop
  endfacet
  facet normal 0 0 1
    outer loop
      vertex 11.5906 2.72591 6
      vertex 12.1201 3.06136 6
      vertex 12.0896 3.12326 6
    endloop
  endfacet
  facet normal 0 0 1
    outer loop
      vertex 12.1588 2.24171 6
      vertex 11.8292 2.57803 6
      vertex 12.1098 2.2274 6
    endloop
  endfacet
  facet normal 0 0 1
    outer loop
      vertex 12.1098 2.2274 6
      vertex 11.8292 2.57803 6
      vertex 12.0638 2.21046 6
    endloop
  endfacet
  facet normal 0 0 1
    outer loop
      vertex 12.0638 2.21046 6
      vertex 11.8292 2.57803 6
      vertex 12.0207 2.19093 6
    endloop
  endfacet
  facet normal 0 0 1
    outer loop
      vertex 12.0207 2.19093 6
      vertex 11.8292 2.57803 6
      vertex 11.9805 2.16881 6
    endloop
  endfacet
  facet normal -0 0 1
    outer loop
      vertex 11.763 2.56557 6
      vertex 11.9805 2.16881 6
      vertex 11.8292 2.57803 6
    endloop
  endfacet
  facet normal 0 0 1
    outer loop
      vertex 11.9805 2.16881 6
      vertex 11.763 2.56557 6
      vertex 11.9432 2.14407 6
    endloop
  endfacet
  facet normal -0 0 1
    outer loop
      vertex 11.6988 2.54984 6
      vertex 11.9432 2.14407 6
      vertex 11.763 2.56557 6
    endloop
  endfacet
  facet normal 0 0 1
    outer loop
      vertex 11.9432 2.14407 6
      vertex 11.6988 2.54984 6
      vertex 11.909 2.11679 6
    endloop
  endfacet
  facet normal 0 0 1
    outer loop
      vertex 12.1201 3.06136 6
      vertex 11.778 2.59265 6
      vertex 11.8292 2.57803 6
    endloop
  endfacet
  facet normal 0 0 1
    outer loop
      vertex 12.1201 3.06136 6
      vertex 11.7286 2.61473 6
      vertex 11.778 2.59265 6
    endloop
  endfacet
  facet normal 0 0 1
    outer loop
      vertex 12.1201 3.06136 6
      vertex 11.6808 2.64432 6
      vertex 11.7286 2.61473 6
    endloop
  endfacet
  facet normal 0 0 1
    outer loop
      vertex 12.1201 3.06136 6
      vertex 11.6348 2.68138 6
      vertex 11.6808 2.64432 6
    endloop
  endfacet
  facet normal 0 0 1
    outer loop
      vertex 11.3736 3.07442 6
      vertex 12.0896 3.12326 6
      vertex 11.5906 4.2625 6
    endloop
  endfacet
  facet normal 0 -0 1
    outer loop
      vertex 11.5038 2.8396 6
      vertex 12.0896 3.12326 6
      vertex 11.4604 2.9093 6
    endloop
  endfacet
  facet normal 0 -0 1
    outer loop
      vertex 11.5906 2.72591 6
      vertex 12.0896 3.12326 6
      vertex 11.5472 2.77846 6
    endloop
  endfacet
  facet normal 0 0 1
    outer loop
      vertex 12.1201 3.06136 6
      vertex 11.5906 2.72591 6
      vertex 11.6348 2.68138 6
    endloop
  endfacet
  facet normal 0 -0 1
    outer loop
      vertex 11.5472 2.77846 6
      vertex 12.0896 3.12326 6
      vertex 11.5038 2.8396 6
    endloop
  endfacet
  facet normal 0 0 1
    outer loop
      vertex 12.0896 3.12326 6
      vertex 11.417 2.98758 6
      vertex 11.4604 2.9093 6
    endloop
  endfacet
  facet normal 0 0 1
    outer loop
      vertex 12.0896 3.12326 6
      vertex 11.3736 3.07442 6
      vertex 11.417 2.98758 6
    endloop
  endfacet
  facet normal 0 -0 1
    outer loop
      vertex 11.3736 3.07442 6
      vertex 11.5906 4.2625 6
      vertex 10.8066 4.2625 6
    endloop
  endfacet
  facet normal 0 0 1
    outer loop
      vertex 12.7108 2.79503 6
      vertex 13.3781 4.2625 6
      vertex 12.7108 4.2625 6
    endloop
  endfacet
  facet normal 0 0 1
    outer loop
      vertex 12.7108 2.27425 6
      vertex 13.3781 4.2625 6
      vertex 12.7108 2.79503 6
    endloop
  endfacet
  facet normal 0 0 1
    outer loop
      vertex 13.3781 4.2625 6
      vertex 12.7108 2.27425 6
      vertex 13.3781 0.717285 6
    endloop
  endfacet
  facet normal -0 0 1
    outer loop
      vertex 12.7108 1.27336 6
      vertex 13.3781 0.717285 6
      vertex 12.7108 2.27425 6
    endloop
  endfacet
  facet normal 0 0 1
    outer loop
      vertex 12.3447 0.717285 6
      vertex 12.7108 1.27336 6
      vertex 12.4179 1.27336 6
    endloop
  endfacet
  facet normal 0 0 1
    outer loop
      vertex 12.7108 1.27336 6
      vertex 12.3447 0.717285 6
      vertex 13.3781 0.717285 6
    endloop
  endfacet
  facet normal 0 0 1
    outer loop
      vertex 12.2921 1.27792 6
      vertex 12.3447 0.717285 6
      vertex 12.4179 1.27336 6
    endloop
  endfacet
  facet normal 0 0 1
    outer loop
      vertex 12.2921 1.27792 6
      vertex 12.2296 0.719284 6
      vertex 12.3447 0.717285 6
    endloop
  endfacet
  facet normal 0 0 1
    outer loop
      vertex 12.1796 1.29158 6
      vertex 12.2296 0.719284 6
      vertex 12.2921 1.27792 6
    endloop
  endfacet
  facet normal 0 0 1
    outer loop
      vertex 12.1796 1.29158 6
      vertex 12.119 0.725311 6
      vertex 12.2296 0.719284 6
    endloop
  endfacet
  facet normal 0 0 1
    outer loop
      vertex 12.0126 0.735352 6
      vertex 12.1796 1.29158 6
      vertex 12.0803 1.31438 6
    endloop
  endfacet
  facet normal 0 0 1
    outer loop
      vertex 12.1796 1.29158 6
      vertex 12.0126 0.735352 6
      vertex 12.119 0.725311 6
    endloop
  endfacet
  facet normal 0 0 1
    outer loop
      vertex 11.9106 0.749405 6
      vertex 12.0803 1.31438 6
      vertex 11.9943 1.34627 6
    endloop
  endfacet
  facet normal 0 0 1
    outer loop
      vertex 11.7203 0.790207 6
      vertex 11.9943 1.34627 6
      vertex 11.9215 1.38728 6
    endloop
  endfacet
  facet normal 0 0 1
    outer loop
      vertex 12.0803 1.31438 6
      vertex 11.9106 0.749405 6
      vertex 12.0126 0.735352 6
    endloop
  endfacet
  facet normal 0 0 1
    outer loop
      vertex 11.5519 0.851608 6
      vertex 11.9215 1.38728 6
      vertex 11.8619 1.43871 6
    endloop
  endfacet
  facet normal 0 0 1
    outer loop
      vertex 11.3419 0.983749 6
      vertex 11.8619 1.43871 6
      vertex 11.8156 1.50185 6
    endloop
  endfacet
  facet normal 0 0 1
    outer loop
      vertex 11.9943 1.34627 6
      vertex 11.813 0.767487 6
      vertex 11.9106 0.749405 6
    endloop
  endfacet
  facet normal 0 0 1
    outer loop
      vertex 11.1471 1.23808 6
      vertex 11.8156 1.50185 6
      vertex 11.7825 1.57672 6
    endloop
  endfacet
  facet normal 0 0 1
    outer loop
      vertex 11.0707 1.49294 6
      vertex 11.7825 1.57672 6
      vertex 11.7626 1.6633 6
    endloop
  endfacet
  facet normal -0 0 1
    outer loop
      vertex 11.0562 1.69649 6
      vertex 11.7626 1.6633 6
      vertex 11.756 1.7616 6
    endloop
  endfacet
  facet normal 0 0 1
    outer loop
      vertex 11.9943 1.34627 6
      vertex 11.7203 0.790207 6
      vertex 11.813 0.767487 6
    endloop
  endfacet
  facet normal -0 0 1
    outer loop
      vertex 11.6367 2.53085 6
      vertex 11.909 2.11679 6
      vertex 11.6988 2.54984 6
    endloop
  endfacet
  facet normal 0 0 1
    outer loop
      vertex 11.909 2.11679 6
      vertex 11.6367 2.53085 6
      vertex 11.8781 2.08701 6
    endloop
  endfacet
  facet normal -0 0 1
    outer loop
      vertex 11.5767 2.50861 6
      vertex 11.8781 2.08701 6
      vertex 11.6367 2.53085 6
    endloop
  endfacet
  facet normal 0 0 1
    outer loop
      vertex 11.8781 2.08701 6
      vertex 11.5767 2.50861 6
      vertex 11.8504 2.05472 6
    endloop
  endfacet
  facet normal -0 0 1
    outer loop
      vertex 11.5187 2.48312 6
      vertex 11.8504 2.05472 6
      vertex 11.5767 2.50861 6
    endloop
  endfacet
  facet normal -0 0 1
    outer loop
      vertex 11.4633 2.45432 6
      vertex 11.8504 2.05472 6
      vertex 11.5187 2.48312 6
    endloop
  endfacet
  facet normal 0 0 1
    outer loop
      vertex 11.8504 2.05472 6
      vertex 11.4633 2.45432 6
      vertex 11.826 2.01994 6
    endloop
  endfacet
  facet normal -0 0 1
    outer loop
      vertex 11.4111 2.42215 6
      vertex 11.826 2.01994 6
      vertex 11.4633 2.45432 6
    endloop
  endfacet
  facet normal -0 0 1
    outer loop
      vertex 11.362 2.38663 6
      vertex 11.826 2.01994 6
      vertex 11.4111 2.42215 6
    endloop
  endfacet
  facet normal 0 0 1
    outer loop
      vertex 11.826 2.01994 6
      vertex 11.362 2.38663 6
      vertex 11.8048 1.98268 6
    endloop
  endfacet
  facet normal -0 0 1
    outer loop
      vertex 11.316 2.34773 6
      vertex 11.8048 1.98268 6
      vertex 11.362 2.38663 6
    endloop
  endfacet
  facet normal 0 0 1
    outer loop
      vertex 11.7626 1.6633 6
      vertex 11.0598 1.59135 6
      vertex 11.0707 1.49294 6
    endloop
  endfacet
  facet normal -0 0 1
    outer loop
      vertex 11.2732 2.30548 6
      vertex 11.8048 1.98268 6
      vertex 11.316 2.34773 6
    endloop
  endfacet
  facet normal 0 0 1
    outer loop
      vertex 11.9215 1.38728 6
      vertex 11.6333 0.818237 6
      vertex 11.7203 0.790207 6
    endloop
  endfacet
  facet normal 0 0 1
    outer loop
      vertex 11.8048 1.98268 6
      vertex 11.2732 2.30548 6
      vertex 11.7873 1.94301 6
    endloop
  endfacet
  facet normal 0 0 1
    outer loop
      vertex 11.9215 1.38728 6
      vertex 11.5519 0.851608 6
      vertex 11.6333 0.818237 6
    endloop
  endfacet
  facet normal -0 0 1
    outer loop
      vertex 11.2338 2.25984 6
      vertex 11.7873 1.94301 6
      vertex 11.2732 2.30548 6
    endloop
  endfacet
  facet normal -0 0 1
    outer loop
      vertex 11.1981 2.21086 6
      vertex 11.7873 1.94301 6
      vertex 11.2338 2.25984 6
    endloop
  endfacet
  facet normal 0 0 1
    outer loop
      vertex 11.7825 1.57672 6
      vertex 11.0707 1.49294 6
      vertex 11.0889 1.40126 6
    endloop
  endfacet
  facet normal 0 0 1
    outer loop
      vertex 11.7873 1.94301 6
      vertex 11.1981 2.21086 6
      vertex 11.7736 1.90108 6
    endloop
  endfacet
  facet normal 0 0 1
    outer loop
      vertex 11.8619 1.43871 6
      vertex 11.4762 0.890289 6
      vertex 11.5519 0.851608 6
    endloop
  endfacet
  facet normal -0 0 1
    outer loop
      vertex 11.1661 2.15851 6
      vertex 11.7736 1.90108 6
      vertex 11.1981 2.21086 6
    endloop
  endfacet
  facet normal 0 0 1
    outer loop
      vertex 11.7825 1.57672 6
      vertex 11.0889 1.40126 6
      vertex 11.1144 1.3163 6
    endloop
  endfacet
  facet normal -0 0 1
    outer loop
      vertex 11.1378 2.1028 6
      vertex 11.7736 1.90108 6
      vertex 11.1661 2.15851 6
    endloop
  endfacet
  facet normal 0 0 1
    outer loop
      vertex 11.7736 1.90108 6
      vertex 11.1378 2.1028 6
      vertex 11.7638 1.85686 6
    endloop
  endfacet
  facet normal 0 0 1
    outer loop
      vertex 11.8619 1.43871 6
      vertex 11.4061 0.93428 6
      vertex 11.4762 0.890289 6
    endloop
  endfacet
  facet normal -0 0 1
    outer loop
      vertex 11.1132 2.04372 6
      vertex 11.7638 1.85686 6
      vertex 11.1378 2.1028 6
    endloop
  endfacet
  facet normal 0 0 1
    outer loop
      vertex 11.8619 1.43871 6
      vertex 11.3419 0.983749 6
      vertex 11.4061 0.93428 6
    endloop
  endfacet
  facet normal -0 0 1
    outer loop
      vertex 11.0927 1.98122 6
      vertex 11.7638 1.85686 6
      vertex 11.1132 2.04372 6
    endloop
  endfacet
  facet normal 0 0 1
    outer loop
      vertex 11.8156 1.50185 6
      vertex 11.2839 1.03888 6
      vertex 11.3419 0.983749 6
    endloop
  endfacet
  facet normal 0 0 1
    outer loop
      vertex 11.7638 1.85686 6
      vertex 11.0927 1.98122 6
      vertex 11.758 1.81036 6
    endloop
  endfacet
  facet normal 0 0 1
    outer loop
      vertex 11.8156 1.50185 6
      vertex 11.2321 1.09964 6
      vertex 11.2839 1.03888 6
    endloop
  endfacet
  facet normal -0 0 1
    outer loop
      vertex 11.0767 1.91524 6
      vertex 11.758 1.81036 6
      vertex 11.0927 1.98122 6
    endloop
  endfacet
  facet normal -0 0 1
    outer loop
      vertex 11.0653 1.84579 6
      vertex 11.758 1.81036 6
      vertex 11.0767 1.91524 6
    endloop
  endfacet
  facet normal 0 0 1
    outer loop
      vertex 11.8156 1.50185 6
      vertex 11.1865 1.16603 6
      vertex 11.2321 1.09964 6
    endloop
  endfacet
  facet normal 0 0 1
    outer loop
      vertex 11.758 1.81036 6
      vertex 11.0653 1.84579 6
      vertex 11.756 1.7616 6
    endloop
  endfacet
  facet normal 0 0 1
    outer loop
      vertex 11.7825 1.57672 6
      vertex 11.1144 1.3163 6
      vertex 11.1471 1.23808 6
    endloop
  endfacet
  facet normal 0 0 1
    outer loop
      vertex 11.756 1.7616 6
      vertex 11.0653 1.84579 6
      vertex 11.0585 1.77287 6
    endloop
  endfacet
  facet normal 0 0 1
    outer loop
      vertex 11.8156 1.50185 6
      vertex 11.1471 1.23808 6
      vertex 11.1865 1.16603 6
    endloop
  endfacet
  facet normal 0 0 1
    outer loop
      vertex 11.756 1.7616 6
      vertex 11.0585 1.77287 6
      vertex 11.0562 1.69649 6
    endloop
  endfacet
  facet normal 0 0 1
    outer loop
      vertex 11.7626 1.6633 6
      vertex 11.0562 1.69649 6
      vertex 11.0598 1.59135 6
    endloop
  endfacet
  facet normal 0 0 1
    outer loop
      vertex 12.6853 -4.2125 6
      vertex 13.2169 -1.9625 6
      vertex 12.6853 -1.9625 6
    endloop
  endfacet
  facet normal 0 0 1
    outer loop
      vertex 13.2169 -1.9625 6
      vertex 12.6853 -4.2125 6
      vertex 13.2169 -5.06458 6
    endloop
  endfacet
  facet normal 0 0 1
    outer loop
      vertex 12.6853 -4.2125 6
      vertex 12.5001 -5.06458 6
      vertex 13.2169 -5.06458 6
    endloop
  endfacet
  facet normal 0 0 1
    outer loop
      vertex 12.5144 -3.81379 6
      vertex 12.5001 -5.06458 6
      vertex 12.6853 -4.2125 6
    endloop
  endfacet
  facet normal -0 0 1
    outer loop
      vertex 11.6528 -3.20142 6
      vertex 12.5144 -3.81379 6
      vertex 11.6837 -1.9625 6
    endloop
  endfacet
  facet normal 0 0 1
    outer loop
      vertex 12.5144 -3.81379 6
      vertex 11.6528 -3.20142 6
      vertex 12.5001 -5.06458 6
    endloop
  endfacet
  facet normal 0 0 1
    outer loop
      vertex 11.6837 -1.9625 6
      vertex 11.5033 -2.83829 6
      vertex 11.6528 -3.20142 6
    endloop
  endfacet
  facet normal -0 0 1
    outer loop
      vertex 10.9716 -1.9625 6
      vertex 11.5033 -2.83829 6
      vertex 11.6837 -1.9625 6
    endloop
  endfacet
  facet normal 0 0 1
    outer loop
      vertex 10.9716 -5.06458 6
      vertex 11.5033 -2.83829 6
      vertex 10.9716 -1.9625 6
    endloop
  endfacet
  facet normal 0 0 1
    outer loop
      vertex 11.5033 -2.83829 6
      vertex 10.9716 -5.06458 6
      vertex 11.5033 -5.06458 6
    endloop
  endfacet
  facet normal 0 0 1
    outer loop
      vertex 15.772 -1.9625 6
      vertex 15.0884 -2.4443 6
      vertex 15.772 -2.4443 6
    endloop
  endfacet
  facet normal 0 0 1
    outer loop
      vertex 15.0884 -2.4443 6
      vertex 14.4951 -2.4443 6
      vertex 15.0884 -4.58753 6
    endloop
  endfacet
  facet normal 0 0 1
    outer loop
      vertex 15.772 -1.9625 6
      vertex 14.4951 -2.4443 6
      vertex 15.0884 -2.4443 6
    endloop
  endfacet
  facet normal -0 0 1
    outer loop
      vertex 13.8115 -1.9625 6
      vertex 14.4951 -2.4443 6
      vertex 15.772 -1.9625 6
    endloop
  endfacet
  facet normal 0 0 1
    outer loop
      vertex 14.4951 -2.4443 6
      vertex 13.8115 -1.9625 6
      vertex 13.8115 -2.4443 6
    endloop
  endfacet
  facet normal -0 0 1
    outer loop
      vertex 15.0884 -4.58753 6
      vertex 15.772 -5.06458 6
      vertex 15.772 -4.58753 6
    endloop
  endfacet
  facet normal 0 0 1
    outer loop
      vertex 14.4951 -4.58753 6
      vertex 15.0884 -4.58753 6
      vertex 14.4951 -2.4443 6
    endloop
  endfacet
  facet normal -0 0 1
    outer loop
      vertex 14.4951 -4.58753 6
      vertex 15.772 -5.06458 6
      vertex 15.0884 -4.58753 6
    endloop
  endfacet
  facet normal 0 0 1
    outer loop
      vertex 13.8115 -5.06458 6
      vertex 14.4951 -4.58753 6
      vertex 13.8115 -4.58753 6
    endloop
  endfacet
  facet normal 0 0 1
    outer loop
      vertex 14.4951 -4.58753 6
      vertex 13.8115 -5.06458 6
      vertex 15.772 -5.06458 6
    endloop
  endfacet
  facet normal -0 0 1
    outer loop
      vertex 14.49 2.71367 6
      vertex 15.8788 2.16304 6
      vertex 15.8788 2.71367 6
    endloop
  endfacet
  facet normal 0 0 1
    outer loop
      vertex 15.8788 2.16304 6
      vertex 14.49 2.71367 6
      vertex 14.49 2.16304 6
    endloop
  endfacet
  facet normal 0 0 1
    outer loop
      vertex 15.8788 2.71367 6
      vertex 16.5569 4.2625 6
      vertex 15.8788 3.6983 6
    endloop
  endfacet
  facet normal -0 0 1
    outer loop
      vertex 14.4222 4.2625 6
      vertex 15.8788 3.6983 6
      vertex 16.5569 4.2625 6
    endloop
  endfacet
  facet normal 0 0 1
    outer loop
      vertex 15.8788 3.6983 6
      vertex 14.4222 4.2625 6
      vertex 14.4222 3.6983 6
    endloop
  endfacet
  facet normal 0 0 1
    outer loop
      vertex 16.5569 4.2625 6
      vertex 15.8788 2.71367 6
      vertex 16.5569 0.717285 6
    endloop
  endfacet
  facet normal -0 0 1
    outer loop
      vertex 15.8788 2.16304 6
      vertex 16.5569 0.717285 6
      vertex 15.8788 2.71367 6
    endloop
  endfacet
  facet normal -0 0 1
    outer loop
      vertex 15.8788 1.28148 6
      vertex 16.5569 0.717285 6
      vertex 15.8788 2.16304 6
    endloop
  endfacet
  facet normal 0 0 1
    outer loop
      vertex 14.4222 0.717285 6
      vertex 15.8788 1.28148 6
      vertex 14.4222 1.28148 6
    endloop
  endfacet
  facet normal 0 0 1
    outer loop
      vertex 15.8788 1.28148 6
      vertex 14.4222 0.717285 6
      vertex 16.5569 0.717285 6
    endloop
  endfacet
  facet normal 0 0 1
    outer loop
      vertex 20.2751 4.11909 6
      vertex 20.2436 3.41806 6
      vertex 20.2751 3.39279 6
    endloop
  endfacet
  facet normal 0 0 1
    outer loop
      vertex 20.2751 4.11909 6
      vertex 20.2099 3.4426 6
      vertex 20.2436 3.41806 6
    endloop
  endfacet
  facet normal 0 0 1
    outer loop
      vertex 19.969 3.57281 6
      vertex 20.2751 4.11909 6
      vertex 20.2045 4.15326 6
    endloop
  endfacet
  facet normal 0 0 1
    outer loop
      vertex 20.2751 4.11909 6
      vertex 20.1742 3.4664 6
      vertex 20.2099 3.4426 6
    endloop
  endfacet
  facet normal 0 0 1
    outer loop
      vertex 20.2751 4.11909 6
      vertex 20.1365 3.48947 6
      vertex 20.1742 3.4664 6
    endloop
  endfacet
  facet normal 0 0 1
    outer loop
      vertex 19.9243 3.59094 6
      vertex 20.2045 4.15326 6
      vertex 20.1291 4.18498 6
    endloop
  endfacet
  facet normal 0 0 1
    outer loop
      vertex 20.2751 4.11909 6
      vertex 20.0966 3.51181 6
      vertex 20.1365 3.48947 6
    endloop
  endfacet
  facet normal 0 0 1
    outer loop
      vertex 20.2751 4.11909 6
      vertex 20.0552 3.53325 6
      vertex 20.0966 3.51181 6
    endloop
  endfacet
  facet normal 0 0 1
    outer loop
      vertex 19.8784 3.60799 6
      vertex 20.1291 4.18498 6
      vertex 20.0492 4.21426 6
    endloop
  endfacet
  facet normal 0 0 1
    outer loop
      vertex 20.2751 4.11909 6
      vertex 20.0126 3.55357 6
      vertex 20.0552 3.53325 6
    endloop
  endfacet
  facet normal 0 0 1
    outer loop
      vertex 20.2751 4.11909 6
      vertex 19.969 3.57281 6
      vertex 20.0126 3.55357 6
    endloop
  endfacet
  facet normal 0 0 1
    outer loop
      vertex 19.8318 3.62372 6
      vertex 20.0492 4.21426 6
      vertex 19.9646 4.24112 6
    endloop
  endfacet
  facet normal 0 0 1
    outer loop
      vertex 20.2045 4.15326 6
      vertex 19.9243 3.59094 6
      vertex 19.969 3.57281 6
    endloop
  endfacet
  facet normal 0 0 1
    outer loop
      vertex 20.1291 4.18498 6
      vertex 19.8784 3.60799 6
      vertex 19.9243 3.59094 6
    endloop
  endfacet
  facet normal 0 0 1
    outer loop
      vertex 19.7371 3.65082 6
      vertex 19.9646 4.24112 6
      vertex 19.8754 4.2655 6
    endloop
  endfacet
  facet normal 0 0 1
    outer loop
      vertex 20.0492 4.21426 6
      vertex 19.8318 3.62372 6
      vertex 19.8784 3.60799 6
    endloop
  endfacet
  facet normal 0 0 1
    outer loop
      vertex 19.9646 4.24112 6
      vertex 19.7847 3.638 6
      vertex 19.8318 3.62372 6
    endloop
  endfacet
  facet normal 0 0 1
    outer loop
      vertex 19.689 3.66217 6
      vertex 19.8754 4.2655 6
      vertex 19.7831 4.28639 6
    endloop
  endfacet
  facet normal 0 0 1
    outer loop
      vertex 19.9646 4.24112 6
      vertex 19.7371 3.65082 6
      vertex 19.7847 3.638 6
    endloop
  endfacet
  facet normal 0 0 1
    outer loop
      vertex 19.6404 3.67206 6
      vertex 19.7831 4.28639 6
      vertex 19.6894 4.30263 6
    endloop
  endfacet
  facet normal 0 0 1
    outer loop
      vertex 19.8754 4.2655 6
      vertex 19.689 3.66217 6
      vertex 19.7371 3.65082 6
    endloop
  endfacet
  facet normal 0 0 1
    outer loop
      vertex 19.7831 4.28639 6
      vertex 19.6404 3.67206 6
      vertex 19.689 3.66217 6
    endloop
  endfacet
  facet normal 0 0 1
    outer loop
      vertex 19.5433 3.68669 6
      vertex 19.6894 4.30263 6
      vertex 19.5941 4.31422 6
    endloop
  endfacet
  facet normal 0 0 1
    outer loop
      vertex 19.6894 4.30263 6
      vertex 19.5917 3.68028 6
      vertex 19.6404 3.67206 6
    endloop
  endfacet
  facet normal 0 0 1
    outer loop
      vertex 19.6894 4.30263 6
      vertex 19.5433 3.68669 6
      vertex 19.5917 3.68028 6
    endloop
  endfacet
  facet normal 0 0 1
    outer loop
      vertex 19.495 3.69127 6
      vertex 19.5941 4.31422 6
      vertex 19.4975 4.32118 6
    endloop
  endfacet
  facet normal 0 0 1
    outer loop
      vertex 19.5941 4.31422 6
      vertex 19.495 3.69127 6
      vertex 19.5433 3.68669 6
    endloop
  endfacet
  facet normal 0 0 1
    outer loop
      vertex 19.4975 4.32118 6
      vertex 19.4471 3.694 6
      vertex 19.495 3.69127 6
    endloop
  endfacet
  facet normal 0 0 1
    outer loop
      vertex 19.3993 4.32352 6
      vertex 19.4471 3.694 6
      vertex 19.4975 4.32118 6
    endloop
  endfacet
  facet normal 0 0 1
    outer loop
      vertex 19.3993 4.32352 6
      vertex 19.3993 3.69492 6
      vertex 19.4471 3.694 6
    endloop
  endfacet
  facet normal 0 0 1
    outer loop
      vertex 19.3993 4.32352 6
      vertex 19.3587 3.69345 6
      vertex 19.3993 3.69492 6
    endloop
  endfacet
  facet normal -0 0 1
    outer loop
      vertex 19.2684 4.31992 6
      vertex 19.3587 3.69345 6
      vertex 19.3993 4.32352 6
    endloop
  endfacet
  facet normal 0 0 1
    outer loop
      vertex 19.3587 3.69345 6
      vertex 19.2684 4.31992 6
      vertex 19.3175 3.68906 6
    endloop
  endfacet
  facet normal 0 0 1
    outer loop
      vertex 19.3175 3.68906 6
      vertex 19.2684 4.31992 6
      vertex 19.2757 3.68173 6
    endloop
  endfacet
  facet normal -0 0 1
    outer loop
      vertex 19.144 4.30911 6
      vertex 19.2757 3.68173 6
      vertex 19.2684 4.31992 6
    endloop
  endfacet
  facet normal 0 0 1
    outer loop
      vertex 19.2757 3.68173 6
      vertex 19.144 4.30911 6
      vertex 19.2333 3.67148 6
    endloop
  endfacet
  facet normal -0 0 1
    outer loop
      vertex 19.0262 4.29111 6
      vertex 19.2333 3.67148 6
      vertex 19.144 4.30911 6
    endloop
  endfacet
  facet normal 0 0 1
    outer loop
      vertex 19.2333 3.67148 6
      vertex 19.0262 4.29111 6
      vertex 19.1903 3.65829 6
    endloop
  endfacet
  facet normal 0 0 1
    outer loop
      vertex 19.1903 3.65829 6
      vertex 19.0262 4.29111 6
      vertex 19.1479 3.64169 6
    endloop
  endfacet
  facet normal -0 0 1
    outer loop
      vertex 18.915 4.26591 6
      vertex 19.1479 3.64169 6
      vertex 19.0262 4.29111 6
    endloop
  endfacet
  facet normal 0 0 1
    outer loop
      vertex 19.1479 3.64169 6
      vertex 18.915 4.26591 6
      vertex 19.1073 3.62119 6
    endloop
  endfacet
  facet normal -0 0 1
    outer loop
      vertex 18.8104 4.23352 6
      vertex 19.1073 3.62119 6
      vertex 18.915 4.26591 6
    endloop
  endfacet
  facet normal 0 0 1
    outer loop
      vertex 19.1073 3.62119 6
      vertex 18.8104 4.23352 6
      vertex 19.0686 3.59677 6
    endloop
  endfacet
  facet normal -0 0 1
    outer loop
      vertex 18.7124 4.19452 6
      vertex 19.0686 3.59677 6
      vertex 18.8104 4.23352 6
    endloop
  endfacet
  facet normal 0 0 1
    outer loop
      vertex 19.0686 3.59677 6
      vertex 18.7124 4.19452 6
      vertex 19.0316 3.56847 6
    endloop
  endfacet
  facet normal -0 0 1
    outer loop
      vertex 18.621 4.14954 6
      vertex 19.0316 3.56847 6
      vertex 18.7124 4.19452 6
    endloop
  endfacet
  facet normal 0 0 1
    outer loop
      vertex 19.0316 3.56847 6
      vertex 18.621 4.14954 6
      vertex 18.9965 3.53625 6
    endloop
  endfacet
  facet normal -0 0 1
    outer loop
      vertex 18.5361 4.09857 6
      vertex 18.9965 3.53625 6
      vertex 18.621 4.14954 6
    endloop
  endfacet
  facet normal -0 0 1
    outer loop
      vertex 18.4579 4.04164 6
      vertex 18.9965 3.53625 6
      vertex 18.5361 4.09857 6
    endloop
  endfacet
  facet normal 0 0 1
    outer loop
      vertex 18.9965 3.53625 6
      vertex 18.4579 4.04164 6
      vertex 18.9636 3.49994 6
    endloop
  endfacet
  facet normal -0 0 1
    outer loop
      vertex 18.3862 3.97873 6
      vertex 18.9636 3.49994 6
      vertex 18.4579 4.04164 6
    endloop
  endfacet
  facet normal 0 0 1
    outer loop
      vertex 18.9636 3.49994 6
      vertex 18.3862 3.97873 6
      vertex 18.9331 3.45935 6
    endloop
  endfacet
  facet normal -0 0 1
    outer loop
      vertex 18.3212 3.91013 6
      vertex 18.9331 3.45935 6
      vertex 18.3862 3.97873 6
    endloop
  endfacet
  facet normal 0 0 1
    outer loop
      vertex 18.9331 3.45935 6
      vertex 18.3212 3.91013 6
      vertex 18.905 3.41449 6
    endloop
  endfacet
  facet normal -0 0 1
    outer loop
      vertex 18.2627 3.83617 6
      vertex 18.905 3.41449 6
      vertex 18.3212 3.91013 6
    endloop
  endfacet
  facet normal 0 0 1
    outer loop
      vertex 18.905 3.41449 6
      vertex 18.2108 3.75682 6
      vertex 18.8794 3.36537 6
    endloop
  endfacet
  facet normal -0 0 1
    outer loop
      vertex 18.2108 3.75682 6
      vertex 18.905 3.41449 6
      vertex 18.2627 3.83617 6
    endloop
  endfacet
  facet normal -0 0 1
    outer loop
      vertex 18.8012 0.8936 6
      vertex 20.2446 0.274124 6
      vertex 20.2446 0.8936 6
    endloop
  endfacet
  facet normal -0 0 1
    outer loop
      vertex 18.1655 3.6721 6
      vertex 18.8794 3.36537 6
      vertex 18.2108 3.75682 6
    endloop
  endfacet
  facet normal 0 0 1
    outer loop
      vertex 18.8794 3.36537 6
      vertex 18.1655 3.6721 6
      vertex 18.8562 3.31197 6
    endloop
  endfacet
  facet normal -0 0 1
    outer loop
      vertex 18.1269 3.58202 6
      vertex 18.8562 3.31197 6
      vertex 18.1655 3.6721 6
    endloop
  endfacet
  facet normal 0 0 1
    outer loop
      vertex 18.8562 3.31197 6
      vertex 18.1269 3.58202 6
      vertex 18.8364 3.2538 6
    endloop
  endfacet
  facet normal -0 0 1
    outer loop
      vertex 18.095 3.48729 6
      vertex 18.8364 3.2538 6
      vertex 18.1269 3.58202 6
    endloop
  endfacet
  facet normal -0 0 1
    outer loop
      vertex 18.0702 3.38866 6
      vertex 18.8364 3.2538 6
      vertex 18.095 3.48729 6
    endloop
  endfacet
  facet normal 0 0 1
    outer loop
      vertex 18.8364 3.2538 6
      vertex 18.0702 3.38866 6
      vertex 18.821 3.19037 6
    endloop
  endfacet
  facet normal -0 0 1
    outer loop
      vertex 18.0525 3.28612 6
      vertex 18.821 3.19037 6
      vertex 18.0702 3.38866 6
    endloop
  endfacet
  facet normal 0 0 1
    outer loop
      vertex 18.821 3.19037 6
      vertex 18.0525 3.28612 6
      vertex 18.81 3.1217 6
    endloop
  endfacet
  facet normal -0 0 1
    outer loop
      vertex 18.0419 3.17967 6
      vertex 18.81 3.1217 6
      vertex 18.0525 3.28612 6
    endloop
  endfacet
  facet normal 0 0 1
    outer loop
      vertex 18.81 3.1217 6
      vertex 18.0419 3.17967 6
      vertex 18.8034 3.04779 6
    endloop
  endfacet
  facet normal -0 0 1
    outer loop
      vertex 18.0383 3.06934 6
      vertex 18.8034 3.04779 6
      vertex 18.0419 3.17967 6
    endloop
  endfacet
  facet normal 0 0 1
    outer loop
      vertex 18.8034 3.04779 6
      vertex 18.0383 3.06934 6
      vertex 18.8012 2.96861 6
    endloop
  endfacet
  facet normal 0 0 1
    outer loop
      vertex 18.8012 2.96861 6
      vertex 18.0383 3.06934 6
      vertex 18.8012 0.8936 6
    endloop
  endfacet
  facet normal 0 0 1
    outer loop
      vertex 18.8012 0.8936 6
      vertex 18.0383 0.274124 6
      vertex 20.2446 0.274124 6
    endloop
  endfacet
  facet normal 0 0 1
    outer loop
      vertex 18.0383 0.274124 6
      vertex 18.8012 0.8936 6
      vertex 18.0383 3.06934 6
    endloop
  endfacet
  facet normal 0 0 -1
    outer loop
      vertex -15.6425 -3.71172 4.79
      vertex -14.4701 -3.23229 4.79
      vertex -14.4701 -3.71172 4.79
    endloop
  endfacet
  facet normal -0 0 -1
    outer loop
      vertex -14.4701 -3.23229 4.79
      vertex -15.6425 -3.71172 4.79
      vertex -15.6425 -3.23229 4.79
    endloop
  endfacet
  facet normal 0 0 -1
    outer loop
      vertex -14.4701 -3.71172 4.79
      vertex -13.8767 -5.06458 4.79
      vertex -14.4701 -4.5709 4.79
    endloop
  endfacet
  facet normal 0 0 -1
    outer loop
      vertex -15.709 -5.06458 4.79
      vertex -14.4701 -4.5709 4.79
      vertex -13.8767 -5.06458 4.79
    endloop
  endfacet
  facet normal -0 0 -1
    outer loop
      vertex -14.4701 -4.5709 4.79
      vertex -15.709 -5.06458 4.79
      vertex -15.709 -4.5709 4.79
    endloop
  endfacet
  facet normal 0 0 -1
    outer loop
      vertex -13.8767 -5.06458 4.79
      vertex -14.4701 -3.71172 4.79
      vertex -13.8767 -1.9625 4.79
    endloop
  endfacet
  facet normal 0 0 -1
    outer loop
      vertex -14.4701 -3.23229 4.79
      vertex -13.8767 -1.9625 4.79
      vertex -14.4701 -3.71172 4.79
    endloop
  endfacet
  facet normal -0 0 -1
    outer loop
      vertex -13.8767 -1.9625 4.79
      vertex -14.4701 -3.23229 4.79
      vertex -14.4701 -1.9625 4.79
    endloop
  endfacet
  facet normal 0 0 -1
    outer loop
      vertex -11.4569 -3.52657 4.79
      vertex -10.8398 -3.49811 4.79
      vertex -10.8437 -3.66245 4.79
    endloop
  endfacet
  facet normal 0 0 -1
    outer loop
      vertex -11.4626 -3.72234 4.79
      vertex -10.8437 -3.66245 4.79
      vertex -10.8556 -3.81748 4.79
    endloop
  endfacet
  facet normal 0 0 -1
    outer loop
      vertex -11.4697 -3.81324 4.79
      vertex -10.8556 -3.81748 4.79
      vertex -10.8752 -3.9632 4.79
    endloop
  endfacet
  facet normal 0 0 -1
    outer loop
      vertex -11.4628 -3.31753 4.79
      vertex -10.8398 -3.49811 4.79
      vertex -11.4569 -3.52657 4.79
    endloop
  endfacet
  facet normal 0 0 -1
    outer loop
      vertex -11.4797 -3.89948 4.79
      vertex -10.8752 -3.9632 4.79
      vertex -10.9028 -4.09963 4.79
    endloop
  endfacet
  facet normal 0 0 -1
    outer loop
      vertex -11.5084 -4.05785 4.79
      vertex -10.9028 -4.09963 4.79
      vertex -10.9383 -4.22675 4.79
    endloop
  endfacet
  facet normal 0 0 -1
    outer loop
      vertex -10.8398 -3.49811 4.79
      vertex -11.4628 -3.31753 4.79
      vertex -10.8521 -3.20243 4.79
    endloop
  endfacet
  facet normal 0 0 -1
    outer loop
      vertex -11.5276 -4.12958 4.79
      vertex -10.9383 -4.22675 4.79
      vertex -10.9806 -4.34485 4.79
    endloop
  endfacet
  facet normal 0 0 -1
    outer loop
      vertex -11.5502 -4.19628 4.79
      vertex -10.9806 -4.34485 4.79
      vertex -11.0289 -4.45421 4.79
    endloop
  endfacet
  facet normal 0 0 -1
    outer loop
      vertex -10.8437 -3.66245 4.79
      vertex -11.4583 -3.62678 4.79
      vertex -11.4569 -3.52657 4.79
    endloop
  endfacet
  facet normal 0 0 -1
    outer loop
      vertex -11.5761 -4.25794 4.79
      vertex -11.0289 -4.45421 4.79
      vertex -11.083 -4.55485 4.79
    endloop
  endfacet
  facet normal 0 0 -1
    outer loop
      vertex -11.6052 -4.31457 4.79
      vertex -11.083 -4.55485 4.79
      vertex -11.143 -4.64675 4.79
    endloop
  endfacet
  facet normal 0 0 -1
    outer loop
      vertex -11.4806 -3.13088 4.79
      vertex -10.8521 -3.20243 4.79
      vertex -11.4628 -3.31753 4.79
    endloop
  endfacet
  facet normal 0 0 -1
    outer loop
      vertex -11.6378 -4.36608 4.79
      vertex -11.143 -4.64675 4.79
      vertex -11.2089 -4.72991 4.79
    endloop
  endfacet
  facet normal 0 0 -1
    outer loop
      vertex -11.6736 -4.41236 4.79
      vertex -11.2089 -4.72991 4.79
      vertex -11.2801 -4.80463 4.79
    endloop
  endfacet
  facet normal 0 0 -1
    outer loop
      vertex -10.8521 -3.20243 4.79
      vertex -11.4806 -3.13088 4.79
      vertex -10.8892 -2.93627 4.79
    endloop
  endfacet
  facet normal 0 0 -1
    outer loop
      vertex -11.7128 -4.45342 4.79
      vertex -11.2801 -4.80463 4.79
      vertex -11.356 -4.87119 4.79
    endloop
  endfacet
  facet normal 0 0 -1
    outer loop
      vertex -11.7128 -4.45342 4.79
      vertex -11.356 -4.87119 4.79
      vertex -11.4367 -4.92957 4.79
    endloop
  endfacet
  facet normal 0 0 -1
    outer loop
      vertex -11.5103 -2.96664 4.79
      vertex -10.8892 -2.93627 4.79
      vertex -11.4806 -3.13088 4.79
    endloop
  endfacet
  facet normal 0 0 -1
    outer loop
      vertex -11.5518 -2.82481 4.79
      vertex -10.9509 -2.69964 4.79
      vertex -11.5103 -2.96664 4.79
    endloop
  endfacet
  facet normal -0 0 -1
    outer loop
      vertex -10.8892 -2.93627 4.79
      vertex -11.5103 -2.96664 4.79
      vertex -10.9509 -2.69964 4.79
    endloop
  endfacet
  facet normal -0 0 -1
    outer loop
      vertex -10.8437 -3.66245 4.79
      vertex -11.4626 -3.72234 4.79
      vertex -11.4583 -3.62678 4.79
    endloop
  endfacet
  facet normal 0 0 -1
    outer loop
      vertex -10.8556 -3.81748 4.79
      vertex -11.4697 -3.81324 4.79
      vertex -11.4626 -3.72234 4.79
    endloop
  endfacet
  facet normal 0 0 -1
    outer loop
      vertex -10.8752 -3.9632 4.79
      vertex -11.4797 -3.89948 4.79
      vertex -11.4697 -3.81324 4.79
    endloop
  endfacet
  facet normal 0 0 -1
    outer loop
      vertex -10.9028 -4.09963 4.79
      vertex -11.4925 -3.98108 4.79
      vertex -11.4797 -3.89948 4.79
    endloop
  endfacet
  facet normal 0 0 -1
    outer loop
      vertex -10.9028 -4.09963 4.79
      vertex -11.5084 -4.05785 4.79
      vertex -11.4925 -3.98108 4.79
    endloop
  endfacet
  facet normal 0 0 -1
    outer loop
      vertex -11.7552 -4.48926 4.79
      vertex -11.4367 -4.92957 4.79
      vertex -11.5222 -4.97979 4.79
    endloop
  endfacet
  facet normal 0 0 -1
    outer loop
      vertex -10.9383 -4.22675 4.79
      vertex -11.5276 -4.12958 4.79
      vertex -11.5084 -4.05785 4.79
    endloop
  endfacet
  facet normal 0 0 -1
    outer loop
      vertex -10.9806 -4.34485 4.79
      vertex -11.5502 -4.19628 4.79
      vertex -11.5276 -4.12958 4.79
    endloop
  endfacet
  facet normal 0 0 -1
    outer loop
      vertex -11.0289 -4.45421 4.79
      vertex -11.5761 -4.25794 4.79
      vertex -11.5502 -4.19628 4.79
    endloop
  endfacet
  facet normal 0 0 -1
    outer loop
      vertex -11.083 -4.55485 4.79
      vertex -11.6052 -4.31457 4.79
      vertex -11.5761 -4.25794 4.79
    endloop
  endfacet
  facet normal 0 0 -1
    outer loop
      vertex -11.801 -4.51987 4.79
      vertex -11.5222 -4.97979 4.79
      vertex -11.6124 -5.02184 4.79
    endloop
  endfacet
  facet normal 0 0 -1
    outer loop
      vertex -11.143 -4.64675 4.79
      vertex -11.6378 -4.36608 4.79
      vertex -11.6052 -4.31457 4.79
    endloop
  endfacet
  facet normal 0 0 -1
    outer loop
      vertex -11.2089 -4.72991 4.79
      vertex -11.6736 -4.41236 4.79
      vertex -11.6378 -4.36608 4.79
    endloop
  endfacet
  facet normal 0 0 -1
    outer loop
      vertex -11.8505 -4.54506 4.79
      vertex -11.6124 -5.02184 4.79
      vertex -11.7062 -5.05602 4.79
    endloop
  endfacet
  facet normal 0 0 -1
    outer loop
      vertex -11.2801 -4.80463 4.79
      vertex -11.7128 -4.45342 4.79
      vertex -11.6736 -4.41236 4.79
    endloop
  endfacet
  facet normal 0 0 -1
    outer loop
      vertex -11.4367 -4.92957 4.79
      vertex -11.7552 -4.48926 4.79
      vertex -11.7128 -4.45342 4.79
    endloop
  endfacet
  facet normal 0 0 -1
    outer loop
      vertex -11.5222 -4.97979 4.79
      vertex -11.801 -4.51987 4.79
      vertex -11.7552 -4.48926 4.79
    endloop
  endfacet
  facet normal 0 0 -1
    outer loop
      vertex -11.904 -4.56467 4.79
      vertex -11.7062 -5.05602 4.79
      vertex -11.8026 -5.08262 4.79
    endloop
  endfacet
  facet normal 0 0 -1
    outer loop
      vertex -11.6124 -5.02184 4.79
      vertex -11.8505 -4.54506 4.79
      vertex -11.801 -4.51987 4.79
    endloop
  endfacet
  facet normal 0 0 -1
    outer loop
      vertex -11.9614 -4.57866 4.79
      vertex -11.8026 -5.08262 4.79
      vertex -11.9016 -5.1016 4.79
    endloop
  endfacet
  facet normal 0 0 -1
    outer loop
      vertex -11.7062 -5.05602 4.79
      vertex -11.904 -4.56467 4.79
      vertex -11.8505 -4.54506 4.79
    endloop
  endfacet
  facet normal 0 0 -1
    outer loop
      vertex -11.8026 -5.08262 4.79
      vertex -11.9614 -4.57866 4.79
      vertex -11.904 -4.56467 4.79
    endloop
  endfacet
  facet normal 0 0 -1
    outer loop
      vertex -12.0228 -4.58707 4.79
      vertex -11.9016 -5.1016 4.79
      vertex -12.0031 -5.113 4.79
    endloop
  endfacet
  facet normal 0 0 -1
    outer loop
      vertex -11.9016 -5.1016 4.79
      vertex -12.0228 -4.58707 4.79
      vertex -11.9614 -4.57866 4.79
    endloop
  endfacet
  facet normal 0 0 -1
    outer loop
      vertex -12.0031 -5.113 4.79
      vertex -12.0882 -4.58986 4.79
      vertex -12.0228 -4.58707 4.79
    endloop
  endfacet
  facet normal 0 0 -1
    outer loop
      vertex -12.1072 -5.1168 4.79
      vertex -12.0882 -4.58986 4.79
      vertex -12.0031 -5.113 4.79
    endloop
  endfacet
  facet normal 0 0 -1
    outer loop
      vertex -12.1072 -5.1168 4.79
      vertex -12.2154 -4.57905 4.79
      vertex -12.0882 -4.58986 4.79
    endloop
  endfacet
  facet normal 0 0 -1
    outer loop
      vertex -12.34 -5.10056 4.79
      vertex -12.2154 -4.57905 4.79
      vertex -12.1072 -5.1168 4.79
    endloop
  endfacet
  facet normal -0 0 -1
    outer loop
      vertex -12.2154 -4.57905 4.79
      vertex -12.34 -5.10056 4.79
      vertex -12.3275 -4.54658 4.79
    endloop
  endfacet
  facet normal 0 0 -1
    outer loop
      vertex -12.5485 -5.05186 4.79
      vertex -12.3275 -4.54658 4.79
      vertex -12.34 -5.10056 4.79
    endloop
  endfacet
  facet normal -0 0 -1
    outer loop
      vertex -12.3275 -4.54658 4.79
      vertex -12.5485 -5.05186 4.79
      vertex -12.4243 -4.49247 4.79
    endloop
  endfacet
  facet normal 0 0 -1
    outer loop
      vertex -12.7327 -4.97069 4.79
      vertex -12.4243 -4.49247 4.79
      vertex -12.5485 -5.05186 4.79
    endloop
  endfacet
  facet normal 0 0 -1
    outer loop
      vertex -12.8925 -4.85705 4.79
      vertex -12.4243 -4.49247 4.79
      vertex -12.7327 -4.97069 4.79
    endloop
  endfacet
  facet normal -0 0 -1
    outer loop
      vertex -12.4243 -4.49247 4.79
      vertex -12.8925 -4.85705 4.79
      vertex -12.506 -4.41669 4.79
    endloop
  endfacet
  facet normal 0 0 -1
    outer loop
      vertex -13.0281 -4.71094 4.79
      vertex -12.506 -4.41669 4.79
      vertex -12.8925 -4.85705 4.79
    endloop
  endfacet
  facet normal -0 0 -1
    outer loop
      vertex -12.506 -4.41669 4.79
      vertex -13.0281 -4.71094 4.79
      vertex -12.5724 -4.31928 4.79
    endloop
  endfacet
  facet normal 0 0 -1
    outer loop
      vertex -13.2256 -4.32662 4.79
      vertex -12.6254 -4.19987 4.79
      vertex -13.1392 -4.53368 4.79
    endloop
  endfacet
  facet normal -0 0 -1
    outer loop
      vertex -12.5724 -4.31928 4.79
      vertex -13.1392 -4.53368 4.79
      vertex -12.6254 -4.19987 4.79
    endloop
  endfacet
  facet normal 0 0 -1
    outer loop
      vertex -13.1392 -4.53368 4.79
      vertex -12.5724 -4.31928 4.79
      vertex -13.0281 -4.71094 4.79
    endloop
  endfacet
  facet normal -0 0 -1
    outer loop
      vertex -10.9509 -2.69964 4.79
      vertex -11.5518 -2.82481 4.79
      vertex -11.0373 -2.49253 4.79
    endloop
  endfacet
  facet normal 0 0 -1
    outer loop
      vertex -11.6052 -2.70537 4.79
      vertex -11.0373 -2.49253 4.79
      vertex -11.5518 -2.82481 4.79
    endloop
  endfacet
  facet normal -0 0 -1
    outer loop
      vertex -11.0373 -2.49253 4.79
      vertex -11.6052 -2.70537 4.79
      vertex -11.1483 -2.31495 4.79
    endloop
  endfacet
  facet normal 0 0 -1
    outer loop
      vertex -11.672 -2.60796 4.79
      vertex -11.1483 -2.31495 4.79
      vertex -11.6052 -2.70537 4.79
    endloop
  endfacet
  facet normal -0 0 -1
    outer loop
      vertex -11.1483 -2.31495 4.79
      vertex -11.672 -2.60796 4.79
      vertex -11.2839 -2.1684 4.79
    endloop
  endfacet
  facet normal 0 0 -1
    outer loop
      vertex -11.7537 -2.53222 4.79
      vertex -11.2839 -2.1684 4.79
      vertex -11.672 -2.60796 4.79
    endloop
  endfacet
  facet normal -0 0 -1
    outer loop
      vertex -11.2839 -2.1684 4.79
      vertex -11.7537 -2.53222 4.79
      vertex -11.4438 -2.05443 4.79
    endloop
  endfacet
  facet normal -0 0 -1
    outer loop
      vertex -11.4438 -2.05443 4.79
      vertex -11.7537 -2.53222 4.79
      vertex -11.628 -1.97301 4.79
    endloop
  endfacet
  facet normal 0 0 -1
    outer loop
      vertex -11.8503 -2.47811 4.79
      vertex -11.628 -1.97301 4.79
      vertex -11.7537 -2.53222 4.79
    endloop
  endfacet
  facet normal -0 0 -1
    outer loop
      vertex -11.628 -1.97301 4.79
      vertex -11.8503 -2.47811 4.79
      vertex -11.8364 -1.92419 4.79
    endloop
  endfacet
  facet normal 0 0 -1
    outer loop
      vertex -11.9618 -2.44564 4.79
      vertex -11.8364 -1.92419 4.79
      vertex -11.8503 -2.47811 4.79
    endloop
  endfacet
  facet normal 0 0 -1
    outer loop
      vertex -11.9618 -2.44564 4.79
      vertex -12.0692 -1.9079 4.79
      vertex -11.8364 -1.92419 4.79
    endloop
  endfacet
  facet normal 0 0 -1
    outer loop
      vertex -12.0882 -2.43482 4.79
      vertex -12.0692 -1.9079 4.79
      vertex -11.9618 -2.44564 4.79
    endloop
  endfacet
  facet normal 0 0 -1
    outer loop
      vertex -12.1733 -1.9117 4.79
      vertex -12.0882 -2.43482 4.79
      vertex -12.1537 -2.43761 4.79
    endloop
  endfacet
  facet normal 0 0 -1
    outer loop
      vertex -12.0882 -2.43482 4.79
      vertex -12.1733 -1.9117 4.79
      vertex -12.0692 -1.9079 4.79
    endloop
  endfacet
  facet normal 0 0 -1
    outer loop
      vertex -12.2749 -1.9231 4.79
      vertex -12.1537 -2.43761 4.79
      vertex -12.2152 -2.44602 4.79
    endloop
  endfacet
  facet normal 0 0 -1
    outer loop
      vertex -12.3738 -1.94208 4.79
      vertex -12.2152 -2.44602 4.79
      vertex -12.2729 -2.46001 4.79
    endloop
  endfacet
  facet normal 0 0 -1
    outer loop
      vertex -12.1537 -2.43761 4.79
      vertex -12.2749 -1.9231 4.79
      vertex -12.1733 -1.9117 4.79
    endloop
  endfacet
  facet normal 0 0 -1
    outer loop
      vertex -12.4703 -1.96863 4.79
      vertex -12.2729 -2.46001 4.79
      vertex -12.3267 -2.47962 4.79
    endloop
  endfacet
  facet normal 0 0 -1
    outer loop
      vertex -12.2152 -2.44602 4.79
      vertex -12.3738 -1.94208 4.79
      vertex -12.2749 -1.9231 4.79
    endloop
  endfacet
  facet normal 0 0 -1
    outer loop
      vertex -12.5641 -2.00281 4.79
      vertex -12.3267 -2.47962 4.79
      vertex -12.3766 -2.50481 4.79
    endloop
  endfacet
  facet normal 0 0 -1
    outer loop
      vertex -12.6543 -2.04488 4.79
      vertex -12.3766 -2.50481 4.79
      vertex -12.4228 -2.53544 4.79
    endloop
  endfacet
  facet normal 0 0 -1
    outer loop
      vertex -12.7398 -2.0951 4.79
      vertex -12.4228 -2.53544 4.79
      vertex -12.4654 -2.57128 4.79
    endloop
  endfacet
  facet normal 0 0 -1
    outer loop
      vertex -12.2729 -2.46001 4.79
      vertex -12.4703 -1.96863 4.79
      vertex -12.3738 -1.94208 4.79
    endloop
  endfacet
  facet normal 0 0 -1
    outer loop
      vertex -12.8964 -2.22004 4.79
      vertex -12.4654 -2.57128 4.79
      vertex -12.5046 -2.61234 4.79
    endloop
  endfacet
  facet normal 0 0 -1
    outer loop
      vertex -12.9676 -2.29475 4.79
      vertex -12.5046 -2.61234 4.79
      vertex -12.5403 -2.65862 4.79
    endloop
  endfacet
  facet normal 0 0 -1
    outer loop
      vertex -12.3267 -2.47962 4.79
      vertex -12.5641 -2.00281 4.79
      vertex -12.4703 -1.96863 4.79
    endloop
  endfacet
  facet normal 0 0 -1
    outer loop
      vertex -13.0335 -2.37792 4.79
      vertex -12.5403 -2.65862 4.79
      vertex -12.5724 -2.71014 4.79
    endloop
  endfacet
  facet normal 0 0 -1
    outer loop
      vertex -13.0935 -2.46982 4.79
      vertex -12.5724 -2.71014 4.79
      vertex -12.6012 -2.76676 4.79
    endloop
  endfacet
  facet normal 0 0 -1
    outer loop
      vertex -13.1476 -2.57047 4.79
      vertex -12.6012 -2.76676 4.79
      vertex -12.6267 -2.82841 4.79
    endloop
  endfacet
  facet normal 0 0 -1
    outer loop
      vertex -13.1958 -2.67983 4.79
      vertex -12.6267 -2.82841 4.79
      vertex -12.649 -2.8951 4.79
    endloop
  endfacet
  facet normal 0 0 -1
    outer loop
      vertex -12.3766 -2.50481 4.79
      vertex -12.6543 -2.04488 4.79
      vertex -12.5641 -2.00281 4.79
    endloop
  endfacet
  facet normal 0 0 -1
    outer loop
      vertex -13.2381 -2.79795 4.79
      vertex -12.649 -2.8951 4.79
      vertex -12.6681 -2.96682 4.79
    endloop
  endfacet
  facet normal 0 0 -1
    outer loop
      vertex -13.2736 -2.92507 4.79
      vertex -12.6681 -2.96682 4.79
      vertex -12.684 -3.04357 4.79
    endloop
  endfacet
  facet normal 0 0 -1
    outer loop
      vertex -13.2736 -2.92507 4.79
      vertex -12.684 -3.04357 4.79
      vertex -12.6968 -3.12517 4.79
    endloop
  endfacet
  facet normal 0 0 -1
    outer loop
      vertex -13.3012 -3.06148 4.79
      vertex -12.6968 -3.12517 4.79
      vertex -12.7067 -3.21143 4.79
    endloop
  endfacet
  facet normal 0 0 -1
    outer loop
      vertex -13.3209 -3.20722 4.79
      vertex -12.7067 -3.21143 4.79
      vertex -12.7139 -3.30234 4.79
    endloop
  endfacet
  facet normal 0 0 -1
    outer loop
      vertex -12.4228 -2.53544 4.79
      vertex -12.7398 -2.0951 4.79
      vertex -12.6543 -2.04488 4.79
    endloop
  endfacet
  facet normal 0 0 -1
    outer loop
      vertex -13.3327 -3.36225 4.79
      vertex -12.7139 -3.30234 4.79
      vertex -12.7181 -3.39791 4.79
    endloop
  endfacet
  facet normal 0 0 -1
    outer loop
      vertex -13.3327 -3.36225 4.79
      vertex -12.7181 -3.39791 4.79
      vertex -12.7196 -3.49811 4.79
    endloop
  endfacet
  facet normal -0 0 -1
    outer loop
      vertex -12.6254 -4.19987 4.79
      vertex -13.2256 -4.32662 4.79
      vertex -12.6666 -4.05803 4.79
    endloop
  endfacet
  facet normal 0 -0 -1
    outer loop
      vertex -13.3327 -3.36225 4.79
      vertex -12.7196 -3.49811 4.79
      vertex -13.3367 -3.52657 4.79
    endloop
  endfacet
  facet normal 0 0 -1
    outer loop
      vertex -13.2873 -4.08976 4.79
      vertex -12.6666 -4.05803 4.79
      vertex -13.2256 -4.32662 4.79
    endloop
  endfacet
  facet normal -0 0 -1
    outer loop
      vertex -12.7139 -3.30234 4.79
      vertex -13.3327 -3.36225 4.79
      vertex -13.3209 -3.20722 4.79
    endloop
  endfacet
  facet normal 0 0 -1
    outer loop
      vertex -12.7067 -3.21143 4.79
      vertex -13.3209 -3.20722 4.79
      vertex -13.3012 -3.06148 4.79
    endloop
  endfacet
  facet normal -0 0 -1
    outer loop
      vertex -12.6666 -4.05803 4.79
      vertex -13.2873 -4.08976 4.79
      vertex -12.696 -3.8938 4.79
    endloop
  endfacet
  facet normal 0 0 -1
    outer loop
      vertex -12.6968 -3.12517 4.79
      vertex -13.3012 -3.06148 4.79
      vertex -13.2736 -2.92507 4.79
    endloop
  endfacet
  facet normal 0 0 -1
    outer loop
      vertex -12.6681 -2.96682 4.79
      vertex -13.2736 -2.92507 4.79
      vertex -13.2381 -2.79795 4.79
    endloop
  endfacet
  facet normal 0 0 -1
    outer loop
      vertex -13.3243 -3.82306 4.79
      vertex -12.696 -3.8938 4.79
      vertex -13.2873 -4.08976 4.79
    endloop
  endfacet
  facet normal 0 0 -1
    outer loop
      vertex -12.649 -2.8951 4.79
      vertex -13.2381 -2.79795 4.79
      vertex -13.1958 -2.67983 4.79
    endloop
  endfacet
  facet normal 0 0 -1
    outer loop
      vertex -12.6267 -2.82841 4.79
      vertex -13.1958 -2.67983 4.79
      vertex -13.1476 -2.57047 4.79
    endloop
  endfacet
  facet normal 0 0 -1
    outer loop
      vertex -12.696 -3.8938 4.79
      vertex -13.3243 -3.82306 4.79
      vertex -12.7137 -3.70716 4.79
    endloop
  endfacet
  facet normal 0 0 -1
    outer loop
      vertex -12.4654 -2.57128 4.79
      vertex -12.8204 -2.15349 4.79
      vertex -12.7398 -2.0951 4.79
    endloop
  endfacet
  facet normal 0 0 -1
    outer loop
      vertex -12.5724 -2.71014 4.79
      vertex -13.0935 -2.46982 4.79
      vertex -13.0335 -2.37792 4.79
    endloop
  endfacet
  facet normal 0 0 -1
    outer loop
      vertex -13.3367 -3.52657 4.79
      vertex -12.7137 -3.70716 4.79
      vertex -13.3243 -3.82306 4.79
    endloop
  endfacet
  facet normal 0 0 -1
    outer loop
      vertex -12.7137 -3.70716 4.79
      vertex -13.3367 -3.52657 4.79
      vertex -12.7196 -3.49811 4.79
    endloop
  endfacet
  facet normal 0 0 -1
    outer loop
      vertex -12.4654 -2.57128 4.79
      vertex -12.8964 -2.22004 4.79
      vertex -12.8204 -2.15349 4.79
    endloop
  endfacet
  facet normal 0 0 -1
    outer loop
      vertex -12.6012 -2.76676 4.79
      vertex -13.1476 -2.57047 4.79
      vertex -13.0935 -2.46982 4.79
    endloop
  endfacet
  facet normal 0 0 -1
    outer loop
      vertex -12.5046 -2.61234 4.79
      vertex -12.9676 -2.29475 4.79
      vertex -12.8964 -2.22004 4.79
    endloop
  endfacet
  facet normal 0 0 -1
    outer loop
      vertex -12.5403 -2.65862 4.79
      vertex -13.0335 -2.37792 4.79
      vertex -12.9676 -2.29475 4.79
    endloop
  endfacet
  facet normal 0 0 -1
    outer loop
      vertex -0.704885 -3.52657 4.79
      vertex -0.0878048 -3.49811 4.79
      vertex -0.0917416 -3.66245 4.79
    endloop
  endfacet
  facet normal 0 0 -1
    outer loop
      vertex -0.710577 -3.72234 4.79
      vertex -0.0917416 -3.66245 4.79
      vertex -0.103552 -3.81748 4.79
    endloop
  endfacet
  facet normal 0 0 -1
    outer loop
      vertex -0.717703 -3.81324 4.79
      vertex -0.103552 -3.81748 4.79
      vertex -0.123251 -3.9632 4.79
    endloop
  endfacet
  facet normal 0 0 -1
    outer loop
      vertex -0.710821 -3.31753 4.79
      vertex -0.0878048 -3.49811 4.79
      vertex -0.704885 -3.52657 4.79
    endloop
  endfacet
  facet normal 0 0 -1
    outer loop
      vertex -0.727667 -3.89948 4.79
      vertex -0.123251 -3.9632 4.79
      vertex -0.150839 -4.09963 4.79
    endloop
  endfacet
  facet normal 0 0 -1
    outer loop
      vertex -0.756384 -4.05785 4.79
      vertex -0.150839 -4.09963 4.79
      vertex -0.186285 -4.22675 4.79
    endloop
  endfacet
  facet normal 0 0 -1
    outer loop
      vertex -0.0878048 -3.49811 4.79
      vertex -0.710821 -3.31753 4.79
      vertex -0.100134 -3.20243 4.79
    endloop
  endfacet
  facet normal 0 0 -1
    outer loop
      vertex -0.775625 -4.12958 4.79
      vertex -0.186285 -4.22675 4.79
      vertex -0.228643 -4.34485 4.79
    endloop
  endfacet
  facet normal 0 0 -1
    outer loop
      vertex -0.798178 -4.19628 4.79
      vertex -0.228643 -4.34485 4.79
      vertex -0.276876 -4.45421 4.79
    endloop
  endfacet
  facet normal 0 0 -1
    outer loop
      vertex -0.0917416 -3.66245 4.79
      vertex -0.706305 -3.62678 4.79
      vertex -0.704885 -3.52657 4.79
    endloop
  endfacet
  facet normal 0 0 -1
    outer loop
      vertex -0.824057 -4.25794 4.79
      vertex -0.276876 -4.45421 4.79
      vertex -0.330984 -4.55485 4.79
    endloop
  endfacet
  facet normal 0 0 -1
    outer loop
      vertex -0.853247 -4.31457 4.79
      vertex -0.330984 -4.55485 4.79
      vertex -0.390997 -4.64675 4.79
    endloop
  endfacet
  facet normal 0 0 -1
    outer loop
      vertex -0.728613 -3.13088 4.79
      vertex -0.100134 -3.20243 4.79
      vertex -0.710821 -3.31753 4.79
    endloop
  endfacet
  facet normal 0 0 -1
    outer loop
      vertex -0.885763 -4.36608 4.79
      vertex -0.390997 -4.64675 4.79
      vertex -0.456869 -4.72991 4.79
    endloop
  endfacet
  facet normal 0 0 -1
    outer loop
      vertex -0.921606 -4.41236 4.79
      vertex -0.456869 -4.72991 4.79
      vertex -0.528067 -4.80463 4.79
    endloop
  endfacet
  facet normal 0 0 -1
    outer loop
      vertex -0.100134 -3.20243 4.79
      vertex -0.728613 -3.13088 4.79
      vertex -0.137167 -2.93627 4.79
    endloop
  endfacet
  facet normal 0 0 -1
    outer loop
      vertex -0.96076 -4.45342 4.79
      vertex -0.528067 -4.80463 4.79
      vertex -0.604025 -4.87119 4.79
    endloop
  endfacet
  facet normal 0 0 -1
    outer loop
      vertex -0.96076 -4.45342 4.79
      vertex -0.604025 -4.87119 4.79
      vertex -0.684713 -4.92957 4.79
    endloop
  endfacet
  facet normal 0 0 -1
    outer loop
      vertex -0.758276 -2.96664 4.79
      vertex -0.137167 -2.93627 4.79
      vertex -0.728613 -3.13088 4.79
    endloop
  endfacet
  facet normal 0 0 -1
    outer loop
      vertex -0.79981 -2.82481 4.79
      vertex -0.198874 -2.69964 4.79
      vertex -0.758276 -2.96664 4.79
    endloop
  endfacet
  facet normal -0 0 -1
    outer loop
      vertex -0.137167 -2.93627 4.79
      vertex -0.758276 -2.96664 4.79
      vertex -0.198874 -2.69964 4.79
    endloop
  endfacet
  facet normal -0 0 -1
    outer loop
      vertex -0.0917416 -3.66245 4.79
      vertex -0.710577 -3.72234 4.79
      vertex -0.706305 -3.62678 4.79
    endloop
  endfacet
  facet normal 0 0 -1
    outer loop
      vertex -0.103552 -3.81748 4.79
      vertex -0.717703 -3.81324 4.79
      vertex -0.710577 -3.72234 4.79
    endloop
  endfacet
  facet normal 0 0 -1
    outer loop
      vertex -0.123251 -3.9632 4.79
      vertex -0.727667 -3.89948 4.79
      vertex -0.717703 -3.81324 4.79
    endloop
  endfacet
  facet normal 0 0 -1
    outer loop
      vertex -0.150839 -4.09963 4.79
      vertex -0.740484 -3.98108 4.79
      vertex -0.727667 -3.89948 4.79
    endloop
  endfacet
  facet normal 0 0 -1
    outer loop
      vertex -0.150839 -4.09963 4.79
      vertex -0.756384 -4.05785 4.79
      vertex -0.740484 -3.98108 4.79
    endloop
  endfacet
  facet normal 0 0 -1
    outer loop
      vertex -1.00324 -4.48926 4.79
      vertex -0.684713 -4.92957 4.79
      vertex -0.770163 -4.97979 4.79
    endloop
  endfacet
  facet normal 0 0 -1
    outer loop
      vertex -0.186285 -4.22675 4.79
      vertex -0.775625 -4.12958 4.79
      vertex -0.756384 -4.05785 4.79
    endloop
  endfacet
  facet normal 0 0 -1
    outer loop
      vertex -0.228643 -4.34485 4.79
      vertex -0.798178 -4.19628 4.79
      vertex -0.775625 -4.12958 4.79
    endloop
  endfacet
  facet normal 0 0 -1
    outer loop
      vertex -0.276876 -4.45421 4.79
      vertex -0.824057 -4.25794 4.79
      vertex -0.798178 -4.19628 4.79
    endloop
  endfacet
  facet normal 0 0 -1
    outer loop
      vertex -0.330984 -4.55485 4.79
      vertex -0.853247 -4.31457 4.79
      vertex -0.824057 -4.25794 4.79
    endloop
  endfacet
  facet normal 0 0 -1
    outer loop
      vertex -1.04903 -4.51987 4.79
      vertex -0.770163 -4.97979 4.79
      vertex -0.860357 -5.02184 4.79
    endloop
  endfacet
  facet normal 0 0 -1
    outer loop
      vertex -0.390997 -4.64675 4.79
      vertex -0.885763 -4.36608 4.79
      vertex -0.853247 -4.31457 4.79
    endloop
  endfacet
  facet normal 0 0 -1
    outer loop
      vertex -0.456869 -4.72991 4.79
      vertex -0.921606 -4.41236 4.79
      vertex -0.885763 -4.36608 4.79
    endloop
  endfacet
  facet normal 0 0 -1
    outer loop
      vertex -1.0985 -4.54506 4.79
      vertex -0.860357 -5.02184 4.79
      vertex -0.954199 -5.05602 4.79
    endloop
  endfacet
  facet normal 0 0 -1
    outer loop
      vertex -0.528067 -4.80463 4.79
      vertex -0.96076 -4.45342 4.79
      vertex -0.921606 -4.41236 4.79
    endloop
  endfacet
  facet normal 0 0 -1
    outer loop
      vertex -0.684713 -4.92957 4.79
      vertex -1.00324 -4.48926 4.79
      vertex -0.96076 -4.45342 4.79
    endloop
  endfacet
  facet normal 0 0 -1
    outer loop
      vertex -0.770163 -4.97979 4.79
      vertex -1.04903 -4.51987 4.79
      vertex -1.00324 -4.48926 4.79
    endloop
  endfacet
  facet normal 0 0 -1
    outer loop
      vertex -1.15195 -4.56467 4.79
      vertex -0.954199 -5.05602 4.79
      vertex -1.05062 -5.08262 4.79
    endloop
  endfacet
  facet normal 0 0 -1
    outer loop
      vertex -0.860357 -5.02184 4.79
      vertex -1.0985 -4.54506 4.79
      vertex -1.04903 -4.51987 4.79
    endloop
  endfacet
  facet normal 0 0 -1
    outer loop
      vertex -1.20939 -4.57866 4.79
      vertex -1.05062 -5.08262 4.79
      vertex -1.14959 -5.1016 4.79
    endloop
  endfacet
  facet normal 0 0 -1
    outer loop
      vertex -0.954199 -5.05602 4.79
      vertex -1.15195 -4.56467 4.79
      vertex -1.0985 -4.54506 4.79
    endloop
  endfacet
  facet normal 0 0 -1
    outer loop
      vertex -1.05062 -5.08262 4.79
      vertex -1.20939 -4.57866 4.79
      vertex -1.15195 -4.56467 4.79
    endloop
  endfacet
  facet normal 0 0 -1
    outer loop
      vertex -1.2708 -4.58707 4.79
      vertex -1.14959 -5.1016 4.79
      vertex -1.25112 -5.113 4.79
    endloop
  endfacet
  facet normal 0 0 -1
    outer loop
      vertex -1.14959 -5.1016 4.79
      vertex -1.2708 -4.58707 4.79
      vertex -1.20939 -4.57866 4.79
    endloop
  endfacet
  facet normal 0 0 -1
    outer loop
      vertex -1.25112 -5.113 4.79
      vertex -1.33622 -4.58986 4.79
      vertex -1.2708 -4.58707 4.79
    endloop
  endfacet
  facet normal 0 0 -1
    outer loop
      vertex -1.35522 -5.1168 4.79
      vertex -1.33622 -4.58986 4.79
      vertex -1.25112 -5.113 4.79
    endloop
  endfacet
  facet normal 0 0 -1
    outer loop
      vertex -1.35522 -5.1168 4.79
      vertex -1.46343 -4.57905 4.79
      vertex -1.33622 -4.58986 4.79
    endloop
  endfacet
  facet normal 0 0 -1
    outer loop
      vertex -1.588 -5.10056 4.79
      vertex -1.46343 -4.57905 4.79
      vertex -1.35522 -5.1168 4.79
    endloop
  endfacet
  facet normal -0 0 -1
    outer loop
      vertex -1.46343 -4.57905 4.79
      vertex -1.588 -5.10056 4.79
      vertex -1.57546 -4.54658 4.79
    endloop
  endfacet
  facet normal 0 0 -1
    outer loop
      vertex -1.7965 -5.05186 4.79
      vertex -1.57546 -4.54658 4.79
      vertex -1.588 -5.10056 4.79
    endloop
  endfacet
  facet normal -0 0 -1
    outer loop
      vertex -1.57546 -4.54658 4.79
      vertex -1.7965 -5.05186 4.79
      vertex -1.67231 -4.49247 4.79
    endloop
  endfacet
  facet normal 0 0 -1
    outer loop
      vertex -1.98067 -4.97069 4.79
      vertex -1.67231 -4.49247 4.79
      vertex -1.7965 -5.05186 4.79
    endloop
  endfacet
  facet normal 0 0 -1
    outer loop
      vertex -2.14054 -4.85705 4.79
      vertex -1.67231 -4.49247 4.79
      vertex -1.98067 -4.97069 4.79
    endloop
  endfacet
  facet normal -0 0 -1
    outer loop
      vertex -1.67231 -4.49247 4.79
      vertex -2.14054 -4.85705 4.79
      vertex -1.75396 -4.41669 4.79
    endloop
  endfacet
  facet normal 0 0 -1
    outer loop
      vertex -2.2761 -4.71094 4.79
      vertex -1.75396 -4.41669 4.79
      vertex -2.14054 -4.85705 4.79
    endloop
  endfacet
  facet normal -0 0 -1
    outer loop
      vertex -1.75396 -4.41669 4.79
      vertex -2.2761 -4.71094 4.79
      vertex -1.82041 -4.31928 4.79
    endloop
  endfacet
  facet normal 0 0 -1
    outer loop
      vertex -2.47358 -4.32662 4.79
      vertex -1.87339 -4.19987 4.79
      vertex -2.38718 -4.53368 4.79
    endloop
  endfacet
  facet normal -0 0 -1
    outer loop
      vertex -1.82041 -4.31928 4.79
      vertex -2.38718 -4.53368 4.79
      vertex -1.87339 -4.19987 4.79
    endloop
  endfacet
  facet normal 0 0 -1
    outer loop
      vertex -2.38718 -4.53368 4.79
      vertex -1.82041 -4.31928 4.79
      vertex -2.2761 -4.71094 4.79
    endloop
  endfacet
  facet normal -0 0 -1
    outer loop
      vertex -0.198874 -2.69964 4.79
      vertex -0.79981 -2.82481 4.79
      vertex -0.285254 -2.49253 4.79
    endloop
  endfacet
  facet normal 0 0 -1
    outer loop
      vertex -0.853216 -2.70537 4.79
      vertex -0.285254 -2.49253 4.79
      vertex -0.79981 -2.82481 4.79
    endloop
  endfacet
  facet normal -0 0 -1
    outer loop
      vertex -0.285254 -2.49253 4.79
      vertex -0.853216 -2.70537 4.79
      vertex -0.396322 -2.31495 4.79
    endloop
  endfacet
  facet normal 0 0 -1
    outer loop
      vertex -0.920004 -2.60796 4.79
      vertex -0.396322 -2.31495 4.79
      vertex -0.853216 -2.70537 4.79
    endloop
  endfacet
  facet normal -0 0 -1
    outer loop
      vertex -0.396322 -2.31495 4.79
      vertex -0.920004 -2.60796 4.79
      vertex -0.531897 -2.1684 4.79
    endloop
  endfacet
  facet normal 0 0 -1
    outer loop
      vertex -1.00171 -2.53222 4.79
      vertex -0.531897 -2.1684 4.79
      vertex -0.920004 -2.60796 4.79
    endloop
  endfacet
  facet normal -0 0 -1
    outer loop
      vertex -0.531897 -2.1684 4.79
      vertex -1.00171 -2.53222 4.79
      vertex -0.691778 -2.05443 4.79
    endloop
  endfacet
  facet normal -0 0 -1
    outer loop
      vertex -0.691778 -2.05443 4.79
      vertex -1.00171 -2.53222 4.79
      vertex -0.875967 -1.97301 4.79
    endloop
  endfacet
  facet normal 0 0 -1
    outer loop
      vertex -1.0983 -2.47811 4.79
      vertex -0.875967 -1.97301 4.79
      vertex -1.00171 -2.53222 4.79
    endloop
  endfacet
  facet normal -0 0 -1
    outer loop
      vertex -0.875967 -1.97301 4.79
      vertex -1.0983 -2.47811 4.79
      vertex -1.08445 -1.92419 4.79
    endloop
  endfacet
  facet normal 0 0 -1
    outer loop
      vertex -1.20981 -2.44564 4.79
      vertex -1.08445 -1.92419 4.79
      vertex -1.0983 -2.47811 4.79
    endloop
  endfacet
  facet normal 0 0 -1
    outer loop
      vertex -1.20981 -2.44564 4.79
      vertex -1.31724 -1.9079 4.79
      vertex -1.08445 -1.92419 4.79
    endloop
  endfacet
  facet normal 0 0 -1
    outer loop
      vertex -1.33622 -2.43482 4.79
      vertex -1.31724 -1.9079 4.79
      vertex -1.20981 -2.44564 4.79
    endloop
  endfacet
  facet normal 0 0 -1
    outer loop
      vertex -1.42135 -1.9117 4.79
      vertex -1.33622 -2.43482 4.79
      vertex -1.40168 -2.43761 4.79
    endloop
  endfacet
  facet normal 0 0 -1
    outer loop
      vertex -1.33622 -2.43482 4.79
      vertex -1.42135 -1.9117 4.79
      vertex -1.31724 -1.9079 4.79
    endloop
  endfacet
  facet normal 0 0 -1
    outer loop
      vertex -1.52288 -1.9231 4.79
      vertex -1.40168 -2.43761 4.79
      vertex -1.46325 -2.44602 4.79
    endloop
  endfacet
  facet normal 0 0 -1
    outer loop
      vertex -1.62185 -1.94208 4.79
      vertex -1.46325 -2.44602 4.79
      vertex -1.52091 -2.46001 4.79
    endloop
  endfacet
  facet normal 0 0 -1
    outer loop
      vertex -1.40168 -2.43761 4.79
      vertex -1.52288 -1.9231 4.79
      vertex -1.42135 -1.9117 4.79
    endloop
  endfacet
  facet normal 0 0 -1
    outer loop
      vertex -1.71825 -1.96863 4.79
      vertex -1.52091 -2.46001 4.79
      vertex -1.5747 -2.47962 4.79
    endloop
  endfacet
  facet normal 0 0 -1
    outer loop
      vertex -1.46325 -2.44602 4.79
      vertex -1.62185 -1.94208 4.79
      vertex -1.52288 -1.9231 4.79
    endloop
  endfacet
  facet normal 0 0 -1
    outer loop
      vertex -1.81211 -2.00281 4.79
      vertex -1.5747 -2.47962 4.79
      vertex -1.62458 -2.50481 4.79
    endloop
  endfacet
  facet normal 0 0 -1
    outer loop
      vertex -1.9023 -2.04488 4.79
      vertex -1.62458 -2.50481 4.79
      vertex -1.67077 -2.53544 4.79
    endloop
  endfacet
  facet normal 0 0 -1
    outer loop
      vertex -1.98775 -2.0951 4.79
      vertex -1.67077 -2.53544 4.79
      vertex -1.71345 -2.57128 4.79
    endloop
  endfacet
  facet normal 0 0 -1
    outer loop
      vertex -1.52091 -2.46001 4.79
      vertex -1.71825 -1.96863 4.79
      vertex -1.62185 -1.94208 4.79
    endloop
  endfacet
  facet normal 0 0 -1
    outer loop
      vertex -2.14438 -2.22004 4.79
      vertex -1.71345 -2.57128 4.79
      vertex -1.75261 -2.61234 4.79
    endloop
  endfacet
  facet normal 0 0 -1
    outer loop
      vertex -2.21558 -2.29475 4.79
      vertex -1.75261 -2.61234 4.79
      vertex -1.78826 -2.65862 4.79
    endloop
  endfacet
  facet normal 0 0 -1
    outer loop
      vertex -1.5747 -2.47962 4.79
      vertex -1.81211 -2.00281 4.79
      vertex -1.71825 -1.96863 4.79
    endloop
  endfacet
  facet normal 0 0 -1
    outer loop
      vertex -2.28147 -2.37792 4.79
      vertex -1.78826 -2.65862 4.79
      vertex -1.82041 -2.71014 4.79
    endloop
  endfacet
  facet normal 0 0 -1
    outer loop
      vertex -2.34147 -2.46982 4.79
      vertex -1.82041 -2.71014 4.79
      vertex -1.84917 -2.76676 4.79
    endloop
  endfacet
  facet normal 0 0 -1
    outer loop
      vertex -2.39557 -2.57047 4.79
      vertex -1.84917 -2.76676 4.79
      vertex -1.8747 -2.82841 4.79
    endloop
  endfacet
  facet normal 0 0 -1
    outer loop
      vertex -2.44379 -2.67983 4.79
      vertex -1.8747 -2.82841 4.79
      vertex -1.89701 -2.8951 4.79
    endloop
  endfacet
  facet normal 0 0 -1
    outer loop
      vertex -1.62458 -2.50481 4.79
      vertex -1.9023 -2.04488 4.79
      vertex -1.81211 -2.00281 4.79
    endloop
  endfacet
  facet normal 0 0 -1
    outer loop
      vertex -2.48614 -2.79795 4.79
      vertex -1.89701 -2.8951 4.79
      vertex -1.9161 -2.96682 4.79
    endloop
  endfacet
  facet normal 0 0 -1
    outer loop
      vertex -2.52161 -2.92507 4.79
      vertex -1.9161 -2.96682 4.79
      vertex -1.93195 -3.04357 4.79
    endloop
  endfacet
  facet normal 0 0 -1
    outer loop
      vertex -2.52161 -2.92507 4.79
      vertex -1.93195 -3.04357 4.79
      vertex -1.94477 -3.12517 4.79
    endloop
  endfacet
  facet normal 0 0 -1
    outer loop
      vertex -2.5492 -3.06148 4.79
      vertex -1.94477 -3.12517 4.79
      vertex -1.95475 -3.21143 4.79
    endloop
  endfacet
  facet normal 0 0 -1
    outer loop
      vertex -2.5689 -3.20722 4.79
      vertex -1.95475 -3.21143 4.79
      vertex -1.96187 -3.30234 4.79
    endloop
  endfacet
  facet normal 0 0 -1
    outer loop
      vertex -1.67077 -2.53544 4.79
      vertex -1.98775 -2.0951 4.79
      vertex -1.9023 -2.04488 4.79
    endloop
  endfacet
  facet normal 0 0 -1
    outer loop
      vertex -2.58072 -3.36225 4.79
      vertex -1.96187 -3.30234 4.79
      vertex -1.96615 -3.39791 4.79
    endloop
  endfacet
  facet normal 0 0 -1
    outer loop
      vertex -2.58072 -3.36225 4.79
      vertex -1.96615 -3.39791 4.79
      vertex -1.96758 -3.49811 4.79
    endloop
  endfacet
  facet normal -0 0 -1
    outer loop
      vertex -1.87339 -4.19987 4.79
      vertex -2.47358 -4.32662 4.79
      vertex -1.9146 -4.05803 4.79
    endloop
  endfacet
  facet normal 0 -0 -1
    outer loop
      vertex -2.58072 -3.36225 4.79
      vertex -1.96758 -3.49811 4.79
      vertex -2.58466 -3.52657 4.79
    endloop
  endfacet
  facet normal 0 0 -1
    outer loop
      vertex -2.5353 -4.08976 4.79
      vertex -1.9146 -4.05803 4.79
      vertex -2.47358 -4.32662 4.79
    endloop
  endfacet
  facet normal -0 0 -1
    outer loop
      vertex -1.96187 -3.30234 4.79
      vertex -2.58072 -3.36225 4.79
      vertex -2.5689 -3.20722 4.79
    endloop
  endfacet
  facet normal 0 0 -1
    outer loop
      vertex -1.95475 -3.21143 4.79
      vertex -2.5689 -3.20722 4.79
      vertex -2.5492 -3.06148 4.79
    endloop
  endfacet
  facet normal -0 0 -1
    outer loop
      vertex -1.9146 -4.05803 4.79
      vertex -2.5353 -4.08976 4.79
      vertex -1.94404 -3.8938 4.79
    endloop
  endfacet
  facet normal 0 0 -1
    outer loop
      vertex -1.94477 -3.12517 4.79
      vertex -2.5492 -3.06148 4.79
      vertex -2.52161 -2.92507 4.79
    endloop
  endfacet
  facet normal 0 0 -1
    outer loop
      vertex -1.9161 -2.96682 4.79
      vertex -2.52161 -2.92507 4.79
      vertex -2.48614 -2.79795 4.79
    endloop
  endfacet
  facet normal 0 0 -1
    outer loop
      vertex -2.57232 -3.82306 4.79
      vertex -1.94404 -3.8938 4.79
      vertex -2.5353 -4.08976 4.79
    endloop
  endfacet
  facet normal 0 0 -1
    outer loop
      vertex -1.89701 -2.8951 4.79
      vertex -2.48614 -2.79795 4.79
      vertex -2.44379 -2.67983 4.79
    endloop
  endfacet
  facet normal 0 0 -1
    outer loop
      vertex -1.8747 -2.82841 4.79
      vertex -2.44379 -2.67983 4.79
      vertex -2.39557 -2.57047 4.79
    endloop
  endfacet
  facet normal 0 0 -1
    outer loop
      vertex -1.94404 -3.8938 4.79
      vertex -2.57232 -3.82306 4.79
      vertex -1.96169 -3.70716 4.79
    endloop
  endfacet
  facet normal 0 0 -1
    outer loop
      vertex -1.71345 -2.57128 4.79
      vertex -2.06844 -2.15349 4.79
      vertex -1.98775 -2.0951 4.79
    endloop
  endfacet
  facet normal 0 0 -1
    outer loop
      vertex -1.82041 -2.71014 4.79
      vertex -2.34147 -2.46982 4.79
      vertex -2.28147 -2.37792 4.79
    endloop
  endfacet
  facet normal 0 0 -1
    outer loop
      vertex -2.58466 -3.52657 4.79
      vertex -1.96169 -3.70716 4.79
      vertex -2.57232 -3.82306 4.79
    endloop
  endfacet
  facet normal 0 0 -1
    outer loop
      vertex -1.96169 -3.70716 4.79
      vertex -2.58466 -3.52657 4.79
      vertex -1.96758 -3.49811 4.79
    endloop
  endfacet
  facet normal 0 0 -1
    outer loop
      vertex -1.71345 -2.57128 4.79
      vertex -2.14438 -2.22004 4.79
      vertex -2.06844 -2.15349 4.79
    endloop
  endfacet
  facet normal 0 0 -1
    outer loop
      vertex -1.84917 -2.76676 4.79
      vertex -2.39557 -2.57047 4.79
      vertex -2.34147 -2.46982 4.79
    endloop
  endfacet
  facet normal 0 0 -1
    outer loop
      vertex -1.75261 -2.61234 4.79
      vertex -2.21558 -2.29475 4.79
      vertex -2.14438 -2.22004 4.79
    endloop
  endfacet
  facet normal 0 0 -1
    outer loop
      vertex -1.78826 -2.65862 4.79
      vertex -2.28147 -2.37792 4.79
      vertex -2.21558 -2.29475 4.79
    endloop
  endfacet
  facet normal 0 0 -1
    outer loop
      vertex -8.01999 -5.06458 4.79
      vertex -6.9211 -4.11996 4.79
      vertex -7.39815 -5.06458 4.79
    endloop
  endfacet
  facet normal -0 0 -1
    outer loop
      vertex -6.9211 -4.11996 4.79
      vertex -8.01999 -5.06458 4.79
      vertex -7.00181 -3.06139 4.79
    endloop
  endfacet
  facet normal 0 0 -1
    outer loop
      vertex -6.50338 -4.10572 4.79
      vertex -5.39972 -5.06458 4.79
      vertex -6.04767 -5.06458 4.79
    endloop
  endfacet
  facet normal 0 0 -1
    outer loop
      vertex -5.39972 -5.06458 4.79
      vertex -6.50338 -4.10572 4.79
      vertex -6.40842 -3.05666 4.79
    endloop
  endfacet
  facet normal 0 0 -1
    outer loop
      vertex -6.71222 -3.63578 4.79
      vertex -6.40842 -3.05666 4.79
      vertex -6.50338 -4.10572 4.79
    endloop
  endfacet
  facet normal 0 0 -1
    outer loop
      vertex -7.00181 -3.06139 4.79
      vertex -6.40842 -3.05666 4.79
      vertex -6.71222 -3.63578 4.79
    endloop
  endfacet
  facet normal 0 0 -1
    outer loop
      vertex -7.00181 -3.06139 4.79
      vertex -6.71222 -3.63578 4.79
      vertex -6.9211 -4.11996 4.79
    endloop
  endfacet
  facet normal -0 0 -1
    outer loop
      vertex -6.40842 -3.05666 4.79
      vertex -7.00181 -3.06139 4.79
      vertex -6.40842 -1.9625 4.79
    endloop
  endfacet
  facet normal -0 0 -1
    outer loop
      vertex -6.40842 -1.9625 4.79
      vertex -7.00181 -3.06139 4.79
      vertex -7.00181 -1.9625 4.79
    endloop
  endfacet
  facet normal 0 0 -1
    outer loop
      vertex 2.03295 -3.73069 4.79
      vertex 2.5812 -1.9625 4.79
      vertex 2.4293 -5.06458 4.79
    endloop
  endfacet
  facet normal -0 0 -1
    outer loop
      vertex 2.5812 -1.9625 4.79
      vertex 2.03295 -3.73069 4.79
      vertex 2.08518 -1.9625 4.79
    endloop
  endfacet
  facet normal 0 0 -1
    outer loop
      vertex 2.4293 -5.06458 4.79
      vertex 2.01634 -4.41662 4.79
      vertex 2.03295 -3.73069 4.79
    endloop
  endfacet
  facet normal 0 0 -1
    outer loop
      vertex 1.76951 -5.06458 4.79
      vertex 2.01634 -4.41662 4.79
      vertex 2.4293 -5.06458 4.79
    endloop
  endfacet
  facet normal 0 0 -1
    outer loop
      vertex 1.49654 -4.18404 4.79
      vertex 2.01634 -4.41662 4.79
      vertex 1.76951 -5.06458 4.79
    endloop
  endfacet
  facet normal 0 0 -1
    outer loop
      vertex 2.01634 -4.41662 4.79
      vertex 1.49654 -4.18404 4.79
      vertex 1.88578 -3.94195 4.79
    endloop
  endfacet
  facet normal 0 0 -1
    outer loop
      vertex 1.36601 -3.68799 4.79
      vertex 1.88578 -3.94195 4.79
      vertex 1.49654 -4.18404 4.79
    endloop
  endfacet
  facet normal 0 0 -1
    outer loop
      vertex 1.88578 -3.94195 4.79
      vertex 1.36601 -3.68799 4.79
      vertex 1.57488 -2.88576 4.79
    endloop
  endfacet
  facet normal 0 0 -1
    outer loop
      vertex 0.865212 -3.94195 4.79
      vertex 1.36601 -3.68799 4.79
      vertex 1.23548 -4.15555 4.79
    endloop
  endfacet
  facet normal 0 0 -1
    outer loop
      vertex 1.36601 -3.68799 4.79
      vertex 1.20937 -2.88576 4.79
      vertex 1.57488 -2.88576 4.79
    endloop
  endfacet
  facet normal 0 0 -1
    outer loop
      vertex 0.715707 -4.41662 4.79
      vertex 1.23548 -4.15555 4.79
      vertex 0.948281 -5.06458 4.79
    endloop
  endfacet
  facet normal -0 0 -1
    outer loop
      vertex 1.36601 -3.68799 4.79
      vertex 0.865212 -3.94195 4.79
      vertex 1.20937 -2.88576 4.79
    endloop
  endfacet
  facet normal -0 0 -1
    outer loop
      vertex 1.23548 -4.15555 4.79
      vertex 0.715707 -4.41662 4.79
      vertex 0.865212 -3.94195 4.79
    endloop
  endfacet
  facet normal 0 0 -1
    outer loop
      vertex 0.276589 -5.06458 4.79
      vertex 0.694314 -3.71645 4.79
      vertex 0.715707 -4.41662 4.79
    endloop
  endfacet
  facet normal 0 0 -1
    outer loop
      vertex 0.276589 -5.06458 4.79
      vertex 0.715707 -4.41662 4.79
      vertex 0.948281 -5.06458 4.79
    endloop
  endfacet
  facet normal -0 0 -1
    outer loop
      vertex 0.694314 -3.71645 4.79
      vertex 0.276589 -5.06458 4.79
      vertex 0.122338 -1.9625 4.79
    endloop
  endfacet
  facet normal 0 0 -1
    outer loop
      vertex 0.694314 -3.71645 4.79
      vertex 0.122338 -1.9625 4.79
      vertex 0.637368 -1.9625 4.79
    endloop
  endfacet
  facet normal 0 0 -1
    outer loop
      vertex -4.66961 -3.54467 4.79
      vertex -4.33086 -3.89432 4.79
      vertex -4.35224 -3.92475 4.79
    endloop
  endfacet
  facet normal 0 0 -1
    outer loop
      vertex -4.75828 -3.6039 4.79
      vertex -4.35224 -3.92475 4.79
      vertex -4.37075 -3.95736 4.79
    endloop
  endfacet
  facet normal 0 0 -1
    outer loop
      vertex -4.83594 -3.6749 4.79
      vertex -4.37075 -3.95736 4.79
      vertex -4.38613 -3.99206 4.79
    endloop
  endfacet
  facet normal 0 0 -1
    outer loop
      vertex -4.90163 -3.7577 4.79
      vertex -4.38613 -3.99206 4.79
      vertex -4.39811 -4.02875 4.79
    endloop
  endfacet
  facet normal 0 0 -1
    outer loop
      vertex -4.95443 -3.85225 4.79
      vertex -4.39811 -4.02875 4.79
      vertex -4.40665 -4.06745 4.79
    endloop
  endfacet
  facet normal 0 0 -1
    outer loop
      vertex -4.33086 -3.89432 4.79
      vertex -4.40735 -3.44733 4.79
      vertex -4.3494 -3.43641 4.79
    endloop
  endfacet
  facet normal 0 0 -1
    outer loop
      vertex -4.99392 -3.95864 4.79
      vertex -4.40665 -4.06745 4.79
      vertex -4.41178 -4.10813 4.79
    endloop
  endfacet
  facet normal 0 0 -1
    outer loop
      vertex -5.01784 -4.07712 4.79
      vertex -4.41178 -4.10813 4.79
      vertex -4.41349 -4.15079 4.79
    endloop
  endfacet
  facet normal 0 0 -1
    outer loop
      vertex -4.77579 -4.83141 4.79
      vertex -4.32082 -4.43332 4.79
      vertex -4.71963 -4.8747 4.79
    endloop
  endfacet
  facet normal 0 0 -1
    outer loop
      vertex -4.40769 -4.23681 4.79
      vertex -5.02581 -4.20777 4.79
      vertex -4.41349 -4.15079 4.79
    endloop
  endfacet
  facet normal 0 -0 -1
    outer loop
      vertex -5.02382 -4.14094 4.79
      vertex -4.41349 -4.15079 4.79
      vertex -5.02581 -4.20777 4.79
    endloop
  endfacet
  facet normal -0 0 -1
    outer loop
      vertex -4.32082 -4.43332 4.79
      vertex -4.77579 -4.83141 4.79
      vertex -4.36136 -4.37807 4.79
    endloop
  endfacet
  facet normal 0 0 -1
    outer loop
      vertex -4.33086 -3.89432 4.79
      vertex -4.46351 -3.4611 4.79
      vertex -4.40735 -3.44733 4.79
    endloop
  endfacet
  facet normal 0 0 -1
    outer loop
      vertex -4.82654 -4.78318 4.79
      vertex -4.36136 -4.37807 4.79
      vertex -4.77579 -4.83141 4.79
    endloop
  endfacet
  facet normal 0 0 -1
    outer loop
      vertex -4.33086 -3.89432 4.79
      vertex -4.51786 -3.4777 4.79
      vertex -4.46351 -3.4611 4.79
    endloop
  endfacet
  facet normal 0 0 -1
    outer loop
      vertex -4.87188 -4.73002 4.79
      vertex -4.36136 -4.37807 4.79
      vertex -4.82654 -4.78318 4.79
    endloop
  endfacet
  facet normal 0 -0 -1
    outer loop
      vertex -5.01784 -4.07712 4.79
      vertex -4.41349 -4.15079 4.79
      vertex -5.02382 -4.14094 4.79
    endloop
  endfacet
  facet normal 0 0 -1
    outer loop
      vertex -4.33086 -3.89432 4.79
      vertex -4.57039 -3.49717 4.79
      vertex -4.51786 -3.4777 4.79
    endloop
  endfacet
  facet normal 0 0 -1
    outer loop
      vertex -4.91179 -4.67191 4.79
      vertex -4.36136 -4.37807 4.79
      vertex -4.87188 -4.73002 4.79
    endloop
  endfacet
  facet normal 0 0 -1
    outer loop
      vertex -4.41178 -4.10813 4.79
      vertex -5.01784 -4.07712 4.79
      vertex -5.00786 -4.01636 4.79
    endloop
  endfacet
  facet normal 0 0 -1
    outer loop
      vertex -4.94629 -4.60888 4.79
      vertex -4.36136 -4.37807 4.79
      vertex -4.91179 -4.67191 4.79
    endloop
  endfacet
  facet normal 0 0 -1
    outer loop
      vertex -4.33086 -3.89432 4.79
      vertex -4.62115 -3.51946 4.79
      vertex -4.57039 -3.49717 4.79
    endloop
  endfacet
  facet normal -0 0 -1
    outer loop
      vertex -4.36136 -4.37807 4.79
      vertex -4.94629 -4.60888 4.79
      vertex -4.39033 -4.31257 4.79
    endloop
  endfacet
  facet normal 0 0 -1
    outer loop
      vertex -4.33086 -3.89432 4.79
      vertex -4.66961 -3.54467 4.79
      vertex -4.62115 -3.51946 4.79
    endloop
  endfacet
  facet normal 0 0 -1
    outer loop
      vertex -4.35224 -3.92475 4.79
      vertex -4.71532 -3.57281 4.79
      vertex -4.66961 -3.54467 4.79
    endloop
  endfacet
  facet normal 0 0 -1
    outer loop
      vertex -4.97492 -4.54043 4.79
      vertex -4.39033 -4.31257 4.79
      vertex -4.94629 -4.60888 4.79
    endloop
  endfacet
  facet normal 0 0 -1
    outer loop
      vertex -4.35224 -3.92475 4.79
      vertex -4.75828 -3.6039 4.79
      vertex -4.71532 -3.57281 4.79
    endloop
  endfacet
  facet normal 0 0 -1
    outer loop
      vertex -4.99718 -4.4661 4.79
      vertex -4.39033 -4.31257 4.79
      vertex -4.97492 -4.54043 4.79
    endloop
  endfacet
  facet normal 0 0 -1
    outer loop
      vertex -4.37075 -3.95736 4.79
      vertex -4.79848 -3.63793 4.79
      vertex -4.75828 -3.6039 4.79
    endloop
  endfacet
  facet normal 0 0 -1
    outer loop
      vertex -5.01308 -4.38587 4.79
      vertex -4.39033 -4.31257 4.79
      vertex -4.99718 -4.4661 4.79
    endloop
  endfacet
  facet normal 0 0 -1
    outer loop
      vertex -4.37075 -3.95736 4.79
      vertex -4.83594 -3.6749 4.79
      vertex -4.79848 -3.63793 4.79
    endloop
  endfacet
  facet normal -0 0 -1
    outer loop
      vertex -4.39033 -4.31257 4.79
      vertex -5.01308 -4.38587 4.79
      vertex -4.40769 -4.23681 4.79
    endloop
  endfacet
  facet normal 0 0 -1
    outer loop
      vertex -4.38613 -3.99206 4.79
      vertex -4.8704 -3.71483 4.79
      vertex -4.83594 -3.6749 4.79
    endloop
  endfacet
  facet normal 0 0 -1
    outer loop
      vertex -4.38613 -3.99206 4.79
      vertex -4.90163 -3.7577 4.79
      vertex -4.8704 -3.71483 4.79
    endloop
  endfacet
  facet normal 0 0 -1
    outer loop
      vertex -5.02263 -4.29976 4.79
      vertex -4.40769 -4.23681 4.79
      vertex -5.01308 -4.38587 4.79
    endloop
  endfacet
  facet normal 0 0 -1
    outer loop
      vertex -5.02581 -4.20777 4.79
      vertex -4.40769 -4.23681 4.79
      vertex -5.02263 -4.29976 4.79
    endloop
  endfacet
  facet normal 0 0 -1
    outer loop
      vertex -4.39811 -4.02875 4.79
      vertex -4.92965 -3.8035 4.79
      vertex -4.90163 -3.7577 4.79
    endloop
  endfacet
  facet normal 0 0 -1
    outer loop
      vertex -4.39811 -4.02875 4.79
      vertex -4.95443 -3.85225 4.79
      vertex -4.92965 -3.8035 4.79
    endloop
  endfacet
  facet normal 0 0 -1
    outer loop
      vertex -4.41178 -4.10813 4.79
      vertex -5.00786 -4.01636 4.79
      vertex -4.99392 -3.95864 4.79
    endloop
  endfacet
  facet normal 0 0 -1
    outer loop
      vertex -4.40665 -4.06745 4.79
      vertex -4.99392 -3.95864 4.79
      vertex -4.97597 -3.90394 4.79
    endloop
  endfacet
  facet normal 0 0 -1
    outer loop
      vertex -4.40665 -4.06745 4.79
      vertex -4.97597 -3.90394 4.79
      vertex -4.95443 -3.85225 4.79
    endloop
  endfacet
  facet normal 0 0 -1
    outer loop
      vertex -3.57804 -3.70223 4.79
      vertex -3.68958 -3.24654 4.79
      vertex -3.57804 -3.24654 4.79
    endloop
  endfacet
  facet normal 0 0 -1
    outer loop
      vertex -3.81537 -3.70223 4.79
      vertex -3.68958 -3.24654 4.79
      vertex -3.57804 -3.70223 4.79
    endloop
  endfacet
  facet normal -0 0 -1
    outer loop
      vertex -3.68958 -3.24654 4.79
      vertex -3.81537 -3.70223 4.79
      vertex -3.74782 -3.24364 4.79
    endloop
  endfacet
  facet normal -0 0 -1
    outer loop
      vertex -3.74782 -3.24364 4.79
      vertex -3.81537 -3.70223 4.79
      vertex -3.80294 -3.23495 4.79
    endloop
  endfacet
  facet normal 0 0 -1
    outer loop
      vertex -3.86849 -3.70337 4.79
      vertex -3.80294 -3.23495 4.79
      vertex -3.81537 -3.70223 4.79
    endloop
  endfacet
  facet normal -0 0 -1
    outer loop
      vertex -3.80294 -3.23495 4.79
      vertex -3.86849 -3.70337 4.79
      vertex -3.85491 -3.22046 4.79
    endloop
  endfacet
  facet normal 0 0 -1
    outer loop
      vertex -3.91961 -3.70679 4.79
      vertex -3.85491 -3.22046 4.79
      vertex -3.86849 -3.70337 4.79
    endloop
  endfacet
  facet normal 0 0 -1
    outer loop
      vertex -3.96873 -3.71248 4.79
      vertex -3.85491 -3.22046 4.79
      vertex -3.91961 -3.70679 4.79
    endloop
  endfacet
  facet normal -0 0 -1
    outer loop
      vertex -3.85491 -3.22046 4.79
      vertex -3.96873 -3.71248 4.79
      vertex -3.90375 -3.20019 4.79
    endloop
  endfacet
  facet normal 0 0 -1
    outer loop
      vertex -4.01586 -3.72045 4.79
      vertex -3.90375 -3.20019 4.79
      vertex -3.96873 -3.71248 4.79
    endloop
  endfacet
  facet normal 0 0 -1
    outer loop
      vertex -4.3494 -3.43641 4.79
      vertex -3.90375 -3.20019 4.79
      vertex -4.01586 -3.72045 4.79
    endloop
  endfacet
  facet normal -0 0 -1
    outer loop
      vertex -3.90375 -3.20019 4.79
      vertex -4.3494 -3.43641 4.79
      vertex -3.94945 -3.17412 4.79
    endloop
  endfacet
  facet normal -0 0 -1
    outer loop
      vertex -3.94945 -3.17412 4.79
      vertex -4.3494 -3.43641 4.79
      vertex -3.99166 -3.14237 4.79
    endloop
  endfacet
  facet normal 0 0 -1
    outer loop
      vertex -4.3494 -3.43641 4.79
      vertex -4.01586 -3.72045 4.79
      vertex -4.061 -3.73069 4.79
    endloop
  endfacet
  facet normal -0 0 -1
    outer loop
      vertex -3.99166 -3.14237 4.79
      vertex -4.3494 -3.43641 4.79
      vertex -4.02997 -3.10502 4.79
    endloop
  endfacet
  facet normal -0 0 -1
    outer loop
      vertex -4.02997 -3.10502 4.79
      vertex -4.3494 -3.43641 4.79
      vertex -4.0644 -3.06205 4.79
    endloop
  endfacet
  facet normal 0 0 -1
    outer loop
      vertex -4.3494 -3.43641 4.79
      vertex -4.061 -3.73069 4.79
      vertex -4.10387 -3.74323 4.79
    endloop
  endfacet
  facet normal -0 0 -1
    outer loop
      vertex -4.0644 -3.06205 4.79
      vertex -4.3494 -3.43641 4.79
      vertex -4.09492 -3.0135 4.79
    endloop
  endfacet
  facet normal 0 0 -1
    outer loop
      vertex -4.3494 -3.43641 4.79
      vertex -4.10387 -3.74323 4.79
      vertex -4.14417 -3.75803 4.79
    endloop
  endfacet
  facet normal 0 0 -1
    outer loop
      vertex -4.3494 -3.43641 4.79
      vertex -4.14417 -3.75803 4.79
      vertex -4.18192 -3.77512 4.79
    endloop
  endfacet
  facet normal 0 0 -1
    outer loop
      vertex -4.3494 -3.43641 4.79
      vertex -4.18192 -3.77512 4.79
      vertex -4.21708 -3.79449 4.79
    endloop
  endfacet
  facet normal 0 0 -1
    outer loop
      vertex -4.3494 -3.43641 4.79
      vertex -4.21708 -3.79449 4.79
      vertex -4.24969 -3.81612 4.79
    endloop
  endfacet
  facet normal 0 0 -1
    outer loop
      vertex -4.3494 -3.43641 4.79
      vertex -4.24969 -3.81612 4.79
      vertex -4.27959 -3.84 4.79
    endloop
  endfacet
  facet normal 0 0 -1
    outer loop
      vertex -4.3494 -3.43641 4.79
      vertex -4.27959 -3.84 4.79
      vertex -4.30666 -3.86608 4.79
    endloop
  endfacet
  facet normal 0 0 -1
    outer loop
      vertex -4.3494 -3.43641 4.79
      vertex -4.30666 -3.86608 4.79
      vertex -4.33086 -3.89432 4.79
    endloop
  endfacet
  facet normal 0 0 -1
    outer loop
      vertex -4.39422 -3.42364 4.79
      vertex -4.09492 -3.0135 4.79
      vertex -4.3494 -3.43641 4.79
    endloop
  endfacet
  facet normal 0 0 -1
    outer loop
      vertex -4.43751 -3.4043 4.79
      vertex -4.09492 -3.0135 4.79
      vertex -4.39422 -3.42364 4.79
    endloop
  endfacet
  facet normal 0 0 -1
    outer loop
      vertex -4.47927 -3.37842 4.79
      vertex -4.09492 -3.0135 4.79
      vertex -4.43751 -3.4043 4.79
    endloop
  endfacet
  facet normal 0 0 -1
    outer loop
      vertex -4.51952 -3.346 4.79
      vertex -4.09492 -3.0135 4.79
      vertex -4.47927 -3.37842 4.79
    endloop
  endfacet
  facet normal 0 0 -1
    outer loop
      vertex -4.55825 -3.30701 4.79
      vertex -4.09492 -3.0135 4.79
      vertex -4.51952 -3.346 4.79
    endloop
  endfacet
  facet normal -0 0 -1
    outer loop
      vertex -4.09492 -3.0135 4.79
      vertex -4.55825 -3.30701 4.79
      vertex -4.12156 -2.95933 4.79
    endloop
  endfacet
  facet normal 0 0 -1
    outer loop
      vertex -4.59623 -3.26102 4.79
      vertex -4.12156 -2.95933 4.79
      vertex -4.55825 -3.30701 4.79
    endloop
  endfacet
  facet normal 0 0 -1
    outer loop
      vertex -4.12156 -2.95933 4.79
      vertex -4.59623 -3.26102 4.79
      vertex -4.63421 -3.20754 4.79
    endloop
  endfacet
  facet normal 0 0 -1
    outer loop
      vertex -4.67219 -3.14655 4.79
      vertex -4.12156 -2.95933 4.79
      vertex -4.63421 -3.20754 4.79
    endloop
  endfacet
  facet normal 0 0 -1
    outer loop
      vertex -4.71015 -3.07806 4.79
      vertex -4.12156 -2.95933 4.79
      vertex -4.67219 -3.14655 4.79
    endloop
  endfacet
  facet normal 0 0 -1
    outer loop
      vertex -4.74813 -3.00207 4.79
      vertex -4.12156 -2.95933 4.79
      vertex -4.71015 -3.07806 4.79
    endloop
  endfacet
  facet normal -0 0 -1
    outer loop
      vertex -4.12156 -2.95933 4.79
      vertex -4.74813 -3.00207 4.79
      vertex -4.55825 -1.9625 4.79
    endloop
  endfacet
  facet normal -0 0 -1
    outer loop
      vertex -4.55825 -1.9625 4.79
      vertex -4.74813 -3.00207 4.79
      vertex -5.24418 -1.9625 4.79
    endloop
  endfacet
  facet normal 0 0 -1
    outer loop
      vertex -3.57804 -3.70223 4.79
      vertex -2.99416 -5.06458 4.79
      vertex -3.57804 -4.57801 4.79
    endloop
  endfacet
  facet normal 0 0 -1
    outer loop
      vertex -3.89843 -5.06458 4.79
      vertex -3.57804 -4.57801 4.79
      vertex -2.99416 -5.06458 4.79
    endloop
  endfacet
  facet normal -0 0 -1
    outer loop
      vertex -3.57804 -4.57801 4.79
      vertex -3.89843 -5.06458 4.79
      vertex -3.83434 -4.57801 4.79
    endloop
  endfacet
  facet normal 0 0 -1
    outer loop
      vertex -3.89843 -5.06458 4.79
      vertex -3.94439 -4.57403 4.79
      vertex -3.83434 -4.57801 4.79
    endloop
  endfacet
  facet normal 0 0 -1
    outer loop
      vertex -3.99906 -5.06283 4.79
      vertex -3.94439 -4.57403 4.79
      vertex -3.89843 -5.06458 4.79
    endloop
  endfacet
  facet normal 0 0 -1
    outer loop
      vertex -3.99906 -5.06283 4.79
      vertex -4.04284 -4.56206 4.79
      vertex -3.94439 -4.57403 4.79
    endloop
  endfacet
  facet normal 0 0 -1
    outer loop
      vertex -4.09589 -5.05755 4.79
      vertex -4.04284 -4.56206 4.79
      vertex -3.99906 -5.06283 4.79
    endloop
  endfacet
  facet normal 0 0 -1
    outer loop
      vertex -4.18894 -5.04876 4.79
      vertex -4.04284 -4.56206 4.79
      vertex -4.09589 -5.05755 4.79
    endloop
  endfacet
  facet normal -0 0 -1
    outer loop
      vertex -4.04284 -4.56206 4.79
      vertex -4.18894 -5.04876 4.79
      vertex -4.12971 -4.54212 4.79
    endloop
  endfacet
  facet normal 0 0 -1
    outer loop
      vertex -4.27817 -5.03646 4.79
      vertex -4.12971 -4.54212 4.79
      vertex -4.18894 -5.04876 4.79
    endloop
  endfacet
  facet normal -0 0 -1
    outer loop
      vertex -4.12971 -4.54212 4.79
      vertex -4.27817 -5.03646 4.79
      vertex -4.20499 -4.51421 4.79
    endloop
  endfacet
  facet normal 0 0 -1
    outer loop
      vertex -4.36361 -5.02065 4.79
      vertex -4.20499 -4.51421 4.79
      vertex -4.27817 -5.03646 4.79
    endloop
  endfacet
  facet normal 0 0 -1
    outer loop
      vertex -4.44469 -5.00077 4.79
      vertex -4.20499 -4.51421 4.79
      vertex -4.36361 -5.02065 4.79
    endloop
  endfacet
  facet normal -0 0 -1
    outer loop
      vertex -4.20499 -4.51421 4.79
      vertex -4.44469 -5.00077 4.79
      vertex -4.2687 -4.47832 4.79
    endloop
  endfacet
  facet normal 0 0 -1
    outer loop
      vertex -4.52083 -4.97623 4.79
      vertex -4.2687 -4.47832 4.79
      vertex -4.44469 -5.00077 4.79
    endloop
  endfacet
  facet normal 0 0 -1
    outer loop
      vertex -4.59205 -4.94704 4.79
      vertex -4.2687 -4.47832 4.79
      vertex -4.52083 -4.97623 4.79
    endloop
  endfacet
  facet normal -0 0 -1
    outer loop
      vertex -4.2687 -4.47832 4.79
      vertex -4.59205 -4.94704 4.79
      vertex -4.32082 -4.43332 4.79
    endloop
  endfacet
  facet normal 0 0 -1
    outer loop
      vertex -4.6583 -4.9132 4.79
      vertex -4.32082 -4.43332 4.79
      vertex -4.59205 -4.94704 4.79
    endloop
  endfacet
  facet normal 0 0 -1
    outer loop
      vertex -4.71963 -4.8747 4.79
      vertex -4.32082 -4.43332 4.79
      vertex -4.6583 -4.9132 4.79
    endloop
  endfacet
  facet normal 0 0 -1
    outer loop
      vertex -2.99416 -5.06458 4.79
      vertex -3.57804 -3.70223 4.79
      vertex -2.99416 -1.9625 4.79
    endloop
  endfacet
  facet normal 0 0 -1
    outer loop
      vertex -3.57804 -3.24654 4.79
      vertex -2.99416 -1.9625 4.79
      vertex -3.57804 -3.70223 4.79
    endloop
  endfacet
  facet normal -0 0 -1
    outer loop
      vertex -2.99416 -1.9625 4.79
      vertex -3.57804 -3.24654 4.79
      vertex -3.57804 -1.9625 4.79
    endloop
  endfacet
  facet normal 0 0 -1
    outer loop
      vertex 15.772 -5.06458 4.79
      vertex 15.0884 -4.58753 4.79
      vertex 15.772 -4.58753 4.79
    endloop
  endfacet
  facet normal 0 0 -1
    outer loop
      vertex 15.0884 -4.58753 4.79
      vertex 14.4951 -4.58753 4.79
      vertex 15.0884 -2.4443 4.79
    endloop
  endfacet
  facet normal 0 0 -1
    outer loop
      vertex 15.772 -5.06458 4.79
      vertex 14.4951 -4.58753 4.79
      vertex 15.0884 -4.58753 4.79
    endloop
  endfacet
  facet normal 0 0 -1
    outer loop
      vertex 13.8115 -5.06458 4.79
      vertex 14.4951 -4.58753 4.79
      vertex 15.772 -5.06458 4.79
    endloop
  endfacet
  facet normal -0 0 -1
    outer loop
      vertex 14.4951 -4.58753 4.79
      vertex 13.8115 -5.06458 4.79
      vertex 13.8115 -4.58753 4.79
    endloop
  endfacet
  facet normal 0 0 -1
    outer loop
      vertex 15.0884 -2.4443 4.79
      vertex 15.772 -1.9625 4.79
      vertex 15.772 -2.4443 4.79
    endloop
  endfacet
  facet normal 0 0 -1
    outer loop
      vertex 14.4951 -2.4443 4.79
      vertex 15.0884 -2.4443 4.79
      vertex 14.4951 -4.58753 4.79
    endloop
  endfacet
  facet normal 0 0 -1
    outer loop
      vertex 14.4951 -2.4443 4.79
      vertex 15.772 -1.9625 4.79
      vertex 15.0884 -2.4443 4.79
    endloop
  endfacet
  facet normal 0 0 -1
    outer loop
      vertex 13.8115 -1.9625 4.79
      vertex 14.4951 -2.4443 4.79
      vertex 13.8115 -2.4443 4.79
    endloop
  endfacet
  facet normal 0 0 -1
    outer loop
      vertex 14.4951 -2.4443 4.79
      vertex 13.8115 -1.9625 4.79
      vertex 15.772 -1.9625 4.79
    endloop
  endfacet
  facet normal 0 0 -1
    outer loop
      vertex 3.13073 -3.79954 4.79
      vertex 4.34593 -3.31772 4.79
      vertex 4.34593 -3.79954 4.79
    endloop
  endfacet
  facet normal -0 0 -1
    outer loop
      vertex 4.34593 -3.31772 4.79
      vertex 3.13073 -3.79954 4.79
      vertex 3.13073 -3.31772 4.79
    endloop
  endfacet
  facet normal 0 0 -1
    outer loop
      vertex 4.34593 -3.79954 4.79
      vertex 4.93928 -5.06458 4.79
      vertex 4.34593 -4.5709 4.79
    endloop
  endfacet
  facet normal 0 0 -1
    outer loop
      vertex 3.0714 -5.06458 4.79
      vertex 4.34593 -4.5709 4.79
      vertex 4.93928 -5.06458 4.79
    endloop
  endfacet
  facet normal -0 0 -1
    outer loop
      vertex 4.34593 -4.5709 4.79
      vertex 3.0714 -5.06458 4.79
      vertex 3.0714 -4.5709 4.79
    endloop
  endfacet
  facet normal 0 0 -1
    outer loop
      vertex 4.34593 -3.31772 4.79
      vertex 4.93928 -5.06458 4.79
      vertex 4.34593 -3.79954 4.79
    endloop
  endfacet
  facet normal 0 0 -1
    outer loop
      vertex 4.93928 -5.06458 4.79
      vertex 4.34593 -3.31772 4.79
      vertex 4.93928 -1.9625 4.79
    endloop
  endfacet
  facet normal 0 0 -1
    outer loop
      vertex 4.34593 -2.45617 4.79
      vertex 4.93928 -1.9625 4.79
      vertex 4.34593 -3.31772 4.79
    endloop
  endfacet
  facet normal 0 0 -1
    outer loop
      vertex 3.0714 -1.9625 4.79
      vertex 4.34593 -2.45617 4.79
      vertex 3.0714 -2.45617 4.79
    endloop
  endfacet
  facet normal 0 0 -1
    outer loop
      vertex 4.34593 -2.45617 4.79
      vertex 3.0714 -1.9625 4.79
      vertex 4.93928 -1.9625 4.79
    endloop
  endfacet
  facet normal 0 0 -1
    outer loop
      vertex 7.40894 -3.73069 4.79
      vertex 7.95719 -1.9625 4.79
      vertex 7.80529 -5.06458 4.79
    endloop
  endfacet
  facet normal -0 0 -1
    outer loop
      vertex 7.95719 -1.9625 4.79
      vertex 7.40894 -3.73069 4.79
      vertex 7.46117 -1.9625 4.79
    endloop
  endfacet
  facet normal 0 0 -1
    outer loop
      vertex 7.80529 -5.06458 4.79
      vertex 7.39233 -4.41662 4.79
      vertex 7.40894 -3.73069 4.79
    endloop
  endfacet
  facet normal 0 0 -1
    outer loop
      vertex 7.1455 -5.06458 4.79
      vertex 7.39233 -4.41662 4.79
      vertex 7.80529 -5.06458 4.79
    endloop
  endfacet
  facet normal 0 0 -1
    outer loop
      vertex 6.87254 -4.18404 4.79
      vertex 7.39233 -4.41662 4.79
      vertex 7.1455 -5.06458 4.79
    endloop
  endfacet
  facet normal 0 0 -1
    outer loop
      vertex 7.39233 -4.41662 4.79
      vertex 6.87254 -4.18404 4.79
      vertex 7.26177 -3.94195 4.79
    endloop
  endfacet
  facet normal 0 0 -1
    outer loop
      vertex 6.742 -3.68799 4.79
      vertex 7.26177 -3.94195 4.79
      vertex 6.87254 -4.18404 4.79
    endloop
  endfacet
  facet normal 0 0 -1
    outer loop
      vertex 7.26177 -3.94195 4.79
      vertex 6.742 -3.68799 4.79
      vertex 6.95088 -2.88576 4.79
    endloop
  endfacet
  facet normal 0 0 -1
    outer loop
      vertex 6.2412 -3.94195 4.79
      vertex 6.742 -3.68799 4.79
      vertex 6.61147 -4.15555 4.79
    endloop
  endfacet
  facet normal 0 0 -1
    outer loop
      vertex 6.742 -3.68799 4.79
      vertex 6.58537 -2.88576 4.79
      vertex 6.95088 -2.88576 4.79
    endloop
  endfacet
  facet normal 0 0 -1
    outer loop
      vertex 6.0917 -4.41662 4.79
      vertex 6.61147 -4.15555 4.79
      vertex 6.32427 -5.06458 4.79
    endloop
  endfacet
  facet normal -0 0 -1
    outer loop
      vertex 6.742 -3.68799 4.79
      vertex 6.2412 -3.94195 4.79
      vertex 6.58537 -2.88576 4.79
    endloop
  endfacet
  facet normal -0 0 -1
    outer loop
      vertex 6.61147 -4.15555 4.79
      vertex 6.0917 -4.41662 4.79
      vertex 6.2412 -3.94195 4.79
    endloop
  endfacet
  facet normal 0 0 -1
    outer loop
      vertex 5.65258 -5.06458 4.79
      vertex 6.07031 -3.71645 4.79
      vertex 6.0917 -4.41662 4.79
    endloop
  endfacet
  facet normal 0 0 -1
    outer loop
      vertex 5.65258 -5.06458 4.79
      vertex 6.0917 -4.41662 4.79
      vertex 6.32427 -5.06458 4.79
    endloop
  endfacet
  facet normal -0 0 -1
    outer loop
      vertex 6.07031 -3.71645 4.79
      vertex 5.65258 -5.06458 4.79
      vertex 5.49833 -1.9625 4.79
    endloop
  endfacet
  facet normal 0 0 -1
    outer loop
      vertex 6.07031 -3.71645 4.79
      vertex 5.49833 -1.9625 4.79
      vertex 6.01336 -1.9625 4.79
    endloop
  endfacet
  facet normal 0 0 -1
    outer loop
      vertex 11.5033 -5.06458 4.79
      vertex 10.9716 -5.06458 4.79
      vertex 11.5033 -2.83829 4.79
    endloop
  endfacet
  facet normal 0 0 -1
    outer loop
      vertex 13.2169 -5.06458 4.79
      vertex 12.6853 -4.2125 4.79
      vertex 13.2169 -1.9625 4.79
    endloop
  endfacet
  facet normal 0 0 -1
    outer loop
      vertex 12.5001 -5.06458 4.79
      vertex 12.6853 -4.2125 4.79
      vertex 13.2169 -5.06458 4.79
    endloop
  endfacet
  facet normal 0 0 -1
    outer loop
      vertex 12.5001 -5.06458 4.79
      vertex 12.5144 -3.81379 4.79
      vertex 12.6853 -4.2125 4.79
    endloop
  endfacet
  facet normal 0 0 -1
    outer loop
      vertex 11.6528 -3.20142 4.79
      vertex 12.5144 -3.81379 4.79
      vertex 12.5001 -5.06458 4.79
    endloop
  endfacet
  facet normal 0 0 -1
    outer loop
      vertex 12.5144 -3.81379 4.79
      vertex 11.6528 -3.20142 4.79
      vertex 11.6837 -1.9625 4.79
    endloop
  endfacet
  facet normal 0 0 -1
    outer loop
      vertex 11.5033 -2.83829 4.79
      vertex 11.6837 -1.9625 4.79
      vertex 11.6528 -3.20142 4.79
    endloop
  endfacet
  facet normal 0 0 -1
    outer loop
      vertex 10.9716 -1.9625 4.79
      vertex 11.5033 -2.83829 4.79
      vertex 10.9716 -5.06458 4.79
    endloop
  endfacet
  facet normal 0 0 -1
    outer loop
      vertex 11.5033 -2.83829 4.79
      vertex 10.9716 -1.9625 4.79
      vertex 11.6837 -1.9625 4.79
    endloop
  endfacet
  facet normal -0 0 -1
    outer loop
      vertex 13.2169 -1.9625 4.79
      vertex 12.6853 -4.2125 4.79
      vertex 12.6853 -1.9625 4.79
    endloop
  endfacet
  facet normal -0.111505 0.993764 0
    outer loop
      vertex -12.1733 -1.9117 4.79
      vertex -12.2749 -1.9231 6
      vertex -12.1733 -1.9117 6
    endloop
  endfacet
  facet normal -0.111505 0.993764 0
    outer loop
      vertex -12.2749 -1.9231 6
      vertex -12.1733 -1.9117 4.79
      vertex -12.2749 -1.9231 4.79
    endloop
  endfacet
  facet normal -0.188472 0.982079 0
    outer loop
      vertex -12.2749 -1.9231 4.79
      vertex -12.3738 -1.94208 6
      vertex -12.2749 -1.9231 6
    endloop
  endfacet
  facet normal -0.188472 0.982079 0
    outer loop
      vertex -12.3738 -1.94208 6
      vertex -12.2749 -1.9231 4.79
      vertex -12.3738 -1.94208 4.79
    endloop
  endfacet
  facet normal -0.265273 0.964173 0
    outer loop
      vertex -12.3738 -1.94208 4.79
      vertex -12.4703 -1.96863 6
      vertex -12.3738 -1.94208 6
    endloop
  endfacet
  facet normal -0.265273 0.964173 0
    outer loop
      vertex -12.4703 -1.96863 6
      vertex -12.3738 -1.94208 4.79
      vertex -12.4703 -1.96863 4.79
    endloop
  endfacet
  facet normal -0.34237 0.939565 0
    outer loop
      vertex -12.4703 -1.96863 4.79
      vertex -12.5641 -2.00281 6
      vertex -12.4703 -1.96863 6
    endloop
  endfacet
  facet normal -0.34237 0.939565 0
    outer loop
      vertex -12.5641 -2.00281 6
      vertex -12.4703 -1.96863 4.79
      vertex -12.5641 -2.00281 4.79
    endloop
  endfacet
  facet normal -0.422693 0.906273 0
    outer loop
      vertex -12.5641 -2.00281 4.79
      vertex -12.6543 -2.04488 6
      vertex -12.5641 -2.00281 6
    endloop
  endfacet
  facet normal -0.422693 0.906273 0
    outer loop
      vertex -12.6543 -2.04488 6
      vertex -12.5641 -2.00281 4.79
      vertex -12.6543 -2.04488 4.79
    endloop
  endfacet
  facet normal -0.506465 0.862261 0
    outer loop
      vertex -12.6543 -2.04488 4.79
      vertex -12.7398 -2.0951 6
      vertex -12.6543 -2.04488 6
    endloop
  endfacet
  facet normal -0.506465 0.862261 0
    outer loop
      vertex -12.7398 -2.0951 6
      vertex -12.6543 -2.04488 4.79
      vertex -12.7398 -2.0951 4.79
    endloop
  endfacet
  facet normal -0.586671 0.809825 0
    outer loop
      vertex -12.7398 -2.0951 4.79
      vertex -12.8204 -2.15349 6
      vertex -12.7398 -2.0951 6
    endloop
  endfacet
  facet normal -0.586671 0.809825 0
    outer loop
      vertex -12.8204 -2.15349 6
      vertex -12.7398 -2.0951 4.79
      vertex -12.8204 -2.15349 4.79
    endloop
  endfacet
  facet normal -0.658785 0.752331 0
    outer loop
      vertex -12.8204 -2.15349 4.79
      vertex -12.8964 -2.22004 6
      vertex -12.8204 -2.15349 6
    endloop
  endfacet
  facet normal -0.658785 0.752331 0
    outer loop
      vertex -12.8964 -2.22004 6
      vertex -12.8204 -2.15349 4.79
      vertex -12.8964 -2.22004 4.79
    endloop
  endfacet
  facet normal -0.723907 0.689897 0
    outer loop
      vertex -12.9676 -2.29475 4.79
      vertex -12.8964 -2.22004 6
      vertex -12.8964 -2.22004 4.79
    endloop
  endfacet
  facet normal -0.723907 0.689897 0
    outer loop
      vertex -12.8964 -2.22004 6
      vertex -12.9676 -2.29475 4.79
      vertex -12.9676 -2.29475 6
    endloop
  endfacet
  facet normal -0.783784 0.621034 0
    outer loop
      vertex -13.0335 -2.37792 4.79
      vertex -12.9676 -2.29475 6
      vertex -12.9676 -2.29475 4.79
    endloop
  endfacet
  facet normal -0.783784 0.621034 0
    outer loop
      vertex -12.9676 -2.29475 6
      vertex -13.0335 -2.37792 4.79
      vertex -13.0335 -2.37792 6
    endloop
  endfacet
  facet normal -0.837339 0.546685 0
    outer loop
      vertex -13.0935 -2.46982 4.79
      vertex -13.0335 -2.37792 6
      vertex -13.0335 -2.37792 4.79
    endloop
  endfacet
  facet normal -0.837339 0.546685 0
    outer loop
      vertex -13.0335 -2.37792 6
      vertex -13.0935 -2.46982 4.79
      vertex -13.0935 -2.46982 6
    endloop
  endfacet
  facet normal -0.880822 0.473447 0
    outer loop
      vertex -13.1476 -2.57047 4.79
      vertex -13.0935 -2.46982 6
      vertex -13.0935 -2.46982 4.79
    endloop
  endfacet
  facet normal -0.880822 0.473447 0
    outer loop
      vertex -13.0935 -2.46982 6
      vertex -13.1476 -2.57047 4.79
      vertex -13.1476 -2.57047 6
    endloop
  endfacet
  facet normal -0.915063 0.403311 0
    outer loop
      vertex -13.1958 -2.67983 4.79
      vertex -13.1476 -2.57047 6
      vertex -13.1476 -2.57047 4.79
    endloop
  endfacet
  facet normal -0.915063 0.403311 0
    outer loop
      vertex -13.1476 -2.57047 6
      vertex -13.1958 -2.67983 4.79
      vertex -13.1958 -2.67983 6
    endloop
  endfacet
  facet normal -0.941453 0.337144 0
    outer loop
      vertex -13.2381 -2.79795 4.79
      vertex -13.1958 -2.67983 6
      vertex -13.1958 -2.67983 4.79
    endloop
  endfacet
  facet normal -0.941453 0.337144 0
    outer loop
      vertex -13.1958 -2.67983 6
      vertex -13.2381 -2.79795 4.79
      vertex -13.2381 -2.79795 6
    endloop
  endfacet
  facet normal -0.963148 0.268972 0
    outer loop
      vertex -13.2736 -2.92507 4.79
      vertex -13.2381 -2.79795 6
      vertex -13.2381 -2.79795 4.79
    endloop
  endfacet
  facet normal -0.963148 0.268972 0
    outer loop
      vertex -13.2381 -2.79795 6
      vertex -13.2736 -2.92507 4.79
      vertex -13.2736 -2.92507 6
    endloop
  endfacet
  facet normal -0.980139 0.198313 0
    outer loop
      vertex -13.3012 -3.06148 4.79
      vertex -13.2736 -2.92507 6
      vertex -13.2736 -2.92507 4.79
    endloop
  endfacet
  facet normal -0.980139 0.198313 0
    outer loop
      vertex -13.2736 -2.92507 6
      vertex -13.3012 -3.06148 4.79
      vertex -13.3012 -3.06148 6
    endloop
  endfacet
  facet normal -0.990988 0.133954 0
    outer loop
      vertex -13.3209 -3.20722 4.79
      vertex -13.3012 -3.06148 6
      vertex -13.3012 -3.06148 4.79
    endloop
  endfacet
  facet normal -0.990988 0.133954 0
    outer loop
      vertex -13.3012 -3.06148 6
      vertex -13.3209 -3.20722 4.79
      vertex -13.3209 -3.20722 6
    endloop
  endfacet
  facet normal -0.997116 0.0758948 0
    outer loop
      vertex -13.3327 -3.36225 4.79
      vertex -13.3209 -3.20722 6
      vertex -13.3209 -3.20722 4.79
    endloop
  endfacet
  facet normal -0.997116 0.0758948 0
    outer loop
      vertex -13.3209 -3.20722 6
      vertex -13.3327 -3.36225 4.79
      vertex -13.3327 -3.36225 6
    endloop
  endfacet
  facet normal -0.999704 0.0243355 0
    outer loop
      vertex -13.3367 -3.52657 4.79
      vertex -13.3327 -3.36225 6
      vertex -13.3327 -3.36225 4.79
    endloop
  endfacet
  facet normal -0.999704 0.0243355 0
    outer loop
      vertex -13.3327 -3.36225 6
      vertex -13.3367 -3.52657 4.79
      vertex -13.3367 -3.52657 6
    endloop
  endfacet
  facet normal -0.999127 -0.0417861 0
    outer loop
      vertex -13.3243 -3.82306 4.79
      vertex -13.3367 -3.52657 6
      vertex -13.3367 -3.52657 4.79
    endloop
  endfacet
  facet normal -0.999127 -0.0417861 0
    outer loop
      vertex -13.3367 -3.52657 6
      vertex -13.3243 -3.82306 4.79
      vertex -13.3243 -3.82306 6
    endloop
  endfacet
  facet normal -0.990513 -0.137417 0
    outer loop
      vertex -13.2873 -4.08976 4.79
      vertex -13.3243 -3.82306 6
      vertex -13.3243 -3.82306 4.79
    endloop
  endfacet
  facet normal -0.990513 -0.137417 0
    outer loop
      vertex -13.3243 -3.82306 6
      vertex -13.2873 -4.08976 4.79
      vertex -13.2873 -4.08976 6
    endloop
  endfacet
  facet normal -0.967707 -0.252079 0
    outer loop
      vertex -13.2256 -4.32662 4.79
      vertex -13.2873 -4.08976 6
      vertex -13.2873 -4.08976 4.79
    endloop
  endfacet
  facet normal -0.967707 -0.252079 0
    outer loop
      vertex -13.2873 -4.08976 6
      vertex -13.2256 -4.32662 4.79
      vertex -13.2256 -4.32662 6
    endloop
  endfacet
  facet normal -0.922879 -0.38509 0
    outer loop
      vertex -13.1392 -4.53368 4.79
      vertex -13.2256 -4.32662 6
      vertex -13.2256 -4.32662 4.79
    endloop
  endfacet
  facet normal -0.922879 -0.38509 0
    outer loop
      vertex -13.2256 -4.32662 6
      vertex -13.1392 -4.53368 4.79
      vertex -13.1392 -4.53368 6
    endloop
  endfacet
  facet normal -0.847326 -0.531073 0
    outer loop
      vertex -13.0281 -4.71094 4.79
      vertex -13.1392 -4.53368 6
      vertex -13.1392 -4.53368 4.79
    endloop
  endfacet
  facet normal -0.847326 -0.531073 0
    outer loop
      vertex -13.1392 -4.53368 6
      vertex -13.0281 -4.71094 4.79
      vertex -13.0281 -4.71094 6
    endloop
  endfacet
  facet normal -0.732977 -0.680253 0
    outer loop
      vertex -12.8925 -4.85705 4.79
      vertex -13.0281 -4.71094 6
      vertex -13.0281 -4.71094 4.79
    endloop
  endfacet
  facet normal -0.732977 -0.680253 0
    outer loop
      vertex -13.0281 -4.71094 6
      vertex -12.8925 -4.85705 4.79
      vertex -12.8925 -4.85705 6
    endloop
  endfacet
  facet normal -0.579539 -0.814945 0
    outer loop
      vertex -12.8925 -4.85705 4.79
      vertex -12.7327 -4.97069 6
      vertex -12.8925 -4.85705 6
    endloop
  endfacet
  facet normal -0.579539 -0.814945 -0
    outer loop
      vertex -12.7327 -4.97069 6
      vertex -12.8925 -4.85705 4.79
      vertex -12.7327 -4.97069 4.79
    endloop
  endfacet
  facet normal -0.403246 -0.915091 0
    outer loop
      vertex -12.7327 -4.97069 4.79
      vertex -12.5485 -5.05186 6
      vertex -12.7327 -4.97069 6
    endloop
  endfacet
  facet normal -0.403246 -0.915091 -0
    outer loop
      vertex -12.5485 -5.05186 6
      vertex -12.7327 -4.97069 4.79
      vertex -12.5485 -5.05186 4.79
    endloop
  endfacet
  facet normal -0.227451 -0.97379 0
    outer loop
      vertex -12.5485 -5.05186 4.79
      vertex -12.34 -5.10056 6
      vertex -12.5485 -5.05186 6
    endloop
  endfacet
  facet normal -0.227451 -0.97379 -0
    outer loop
      vertex -12.34 -5.10056 6
      vertex -12.5485 -5.05186 4.79
      vertex -12.34 -5.10056 4.79
    endloop
  endfacet
  facet normal -0.0695903 -0.997576 0
    outer loop
      vertex -12.34 -5.10056 4.79
      vertex -12.1072 -5.1168 6
      vertex -12.34 -5.10056 6
    endloop
  endfacet
  facet normal -0.0695903 -0.997576 -0
    outer loop
      vertex -12.1072 -5.1168 6
      vertex -12.34 -5.10056 4.79
      vertex -12.1072 -5.1168 4.79
    endloop
  endfacet
  facet normal 0.0364791 -0.999334 0
    outer loop
      vertex -12.1072 -5.1168 4.79
      vertex -12.0031 -5.113 6
      vertex -12.1072 -5.1168 6
    endloop
  endfacet
  facet normal 0.0364791 -0.999334 0
    outer loop
      vertex -12.0031 -5.113 6
      vertex -12.1072 -5.1168 4.79
      vertex -12.0031 -5.113 4.79
    endloop
  endfacet
  facet normal 0.111613 -0.993752 0
    outer loop
      vertex -12.0031 -5.113 4.79
      vertex -11.9016 -5.1016 6
      vertex -12.0031 -5.113 6
    endloop
  endfacet
  facet normal 0.111613 -0.993752 0
    outer loop
      vertex -11.9016 -5.1016 6
      vertex -12.0031 -5.113 4.79
      vertex -11.9016 -5.1016 4.79
    endloop
  endfacet
  facet normal 0.188288 -0.982114 0
    outer loop
      vertex -11.9016 -5.1016 4.79
      vertex -11.8026 -5.08262 6
      vertex -11.9016 -5.1016 6
    endloop
  endfacet
  facet normal 0.188288 -0.982114 0
    outer loop
      vertex -11.8026 -5.08262 6
      vertex -11.9016 -5.1016 4.79
      vertex -11.8026 -5.08262 4.79
    endloop
  endfacet
  facet normal 0.265993 -0.963975 0
    outer loop
      vertex -11.8026 -5.08262 4.79
      vertex -11.7062 -5.05602 6
      vertex -11.8026 -5.08262 6
    endloop
  endfacet
  facet normal 0.265993 -0.963975 0
    outer loop
      vertex -11.7062 -5.05602 6
      vertex -11.8026 -5.08262 4.79
      vertex -11.7062 -5.05602 4.79
    endloop
  endfacet
  facet normal 0.34237 -0.939565 0
    outer loop
      vertex -11.7062 -5.05602 4.79
      vertex -11.6124 -5.02184 6
      vertex -11.7062 -5.05602 6
    endloop
  endfacet
  facet normal 0.34237 -0.939565 0
    outer loop
      vertex -11.6124 -5.02184 6
      vertex -11.7062 -5.05602 4.79
      vertex -11.6124 -5.02184 4.79
    endloop
  endfacet
  facet normal 0.422528 -0.90635 0
    outer loop
      vertex -11.6124 -5.02184 4.79
      vertex -11.5222 -4.97979 6
      vertex -11.6124 -5.02184 6
    endloop
  endfacet
  facet normal 0.422528 -0.90635 0
    outer loop
      vertex -11.5222 -4.97979 6
      vertex -11.6124 -5.02184 4.79
      vertex -11.5222 -4.97979 4.79
    endloop
  endfacet
  facet normal 0.506465 -0.862261 0
    outer loop
      vertex -11.5222 -4.97979 4.79
      vertex -11.4367 -4.92957 6
      vertex -11.5222 -4.97979 6
    endloop
  endfacet
  facet normal 0.506465 -0.862261 0
    outer loop
      vertex -11.4367 -4.92957 6
      vertex -11.5222 -4.97979 4.79
      vertex -11.4367 -4.92957 4.79
    endloop
  endfacet
  facet normal 0.586128 -0.810218 0
    outer loop
      vertex -11.4367 -4.92957 4.79
      vertex -11.356 -4.87119 6
      vertex -11.4367 -4.92957 6
    endloop
  endfacet
  facet normal 0.586128 -0.810218 0
    outer loop
      vertex -11.356 -4.87119 6
      vertex -11.4367 -4.92957 4.79
      vertex -11.356 -4.87119 4.79
    endloop
  endfacet
  facet normal 0.659332 -0.751852 0
    outer loop
      vertex -11.356 -4.87119 4.79
      vertex -11.2801 -4.80463 6
      vertex -11.356 -4.87119 6
    endloop
  endfacet
  facet normal 0.659332 -0.751852 0
    outer loop
      vertex -11.2801 -4.80463 6
      vertex -11.356 -4.87119 4.79
      vertex -11.2801 -4.80463 4.79
    endloop
  endfacet
  facet normal 0.723954 -0.689849 0
    outer loop
      vertex -11.2801 -4.80463 6
      vertex -11.2089 -4.72991 4.79
      vertex -11.2089 -4.72991 6
    endloop
  endfacet
  facet normal 0.723954 -0.689849 0
    outer loop
      vertex -11.2089 -4.72991 4.79
      vertex -11.2801 -4.80463 6
      vertex -11.2801 -4.80463 4.79
    endloop
  endfacet
  facet normal 0.783748 -0.621079 0
    outer loop
      vertex -11.2089 -4.72991 6
      vertex -11.143 -4.64675 4.79
      vertex -11.143 -4.64675 6
    endloop
  endfacet
  facet normal 0.783748 -0.621079 0
    outer loop
      vertex -11.143 -4.64675 4.79
      vertex -11.2089 -4.72991 6
      vertex -11.2089 -4.72991 4.79
    endloop
  endfacet
  facet normal 0.837339 -0.546685 0
    outer loop
      vertex -11.143 -4.64675 6
      vertex -11.083 -4.55485 4.79
      vertex -11.083 -4.55485 6
    endloop
  endfacet
  facet normal 0.837339 -0.546685 0
    outer loop
      vertex -11.083 -4.55485 4.79
      vertex -11.143 -4.64675 6
      vertex -11.143 -4.64675 4.79
    endloop
  endfacet
  facet normal 0.880802 -0.473484 0
    outer loop
      vertex -11.083 -4.55485 6
      vertex -11.0289 -4.45421 4.79
      vertex -11.0289 -4.45421 6
    endloop
  endfacet
  facet normal 0.880802 -0.473484 0
    outer loop
      vertex -11.0289 -4.45421 4.79
      vertex -11.083 -4.55485 6
      vertex -11.083 -4.55485 4.79
    endloop
  endfacet
  facet normal 0.914754 -0.404011 0
    outer loop
      vertex -11.0289 -4.45421 6
      vertex -10.9806 -4.34485 4.79
      vertex -10.9806 -4.34485 6
    endloop
  endfacet
  facet normal 0.914754 -0.404011 0
    outer loop
      vertex -10.9806 -4.34485 4.79
      vertex -11.0289 -4.45421 6
      vertex -11.0289 -4.45421 4.79
    endloop
  endfacet
  facet normal 0.941435 -0.337195 0
    outer loop
      vertex -10.9806 -4.34485 6
      vertex -10.9383 -4.22675 4.79
      vertex -10.9383 -4.22675 6
    endloop
  endfacet
  facet normal 0.941435 -0.337195 0
    outer loop
      vertex -10.9383 -4.22675 4.79
      vertex -10.9806 -4.34485 6
      vertex -10.9806 -4.34485 4.79
    endloop
  endfacet
  facet normal 0.963148 -0.268972 0
    outer loop
      vertex -10.9383 -4.22675 6
      vertex -10.9028 -4.09963 4.79
      vertex -10.9028 -4.09963 6
    endloop
  endfacet
  facet normal 0.963148 -0.268972 0
    outer loop
      vertex -10.9028 -4.09963 4.79
      vertex -10.9383 -4.22675 6
      vertex -10.9383 -4.22675 4.79
    endloop
  endfacet
  facet normal 0.980144 -0.198285 0
    outer loop
      vertex -10.9028 -4.09963 6
      vertex -10.8752 -3.9632 4.79
      vertex -10.8752 -3.9632 6
    endloop
  endfacet
  facet normal 0.980144 -0.198285 0
    outer loop
      vertex -10.8752 -3.9632 4.79
      vertex -10.9028 -4.09963 6
      vertex -10.9028 -4.09963 4.79
    endloop
  endfacet
  facet normal 0.991075 -0.133304 0
    outer loop
      vertex -10.8752 -3.9632 6
      vertex -10.8556 -3.81748 4.79
      vertex -10.8556 -3.81748 6
    endloop
  endfacet
  facet normal 0.991075 -0.133304 0
    outer loop
      vertex -10.8556 -3.81748 4.79
      vertex -10.8752 -3.9632 6
      vertex -10.8752 -3.9632 4.79
    endloop
  endfacet
  facet normal 0.997067 -0.0765342 0
    outer loop
      vertex -10.8556 -3.81748 6
      vertex -10.8437 -3.66245 4.79
      vertex -10.8437 -3.66245 6
    endloop
  endfacet
  facet normal 0.997067 -0.0765342 0
    outer loop
      vertex -10.8437 -3.66245 4.79
      vertex -10.8556 -3.81748 6
      vertex -10.8556 -3.81748 4.79
    endloop
  endfacet
  facet normal 0.999719 -0.0237246 0
    outer loop
      vertex -10.8437 -3.66245 6
      vertex -10.8398 -3.49811 4.79
      vertex -10.8398 -3.49811 6
    endloop
  endfacet
  facet normal 0.999719 -0.0237246 0
    outer loop
      vertex -10.8398 -3.49811 4.79
      vertex -10.8437 -3.66245 6
      vertex -10.8437 -3.66245 4.79
    endloop
  endfacet
  facet normal 0.999136 0.0415631 0
    outer loop
      vertex -10.8398 -3.49811 6
      vertex -10.8521 -3.20243 4.79
      vertex -10.8521 -3.20243 6
    endloop
  endfacet
  facet normal 0.999136 0.0415631 0
    outer loop
      vertex -10.8521 -3.20243 4.79
      vertex -10.8398 -3.49811 6
      vertex -10.8398 -3.49811 4.79
    endloop
  endfacet
  facet normal 0.990425 0.138055 0
    outer loop
      vertex -10.8521 -3.20243 6
      vertex -10.8892 -2.93627 4.79
      vertex -10.8892 -2.93627 6
    endloop
  endfacet
  facet normal 0.990425 0.138055 0
    outer loop
      vertex -10.8892 -2.93627 4.79
      vertex -10.8521 -3.20243 6
      vertex -10.8521 -3.20243 4.79
    endloop
  endfacet
  facet normal 0.967647 0.252309 0
    outer loop
      vertex -10.8892 -2.93627 6
      vertex -10.9509 -2.69964 4.79
      vertex -10.9509 -2.69964 6
    endloop
  endfacet
  facet normal 0.967647 0.252309 0
    outer loop
      vertex -10.9509 -2.69964 4.79
      vertex -10.8892 -2.93627 6
      vertex -10.8892 -2.93627 4.79
    endloop
  endfacet
  facet normal 0.922912 0.385011 0
    outer loop
      vertex -10.9509 -2.69964 6
      vertex -11.0373 -2.49253 4.79
      vertex -11.0373 -2.49253 6
    endloop
  endfacet
  facet normal 0.922912 0.385011 0
    outer loop
      vertex -11.0373 -2.49253 4.79
      vertex -10.9509 -2.69964 6
      vertex -10.9509 -2.69964 4.79
    endloop
  endfacet
  facet normal 0.847971 0.530042 0
    outer loop
      vertex -11.0373 -2.49253 6
      vertex -11.1483 -2.31495 4.79
      vertex -11.1483 -2.31495 6
    endloop
  endfacet
  facet normal 0.847971 0.530042 0
    outer loop
      vertex -11.1483 -2.31495 4.79
      vertex -11.0373 -2.49253 6
      vertex -11.0373 -2.49253 4.79
    endloop
  endfacet
  facet normal 0.733996 0.679153 0
    outer loop
      vertex -11.1483 -2.31495 6
      vertex -11.2839 -2.1684 4.79
      vertex -11.2839 -2.1684 6
    endloop
  endfacet
  facet normal 0.733996 0.679153 0
    outer loop
      vertex -11.2839 -2.1684 4.79
      vertex -11.1483 -2.31495 6
      vertex -11.1483 -2.31495 4.79
    endloop
  endfacet
  facet normal 0.580414 0.814321 -0
    outer loop
      vertex -11.2839 -2.1684 4.79
      vertex -11.4438 -2.05443 6
      vertex -11.2839 -2.1684 6
    endloop
  endfacet
  facet normal 0.580414 0.814321 0
    outer loop
      vertex -11.4438 -2.05443 6
      vertex -11.2839 -2.1684 4.79
      vertex -11.4438 -2.05443 4.79
    endloop
  endfacet
  facet normal 0.404286 0.914633 -0
    outer loop
      vertex -11.4438 -2.05443 4.79
      vertex -11.628 -1.97301 6
      vertex -11.4438 -2.05443 6
    endloop
  endfacet
  facet normal 0.404286 0.914633 0
    outer loop
      vertex -11.628 -1.97301 6
      vertex -11.4438 -2.05443 4.79
      vertex -11.628 -1.97301 4.79
    endloop
  endfacet
  facet normal 0.228086 0.973641 -0
    outer loop
      vertex -11.628 -1.97301 4.79
      vertex -11.8364 -1.92419 6
      vertex -11.628 -1.97301 6
    endloop
  endfacet
  facet normal 0.228086 0.973641 0
    outer loop
      vertex -11.8364 -1.92419 6
      vertex -11.628 -1.97301 4.79
      vertex -11.8364 -1.92419 4.79
    endloop
  endfacet
  facet normal 0.0698035 0.997561 -0
    outer loop
      vertex -11.8364 -1.92419 4.79
      vertex -12.0692 -1.9079 6
      vertex -11.8364 -1.92419 6
    endloop
  endfacet
  facet normal 0.0698035 0.997561 0
    outer loop
      vertex -12.0692 -1.9079 6
      vertex -11.8364 -1.92419 4.79
      vertex -12.0692 -1.9079 4.79
    endloop
  endfacet
  facet normal -0.0364791 0.999334 0
    outer loop
      vertex -12.0692 -1.9079 4.79
      vertex -12.1733 -1.9117 6
      vertex -12.0692 -1.9079 6
    endloop
  endfacet
  facet normal -0.0364791 0.999334 0
    outer loop
      vertex -12.1733 -1.9117 6
      vertex -12.0692 -1.9079 4.79
      vertex -12.1733 -1.9117 4.79
    endloop
  endfacet
  facet normal -0.279597 -0.960118 0
    outer loop
      vertex -11.9618 -2.44564 4.79
      vertex -11.8503 -2.47811 6
      vertex -11.9618 -2.44564 6
    endloop
  endfacet
  facet normal -0.279597 -0.960118 -0
    outer loop
      vertex -11.8503 -2.47811 6
      vertex -11.9618 -2.44564 4.79
      vertex -11.8503 -2.47811 4.79
    endloop
  endfacet
  facet normal -0.4887 -0.872452 0
    outer loop
      vertex -11.8503 -2.47811 4.79
      vertex -11.7537 -2.53222 6
      vertex -11.8503 -2.47811 6
    endloop
  endfacet
  facet normal -0.4887 -0.872452 -0
    outer loop
      vertex -11.7537 -2.53222 6
      vertex -11.8503 -2.47811 4.79
      vertex -11.7537 -2.53222 4.79
    endloop
  endfacet
  facet normal -0.679852 -0.73335 0
    outer loop
      vertex -11.7537 -2.53222 4.79
      vertex -11.672 -2.60796 6
      vertex -11.7537 -2.53222 6
    endloop
  endfacet
  facet normal -0.679852 -0.73335 -0
    outer loop
      vertex -11.672 -2.60796 6
      vertex -11.7537 -2.53222 4.79
      vertex -11.672 -2.60796 4.79
    endloop
  endfacet
  facet normal -0.824711 -0.565555 0
    outer loop
      vertex -11.6052 -2.70537 4.79
      vertex -11.672 -2.60796 6
      vertex -11.672 -2.60796 4.79
    endloop
  endfacet
  facet normal -0.824711 -0.565555 0
    outer loop
      vertex -11.672 -2.60796 6
      vertex -11.6052 -2.70537 4.79
      vertex -11.6052 -2.70537 6
    endloop
  endfacet
  facet normal -0.912914 -0.408152 0
    outer loop
      vertex -11.5518 -2.82481 4.79
      vertex -11.6052 -2.70537 6
      vertex -11.6052 -2.70537 4.79
    endloop
  endfacet
  facet normal -0.912914 -0.408152 0
    outer loop
      vertex -11.6052 -2.70537 6
      vertex -11.5518 -2.82481 4.79
      vertex -11.5518 -2.82481 6
    endloop
  endfacet
  facet normal -0.959758 -0.280829 0
    outer loop
      vertex -11.5103 -2.96664 4.79
      vertex -11.5518 -2.82481 6
      vertex -11.5518 -2.82481 4.79
    endloop
  endfacet
  facet normal -0.959758 -0.280829 0
    outer loop
      vertex -11.5518 -2.82481 6
      vertex -11.5103 -2.96664 4.79
      vertex -11.5103 -2.96664 6
    endloop
  endfacet
  facet normal -0.98404 -0.177947 0
    outer loop
      vertex -11.4806 -3.13088 4.79
      vertex -11.5103 -2.96664 6
      vertex -11.5103 -2.96664 4.79
    endloop
  endfacet
  facet normal -0.98404 -0.177947 0
    outer loop
      vertex -11.5103 -2.96664 6
      vertex -11.4806 -3.13088 4.79
      vertex -11.4806 -3.13088 6
    endloop
  endfacet
  facet normal -0.995483 -0.0949349 0
    outer loop
      vertex -11.4628 -3.31753 4.79
      vertex -11.4806 -3.13088 6
      vertex -11.4806 -3.13088 4.79
    endloop
  endfacet
  facet normal -0.995483 -0.0949349 0
    outer loop
      vertex -11.4806 -3.13088 6
      vertex -11.4628 -3.31753 4.79
      vertex -11.4628 -3.31753 6
    endloop
  endfacet
  facet normal -0.999602 -0.028213 0
    outer loop
      vertex -11.4569 -3.52657 4.79
      vertex -11.4628 -3.31753 6
      vertex -11.4628 -3.31753 4.79
    endloop
  endfacet
  facet normal -0.999602 -0.028213 0
    outer loop
      vertex -11.4628 -3.31753 6
      vertex -11.4569 -3.52657 4.79
      vertex -11.4569 -3.52657 6
    endloop
  endfacet
  facet normal -0.999902 0.0139693 0
    outer loop
      vertex -11.4583 -3.62678 4.79
      vertex -11.4569 -3.52657 6
      vertex -11.4569 -3.52657 4.79
    endloop
  endfacet
  facet normal -0.999902 0.0139693 0
    outer loop
      vertex -11.4569 -3.52657 6
      vertex -11.4583 -3.62678 4.79
      vertex -11.4583 -3.62678 6
    endloop
  endfacet
  facet normal -0.998989 0.0449524 0
    outer loop
      vertex -11.4626 -3.72234 4.79
      vertex -11.4583 -3.62678 6
      vertex -11.4583 -3.62678 4.79
    endloop
  endfacet
  facet normal -0.998989 0.0449524 0
    outer loop
      vertex -11.4583 -3.62678 6
      vertex -11.4626 -3.72234 4.79
      vertex -11.4626 -3.72234 6
    endloop
  endfacet
  facet normal -0.996963 0.0778706 0
    outer loop
      vertex -11.4697 -3.81324 4.79
      vertex -11.4626 -3.72234 6
      vertex -11.4626 -3.72234 4.79
    endloop
  endfacet
  facet normal -0.996963 0.0778706 0
    outer loop
      vertex -11.4626 -3.72234 6
      vertex -11.4697 -3.81324 4.79
      vertex -11.4697 -3.81324 6
    endloop
  endfacet
  facet normal -0.993344 0.115184 0
    outer loop
      vertex -11.4797 -3.89948 4.79
      vertex -11.4697 -3.81324 6
      vertex -11.4697 -3.81324 4.79
    endloop
  endfacet
  facet normal -0.993344 0.115184 0
    outer loop
      vertex -11.4697 -3.81324 6
      vertex -11.4797 -3.89948 4.79
      vertex -11.4797 -3.89948 6
    endloop
  endfacet
  facet normal -0.98792 0.154968 0
    outer loop
      vertex -11.4925 -3.98108 4.79
      vertex -11.4797 -3.89948 6
      vertex -11.4797 -3.89948 4.79
    endloop
  endfacet
  facet normal -0.98792 0.154968 0
    outer loop
      vertex -11.4797 -3.89948 6
      vertex -11.4925 -3.98108 4.79
      vertex -11.4925 -3.98108 6
    endloop
  endfacet
  facet normal -0.979219 0.202808 0
    outer loop
      vertex -11.5084 -4.05785 4.79
      vertex -11.4925 -3.98108 6
      vertex -11.4925 -3.98108 4.79
    endloop
  endfacet
  facet normal -0.979219 0.202808 0
    outer loop
      vertex -11.4925 -3.98108 6
      vertex -11.5084 -4.05785 4.79
      vertex -11.5084 -4.05785 6
    endloop
  endfacet
  facet normal -0.965993 0.258568 0
    outer loop
      vertex -11.5276 -4.12958 4.79
      vertex -11.5084 -4.05785 6
      vertex -11.5084 -4.05785 4.79
    endloop
  endfacet
  facet normal -0.965993 0.258568 0
    outer loop
      vertex -11.5084 -4.05785 6
      vertex -11.5276 -4.12958 4.79
      vertex -11.5276 -4.12958 6
    endloop
  endfacet
  facet normal -0.94711 0.32091 0
    outer loop
      vertex -11.5502 -4.19628 4.79
      vertex -11.5276 -4.12958 6
      vertex -11.5276 -4.12958 4.79
    endloop
  endfacet
  facet normal -0.94711 0.32091 0
    outer loop
      vertex -11.5276 -4.12958 6
      vertex -11.5502 -4.19628 4.79
      vertex -11.5502 -4.19628 6
    endloop
  endfacet
  facet normal -0.921967 0.387268 0
    outer loop
      vertex -11.5761 -4.25794 4.79
      vertex -11.5502 -4.19628 6
      vertex -11.5502 -4.19628 4.79
    endloop
  endfacet
  facet normal -0.921967 0.387268 0
    outer loop
      vertex -11.5502 -4.19628 6
      vertex -11.5761 -4.25794 4.79
      vertex -11.5761 -4.25794 6
    endloop
  endfacet
  facet normal -0.889441 0.45705 0
    outer loop
      vertex -11.6052 -4.31457 4.79
      vertex -11.5761 -4.25794 6
      vertex -11.5761 -4.25794 4.79
    endloop
  endfacet
  facet normal -0.889441 0.45705 0
    outer loop
      vertex -11.5761 -4.25794 6
      vertex -11.6052 -4.31457 4.79
      vertex -11.6052 -4.31457 6
    endloop
  endfacet
  facet normal -0.84499 0.534783 0
    outer loop
      vertex -11.6378 -4.36608 4.79
      vertex -11.6052 -4.31457 6
      vertex -11.6052 -4.31457 4.79
    endloop
  endfacet
  facet normal -0.84499 0.534783 0
    outer loop
      vertex -11.6052 -4.31457 6
      vertex -11.6378 -4.36608 4.79
      vertex -11.6378 -4.36608 6
    endloop
  endfacet
  facet normal -0.790969 0.611856 0
    outer loop
      vertex -11.6736 -4.41236 4.79
      vertex -11.6378 -4.36608 6
      vertex -11.6378 -4.36608 4.79
    endloop
  endfacet
  facet normal -0.790969 0.611856 0
    outer loop
      vertex -11.6378 -4.36608 6
      vertex -11.6736 -4.41236 4.79
      vertex -11.6736 -4.41236 6
    endloop
  endfacet
  facet normal -0.7233 0.690534 0
    outer loop
      vertex -11.7128 -4.45342 4.79
      vertex -11.6736 -4.41236 6
      vertex -11.6736 -4.41236 4.79
    endloop
  endfacet
  facet normal -0.7233 0.690534 0
    outer loop
      vertex -11.6736 -4.41236 6
      vertex -11.7128 -4.45342 4.79
      vertex -11.7128 -4.45342 6
    endloop
  endfacet
  facet normal -0.645555 0.763714 0
    outer loop
      vertex -11.7128 -4.45342 4.79
      vertex -11.7552 -4.48926 6
      vertex -11.7128 -4.45342 6
    endloop
  endfacet
  facet normal -0.645555 0.763714 0
    outer loop
      vertex -11.7552 -4.48926 6
      vertex -11.7128 -4.45342 4.79
      vertex -11.7552 -4.48926 4.79
    endloop
  endfacet
  facet normal -0.555663 0.831407 0
    outer loop
      vertex -11.7552 -4.48926 4.79
      vertex -11.801 -4.51987 6
      vertex -11.7552 -4.48926 6
    endloop
  endfacet
  facet normal -0.555663 0.831407 0
    outer loop
      vertex -11.801 -4.51987 6
      vertex -11.7552 -4.48926 4.79
      vertex -11.801 -4.51987 4.79
    endloop
  endfacet
  facet normal -0.45354 0.891236 0
    outer loop
      vertex -11.801 -4.51987 4.79
      vertex -11.8505 -4.54506 6
      vertex -11.801 -4.51987 6
    endloop
  endfacet
  facet normal -0.45354 0.891236 0
    outer loop
      vertex -11.8505 -4.54506 6
      vertex -11.801 -4.51987 4.79
      vertex -11.8505 -4.54506 4.79
    endloop
  endfacet
  facet normal -0.344152 0.938914 0
    outer loop
      vertex -11.8505 -4.54506 4.79
      vertex -11.904 -4.56467 6
      vertex -11.8505 -4.54506 6
    endloop
  endfacet
  facet normal -0.344152 0.938914 0
    outer loop
      vertex -11.904 -4.56467 6
      vertex -11.8505 -4.54506 4.79
      vertex -11.904 -4.56467 4.79
    endloop
  endfacet
  facet normal -0.236796 0.971559 0
    outer loop
      vertex -11.904 -4.56467 4.79
      vertex -11.9614 -4.57866 6
      vertex -11.904 -4.56467 6
    endloop
  endfacet
  facet normal -0.236796 0.971559 0
    outer loop
      vertex -11.9614 -4.57866 6
      vertex -11.904 -4.56467 4.79
      vertex -11.9614 -4.57866 4.79
    endloop
  endfacet
  facet normal -0.135704 0.990749 0
    outer loop
      vertex -11.9614 -4.57866 4.79
      vertex -12.0228 -4.58707 6
      vertex -11.9614 -4.57866 6
    endloop
  endfacet
  facet normal -0.135704 0.990749 0
    outer loop
      vertex -12.0228 -4.58707 6
      vertex -11.9614 -4.57866 4.79
      vertex -12.0228 -4.58707 4.79
    endloop
  endfacet
  facet normal -0.0426218 0.999091 0
    outer loop
      vertex -12.0228 -4.58707 4.79
      vertex -12.0882 -4.58986 6
      vertex -12.0228 -4.58707 6
    endloop
  endfacet
  facet normal -0.0426218 0.999091 0
    outer loop
      vertex -12.0882 -4.58986 6
      vertex -12.0228 -4.58707 4.79
      vertex -12.0882 -4.58986 4.79
    endloop
  endfacet
  facet normal 0.084679 0.996408 -0
    outer loop
      vertex -12.0882 -4.58986 4.79
      vertex -12.2154 -4.57905 6
      vertex -12.0882 -4.58986 6
    endloop
  endfacet
  facet normal 0.084679 0.996408 0
    outer loop
      vertex -12.2154 -4.57905 6
      vertex -12.0882 -4.58986 4.79
      vertex -12.2154 -4.57905 4.79
    endloop
  endfacet
  facet normal 0.278216 0.960518 -0
    outer loop
      vertex -12.2154 -4.57905 4.79
      vertex -12.3275 -4.54658 6
      vertex -12.2154 -4.57905 6
    endloop
  endfacet
  facet normal 0.278216 0.960518 0
    outer loop
      vertex -12.3275 -4.54658 6
      vertex -12.2154 -4.57905 4.79
      vertex -12.3275 -4.54658 4.79
    endloop
  endfacet
  facet normal 0.48793 0.872882 -0
    outer loop
      vertex -12.3275 -4.54658 4.79
      vertex -12.4243 -4.49247 6
      vertex -12.3275 -4.54658 6
    endloop
  endfacet
  facet normal 0.48793 0.872882 0
    outer loop
      vertex -12.4243 -4.49247 6
      vertex -12.3275 -4.54658 4.79
      vertex -12.4243 -4.49247 4.79
    endloop
  endfacet
  facet normal 0.680045 0.733171 -0
    outer loop
      vertex -12.4243 -4.49247 4.79
      vertex -12.506 -4.41669 6
      vertex -12.4243 -4.49247 6
    endloop
  endfacet
  facet normal 0.680045 0.733171 0
    outer loop
      vertex -12.506 -4.41669 6
      vertex -12.4243 -4.49247 4.79
      vertex -12.506 -4.41669 4.79
    endloop
  endfacet
  facet normal 0.82629 0.563245 0
    outer loop
      vertex -12.506 -4.41669 6
      vertex -12.5724 -4.31928 4.79
      vertex -12.5724 -4.31928 6
    endloop
  endfacet
  facet normal 0.82629 0.563245 0
    outer loop
      vertex -12.5724 -4.31928 4.79
      vertex -12.506 -4.41669 6
      vertex -12.506 -4.41669 4.79
    endloop
  endfacet
  facet normal 0.914013 0.405684 0
    outer loop
      vertex -12.5724 -4.31928 6
      vertex -12.6254 -4.19987 4.79
      vertex -12.6254 -4.19987 6
    endloop
  endfacet
  facet normal 0.914013 0.405684 0
    outer loop
      vertex -12.6254 -4.19987 4.79
      vertex -12.5724 -4.31928 6
      vertex -12.5724 -4.31928 4.79
    endloop
  endfacet
  facet normal 0.960309 0.278939 0
    outer loop
      vertex -12.6254 -4.19987 6
      vertex -12.6666 -4.05803 4.79
      vertex -12.6666 -4.05803 6
    endloop
  endfacet
  facet normal 0.960309 0.278939 0
    outer loop
      vertex -12.6666 -4.05803 4.79
      vertex -12.6254 -4.19987 6
      vertex -12.6254 -4.19987 4.79
    endloop
  endfacet
  facet normal 0.984352 0.176216 0
    outer loop
      vertex -12.6666 -4.05803 6
      vertex -12.696 -3.8938 4.79
      vertex -12.696 -3.8938 6
    endloop
  endfacet
  facet normal 0.984352 0.176216 0
    outer loop
      vertex -12.696 -3.8938 4.79
      vertex -12.6666 -4.05803 6
      vertex -12.6666 -4.05803 4.79
    endloop
  endfacet
  facet normal 0.995533 0.0944114 0
    outer loop
      vertex -12.696 -3.8938 6
      vertex -12.7137 -3.70716 4.79
      vertex -12.7137 -3.70716 6
    endloop
  endfacet
  facet normal 0.995533 0.0944114 0
    outer loop
      vertex -12.7137 -3.70716 4.79
      vertex -12.696 -3.8938 6
      vertex -12.696 -3.8938 4.79
    endloop
  endfacet
  facet normal 0.999602 0.0282117 0
    outer loop
      vertex -12.7137 -3.70716 6
      vertex -12.7196 -3.49811 4.79
      vertex -12.7196 -3.49811 6
    endloop
  endfacet
  facet normal 0.999602 0.0282117 0
    outer loop
      vertex -12.7196 -3.49811 4.79
      vertex -12.7137 -3.70716 6
      vertex -12.7137 -3.70716 4.79
    endloop
  endfacet
  facet normal 0.999888 -0.0149684 0
    outer loop
      vertex -12.7196 -3.49811 6
      vertex -12.7181 -3.39791 4.79
      vertex -12.7181 -3.39791 6
    endloop
  endfacet
  facet normal 0.999888 -0.0149684 0
    outer loop
      vertex -12.7181 -3.39791 4.79
      vertex -12.7196 -3.49811 6
      vertex -12.7196 -3.49811 4.79
    endloop
  endfacet
  facet normal 0.999036 -0.0439045 0
    outer loop
      vertex -12.7181 -3.39791 6
      vertex -12.7139 -3.30234 4.79
      vertex -12.7139 -3.30234 6
    endloop
  endfacet
  facet normal 0.999036 -0.0439045 0
    outer loop
      vertex -12.7139 -3.30234 4.79
      vertex -12.7181 -3.39791 6
      vertex -12.7181 -3.39791 4.79
    endloop
  endfacet
  facet normal 0.996878 -0.078952 0
    outer loop
      vertex -12.7139 -3.30234 6
      vertex -12.7067 -3.21143 4.79
      vertex -12.7067 -3.21143 6
    endloop
  endfacet
  facet normal 0.996878 -0.078952 0
    outer loop
      vertex -12.7067 -3.21143 4.79
      vertex -12.7139 -3.30234 6
      vertex -12.7139 -3.30234 4.79
    endloop
  endfacet
  facet normal 0.993478 -0.114021 0
    outer loop
      vertex -12.7067 -3.21143 6
      vertex -12.6968 -3.12517 4.79
      vertex -12.6968 -3.12517 6
    endloop
  endfacet
  facet normal 0.993478 -0.114021 0
    outer loop
      vertex -12.6968 -3.12517 4.79
      vertex -12.7067 -3.21143 6
      vertex -12.7067 -3.21143 4.79
    endloop
  endfacet
  facet normal 0.98792 -0.154968 0
    outer loop
      vertex -12.6968 -3.12517 6
      vertex -12.684 -3.04357 4.79
      vertex -12.684 -3.04357 6
    endloop
  endfacet
  facet normal 0.98792 -0.154968 0
    outer loop
      vertex -12.684 -3.04357 4.79
      vertex -12.6968 -3.12517 6
      vertex -12.6968 -3.12517 4.79
    endloop
  endfacet
  facet normal 0.979208 -0.202859 0
    outer loop
      vertex -12.684 -3.04357 6
      vertex -12.6681 -2.96682 4.79
      vertex -12.6681 -2.96682 6
    endloop
  endfacet
  facet normal 0.979208 -0.202859 0
    outer loop
      vertex -12.6681 -2.96682 4.79
      vertex -12.684 -3.04357 6
      vertex -12.684 -3.04357 4.79
    endloop
  endfacet
  facet normal 0.96632 -0.257344 0
    outer loop
      vertex -12.6681 -2.96682 6
      vertex -12.649 -2.8951 4.79
      vertex -12.649 -2.8951 6
    endloop
  endfacet
  facet normal 0.96632 -0.257344 0
    outer loop
      vertex -12.649 -2.8951 4.79
      vertex -12.6681 -2.96682 6
      vertex -12.6681 -2.96682 4.79
    endloop
  endfacet
  facet normal 0.948384 -0.317124 0
    outer loop
      vertex -12.649 -2.8951 6
      vertex -12.6267 -2.82841 4.79
      vertex -12.6267 -2.82841 6
    endloop
  endfacet
  facet normal 0.948384 -0.317124 0
    outer loop
      vertex -12.6267 -2.82841 4.79
      vertex -12.649 -2.8951 6
      vertex -12.649 -2.8951 4.79
    endloop
  endfacet
  facet normal 0.924072 -0.382219 0
    outer loop
      vertex -12.6267 -2.82841 6
      vertex -12.6012 -2.76676 4.79
      vertex -12.6012 -2.76676 6
    endloop
  endfacet
  facet normal 0.924072 -0.382219 0
    outer loop
      vertex -12.6012 -2.76676 4.79
      vertex -12.6267 -2.82841 6
      vertex -12.6267 -2.82841 4.79
    endloop
  endfacet
  facet normal 0.89132 -0.453374 0
    outer loop
      vertex -12.6012 -2.76676 6
      vertex -12.5724 -2.71014 4.79
      vertex -12.5724 -2.71014 6
    endloop
  endfacet
  facet normal 0.89132 -0.453374 0
    outer loop
      vertex -12.5724 -2.71014 4.79
      vertex -12.6012 -2.76676 6
      vertex -12.6012 -2.76676 4.79
    endloop
  endfacet
  facet normal 0.848738 -0.528814 0
    outer loop
      vertex -12.5724 -2.71014 6
      vertex -12.5403 -2.65862 4.79
      vertex -12.5403 -2.65862 6
    endloop
  endfacet
  facet normal 0.848738 -0.528814 0
    outer loop
      vertex -12.5403 -2.65862 4.79
      vertex -12.5724 -2.71014 6
      vertex -12.5724 -2.71014 4.79
    endloop
  endfacet
  facet normal 0.791796 -0.610785 0
    outer loop
      vertex -12.5403 -2.65862 6
      vertex -12.5046 -2.61234 4.79
      vertex -12.5046 -2.61234 6
    endloop
  endfacet
  facet normal 0.791796 -0.610785 0
    outer loop
      vertex -12.5046 -2.61234 4.79
      vertex -12.5403 -2.65862 6
      vertex -12.5403 -2.65862 4.79
    endloop
  endfacet
  facet normal 0.7233 -0.690534 0
    outer loop
      vertex -12.5046 -2.61234 6
      vertex -12.4654 -2.57128 4.79
      vertex -12.4654 -2.57128 6
    endloop
  endfacet
  facet normal 0.7233 -0.690534 0
    outer loop
      vertex -12.4654 -2.57128 4.79
      vertex -12.5046 -2.61234 6
      vertex -12.5046 -2.61234 4.79
    endloop
  endfacet
  facet normal 0.643782 -0.765209 0
    outer loop
      vertex -12.4654 -2.57128 4.79
      vertex -12.4228 -2.53544 6
      vertex -12.4654 -2.57128 6
    endloop
  endfacet
  facet normal 0.643782 -0.765209 0
    outer loop
      vertex -12.4228 -2.53544 6
      vertex -12.4654 -2.57128 4.79
      vertex -12.4228 -2.53544 4.79
    endloop
  endfacet
  facet normal 0.552575 -0.833463 0
    outer loop
      vertex -12.4228 -2.53544 4.79
      vertex -12.3766 -2.50481 6
      vertex -12.4228 -2.53544 6
    endloop
  endfacet
  facet normal 0.552575 -0.833463 0
    outer loop
      vertex -12.3766 -2.50481 6
      vertex -12.4228 -2.53544 4.79
      vertex -12.3766 -2.50481 4.79
    endloop
  endfacet
  facet normal 0.450645 -0.892703 0
    outer loop
      vertex -12.3766 -2.50481 4.79
      vertex -12.3267 -2.47962 6
      vertex -12.3766 -2.50481 6
    endloop
  endfacet
  facet normal 0.450645 -0.892703 0
    outer loop
      vertex -12.3267 -2.47962 6
      vertex -12.3766 -2.50481 4.79
      vertex -12.3267 -2.47962 4.79
    endloop
  endfacet
  facet normal 0.342458 -0.939533 0
    outer loop
      vertex -12.3267 -2.47962 4.79
      vertex -12.2729 -2.46001 6
      vertex -12.3267 -2.47962 6
    endloop
  endfacet
  facet normal 0.342458 -0.939533 0
    outer loop
      vertex -12.2729 -2.46001 6
      vertex -12.3267 -2.47962 4.79
      vertex -12.2729 -2.46001 4.79
    endloop
  endfacet
  facet normal 0.235634 -0.971842 0
    outer loop
      vertex -12.2729 -2.46001 4.79
      vertex -12.2152 -2.44602 6
      vertex -12.2729 -2.46001 6
    endloop
  endfacet
  facet normal 0.235634 -0.971842 0
    outer loop
      vertex -12.2152 -2.44602 6
      vertex -12.2729 -2.46001 4.79
      vertex -12.2152 -2.44602 4.79
    endloop
  endfacet
  facet normal 0.135487 -0.990779 0
    outer loop
      vertex -12.2152 -2.44602 4.79
      vertex -12.1537 -2.43761 6
      vertex -12.2152 -2.44602 6
    endloop
  endfacet
  facet normal 0.135487 -0.990779 0
    outer loop
      vertex -12.1537 -2.43761 6
      vertex -12.2152 -2.44602 4.79
      vertex -12.1537 -2.43761 4.79
    endloop
  endfacet
  facet normal 0.0425568 -0.999094 0
    outer loop
      vertex -12.1537 -2.43761 4.79
      vertex -12.0882 -2.43482 6
      vertex -12.1537 -2.43761 6
    endloop
  endfacet
  facet normal 0.0425568 -0.999094 0
    outer loop
      vertex -12.0882 -2.43482 6
      vertex -12.1537 -2.43761 4.79
      vertex -12.0882 -2.43482 4.79
    endloop
  endfacet
  facet normal -0.0852894 -0.996356 0
    outer loop
      vertex -12.0882 -2.43482 4.79
      vertex -11.9618 -2.44564 6
      vertex -12.0882 -2.43482 6
    endloop
  endfacet
  facet normal -0.0852894 -0.996356 -0
    outer loop
      vertex -11.9618 -2.44564 6
      vertex -12.0882 -2.43482 4.79
      vertex -11.9618 -2.44564 4.79
    endloop
  endfacet
  facet normal -0.111581 0.993755 0
    outer loop
      vertex -1.42135 -1.9117 4.79
      vertex -1.52288 -1.9231 6
      vertex -1.42135 -1.9117 6
    endloop
  endfacet
  facet normal -0.111581 0.993755 0
    outer loop
      vertex -1.52288 -1.9231 6
      vertex -1.42135 -1.9117 4.79
      vertex -1.52288 -1.9231 4.79
    endloop
  endfacet
  facet normal -0.188343 0.982103 0
    outer loop
      vertex -1.52288 -1.9231 4.79
      vertex -1.62185 -1.94208 6
      vertex -1.52288 -1.9231 6
    endloop
  endfacet
  facet normal -0.188343 0.982103 0
    outer loop
      vertex -1.62185 -1.94208 6
      vertex -1.52288 -1.9231 4.79
      vertex -1.62185 -1.94208 4.79
    endloop
  endfacet
  facet normal -0.265528 0.964103 0
    outer loop
      vertex -1.62185 -1.94208 4.79
      vertex -1.71825 -1.96863 6
      vertex -1.62185 -1.94208 6
    endloop
  endfacet
  facet normal -0.265528 0.964103 0
    outer loop
      vertex -1.71825 -1.96863 6
      vertex -1.62185 -1.94208 4.79
      vertex -1.71825 -1.96863 4.79
    endloop
  endfacet
  facet normal -0.342177 0.939635 0
    outer loop
      vertex -1.71825 -1.96863 4.79
      vertex -1.81211 -2.00281 6
      vertex -1.71825 -1.96863 6
    endloop
  endfacet
  facet normal -0.342177 0.939635 0
    outer loop
      vertex -1.81211 -2.00281 6
      vertex -1.71825 -1.96863 4.79
      vertex -1.81211 -2.00281 4.79
    endloop
  endfacet
  facet normal -0.422731 0.906255 0
    outer loop
      vertex -1.81211 -2.00281 4.79
      vertex -1.9023 -2.04488 6
      vertex -1.81211 -2.00281 6
    endloop
  endfacet
  facet normal -0.422731 0.906255 0
    outer loop
      vertex -1.9023 -2.04488 6
      vertex -1.81211 -2.00281 4.79
      vertex -1.9023 -2.04488 4.79
    endloop
  endfacet
  facet normal -0.506685 0.862131 0
    outer loop
      vertex -1.9023 -2.04488 4.79
      vertex -1.98775 -2.0951 6
      vertex -1.9023 -2.04488 6
    endloop
  endfacet
  facet normal -0.506685 0.862131 0
    outer loop
      vertex -1.98775 -2.0951 6
      vertex -1.9023 -2.04488 4.79
      vertex -1.98775 -2.0951 4.79
    endloop
  endfacet
  facet normal -0.586242 0.810136 0
    outer loop
      vertex -1.98775 -2.0951 4.79
      vertex -2.06844 -2.15349 6
      vertex -1.98775 -2.0951 6
    endloop
  endfacet
  facet normal -0.586242 0.810136 0
    outer loop
      vertex -2.06844 -2.15349 6
      vertex -1.98775 -2.0951 4.79
      vertex -2.06844 -2.15349 4.79
    endloop
  endfacet
  facet normal -0.659079 0.752073 0
    outer loop
      vertex -2.06844 -2.15349 4.79
      vertex -2.14438 -2.22004 6
      vertex -2.06844 -2.15349 6
    endloop
  endfacet
  facet normal -0.659079 0.752073 0
    outer loop
      vertex -2.14438 -2.22004 6
      vertex -2.06844 -2.15349 4.79
      vertex -2.14438 -2.22004 4.79
    endloop
  endfacet
  facet normal -0.723907 0.689897 0
    outer loop
      vertex -2.21558 -2.29475 4.79
      vertex -2.14438 -2.22004 6
      vertex -2.14438 -2.22004 4.79
    endloop
  endfacet
  facet normal -0.723907 0.689897 0
    outer loop
      vertex -2.14438 -2.22004 6
      vertex -2.21558 -2.29475 4.79
      vertex -2.21558 -2.29475 6
    endloop
  endfacet
  facet normal -0.78383 0.620976 0
    outer loop
      vertex -2.28147 -2.37792 4.79
      vertex -2.21558 -2.29475 6
      vertex -2.21558 -2.29475 4.79
    endloop
  endfacet
  facet normal -0.78383 0.620976 0
    outer loop
      vertex -2.21558 -2.29475 6
      vertex -2.28147 -2.37792 4.79
      vertex -2.28147 -2.37792 6
    endloop
  endfacet
  facet normal -0.837339 0.546685 0
    outer loop
      vertex -2.34147 -2.46982 4.79
      vertex -2.28147 -2.37792 6
      vertex -2.28147 -2.37792 4.79
    endloop
  endfacet
  facet normal -0.837339 0.546685 0
    outer loop
      vertex -2.28147 -2.37792 6
      vertex -2.34147 -2.46982 4.79
      vertex -2.34147 -2.46982 6
    endloop
  endfacet
  facet normal -0.880822 0.473447 0
    outer loop
      vertex -2.39557 -2.57047 4.79
      vertex -2.34147 -2.46982 6
      vertex -2.34147 -2.46982 4.79
    endloop
  endfacet
  facet normal -0.880822 0.473447 0
    outer loop
      vertex -2.34147 -2.46982 6
      vertex -2.39557 -2.57047 4.79
      vertex -2.39557 -2.57047 6
    endloop
  endfacet
  facet normal -0.915001 0.403451 0
    outer loop
      vertex -2.44379 -2.67983 4.79
      vertex -2.39557 -2.57047 6
      vertex -2.39557 -2.57047 4.79
    endloop
  endfacet
  facet normal -0.915001 0.403451 0
    outer loop
      vertex -2.39557 -2.57047 6
      vertex -2.44379 -2.67983 4.79
      vertex -2.44379 -2.67983 6
    endloop
  endfacet
  facet normal -0.941327 0.337497 0
    outer loop
      vertex -2.48614 -2.79795 4.79
      vertex -2.44379 -2.67983 6
      vertex -2.44379 -2.67983 4.79
    endloop
  endfacet
  facet normal -0.941327 0.337497 0
    outer loop
      vertex -2.44379 -2.67983 6
      vertex -2.48614 -2.79795 4.79
      vertex -2.48614 -2.79795 6
    endloop
  endfacet
  facet normal -0.963207 0.268761 0
    outer loop
      vertex -2.52161 -2.92507 4.79
      vertex -2.48614 -2.79795 6
      vertex -2.48614 -2.79795 4.79
    endloop
  endfacet
  facet normal -0.963207 0.268761 0
    outer loop
      vertex -2.48614 -2.79795 6
      vertex -2.52161 -2.92507 4.79
      vertex -2.52161 -2.92507 6
    endloop
  endfacet
  facet normal -0.980153 0.198244 0
    outer loop
      vertex -2.5492 -3.06148 4.79
      vertex -2.52161 -2.92507 6
      vertex -2.52161 -2.92507 4.79
    endloop
  endfacet
  facet normal -0.980153 0.198244 0
    outer loop
      vertex -2.52161 -2.92507 6
      vertex -2.5492 -3.06148 4.79
      vertex -2.5492 -3.06148 6
    endloop
  endfacet
  facet normal -0.990988 0.133954 0
    outer loop
      vertex -2.5689 -3.20722 4.79
      vertex -2.5492 -3.06148 6
      vertex -2.5492 -3.06148 4.79
    endloop
  endfacet
  facet normal -0.990988 0.133954 0
    outer loop
      vertex -2.5492 -3.06148 6
      vertex -2.5689 -3.20722 4.79
      vertex -2.5689 -3.20722 6
    endloop
  endfacet
  facet normal -0.997106 0.0760227 0
    outer loop
      vertex -2.58072 -3.36225 4.79
      vertex -2.5689 -3.20722 6
      vertex -2.5689 -3.20722 4.79
    endloop
  endfacet
  facet normal -0.997106 0.0760227 0
    outer loop
      vertex -2.5689 -3.20722 6
      vertex -2.58072 -3.36225 4.79
      vertex -2.58072 -3.36225 6
    endloop
  endfacet
  facet normal -0.999713 0.0239707 0
    outer loop
      vertex -2.58466 -3.52657 4.79
      vertex -2.58072 -3.36225 6
      vertex -2.58072 -3.36225 4.79
    endloop
  endfacet
  facet normal -0.999713 0.0239707 0
    outer loop
      vertex -2.58072 -3.36225 6
      vertex -2.58466 -3.52657 4.79
      vertex -2.58466 -3.52657 6
    endloop
  endfacet
  facet normal -0.999135 -0.0415843 0
    outer loop
      vertex -2.57232 -3.82306 4.79
      vertex -2.58466 -3.52657 6
      vertex -2.58466 -3.52657 4.79
    endloop
  endfacet
  facet normal -0.999135 -0.0415843 0
    outer loop
      vertex -2.58466 -3.52657 6
      vertex -2.57232 -3.82306 4.79
      vertex -2.57232 -3.82306 6
    endloop
  endfacet
  facet normal -0.990503 -0.137489 0
    outer loop
      vertex -2.5353 -4.08976 4.79
      vertex -2.57232 -3.82306 6
      vertex -2.57232 -3.82306 4.79
    endloop
  endfacet
  facet normal -0.990503 -0.137489 0
    outer loop
      vertex -2.57232 -3.82306 6
      vertex -2.5353 -4.08976 4.79
      vertex -2.5353 -4.08976 6
    endloop
  endfacet
  facet normal -0.967687 -0.252156 0
    outer loop
      vertex -2.47358 -4.32662 4.79
      vertex -2.5353 -4.08976 6
      vertex -2.5353 -4.08976 4.79
    endloop
  endfacet
  facet normal -0.967687 -0.252156 0
    outer loop
      vertex -2.5353 -4.08976 6
      vertex -2.47358 -4.32662 4.79
      vertex -2.47358 -4.32662 6
    endloop
  endfacet
  facet normal -0.922879 -0.38509 0
    outer loop
      vertex -2.38718 -4.53368 4.79
      vertex -2.47358 -4.32662 6
      vertex -2.47358 -4.32662 4.79
    endloop
  endfacet
  facet normal -0.922879 -0.38509 0
    outer loop
      vertex -2.47358 -4.32662 6
      vertex -2.38718 -4.53368 4.79
      vertex -2.38718 -4.53368 6
    endloop
  endfacet
  facet normal -0.847369 -0.531004 0
    outer loop
      vertex -2.2761 -4.71094 4.79
      vertex -2.38718 -4.53368 6
      vertex -2.38718 -4.53368 4.79
    endloop
  endfacet
  facet normal -0.847369 -0.531004 0
    outer loop
      vertex -2.38718 -4.53368 6
      vertex -2.2761 -4.71094 4.79
      vertex -2.2761 -4.71094 6
    endloop
  endfacet
  facet normal -0.733078 -0.680145 0
    outer loop
      vertex -2.14054 -4.85705 4.79
      vertex -2.2761 -4.71094 6
      vertex -2.2761 -4.71094 4.79
    endloop
  endfacet
  facet normal -0.733078 -0.680145 0
    outer loop
      vertex -2.2761 -4.71094 6
      vertex -2.14054 -4.85705 4.79
      vertex -2.14054 -4.85705 6
    endloop
  endfacet
  facet normal -0.57937 -0.815064 0
    outer loop
      vertex -2.14054 -4.85705 4.79
      vertex -1.98067 -4.97069 6
      vertex -2.14054 -4.85705 6
    endloop
  endfacet
  facet normal -0.57937 -0.815064 -0
    outer loop
      vertex -1.98067 -4.97069 6
      vertex -2.14054 -4.85705 4.79
      vertex -1.98067 -4.97069 4.79
    endloop
  endfacet
  facet normal -0.403301 -0.915067 0
    outer loop
      vertex -1.98067 -4.97069 4.79
      vertex -1.7965 -5.05186 6
      vertex -1.98067 -4.97069 6
    endloop
  endfacet
  facet normal -0.403301 -0.915067 -0
    outer loop
      vertex -1.7965 -5.05186 6
      vertex -1.98067 -4.97069 4.79
      vertex -1.7965 -5.05186 4.79
    endloop
  endfacet
  facet normal -0.227451 -0.97379 0
    outer loop
      vertex -1.7965 -5.05186 4.79
      vertex -1.588 -5.10056 6
      vertex -1.7965 -5.05186 6
    endloop
  endfacet
  facet normal -0.227451 -0.97379 -0
    outer loop
      vertex -1.588 -5.10056 6
      vertex -1.7965 -5.05186 4.79
      vertex -1.588 -5.10056 4.79
    endloop
  endfacet
  facet normal -0.0695963 -0.997575 0
    outer loop
      vertex -1.588 -5.10056 4.79
      vertex -1.35522 -5.1168 6
      vertex -1.588 -5.10056 6
    endloop
  endfacet
  facet normal -0.0695963 -0.997575 -0
    outer loop
      vertex -1.35522 -5.1168 6
      vertex -1.588 -5.10056 4.79
      vertex -1.35522 -5.1168 4.79
    endloop
  endfacet
  facet normal 0.0364791 -0.999334 0
    outer loop
      vertex -1.35522 -5.1168 4.79
      vertex -1.25112 -5.113 6
      vertex -1.35522 -5.1168 6
    endloop
  endfacet
  facet normal 0.0364791 -0.999334 0
    outer loop
      vertex -1.25112 -5.113 6
      vertex -1.35522 -5.1168 4.79
      vertex -1.25112 -5.113 4.79
    endloop
  endfacet
  facet normal 0.111581 -0.993755 0
    outer loop
      vertex -1.25112 -5.113 4.79
      vertex -1.14959 -5.1016 6
      vertex -1.25112 -5.113 6
    endloop
  endfacet
  facet normal 0.111581 -0.993755 0
    outer loop
      vertex -1.14959 -5.1016 6
      vertex -1.25112 -5.113 4.79
      vertex -1.14959 -5.1016 4.79
    endloop
  endfacet
  facet normal 0.188343 -0.982103 0
    outer loop
      vertex -1.14959 -5.1016 4.79
      vertex -1.05062 -5.08262 6
      vertex -1.14959 -5.1016 6
    endloop
  endfacet
  facet normal 0.188343 -0.982103 0
    outer loop
      vertex -1.05062 -5.08262 6
      vertex -1.14959 -5.1016 4.79
      vertex -1.05062 -5.08262 4.79
    endloop
  endfacet
  facet normal 0.265939 -0.96399 0
    outer loop
      vertex -1.05062 -5.08262 4.79
      vertex -0.954199 -5.05602 6
      vertex -1.05062 -5.08262 6
    endloop
  endfacet
  facet normal 0.265939 -0.96399 0
    outer loop
      vertex -0.954199 -5.05602 6
      vertex -1.05062 -5.08262 4.79
      vertex -0.954199 -5.05602 4.79
    endloop
  endfacet
  facet normal 0.342235 -0.939614 0
    outer loop
      vertex -0.954199 -5.05602 4.79
      vertex -0.860357 -5.02184 6
      vertex -0.954199 -5.05602 6
    endloop
  endfacet
  facet normal 0.342235 -0.939614 0
    outer loop
      vertex -0.860357 -5.02184 6
      vertex -0.954199 -5.05602 4.79
      vertex -0.860357 -5.02184 4.79
    endloop
  endfacet
  facet normal 0.422551 -0.906339 0
    outer loop
      vertex -0.860357 -5.02184 4.79
      vertex -0.770163 -4.97979 6
      vertex -0.860357 -5.02184 6
    endloop
  endfacet
  facet normal 0.422551 -0.906339 0
    outer loop
      vertex -0.770163 -4.97979 6
      vertex -0.860357 -5.02184 4.79
      vertex -0.770163 -4.97979 4.79
    endloop
  endfacet
  facet normal 0.506685 -0.862131 0
    outer loop
      vertex -0.770163 -4.97979 4.79
      vertex -0.684713 -4.92957 6
      vertex -0.770163 -4.97979 6
    endloop
  endfacet
  facet normal 0.506685 -0.862131 0
    outer loop
      vertex -0.684713 -4.92957 6
      vertex -0.770163 -4.97979 4.79
      vertex -0.684713 -4.92957 4.79
    endloop
  endfacet
  facet normal 0.586185 -0.810177 0
    outer loop
      vertex -0.684713 -4.92957 4.79
      vertex -0.604025 -4.87119 6
      vertex -0.684713 -4.92957 6
    endloop
  endfacet
  facet normal 0.586185 -0.810177 0
    outer loop
      vertex -0.604025 -4.87119 6
      vertex -0.684713 -4.92957 4.79
      vertex -0.604025 -4.87119 4.79
    endloop
  endfacet
  facet normal 0.659047 -0.752102 0
    outer loop
      vertex -0.604025 -4.87119 4.79
      vertex -0.528067 -4.80463 6
      vertex -0.604025 -4.87119 6
    endloop
  endfacet
  facet normal 0.659047 -0.752102 0
    outer loop
      vertex -0.528067 -4.80463 6
      vertex -0.604025 -4.87119 4.79
      vertex -0.528067 -4.80463 4.79
    endloop
  endfacet
  facet normal 0.723963 -0.689839 0
    outer loop
      vertex -0.528067 -4.80463 6
      vertex -0.456869 -4.72991 4.79
      vertex -0.456869 -4.72991 6
    endloop
  endfacet
  facet normal 0.723963 -0.689839 0
    outer loop
      vertex -0.456869 -4.72991 4.79
      vertex -0.528067 -4.80463 6
      vertex -0.528067 -4.80463 4.79
    endloop
  endfacet
  facet normal 0.783876 -0.620917 0
    outer loop
      vertex -0.456869 -4.72991 6
      vertex -0.390997 -4.64675 4.79
      vertex -0.390997 -4.64675 6
    endloop
  endfacet
  facet normal 0.783876 -0.620917 0
    outer loop
      vertex -0.390997 -4.64675 4.79
      vertex -0.456869 -4.72991 6
      vertex -0.456869 -4.72991 4.79
    endloop
  endfacet
  facet normal 0.837284 -0.546768 0
    outer loop
      vertex -0.390997 -4.64675 6
      vertex -0.330984 -4.55485 4.79
      vertex -0.330984 -4.55485 6
    endloop
  endfacet
  facet normal 0.837284 -0.546768 0
    outer loop
      vertex -0.330984 -4.55485 4.79
      vertex -0.390997 -4.64675 6
      vertex -0.390997 -4.64675 4.79
    endloop
  endfacet
  facet normal 0.880773 -0.473538 0
    outer loop
      vertex -0.330984 -4.55485 6
      vertex -0.276876 -4.45421 4.79
      vertex -0.276876 -4.45421 6
    endloop
  endfacet
  facet normal 0.880773 -0.473538 0
    outer loop
      vertex -0.276876 -4.45421 4.79
      vertex -0.330984 -4.55485 6
      vertex -0.330984 -4.55485 4.79
    endloop
  endfacet
  facet normal 0.914961 -0.403542 0
    outer loop
      vertex -0.276876 -4.45421 6
      vertex -0.228643 -4.34485 4.79
      vertex -0.228643 -4.34485 6
    endloop
  endfacet
  facet normal 0.914961 -0.403542 0
    outer loop
      vertex -0.228643 -4.34485 4.79
      vertex -0.276876 -4.45421 6
      vertex -0.276876 -4.45421 4.79
    endloop
  endfacet
  facet normal 0.941288 -0.337604 0
    outer loop
      vertex -0.228643 -4.34485 6
      vertex -0.186285 -4.22675 4.79
      vertex -0.186285 -4.22675 6
    endloop
  endfacet
  facet normal 0.941288 -0.337604 0
    outer loop
      vertex -0.186285 -4.22675 4.79
      vertex -0.228643 -4.34485 6
      vertex -0.228643 -4.34485 4.79
    endloop
  endfacet
  facet normal 0.963254 -0.268593 0
    outer loop
      vertex -0.186285 -4.22675 6
      vertex -0.150839 -4.09963 4.79
      vertex -0.150839 -4.09963 6
    endloop
  endfacet
  facet normal 0.963254 -0.268593 0
    outer loop
      vertex -0.150839 -4.09963 4.79
      vertex -0.186285 -4.22675 6
      vertex -0.186285 -4.22675 4.79
    endloop
  endfacet
  facet normal 0.980161 -0.198202 0
    outer loop
      vertex -0.150839 -4.09963 6
      vertex -0.123251 -3.9632 4.79
      vertex -0.123251 -3.9632 6
    endloop
  endfacet
  facet normal 0.980161 -0.198202 0
    outer loop
      vertex -0.123251 -3.9632 4.79
      vertex -0.150839 -4.09963 6
      vertex -0.150839 -4.09963 4.79
    endloop
  endfacet
  facet normal 0.990986 -0.133965 0
    outer loop
      vertex -0.123251 -3.9632 6
      vertex -0.103552 -3.81748 4.79
      vertex -0.103552 -3.81748 6
    endloop
  endfacet
  facet normal 0.990986 -0.133965 0
    outer loop
      vertex -0.103552 -3.81748 4.79
      vertex -0.123251 -3.9632 6
      vertex -0.123251 -3.9632 4.79
    endloop
  endfacet
  facet normal 0.997111 -0.0759613 0
    outer loop
      vertex -0.103552 -3.81748 6
      vertex -0.0917416 -3.66245 4.79
      vertex -0.0917416 -3.66245 6
    endloop
  endfacet
  facet normal 0.997111 -0.0759613 0
    outer loop
      vertex -0.0917416 -3.66245 4.79
      vertex -0.103552 -3.81748 6
      vertex -0.103552 -3.81748 4.79
    endloop
  endfacet
  facet normal 0.999713 -0.0239483 0
    outer loop
      vertex -0.0917416 -3.66245 6
      vertex -0.0878048 -3.49811 4.79
      vertex -0.0878048 -3.49811 6
    endloop
  endfacet
  facet normal 0.999713 -0.0239483 0
    outer loop
      vertex -0.0878048 -3.49811 4.79
      vertex -0.0917416 -3.66245 6
      vertex -0.0917416 -3.66245 4.79
    endloop
  endfacet
  facet normal 0.999132 0.0416616 0
    outer loop
      vertex -0.0878048 -3.49811 6
      vertex -0.100134 -3.20243 4.79
      vertex -0.100134 -3.20243 6
    endloop
  endfacet
  facet normal 0.999132 0.0416616 0
    outer loop
      vertex -0.100134 -3.20243 4.79
      vertex -0.0878048 -3.49811 6
      vertex -0.0878048 -3.49811 4.79
    endloop
  endfacet
  facet normal 0.990459 0.137811 0
    outer loop
      vertex -0.100134 -3.20243 6
      vertex -0.137167 -2.93627 4.79
      vertex -0.137167 -2.93627 6
    endloop
  endfacet
  facet normal 0.990459 0.137811 0
    outer loop
      vertex -0.137167 -2.93627 4.79
      vertex -0.100134 -3.20243 6
      vertex -0.100134 -3.20243 4.79
    endloop
  endfacet
  facet normal 0.96764 0.252336 0
    outer loop
      vertex -0.137167 -2.93627 6
      vertex -0.198874 -2.69964 4.79
      vertex -0.198874 -2.69964 6
    endloop
  endfacet
  facet normal 0.96764 0.252336 0
    outer loop
      vertex -0.198874 -2.69964 4.79
      vertex -0.137167 -2.93627 6
      vertex -0.137167 -2.93627 4.79
    endloop
  endfacet
  facet normal 0.922944 0.384935 0
    outer loop
      vertex -0.198874 -2.69964 6
      vertex -0.285254 -2.49253 4.79
      vertex -0.285254 -2.49253 6
    endloop
  endfacet
  facet normal 0.922944 0.384935 0
    outer loop
      vertex -0.285254 -2.49253 4.79
      vertex -0.198874 -2.69964 6
      vertex -0.198874 -2.69964 4.79
    endloop
  endfacet
  facet normal 0.847826 0.530275 0
    outer loop
      vertex -0.285254 -2.49253 6
      vertex -0.396322 -2.31495 4.79
      vertex -0.396322 -2.31495 6
    endloop
  endfacet
  facet normal 0.847826 0.530275 0
    outer loop
      vertex -0.396322 -2.31495 4.79
      vertex -0.285254 -2.49253 6
      vertex -0.285254 -2.49253 4.79
    endloop
  endfacet
  facet normal 0.734059 0.679086 0
    outer loop
      vertex -0.396322 -2.31495 6
      vertex -0.531897 -2.1684 4.79
      vertex -0.531897 -2.1684 6
    endloop
  endfacet
  facet normal 0.734059 0.679086 0
    outer loop
      vertex -0.531897 -2.1684 4.79
      vertex -0.396322 -2.31495 6
      vertex -0.396322 -2.31495 4.79
    endloop
  endfacet
  facet normal 0.58046 0.814289 -0
    outer loop
      vertex -0.531897 -2.1684 4.79
      vertex -0.691778 -2.05443 6
      vertex -0.531897 -2.1684 6
    endloop
  endfacet
  facet normal 0.58046 0.814289 0
    outer loop
      vertex -0.691778 -2.05443 6
      vertex -0.531897 -2.1684 4.79
      vertex -0.691778 -2.05443 4.79
    endloop
  endfacet
  facet normal 0.404306 0.914624 -0
    outer loop
      vertex -0.691778 -2.05443 4.79
      vertex -0.875967 -1.97301 6
      vertex -0.691778 -2.05443 6
    endloop
  endfacet
  facet normal 0.404306 0.914624 0
    outer loop
      vertex -0.875967 -1.97301 6
      vertex -0.691778 -2.05443 4.79
      vertex -0.875967 -1.97301 4.79
    endloop
  endfacet
  facet normal 0.228 0.973661 -0
    outer loop
      vertex -0.875967 -1.97301 4.79
      vertex -1.08445 -1.92419 6
      vertex -0.875967 -1.97301 6
    endloop
  endfacet
  facet normal 0.228 0.973661 0
    outer loop
      vertex -1.08445 -1.92419 6
      vertex -0.875967 -1.97301 4.79
      vertex -1.08445 -1.92419 4.79
    endloop
  endfacet
  facet normal 0.0698065 0.997561 -0
    outer loop
      vertex -1.08445 -1.92419 4.79
      vertex -1.31724 -1.9079 6
      vertex -1.08445 -1.92419 6
    endloop
  endfacet
  facet normal 0.0698065 0.997561 0
    outer loop
      vertex -1.31724 -1.9079 6
      vertex -1.08445 -1.92419 4.79
      vertex -1.31724 -1.9079 4.79
    endloop
  endfacet
  facet normal -0.0364756 0.999335 0
    outer loop
      vertex -1.31724 -1.9079 4.79
      vertex -1.42135 -1.9117 6
      vertex -1.31724 -1.9079 6
    endloop
  endfacet
  facet normal -0.0364756 0.999335 0
    outer loop
      vertex -1.42135 -1.9117 6
      vertex -1.31724 -1.9079 4.79
      vertex -1.42135 -1.9117 4.79
    endloop
  endfacet
  facet normal -0.279573 -0.960124 0
    outer loop
      vertex -1.20981 -2.44564 4.79
      vertex -1.0983 -2.47811 6
      vertex -1.20981 -2.44564 6
    endloop
  endfacet
  facet normal -0.279573 -0.960124 -0
    outer loop
      vertex -1.0983 -2.47811 6
      vertex -1.20981 -2.44564 4.79
      vertex -1.0983 -2.47811 4.79
    endloop
  endfacet
  facet normal -0.488738 -0.872431 0
    outer loop
      vertex -1.0983 -2.47811 4.79
      vertex -1.00171 -2.53222 6
      vertex -1.0983 -2.47811 6
    endloop
  endfacet
  facet normal -0.488738 -0.872431 -0
    outer loop
      vertex -1.00171 -2.53222 6
      vertex -1.0983 -2.47811 4.79
      vertex -1.00171 -2.53222 4.79
    endloop
  endfacet
  facet normal -0.679825 -0.733374 0
    outer loop
      vertex -1.00171 -2.53222 4.79
      vertex -0.920004 -2.60796 6
      vertex -1.00171 -2.53222 6
    endloop
  endfacet
  facet normal -0.679825 -0.733374 -0
    outer loop
      vertex -0.920004 -2.60796 6
      vertex -1.00171 -2.53222 4.79
      vertex -0.920004 -2.60796 4.79
    endloop
  endfacet
  facet normal -0.824758 -0.565486 0
    outer loop
      vertex -0.853216 -2.70537 4.79
      vertex -0.920004 -2.60796 6
      vertex -0.920004 -2.60796 4.79
    endloop
  endfacet
  facet normal -0.824758 -0.565486 0
    outer loop
      vertex -0.920004 -2.60796 6
      vertex -0.853216 -2.70537 4.79
      vertex -0.853216 -2.70537 6
    endloop
  endfacet
  facet normal -0.912897 -0.40819 0
    outer loop
      vertex -0.79981 -2.82481 4.79
      vertex -0.853216 -2.70537 6
      vertex -0.853216 -2.70537 4.79
    endloop
  endfacet
  facet normal -0.912897 -0.40819 0
    outer loop
      vertex -0.853216 -2.70537 6
      vertex -0.79981 -2.82481 4.79
      vertex -0.79981 -2.82481 6
    endloop
  endfacet
  facet normal -0.959696 -0.281041 0
    outer loop
      vertex -0.758276 -2.96664 4.79
      vertex -0.79981 -2.82481 6
      vertex -0.79981 -2.82481 4.79
    endloop
  endfacet
  facet normal -0.959696 -0.281041 0
    outer loop
      vertex -0.79981 -2.82481 6
      vertex -0.758276 -2.96664 4.79
      vertex -0.758276 -2.96664 6
    endloop
  endfacet
  facet normal -0.984079 -0.177732 0
    outer loop
      vertex -0.728613 -3.13088 4.79
      vertex -0.758276 -2.96664 6
      vertex -0.758276 -2.96664 4.79
    endloop
  endfacet
  facet normal -0.984079 -0.177732 0
    outer loop
      vertex -0.758276 -2.96664 6
      vertex -0.728613 -3.13088 4.79
      vertex -0.728613 -3.13088 6
    endloop
  endfacet
  facet normal -0.995488 -0.0948927 0
    outer loop
      vertex -0.710821 -3.31753 4.79
      vertex -0.728613 -3.13088 6
      vertex -0.728613 -3.13088 4.79
    endloop
  endfacet
  facet normal -0.995488 -0.0948927 0
    outer loop
      vertex -0.728613 -3.13088 6
      vertex -0.710821 -3.31753 4.79
      vertex -0.710821 -3.31753 6
    endloop
  endfacet
  facet normal -0.999597 -0.028385 0
    outer loop
      vertex -0.704885 -3.52657 4.79
      vertex -0.710821 -3.31753 6
      vertex -0.710821 -3.31753 4.79
    endloop
  endfacet
  facet normal -0.999597 -0.028385 0
    outer loop
      vertex -0.710821 -3.31753 6
      vertex -0.704885 -3.52657 4.79
      vertex -0.704885 -3.52657 6
    endloop
  endfacet
  facet normal -0.9999 0.0141688 0
    outer loop
      vertex -0.706305 -3.62678 4.79
      vertex -0.704885 -3.52657 6
      vertex -0.704885 -3.52657 4.79
    endloop
  endfacet
  facet normal -0.9999 0.0141688 0
    outer loop
      vertex -0.704885 -3.52657 6
      vertex -0.706305 -3.62678 4.79
      vertex -0.706305 -3.62678 6
    endloop
  endfacet
  facet normal -0.999002 0.0446603 0
    outer loop
      vertex -0.710577 -3.72234 4.79
      vertex -0.706305 -3.62678 6
      vertex -0.706305 -3.62678 4.79
    endloop
  endfacet
  facet normal -0.999002 0.0446603 0
    outer loop
      vertex -0.706305 -3.62678 6
      vertex -0.710577 -3.72234 4.79
      vertex -0.710577 -3.72234 6
    endloop
  endfacet
  facet normal -0.996941 0.0781541 0
    outer loop
      vertex -0.717703 -3.81324 4.79
      vertex -0.710577 -3.72234 6
      vertex -0.710577 -3.72234 4.79
    endloop
  endfacet
  facet normal -0.996941 0.0781541 0
    outer loop
      vertex -0.710577 -3.72234 6
      vertex -0.717703 -3.81324 4.79
      vertex -0.717703 -3.81324 6
    endloop
  endfacet
  facet normal -0.993392 0.114775 0
    outer loop
      vertex -0.727667 -3.89948 4.79
      vertex -0.717703 -3.81324 6
      vertex -0.717703 -3.81324 4.79
    endloop
  endfacet
  facet normal -0.993392 0.114775 0
    outer loop
      vertex -0.717703 -3.81324 6
      vertex -0.727667 -3.89948 4.79
      vertex -0.727667 -3.89948 6
    endloop
  endfacet
  facet normal -0.987888 0.155169 0
    outer loop
      vertex -0.740484 -3.98108 4.79
      vertex -0.727667 -3.89948 6
      vertex -0.727667 -3.89948 4.79
    endloop
  endfacet
  facet normal -0.987888 0.155169 0
    outer loop
      vertex -0.727667 -3.89948 6
      vertex -0.740484 -3.98108 4.79
      vertex -0.740484 -3.98108 6
    endloop
  endfacet
  facet normal -0.979219 0.202808 0
    outer loop
      vertex -0.756384 -4.05785 4.79
      vertex -0.740484 -3.98108 6
      vertex -0.740484 -3.98108 4.79
    endloop
  endfacet
  facet normal -0.979219 0.202808 0
    outer loop
      vertex -0.740484 -3.98108 6
      vertex -0.756384 -4.05785 4.79
      vertex -0.756384 -4.05785 6
    endloop
  endfacet
  facet normal -0.965855 0.259083 0
    outer loop
      vertex -0.775625 -4.12958 4.79
      vertex -0.756384 -4.05785 6
      vertex -0.756384 -4.05785 4.79
    endloop
  endfacet
  facet normal -0.965855 0.259083 0
    outer loop
      vertex -0.756384 -4.05785 6
      vertex -0.775625 -4.12958 4.79
      vertex -0.775625 -4.12958 6
    endloop
  endfacet
  facet normal -0.947312 0.320311 0
    outer loop
      vertex -0.798178 -4.19628 4.79
      vertex -0.775625 -4.12958 6
      vertex -0.775625 -4.12958 4.79
    endloop
  endfacet
  facet normal -0.947312 0.320311 0
    outer loop
      vertex -0.775625 -4.12958 6
      vertex -0.798178 -4.19628 4.79
      vertex -0.798178 -4.19628 6
    endloop
  endfacet
  facet normal -0.922079 0.387001 0
    outer loop
      vertex -0.824057 -4.25794 4.79
      vertex -0.798178 -4.19628 6
      vertex -0.798178 -4.19628 4.79
    endloop
  endfacet
  facet normal -0.922079 0.387001 0
    outer loop
      vertex -0.798178 -4.19628 6
      vertex -0.824057 -4.25794 4.79
      vertex -0.824057 -4.25794 6
    endloop
  endfacet
  facet normal -0.888866 0.458167 0
    outer loop
      vertex -0.853247 -4.31457 4.79
      vertex -0.824057 -4.25794 6
      vertex -0.824057 -4.25794 4.79
    endloop
  endfacet
  facet normal -0.888866 0.458167 0
    outer loop
      vertex -0.824057 -4.25794 6
      vertex -0.853247 -4.31457 4.79
      vertex -0.853247 -4.31457 6
    endloop
  endfacet
  facet normal -0.845612 0.533798 0
    outer loop
      vertex -0.885763 -4.36608 4.79
      vertex -0.853247 -4.31457 6
      vertex -0.853247 -4.31457 4.79
    endloop
  endfacet
  facet normal -0.845612 0.533798 0
    outer loop
      vertex -0.853247 -4.31457 6
      vertex -0.885763 -4.36608 4.79
      vertex -0.885763 -4.36608 6
    endloop
  endfacet
  facet normal -0.790614 0.612315 0
    outer loop
      vertex -0.921606 -4.41236 4.79
      vertex -0.885763 -4.36608 6
      vertex -0.885763 -4.36608 4.79
    endloop
  endfacet
  facet normal -0.790614 0.612315 0
    outer loop
      vertex -0.885763 -4.36608 6
      vertex -0.921606 -4.41236 4.79
      vertex -0.921606 -4.41236 6
    endloop
  endfacet
  facet normal -0.723704 0.69011 0
    outer loop
      vertex -0.96076 -4.45342 4.79
      vertex -0.921606 -4.41236 6
      vertex -0.921606 -4.41236 4.79
    endloop
  endfacet
  facet normal -0.723704 0.69011 0
    outer loop
      vertex -0.921606 -4.41236 6
      vertex -0.96076 -4.45342 4.79
      vertex -0.96076 -4.45342 6
    endloop
  endfacet
  facet normal -0.644845 0.764314 0
    outer loop
      vertex -0.96076 -4.45342 4.79
      vertex -1.00324 -4.48926 6
      vertex -0.96076 -4.45342 6
    endloop
  endfacet
  facet normal -0.644845 0.764314 0
    outer loop
      vertex -1.00324 -4.48926 6
      vertex -0.96076 -4.45342 4.79
      vertex -1.00324 -4.48926 4.79
    endloop
  endfacet
  facet normal -0.555747 0.831351 0
    outer loop
      vertex -1.00324 -4.48926 4.79
      vertex -1.04903 -4.51987 6
      vertex -1.00324 -4.48926 6
    endloop
  endfacet
  facet normal -0.555747 0.831351 0
    outer loop
      vertex -1.04903 -4.51987 6
      vertex -1.00324 -4.48926 4.79
      vertex -1.04903 -4.51987 4.79
    endloop
  endfacet
  facet normal -0.453758 0.891125 0
    outer loop
      vertex -1.04903 -4.51987 4.79
      vertex -1.0985 -4.54506 6
      vertex -1.04903 -4.51987 6
    endloop
  endfacet
  facet normal -0.453758 0.891125 0
    outer loop
      vertex -1.0985 -4.54506 6
      vertex -1.04903 -4.51987 4.79
      vertex -1.0985 -4.54506 4.79
    endloop
  endfacet
  facet normal -0.344435 0.93881 0
    outer loop
      vertex -1.0985 -4.54506 4.79
      vertex -1.15195 -4.56467 6
      vertex -1.0985 -4.54506 6
    endloop
  endfacet
  facet normal -0.344435 0.93881 0
    outer loop
      vertex -1.15195 -4.56467 6
      vertex -1.0985 -4.54506 4.79
      vertex -1.15195 -4.56467 4.79
    endloop
  endfacet
  facet normal -0.236641 0.971597 0
    outer loop
      vertex -1.15195 -4.56467 4.79
      vertex -1.20939 -4.57866 6
      vertex -1.15195 -4.56467 6
    endloop
  endfacet
  facet normal -0.236641 0.971597 0
    outer loop
      vertex -1.20939 -4.57866 6
      vertex -1.15195 -4.56467 4.79
      vertex -1.20939 -4.57866 4.79
    endloop
  endfacet
  facet normal -0.135682 0.990752 0
    outer loop
      vertex -1.20939 -4.57866 4.79
      vertex -1.2708 -4.58707 6
      vertex -1.20939 -4.57866 6
    endloop
  endfacet
  facet normal -0.135682 0.990752 0
    outer loop
      vertex -1.2708 -4.58707 6
      vertex -1.20939 -4.57866 4.79
      vertex -1.2708 -4.58707 4.79
    endloop
  endfacet
  facet normal -0.0426088 0.999092 0
    outer loop
      vertex -1.2708 -4.58707 4.79
      vertex -1.33622 -4.58986 6
      vertex -1.2708 -4.58707 6
    endloop
  endfacet
  facet normal -0.0426088 0.999092 0
    outer loop
      vertex -1.33622 -4.58986 6
      vertex -1.2708 -4.58707 4.79
      vertex -1.33622 -4.58986 4.79
    endloop
  endfacet
  facet normal 0.0846724 0.996409 -0
    outer loop
      vertex -1.33622 -4.58986 4.79
      vertex -1.46343 -4.57905 6
      vertex -1.33622 -4.58986 6
    endloop
  endfacet
  facet normal 0.0846724 0.996409 0
    outer loop
      vertex -1.46343 -4.57905 6
      vertex -1.33622 -4.58986 4.79
      vertex -1.46343 -4.57905 4.79
    endloop
  endfacet
  facet normal 0.278377 0.960472 -0
    outer loop
      vertex -1.46343 -4.57905 4.79
      vertex -1.57546 -4.54658 6
      vertex -1.46343 -4.57905 6
    endloop
  endfacet
  facet normal 0.278377 0.960472 0
    outer loop
      vertex -1.57546 -4.54658 6
      vertex -1.46343 -4.57905 4.79
      vertex -1.57546 -4.54658 4.79
    endloop
  endfacet
  facet normal 0.487739 0.87299 -0
    outer loop
      vertex -1.57546 -4.54658 4.79
      vertex -1.67231 -4.49247 6
      vertex -1.57546 -4.54658 6
    endloop
  endfacet
  facet normal 0.487739 0.87299 0
    outer loop
      vertex -1.67231 -4.49247 6
      vertex -1.57546 -4.54658 4.79
      vertex -1.67231 -4.49247 4.79
    endloop
  endfacet
  facet normal 0.680269 0.732963 -0
    outer loop
      vertex -1.67231 -4.49247 4.79
      vertex -1.75396 -4.41669 6
      vertex -1.67231 -4.49247 6
    endloop
  endfacet
  facet normal 0.680269 0.732963 0
    outer loop
      vertex -1.75396 -4.41669 6
      vertex -1.67231 -4.49247 4.79
      vertex -1.75396 -4.41669 4.79
    endloop
  endfacet
  facet normal 0.826093 0.563534 0
    outer loop
      vertex -1.75396 -4.41669 6
      vertex -1.82041 -4.31928 4.79
      vertex -1.82041 -4.31928 6
    endloop
  endfacet
  facet normal 0.826093 0.563534 0
    outer loop
      vertex -1.82041 -4.31928 4.79
      vertex -1.75396 -4.41669 6
      vertex -1.75396 -4.41669 4.79
    endloop
  endfacet
  facet normal 0.91407 0.405556 0
    outer loop
      vertex -1.82041 -4.31928 6
      vertex -1.87339 -4.19987 4.79
      vertex -1.87339 -4.19987 6
    endloop
  endfacet
  facet normal 0.91407 0.405556 0
    outer loop
      vertex -1.87339 -4.19987 4.79
      vertex -1.82041 -4.31928 6
      vertex -1.82041 -4.31928 4.79
    endloop
  endfacet
  facet normal 0.960291 0.279002 0
    outer loop
      vertex -1.87339 -4.19987 6
      vertex -1.9146 -4.05803 4.79
      vertex -1.9146 -4.05803 6
    endloop
  endfacet
  facet normal 0.960291 0.279002 0
    outer loop
      vertex -1.9146 -4.05803 4.79
      vertex -1.87339 -4.19987 6
      vertex -1.87339 -4.19987 4.79
    endloop
  endfacet
  facet normal 0.98431 0.176448 0
    outer loop
      vertex -1.9146 -4.05803 6
      vertex -1.94404 -3.8938 4.79
      vertex -1.94404 -3.8938 6
    endloop
  endfacet
  facet normal 0.98431 0.176448 0
    outer loop
      vertex -1.94404 -3.8938 4.79
      vertex -1.9146 -4.05803 6
      vertex -1.9146 -4.05803 4.79
    endloop
  endfacet
  facet normal 0.995558 0.094147 0
    outer loop
      vertex -1.94404 -3.8938 6
      vertex -1.96169 -3.70716 4.79
      vertex -1.96169 -3.70716 6
    endloop
  endfacet
  facet normal 0.995558 0.094147 0
    outer loop
      vertex -1.96169 -3.70716 4.79
      vertex -1.94404 -3.8938 6
      vertex -1.94404 -3.8938 4.79
    endloop
  endfacet
  facet normal 0.999603 0.0281639 0
    outer loop
      vertex -1.96169 -3.70716 6
      vertex -1.96758 -3.49811 4.79
      vertex -1.96758 -3.49811 6
    endloop
  endfacet
  facet normal 0.999603 0.0281639 0
    outer loop
      vertex -1.96758 -3.49811 4.79
      vertex -1.96169 -3.70716 6
      vertex -1.96169 -3.70716 4.79
    endloop
  endfacet
  facet normal 0.999898 -0.01427 0
    outer loop
      vertex -1.96758 -3.49811 6
      vertex -1.96615 -3.39791 4.79
      vertex -1.96615 -3.39791 6
    endloop
  endfacet
  facet normal 0.999898 -0.01427 0
    outer loop
      vertex -1.96615 -3.39791 4.79
      vertex -1.96758 -3.49811 6
      vertex -1.96758 -3.49811 4.79
    endloop
  endfacet
  facet normal 0.998999 -0.0447391 0
    outer loop
      vertex -1.96615 -3.39791 6
      vertex -1.96187 -3.30234 4.79
      vertex -1.96187 -3.30234 6
    endloop
  endfacet
  facet normal 0.998999 -0.0447391 0
    outer loop
      vertex -1.96187 -3.30234 4.79
      vertex -1.96615 -3.39791 6
      vertex -1.96615 -3.39791 4.79
    endloop
  endfacet
  facet normal 0.996947 -0.0780801 0
    outer loop
      vertex -1.96187 -3.30234 6
      vertex -1.95475 -3.21143 4.79
      vertex -1.95475 -3.21143 6
    endloop
  endfacet
  facet normal 0.996947 -0.0780801 0
    outer loop
      vertex -1.95475 -3.21143 4.79
      vertex -1.96187 -3.30234 6
      vertex -1.96187 -3.30234 4.79
    endloop
  endfacet
  facet normal 0.993374 -0.11493 0
    outer loop
      vertex -1.95475 -3.21143 6
      vertex -1.94477 -3.12517 4.79
      vertex -1.94477 -3.12517 6
    endloop
  endfacet
  facet normal 0.993374 -0.11493 0
    outer loop
      vertex -1.94477 -3.12517 4.79
      vertex -1.95475 -3.21143 6
      vertex -1.95475 -3.21143 4.79
    endloop
  endfacet
  facet normal 0.987882 -0.155204 0
    outer loop
      vertex -1.94477 -3.12517 6
      vertex -1.93195 -3.04357 4.79
      vertex -1.93195 -3.04357 6
    endloop
  endfacet
  facet normal 0.987882 -0.155204 0
    outer loop
      vertex -1.93195 -3.04357 4.79
      vertex -1.94477 -3.12517 6
      vertex -1.94477 -3.12517 4.79
    endloop
  endfacet
  facet normal 0.979335 -0.202247 0
    outer loop
      vertex -1.93195 -3.04357 6
      vertex -1.9161 -2.96682 4.79
      vertex -1.9161 -2.96682 6
    endloop
  endfacet
  facet normal 0.979335 -0.202247 0
    outer loop
      vertex -1.9161 -2.96682 4.79
      vertex -1.93195 -3.04357 6
      vertex -1.93195 -3.04357 4.79
    endloop
  endfacet
  facet normal 0.966353 -0.257218 0
    outer loop
      vertex -1.9161 -2.96682 6
      vertex -1.89701 -2.8951 4.79
      vertex -1.89701 -2.8951 6
    endloop
  endfacet
  facet normal 0.966353 -0.257218 0
    outer loop
      vertex -1.89701 -2.8951 4.79
      vertex -1.9161 -2.96682 6
      vertex -1.9161 -2.96682 4.79
    endloop
  endfacet
  facet normal 0.948341 -0.317251 0
    outer loop
      vertex -1.89701 -2.8951 6
      vertex -1.8747 -2.82841 4.79
      vertex -1.8747 -2.82841 6
    endloop
  endfacet
  facet normal 0.948341 -0.317251 0
    outer loop
      vertex -1.8747 -2.82841 4.79
      vertex -1.89701 -2.8951 6
      vertex -1.89701 -2.8951 4.79
    endloop
  endfacet
  facet normal 0.923913 -0.382603 0
    outer loop
      vertex -1.8747 -2.82841 6
      vertex -1.84917 -2.76676 4.79
      vertex -1.84917 -2.76676 6
    endloop
  endfacet
  facet normal 0.923913 -0.382603 0
    outer loop
      vertex -1.84917 -2.76676 4.79
      vertex -1.8747 -2.82841 6
      vertex -1.8747 -2.82841 4.79
    endloop
  endfacet
  facet normal 0.891575 -0.452873 0
    outer loop
      vertex -1.84917 -2.76676 6
      vertex -1.82041 -2.71014 4.79
      vertex -1.82041 -2.71014 6
    endloop
  endfacet
  facet normal 0.891575 -0.452873 0
    outer loop
      vertex -1.82041 -2.71014 4.79
      vertex -1.84917 -2.76676 6
      vertex -1.84917 -2.76676 4.79
    endloop
  endfacet
  facet normal 0.848368 -0.529407 0
    outer loop
      vertex -1.82041 -2.71014 6
      vertex -1.78826 -2.65862 4.79
      vertex -1.78826 -2.65862 6
    endloop
  endfacet
  facet normal 0.848368 -0.529407 0
    outer loop
      vertex -1.78826 -2.65862 4.79
      vertex -1.82041 -2.71014 6
      vertex -1.82041 -2.71014 4.79
    endloop
  endfacet
  facet normal 0.79221 -0.610248 0
    outer loop
      vertex -1.78826 -2.65862 6
      vertex -1.75261 -2.61234 4.79
      vertex -1.75261 -2.61234 6
    endloop
  endfacet
  facet normal 0.79221 -0.610248 0
    outer loop
      vertex -1.75261 -2.61234 4.79
      vertex -1.78826 -2.65862 6
      vertex -1.78826 -2.65862 4.79
    endloop
  endfacet
  facet normal 0.723652 -0.690165 0
    outer loop
      vertex -1.75261 -2.61234 6
      vertex -1.71345 -2.57128 4.79
      vertex -1.71345 -2.57128 6
    endloop
  endfacet
  facet normal 0.723652 -0.690165 0
    outer loop
      vertex -1.71345 -2.57128 4.79
      vertex -1.75261 -2.61234 6
      vertex -1.75261 -2.61234 4.79
    endloop
  endfacet
  facet normal 0.643074 -0.765804 0
    outer loop
      vertex -1.71345 -2.57128 4.79
      vertex -1.67077 -2.53544 6
      vertex -1.71345 -2.57128 6
    endloop
  endfacet
  facet normal 0.643074 -0.765804 0
    outer loop
      vertex -1.67077 -2.53544 6
      vertex -1.71345 -2.57128 4.79
      vertex -1.67077 -2.53544 4.79
    endloop
  endfacet
  facet normal 0.552658 -0.833408 0
    outer loop
      vertex -1.67077 -2.53544 4.79
      vertex -1.62458 -2.50481 6
      vertex -1.67077 -2.53544 6
    endloop
  endfacet
  facet normal 0.552658 -0.833408 0
    outer loop
      vertex -1.62458 -2.50481 6
      vertex -1.67077 -2.53544 4.79
      vertex -1.62458 -2.50481 4.79
    endloop
  endfacet
  facet normal 0.450789 -0.89263 0
    outer loop
      vertex -1.62458 -2.50481 4.79
      vertex -1.5747 -2.47962 6
      vertex -1.62458 -2.50481 6
    endloop
  endfacet
  facet normal 0.450789 -0.89263 0
    outer loop
      vertex -1.5747 -2.47962 6
      vertex -1.62458 -2.50481 4.79
      vertex -1.5747 -2.47962 4.79
    endloop
  endfacet
  facet normal 0.342514 -0.939513 0
    outer loop
      vertex -1.5747 -2.47962 4.79
      vertex -1.52091 -2.46001 6
      vertex -1.5747 -2.47962 6
    endloop
  endfacet
  facet normal 0.342514 -0.939513 0
    outer loop
      vertex -1.52091 -2.46001 6
      vertex -1.5747 -2.47962 4.79
      vertex -1.52091 -2.46001 4.79
    endloop
  endfacet
  facet normal 0.235788 -0.971804 0
    outer loop
      vertex -1.52091 -2.46001 4.79
      vertex -1.46325 -2.44602 6
      vertex -1.52091 -2.46001 6
    endloop
  endfacet
  facet normal 0.235788 -0.971804 0
    outer loop
      vertex -1.46325 -2.44602 6
      vertex -1.52091 -2.46001 4.79
      vertex -1.46325 -2.44602 4.79
    endloop
  endfacet
  facet normal 0.135336 -0.9908 0
    outer loop
      vertex -1.46325 -2.44602 4.79
      vertex -1.40168 -2.43761 6
      vertex -1.46325 -2.44602 6
    endloop
  endfacet
  facet normal 0.135336 -0.9908 0
    outer loop
      vertex -1.40168 -2.43761 6
      vertex -1.46325 -2.44602 4.79
      vertex -1.40168 -2.43761 4.79
    endloop
  endfacet
  facet normal 0.0425828 -0.999093 0
    outer loop
      vertex -1.40168 -2.43761 4.79
      vertex -1.33622 -2.43482 6
      vertex -1.40168 -2.43761 6
    endloop
  endfacet
  facet normal 0.0425828 -0.999093 0
    outer loop
      vertex -1.33622 -2.43482 6
      vertex -1.40168 -2.43761 4.79
      vertex -1.33622 -2.43482 4.79
    endloop
  endfacet
  facet normal -0.0852827 -0.996357 0
    outer loop
      vertex -1.33622 -2.43482 4.79
      vertex -1.20981 -2.44564 6
      vertex -1.33622 -2.43482 6
    endloop
  endfacet
  facet normal -0.0852827 -0.996357 -0
    outer loop
      vertex -1.20981 -2.44564 6
      vertex -1.33622 -2.43482 4.79
      vertex -1.20981 -2.44564 4.79
    endloop
  endfacet
  facet normal -0.999707 0.0242082 0
    outer loop
      vertex 2.01634 -4.41662 4.79
      vertex 2.03295 -3.73069 6
      vertex 2.03295 -3.73069 4.79
    endloop
  endfacet
  facet normal -0.999707 0.0242082 0
    outer loop
      vertex 2.03295 -3.73069 6
      vertex 2.01634 -4.41662 4.79
      vertex 2.01634 -4.41662 6
    endloop
  endfacet
  facet normal 0.964192 0.265205 0
    outer loop
      vertex 2.01634 -4.41662 6
      vertex 1.88578 -3.94195 4.79
      vertex 1.88578 -3.94195 6
    endloop
  endfacet
  facet normal 0.964192 0.265205 0
    outer loop
      vertex 1.88578 -3.94195 4.79
      vertex 2.01634 -4.41662 6
      vertex 2.01634 -4.41662 4.79
    endloop
  endfacet
  facet normal 0.959303 0.28238 0
    outer loop
      vertex 1.88578 -3.94195 6
      vertex 1.57488 -2.88576 4.79
      vertex 1.57488 -2.88576 6
    endloop
  endfacet
  facet normal 0.959303 0.28238 0
    outer loop
      vertex 1.57488 -2.88576 4.79
      vertex 1.88578 -3.94195 6
      vertex 1.88578 -3.94195 4.79
    endloop
  endfacet
  facet normal 0 1 -0
    outer loop
      vertex 1.57488 -2.88576 4.79
      vertex 1.20937 -2.88576 6
      vertex 1.57488 -2.88576 6
    endloop
  endfacet
  facet normal 0 1 0
    outer loop
      vertex 1.20937 -2.88576 6
      vertex 1.57488 -2.88576 4.79
      vertex 1.20937 -2.88576 4.79
    endloop
  endfacet
  facet normal -0.950797 0.309816 0
    outer loop
      vertex 0.865212 -3.94195 4.79
      vertex 1.20937 -2.88576 6
      vertex 1.20937 -2.88576 4.79
    endloop
  endfacet
  facet normal -0.950797 0.309816 0
    outer loop
      vertex 1.20937 -2.88576 6
      vertex 0.865212 -3.94195 4.79
      vertex 0.865212 -3.94195 6
    endloop
  endfacet
  facet normal -0.953808 0.300417 0
    outer loop
      vertex 0.715707 -4.41662 4.79
      vertex 0.865212 -3.94195 6
      vertex 0.865212 -3.94195 4.79
    endloop
  endfacet
  facet normal -0.953808 0.300417 0
    outer loop
      vertex 0.865212 -3.94195 6
      vertex 0.715707 -4.41662 4.79
      vertex 0.715707 -4.41662 6
    endloop
  endfacet
  facet normal 0.999534 0.0305398 0
    outer loop
      vertex 0.715707 -4.41662 6
      vertex 0.694314 -3.71645 4.79
      vertex 0.694314 -3.71645 6
    endloop
  endfacet
  facet normal 0.999534 0.0305398 0
    outer loop
      vertex 0.694314 -3.71645 4.79
      vertex 0.715707 -4.41662 6
      vertex 0.715707 -4.41662 4.79
    endloop
  endfacet
  facet normal 0.999473 0.0324502 0
    outer loop
      vertex 0.694314 -3.71645 6
      vertex 0.637368 -1.9625 4.79
      vertex 0.637368 -1.9625 6
    endloop
  endfacet
  facet normal 0.999473 0.0324502 0
    outer loop
      vertex 0.637368 -1.9625 4.79
      vertex 0.694314 -3.71645 6
      vertex 0.694314 -3.71645 4.79
    endloop
  endfacet
  facet normal 0 1 -0
    outer loop
      vertex 0.637368 -1.9625 4.79
      vertex 0.122338 -1.9625 6
      vertex 0.637368 -1.9625 6
    endloop
  endfacet
  facet normal 0 1 0
    outer loop
      vertex 0.122338 -1.9625 6
      vertex 0.637368 -1.9625 4.79
      vertex 0.122338 -1.9625 4.79
    endloop
  endfacet
  facet normal -0.998766 -0.0496637 0
    outer loop
      vertex 0.276589 -5.06458 4.79
      vertex 0.122338 -1.9625 6
      vertex 0.122338 -1.9625 4.79
    endloop
  endfacet
  facet normal -0.998766 -0.0496637 0
    outer loop
      vertex 0.122338 -1.9625 6
      vertex 0.276589 -5.06458 4.79
      vertex 0.276589 -5.06458 6
    endloop
  endfacet
  facet normal 0 -1 0
    outer loop
      vertex 0.276589 -5.06458 4.79
      vertex 0.948281 -5.06458 6
      vertex 0.276589 -5.06458 6
    endloop
  endfacet
  facet normal 0 -1 -0
    outer loop
      vertex 0.948281 -5.06458 6
      vertex 0.276589 -5.06458 4.79
      vertex 0.948281 -5.06458 4.79
    endloop
  endfacet
  facet normal 0.953541 -0.301262 0
    outer loop
      vertex 0.948281 -5.06458 6
      vertex 1.23548 -4.15555 4.79
      vertex 1.23548 -4.15555 6
    endloop
  endfacet
  facet normal 0.953541 -0.301262 0
    outer loop
      vertex 1.23548 -4.15555 4.79
      vertex 0.948281 -5.06458 6
      vertex 0.948281 -5.06458 4.79
    endloop
  endfacet
  facet normal 0.963171 -0.268891 0
    outer loop
      vertex 1.23548 -4.15555 6
      vertex 1.36601 -3.68799 4.79
      vertex 1.36601 -3.68799 6
    endloop
  endfacet
  facet normal 0.963171 -0.268891 0
    outer loop
      vertex 1.36601 -3.68799 4.79
      vertex 1.23548 -4.15555 6
      vertex 1.23548 -4.15555 4.79
    endloop
  endfacet
  facet normal -0.967079 -0.254476 0
    outer loop
      vertex 1.49654 -4.18404 4.79
      vertex 1.36601 -3.68799 6
      vertex 1.36601 -3.68799 4.79
    endloop
  endfacet
  facet normal -0.967079 -0.254476 0
    outer loop
      vertex 1.36601 -3.68799 6
      vertex 1.49654 -4.18404 4.79
      vertex 1.49654 -4.18404 6
    endloop
  endfacet
  facet normal -0.955157 -0.296101 0
    outer loop
      vertex 1.76951 -5.06458 4.79
      vertex 1.49654 -4.18404 6
      vertex 1.49654 -4.18404 4.79
    endloop
  endfacet
  facet normal -0.955157 -0.296101 0
    outer loop
      vertex 1.49654 -4.18404 6
      vertex 1.76951 -5.06458 4.79
      vertex 1.76951 -5.06458 6
    endloop
  endfacet
  facet normal 0 -1 0
    outer loop
      vertex 1.76951 -5.06458 4.79
      vertex 2.4293 -5.06458 6
      vertex 1.76951 -5.06458 6
    endloop
  endfacet
  facet normal 0 -1 -0
    outer loop
      vertex 2.4293 -5.06458 6
      vertex 1.76951 -5.06458 4.79
      vertex 2.4293 -5.06458 4.79
    endloop
  endfacet
  facet normal 0.998803 -0.0489085 0
    outer loop
      vertex 2.4293 -5.06458 6
      vertex 2.5812 -1.9625 4.79
      vertex 2.5812 -1.9625 6
    endloop
  endfacet
  facet normal 0.998803 -0.0489085 0
    outer loop
      vertex 2.5812 -1.9625 4.79
      vertex 2.4293 -5.06458 6
      vertex 2.4293 -5.06458 4.79
    endloop
  endfacet
  facet normal 0 1 -0
    outer loop
      vertex 2.5812 -1.9625 4.79
      vertex 2.08518 -1.9625 6
      vertex 2.5812 -1.9625 6
    endloop
  endfacet
  facet normal 0 1 0
    outer loop
      vertex 2.08518 -1.9625 6
      vertex 2.5812 -1.9625 4.79
      vertex 2.08518 -1.9625 4.79
    endloop
  endfacet
  facet normal -0.999564 0.0295258 0
    outer loop
      vertex 2.03295 -3.73069 4.79
      vertex 2.08518 -1.9625 6
      vertex 2.08518 -1.9625 4.79
    endloop
  endfacet
  facet normal -0.999564 0.0295258 0
    outer loop
      vertex 2.08518 -1.9625 6
      vertex 2.03295 -3.73069 4.79
      vertex 2.03295 -3.73069 6
    endloop
  endfacet
  facet normal 0 1 -0
    outer loop
      vertex -14.4701 -3.23229 4.79
      vertex -15.6425 -3.23229 6
      vertex -14.4701 -3.23229 6
    endloop
  endfacet
  facet normal 0 1 0
    outer loop
      vertex -15.6425 -3.23229 6
      vertex -14.4701 -3.23229 4.79
      vertex -15.6425 -3.23229 4.79
    endloop
  endfacet
  facet normal -1 0 0
    outer loop
      vertex -15.6425 -3.71172 4.79
      vertex -15.6425 -3.23229 6
      vertex -15.6425 -3.23229 4.79
    endloop
  endfacet
  facet normal -1 -0 0
    outer loop
      vertex -15.6425 -3.23229 6
      vertex -15.6425 -3.71172 4.79
      vertex -15.6425 -3.71172 6
    endloop
  endfacet
  facet normal 0 -1 0
    outer loop
      vertex -15.6425 -3.71172 4.79
      vertex -14.4701 -3.71172 6
      vertex -15.6425 -3.71172 6
    endloop
  endfacet
  facet normal 0 -1 -0
    outer loop
      vertex -14.4701 -3.71172 6
      vertex -15.6425 -3.71172 4.79
      vertex -14.4701 -3.71172 4.79
    endloop
  endfacet
  facet normal -1 0 0
    outer loop
      vertex -14.4701 -4.5709 4.79
      vertex -14.4701 -3.71172 6
      vertex -14.4701 -3.71172 4.79
    endloop
  endfacet
  facet normal -1 -0 0
    outer loop
      vertex -14.4701 -3.71172 6
      vertex -14.4701 -4.5709 4.79
      vertex -14.4701 -4.5709 6
    endloop
  endfacet
  facet normal 0 1 -0
    outer loop
      vertex -14.4701 -4.5709 4.79
      vertex -15.709 -4.5709 6
      vertex -14.4701 -4.5709 6
    endloop
  endfacet
  facet normal 0 1 0
    outer loop
      vertex -15.709 -4.5709 6
      vertex -14.4701 -4.5709 4.79
      vertex -15.709 -4.5709 4.79
    endloop
  endfacet
  facet normal -1 0 0
    outer loop
      vertex -15.709 -5.06458 4.79
      vertex -15.709 -4.5709 6
      vertex -15.709 -4.5709 4.79
    endloop
  endfacet
  facet normal -1 -0 0
    outer loop
      vertex -15.709 -4.5709 6
      vertex -15.709 -5.06458 4.79
      vertex -15.709 -5.06458 6
    endloop
  endfacet
  facet normal 0 -1 0
    outer loop
      vertex -15.709 -5.06458 4.79
      vertex -13.8767 -5.06458 6
      vertex -15.709 -5.06458 6
    endloop
  endfacet
  facet normal 0 -1 -0
    outer loop
      vertex -13.8767 -5.06458 6
      vertex -15.709 -5.06458 4.79
      vertex -13.8767 -5.06458 4.79
    endloop
  endfacet
  facet normal 1 -0 0
    outer loop
      vertex -13.8767 -5.06458 6
      vertex -13.8767 -1.9625 4.79
      vertex -13.8767 -1.9625 6
    endloop
  endfacet
  facet normal 1 0 0
    outer loop
      vertex -13.8767 -1.9625 4.79
      vertex -13.8767 -5.06458 6
      vertex -13.8767 -5.06458 4.79
    endloop
  endfacet
  facet normal 0 1 -0
    outer loop
      vertex -13.8767 -1.9625 4.79
      vertex -14.4701 -1.9625 6
      vertex -13.8767 -1.9625 6
    endloop
  endfacet
  facet normal 0 1 0
    outer loop
      vertex -14.4701 -1.9625 6
      vertex -13.8767 -1.9625 4.79
      vertex -14.4701 -1.9625 4.79
    endloop
  endfacet
  facet normal -1 0 0
    outer loop
      vertex -14.4701 -3.23229 4.79
      vertex -14.4701 -1.9625 6
      vertex -14.4701 -1.9625 4.79
    endloop
  endfacet
  facet normal -1 -0 0
    outer loop
      vertex -14.4701 -1.9625 6
      vertex -14.4701 -3.23229 4.79
      vertex -14.4701 -3.23229 6
    endloop
  endfacet
  facet normal -0.891455 0.453108 0
    outer loop
      vertex -8.01999 -5.06458 4.79
      vertex -7.00181 -3.06139 6
      vertex -7.00181 -3.06139 4.79
    endloop
  endfacet
  facet normal -0.891455 0.453108 0
    outer loop
      vertex -7.00181 -3.06139 6
      vertex -8.01999 -5.06458 4.79
      vertex -8.01999 -5.06458 6
    endloop
  endfacet
  facet normal 0 -1 0
    outer loop
      vertex -8.01999 -5.06458 4.79
      vertex -7.39815 -5.06458 6
      vertex -8.01999 -5.06458 6
    endloop
  endfacet
  facet normal 0 -1 -0
    outer loop
      vertex -7.39815 -5.06458 6
      vertex -8.01999 -5.06458 4.79
      vertex -7.39815 -5.06458 4.79
    endloop
  endfacet
  facet normal 0.892628 -0.450793 0
    outer loop
      vertex -7.39815 -5.06458 6
      vertex -6.9211 -4.11996 4.79
      vertex -6.9211 -4.11996 6
    endloop
  endfacet
  facet normal 0.892628 -0.450793 0
    outer loop
      vertex -6.9211 -4.11996 4.79
      vertex -7.39815 -5.06458 6
      vertex -7.39815 -5.06458 4.79
    endloop
  endfacet
  facet normal 0.918199 -0.39612 0
    outer loop
      vertex -6.9211 -4.11996 6
      vertex -6.71222 -3.63578 4.79
      vertex -6.71222 -3.63578 6
    endloop
  endfacet
  facet normal 0.918199 -0.39612 0
    outer loop
      vertex -6.71222 -3.63578 4.79
      vertex -6.9211 -4.11996 6
      vertex -6.9211 -4.11996 4.79
    endloop
  endfacet
  facet normal -0.913828 -0.406102 0
    outer loop
      vertex -6.50338 -4.10572 4.79
      vertex -6.71222 -3.63578 6
      vertex -6.71222 -3.63578 4.79
    endloop
  endfacet
  facet normal -0.913828 -0.406102 0
    outer loop
      vertex -6.71222 -3.63578 6
      vertex -6.50338 -4.10572 4.79
      vertex -6.50338 -4.10572 6
    endloop
  endfacet
  facet normal -0.903186 -0.42925 0
    outer loop
      vertex -6.04767 -5.06458 4.79
      vertex -6.50338 -4.10572 6
      vertex -6.50338 -4.10572 4.79
    endloop
  endfacet
  facet normal -0.903186 -0.42925 0
    outer loop
      vertex -6.50338 -4.10572 6
      vertex -6.04767 -5.06458 4.79
      vertex -6.04767 -5.06458 6
    endloop
  endfacet
  facet normal 0 -1 0
    outer loop
      vertex -6.04767 -5.06458 4.79
      vertex -5.39972 -5.06458 6
      vertex -6.04767 -5.06458 6
    endloop
  endfacet
  facet normal 0 -1 -0
    outer loop
      vertex -5.39972 -5.06458 6
      vertex -6.04767 -5.06458 4.79
      vertex -5.39972 -5.06458 4.79
    endloop
  endfacet
  facet normal 0.893582 0.4489 0
    outer loop
      vertex -5.39972 -5.06458 6
      vertex -6.40842 -3.05666 4.79
      vertex -6.40842 -3.05666 6
    endloop
  endfacet
  facet normal 0.893582 0.4489 0
    outer loop
      vertex -6.40842 -3.05666 4.79
      vertex -5.39972 -5.06458 6
      vertex -5.39972 -5.06458 4.79
    endloop
  endfacet
  facet normal 1 -0 0
    outer loop
      vertex -6.40842 -3.05666 6
      vertex -6.40842 -1.9625 4.79
      vertex -6.40842 -1.9625 6
    endloop
  endfacet
  facet normal 1 0 0
    outer loop
      vertex -6.40842 -1.9625 4.79
      vertex -6.40842 -3.05666 6
      vertex -6.40842 -3.05666 4.79
    endloop
  endfacet
  facet normal 0 1 -0
    outer loop
      vertex -6.40842 -1.9625 4.79
      vertex -7.00181 -1.9625 6
      vertex -6.40842 -1.9625 6
    endloop
  endfacet
  facet normal 0 1 0
    outer loop
      vertex -7.00181 -1.9625 6
      vertex -6.40842 -1.9625 4.79
      vertex -7.00181 -1.9625 4.79
    endloop
  endfacet
  facet normal -1 0 0
    outer loop
      vertex -7.00181 -3.06139 4.79
      vertex -7.00181 -1.9625 6
      vertex -7.00181 -1.9625 4.79
    endloop
  endfacet
  facet normal -1 -0 0
    outer loop
      vertex -7.00181 -1.9625 6
      vertex -7.00181 -3.06139 4.79
      vertex -7.00181 -3.06139 6
    endloop
  endfacet
  facet normal 0 1 -0
    outer loop
      vertex -3.57804 -3.24654 4.79
      vertex -3.68958 -3.24654 6
      vertex -3.57804 -3.24654 6
    endloop
  endfacet
  facet normal 0 1 0
    outer loop
      vertex -3.68958 -3.24654 6
      vertex -3.57804 -3.24654 4.79
      vertex -3.68958 -3.24654 4.79
    endloop
  endfacet
  facet normal 0.0497323 0.998763 -0
    outer loop
      vertex -3.68958 -3.24654 4.79
      vertex -3.74782 -3.24364 6
      vertex -3.68958 -3.24654 6
    endloop
  endfacet
  facet normal 0.0497323 0.998763 0
    outer loop
      vertex -3.74782 -3.24364 6
      vertex -3.68958 -3.24654 4.79
      vertex -3.74782 -3.24364 4.79
    endloop
  endfacet
  facet normal 0.155733 0.987799 -0
    outer loop
      vertex -3.74782 -3.24364 4.79
      vertex -3.80294 -3.23495 6
      vertex -3.74782 -3.24364 6
    endloop
  endfacet
  facet normal 0.155733 0.987799 0
    outer loop
      vertex -3.80294 -3.23495 6
      vertex -3.74782 -3.24364 4.79
      vertex -3.80294 -3.23495 4.79
    endloop
  endfacet
  facet normal 0.268571 0.96326 -0
    outer loop
      vertex -3.80294 -3.23495 4.79
      vertex -3.85491 -3.22046 6
      vertex -3.80294 -3.23495 6
    endloop
  endfacet
  facet normal 0.268571 0.96326 0
    outer loop
      vertex -3.85491 -3.22046 6
      vertex -3.80294 -3.23495 4.79
      vertex -3.85491 -3.22046 4.79
    endloop
  endfacet
  facet normal 0.383326 0.923613 -0
    outer loop
      vertex -3.85491 -3.22046 4.79
      vertex -3.90375 -3.20019 6
      vertex -3.85491 -3.22046 6
    endloop
  endfacet
  facet normal 0.383326 0.923613 0
    outer loop
      vertex -3.90375 -3.20019 6
      vertex -3.85491 -3.22046 4.79
      vertex -3.90375 -3.20019 4.79
    endloop
  endfacet
  facet normal 0.495504 0.868605 -0
    outer loop
      vertex -3.90375 -3.20019 4.79
      vertex -3.94945 -3.17412 6
      vertex -3.90375 -3.20019 6
    endloop
  endfacet
  facet normal 0.495504 0.868605 0
    outer loop
      vertex -3.94945 -3.17412 6
      vertex -3.90375 -3.20019 4.79
      vertex -3.94945 -3.17412 4.79
    endloop
  endfacet
  facet normal 0.60112 0.799159 -0
    outer loop
      vertex -3.94945 -3.17412 4.79
      vertex -3.99166 -3.14237 6
      vertex -3.94945 -3.17412 6
    endloop
  endfacet
  facet normal 0.60112 0.799159 0
    outer loop
      vertex -3.99166 -3.14237 6
      vertex -3.94945 -3.17412 4.79
      vertex -3.99166 -3.14237 4.79
    endloop
  endfacet
  facet normal 0.698079 0.716021 -0
    outer loop
      vertex -3.99166 -3.14237 4.79
      vertex -4.02997 -3.10502 6
      vertex -3.99166 -3.14237 6
    endloop
  endfacet
  facet normal 0.698079 0.716021 0
    outer loop
      vertex -4.02997 -3.10502 6
      vertex -3.99166 -3.14237 4.79
      vertex -4.02997 -3.10502 4.79
    endloop
  endfacet
  facet normal 0.78039 0.625293 0
    outer loop
      vertex -4.02997 -3.10502 6
      vertex -4.0644 -3.06205 4.79
      vertex -4.0644 -3.06205 6
    endloop
  endfacet
  facet normal 0.78039 0.625293 0
    outer loop
      vertex -4.0644 -3.06205 4.79
      vertex -4.02997 -3.10502 6
      vertex -4.02997 -3.10502 4.79
    endloop
  endfacet
  facet normal 0.846614 0.532207 0
    outer loop
      vertex -4.0644 -3.06205 6
      vertex -4.09492 -3.0135 4.79
      vertex -4.09492 -3.0135 6
    endloop
  endfacet
  facet normal 0.846614 0.532207 0
    outer loop
      vertex -4.09492 -3.0135 4.79
      vertex -4.0644 -3.06205 6
      vertex -4.0644 -3.06205 4.79
    endloop
  endfacet
  facet normal 0.897356 0.441307 0
    outer loop
      vertex -4.09492 -3.0135 6
      vertex -4.12156 -2.95933 4.79
      vertex -4.12156 -2.95933 6
    endloop
  endfacet
  facet normal 0.897356 0.441307 0
    outer loop
      vertex -4.12156 -2.95933 4.79
      vertex -4.09492 -3.0135 6
      vertex -4.09492 -3.0135 4.79
    endloop
  endfacet
  facet normal 0.915963 0.401264 0
    outer loop
      vertex -4.12156 -2.95933 6
      vertex -4.55825 -1.9625 4.79
      vertex -4.55825 -1.9625 6
    endloop
  endfacet
  facet normal 0.915963 0.401264 0
    outer loop
      vertex -4.55825 -1.9625 4.79
      vertex -4.12156 -2.95933 6
      vertex -4.12156 -2.95933 4.79
    endloop
  endfacet
  facet normal 0 1 -0
    outer loop
      vertex -4.55825 -1.9625 4.79
      vertex -5.24418 -1.9625 6
      vertex -4.55825 -1.9625 6
    endloop
  endfacet
  facet normal 0 1 0
    outer loop
      vertex -5.24418 -1.9625 6
      vertex -4.55825 -1.9625 4.79
      vertex -5.24418 -1.9625 4.79
    endloop
  endfacet
  facet normal -0.902518 -0.430653 0
    outer loop
      vertex -4.74813 -3.00207 4.79
      vertex -5.24418 -1.9625 6
      vertex -5.24418 -1.9625 4.79
    endloop
  endfacet
  facet normal -0.902518 -0.430653 0
    outer loop
      vertex -5.24418 -1.9625 6
      vertex -4.74813 -3.00207 4.79
      vertex -4.74813 -3.00207 6
    endloop
  endfacet
  facet normal -0.894498 -0.447072 0
    outer loop
      vertex -4.71015 -3.07806 4.79
      vertex -4.74813 -3.00207 6
      vertex -4.74813 -3.00207 4.79
    endloop
  endfacet
  facet normal -0.894498 -0.447072 0
    outer loop
      vertex -4.74813 -3.00207 6
      vertex -4.71015 -3.07806 4.79
      vertex -4.71015 -3.07806 6
    endloop
  endfacet
  facet normal -0.874645 -0.484764 0
    outer loop
      vertex -4.67219 -3.14655 4.79
      vertex -4.71015 -3.07806 6
      vertex -4.71015 -3.07806 4.79
    endloop
  endfacet
  facet normal -0.874645 -0.484764 0
    outer loop
      vertex -4.71015 -3.07806 6
      vertex -4.67219 -3.14655 4.79
      vertex -4.67219 -3.14655 6
    endloop
  endfacet
  facet normal -0.848865 -0.52861 0
    outer loop
      vertex -4.63421 -3.20754 4.79
      vertex -4.67219 -3.14655 6
      vertex -4.67219 -3.14655 4.79
    endloop
  endfacet
  facet normal -0.848865 -0.52861 0
    outer loop
      vertex -4.67219 -3.14655 6
      vertex -4.63421 -3.20754 4.79
      vertex -4.63421 -3.20754 6
    endloop
  endfacet
  facet normal -0.815317 -0.579015 0
    outer loop
      vertex -4.59623 -3.26102 4.79
      vertex -4.63421 -3.20754 6
      vertex -4.63421 -3.20754 4.79
    endloop
  endfacet
  facet normal -0.815317 -0.579015 0
    outer loop
      vertex -4.63421 -3.20754 6
      vertex -4.59623 -3.26102 4.79
      vertex -4.59623 -3.26102 6
    endloop
  endfacet
  facet normal -0.771058 -0.636764 0
    outer loop
      vertex -4.55825 -3.30701 4.79
      vertex -4.59623 -3.26102 6
      vertex -4.59623 -3.26102 4.79
    endloop
  endfacet
  facet normal -0.771058 -0.636764 0
    outer loop
      vertex -4.59623 -3.26102 6
      vertex -4.55825 -3.30701 4.79
      vertex -4.55825 -3.30701 6
    endloop
  endfacet
  facet normal -0.709468 -0.704737 0
    outer loop
      vertex -4.51952 -3.346 4.79
      vertex -4.55825 -3.30701 6
      vertex -4.55825 -3.30701 4.79
    endloop
  endfacet
  facet normal -0.709468 -0.704737 0
    outer loop
      vertex -4.55825 -3.30701 6
      vertex -4.51952 -3.346 4.79
      vertex -4.51952 -3.346 6
    endloop
  endfacet
  facet normal -0.627287 -0.778788 0
    outer loop
      vertex -4.51952 -3.346 4.79
      vertex -4.47927 -3.37842 6
      vertex -4.51952 -3.346 6
    endloop
  endfacet
  facet normal -0.627287 -0.778788 -0
    outer loop
      vertex -4.47927 -3.37842 6
      vertex -4.51952 -3.346 4.79
      vertex -4.47927 -3.37842 4.79
    endloop
  endfacet
  facet normal -0.526775 -0.850005 0
    outer loop
      vertex -4.47927 -3.37842 4.79
      vertex -4.43751 -3.4043 6
      vertex -4.47927 -3.37842 6
    endloop
  endfacet
  facet normal -0.526775 -0.850005 -0
    outer loop
      vertex -4.43751 -3.4043 6
      vertex -4.47927 -3.37842 4.79
      vertex -4.43751 -3.4043 4.79
    endloop
  endfacet
  facet normal -0.407899 -0.913027 0
    outer loop
      vertex -4.43751 -3.4043 4.79
      vertex -4.39422 -3.42364 6
      vertex -4.43751 -3.4043 6
    endloop
  endfacet
  facet normal -0.407899 -0.913027 -0
    outer loop
      vertex -4.39422 -3.42364 6
      vertex -4.43751 -3.4043 4.79
      vertex -4.39422 -3.42364 4.79
    endloop
  endfacet
  facet normal -0.274013 -0.961726 0
    outer loop
      vertex -4.39422 -3.42364 4.79
      vertex -4.3494 -3.43641 6
      vertex -4.39422 -3.42364 6
    endloop
  endfacet
  facet normal -0.274013 -0.961726 -0
    outer loop
      vertex -4.3494 -3.43641 6
      vertex -4.39422 -3.42364 4.79
      vertex -4.3494 -3.43641 4.79
    endloop
  endfacet
  facet normal -0.185179 0.982705 0
    outer loop
      vertex -4.3494 -3.43641 4.79
      vertex -4.40735 -3.44733 6
      vertex -4.3494 -3.43641 6
    endloop
  endfacet
  facet normal -0.185179 0.982705 0
    outer loop
      vertex -4.40735 -3.44733 6
      vertex -4.3494 -3.43641 4.79
      vertex -4.40735 -3.44733 4.79
    endloop
  endfacet
  facet normal -0.238138 0.971231 0
    outer loop
      vertex -4.40735 -3.44733 4.79
      vertex -4.46351 -3.4611 6
      vertex -4.40735 -3.44733 6
    endloop
  endfacet
  facet normal -0.238138 0.971231 0
    outer loop
      vertex -4.46351 -3.4611 6
      vertex -4.40735 -3.44733 4.79
      vertex -4.46351 -3.4611 4.79
    endloop
  endfacet
  facet normal -0.292107 0.956386 0
    outer loop
      vertex -4.46351 -3.4611 4.79
      vertex -4.51786 -3.4777 6
      vertex -4.46351 -3.4611 6
    endloop
  endfacet
  facet normal -0.292107 0.956386 0
    outer loop
      vertex -4.51786 -3.4777 6
      vertex -4.46351 -3.4611 4.79
      vertex -4.51786 -3.4777 4.79
    endloop
  endfacet
  facet normal -0.347541 0.937665 0
    outer loop
      vertex -4.51786 -3.4777 4.79
      vertex -4.57039 -3.49717 6
      vertex -4.51786 -3.4777 6
    endloop
  endfacet
  facet normal -0.347541 0.937665 0
    outer loop
      vertex -4.57039 -3.49717 6
      vertex -4.51786 -3.4777 4.79
      vertex -4.57039 -3.49717 4.79
    endloop
  endfacet
  facet normal -0.402068 0.91561 0
    outer loop
      vertex -4.57039 -3.49717 4.79
      vertex -4.62115 -3.51946 6
      vertex -4.57039 -3.49717 6
    endloop
  endfacet
  facet normal -0.402068 0.91561 0
    outer loop
      vertex -4.62115 -3.51946 6
      vertex -4.57039 -3.49717 4.79
      vertex -4.62115 -3.51946 4.79
    endloop
  endfacet
  facet normal -0.461508 0.887136 0
    outer loop
      vertex -4.62115 -3.51946 4.79
      vertex -4.66961 -3.54467 6
      vertex -4.62115 -3.51946 6
    endloop
  endfacet
  facet normal -0.461508 0.887136 0
    outer loop
      vertex -4.66961 -3.54467 6
      vertex -4.62115 -3.51946 4.79
      vertex -4.66961 -3.54467 4.79
    endloop
  endfacet
  facet normal -0.524243 0.851569 0
    outer loop
      vertex -4.66961 -3.54467 4.79
      vertex -4.71532 -3.57281 6
      vertex -4.66961 -3.54467 6
    endloop
  endfacet
  facet normal -0.524243 0.851569 0
    outer loop
      vertex -4.71532 -3.57281 6
      vertex -4.66961 -3.54467 4.79
      vertex -4.71532 -3.57281 4.79
    endloop
  endfacet
  facet normal -0.586275 0.810112 0
    outer loop
      vertex -4.71532 -3.57281 4.79
      vertex -4.75828 -3.6039 6
      vertex -4.71532 -3.57281 6
    endloop
  endfacet
  facet normal -0.586275 0.810112 0
    outer loop
      vertex -4.75828 -3.6039 6
      vertex -4.71532 -3.57281 4.79
      vertex -4.75828 -3.6039 4.79
    endloop
  endfacet
  facet normal -0.646104 0.763249 0
    outer loop
      vertex -4.75828 -3.6039 4.79
      vertex -4.79848 -3.63793 6
      vertex -4.75828 -3.6039 6
    endloop
  endfacet
  facet normal -0.646104 0.763249 0
    outer loop
      vertex -4.79848 -3.63793 6
      vertex -4.75828 -3.6039 4.79
      vertex -4.79848 -3.63793 4.79
    endloop
  endfacet
  facet normal -0.702436 0.711747 0
    outer loop
      vertex -4.79848 -3.63793 4.79
      vertex -4.83594 -3.6749 6
      vertex -4.79848 -3.63793 6
    endloop
  endfacet
  facet normal -0.702436 0.711747 0
    outer loop
      vertex -4.83594 -3.6749 6
      vertex -4.79848 -3.63793 4.79
      vertex -4.83594 -3.6749 4.79
    endloop
  endfacet
  facet normal -0.757057 0.653348 0
    outer loop
      vertex -4.8704 -3.71483 4.79
      vertex -4.83594 -3.6749 6
      vertex -4.83594 -3.6749 4.79
    endloop
  endfacet
  facet normal -0.757057 0.653348 0
    outer loop
      vertex -4.83594 -3.6749 6
      vertex -4.8704 -3.71483 4.79
      vertex -4.8704 -3.71483 6
    endloop
  endfacet
  facet normal -0.808271 0.588811 0
    outer loop
      vertex -4.90163 -3.7577 4.79
      vertex -4.8704 -3.71483 6
      vertex -4.8704 -3.71483 4.79
    endloop
  endfacet
  facet normal -0.808271 0.588811 0
    outer loop
      vertex -4.8704 -3.71483 6
      vertex -4.90163 -3.7577 4.79
      vertex -4.90163 -3.7577 6
    endloop
  endfacet
  facet normal -0.853024 0.521872 0
    outer loop
      vertex -4.92965 -3.8035 4.79
      vertex -4.90163 -3.7577 6
      vertex -4.90163 -3.7577 4.79
    endloop
  endfacet
  facet normal -0.853024 0.521872 0
    outer loop
      vertex -4.90163 -3.7577 6
      vertex -4.92965 -3.8035 4.79
      vertex -4.92965 -3.8035 6
    endloop
  endfacet
  facet normal -0.891445 0.453128 0
    outer loop
      vertex -4.95443 -3.85225 4.79
      vertex -4.92965 -3.8035 6
      vertex -4.92965 -3.8035 4.79
    endloop
  endfacet
  facet normal -0.891445 0.453128 0
    outer loop
      vertex -4.92965 -3.8035 6
      vertex -4.95443 -3.85225 4.79
      vertex -4.95443 -3.85225 6
    endloop
  endfacet
  facet normal -0.923061 0.384653 0
    outer loop
      vertex -4.97597 -3.90394 4.79
      vertex -4.95443 -3.85225 6
      vertex -4.95443 -3.85225 4.79
    endloop
  endfacet
  facet normal -0.923061 0.384653 0
    outer loop
      vertex -4.95443 -3.85225 6
      vertex -4.97597 -3.90394 4.79
      vertex -4.97597 -3.90394 6
    endloop
  endfacet
  facet normal -0.950149 0.311795 0
    outer loop
      vertex -4.99392 -3.95864 4.79
      vertex -4.97597 -3.90394 6
      vertex -4.97597 -3.90394 4.79
    endloop
  endfacet
  facet normal -0.950149 0.311795 0
    outer loop
      vertex -4.97597 -3.90394 6
      vertex -4.99392 -3.95864 4.79
      vertex -4.99392 -3.95864 6
    endloop
  endfacet
  facet normal -0.972053 0.234761 0
    outer loop
      vertex -5.00786 -4.01636 4.79
      vertex -4.99392 -3.95864 6
      vertex -4.99392 -3.95864 4.79
    endloop
  endfacet
  facet normal -0.972053 0.234761 0
    outer loop
      vertex -4.99392 -3.95864 6
      vertex -5.00786 -4.01636 4.79
      vertex -5.00786 -4.01636 6
    endloop
  endfacet
  facet normal -0.986777 0.162081 0
    outer loop
      vertex -5.01784 -4.07712 4.79
      vertex -5.00786 -4.01636 6
      vertex -5.00786 -4.01636 4.79
    endloop
  endfacet
  facet normal -0.986777 0.162081 0
    outer loop
      vertex -5.00786 -4.01636 6
      vertex -5.01784 -4.07712 4.79
      vertex -5.01784 -4.07712 6
    endloop
  endfacet
  facet normal -0.995639 0.0932924 0
    outer loop
      vertex -5.02382 -4.14094 4.79
      vertex -5.01784 -4.07712 6
      vertex -5.01784 -4.07712 4.79
    endloop
  endfacet
  facet normal -0.995639 0.0932924 0
    outer loop
      vertex -5.01784 -4.07712 6
      vertex -5.02382 -4.14094 4.79
      vertex -5.02382 -4.14094 6
    endloop
  endfacet
  facet normal -0.999557 0.0297639 0
    outer loop
      vertex -5.02581 -4.20777 4.79
      vertex -5.02382 -4.14094 6
      vertex -5.02382 -4.14094 4.79
    endloop
  endfacet
  facet normal -0.999557 0.0297639 0
    outer loop
      vertex -5.02382 -4.14094 6
      vertex -5.02581 -4.20777 4.79
      vertex -5.02581 -4.20777 6
    endloop
  endfacet
  facet normal -0.999403 -0.0345483 0
    outer loop
      vertex -5.02263 -4.29976 4.79
      vertex -5.02581 -4.20777 6
      vertex -5.02581 -4.20777 4.79
    endloop
  endfacet
  facet normal -0.999403 -0.0345483 0
    outer loop
      vertex -5.02581 -4.20777 6
      vertex -5.02263 -4.29976 4.79
      vertex -5.02263 -4.29976 6
    endloop
  endfacet
  facet normal -0.993906 -0.110229 0
    outer loop
      vertex -5.01308 -4.38587 4.79
      vertex -5.02263 -4.29976 6
      vertex -5.02263 -4.29976 4.79
    endloop
  endfacet
  facet normal -0.993906 -0.110229 0
    outer loop
      vertex -5.02263 -4.29976 6
      vertex -5.01308 -4.38587 4.79
      vertex -5.01308 -4.38587 6
    endloop
  endfacet
  facet normal -0.980922 -0.194399 0
    outer loop
      vertex -4.99718 -4.4661 4.79
      vertex -5.01308 -4.38587 6
      vertex -5.01308 -4.38587 4.79
    endloop
  endfacet
  facet normal -0.980922 -0.194399 0
    outer loop
      vertex -5.01308 -4.38587 6
      vertex -4.99718 -4.4661 4.79
      vertex -4.99718 -4.4661 6
    endloop
  endfacet
  facet normal -0.957965 -0.286887 0
    outer loop
      vertex -4.97492 -4.54043 4.79
      vertex -4.99718 -4.4661 6
      vertex -4.99718 -4.4661 4.79
    endloop
  endfacet
  facet normal -0.957965 -0.286887 0
    outer loop
      vertex -4.99718 -4.4661 6
      vertex -4.97492 -4.54043 4.79
      vertex -4.97492 -4.54043 6
    endloop
  endfacet
  facet normal -0.922554 -0.385869 0
    outer loop
      vertex -4.94629 -4.60888 4.79
      vertex -4.97492 -4.54043 6
      vertex -4.97492 -4.54043 4.79
    endloop
  endfacet
  facet normal -0.922554 -0.385869 0
    outer loop
      vertex -4.97492 -4.54043 6
      vertex -4.94629 -4.60888 4.79
      vertex -4.94629 -4.60888 6
    endloop
  endfacet
  facet normal -0.877193 -0.480139 0
    outer loop
      vertex -4.91179 -4.67191 4.79
      vertex -4.94629 -4.60888 6
      vertex -4.94629 -4.60888 4.79
    endloop
  endfacet
  facet normal -0.877193 -0.480139 0
    outer loop
      vertex -4.94629 -4.60888 6
      vertex -4.91179 -4.67191 4.79
      vertex -4.91179 -4.67191 6
    endloop
  endfacet
  facet normal -0.824311 -0.566137 0
    outer loop
      vertex -4.87188 -4.73002 4.79
      vertex -4.91179 -4.67191 6
      vertex -4.91179 -4.67191 4.79
    endloop
  endfacet
  facet normal -0.824311 -0.566137 0
    outer loop
      vertex -4.91179 -4.67191 6
      vertex -4.87188 -4.73002 4.79
      vertex -4.87188 -4.73002 6
    endloop
  endfacet
  facet normal -0.760851 -0.648927 0
    outer loop
      vertex -4.82654 -4.78318 4.79
      vertex -4.87188 -4.73002 6
      vertex -4.87188 -4.73002 4.79
    endloop
  endfacet
  facet normal -0.760851 -0.648927 0
    outer loop
      vertex -4.87188 -4.73002 6
      vertex -4.82654 -4.78318 4.79
      vertex -4.82654 -4.78318 6
    endloop
  endfacet
  facet normal -0.688881 -0.724875 0
    outer loop
      vertex -4.82654 -4.78318 4.79
      vertex -4.77579 -4.83141 6
      vertex -4.82654 -4.78318 6
    endloop
  endfacet
  facet normal -0.688881 -0.724875 -0
    outer loop
      vertex -4.77579 -4.83141 6
      vertex -4.82654 -4.78318 4.79
      vertex -4.77579 -4.83141 4.79
    endloop
  endfacet
  facet normal -0.610508 -0.79201 0
    outer loop
      vertex -4.77579 -4.83141 4.79
      vertex -4.71963 -4.8747 6
      vertex -4.77579 -4.83141 6
    endloop
  endfacet
  facet normal -0.610508 -0.79201 -0
    outer loop
      vertex -4.71963 -4.8747 6
      vertex -4.77579 -4.83141 4.79
      vertex -4.71963 -4.8747 4.79
    endloop
  endfacet
  facet normal -0.531674 -0.846949 0
    outer loop
      vertex -4.71963 -4.8747 4.79
      vertex -4.6583 -4.9132 6
      vertex -4.71963 -4.8747 6
    endloop
  endfacet
  facet normal -0.531674 -0.846949 -0
    outer loop
      vertex -4.6583 -4.9132 6
      vertex -4.71963 -4.8747 4.79
      vertex -4.6583 -4.9132 4.79
    endloop
  endfacet
  facet normal -0.454886 -0.89055 0
    outer loop
      vertex -4.6583 -4.9132 4.79
      vertex -4.59205 -4.94704 6
      vertex -4.6583 -4.9132 6
    endloop
  endfacet
  facet normal -0.454886 -0.89055 -0
    outer loop
      vertex -4.59205 -4.94704 6
      vertex -4.6583 -4.9132 4.79
      vertex -4.59205 -4.94704 4.79
    endloop
  endfacet
  facet normal -0.37924 -0.925298 0
    outer loop
      vertex -4.59205 -4.94704 4.79
      vertex -4.52083 -4.97623 6
      vertex -4.59205 -4.94704 6
    endloop
  endfacet
  facet normal -0.37924 -0.925298 -0
    outer loop
      vertex -4.52083 -4.97623 6
      vertex -4.59205 -4.94704 4.79
      vertex -4.52083 -4.97623 4.79
    endloop
  endfacet
  facet normal -0.306762 -0.951786 0
    outer loop
      vertex -4.52083 -4.97623 4.79
      vertex -4.44469 -5.00077 6
      vertex -4.52083 -4.97623 6
    endloop
  endfacet
  facet normal -0.306762 -0.951786 -0
    outer loop
      vertex -4.44469 -5.00077 6
      vertex -4.52083 -4.97623 4.79
      vertex -4.44469 -5.00077 4.79
    endloop
  endfacet
  facet normal -0.238136 -0.971232 0
    outer loop
      vertex -4.44469 -5.00077 4.79
      vertex -4.36361 -5.02065 6
      vertex -4.44469 -5.00077 6
    endloop
  endfacet
  facet normal -0.238136 -0.971232 -0
    outer loop
      vertex -4.36361 -5.02065 6
      vertex -4.44469 -5.00077 4.79
      vertex -4.36361 -5.02065 4.79
    endloop
  endfacet
  facet normal -0.181953 -0.983307 0
    outer loop
      vertex -4.36361 -5.02065 4.79
      vertex -4.27817 -5.03646 6
      vertex -4.36361 -5.02065 6
    endloop
  endfacet
  facet normal -0.181953 -0.983307 -0
    outer loop
      vertex -4.27817 -5.03646 6
      vertex -4.36361 -5.02065 4.79
      vertex -4.27817 -5.03646 4.79
    endloop
  endfacet
  facet normal -0.136555 -0.990633 0
    outer loop
      vertex -4.27817 -5.03646 4.79
      vertex -4.18894 -5.04876 6
      vertex -4.27817 -5.03646 6
    endloop
  endfacet
  facet normal -0.136555 -0.990633 -0
    outer loop
      vertex -4.18894 -5.04876 6
      vertex -4.27817 -5.03646 4.79
      vertex -4.18894 -5.04876 4.79
    endloop
  endfacet
  facet normal -0.0940467 -0.995568 0
    outer loop
      vertex -4.18894 -5.04876 4.79
      vertex -4.09589 -5.05755 6
      vertex -4.18894 -5.04876 6
    endloop
  endfacet
  facet normal -0.0940467 -0.995568 -0
    outer loop
      vertex -4.09589 -5.05755 6
      vertex -4.18894 -5.04876 4.79
      vertex -4.09589 -5.05755 4.79
    endloop
  endfacet
  facet normal -0.0544477 -0.998517 0
    outer loop
      vertex -4.09589 -5.05755 4.79
      vertex -3.99906 -5.06283 6
      vertex -4.09589 -5.05755 6
    endloop
  endfacet
  facet normal -0.0544477 -0.998517 -0
    outer loop
      vertex -3.99906 -5.06283 6
      vertex -4.09589 -5.05755 4.79
      vertex -3.99906 -5.06283 4.79
    endloop
  endfacet
  facet normal -0.0173878 -0.999849 0
    outer loop
      vertex -3.99906 -5.06283 4.79
      vertex -3.89843 -5.06458 6
      vertex -3.99906 -5.06283 6
    endloop
  endfacet
  facet normal -0.0173878 -0.999849 -0
    outer loop
      vertex -3.89843 -5.06458 6
      vertex -3.99906 -5.06283 4.79
      vertex -3.89843 -5.06458 4.79
    endloop
  endfacet
  facet normal 0 -1 0
    outer loop
      vertex -3.89843 -5.06458 4.79
      vertex -2.99416 -5.06458 6
      vertex -3.89843 -5.06458 6
    endloop
  endfacet
  facet normal 0 -1 -0
    outer loop
      vertex -2.99416 -5.06458 6
      vertex -3.89843 -5.06458 4.79
      vertex -2.99416 -5.06458 4.79
    endloop
  endfacet
  facet normal 1 -0 0
    outer loop
      vertex -2.99416 -5.06458 6
      vertex -2.99416 -1.9625 4.79
      vertex -2.99416 -1.9625 6
    endloop
  endfacet
  facet normal 1 0 0
    outer loop
      vertex -2.99416 -1.9625 4.79
      vertex -2.99416 -5.06458 6
      vertex -2.99416 -5.06458 4.79
    endloop
  endfacet
  facet normal 0 1 -0
    outer loop
      vertex -2.99416 -1.9625 4.79
      vertex -3.57804 -1.9625 6
      vertex -2.99416 -1.9625 6
    endloop
  endfacet
  facet normal 0 1 0
    outer loop
      vertex -3.57804 -1.9625 6
      vertex -2.99416 -1.9625 4.79
      vertex -3.57804 -1.9625 4.79
    endloop
  endfacet
  facet normal -1 0 0
    outer loop
      vertex -3.57804 -3.24654 4.79
      vertex -3.57804 -1.9625 6
      vertex -3.57804 -1.9625 4.79
    endloop
  endfacet
  facet normal -1 -0 0
    outer loop
      vertex -3.57804 -1.9625 6
      vertex -3.57804 -3.24654 4.79
      vertex -3.57804 -3.24654 6
    endloop
  endfacet
  facet normal -1 0 0
    outer loop
      vertex -3.57804 -4.57801 4.79
      vertex -3.57804 -3.70223 6
      vertex -3.57804 -3.70223 4.79
    endloop
  endfacet
  facet normal -1 -0 0
    outer loop
      vertex -3.57804 -3.70223 6
      vertex -3.57804 -4.57801 4.79
      vertex -3.57804 -4.57801 6
    endloop
  endfacet
  facet normal 0 1 -0
    outer loop
      vertex -3.57804 -4.57801 4.79
      vertex -3.83434 -4.57801 6
      vertex -3.57804 -4.57801 6
    endloop
  endfacet
  facet normal 0 1 0
    outer loop
      vertex -3.83434 -4.57801 6
      vertex -3.57804 -4.57801 4.79
      vertex -3.83434 -4.57801 4.79
    endloop
  endfacet
  facet normal 0.0361418 0.999347 -0
    outer loop
      vertex -3.83434 -4.57801 4.79
      vertex -3.94439 -4.57403 6
      vertex -3.83434 -4.57801 6
    endloop
  endfacet
  facet normal 0.0361418 0.999347 0
    outer loop
      vertex -3.94439 -4.57403 6
      vertex -3.83434 -4.57801 4.79
      vertex -3.94439 -4.57403 4.79
    endloop
  endfacet
  facet normal 0.120696 0.99269 -0
    outer loop
      vertex -3.94439 -4.57403 4.79
      vertex -4.04284 -4.56206 6
      vertex -3.94439 -4.57403 6
    endloop
  endfacet
  facet normal 0.120696 0.99269 0
    outer loop
      vertex -4.04284 -4.56206 6
      vertex -3.94439 -4.57403 4.79
      vertex -4.04284 -4.56206 4.79
    endloop
  endfacet
  facet normal 0.22372 0.974653 -0
    outer loop
      vertex -4.04284 -4.56206 4.79
      vertex -4.12971 -4.54212 6
      vertex -4.04284 -4.56206 6
    endloop
  endfacet
  facet normal 0.22372 0.974653 0
    outer loop
      vertex -4.12971 -4.54212 6
      vertex -4.04284 -4.56206 4.79
      vertex -4.12971 -4.54212 4.79
    endloop
  endfacet
  facet normal 0.347627 0.937633 -0
    outer loop
      vertex -4.12971 -4.54212 4.79
      vertex -4.20499 -4.51421 6
      vertex -4.12971 -4.54212 6
    endloop
  endfacet
  facet normal 0.347627 0.937633 0
    outer loop
      vertex -4.20499 -4.51421 6
      vertex -4.12971 -4.54212 4.79
      vertex -4.20499 -4.51421 4.79
    endloop
  endfacet
  facet normal 0.490813 0.871265 -0
    outer loop
      vertex -4.20499 -4.51421 4.79
      vertex -4.2687 -4.47832 6
      vertex -4.20499 -4.51421 6
    endloop
  endfacet
  facet normal 0.490813 0.871265 0
    outer loop
      vertex -4.2687 -4.47832 6
      vertex -4.20499 -4.51421 4.79
      vertex -4.2687 -4.47832 4.79
    endloop
  endfacet
  facet normal 0.653514 0.756914 -0
    outer loop
      vertex -4.2687 -4.47832 4.79
      vertex -4.32082 -4.43332 6
      vertex -4.2687 -4.47832 6
    endloop
  endfacet
  facet normal 0.653514 0.756914 0
    outer loop
      vertex -4.32082 -4.43332 6
      vertex -4.2687 -4.47832 4.79
      vertex -4.32082 -4.43332 4.79
    endloop
  endfacet
  facet normal 0.806243 0.591585 0
    outer loop
      vertex -4.32082 -4.43332 6
      vertex -4.36136 -4.37807 4.79
      vertex -4.36136 -4.37807 6
    endloop
  endfacet
  facet normal 0.806243 0.591585 0
    outer loop
      vertex -4.36136 -4.37807 4.79
      vertex -4.32082 -4.43332 6
      vertex -4.32082 -4.43332 4.79
    endloop
  endfacet
  facet normal 0.914541 0.404493 0
    outer loop
      vertex -4.36136 -4.37807 6
      vertex -4.39033 -4.31257 4.79
      vertex -4.39033 -4.31257 6
    endloop
  endfacet
  facet normal 0.914541 0.404493 0
    outer loop
      vertex -4.39033 -4.31257 4.79
      vertex -4.36136 -4.37807 6
      vertex -4.36136 -4.37807 4.79
    endloop
  endfacet
  facet normal 0.974737 0.223356 0
    outer loop
      vertex -4.39033 -4.31257 6
      vertex -4.40769 -4.23681 4.79
      vertex -4.40769 -4.23681 6
    endloop
  endfacet
  facet normal 0.974737 0.223356 0
    outer loop
      vertex -4.40769 -4.23681 4.79
      vertex -4.39033 -4.31257 6
      vertex -4.39033 -4.31257 4.79
    endloop
  endfacet
  facet normal 0.997735 0.0672734 0
    outer loop
      vertex -4.40769 -4.23681 6
      vertex -4.41349 -4.15079 4.79
      vertex -4.41349 -4.15079 6
    endloop
  endfacet
  facet normal 0.997735 0.0672734 0
    outer loop
      vertex -4.41349 -4.15079 4.79
      vertex -4.40769 -4.23681 6
      vertex -4.40769 -4.23681 4.79
    endloop
  endfacet
  facet normal 0.999198 -0.0400522 0
    outer loop
      vertex -4.41349 -4.15079 6
      vertex -4.41178 -4.10813 4.79
      vertex -4.41178 -4.10813 6
    endloop
  endfacet
  facet normal 0.999198 -0.0400522 0
    outer loop
      vertex -4.41178 -4.10813 4.79
      vertex -4.41349 -4.15079 6
      vertex -4.41349 -4.15079 4.79
    endloop
  endfacet
  facet normal 0.992142 -0.125115 0
    outer loop
      vertex -4.41178 -4.10813 6
      vertex -4.40665 -4.06745 4.79
      vertex -4.40665 -4.06745 6
    endloop
  endfacet
  facet normal 0.992142 -0.125115 0
    outer loop
      vertex -4.40665 -4.06745 4.79
      vertex -4.41178 -4.10813 6
      vertex -4.41178 -4.10813 4.79
    endloop
  endfacet
  facet normal 0.976507 -0.215488 0
    outer loop
      vertex -4.40665 -4.06745 6
      vertex -4.39811 -4.02875 4.79
      vertex -4.39811 -4.02875 6
    endloop
  endfacet
  facet normal 0.976507 -0.215488 0
    outer loop
      vertex -4.39811 -4.02875 4.79
      vertex -4.40665 -4.06745 6
      vertex -4.40665 -4.06745 4.79
    endloop
  endfacet
  facet normal 0.950609 -0.310392 0
    outer loop
      vertex -4.39811 -4.02875 6
      vertex -4.38613 -3.99206 4.79
      vertex -4.38613 -3.99206 6
    endloop
  endfacet
  facet normal 0.950609 -0.310392 0
    outer loop
      vertex -4.38613 -3.99206 4.79
      vertex -4.39811 -4.02875 6
      vertex -4.39811 -4.02875 4.79
    endloop
  endfacet
  facet normal 0.914224 -0.405209 0
    outer loop
      vertex -4.38613 -3.99206 6
      vertex -4.37075 -3.95736 4.79
      vertex -4.37075 -3.95736 6
    endloop
  endfacet
  facet normal 0.914224 -0.405209 0
    outer loop
      vertex -4.37075 -3.95736 4.79
      vertex -4.38613 -3.99206 6
      vertex -4.38613 -3.99206 4.79
    endloop
  endfacet
  facet normal 0.869667 -0.493638 0
    outer loop
      vertex -4.37075 -3.95736 6
      vertex -4.35224 -3.92475 4.79
      vertex -4.35224 -3.92475 6
    endloop
  endfacet
  facet normal 0.869667 -0.493638 0
    outer loop
      vertex -4.35224 -3.92475 4.79
      vertex -4.37075 -3.95736 6
      vertex -4.37075 -3.95736 4.79
    endloop
  endfacet
  facet normal 0.818233 -0.574887 0
    outer loop
      vertex -4.35224 -3.92475 6
      vertex -4.33086 -3.89432 4.79
      vertex -4.33086 -3.89432 6
    endloop
  endfacet
  facet normal 0.818233 -0.574887 0
    outer loop
      vertex -4.33086 -3.89432 4.79
      vertex -4.35224 -3.92475 6
      vertex -4.35224 -3.92475 4.79
    endloop
  endfacet
  facet normal 0.759333 -0.650703 0
    outer loop
      vertex -4.33086 -3.89432 6
      vertex -4.30666 -3.86608 4.79
      vertex -4.30666 -3.86608 6
    endloop
  endfacet
  facet normal 0.759333 -0.650703 0
    outer loop
      vertex -4.30666 -3.86608 4.79
      vertex -4.33086 -3.89432 6
      vertex -4.33086 -3.89432 4.79
    endloop
  endfacet
  facet normal 0.693815 -0.720153 0
    outer loop
      vertex -4.30666 -3.86608 4.79
      vertex -4.27959 -3.84 6
      vertex -4.30666 -3.86608 6
    endloop
  endfacet
  facet normal 0.693815 -0.720153 0
    outer loop
      vertex -4.27959 -3.84 6
      vertex -4.30666 -3.86608 4.79
      vertex -4.27959 -3.84 4.79
    endloop
  endfacet
  facet normal 0.624057 -0.781378 0
    outer loop
      vertex -4.27959 -3.84 4.79
      vertex -4.24969 -3.81612 6
      vertex -4.27959 -3.84 6
    endloop
  endfacet
  facet normal 0.624057 -0.781378 0
    outer loop
      vertex -4.24969 -3.81612 6
      vertex -4.27959 -3.84 4.79
      vertex -4.24969 -3.81612 4.79
    endloop
  endfacet
  facet normal 0.552753 -0.833345 0
    outer loop
      vertex -4.24969 -3.81612 4.79
      vertex -4.21708 -3.79449 6
      vertex -4.24969 -3.81612 6
    endloop
  endfacet
  facet normal 0.552753 -0.833345 0
    outer loop
      vertex -4.21708 -3.79449 6
      vertex -4.24969 -3.81612 4.79
      vertex -4.21708 -3.79449 4.79
    endloop
  endfacet
  facet normal 0.482531 -0.875879 0
    outer loop
      vertex -4.21708 -3.79449 4.79
      vertex -4.18192 -3.77512 6
      vertex -4.21708 -3.79449 6
    endloop
  endfacet
  facet normal 0.482531 -0.875879 0
    outer loop
      vertex -4.18192 -3.77512 6
      vertex -4.21708 -3.79449 4.79
      vertex -4.18192 -3.77512 4.79
    endloop
  endfacet
  facet normal 0.412421 -0.910994 0
    outer loop
      vertex -4.18192 -3.77512 4.79
      vertex -4.14417 -3.75803 6
      vertex -4.18192 -3.77512 6
    endloop
  endfacet
  facet normal 0.412421 -0.910994 0
    outer loop
      vertex -4.14417 -3.75803 6
      vertex -4.18192 -3.77512 4.79
      vertex -4.14417 -3.75803 4.79
    endloop
  endfacet
  facet normal 0.344734 -0.938701 0
    outer loop
      vertex -4.14417 -3.75803 4.79
      vertex -4.10387 -3.74323 6
      vertex -4.14417 -3.75803 6
    endloop
  endfacet
  facet normal 0.344734 -0.938701 0
    outer loop
      vertex -4.10387 -3.74323 6
      vertex -4.14417 -3.75803 4.79
      vertex -4.10387 -3.74323 4.79
    endloop
  endfacet
  facet normal 0.280748 -0.959782 0
    outer loop
      vertex -4.10387 -3.74323 4.79
      vertex -4.061 -3.73069 6
      vertex -4.10387 -3.74323 6
    endloop
  endfacet
  facet normal 0.280748 -0.959782 0
    outer loop
      vertex -4.061 -3.73069 6
      vertex -4.10387 -3.74323 4.79
      vertex -4.061 -3.73069 4.79
    endloop
  endfacet
  facet normal 0.221229 -0.975222 0
    outer loop
      vertex -4.061 -3.73069 4.79
      vertex -4.01586 -3.72045 6
      vertex -4.061 -3.73069 6
    endloop
  endfacet
  facet normal 0.221229 -0.975222 0
    outer loop
      vertex -4.01586 -3.72045 6
      vertex -4.061 -3.73069 4.79
      vertex -4.01586 -3.72045 4.79
    endloop
  endfacet
  facet normal 0.166739 -0.986001 0
    outer loop
      vertex -4.01586 -3.72045 4.79
      vertex -3.96873 -3.71248 6
      vertex -4.01586 -3.72045 6
    endloop
  endfacet
  facet normal 0.166739 -0.986001 0
    outer loop
      vertex -3.96873 -3.71248 6
      vertex -4.01586 -3.72045 4.79
      vertex -3.96873 -3.71248 4.79
    endloop
  endfacet
  facet normal 0.115069 -0.993357 0
    outer loop
      vertex -3.96873 -3.71248 4.79
      vertex -3.91961 -3.70679 6
      vertex -3.96873 -3.71248 6
    endloop
  endfacet
  facet normal 0.115069 -0.993357 0
    outer loop
      vertex -3.91961 -3.70679 6
      vertex -3.96873 -3.71248 4.79
      vertex -3.91961 -3.70679 4.79
    endloop
  endfacet
  facet normal 0.0667522 -0.99777 0
    outer loop
      vertex -3.91961 -3.70679 4.79
      vertex -3.86849 -3.70337 6
      vertex -3.91961 -3.70679 6
    endloop
  endfacet
  facet normal 0.0667522 -0.99777 0
    outer loop
      vertex -3.86849 -3.70337 6
      vertex -3.91961 -3.70679 4.79
      vertex -3.86849 -3.70337 4.79
    endloop
  endfacet
  facet normal 0.0214559 -0.99977 0
    outer loop
      vertex -3.86849 -3.70337 4.79
      vertex -3.81537 -3.70223 6
      vertex -3.86849 -3.70337 6
    endloop
  endfacet
  facet normal 0.0214559 -0.99977 0
    outer loop
      vertex -3.81537 -3.70223 6
      vertex -3.86849 -3.70337 4.79
      vertex -3.81537 -3.70223 4.79
    endloop
  endfacet
  facet normal 0 -1 0
    outer loop
      vertex -3.81537 -3.70223 4.79
      vertex -3.57804 -3.70223 6
      vertex -3.81537 -3.70223 6
    endloop
  endfacet
  facet normal 0 -1 -0
    outer loop
      vertex -3.57804 -3.70223 6
      vertex -3.81537 -3.70223 4.79
      vertex -3.57804 -3.70223 4.79
    endloop
  endfacet
  facet normal 0 -1 0
    outer loop
      vertex 13.8115 -2.4443 4.79
      vertex 14.4951 -2.4443 6
      vertex 13.8115 -2.4443 6
    endloop
  endfacet
  facet normal 0 -1 -0
    outer loop
      vertex 14.4951 -2.4443 6
      vertex 13.8115 -2.4443 4.79
      vertex 14.4951 -2.4443 4.79
    endloop
  endfacet
  facet normal -1 0 0
    outer loop
      vertex 14.4951 -4.58753 4.79
      vertex 14.4951 -2.4443 6
      vertex 14.4951 -2.4443 4.79
    endloop
  endfacet
  facet normal -1 -0 0
    outer loop
      vertex 14.4951 -2.4443 6
      vertex 14.4951 -4.58753 4.79
      vertex 14.4951 -4.58753 6
    endloop
  endfacet
  facet normal 0 1 -0
    outer loop
      vertex 14.4951 -4.58753 4.79
      vertex 13.8115 -4.58753 6
      vertex 14.4951 -4.58753 6
    endloop
  endfacet
  facet normal 0 1 0
    outer loop
      vertex 13.8115 -4.58753 6
      vertex 14.4951 -4.58753 4.79
      vertex 13.8115 -4.58753 4.79
    endloop
  endfacet
  facet normal -1 0 0
    outer loop
      vertex 13.8115 -5.06458 4.79
      vertex 13.8115 -4.58753 6
      vertex 13.8115 -4.58753 4.79
    endloop
  endfacet
  facet normal -1 -0 0
    outer loop
      vertex 13.8115 -4.58753 6
      vertex 13.8115 -5.06458 4.79
      vertex 13.8115 -5.06458 6
    endloop
  endfacet
  facet normal 0 -1 0
    outer loop
      vertex 13.8115 -5.06458 4.79
      vertex 15.772 -5.06458 6
      vertex 13.8115 -5.06458 6
    endloop
  endfacet
  facet normal 0 -1 -0
    outer loop
      vertex 15.772 -5.06458 6
      vertex 13.8115 -5.06458 4.79
      vertex 15.772 -5.06458 4.79
    endloop
  endfacet
  facet normal 1 -0 0
    outer loop
      vertex 15.772 -5.06458 6
      vertex 15.772 -4.58753 4.79
      vertex 15.772 -4.58753 6
    endloop
  endfacet
  facet normal 1 0 0
    outer loop
      vertex 15.772 -4.58753 4.79
      vertex 15.772 -5.06458 6
      vertex 15.772 -5.06458 4.79
    endloop
  endfacet
  facet normal 0 1 -0
    outer loop
      vertex 15.772 -4.58753 4.79
      vertex 15.0884 -4.58753 6
      vertex 15.772 -4.58753 6
    endloop
  endfacet
  facet normal 0 1 0
    outer loop
      vertex 15.0884 -4.58753 6
      vertex 15.772 -4.58753 4.79
      vertex 15.0884 -4.58753 4.79
    endloop
  endfacet
  facet normal 1 -0 0
    outer loop
      vertex 15.0884 -4.58753 6
      vertex 15.0884 -2.4443 4.79
      vertex 15.0884 -2.4443 6
    endloop
  endfacet
  facet normal 1 0 0
    outer loop
      vertex 15.0884 -2.4443 4.79
      vertex 15.0884 -4.58753 6
      vertex 15.0884 -4.58753 4.79
    endloop
  endfacet
  facet normal 0 -1 0
    outer loop
      vertex 15.0884 -2.4443 4.79
      vertex 15.772 -2.4443 6
      vertex 15.0884 -2.4443 6
    endloop
  endfacet
  facet normal 0 -1 -0
    outer loop
      vertex 15.772 -2.4443 6
      vertex 15.0884 -2.4443 4.79
      vertex 15.772 -2.4443 4.79
    endloop
  endfacet
  facet normal 1 -0 0
    outer loop
      vertex 15.772 -2.4443 6
      vertex 15.772 -1.9625 4.79
      vertex 15.772 -1.9625 6
    endloop
  endfacet
  facet normal 1 0 0
    outer loop
      vertex 15.772 -1.9625 4.79
      vertex 15.772 -2.4443 6
      vertex 15.772 -2.4443 4.79
    endloop
  endfacet
  facet normal 0 1 -0
    outer loop
      vertex 15.772 -1.9625 4.79
      vertex 13.8115 -1.9625 6
      vertex 15.772 -1.9625 6
    endloop
  endfacet
  facet normal 0 1 0
    outer loop
      vertex 13.8115 -1.9625 6
      vertex 15.772 -1.9625 4.79
      vertex 13.8115 -1.9625 4.79
    endloop
  endfacet
  facet normal -1 0 0
    outer loop
      vertex 13.8115 -2.4443 4.79
      vertex 13.8115 -1.9625 6
      vertex 13.8115 -1.9625 4.79
    endloop
  endfacet
  facet normal -1 -0 0
    outer loop
      vertex 13.8115 -1.9625 6
      vertex 13.8115 -2.4443 4.79
      vertex 13.8115 -2.4443 6
    endloop
  endfacet
  facet normal 0 -1 0
    outer loop
      vertex 3.0714 -2.45617 4.79
      vertex 4.34593 -2.45617 6
      vertex 3.0714 -2.45617 6
    endloop
  endfacet
  facet normal 0 -1 -0
    outer loop
      vertex 4.34593 -2.45617 6
      vertex 3.0714 -2.45617 4.79
      vertex 4.34593 -2.45617 4.79
    endloop
  endfacet
  facet normal -1 0 0
    outer loop
      vertex 4.34593 -3.31772 4.79
      vertex 4.34593 -2.45617 6
      vertex 4.34593 -2.45617 4.79
    endloop
  endfacet
  facet normal -1 -0 0
    outer loop
      vertex 4.34593 -2.45617 6
      vertex 4.34593 -3.31772 4.79
      vertex 4.34593 -3.31772 6
    endloop
  endfacet
  facet normal 0 1 -0
    outer loop
      vertex 4.34593 -3.31772 4.79
      vertex 3.13073 -3.31772 6
      vertex 4.34593 -3.31772 6
    endloop
  endfacet
  facet normal 0 1 0
    outer loop
      vertex 3.13073 -3.31772 6
      vertex 4.34593 -3.31772 4.79
      vertex 3.13073 -3.31772 4.79
    endloop
  endfacet
  facet normal -1 0 0
    outer loop
      vertex 3.13073 -3.79954 4.79
      vertex 3.13073 -3.31772 6
      vertex 3.13073 -3.31772 4.79
    endloop
  endfacet
  facet normal -1 -0 0
    outer loop
      vertex 3.13073 -3.31772 6
      vertex 3.13073 -3.79954 4.79
      vertex 3.13073 -3.79954 6
    endloop
  endfacet
  facet normal 0 -1 0
    outer loop
      vertex 3.13073 -3.79954 4.79
      vertex 4.34593 -3.79954 6
      vertex 3.13073 -3.79954 6
    endloop
  endfacet
  facet normal 0 -1 -0
    outer loop
      vertex 4.34593 -3.79954 6
      vertex 3.13073 -3.79954 4.79
      vertex 4.34593 -3.79954 4.79
    endloop
  endfacet
  facet normal -1 0 0
    outer loop
      vertex 4.34593 -4.5709 4.79
      vertex 4.34593 -3.79954 6
      vertex 4.34593 -3.79954 4.79
    endloop
  endfacet
  facet normal -1 -0 0
    outer loop
      vertex 4.34593 -3.79954 6
      vertex 4.34593 -4.5709 4.79
      vertex 4.34593 -4.5709 6
    endloop
  endfacet
  facet normal 0 1 -0
    outer loop
      vertex 4.34593 -4.5709 4.79
      vertex 3.0714 -4.5709 6
      vertex 4.34593 -4.5709 6
    endloop
  endfacet
  facet normal 0 1 0
    outer loop
      vertex 3.0714 -4.5709 6
      vertex 4.34593 -4.5709 4.79
      vertex 3.0714 -4.5709 4.79
    endloop
  endfacet
  facet normal -1 0 0
    outer loop
      vertex 3.0714 -5.06458 4.79
      vertex 3.0714 -4.5709 6
      vertex 3.0714 -4.5709 4.79
    endloop
  endfacet
  facet normal -1 -0 0
    outer loop
      vertex 3.0714 -4.5709 6
      vertex 3.0714 -5.06458 4.79
      vertex 3.0714 -5.06458 6
    endloop
  endfacet
  facet normal 0 -1 0
    outer loop
      vertex 3.0714 -5.06458 4.79
      vertex 4.93928 -5.06458 6
      vertex 3.0714 -5.06458 6
    endloop
  endfacet
  facet normal 0 -1 -0
    outer loop
      vertex 4.93928 -5.06458 6
      vertex 3.0714 -5.06458 4.79
      vertex 4.93928 -5.06458 4.79
    endloop
  endfacet
  facet normal 1 -0 0
    outer loop
      vertex 4.93928 -5.06458 6
      vertex 4.93928 -1.9625 4.79
      vertex 4.93928 -1.9625 6
    endloop
  endfacet
  facet normal 1 0 0
    outer loop
      vertex 4.93928 -1.9625 4.79
      vertex 4.93928 -5.06458 6
      vertex 4.93928 -5.06458 4.79
    endloop
  endfacet
  facet normal 0 1 -0
    outer loop
      vertex 4.93928 -1.9625 4.79
      vertex 3.0714 -1.9625 6
      vertex 4.93928 -1.9625 6
    endloop
  endfacet
  facet normal 0 1 0
    outer loop
      vertex 3.0714 -1.9625 6
      vertex 4.93928 -1.9625 4.79
      vertex 3.0714 -1.9625 4.79
    endloop
  endfacet
  facet normal -1 0 0
    outer loop
      vertex 3.0714 -2.45617 4.79
      vertex 3.0714 -1.9625 6
      vertex 3.0714 -1.9625 4.79
    endloop
  endfacet
  facet normal -1 -0 0
    outer loop
      vertex 3.0714 -1.9625 6
      vertex 3.0714 -2.45617 4.79
      vertex 3.0714 -2.45617 6
    endloop
  endfacet
  facet normal -0.999707 0.0242082 0
    outer loop
      vertex 7.39233 -4.41662 4.79
      vertex 7.40894 -3.73069 6
      vertex 7.40894 -3.73069 4.79
    endloop
  endfacet
  facet normal -0.999707 0.0242082 0
    outer loop
      vertex 7.40894 -3.73069 6
      vertex 7.39233 -4.41662 4.79
      vertex 7.39233 -4.41662 6
    endloop
  endfacet
  facet normal 0.964192 0.265205 0
    outer loop
      vertex 7.39233 -4.41662 6
      vertex 7.26177 -3.94195 4.79
      vertex 7.26177 -3.94195 6
    endloop
  endfacet
  facet normal 0.964192 0.265205 0
    outer loop
      vertex 7.26177 -3.94195 4.79
      vertex 7.39233 -4.41662 6
      vertex 7.39233 -4.41662 4.79
    endloop
  endfacet
  facet normal 0.959305 0.282372 0
    outer loop
      vertex 7.26177 -3.94195 6
      vertex 6.95088 -2.88576 4.79
      vertex 6.95088 -2.88576 6
    endloop
  endfacet
  facet normal 0.959305 0.282372 0
    outer loop
      vertex 6.95088 -2.88576 4.79
      vertex 7.26177 -3.94195 6
      vertex 7.26177 -3.94195 4.79
    endloop
  endfacet
  facet normal 0 1 -0
    outer loop
      vertex 6.95088 -2.88576 4.79
      vertex 6.58537 -2.88576 6
      vertex 6.95088 -2.88576 6
    endloop
  endfacet
  facet normal 0 1 0
    outer loop
      vertex 6.58537 -2.88576 6
      vertex 6.95088 -2.88576 4.79
      vertex 6.58537 -2.88576 4.79
    endloop
  endfacet
  facet normal -0.950793 0.309825 0
    outer loop
      vertex 6.2412 -3.94195 4.79
      vertex 6.58537 -2.88576 6
      vertex 6.58537 -2.88576 4.79
    endloop
  endfacet
  facet normal -0.950793 0.309825 0
    outer loop
      vertex 6.58537 -2.88576 6
      vertex 6.2412 -3.94195 4.79
      vertex 6.2412 -3.94195 6
    endloop
  endfacet
  facet normal -0.953811 0.300408 0
    outer loop
      vertex 6.0917 -4.41662 4.79
      vertex 6.2412 -3.94195 6
      vertex 6.2412 -3.94195 4.79
    endloop
  endfacet
  facet normal -0.953811 0.300408 0
    outer loop
      vertex 6.2412 -3.94195 6
      vertex 6.0917 -4.41662 4.79
      vertex 6.0917 -4.41662 6
    endloop
  endfacet
  facet normal 0.999534 0.0305355 0
    outer loop
      vertex 6.0917 -4.41662 6
      vertex 6.07031 -3.71645 4.79
      vertex 6.07031 -3.71645 6
    endloop
  endfacet
  facet normal 0.999534 0.0305355 0
    outer loop
      vertex 6.07031 -3.71645 4.79
      vertex 6.0917 -4.41662 6
      vertex 6.0917 -4.41662 4.79
    endloop
  endfacet
  facet normal 0.999473 0.0324525 0
    outer loop
      vertex 6.07031 -3.71645 6
      vertex 6.01336 -1.9625 4.79
      vertex 6.01336 -1.9625 6
    endloop
  endfacet
  facet normal 0.999473 0.0324525 0
    outer loop
      vertex 6.01336 -1.9625 4.79
      vertex 6.07031 -3.71645 6
      vertex 6.07031 -3.71645 4.79
    endloop
  endfacet
  facet normal 0 1 -0
    outer loop
      vertex 6.01336 -1.9625 4.79
      vertex 5.49833 -1.9625 6
      vertex 6.01336 -1.9625 6
    endloop
  endfacet
  facet normal 0 1 0
    outer loop
      vertex 5.49833 -1.9625 6
      vertex 6.01336 -1.9625 4.79
      vertex 5.49833 -1.9625 4.79
    endloop
  endfacet
  facet normal -0.998766 -0.0496633 0
    outer loop
      vertex 5.65258 -5.06458 4.79
      vertex 5.49833 -1.9625 6
      vertex 5.49833 -1.9625 4.79
    endloop
  endfacet
  facet normal -0.998766 -0.0496633 0
    outer loop
      vertex 5.49833 -1.9625 6
      vertex 5.65258 -5.06458 4.79
      vertex 5.65258 -5.06458 6
    endloop
  endfacet
  facet normal 0 -1 0
    outer loop
      vertex 5.65258 -5.06458 4.79
      vertex 6.32427 -5.06458 6
      vertex 5.65258 -5.06458 6
    endloop
  endfacet
  facet normal 0 -1 -0
    outer loop
      vertex 6.32427 -5.06458 6
      vertex 5.65258 -5.06458 4.79
      vertex 6.32427 -5.06458 4.79
    endloop
  endfacet
  facet normal 0.953541 -0.301263 0
    outer loop
      vertex 6.32427 -5.06458 6
      vertex 6.61147 -4.15555 4.79
      vertex 6.61147 -4.15555 6
    endloop
  endfacet
  facet normal 0.953541 -0.301263 0
    outer loop
      vertex 6.61147 -4.15555 4.79
      vertex 6.32427 -5.06458 6
      vertex 6.32427 -5.06458 4.79
    endloop
  endfacet
  facet normal 0.963171 -0.268891 0
    outer loop
      vertex 6.61147 -4.15555 6
      vertex 6.742 -3.68799 4.79
      vertex 6.742 -3.68799 6
    endloop
  endfacet
  facet normal 0.963171 -0.268891 0
    outer loop
      vertex 6.742 -3.68799 4.79
      vertex 6.61147 -4.15555 6
      vertex 6.61147 -4.15555 4.79
    endloop
  endfacet
  facet normal -0.967074 -0.254494 0
    outer loop
      vertex 6.87254 -4.18404 4.79
      vertex 6.742 -3.68799 6
      vertex 6.742 -3.68799 4.79
    endloop
  endfacet
  facet normal -0.967074 -0.254494 0
    outer loop
      vertex 6.742 -3.68799 6
      vertex 6.87254 -4.18404 4.79
      vertex 6.87254 -4.18404 6
    endloop
  endfacet
  facet normal -0.95516 -0.296091 0
    outer loop
      vertex 7.1455 -5.06458 4.79
      vertex 6.87254 -4.18404 6
      vertex 6.87254 -4.18404 4.79
    endloop
  endfacet
  facet normal -0.95516 -0.296091 0
    outer loop
      vertex 6.87254 -4.18404 6
      vertex 7.1455 -5.06458 4.79
      vertex 7.1455 -5.06458 6
    endloop
  endfacet
  facet normal 0 -1 0
    outer loop
      vertex 7.1455 -5.06458 4.79
      vertex 7.80529 -5.06458 6
      vertex 7.1455 -5.06458 6
    endloop
  endfacet
  facet normal 0 -1 -0
    outer loop
      vertex 7.80529 -5.06458 6
      vertex 7.1455 -5.06458 4.79
      vertex 7.80529 -5.06458 4.79
    endloop
  endfacet
  facet normal 0.998803 -0.0489085 0
    outer loop
      vertex 7.80529 -5.06458 6
      vertex 7.95719 -1.9625 4.79
      vertex 7.95719 -1.9625 6
    endloop
  endfacet
  facet normal 0.998803 -0.0489085 0
    outer loop
      vertex 7.95719 -1.9625 4.79
      vertex 7.80529 -5.06458 6
      vertex 7.80529 -5.06458 4.79
    endloop
  endfacet
  facet normal 0 1 -0
    outer loop
      vertex 7.95719 -1.9625 4.79
      vertex 7.46117 -1.9625 6
      vertex 7.95719 -1.9625 6
    endloop
  endfacet
  facet normal 0 1 0
    outer loop
      vertex 7.46117 -1.9625 6
      vertex 7.95719 -1.9625 4.79
      vertex 7.46117 -1.9625 4.79
    endloop
  endfacet
  facet normal -0.999564 0.0295258 0
    outer loop
      vertex 7.40894 -3.73069 4.79
      vertex 7.46117 -1.9625 6
      vertex 7.46117 -1.9625 4.79
    endloop
  endfacet
  facet normal -0.999564 0.0295258 0
    outer loop
      vertex 7.46117 -1.9625 6
      vertex 7.40894 -3.73069 4.79
      vertex 7.40894 -3.73069 6
    endloop
  endfacet
  facet normal 0.919125 0.393967 0
    outer loop
      vertex 12.6853 -4.2125 6
      vertex 12.5144 -3.81379 4.79
      vertex 12.5144 -3.81379 6
    endloop
  endfacet
  facet normal 0.919125 0.393967 0
    outer loop
      vertex 12.5144 -3.81379 4.79
      vertex 12.6853 -4.2125 6
      vertex 12.6853 -4.2125 4.79
    endloop
  endfacet
  facet normal 0.91236 0.409389 0
    outer loop
      vertex 12.5144 -3.81379 6
      vertex 11.6837 -1.9625 4.79
      vertex 11.6837 -1.9625 6
    endloop
  endfacet
  facet normal 0.91236 0.409389 0
    outer loop
      vertex 11.6837 -1.9625 4.79
      vertex 12.5144 -3.81379 6
      vertex 12.5144 -3.81379 4.79
    endloop
  endfacet
  facet normal 0 1 -0
    outer loop
      vertex 11.6837 -1.9625 4.79
      vertex 10.9716 -1.9625 6
      vertex 11.6837 -1.9625 6
    endloop
  endfacet
  facet normal 0 1 0
    outer loop
      vertex 10.9716 -1.9625 6
      vertex 11.6837 -1.9625 4.79
      vertex 10.9716 -1.9625 4.79
    endloop
  endfacet
  facet normal -1 0 0
    outer loop
      vertex 10.9716 -5.06458 4.79
      vertex 10.9716 -1.9625 6
      vertex 10.9716 -1.9625 4.79
    endloop
  endfacet
  facet normal -1 -0 0
    outer loop
      vertex 10.9716 -1.9625 6
      vertex 10.9716 -5.06458 4.79
      vertex 10.9716 -5.06458 6
    endloop
  endfacet
  facet normal 0 -1 0
    outer loop
      vertex 10.9716 -5.06458 4.79
      vertex 11.5033 -5.06458 6
      vertex 10.9716 -5.06458 6
    endloop
  endfacet
  facet normal 0 -1 -0
    outer loop
      vertex 11.5033 -5.06458 6
      vertex 10.9716 -5.06458 4.79
      vertex 11.5033 -5.06458 4.79
    endloop
  endfacet
  facet normal 1 -0 0
    outer loop
      vertex 11.5033 -5.06458 6
      vertex 11.5033 -2.83829 4.79
      vertex 11.5033 -2.83829 6
    endloop
  endfacet
  facet normal 1 0 0
    outer loop
      vertex 11.5033 -2.83829 4.79
      vertex 11.5033 -5.06458 6
      vertex 11.5033 -5.06458 4.79
    endloop
  endfacet
  facet normal -0.9247 -0.380697 0
    outer loop
      vertex 11.6528 -3.20142 4.79
      vertex 11.5033 -2.83829 6
      vertex 11.5033 -2.83829 4.79
    endloop
  endfacet
  facet normal -0.9247 -0.380697 0
    outer loop
      vertex 11.5033 -2.83829 6
      vertex 11.6528 -3.20142 4.79
      vertex 11.6528 -3.20142 6
    endloop
  endfacet
  facet normal -0.910291 -0.413969 0
    outer loop
      vertex 12.5001 -5.06458 4.79
      vertex 11.6528 -3.20142 6
      vertex 11.6528 -3.20142 4.79
    endloop
  endfacet
  facet normal -0.910291 -0.413969 0
    outer loop
      vertex 11.6528 -3.20142 6
      vertex 12.5001 -5.06458 4.79
      vertex 12.5001 -5.06458 6
    endloop
  endfacet
  facet normal 0 -1 0
    outer loop
      vertex 12.5001 -5.06458 4.79
      vertex 13.2169 -5.06458 6
      vertex 12.5001 -5.06458 6
    endloop
  endfacet
  facet normal 0 -1 -0
    outer loop
      vertex 13.2169 -5.06458 6
      vertex 12.5001 -5.06458 4.79
      vertex 13.2169 -5.06458 4.79
    endloop
  endfacet
  facet normal 1 -0 0
    outer loop
      vertex 13.2169 -5.06458 6
      vertex 13.2169 -1.9625 4.79
      vertex 13.2169 -1.9625 6
    endloop
  endfacet
  facet normal 1 0 0
    outer loop
      vertex 13.2169 -1.9625 4.79
      vertex 13.2169 -5.06458 6
      vertex 13.2169 -5.06458 4.79
    endloop
  endfacet
  facet normal 0 1 -0
    outer loop
      vertex 13.2169 -1.9625 4.79
      vertex 12.6853 -1.9625 6
      vertex 13.2169 -1.9625 6
    endloop
  endfacet
  facet normal 0 1 0
    outer loop
      vertex 12.6853 -1.9625 6
      vertex 13.2169 -1.9625 4.79
      vertex 12.6853 -1.9625 4.79
    endloop
  endfacet
  facet normal -1 0 0
    outer loop
      vertex 12.6853 -4.2125 4.79
      vertex 12.6853 -1.9625 6
      vertex 12.6853 -1.9625 4.79
    endloop
  endfacet
  facet normal -1 -0 0
    outer loop
      vertex 12.6853 -1.9625 6
      vertex 12.6853 -4.2125 4.79
      vertex 12.6853 -4.2125 6
    endloop
  endfacet
  facet normal 0 0 -1
    outer loop
      vertex -1.78001 3.61864 4.79
      vertex -1.01714 0.274124 4.79
      vertex -1.78001 0.274124 4.79
    endloop
  endfacet
  facet normal 0 0 -1
    outer loop
      vertex -1.01714 0.274124 4.79
      vertex -1.78001 3.61864 4.79
      vertex -1.01714 4.2625 4.79
    endloop
  endfacet
  facet normal 0 0 -1
    outer loop
      vertex -3.46451 4.2625 4.79
      vertex -1.78001 3.61864 4.79
      vertex -3.46451 3.61864 4.79
    endloop
  endfacet
  facet normal 0 0 -1
    outer loop
      vertex -1.78001 3.61864 4.79
      vertex -3.46451 4.2625 4.79
      vertex -1.01714 4.2625 4.79
    endloop
  endfacet
  facet normal 0 0 -1
    outer loop
      vertex 20.2446 0.274124 4.79
      vertex 18.8012 0.8936 4.79
      vertex 20.2446 0.8936 4.79
    endloop
  endfacet
  facet normal 0 0 -1
    outer loop
      vertex 18.0383 3.06934 4.79
      vertex 18.8012 2.96861 4.79
      vertex 18.8012 0.8936 4.79
    endloop
  endfacet
  facet normal 0 -0 -1
    outer loop
      vertex 18.0419 3.17967 4.79
      vertex 18.8012 2.96861 4.79
      vertex 18.0383 3.06934 4.79
    endloop
  endfacet
  facet normal 0 -0 -1
    outer loop
      vertex 18.0525 3.28612 4.79
      vertex 18.8012 2.96861 4.79
      vertex 18.0419 3.17967 4.79
    endloop
  endfacet
  facet normal 0 -0 -1
    outer loop
      vertex 18.0702 3.38866 4.79
      vertex 18.8012 2.96861 4.79
      vertex 18.0525 3.28612 4.79
    endloop
  endfacet
  facet normal 0 -0 -1
    outer loop
      vertex 18.095 3.48729 4.79
      vertex 18.8012 2.96861 4.79
      vertex 18.0702 3.38866 4.79
    endloop
  endfacet
  facet normal 0 -0 -1
    outer loop
      vertex 18.1269 3.58202 4.79
      vertex 18.8012 2.96861 4.79
      vertex 18.095 3.48729 4.79
    endloop
  endfacet
  facet normal 0 0 -1
    outer loop
      vertex 18.8012 2.96861 4.79
      vertex 18.621 4.14954 4.79
      vertex 18.7124 4.19452 4.79
    endloop
  endfacet
  facet normal 0 0 -1
    outer loop
      vertex 18.8012 2.96861 4.79
      vertex 18.5361 4.09857 4.79
      vertex 18.621 4.14954 4.79
    endloop
  endfacet
  facet normal 0 0 -1
    outer loop
      vertex 18.8012 2.96861 4.79
      vertex 18.4579 4.04164 4.79
      vertex 18.5361 4.09857 4.79
    endloop
  endfacet
  facet normal 0 0 -1
    outer loop
      vertex 18.8012 2.96861 4.79
      vertex 18.3862 3.97873 4.79
      vertex 18.4579 4.04164 4.79
    endloop
  endfacet
  facet normal 0 0 -1
    outer loop
      vertex 18.8012 2.96861 4.79
      vertex 18.1655 3.6721 4.79
      vertex 18.2108 3.75682 4.79
    endloop
  endfacet
  facet normal 0 -0 -1
    outer loop
      vertex 18.1655 3.6721 4.79
      vertex 18.8012 2.96861 4.79
      vertex 18.1269 3.58202 4.79
    endloop
  endfacet
  facet normal 0 0 -1
    outer loop
      vertex 18.8012 2.96861 4.79
      vertex 18.2108 3.75682 4.79
      vertex 18.2627 3.83617 4.79
    endloop
  endfacet
  facet normal 0 0 -1
    outer loop
      vertex 18.8012 2.96861 4.79
      vertex 18.2627 3.83617 4.79
      vertex 18.3212 3.91013 4.79
    endloop
  endfacet
  facet normal 0 0 -1
    outer loop
      vertex 18.0383 0.274124 4.79
      vertex 18.8012 0.8936 4.79
      vertex 20.2446 0.274124 4.79
    endloop
  endfacet
  facet normal 0 0 -1
    outer loop
      vertex 18.0383 3.06934 4.79
      vertex 18.8012 0.8936 4.79
      vertex 18.0383 0.274124 4.79
    endloop
  endfacet
  facet normal 0 0 -1
    outer loop
      vertex 18.8012 2.96861 4.79
      vertex 18.3212 3.91013 4.79
      vertex 18.3862 3.97873 4.79
    endloop
  endfacet
  facet normal 0 0 -1
    outer loop
      vertex 20.2436 3.41806 4.79
      vertex 20.2751 4.11909 4.79
      vertex 20.2751 3.39279 4.79
    endloop
  endfacet
  facet normal 0 0 -1
    outer loop
      vertex 20.2099 3.4426 4.79
      vertex 20.2751 4.11909 4.79
      vertex 20.2436 3.41806 4.79
    endloop
  endfacet
  facet normal 0 0 -1
    outer loop
      vertex 20.1742 3.4664 4.79
      vertex 20.2751 4.11909 4.79
      vertex 20.2099 3.4426 4.79
    endloop
  endfacet
  facet normal 0 0 -1
    outer loop
      vertex 20.1365 3.48947 4.79
      vertex 20.2751 4.11909 4.79
      vertex 20.1742 3.4664 4.79
    endloop
  endfacet
  facet normal 0 0 -1
    outer loop
      vertex 20.0966 3.51181 4.79
      vertex 20.2751 4.11909 4.79
      vertex 20.1365 3.48947 4.79
    endloop
  endfacet
  facet normal 0 0 -1
    outer loop
      vertex 20.0552 3.53325 4.79
      vertex 20.2751 4.11909 4.79
      vertex 20.0966 3.51181 4.79
    endloop
  endfacet
  facet normal 0 0 -1
    outer loop
      vertex 20.0126 3.55357 4.79
      vertex 20.2751 4.11909 4.79
      vertex 20.0552 3.53325 4.79
    endloop
  endfacet
  facet normal 0 0 -1
    outer loop
      vertex 19.969 3.57281 4.79
      vertex 20.2751 4.11909 4.79
      vertex 20.0126 3.55357 4.79
    endloop
  endfacet
  facet normal -0 0 -1
    outer loop
      vertex 20.2751 4.11909 4.79
      vertex 19.969 3.57281 4.79
      vertex 20.2045 4.15326 4.79
    endloop
  endfacet
  facet normal 0 0 -1
    outer loop
      vertex 19.9243 3.59094 4.79
      vertex 20.2045 4.15326 4.79
      vertex 19.969 3.57281 4.79
    endloop
  endfacet
  facet normal -0 0 -1
    outer loop
      vertex 20.2045 4.15326 4.79
      vertex 19.9243 3.59094 4.79
      vertex 20.1291 4.18498 4.79
    endloop
  endfacet
  facet normal 0 0 -1
    outer loop
      vertex 19.8784 3.60799 4.79
      vertex 20.1291 4.18498 4.79
      vertex 19.9243 3.59094 4.79
    endloop
  endfacet
  facet normal -0 0 -1
    outer loop
      vertex 20.1291 4.18498 4.79
      vertex 19.8784 3.60799 4.79
      vertex 20.0492 4.21426 4.79
    endloop
  endfacet
  facet normal 0 0 -1
    outer loop
      vertex 19.8318 3.62372 4.79
      vertex 20.0492 4.21426 4.79
      vertex 19.8784 3.60799 4.79
    endloop
  endfacet
  facet normal -0 0 -1
    outer loop
      vertex 20.0492 4.21426 4.79
      vertex 19.8318 3.62372 4.79
      vertex 19.9646 4.24112 4.79
    endloop
  endfacet
  facet normal 0 0 -1
    outer loop
      vertex 19.7847 3.638 4.79
      vertex 19.9646 4.24112 4.79
      vertex 19.8318 3.62372 4.79
    endloop
  endfacet
  facet normal 0 0 -1
    outer loop
      vertex 19.7371 3.65082 4.79
      vertex 19.9646 4.24112 4.79
      vertex 19.7847 3.638 4.79
    endloop
  endfacet
  facet normal -0 0 -1
    outer loop
      vertex 19.9646 4.24112 4.79
      vertex 19.7371 3.65082 4.79
      vertex 19.8754 4.2655 4.79
    endloop
  endfacet
  facet normal 0 0 -1
    outer loop
      vertex 19.689 3.66217 4.79
      vertex 19.8754 4.2655 4.79
      vertex 19.7371 3.65082 4.79
    endloop
  endfacet
  facet normal -0 0 -1
    outer loop
      vertex 19.8754 4.2655 4.79
      vertex 19.689 3.66217 4.79
      vertex 19.7831 4.28639 4.79
    endloop
  endfacet
  facet normal 0 0 -1
    outer loop
      vertex 19.6404 3.67206 4.79
      vertex 19.7831 4.28639 4.79
      vertex 19.689 3.66217 4.79
    endloop
  endfacet
  facet normal -0 0 -1
    outer loop
      vertex 19.7831 4.28639 4.79
      vertex 19.6404 3.67206 4.79
      vertex 19.6894 4.30263 4.79
    endloop
  endfacet
  facet normal 0 0 -1
    outer loop
      vertex 19.5917 3.68028 4.79
      vertex 19.6894 4.30263 4.79
      vertex 19.6404 3.67206 4.79
    endloop
  endfacet
  facet normal 0 0 -1
    outer loop
      vertex 19.5433 3.68669 4.79
      vertex 19.6894 4.30263 4.79
      vertex 19.5917 3.68028 4.79
    endloop
  endfacet
  facet normal -0 0 -1
    outer loop
      vertex 19.6894 4.30263 4.79
      vertex 19.5433 3.68669 4.79
      vertex 19.5941 4.31422 4.79
    endloop
  endfacet
  facet normal 0 0 -1
    outer loop
      vertex 19.495 3.69127 4.79
      vertex 19.5941 4.31422 4.79
      vertex 19.5433 3.68669 4.79
    endloop
  endfacet
  facet normal -0 0 -1
    outer loop
      vertex 19.5941 4.31422 4.79
      vertex 19.495 3.69127 4.79
      vertex 19.4975 4.32118 4.79
    endloop
  endfacet
  facet normal 0 0 -1
    outer loop
      vertex 19.4471 3.694 4.79
      vertex 19.4975 4.32118 4.79
      vertex 19.495 3.69127 4.79
    endloop
  endfacet
  facet normal 0 0 -1
    outer loop
      vertex 19.3993 4.32352 4.79
      vertex 19.4471 3.694 4.79
      vertex 19.3993 3.69492 4.79
    endloop
  endfacet
  facet normal 0 0 -1
    outer loop
      vertex 19.4471 3.694 4.79
      vertex 19.3993 4.32352 4.79
      vertex 19.4975 4.32118 4.79
    endloop
  endfacet
  facet normal 0 0 -1
    outer loop
      vertex 19.3587 3.69345 4.79
      vertex 19.3993 4.32352 4.79
      vertex 19.3993 3.69492 4.79
    endloop
  endfacet
  facet normal 0 0 -1
    outer loop
      vertex 19.2684 4.31992 4.79
      vertex 19.3587 3.69345 4.79
      vertex 19.3175 3.68906 4.79
    endloop
  endfacet
  facet normal 0 0 -1
    outer loop
      vertex 19.2684 4.31992 4.79
      vertex 19.3175 3.68906 4.79
      vertex 19.2757 3.68173 4.79
    endloop
  endfacet
  facet normal 0 0 -1
    outer loop
      vertex 19.3587 3.69345 4.79
      vertex 19.2684 4.31992 4.79
      vertex 19.3993 4.32352 4.79
    endloop
  endfacet
  facet normal 0 0 -1
    outer loop
      vertex 19.144 4.30911 4.79
      vertex 19.2757 3.68173 4.79
      vertex 19.2333 3.67148 4.79
    endloop
  endfacet
  facet normal 0 0 -1
    outer loop
      vertex 19.0262 4.29111 4.79
      vertex 19.2333 3.67148 4.79
      vertex 19.1903 3.65829 4.79
    endloop
  endfacet
  facet normal 0 0 -1
    outer loop
      vertex 19.0262 4.29111 4.79
      vertex 19.1903 3.65829 4.79
      vertex 19.1479 3.64169 4.79
    endloop
  endfacet
  facet normal 0 0 -1
    outer loop
      vertex 19.2757 3.68173 4.79
      vertex 19.144 4.30911 4.79
      vertex 19.2684 4.31992 4.79
    endloop
  endfacet
  facet normal 0 0 -1
    outer loop
      vertex 18.915 4.26591 4.79
      vertex 19.1479 3.64169 4.79
      vertex 19.1073 3.62119 4.79
    endloop
  endfacet
  facet normal 0 0 -1
    outer loop
      vertex 18.8104 4.23352 4.79
      vertex 19.1073 3.62119 4.79
      vertex 19.0686 3.59677 4.79
    endloop
  endfacet
  facet normal 0 0 -1
    outer loop
      vertex 18.7124 4.19452 4.79
      vertex 19.0686 3.59677 4.79
      vertex 19.0316 3.56847 4.79
    endloop
  endfacet
  facet normal 0 0 -1
    outer loop
      vertex 19.2333 3.67148 4.79
      vertex 19.0262 4.29111 4.79
      vertex 19.144 4.30911 4.79
    endloop
  endfacet
  facet normal 0 0 -1
    outer loop
      vertex 18.7124 4.19452 4.79
      vertex 19.0316 3.56847 4.79
      vertex 18.9965 3.53625 4.79
    endloop
  endfacet
  facet normal 0 0 -1
    outer loop
      vertex 18.7124 4.19452 4.79
      vertex 18.9965 3.53625 4.79
      vertex 18.9636 3.49994 4.79
    endloop
  endfacet
  facet normal 0 0 -1
    outer loop
      vertex 18.7124 4.19452 4.79
      vertex 18.9636 3.49994 4.79
      vertex 18.9331 3.45935 4.79
    endloop
  endfacet
  facet normal 0 0 -1
    outer loop
      vertex 19.1479 3.64169 4.79
      vertex 18.915 4.26591 4.79
      vertex 19.0262 4.29111 4.79
    endloop
  endfacet
  facet normal 0 0 -1
    outer loop
      vertex 18.7124 4.19452 4.79
      vertex 18.9331 3.45935 4.79
      vertex 18.905 3.41449 4.79
    endloop
  endfacet
  facet normal 0 0 -1
    outer loop
      vertex 18.7124 4.19452 4.79
      vertex 18.905 3.41449 4.79
      vertex 18.8794 3.36537 4.79
    endloop
  endfacet
  facet normal 0 0 -1
    outer loop
      vertex 18.7124 4.19452 4.79
      vertex 18.8794 3.36537 4.79
      vertex 18.8562 3.31197 4.79
    endloop
  endfacet
  facet normal 0 0 -1
    outer loop
      vertex 18.7124 4.19452 4.79
      vertex 18.8562 3.31197 4.79
      vertex 18.8364 3.2538 4.79
    endloop
  endfacet
  facet normal 0 0 -1
    outer loop
      vertex 18.7124 4.19452 4.79
      vertex 18.8364 3.2538 4.79
      vertex 18.821 3.19037 4.79
    endloop
  endfacet
  facet normal 0 0 -1
    outer loop
      vertex 19.1073 3.62119 4.79
      vertex 18.8104 4.23352 4.79
      vertex 18.915 4.26591 4.79
    endloop
  endfacet
  facet normal 0 0 -1
    outer loop
      vertex 18.7124 4.19452 4.79
      vertex 18.821 3.19037 4.79
      vertex 18.81 3.1217 4.79
    endloop
  endfacet
  facet normal 0 0 -1
    outer loop
      vertex 18.7124 4.19452 4.79
      vertex 18.81 3.1217 4.79
      vertex 18.8034 3.04779 4.79
    endloop
  endfacet
  facet normal 0 0 -1
    outer loop
      vertex 18.7124 4.19452 4.79
      vertex 18.8034 3.04779 4.79
      vertex 18.8012 2.96861 4.79
    endloop
  endfacet
  facet normal 0 0 -1
    outer loop
      vertex 19.0686 3.59677 4.79
      vertex 18.7124 4.19452 4.79
      vertex 18.8104 4.23352 4.79
    endloop
  endfacet
  facet normal 0 0 -1
    outer loop
      vertex 9.59441 2.47501 4.79
      vertex 10.2996 2.50752 4.79
      vertex 10.2951 2.31972 4.79
    endloop
  endfacet
  facet normal 0 0 -1
    outer loop
      vertex 9.58789 2.25127 4.79
      vertex 10.2951 2.31972 4.79
      vertex 10.2816 2.14255 4.79
    endloop
  endfacet
  facet normal 0 0 -1
    outer loop
      vertex 9.57976 2.14738 4.79
      vertex 10.2816 2.14255 4.79
      vertex 10.2591 1.976 4.79
    endloop
  endfacet
  facet normal 0 0 -1
    outer loop
      vertex 9.58762 2.7139 4.79
      vertex 10.2996 2.50752 4.79
      vertex 9.59441 2.47501 4.79
    endloop
  endfacet
  facet normal 0 0 -1
    outer loop
      vertex 9.56836 2.04881 4.79
      vertex 10.2591 1.976 4.79
      vertex 10.2276 1.82008 4.79
    endloop
  endfacet
  facet normal 0 0 -1
    outer loop
      vertex 9.53554 1.86783 4.79
      vertex 10.2276 1.82008 4.79
      vertex 10.1871 1.6748 4.79
    endloop
  endfacet
  facet normal 0 0 -1
    outer loop
      vertex 10.2996 2.50752 4.79
      vertex 9.58762 2.7139 4.79
      vertex 10.2855 2.84543 4.79
    endloop
  endfacet
  facet normal 0 0 -1
    outer loop
      vertex 9.51355 1.78586 4.79
      vertex 10.1871 1.6748 4.79
      vertex 10.1387 1.53983 4.79
    endloop
  endfacet
  facet normal 0 0 -1
    outer loop
      vertex 9.48778 1.70963 4.79
      vertex 10.1387 1.53983 4.79
      vertex 10.0836 1.41483 4.79
    endloop
  endfacet
  facet normal 0 0 -1
    outer loop
      vertex 10.2951 2.31972 4.79
      vertex 9.59277 2.36047 4.79
      vertex 9.59441 2.47501 4.79
    endloop
  endfacet
  facet normal 0 0 -1
    outer loop
      vertex 9.45821 1.63916 4.79
      vertex 10.0836 1.41483 4.79
      vertex 10.0217 1.29982 4.79
    endloop
  endfacet
  facet normal 0 0 -1
    outer loop
      vertex 9.42484 1.57443 4.79
      vertex 10.0217 1.29982 4.79
      vertex 9.95314 1.19479 4.79
    endloop
  endfacet
  facet normal 0 0 -1
    outer loop
      vertex 9.56728 2.9272 4.79
      vertex 10.2855 2.84543 4.79
      vertex 9.58762 2.7139 4.79
    endloop
  endfacet
  facet normal 0 0 -1
    outer loop
      vertex 9.38768 1.51556 4.79
      vertex 9.95314 1.19479 4.79
      vertex 9.87784 1.09976 4.79
    endloop
  endfacet
  facet normal 0 0 -1
    outer loop
      vertex 9.34673 1.46268 4.79
      vertex 9.87784 1.09976 4.79
      vertex 9.79648 1.01436 4.79
    endloop
  endfacet
  facet normal 0 0 -1
    outer loop
      vertex 10.2855 2.84543 4.79
      vertex 9.56728 2.9272 4.79
      vertex 10.2432 3.14961 4.79
    endloop
  endfacet
  facet normal 0 0 -1
    outer loop
      vertex 9.30197 1.41574 4.79
      vertex 9.79648 1.01436 4.79
      vertex 9.70967 0.938293 4.79
    endloop
  endfacet
  facet normal 0 0 -1
    outer loop
      vertex 9.30197 1.41574 4.79
      vertex 9.70967 0.938293 4.79
      vertex 9.61745 0.871567 4.79
    endloop
  endfacet
  facet normal 0 0 -1
    outer loop
      vertex 9.53337 3.1149 4.79
      vertex 10.2432 3.14961 4.79
      vertex 9.56728 2.9272 4.79
    endloop
  endfacet
  facet normal 0 0 -1
    outer loop
      vertex 9.48592 3.27701 4.79
      vertex 10.1727 3.42006 4.79
      vertex 9.53337 3.1149 4.79
    endloop
  endfacet
  facet normal -0 0 -1
    outer loop
      vertex 10.2432 3.14961 4.79
      vertex 9.53337 3.1149 4.79
      vertex 10.1727 3.42006 4.79
    endloop
  endfacet
  facet normal -0 0 -1
    outer loop
      vertex 10.2951 2.31972 4.79
      vertex 9.58789 2.25127 4.79
      vertex 9.59277 2.36047 4.79
    endloop
  endfacet
  facet normal 0 0 -1
    outer loop
      vertex 10.2816 2.14255 4.79
      vertex 9.57976 2.14738 4.79
      vertex 9.58789 2.25127 4.79
    endloop
  endfacet
  facet normal 0 0 -1
    outer loop
      vertex 10.2591 1.976 4.79
      vertex 9.56836 2.04881 4.79
      vertex 9.57976 2.14738 4.79
    endloop
  endfacet
  facet normal 0 0 -1
    outer loop
      vertex 10.2276 1.82008 4.79
      vertex 9.55373 1.95557 4.79
      vertex 9.56836 2.04881 4.79
    endloop
  endfacet
  facet normal 0 0 -1
    outer loop
      vertex 10.2276 1.82008 4.79
      vertex 9.53554 1.86783 4.79
      vertex 9.55373 1.95557 4.79
    endloop
  endfacet
  facet normal 0 0 -1
    outer loop
      vertex 9.25342 1.37479 4.79
      vertex 9.61745 0.871567 4.79
      vertex 9.51981 0.814178 4.79
    endloop
  endfacet
  facet normal 0 0 -1
    outer loop
      vertex 10.1871 1.6748 4.79
      vertex 9.51355 1.78586 4.79
      vertex 9.53554 1.86783 4.79
    endloop
  endfacet
  facet normal 0 0 -1
    outer loop
      vertex 10.1387 1.53983 4.79
      vertex 9.48778 1.70963 4.79
      vertex 9.51355 1.78586 4.79
    endloop
  endfacet
  facet normal 0 0 -1
    outer loop
      vertex 10.0836 1.41483 4.79
      vertex 9.45821 1.63916 4.79
      vertex 9.48778 1.70963 4.79
    endloop
  endfacet
  facet normal 0 0 -1
    outer loop
      vertex 10.0217 1.29982 4.79
      vertex 9.42484 1.57443 4.79
      vertex 9.45821 1.63916 4.79
    endloop
  endfacet
  facet normal 0 0 -1
    outer loop
      vertex 9.20108 1.3398 4.79
      vertex 9.51981 0.814178 4.79
      vertex 9.41672 0.766113 4.79
    endloop
  endfacet
  facet normal 0 0 -1
    outer loop
      vertex 9.95314 1.19479 4.79
      vertex 9.38768 1.51556 4.79
      vertex 9.42484 1.57443 4.79
    endloop
  endfacet
  facet normal 0 0 -1
    outer loop
      vertex 9.87784 1.09976 4.79
      vertex 9.34673 1.46268 4.79
      vertex 9.38768 1.51556 4.79
    endloop
  endfacet
  facet normal 0 0 -1
    outer loop
      vertex 9.14455 1.311 4.79
      vertex 9.41672 0.766113 4.79
      vertex 9.30946 0.727051 4.79
    endloop
  endfacet
  facet normal 0 0 -1
    outer loop
      vertex 9.79648 1.01436 4.79
      vertex 9.30197 1.41574 4.79
      vertex 9.34673 1.46268 4.79
    endloop
  endfacet
  facet normal 0 0 -1
    outer loop
      vertex 9.61745 0.871567 4.79
      vertex 9.25342 1.37479 4.79
      vertex 9.30197 1.41574 4.79
    endloop
  endfacet
  facet normal 0 0 -1
    outer loop
      vertex 9.51981 0.814178 4.79
      vertex 9.20108 1.3398 4.79
      vertex 9.25342 1.37479 4.79
    endloop
  endfacet
  facet normal 0 0 -1
    outer loop
      vertex 9.08347 1.2886 4.79
      vertex 9.30946 0.727051 4.79
      vertex 9.19928 0.696671 4.79
    endloop
  endfacet
  facet normal 0 0 -1
    outer loop
      vertex 9.41672 0.766113 4.79
      vertex 9.14455 1.311 4.79
      vertex 9.20108 1.3398 4.79
    endloop
  endfacet
  facet normal 0 0 -1
    outer loop
      vertex 9.01782 1.2726 4.79
      vertex 9.19928 0.696671 4.79
      vertex 9.08617 0.674957 4.79
    endloop
  endfacet
  facet normal 0 0 -1
    outer loop
      vertex 9.30946 0.727051 4.79
      vertex 9.08347 1.2886 4.79
      vertex 9.14455 1.311 4.79
    endloop
  endfacet
  facet normal 0 0 -1
    outer loop
      vertex 9.19928 0.696671 4.79
      vertex 9.01782 1.2726 4.79
      vertex 9.08347 1.2886 4.79
    endloop
  endfacet
  facet normal 0 0 -1
    outer loop
      vertex 8.94763 1.263 4.79
      vertex 9.08617 0.674957 4.79
      vertex 8.97012 0.661942 4.79
    endloop
  endfacet
  facet normal 0 0 -1
    outer loop
      vertex 9.08617 0.674957 4.79
      vertex 8.94763 1.263 4.79
      vertex 9.01782 1.2726 4.79
    endloop
  endfacet
  facet normal 0 0 -1
    outer loop
      vertex 8.97012 0.661942 4.79
      vertex 8.87288 1.2598 4.79
      vertex 8.94763 1.263 4.79
    endloop
  endfacet
  facet normal 0 0 -1
    outer loop
      vertex 8.85117 0.657593 4.79
      vertex 8.87288 1.2598 4.79
      vertex 8.97012 0.661942 4.79
    endloop
  endfacet
  facet normal 0 0 -1
    outer loop
      vertex 8.85117 0.657593 4.79
      vertex 8.72748 1.27217 4.79
      vertex 8.87288 1.2598 4.79
    endloop
  endfacet
  facet normal 0 0 -1
    outer loop
      vertex 8.58511 0.676147 4.79
      vertex 8.72748 1.27217 4.79
      vertex 8.85117 0.657593 4.79
    endloop
  endfacet
  facet normal -0 0 -1
    outer loop
      vertex 8.72748 1.27217 4.79
      vertex 8.58511 0.676147 4.79
      vertex 8.59944 1.30928 4.79
    endloop
  endfacet
  facet normal 0 0 -1
    outer loop
      vertex 8.34685 0.731812 4.79
      vertex 8.59944 1.30928 4.79
      vertex 8.58511 0.676147 4.79
    endloop
  endfacet
  facet normal -0 0 -1
    outer loop
      vertex 8.59944 1.30928 4.79
      vertex 8.34685 0.731812 4.79
      vertex 8.48877 1.37112 4.79
    endloop
  endfacet
  facet normal 0 0 -1
    outer loop
      vertex 8.13635 0.824585 4.79
      vertex 8.48877 1.37112 4.79
      vertex 8.34685 0.731812 4.79
    endloop
  endfacet
  facet normal 0 0 -1
    outer loop
      vertex 7.95364 0.954453 4.79
      vertex 8.48877 1.37112 4.79
      vertex 8.13635 0.824585 4.79
    endloop
  endfacet
  facet normal -0 0 -1
    outer loop
      vertex 8.48877 1.37112 4.79
      vertex 7.95364 0.954453 4.79
      vertex 8.39546 1.45772 4.79
    endloop
  endfacet
  facet normal 0 0 -1
    outer loop
      vertex 7.79872 1.12144 4.79
      vertex 8.39546 1.45772 4.79
      vertex 7.95364 0.954453 4.79
    endloop
  endfacet
  facet normal -0 0 -1
    outer loop
      vertex 8.39546 1.45772 4.79
      vertex 7.79872 1.12144 4.79
      vertex 8.31952 1.56905 4.79
    endloop
  endfacet
  facet normal 0 0 -1
    outer loop
      vertex 7.57303 1.56065 4.79
      vertex 8.25897 1.70552 4.79
      vertex 7.67177 1.32401 4.79
    endloop
  endfacet
  facet normal -0 0 -1
    outer loop
      vertex 8.31952 1.56905 4.79
      vertex 7.67177 1.32401 4.79
      vertex 8.25897 1.70552 4.79
    endloop
  endfacet
  facet normal 0 0 -1
    outer loop
      vertex 7.67177 1.32401 4.79
      vertex 8.31952 1.56905 4.79
      vertex 7.79872 1.12144 4.79
    endloop
  endfacet
  facet normal -0 0 -1
    outer loop
      vertex 10.1727 3.42006 4.79
      vertex 9.48592 3.27701 4.79
      vertex 10.074 3.65675 4.79
    endloop
  endfacet
  facet normal 0 0 -1
    outer loop
      vertex 9.42488 3.4135 4.79
      vertex 10.074 3.65675 4.79
      vertex 9.48592 3.27701 4.79
    endloop
  endfacet
  facet normal -0 0 -1
    outer loop
      vertex 10.074 3.65675 4.79
      vertex 9.42488 3.4135 4.79
      vertex 9.94704 3.85971 4.79
    endloop
  endfacet
  facet normal 0 0 -1
    outer loop
      vertex 9.34854 3.52481 4.79
      vertex 9.94704 3.85971 4.79
      vertex 9.42488 3.4135 4.79
    endloop
  endfacet
  facet normal -0 0 -1
    outer loop
      vertex 9.94704 3.85971 4.79
      vertex 9.34854 3.52481 4.79
      vertex 9.7921 4.02718 4.79
    endloop
  endfacet
  facet normal 0 0 -1
    outer loop
      vertex 9.25517 3.61139 4.79
      vertex 9.7921 4.02718 4.79
      vertex 9.34854 3.52481 4.79
    endloop
  endfacet
  facet normal -0 0 -1
    outer loop
      vertex 9.7921 4.02718 4.79
      vertex 9.25517 3.61139 4.79
      vertex 9.60938 4.15744 4.79
    endloop
  endfacet
  facet normal -0 0 -1
    outer loop
      vertex 9.60938 4.15744 4.79
      vertex 9.25517 3.61139 4.79
      vertex 9.39888 4.25047 4.79
    endloop
  endfacet
  facet normal 0 0 -1
    outer loop
      vertex 9.14478 3.67323 4.79
      vertex 9.39888 4.25047 4.79
      vertex 9.25517 3.61139 4.79
    endloop
  endfacet
  facet normal -0 0 -1
    outer loop
      vertex 9.39888 4.25047 4.79
      vertex 9.14478 3.67323 4.79
      vertex 9.16061 4.30627 4.79
    endloop
  endfacet
  facet normal 0 0 -1
    outer loop
      vertex 9.01735 3.71034 4.79
      vertex 9.16061 4.30627 4.79
      vertex 9.14478 3.67323 4.79
    endloop
  endfacet
  facet normal 0 0 -1
    outer loop
      vertex 9.01735 3.71034 4.79
      vertex 8.89456 4.32489 4.79
      vertex 9.16061 4.30627 4.79
    endloop
  endfacet
  facet normal 0 0 -1
    outer loop
      vertex 8.87288 3.7227 4.79
      vertex 8.89456 4.32489 4.79
      vertex 9.01735 3.71034 4.79
    endloop
  endfacet
  facet normal 0 0 -1
    outer loop
      vertex 8.77559 4.32056 4.79
      vertex 8.87288 3.7227 4.79
      vertex 8.79807 3.7195 4.79
    endloop
  endfacet
  facet normal 0 0 -1
    outer loop
      vertex 8.87288 3.7227 4.79
      vertex 8.77559 4.32056 4.79
      vertex 8.89456 4.32489 4.79
    endloop
  endfacet
  facet normal 0 0 -1
    outer loop
      vertex 8.65955 4.30753 4.79
      vertex 8.79807 3.7195 4.79
      vertex 8.72771 3.7099 4.79
    endloop
  endfacet
  facet normal 0 0 -1
    outer loop
      vertex 8.54645 4.28584 4.79
      vertex 8.72771 3.7099 4.79
      vertex 8.66179 3.69391 4.79
    endloop
  endfacet
  facet normal 0 0 -1
    outer loop
      vertex 8.79807 3.7195 4.79
      vertex 8.65955 4.30753 4.79
      vertex 8.77559 4.32056 4.79
    endloop
  endfacet
  facet normal 0 0 -1
    outer loop
      vertex 8.43626 4.25548 4.79
      vertex 8.66179 3.69391 4.79
      vertex 8.60033 3.67151 4.79
    endloop
  endfacet
  facet normal 0 0 -1
    outer loop
      vertex 8.72771 3.7099 4.79
      vertex 8.54645 4.28584 4.79
      vertex 8.65955 4.30753 4.79
    endloop
  endfacet
  facet normal 0 0 -1
    outer loop
      vertex 8.32899 4.21643 4.79
      vertex 8.60033 3.67151 4.79
      vertex 8.54332 3.6427 4.79
    endloop
  endfacet
  facet normal 0 0 -1
    outer loop
      vertex 8.22592 4.16835 4.79
      vertex 8.54332 3.6427 4.79
      vertex 8.49052 3.60771 4.79
    endloop
  endfacet
  facet normal 0 0 -1
    outer loop
      vertex 8.12827 4.11095 4.79
      vertex 8.49052 3.60771 4.79
      vertex 8.44176 3.56674 4.79
    endloop
  endfacet
  facet normal 0 0 -1
    outer loop
      vertex 8.66179 3.69391 4.79
      vertex 8.43626 4.25548 4.79
      vertex 8.54645 4.28584 4.79
    endloop
  endfacet
  facet normal 0 0 -1
    outer loop
      vertex 7.94925 3.96817 4.79
      vertex 8.44176 3.56674 4.79
      vertex 8.39699 3.51982 4.79
    endloop
  endfacet
  facet normal 0 0 -1
    outer loop
      vertex 7.86787 3.88278 4.79
      vertex 8.39699 3.51982 4.79
      vertex 8.35625 3.46692 4.79
    endloop
  endfacet
  facet normal 0 0 -1
    outer loop
      vertex 8.60033 3.67151 4.79
      vertex 8.32899 4.21643 4.79
      vertex 8.43626 4.25548 4.79
    endloop
  endfacet
  facet normal 0 0 -1
    outer loop
      vertex 7.79259 3.78773 4.79
      vertex 8.35625 3.46692 4.79
      vertex 8.31952 3.40807 4.79
    endloop
  endfacet
  facet normal 0 0 -1
    outer loop
      vertex 7.72403 3.68269 4.79
      vertex 8.31952 3.40807 4.79
      vertex 8.28665 3.34335 4.79
    endloop
  endfacet
  facet normal 0 0 -1
    outer loop
      vertex 7.66219 3.56767 4.79
      vertex 8.28665 3.34335 4.79
      vertex 8.25746 3.27289 4.79
    endloop
  endfacet
  facet normal 0 0 -1
    outer loop
      vertex 7.60707 3.44269 4.79
      vertex 8.25746 3.27289 4.79
      vertex 8.23196 3.19667 4.79
    endloop
  endfacet
  facet normal 0 0 -1
    outer loop
      vertex 8.54332 3.6427 4.79
      vertex 8.22592 4.16835 4.79
      vertex 8.32899 4.21643 4.79
    endloop
  endfacet
  facet normal 0 0 -1
    outer loop
      vertex 7.55869 3.30771 4.79
      vertex 8.23196 3.19667 4.79
      vertex 8.21016 3.1147 4.79
    endloop
  endfacet
  facet normal 0 0 -1
    outer loop
      vertex 7.51814 3.16241 4.79
      vertex 8.21016 3.1147 4.79
      vertex 8.19205 3.02698 4.79
    endloop
  endfacet
  facet normal 0 0 -1
    outer loop
      vertex 7.51814 3.16241 4.79
      vertex 8.19205 3.02698 4.79
      vertex 8.17738 2.93372 4.79
    endloop
  endfacet
  facet normal 0 0 -1
    outer loop
      vertex 7.48662 3.0065 4.79
      vertex 8.17738 2.93372 4.79
      vertex 8.16599 2.83514 4.79
    endloop
  endfacet
  facet normal 0 0 -1
    outer loop
      vertex 7.4641 2.83997 4.79
      vertex 8.16599 2.83514 4.79
      vertex 8.15784 2.73125 4.79
    endloop
  endfacet
  facet normal 0 0 -1
    outer loop
      vertex 8.49052 3.60771 4.79
      vertex 8.12827 4.11095 4.79
      vertex 8.22592 4.16835 4.79
    endloop
  endfacet
  facet normal 0 0 -1
    outer loop
      vertex 7.45059 2.66281 4.79
      vertex 8.15784 2.73125 4.79
      vertex 8.15295 2.62204 4.79
    endloop
  endfacet
  facet normal 0 0 -1
    outer loop
      vertex 7.45059 2.66281 4.79
      vertex 8.15295 2.62204 4.79
      vertex 8.15132 2.50752 4.79
    endloop
  endfacet
  facet normal -0 0 -1
    outer loop
      vertex 8.25897 1.70552 4.79
      vertex 7.57303 1.56065 4.79
      vertex 8.21187 1.86761 4.79
    endloop
  endfacet
  facet normal 0 -0 -1
    outer loop
      vertex 7.45059 2.66281 4.79
      vertex 8.15132 2.50752 4.79
      vertex 7.44608 2.47501 4.79
    endloop
  endfacet
  facet normal 0 0 -1
    outer loop
      vertex 7.5025 1.83136 4.79
      vertex 8.21187 1.86761 4.79
      vertex 7.57303 1.56065 4.79
    endloop
  endfacet
  facet normal -0 0 -1
    outer loop
      vertex 8.15784 2.73125 4.79
      vertex 7.45059 2.66281 4.79
      vertex 7.4641 2.83997 4.79
    endloop
  endfacet
  facet normal 0 0 -1
    outer loop
      vertex 8.16599 2.83514 4.79
      vertex 7.4641 2.83997 4.79
      vertex 7.48662 3.0065 4.79
    endloop
  endfacet
  facet normal -0 0 -1
    outer loop
      vertex 8.21187 1.86761 4.79
      vertex 7.5025 1.83136 4.79
      vertex 8.17824 2.05531 4.79
    endloop
  endfacet
  facet normal 0 0 -1
    outer loop
      vertex 8.17738 2.93372 4.79
      vertex 7.48662 3.0065 4.79
      vertex 7.51814 3.16241 4.79
    endloop
  endfacet
  facet normal 0 0 -1
    outer loop
      vertex 8.21016 3.1147 4.79
      vertex 7.51814 3.16241 4.79
      vertex 7.55869 3.30771 4.79
    endloop
  endfacet
  facet normal 0 0 -1
    outer loop
      vertex 7.46019 2.13615 4.79
      vertex 8.17824 2.05531 4.79
      vertex 7.5025 1.83136 4.79
    endloop
  endfacet
  facet normal 0 0 -1
    outer loop
      vertex 8.23196 3.19667 4.79
      vertex 7.55869 3.30771 4.79
      vertex 7.60707 3.44269 4.79
    endloop
  endfacet
  facet normal 0 0 -1
    outer loop
      vertex 8.25746 3.27289 4.79
      vertex 7.60707 3.44269 4.79
      vertex 7.66219 3.56767 4.79
    endloop
  endfacet
  facet normal 0 0 -1
    outer loop
      vertex 8.17824 2.05531 4.79
      vertex 7.46019 2.13615 4.79
      vertex 8.15805 2.26862 4.79
    endloop
  endfacet
  facet normal 0 0 -1
    outer loop
      vertex 8.28665 3.34335 4.79
      vertex 7.66219 3.56767 4.79
      vertex 7.72403 3.68269 4.79
    endloop
  endfacet
  facet normal 0 0 -1
    outer loop
      vertex 8.35625 3.46692 4.79
      vertex 7.79259 3.78773 4.79
      vertex 7.86787 3.88278 4.79
    endloop
  endfacet
  facet normal 0 0 -1
    outer loop
      vertex 7.44608 2.47501 4.79
      vertex 8.15805 2.26862 4.79
      vertex 7.46019 2.13615 4.79
    endloop
  endfacet
  facet normal 0 0 -1
    outer loop
      vertex 8.15805 2.26862 4.79
      vertex 7.44608 2.47501 4.79
      vertex 8.15132 2.50752 4.79
    endloop
  endfacet
  facet normal 0 0 -1
    outer loop
      vertex 8.44176 3.56674 4.79
      vertex 8.03604 4.04422 4.79
      vertex 8.12827 4.11095 4.79
    endloop
  endfacet
  facet normal 0 0 -1
    outer loop
      vertex 8.31952 3.40807 4.79
      vertex 7.72403 3.68269 4.79
      vertex 7.79259 3.78773 4.79
    endloop
  endfacet
  facet normal 0 0 -1
    outer loop
      vertex 8.44176 3.56674 4.79
      vertex 7.94925 3.96817 4.79
      vertex 8.03604 4.04422 4.79
    endloop
  endfacet
  facet normal 0 0 -1
    outer loop
      vertex 8.39699 3.51982 4.79
      vertex 7.86787 3.88278 4.79
      vertex 7.94925 3.96817 4.79
    endloop
  endfacet
  facet normal 0 0 -1
    outer loop
      vertex 1.17796 2.16304 4.79
      vertex 2.56676 2.71367 4.79
      vertex 2.56676 2.16304 4.79
    endloop
  endfacet
  facet normal -0 0 -1
    outer loop
      vertex 2.56676 2.71367 4.79
      vertex 1.17796 2.16304 4.79
      vertex 1.17796 2.71367 4.79
    endloop
  endfacet
  facet normal 0 0 -1
    outer loop
      vertex 2.56676 2.16304 4.79
      vertex 3.24487 0.717285 4.79
      vertex 2.56676 1.28148 4.79
    endloop
  endfacet
  facet normal 0 0 -1
    outer loop
      vertex 1.11015 0.717285 4.79
      vertex 2.56676 1.28148 4.79
      vertex 3.24487 0.717285 4.79
    endloop
  endfacet
  facet normal -0 0 -1
    outer loop
      vertex 2.56676 1.28148 4.79
      vertex 1.11015 0.717285 4.79
      vertex 1.11015 1.28148 4.79
    endloop
  endfacet
  facet normal 0 0 -1
    outer loop
      vertex 2.56676 2.71367 4.79
      vertex 3.24487 0.717285 4.79
      vertex 2.56676 2.16304 4.79
    endloop
  endfacet
  facet normal 0 0 -1
    outer loop
      vertex 3.24487 0.717285 4.79
      vertex 2.56676 2.71367 4.79
      vertex 3.24487 4.2625 4.79
    endloop
  endfacet
  facet normal 0 0 -1
    outer loop
      vertex 2.56676 3.6983 4.79
      vertex 3.24487 4.2625 4.79
      vertex 2.56676 2.71367 4.79
    endloop
  endfacet
  facet normal 0 0 -1
    outer loop
      vertex 1.11015 4.2625 4.79
      vertex 2.56676 3.6983 4.79
      vertex 1.11015 3.6983 4.79
    endloop
  endfacet
  facet normal 0 0 -1
    outer loop
      vertex 2.56676 3.6983 4.79
      vertex 1.11015 4.2625 4.79
      vertex 3.24487 4.2625 4.79
    endloop
  endfacet
  facet normal 0 0 -1
    outer loop
      vertex -18.2776 2.47501 4.79
      vertex -17.5723 2.50752 4.79
      vertex -17.5768 2.31972 4.79
    endloop
  endfacet
  facet normal 0 0 -1
    outer loop
      vertex -18.2841 2.25127 4.79
      vertex -17.5768 2.31972 4.79
      vertex -17.5903 2.14255 4.79
    endloop
  endfacet
  facet normal 0 0 -1
    outer loop
      vertex -18.2922 2.14738 4.79
      vertex -17.5903 2.14255 4.79
      vertex -17.6129 1.976 4.79
    endloop
  endfacet
  facet normal 0 0 -1
    outer loop
      vertex -18.2844 2.7139 4.79
      vertex -17.5723 2.50752 4.79
      vertex -18.2776 2.47501 4.79
    endloop
  endfacet
  facet normal 0 0 -1
    outer loop
      vertex -18.3036 2.04881 4.79
      vertex -17.6129 1.976 4.79
      vertex -17.6444 1.82008 4.79
    endloop
  endfacet
  facet normal 0 0 -1
    outer loop
      vertex -18.3364 1.86783 4.79
      vertex -17.6444 1.82008 4.79
      vertex -17.6849 1.6748 4.79
    endloop
  endfacet
  facet normal 0 0 -1
    outer loop
      vertex -17.5723 2.50752 4.79
      vertex -18.2844 2.7139 4.79
      vertex -17.5864 2.84543 4.79
    endloop
  endfacet
  facet normal 0 0 -1
    outer loop
      vertex -18.3584 1.78586 4.79
      vertex -17.6849 1.6748 4.79
      vertex -17.7333 1.53983 4.79
    endloop
  endfacet
  facet normal 0 0 -1
    outer loop
      vertex -18.3842 1.70963 4.79
      vertex -17.7333 1.53983 4.79
      vertex -17.7884 1.41483 4.79
    endloop
  endfacet
  facet normal 0 0 -1
    outer loop
      vertex -17.5768 2.31972 4.79
      vertex -18.2792 2.36047 4.79
      vertex -18.2776 2.47501 4.79
    endloop
  endfacet
  facet normal 0 0 -1
    outer loop
      vertex -18.4138 1.63916 4.79
      vertex -17.7884 1.41483 4.79
      vertex -17.8503 1.29982 4.79
    endloop
  endfacet
  facet normal 0 0 -1
    outer loop
      vertex -18.4471 1.57443 4.79
      vertex -17.8503 1.29982 4.79
      vertex -17.9188 1.19479 4.79
    endloop
  endfacet
  facet normal 0 0 -1
    outer loop
      vertex -18.3047 2.9272 4.79
      vertex -17.5864 2.84543 4.79
      vertex -18.2844 2.7139 4.79
    endloop
  endfacet
  facet normal 0 0 -1
    outer loop
      vertex -18.4843 1.51556 4.79
      vertex -17.9188 1.19479 4.79
      vertex -17.9941 1.09976 4.79
    endloop
  endfacet
  facet normal 0 0 -1
    outer loop
      vertex -18.5253 1.46268 4.79
      vertex -17.9941 1.09976 4.79
      vertex -18.0755 1.01436 4.79
    endloop
  endfacet
  facet normal 0 0 -1
    outer loop
      vertex -17.5864 2.84543 4.79
      vertex -18.3047 2.9272 4.79
      vertex -17.6288 3.14961 4.79
    endloop
  endfacet
  facet normal 0 0 -1
    outer loop
      vertex -18.57 1.41574 4.79
      vertex -18.0755 1.01436 4.79
      vertex -18.1623 0.938293 4.79
    endloop
  endfacet
  facet normal 0 0 -1
    outer loop
      vertex -18.57 1.41574 4.79
      vertex -18.1623 0.938293 4.79
      vertex -18.2545 0.871567 4.79
    endloop
  endfacet
  facet normal 0 0 -1
    outer loop
      vertex -18.3386 3.1149 4.79
      vertex -17.6288 3.14961 4.79
      vertex -18.3047 2.9272 4.79
    endloop
  endfacet
  facet normal 0 0 -1
    outer loop
      vertex -18.3861 3.27701 4.79
      vertex -17.6993 3.42006 4.79
      vertex -18.3386 3.1149 4.79
    endloop
  endfacet
  facet normal -0 0 -1
    outer loop
      vertex -17.6288 3.14961 4.79
      vertex -18.3386 3.1149 4.79
      vertex -17.6993 3.42006 4.79
    endloop
  endfacet
  facet normal -0 0 -1
    outer loop
      vertex -17.5768 2.31972 4.79
      vertex -18.2841 2.25127 4.79
      vertex -18.2792 2.36047 4.79
    endloop
  endfacet
  facet normal 0 0 -1
    outer loop
      vertex -17.5903 2.14255 4.79
      vertex -18.2922 2.14738 4.79
      vertex -18.2841 2.25127 4.79
    endloop
  endfacet
  facet normal 0 0 -1
    outer loop
      vertex -17.6129 1.976 4.79
      vertex -18.3036 2.04881 4.79
      vertex -18.2922 2.14738 4.79
    endloop
  endfacet
  facet normal 0 0 -1
    outer loop
      vertex -17.6444 1.82008 4.79
      vertex -18.3183 1.95557 4.79
      vertex -18.3036 2.04881 4.79
    endloop
  endfacet
  facet normal 0 0 -1
    outer loop
      vertex -17.6444 1.82008 4.79
      vertex -18.3364 1.86783 4.79
      vertex -18.3183 1.95557 4.79
    endloop
  endfacet
  facet normal 0 0 -1
    outer loop
      vertex -18.6186 1.37479 4.79
      vertex -18.2545 0.871567 4.79
      vertex -18.3522 0.814178 4.79
    endloop
  endfacet
  facet normal 0 0 -1
    outer loop
      vertex -17.6849 1.6748 4.79
      vertex -18.3584 1.78586 4.79
      vertex -18.3364 1.86783 4.79
    endloop
  endfacet
  facet normal 0 0 -1
    outer loop
      vertex -17.7333 1.53983 4.79
      vertex -18.3842 1.70963 4.79
      vertex -18.3584 1.78586 4.79
    endloop
  endfacet
  facet normal 0 0 -1
    outer loop
      vertex -17.7884 1.41483 4.79
      vertex -18.4138 1.63916 4.79
      vertex -18.3842 1.70963 4.79
    endloop
  endfacet
  facet normal 0 0 -1
    outer loop
      vertex -17.8503 1.29982 4.79
      vertex -18.4471 1.57443 4.79
      vertex -18.4138 1.63916 4.79
    endloop
  endfacet
  facet normal 0 0 -1
    outer loop
      vertex -18.6709 1.3398 4.79
      vertex -18.3522 0.814178 4.79
      vertex -18.4553 0.766113 4.79
    endloop
  endfacet
  facet normal 0 0 -1
    outer loop
      vertex -17.9188 1.19479 4.79
      vertex -18.4843 1.51556 4.79
      vertex -18.4471 1.57443 4.79
    endloop
  endfacet
  facet normal 0 0 -1
    outer loop
      vertex -17.9941 1.09976 4.79
      vertex -18.5253 1.46268 4.79
      vertex -18.4843 1.51556 4.79
    endloop
  endfacet
  facet normal 0 0 -1
    outer loop
      vertex -18.7274 1.311 4.79
      vertex -18.4553 0.766113 4.79
      vertex -18.5625 0.727051 4.79
    endloop
  endfacet
  facet normal 0 0 -1
    outer loop
      vertex -18.0755 1.01436 4.79
      vertex -18.57 1.41574 4.79
      vertex -18.5253 1.46268 4.79
    endloop
  endfacet
  facet normal 0 0 -1
    outer loop
      vertex -18.2545 0.871567 4.79
      vertex -18.6186 1.37479 4.79
      vertex -18.57 1.41574 4.79
    endloop
  endfacet
  facet normal 0 0 -1
    outer loop
      vertex -18.3522 0.814178 4.79
      vertex -18.6709 1.3398 4.79
      vertex -18.6186 1.37479 4.79
    endloop
  endfacet
  facet normal 0 0 -1
    outer loop
      vertex -18.7885 1.2886 4.79
      vertex -18.5625 0.727051 4.79
      vertex -18.6727 0.696671 4.79
    endloop
  endfacet
  facet normal 0 0 -1
    outer loop
      vertex -18.4553 0.766113 4.79
      vertex -18.7274 1.311 4.79
      vertex -18.6709 1.3398 4.79
    endloop
  endfacet
  facet normal 0 0 -1
    outer loop
      vertex -18.8542 1.2726 4.79
      vertex -18.6727 0.696671 4.79
      vertex -18.7858 0.674957 4.79
    endloop
  endfacet
  facet normal 0 0 -1
    outer loop
      vertex -18.5625 0.727051 4.79
      vertex -18.7885 1.2886 4.79
      vertex -18.7274 1.311 4.79
    endloop
  endfacet
  facet normal 0 0 -1
    outer loop
      vertex -18.6727 0.696671 4.79
      vertex -18.8542 1.2726 4.79
      vertex -18.7885 1.2886 4.79
    endloop
  endfacet
  facet normal 0 0 -1
    outer loop
      vertex -18.9243 1.263 4.79
      vertex -18.7858 0.674957 4.79
      vertex -18.9019 0.661942 4.79
    endloop
  endfacet
  facet normal 0 0 -1
    outer loop
      vertex -18.7858 0.674957 4.79
      vertex -18.9243 1.263 4.79
      vertex -18.8542 1.2726 4.79
    endloop
  endfacet
  facet normal 0 0 -1
    outer loop
      vertex -18.9019 0.661942 4.79
      vertex -18.9991 1.2598 4.79
      vertex -18.9243 1.263 4.79
    endloop
  endfacet
  facet normal 0 0 -1
    outer loop
      vertex -19.0208 0.657593 4.79
      vertex -18.9991 1.2598 4.79
      vertex -18.9019 0.661942 4.79
    endloop
  endfacet
  facet normal 0 0 -1
    outer loop
      vertex -19.0208 0.657593 4.79
      vertex -19.1445 1.27217 4.79
      vertex -18.9991 1.2598 4.79
    endloop
  endfacet
  facet normal 0 0 -1
    outer loop
      vertex -19.2869 0.676147 4.79
      vertex -19.1445 1.27217 4.79
      vertex -19.0208 0.657593 4.79
    endloop
  endfacet
  facet normal -0 0 -1
    outer loop
      vertex -19.1445 1.27217 4.79
      vertex -19.2869 0.676147 4.79
      vertex -19.2725 1.30928 4.79
    endloop
  endfacet
  facet normal 0 0 -1
    outer loop
      vertex -19.5251 0.731812 4.79
      vertex -19.2725 1.30928 4.79
      vertex -19.2869 0.676147 4.79
    endloop
  endfacet
  facet normal -0 0 -1
    outer loop
      vertex -19.2725 1.30928 4.79
      vertex -19.5251 0.731812 4.79
      vertex -19.3832 1.37112 4.79
    endloop
  endfacet
  facet normal 0 0 -1
    outer loop
      vertex -19.7356 0.824585 4.79
      vertex -19.3832 1.37112 4.79
      vertex -19.5251 0.731812 4.79
    endloop
  endfacet
  facet normal 0 0 -1
    outer loop
      vertex -19.9183 0.954453 4.79
      vertex -19.3832 1.37112 4.79
      vertex -19.7356 0.824585 4.79
    endloop
  endfacet
  facet normal -0 0 -1
    outer loop
      vertex -19.3832 1.37112 4.79
      vertex -19.9183 0.954453 4.79
      vertex -19.4765 1.45772 4.79
    endloop
  endfacet
  facet normal 0 0 -1
    outer loop
      vertex -20.0733 1.12144 4.79
      vertex -19.4765 1.45772 4.79
      vertex -19.9183 0.954453 4.79
    endloop
  endfacet
  facet normal -0 0 -1
    outer loop
      vertex -19.4765 1.45772 4.79
      vertex -20.0733 1.12144 4.79
      vertex -19.5525 1.56905 4.79
    endloop
  endfacet
  facet normal 0 0 -1
    outer loop
      vertex -20.299 1.56065 4.79
      vertex -19.613 1.70552 4.79
      vertex -20.2002 1.32401 4.79
    endloop
  endfacet
  facet normal -0 0 -1
    outer loop
      vertex -19.5525 1.56905 4.79
      vertex -20.2002 1.32401 4.79
      vertex -19.613 1.70552 4.79
    endloop
  endfacet
  facet normal 0 0 -1
    outer loop
      vertex -20.2002 1.32401 4.79
      vertex -19.5525 1.56905 4.79
      vertex -20.0733 1.12144 4.79
    endloop
  endfacet
  facet normal -0 0 -1
    outer loop
      vertex -17.6993 3.42006 4.79
      vertex -18.3861 3.27701 4.79
      vertex -17.798 3.65675 4.79
    endloop
  endfacet
  facet normal 0 0 -1
    outer loop
      vertex -18.4471 3.4135 4.79
      vertex -17.798 3.65675 4.79
      vertex -18.3861 3.27701 4.79
    endloop
  endfacet
  facet normal -0 0 -1
    outer loop
      vertex -17.798 3.65675 4.79
      vertex -18.4471 3.4135 4.79
      vertex -17.9249 3.85971 4.79
    endloop
  endfacet
  facet normal 0 0 -1
    outer loop
      vertex -18.5234 3.52481 4.79
      vertex -17.9249 3.85971 4.79
      vertex -18.4471 3.4135 4.79
    endloop
  endfacet
  facet normal -0 0 -1
    outer loop
      vertex -17.9249 3.85971 4.79
      vertex -18.5234 3.52481 4.79
      vertex -18.0799 4.02718 4.79
    endloop
  endfacet
  facet normal 0 0 -1
    outer loop
      vertex -18.6168 3.61139 4.79
      vertex -18.0799 4.02718 4.79
      vertex -18.5234 3.52481 4.79
    endloop
  endfacet
  facet normal -0 0 -1
    outer loop
      vertex -18.0799 4.02718 4.79
      vertex -18.6168 3.61139 4.79
      vertex -18.2626 4.15744 4.79
    endloop
  endfacet
  facet normal -0 0 -1
    outer loop
      vertex -18.2626 4.15744 4.79
      vertex -18.6168 3.61139 4.79
      vertex -18.4731 4.25047 4.79
    endloop
  endfacet
  facet normal 0 0 -1
    outer loop
      vertex -18.7272 3.67323 4.79
      vertex -18.4731 4.25047 4.79
      vertex -18.6168 3.61139 4.79
    endloop
  endfacet
  facet normal -0 0 -1
    outer loop
      vertex -18.4731 4.25047 4.79
      vertex -18.7272 3.67323 4.79
      vertex -18.7114 4.30627 4.79
    endloop
  endfacet
  facet normal 0 0 -1
    outer loop
      vertex -18.8546 3.71034 4.79
      vertex -18.7114 4.30627 4.79
      vertex -18.7272 3.67323 4.79
    endloop
  endfacet
  facet normal 0 0 -1
    outer loop
      vertex -18.8546 3.71034 4.79
      vertex -18.9774 4.32489 4.79
      vertex -18.7114 4.30627 4.79
    endloop
  endfacet
  facet normal 0 0 -1
    outer loop
      vertex -18.9991 3.7227 4.79
      vertex -18.9774 4.32489 4.79
      vertex -18.8546 3.71034 4.79
    endloop
  endfacet
  facet normal 0 0 -1
    outer loop
      vertex -19.0964 4.32056 4.79
      vertex -18.9991 3.7227 4.79
      vertex -19.0739 3.7195 4.79
    endloop
  endfacet
  facet normal 0 0 -1
    outer loop
      vertex -18.9991 3.7227 4.79
      vertex -19.0964 4.32056 4.79
      vertex -18.9774 4.32489 4.79
    endloop
  endfacet
  facet normal 0 0 -1
    outer loop
      vertex -19.2124 4.30753 4.79
      vertex -19.0739 3.7195 4.79
      vertex -19.1443 3.7099 4.79
    endloop
  endfacet
  facet normal 0 0 -1
    outer loop
      vertex -19.3255 4.28584 4.79
      vertex -19.1443 3.7099 4.79
      vertex -19.2102 3.69391 4.79
    endloop
  endfacet
  facet normal 0 0 -1
    outer loop
      vertex -19.0739 3.7195 4.79
      vertex -19.2124 4.30753 4.79
      vertex -19.0964 4.32056 4.79
    endloop
  endfacet
  facet normal 0 0 -1
    outer loop
      vertex -19.4357 4.25548 4.79
      vertex -19.2102 3.69391 4.79
      vertex -19.2717 3.67151 4.79
    endloop
  endfacet
  facet normal 0 0 -1
    outer loop
      vertex -19.1443 3.7099 4.79
      vertex -19.3255 4.28584 4.79
      vertex -19.2124 4.30753 4.79
    endloop
  endfacet
  facet normal 0 0 -1
    outer loop
      vertex -19.543 4.21643 4.79
      vertex -19.2717 3.67151 4.79
      vertex -19.3287 3.6427 4.79
    endloop
  endfacet
  facet normal 0 0 -1
    outer loop
      vertex -19.6461 4.16835 4.79
      vertex -19.3287 3.6427 4.79
      vertex -19.3815 3.60771 4.79
    endloop
  endfacet
  facet normal 0 0 -1
    outer loop
      vertex -19.7437 4.11095 4.79
      vertex -19.3815 3.60771 4.79
      vertex -19.4302 3.56674 4.79
    endloop
  endfacet
  facet normal 0 0 -1
    outer loop
      vertex -19.2102 3.69391 4.79
      vertex -19.4357 4.25548 4.79
      vertex -19.3255 4.28584 4.79
    endloop
  endfacet
  facet normal 0 0 -1
    outer loop
      vertex -19.9227 3.96817 4.79
      vertex -19.4302 3.56674 4.79
      vertex -19.475 3.51982 4.79
    endloop
  endfacet
  facet normal 0 0 -1
    outer loop
      vertex -20.0041 3.88278 4.79
      vertex -19.475 3.51982 4.79
      vertex -19.5157 3.46692 4.79
    endloop
  endfacet
  facet normal 0 0 -1
    outer loop
      vertex -19.2717 3.67151 4.79
      vertex -19.543 4.21643 4.79
      vertex -19.4357 4.25548 4.79
    endloop
  endfacet
  facet normal 0 0 -1
    outer loop
      vertex -20.0794 3.78773 4.79
      vertex -19.5157 3.46692 4.79
      vertex -19.5525 3.40807 4.79
    endloop
  endfacet
  facet normal 0 0 -1
    outer loop
      vertex -20.1479 3.68269 4.79
      vertex -19.5525 3.40807 4.79
      vertex -19.5853 3.34335 4.79
    endloop
  endfacet
  facet normal 0 0 -1
    outer loop
      vertex -20.2098 3.56767 4.79
      vertex -19.5853 3.34335 4.79
      vertex -19.6145 3.27289 4.79
    endloop
  endfacet
  facet normal 0 0 -1
    outer loop
      vertex -20.2649 3.44269 4.79
      vertex -19.6145 3.27289 4.79
      vertex -19.64 3.19667 4.79
    endloop
  endfacet
  facet normal 0 0 -1
    outer loop
      vertex -19.3287 3.6427 4.79
      vertex -19.6461 4.16835 4.79
      vertex -19.543 4.21643 4.79
    endloop
  endfacet
  facet normal 0 0 -1
    outer loop
      vertex -20.3133 3.30771 4.79
      vertex -19.64 3.19667 4.79
      vertex -19.6618 3.1147 4.79
    endloop
  endfacet
  facet normal 0 0 -1
    outer loop
      vertex -20.3538 3.16241 4.79
      vertex -19.6618 3.1147 4.79
      vertex -19.6799 3.02698 4.79
    endloop
  endfacet
  facet normal 0 0 -1
    outer loop
      vertex -20.3538 3.16241 4.79
      vertex -19.6799 3.02698 4.79
      vertex -19.6946 2.93372 4.79
    endloop
  endfacet
  facet normal 0 0 -1
    outer loop
      vertex -20.3854 3.0065 4.79
      vertex -19.6946 2.93372 4.79
      vertex -19.706 2.83514 4.79
    endloop
  endfacet
  facet normal 0 0 -1
    outer loop
      vertex -20.4079 2.83997 4.79
      vertex -19.706 2.83514 4.79
      vertex -19.7141 2.73125 4.79
    endloop
  endfacet
  facet normal 0 0 -1
    outer loop
      vertex -19.3815 3.60771 4.79
      vertex -19.7437 4.11095 4.79
      vertex -19.6461 4.16835 4.79
    endloop
  endfacet
  facet normal 0 0 -1
    outer loop
      vertex -20.4214 2.66281 4.79
      vertex -19.7141 2.73125 4.79
      vertex -19.719 2.62204 4.79
    endloop
  endfacet
  facet normal 0 0 -1
    outer loop
      vertex -20.4214 2.66281 4.79
      vertex -19.719 2.62204 4.79
      vertex -19.7207 2.50752 4.79
    endloop
  endfacet
  facet normal -0 0 -1
    outer loop
      vertex -19.613 1.70552 4.79
      vertex -20.299 1.56065 4.79
      vertex -19.6601 1.86761 4.79
    endloop
  endfacet
  facet normal 0 -0 -1
    outer loop
      vertex -20.4214 2.66281 4.79
      vertex -19.7207 2.50752 4.79
      vertex -20.4259 2.47501 4.79
    endloop
  endfacet
  facet normal 0 0 -1
    outer loop
      vertex -20.3695 1.83136 4.79
      vertex -19.6601 1.86761 4.79
      vertex -20.299 1.56065 4.79
    endloop
  endfacet
  facet normal -0 0 -1
    outer loop
      vertex -19.7141 2.73125 4.79
      vertex -20.4214 2.66281 4.79
      vertex -20.4079 2.83997 4.79
    endloop
  endfacet
  facet normal 0 0 -1
    outer loop
      vertex -19.706 2.83514 4.79
      vertex -20.4079 2.83997 4.79
      vertex -20.3854 3.0065 4.79
    endloop
  endfacet
  facet normal -0 0 -1
    outer loop
      vertex -19.6601 1.86761 4.79
      vertex -20.3695 1.83136 4.79
      vertex -19.6937 2.05531 4.79
    endloop
  endfacet
  facet normal 0 0 -1
    outer loop
      vertex -19.6946 2.93372 4.79
      vertex -20.3854 3.0065 4.79
      vertex -20.3538 3.16241 4.79
    endloop
  endfacet
  facet normal 0 0 -1
    outer loop
      vertex -19.6618 3.1147 4.79
      vertex -20.3538 3.16241 4.79
      vertex -20.3133 3.30771 4.79
    endloop
  endfacet
  facet normal 0 0 -1
    outer loop
      vertex -20.4118 2.13615 4.79
      vertex -19.6937 2.05531 4.79
      vertex -20.3695 1.83136 4.79
    endloop
  endfacet
  facet normal 0 0 -1
    outer loop
      vertex -19.64 3.19667 4.79
      vertex -20.3133 3.30771 4.79
      vertex -20.2649 3.44269 4.79
    endloop
  endfacet
  facet normal 0 0 -1
    outer loop
      vertex -19.6145 3.27289 4.79
      vertex -20.2649 3.44269 4.79
      vertex -20.2098 3.56767 4.79
    endloop
  endfacet
  facet normal 0 0 -1
    outer loop
      vertex -19.6937 2.05531 4.79
      vertex -20.4118 2.13615 4.79
      vertex -19.7139 2.26862 4.79
    endloop
  endfacet
  facet normal 0 0 -1
    outer loop
      vertex -19.5853 3.34335 4.79
      vertex -20.2098 3.56767 4.79
      vertex -20.1479 3.68269 4.79
    endloop
  endfacet
  facet normal 0 0 -1
    outer loop
      vertex -19.5157 3.46692 4.79
      vertex -20.0794 3.78773 4.79
      vertex -20.0041 3.88278 4.79
    endloop
  endfacet
  facet normal 0 0 -1
    outer loop
      vertex -20.4259 2.47501 4.79
      vertex -19.7139 2.26862 4.79
      vertex -20.4118 2.13615 4.79
    endloop
  endfacet
  facet normal 0 0 -1
    outer loop
      vertex -19.7139 2.26862 4.79
      vertex -20.4259 2.47501 4.79
      vertex -19.7207 2.50752 4.79
    endloop
  endfacet
  facet normal 0 0 -1
    outer loop
      vertex -19.4302 3.56674 4.79
      vertex -19.8359 4.04422 4.79
      vertex -19.7437 4.11095 4.79
    endloop
  endfacet
  facet normal 0 0 -1
    outer loop
      vertex -19.5525 3.40807 4.79
      vertex -20.1479 3.68269 4.79
      vertex -20.0794 3.78773 4.79
    endloop
  endfacet
  facet normal 0 0 -1
    outer loop
      vertex -19.4302 3.56674 4.79
      vertex -19.9227 3.96817 4.79
      vertex -19.8359 4.04422 4.79
    endloop
  endfacet
  facet normal 0 0 -1
    outer loop
      vertex -19.475 3.51982 4.79
      vertex -20.0041 3.88278 4.79
      vertex -19.9227 3.96817 4.79
    endloop
  endfacet
  facet normal 0 0 -1
    outer loop
      vertex -7.71497 2.37045 4.79
      vertex -8.44493 2.38454 4.79
      vertex -8.44276 2.49124 4.79
    endloop
  endfacet
  facet normal 0 0 -1
    outer loop
      vertex -8.33362 0.986969 4.79
      vertex -8.45145 2.2814 4.79
      vertex -8.44493 2.38454 4.79
    endloop
  endfacet
  facet normal 0 0 -1
    outer loop
      vertex -8.33362 0.986969 4.79
      vertex -8.4623 2.18187 4.79
      vertex -8.45145 2.2814 4.79
    endloop
  endfacet
  facet normal 0 0 -1
    outer loop
      vertex -8.33362 0.986969 4.79
      vertex -8.47748 2.08591 4.79
      vertex -8.4623 2.18187 4.79
    endloop
  endfacet
  facet normal 0 0 -1
    outer loop
      vertex -8.33362 0.986969 4.79
      vertex -8.49701 1.99352 4.79
      vertex -8.47748 2.08591 4.79
    endloop
  endfacet
  facet normal 0 0 -1
    outer loop
      vertex -8.33362 0.986969 4.79
      vertex -8.52116 1.90541 4.79
      vertex -8.49701 1.99352 4.79
    endloop
  endfacet
  facet normal 0 0 -1
    outer loop
      vertex -8.82785 1.43236 4.79
      vertex -8.43643 0.913727 4.79
      vertex -8.54651 0.849609 4.79
    endloop
  endfacet
  facet normal 0 0 -1
    outer loop
      vertex -8.33362 0.986969 4.79
      vertex -8.55019 1.8223 4.79
      vertex -8.52116 1.90541 4.79
    endloop
  endfacet
  facet normal 0 0 -1
    outer loop
      vertex -8.33362 0.986969 4.79
      vertex -8.58411 1.74417 4.79
      vertex -8.55019 1.8223 4.79
    endloop
  endfacet
  facet normal 0 0 -1
    outer loop
      vertex -8.33362 0.986969 4.79
      vertex -8.62289 1.67105 4.79
      vertex -8.58411 1.74417 4.79
    endloop
  endfacet
  facet normal 0 0 -1
    outer loop
      vertex -8.8918 1.38722 4.79
      vertex -8.54651 0.849609 4.79
      vertex -8.66385 0.794601 4.79
    endloop
  endfacet
  facet normal 0 0 -1
    outer loop
      vertex -8.33362 0.986969 4.79
      vertex -8.66656 1.60292 4.79
      vertex -8.62289 1.67105 4.79
    endloop
  endfacet
  facet normal 0 0 -1
    outer loop
      vertex -8.33362 0.986969 4.79
      vertex -8.71523 1.54021 4.79
      vertex -8.66656 1.60292 4.79
    endloop
  endfacet
  facet normal 0 0 -1
    outer loop
      vertex -8.33362 0.986969 4.79
      vertex -8.76898 1.48335 4.79
      vertex -8.71523 1.54021 4.79
    endloop
  endfacet
  facet normal 0 0 -1
    outer loop
      vertex -8.96085 1.34796 4.79
      vertex -8.66385 0.794601 4.79
      vertex -8.78781 0.749176 4.79
    endloop
  endfacet
  facet normal 0 0 -1
    outer loop
      vertex -8.43643 0.913727 4.79
      vertex -8.82785 1.43236 4.79
      vertex -8.76898 1.48335 4.79
    endloop
  endfacet
  facet normal 0 0 -1
    outer loop
      vertex -8.54651 0.849609 4.79
      vertex -8.8918 1.38722 4.79
      vertex -8.82785 1.43236 4.79
    endloop
  endfacet
  facet normal 0 0 -1
    outer loop
      vertex -9.03539 1.31525 4.79
      vertex -8.78781 0.749176 4.79
      vertex -8.91774 0.713852 4.79
    endloop
  endfacet
  facet normal 0 0 -1
    outer loop
      vertex -8.66385 0.794601 4.79
      vertex -8.96085 1.34796 4.79
      vertex -8.8918 1.38722 4.79
    endloop
  endfacet
  facet normal 0 0 -1
    outer loop
      vertex -8.78781 0.749176 4.79
      vertex -9.03539 1.31525 4.79
      vertex -8.96085 1.34796 4.79
    endloop
  endfacet
  facet normal 0 0 -1
    outer loop
      vertex -9.1158 1.28979 4.79
      vertex -8.91774 0.713852 4.79
      vertex -9.05363 0.688629 4.79
    endloop
  endfacet
  facet normal 0 0 -1
    outer loop
      vertex -8.91774 0.713852 4.79
      vertex -9.1158 1.28979 4.79
      vertex -9.03539 1.31525 4.79
    endloop
  endfacet
  facet normal 0 0 -1
    outer loop
      vertex -9.20204 1.27162 4.79
      vertex -9.05363 0.688629 4.79
      vertex -9.1955 0.673492 4.79
    endloop
  endfacet
  facet normal 0 0 -1
    outer loop
      vertex -9.05363 0.688629 4.79
      vertex -9.20204 1.27162 4.79
      vertex -9.1158 1.28979 4.79
    endloop
  endfacet
  facet normal 0 0 -1
    outer loop
      vertex -9.1955 0.673492 4.79
      vertex -9.29416 1.26071 4.79
      vertex -9.20204 1.27162 4.79
    endloop
  endfacet
  facet normal 0 0 -1
    outer loop
      vertex -9.34332 0.668442 4.79
      vertex -9.29416 1.26071 4.79
      vertex -9.1955 0.673492 4.79
    endloop
  endfacet
  facet normal 0 0 -1
    outer loop
      vertex -9.39214 1.25708 4.79
      vertex -9.34332 0.668442 4.79
      vertex -9.39156 0.668655 4.79
    endloop
  endfacet
  facet normal 0 0 -1
    outer loop
      vertex -9.34332 0.668442 4.79
      vertex -9.39214 1.25708 4.79
      vertex -9.29416 1.26071 4.79
    endloop
  endfacet
  facet normal 0 0 -1
    outer loop
      vertex -9.43858 0.669312 4.79
      vertex -9.39214 1.25708 4.79
      vertex -9.39156 0.668655 4.79
    endloop
  endfacet
  facet normal 0 0 -1
    outer loop
      vertex -9.43858 0.669312 4.79
      vertex -9.46202 1.25893 4.79
      vertex -9.39214 1.25708 4.79
    endloop
  endfacet
  facet normal 0 0 -1
    outer loop
      vertex -9.48442 0.670395 4.79
      vertex -9.46202 1.25893 4.79
      vertex -9.43858 0.669312 4.79
    endloop
  endfacet
  facet normal 0 0 -1
    outer loop
      vertex -9.52907 0.671921 4.79
      vertex -9.46202 1.25893 4.79
      vertex -9.48442 0.670395 4.79
    endloop
  endfacet
  facet normal 0 0 -1
    outer loop
      vertex -9.52907 0.671921 4.79
      vertex -9.53493 1.26447 4.79
      vertex -9.46202 1.25893 4.79
    endloop
  endfacet
  facet normal 0 0 -1
    outer loop
      vertex -9.57253 0.673874 4.79
      vertex -9.53493 1.26447 4.79
      vertex -9.52907 0.671921 4.79
    endloop
  endfacet
  facet normal 0 0 -1
    outer loop
      vertex -9.61523 0.676437 4.79
      vertex -9.53493 1.26447 4.79
      vertex -9.57253 0.673874 4.79
    endloop
  endfacet
  facet normal -0 0 -1
    outer loop
      vertex -9.53493 1.26447 4.79
      vertex -9.61523 0.676437 4.79
      vertex -9.61089 1.27368 4.79
    endloop
  endfacet
  facet normal 0 0 -1
    outer loop
      vertex -9.65759 0.679749 4.79
      vertex -9.61089 1.27368 4.79
      vertex -9.61523 0.676437 4.79
    endloop
  endfacet
  facet normal 0 0 -1
    outer loop
      vertex -9.69963 0.683823 4.79
      vertex -9.61089 1.27368 4.79
      vertex -9.65759 0.679749 4.79
    endloop
  endfacet
  facet normal 0 0 -1
    outer loop
      vertex -9.74135 0.688644 4.79
      vertex -9.61089 1.27368 4.79
      vertex -9.69963 0.683823 4.79
    endloop
  endfacet
  facet normal -0 0 -1
    outer loop
      vertex -9.61089 1.27368 4.79
      vertex -9.74135 0.688644 4.79
      vertex -9.68987 1.28659 4.79
    endloop
  endfacet
  facet normal 0 0 -1
    outer loop
      vertex -9.78273 0.694244 4.79
      vertex -9.68987 1.28659 4.79
      vertex -9.74135 0.688644 4.79
    endloop
  endfacet
  facet normal 0 0 -1
    outer loop
      vertex -9.82407 0.700592 4.79
      vertex -9.68987 1.28659 4.79
      vertex -9.78273 0.694244 4.79
    endloop
  endfacet
  facet normal -0 0 -1
    outer loop
      vertex -9.68987 1.28659 4.79
      vertex -9.82407 0.700592 4.79
      vertex -9.77188 1.30321 4.79
    endloop
  endfacet
  facet normal 0 0 -1
    outer loop
      vertex -9.86563 0.707687 4.79
      vertex -9.77188 1.30321 4.79
      vertex -9.82407 0.700592 4.79
    endloop
  endfacet
  facet normal 0 0 -1
    outer loop
      vertex -9.90741 0.715561 4.79
      vertex -9.77188 1.30321 4.79
      vertex -9.86563 0.707687 4.79
    endloop
  endfacet
  facet normal 0 0 -1
    outer loop
      vertex -9.9494 0.724182 4.79
      vertex -9.77188 1.30321 4.79
      vertex -9.90741 0.715561 4.79
    endloop
  endfacet
  facet normal -0 0 -1
    outer loop
      vertex -9.77188 1.30321 4.79
      vertex -9.9494 0.724182 4.79
      vertex -9.85631 1.32413 4.79
    endloop
  endfacet
  facet normal 0 0 -1
    outer loop
      vertex -9.99161 0.733566 4.79
      vertex -9.85631 1.32413 4.79
      vertex -9.9494 0.724182 4.79
    endloop
  endfacet
  facet normal 0 0 -1
    outer loop
      vertex -10.0343 0.743866 4.79
      vertex -9.85631 1.32413 4.79
      vertex -9.99161 0.733566 4.79
    endloop
  endfacet
  facet normal 0 0 -1
    outer loop
      vertex -10.0775 0.755249 4.79
      vertex -9.85631 1.32413 4.79
      vertex -10.0343 0.743866 4.79
    endloop
  endfacet
  facet normal -0 0 -1
    outer loop
      vertex -9.85631 1.32413 4.79
      vertex -10.0775 0.755249 4.79
      vertex -9.94246 1.35005 4.79
    endloop
  endfacet
  facet normal 0 0 -1
    outer loop
      vertex -10.1215 0.767731 4.79
      vertex -9.94246 1.35005 4.79
      vertex -10.0775 0.755249 4.79
    endloop
  endfacet
  facet normal 0 0 -1
    outer loop
      vertex -10.1661 0.781311 4.79
      vertex -9.94246 1.35005 4.79
      vertex -10.1215 0.767731 4.79
    endloop
  endfacet
  facet normal -0 0 -1
    outer loop
      vertex -9.94246 1.35005 4.79
      vertex -10.1661 0.781311 4.79
      vertex -10.0303 1.38098 4.79
    endloop
  endfacet
  facet normal 0 0 -1
    outer loop
      vertex -10.2113 0.795959 4.79
      vertex -10.0303 1.38098 4.79
      vertex -10.1661 0.781311 4.79
    endloop
  endfacet
  facet normal -0 0 -1
    outer loop
      vertex -10.0303 1.38098 4.79
      vertex -10.2113 0.795959 4.79
      vertex -10.12 1.41689 4.79
    endloop
  endfacet
  facet normal -0 0 -1
    outer loop
      vertex -10.12 1.41689 4.79
      vertex -10.2113 0.795959 4.79
      vertex -10.2113 1.45779 4.79
    endloop
  endfacet
  facet normal 0 0 -1
    outer loop
      vertex -8.44276 2.49124 4.79
      vertex -7.7104 2.54552 4.79
      vertex -7.71497 2.37045 4.79
    endloop
  endfacet
  facet normal 0 0 -1
    outer loop
      vertex -8.44499 2.60382 4.79
      vertex -7.7104 2.54552 4.79
      vertex -8.44276 2.49124 4.79
    endloop
  endfacet
  facet normal 0 0 -1
    outer loop
      vertex -8.44493 2.38454 4.79
      vertex -7.71497 2.37045 4.79
      vertex -7.72864 2.20331 4.79
    endloop
  endfacet
  facet normal 0 0 -1
    outer loop
      vertex -7.7104 2.54552 4.79
      vertex -8.44499 2.60382 4.79
      vertex -7.71458 2.7159 4.79
    endloop
  endfacet
  facet normal 0 0 -1
    outer loop
      vertex -8.44493 2.38454 4.79
      vertex -7.72864 2.20331 4.79
      vertex -7.75142 2.04408 4.79
    endloop
  endfacet
  facet normal 0 0 -1
    outer loop
      vertex -8.45166 2.7115 4.79
      vertex -7.71458 2.7159 4.79
      vertex -8.44499 2.60382 4.79
    endloop
  endfacet
  facet normal 0 0 -1
    outer loop
      vertex -8.44493 2.38454 4.79
      vertex -7.75142 2.04408 4.79
      vertex -7.78331 1.89278 4.79
    endloop
  endfacet
  facet normal -0 0 -1
    outer loop
      vertex -7.71458 2.7159 4.79
      vertex -8.45166 2.7115 4.79
      vertex -7.72711 2.87772 4.79
    endloop
  endfacet
  facet normal 0 0 -1
    outer loop
      vertex -8.44493 2.38454 4.79
      vertex -7.78331 1.89278 4.79
      vertex -7.82433 1.7494 4.79
    endloop
  endfacet
  facet normal 0 0 -1
    outer loop
      vertex -8.46278 2.8143 4.79
      vertex -7.72711 2.87772 4.79
      vertex -8.45166 2.7115 4.79
    endloop
  endfacet
  facet normal 0 0 -1
    outer loop
      vertex -8.44493 2.38454 4.79
      vertex -7.82433 1.7494 4.79
      vertex -7.87379 1.61432 4.79
    endloop
  endfacet
  facet normal -0 0 -1
    outer loop
      vertex -7.72711 2.87772 4.79
      vertex -8.46278 2.8143 4.79
      vertex -7.74799 3.03098 4.79
    endloop
  endfacet
  facet normal 0 0 -1
    outer loop
      vertex -8.44493 2.38454 4.79
      vertex -7.87379 1.61432 4.79
      vertex -7.93109 1.48792 4.79
    endloop
  endfacet
  facet normal 0 0 -1
    outer loop
      vertex -8.47835 2.91223 4.79
      vertex -7.74799 3.03098 4.79
      vertex -8.46278 2.8143 4.79
    endloop
  endfacet
  facet normal 0 0 -1
    outer loop
      vertex -8.44493 2.38454 4.79
      vertex -7.93109 1.48792 4.79
      vertex -7.99619 1.37019 4.79
    endloop
  endfacet
  facet normal -0 0 -1
    outer loop
      vertex -7.74799 3.03098 4.79
      vertex -8.47835 2.91223 4.79
      vertex -7.77722 3.17566 4.79
    endloop
  endfacet
  facet normal 0 0 -1
    outer loop
      vertex -8.44493 2.38454 4.79
      vertex -7.99619 1.37019 4.79
      vertex -8.06909 1.26115 4.79
    endloop
  endfacet
  facet normal 0 0 -1
    outer loop
      vertex -8.49837 3.00526 4.79
      vertex -7.77722 3.17566 4.79
      vertex -8.47835 2.91223 4.79
    endloop
  endfacet
  facet normal 0 0 -1
    outer loop
      vertex -8.44493 2.38454 4.79
      vertex -8.06909 1.26115 4.79
      vertex -8.14981 1.1608 4.79
    endloop
  endfacet
  facet normal -0 0 -1
    outer loop
      vertex -7.77722 3.17566 4.79
      vertex -8.49837 3.00526 4.79
      vertex -7.8148 3.31178 4.79
    endloop
  endfacet
  facet normal 0 0 -1
    outer loop
      vertex -8.44493 2.38454 4.79
      vertex -8.14981 1.1608 4.79
      vertex -8.23808 1.06932 4.79
    endloop
  endfacet
  facet normal 0 0 -1
    outer loop
      vertex -8.52306 3.09309 4.79
      vertex -7.8148 3.31178 4.79
      vertex -8.49837 3.00526 4.79
    endloop
  endfacet
  facet normal 0 0 -1
    outer loop
      vertex -8.44493 2.38454 4.79
      vertex -8.23808 1.06932 4.79
      vertex -8.33362 0.986969 4.79
    endloop
  endfacet
  facet normal -0 0 -1
    outer loop
      vertex -7.8148 3.31178 4.79
      vertex -8.52306 3.09309 4.79
      vertex -7.86049 3.43933 4.79
    endloop
  endfacet
  facet normal 0 0 -1
    outer loop
      vertex -8.76898 1.48335 4.79
      vertex -8.33362 0.986969 4.79
      vertex -8.43643 0.913727 4.79
    endloop
  endfacet
  facet normal 0 0 -1
    outer loop
      vertex -8.55261 3.17538 4.79
      vertex -7.86049 3.43933 4.79
      vertex -8.52306 3.09309 4.79
    endloop
  endfacet
  facet normal -0 0 -1
    outer loop
      vertex -7.86049 3.43933 4.79
      vertex -8.55261 3.17538 4.79
      vertex -7.91399 3.55829 4.79
    endloop
  endfacet
  facet normal 0 0 -1
    outer loop
      vertex -8.58707 3.25214 4.79
      vertex -7.91399 3.55829 4.79
      vertex -8.55261 3.17538 4.79
    endloop
  endfacet
  facet normal -0 0 -1
    outer loop
      vertex -7.91399 3.55829 4.79
      vertex -8.58707 3.25214 4.79
      vertex -7.97528 3.66869 4.79
    endloop
  endfacet
  facet normal 0 0 -1
    outer loop
      vertex -8.62639 3.32336 4.79
      vertex -7.97528 3.66869 4.79
      vertex -8.58707 3.25214 4.79
    endloop
  endfacet
  facet normal -0 0 -1
    outer loop
      vertex -7.97528 3.66869 4.79
      vertex -8.62639 3.32336 4.79
      vertex -8.0444 3.77052 4.79
    endloop
  endfacet
  facet normal 0 0 -1
    outer loop
      vertex -8.67061 3.38907 4.79
      vertex -8.0444 3.77052 4.79
      vertex -8.62639 3.32336 4.79
    endloop
  endfacet
  facet normal -0 0 -1
    outer loop
      vertex -8.0444 3.77052 4.79
      vertex -8.67061 3.38907 4.79
      vertex -8.12132 3.86378 4.79
    endloop
  endfacet
  facet normal 0 0 -1
    outer loop
      vertex -8.71986 3.44901 4.79
      vertex -8.12132 3.86378 4.79
      vertex -8.67061 3.38907 4.79
    endloop
  endfacet
  facet normal -0 0 -1
    outer loop
      vertex -8.12132 3.86378 4.79
      vertex -8.71986 3.44901 4.79
      vertex -8.20586 3.94835 4.79
    endloop
  endfacet
  facet normal -0 0 -1
    outer loop
      vertex -8.20586 3.94835 4.79
      vertex -8.71986 3.44901 4.79
      vertex -8.29774 4.02414 4.79
    endloop
  endfacet
  facet normal 0 0 -1
    outer loop
      vertex -8.77434 3.50299 4.79
      vertex -8.29774 4.02414 4.79
      vertex -8.71986 3.44901 4.79
    endloop
  endfacet
  facet normal -0 0 -1
    outer loop
      vertex -8.29774 4.02414 4.79
      vertex -8.77434 3.50299 4.79
      vertex -8.39703 4.09114 4.79
    endloop
  endfacet
  facet normal 0 0 -1
    outer loop
      vertex -8.834 3.55101 4.79
      vertex -8.39703 4.09114 4.79
      vertex -8.77434 3.50299 4.79
    endloop
  endfacet
  facet normal -0 0 -1
    outer loop
      vertex -8.39703 4.09114 4.79
      vertex -8.834 3.55101 4.79
      vertex -8.50369 4.14935 4.79
    endloop
  endfacet
  facet normal 0 0 -1
    outer loop
      vertex -8.89888 3.59306 4.79
      vertex -8.50369 4.14935 4.79
      vertex -8.834 3.55101 4.79
    endloop
  endfacet
  facet normal -0 0 -1
    outer loop
      vertex -8.50369 4.14935 4.79
      vertex -8.89888 3.59306 4.79
      vertex -8.61772 4.19879 4.79
    endloop
  endfacet
  facet normal -0 0 -1
    outer loop
      vertex -8.61772 4.19879 4.79
      vertex -8.89888 3.59306 4.79
      vertex -8.73898 4.2393 4.79
    endloop
  endfacet
  facet normal 0 0 -1
    outer loop
      vertex -8.96896 3.62915 4.79
      vertex -8.73898 4.2393 4.79
      vertex -8.89888 3.59306 4.79
    endloop
  endfacet
  facet normal -0 0 -1
    outer loop
      vertex -8.73898 4.2393 4.79
      vertex -8.96896 3.62915 4.79
      vertex -8.86728 4.27081 4.79
    endloop
  endfacet
  facet normal 0 0 -1
    outer loop
      vertex -9.04439 3.65892 4.79
      vertex -8.86728 4.27081 4.79
      vertex -8.96896 3.62915 4.79
    endloop
  endfacet
  facet normal -0 0 -1
    outer loop
      vertex -8.86728 4.27081 4.79
      vertex -9.04439 3.65892 4.79
      vertex -9.00264 4.29332 4.79
    endloop
  endfacet
  facet normal 0 0 -1
    outer loop
      vertex -9.12523 3.68208 4.79
      vertex -9.00264 4.29332 4.79
      vertex -9.04439 3.65892 4.79
    endloop
  endfacet
  facet normal 0 0 -1
    outer loop
      vertex -9.12523 3.68208 4.79
      vertex -9.14503 4.30682 4.79
      vertex -9.00264 4.29332 4.79
    endloop
  endfacet
  facet normal 0 0 -1
    outer loop
      vertex -9.21149 3.69862 4.79
      vertex -9.14503 4.30682 4.79
      vertex -9.12523 3.68208 4.79
    endloop
  endfacet
  facet normal 0 0 -1
    outer loop
      vertex -9.30318 3.70856 4.79
      vertex -9.14503 4.30682 4.79
      vertex -9.21149 3.69862 4.79
    endloop
  endfacet
  facet normal -0 0 -1
    outer loop
      vertex -9.14503 4.30682 4.79
      vertex -9.30318 3.70856 4.79
      vertex -9.29449 4.31133 4.79
    endloop
  endfacet
  facet normal 0 0 -1
    outer loop
      vertex -9.30318 3.70856 4.79
      vertex -9.38927 4.30948 4.79
      vertex -9.29449 4.31133 4.79
    endloop
  endfacet
  facet normal 0 0 -1
    outer loop
      vertex -9.40028 3.71187 4.79
      vertex -9.38927 4.30948 4.79
      vertex -9.30318 3.70856 4.79
    endloop
  endfacet
  facet normal 0 0 -1
    outer loop
      vertex -9.48264 4.30396 4.79
      vertex -9.40028 3.71187 4.79
      vertex -9.43669 3.71117 4.79
    endloop
  endfacet
  facet normal 0 0 -1
    outer loop
      vertex -9.48264 4.30396 4.79
      vertex -9.43669 3.71117 4.79
      vertex -9.47429 3.70905 4.79
    endloop
  endfacet
  facet normal 0 0 -1
    outer loop
      vertex -9.40028 3.71187 4.79
      vertex -9.48264 4.30396 4.79
      vertex -9.38927 4.30948 4.79
    endloop
  endfacet
  facet normal 0 0 -1
    outer loop
      vertex -9.57458 4.29472 4.79
      vertex -9.47429 3.70905 4.79
      vertex -9.51308 3.70552 4.79
    endloop
  endfacet
  facet normal 0 0 -1
    outer loop
      vertex -9.57458 4.29472 4.79
      vertex -9.51308 3.70552 4.79
      vertex -9.55304 3.70058 4.79
    endloop
  endfacet
  facet normal 0 0 -1
    outer loop
      vertex -9.47429 3.70905 4.79
      vertex -9.57458 4.29472 4.79
      vertex -9.48264 4.30396 4.79
    endloop
  endfacet
  facet normal 0 0 -1
    outer loop
      vertex -9.66513 4.28181 4.79
      vertex -9.55304 3.70058 4.79
      vertex -9.59421 3.69423 4.79
    endloop
  endfacet
  facet normal 0 0 -1
    outer loop
      vertex -9.75424 4.26521 4.79
      vertex -9.59421 3.69423 4.79
      vertex -9.63609 3.68674 4.79
    endloop
  endfacet
  facet normal 0 0 -1
    outer loop
      vertex -9.55304 3.70058 4.79
      vertex -9.66513 4.28181 4.79
      vertex -9.57458 4.29472 4.79
    endloop
  endfacet
  facet normal 0 0 -1
    outer loop
      vertex -9.75424 4.26521 4.79
      vertex -9.63609 3.68674 4.79
      vertex -9.67819 3.67838 4.79
    endloop
  endfacet
  facet normal 0 0 -1
    outer loop
      vertex -9.84328 4.24483 4.79
      vertex -9.67819 3.67838 4.79
      vertex -9.7205 3.66916 4.79
    endloop
  endfacet
  facet normal 0 0 -1
    outer loop
      vertex -9.59421 3.69423 4.79
      vertex -9.75424 4.26521 4.79
      vertex -9.66513 4.28181 4.79
    endloop
  endfacet
  facet normal 0 0 -1
    outer loop
      vertex -9.84328 4.24483 4.79
      vertex -9.7205 3.66916 4.79
      vertex -9.76303 3.65906 4.79
    endloop
  endfacet
  facet normal 0 0 -1
    outer loop
      vertex -9.9335 4.22052 4.79
      vertex -9.76303 3.65906 4.79
      vertex -9.80577 3.6481 4.79
    endloop
  endfacet
  facet normal 0 0 -1
    outer loop
      vertex -9.67819 3.67838 4.79
      vertex -9.84328 4.24483 4.79
      vertex -9.75424 4.26521 4.79
    endloop
  endfacet
  facet normal 0 0 -1
    outer loop
      vertex -10.0249 4.19231 4.79
      vertex -9.80577 3.6481 4.79
      vertex -9.84853 3.63628 4.79
    endloop
  endfacet
  facet normal 0 0 -1
    outer loop
      vertex -10.0249 4.19231 4.79
      vertex -9.84853 3.63628 4.79
      vertex -9.89107 3.62358 4.79
    endloop
  endfacet
  facet normal 0 0 -1
    outer loop
      vertex -10.1175 4.1602 4.79
      vertex -9.89107 3.62358 4.79
      vertex -9.93338 3.61003 4.79
    endloop
  endfacet
  facet normal 0 0 -1
    outer loop
      vertex -9.76303 3.65906 4.79
      vertex -9.9335 4.22052 4.79
      vertex -9.84328 4.24483 4.79
    endloop
  endfacet
  facet normal 0 0 -1
    outer loop
      vertex -10.1175 4.1602 4.79
      vertex -9.93338 3.61003 4.79
      vertex -9.97548 3.5956 4.79
    endloop
  endfacet
  facet normal 0 0 -1
    outer loop
      vertex -10.2113 4.12419 4.79
      vertex -9.97548 3.5956 4.79
      vertex -10.0174 3.58031 4.79
    endloop
  endfacet
  facet normal 0 0 -1
    outer loop
      vertex -9.80577 3.6481 4.79
      vertex -10.0249 4.19231 4.79
      vertex -9.9335 4.22052 4.79
    endloop
  endfacet
  facet normal 0 0 -1
    outer loop
      vertex -10.2113 4.12419 4.79
      vertex -10.0174 3.58031 4.79
      vertex -10.0585 3.56453 4.79
    endloop
  endfacet
  facet normal 0 0 -1
    outer loop
      vertex -10.2113 4.12419 4.79
      vertex -10.0585 3.56453 4.79
      vertex -10.0985 3.54863 4.79
    endloop
  endfacet
  facet normal 0 0 -1
    outer loop
      vertex -9.89107 3.62358 4.79
      vertex -10.1175 4.1602 4.79
      vertex -10.0249 4.19231 4.79
    endloop
  endfacet
  facet normal 0 0 -1
    outer loop
      vertex -10.2113 4.12419 4.79
      vertex -10.0985 3.54863 4.79
      vertex -10.1373 3.53264 4.79
    endloop
  endfacet
  facet normal 0 0 -1
    outer loop
      vertex -10.2113 4.12419 4.79
      vertex -10.1373 3.53264 4.79
      vertex -10.1749 3.51653 4.79
    endloop
  endfacet
  facet normal 0 0 -1
    outer loop
      vertex -10.2113 4.12419 4.79
      vertex -10.1749 3.51653 4.79
      vertex -10.2113 3.50031 4.79
    endloop
  endfacet
  facet normal 0 0 -1
    outer loop
      vertex -9.97548 3.5956 4.79
      vertex -10.2113 4.12419 4.79
      vertex -10.1175 4.1602 4.79
    endloop
  endfacet
  facet normal 0 0 -1
    outer loop
      vertex -14.3773 0.717285 4.79
      vertex -15.0445 1.27605 4.79
      vertex -14.3773 4.2625 4.79
    endloop
  endfacet
  facet normal 0 0 -1
    outer loop
      vertex -15.427 0.717285 4.79
      vertex -15.0445 1.27605 4.79
      vertex -14.3773 0.717285 4.79
    endloop
  endfacet
  facet normal -0 0 -1
    outer loop
      vertex -15.0445 1.27605 4.79
      vertex -15.427 0.717285 4.79
      vertex -15.3836 1.27605 4.79
    endloop
  endfacet
  facet normal 0 0 -1
    outer loop
      vertex -15.427 0.717285 4.79
      vertex -15.4896 1.2793 4.79
      vertex -15.3836 1.27605 4.79
    endloop
  endfacet
  facet normal 0 0 -1
    outer loop
      vertex -15.5857 0.721344 4.79
      vertex -15.4896 1.2793 4.79
      vertex -15.427 0.717285 4.79
    endloop
  endfacet
  facet normal 0 0 -1
    outer loop
      vertex -15.5857 0.721344 4.79
      vertex -15.5884 1.28906 4.79
      vertex -15.4896 1.2793 4.79
    endloop
  endfacet
  facet normal 0 0 -1
    outer loop
      vertex -15.7362 0.733551 4.79
      vertex -15.5884 1.28906 4.79
      vertex -15.5857 0.721344 4.79
    endloop
  endfacet
  facet normal -0 0 -1
    outer loop
      vertex -15.5884 1.28906 4.79
      vertex -15.7362 0.733551 4.79
      vertex -15.6801 1.30534 4.79
    endloop
  endfacet
  facet normal 0 0 -1
    outer loop
      vertex -15.8786 0.753906 4.79
      vertex -15.6801 1.30534 4.79
      vertex -15.7362 0.733551 4.79
    endloop
  endfacet
  facet normal -0 0 -1
    outer loop
      vertex -15.6801 1.30534 4.79
      vertex -15.8786 0.753906 4.79
      vertex -15.7646 1.32814 4.79
    endloop
  endfacet
  facet normal 0 0 -1
    outer loop
      vertex -16.0129 0.782379 4.79
      vertex -15.7646 1.32814 4.79
      vertex -15.8786 0.753906 4.79
    endloop
  endfacet
  facet normal -0 0 -1
    outer loop
      vertex -15.7646 1.32814 4.79
      vertex -16.0129 0.782379 4.79
      vertex -15.842 1.35744 4.79
    endloop
  endfacet
  facet normal 0 0 -1
    outer loop
      vertex -16.139 0.819 4.79
      vertex -15.842 1.35744 4.79
      vertex -16.0129 0.782379 4.79
    endloop
  endfacet
  facet normal -0 0 -1
    outer loop
      vertex -15.842 1.35744 4.79
      vertex -16.139 0.819 4.79
      vertex -15.9128 1.39297 4.79
    endloop
  endfacet
  facet normal 0 0 -1
    outer loop
      vertex -16.257 0.86409 4.79
      vertex -15.9128 1.39297 4.79
      vertex -16.139 0.819 4.79
    endloop
  endfacet
  facet normal -0 0 -1
    outer loop
      vertex -15.9128 1.39297 4.79
      vertex -16.257 0.86409 4.79
      vertex -15.9776 1.43446 4.79
    endloop
  endfacet
  facet normal 0 0 -1
    outer loop
      vertex -16.3669 0.917953 4.79
      vertex -15.9776 1.43446 4.79
      vertex -16.257 0.86409 4.79
    endloop
  endfacet
  facet normal -0 0 -1
    outer loop
      vertex -15.9776 1.43446 4.79
      vertex -16.3669 0.917953 4.79
      vertex -16.0365 1.48195 4.79
    endloop
  endfacet
  facet normal 0 0 -1
    outer loop
      vertex -16.4686 0.980621 4.79
      vertex -16.0365 1.48195 4.79
      vertex -16.3669 0.917953 4.79
    endloop
  endfacet
  facet normal -0 0 -1
    outer loop
      vertex -16.0365 1.48195 4.79
      vertex -16.4686 0.980621 4.79
      vertex -16.0894 1.53539 4.79
    endloop
  endfacet
  facet normal 0 0 -1
    outer loop
      vertex -16.5622 1.05208 4.79
      vertex -16.0894 1.53539 4.79
      vertex -16.4686 0.980621 4.79
    endloop
  endfacet
  facet normal 0 0 -1
    outer loop
      vertex -16.6476 1.13232 4.79
      vertex -16.0894 1.53539 4.79
      vertex -16.5622 1.05208 4.79
    endloop
  endfacet
  facet normal -0 0 -1
    outer loop
      vertex -16.0894 1.53539 4.79
      vertex -16.6476 1.13232 4.79
      vertex -16.1363 1.5948 4.79
    endloop
  endfacet
  facet normal 0 0 -1
    outer loop
      vertex -16.7249 1.2215 4.79
      vertex -16.1363 1.5948 4.79
      vertex -16.6476 1.13232 4.79
    endloop
  endfacet
  facet normal -0 0 -1
    outer loop
      vertex -16.1363 1.5948 4.79
      vertex -16.7249 1.2215 4.79
      vertex -16.1777 1.65994 4.79
    endloop
  endfacet
  facet normal 0 0 -1
    outer loop
      vertex -16.7941 1.31981 4.79
      vertex -16.1777 1.65994 4.79
      vertex -16.7249 1.2215 4.79
    endloop
  endfacet
  facet normal -0 0 -1
    outer loop
      vertex -16.1777 1.65994 4.79
      vertex -16.7941 1.31981 4.79
      vertex -16.214 1.73064 4.79
    endloop
  endfacet
  facet normal 0 0 -1
    outer loop
      vertex -16.908 1.54375 4.79
      vertex -16.2452 1.80685 4.79
      vertex -16.8551 1.42722 4.79
    endloop
  endfacet
  facet normal -0 0 -1
    outer loop
      vertex -16.214 1.73064 4.79
      vertex -16.8551 1.42722 4.79
      vertex -16.2452 1.80685 4.79
    endloop
  endfacet
  facet normal 0 0 -1
    outer loop
      vertex -16.8551 1.42722 4.79
      vertex -16.214 1.73064 4.79
      vertex -16.7941 1.31981 4.79
    endloop
  endfacet
  facet normal 0 0 -1
    outer loop
      vertex -15.0445 3.70375 4.79
      vertex -14.3773 4.2625 4.79
      vertex -15.0445 1.27605 4.79
    endloop
  endfacet
  facet normal 0 0 -1
    outer loop
      vertex -15.0445 3.70375 4.79
      vertex -15.2778 4.2625 4.79
      vertex -14.3773 4.2625 4.79
    endloop
  endfacet
  facet normal 0 0 -1
    outer loop
      vertex -15.3375 3.70375 4.79
      vertex -15.2778 4.2625 4.79
      vertex -15.0445 3.70375 4.79
    endloop
  endfacet
  facet normal 0 0 -1
    outer loop
      vertex -15.3375 3.70375 4.79
      vertex -15.4602 4.25735 4.79
      vertex -15.2778 4.2625 4.79
    endloop
  endfacet
  facet normal 0 0 -1
    outer loop
      vertex -15.5244 3.69203 4.79
      vertex -15.4602 4.25735 4.79
      vertex -15.3375 3.70375 4.79
    endloop
  endfacet
  facet normal 0 0 -1
    outer loop
      vertex -15.5244 3.69203 4.79
      vertex -15.6319 4.2419 4.79
      vertex -15.4602 4.25735 4.79
    endloop
  endfacet
  facet normal 0 0 -1
    outer loop
      vertex -15.6925 3.65688 4.79
      vertex -15.6319 4.2419 4.79
      vertex -15.5244 3.69203 4.79
    endloop
  endfacet
  facet normal 0 0 -1
    outer loop
      vertex -15.6925 3.65688 4.79
      vertex -15.7931 4.21613 4.79
      vertex -15.6319 4.2419 4.79
    endloop
  endfacet
  facet normal 0 0 -1
    outer loop
      vertex -15.9436 4.18005 4.79
      vertex -15.6925 3.65688 4.79
      vertex -15.8417 3.59828 4.79
    endloop
  endfacet
  facet normal 0 0 -1
    outer loop
      vertex -15.6925 3.65688 4.79
      vertex -15.9436 4.18005 4.79
      vertex -15.7931 4.21613 4.79
    endloop
  endfacet
  facet normal 0 0 -1
    outer loop
      vertex -16.2131 4.07779 4.79
      vertex -15.8417 3.59828 4.79
      vertex -15.972 3.51625 4.79
    endloop
  endfacet
  facet normal 0 0 -1
    outer loop
      vertex -16.4436 3.94 4.79
      vertex -15.972 3.51625 4.79
      vertex -16.0834 3.41078 4.79
    endloop
  endfacet
  facet normal 0 0 -1
    outer loop
      vertex -15.8417 3.59828 4.79
      vertex -16.0834 4.13367 4.79
      vertex -15.9436 4.18005 4.79
    endloop
  endfacet
  facet normal 0 0 -1
    outer loop
      vertex -16.6354 3.7675 4.79
      vertex -16.0834 3.41078 4.79
      vertex -16.1752 3.28015 4.79
    endloop
  endfacet
  facet normal 0 0 -1
    outer loop
      vertex -15.8417 3.59828 4.79
      vertex -16.2131 4.07779 4.79
      vertex -16.0834 4.13367 4.79
    endloop
  endfacet
  facet normal 0 0 -1
    outer loop
      vertex -16.7897 3.56178 4.79
      vertex -16.1752 3.28015 4.79
      vertex -16.2466 3.1226 4.79
    endloop
  endfacet
  facet normal 0 0 -1
    outer loop
      vertex -16.9528 3.19379 4.79
      vertex -16.2466 3.1226 4.79
      vertex -16.2976 2.93816 4.79
    endloop
  endfacet
  facet normal 0 0 -1
    outer loop
      vertex -17.0179 2.91255 4.79
      vertex -16.2976 2.93816 4.79
      vertex -16.3282 2.72681 4.79
    endloop
  endfacet
  facet normal 0 0 -1
    outer loop
      vertex -15.972 3.51625 4.79
      vertex -16.3332 4.01323 4.79
      vertex -16.2131 4.07779 4.79
    endloop
  endfacet
  facet normal 0 0 -1
    outer loop
      vertex -17.0504 2.60704 4.79
      vertex -16.3282 2.72681 4.79
      vertex -16.3384 2.48856 4.79
    endloop
  endfacet
  facet normal 0 0 -1
    outer loop
      vertex -16.9528 1.6694 4.79
      vertex -16.2452 1.80685 4.79
      vertex -16.908 1.54375 4.79
    endloop
  endfacet
  facet normal 0 -0 -1
    outer loop
      vertex -17.0504 2.60704 4.79
      vertex -16.3384 2.48856 4.79
      vertex -17.0545 2.44516 4.79
    endloop
  endfacet
  facet normal -0 0 -1
    outer loop
      vertex -16.2452 1.80685 4.79
      vertex -16.9528 1.6694 4.79
      vertex -16.2713 1.8886 4.79
    endloop
  endfacet
  facet normal -0 0 -1
    outer loop
      vertex -16.3282 2.72681 4.79
      vertex -17.0504 2.60704 4.79
      vertex -17.0382 2.76282 4.79
    endloop
  endfacet
  facet normal 0 0 -1
    outer loop
      vertex -16.9894 1.80458 4.79
      vertex -16.2713 1.8886 4.79
      vertex -16.9528 1.6694 4.79
    endloop
  endfacet
  facet normal 0 0 -1
    outer loop
      vertex -16.3282 2.72681 4.79
      vertex -17.0382 2.76282 4.79
      vertex -17.0179 2.91255 4.79
    endloop
  endfacet
  facet normal -0 0 -1
    outer loop
      vertex -16.2713 1.8886 4.79
      vertex -16.9894 1.80458 4.79
      vertex -16.2923 1.97588 4.79
    endloop
  endfacet
  facet normal -0 0 -1
    outer loop
      vertex -16.2976 2.93816 4.79
      vertex -17.0179 2.91255 4.79
      vertex -16.9894 3.0562 4.79
    endloop
  endfacet
  facet normal 0 0 -1
    outer loop
      vertex -17.0179 1.94975 4.79
      vertex -16.2923 1.97588 4.79
      vertex -16.9894 1.80458 4.79
    endloop
  endfacet
  facet normal 0 0 -1
    outer loop
      vertex -16.2976 2.93816 4.79
      vertex -16.9894 3.0562 4.79
      vertex -16.9528 3.19379 4.79
    endloop
  endfacet
  facet normal -0 0 -1
    outer loop
      vertex -16.2923 1.97588 4.79
      vertex -17.0179 1.94975 4.79
      vertex -16.3089 2.06842 4.79
    endloop
  endfacet
  facet normal 0 0 -1
    outer loop
      vertex -15.972 3.51625 4.79
      vertex -16.4436 3.94 4.79
      vertex -16.3332 4.01323 4.79
    endloop
  endfacet
  facet normal -0 0 -1
    outer loop
      vertex -16.3089 2.06842 4.79
      vertex -17.0179 1.94975 4.79
      vertex -16.3218 2.16597 4.79
    endloop
  endfacet
  facet normal 0 0 -1
    outer loop
      vertex -16.0834 3.41078 4.79
      vertex -16.5443 3.85809 4.79
      vertex -16.4436 3.94 4.79
    endloop
  endfacet
  facet normal 0 0 -1
    outer loop
      vertex -17.0382 2.1049 4.79
      vertex -16.3218 2.16597 4.79
      vertex -17.0179 1.94975 4.79
    endloop
  endfacet
  facet normal -0 0 -1
    outer loop
      vertex -16.3218 2.16597 4.79
      vertex -17.0382 2.1049 4.79
      vertex -16.331 2.26851 4.79
    endloop
  endfacet
  facet normal 0 0 -1
    outer loop
      vertex -16.3365 2.37604 4.79
      vertex -17.0545 2.44516 4.79
      vertex -16.3384 2.48856 4.79
    endloop
  endfacet
  facet normal 0 0 -1
    outer loop
      vertex -17.0504 2.27003 4.79
      vertex -16.331 2.26851 4.79
      vertex -17.0382 2.1049 4.79
    endloop
  endfacet
  facet normal 0 0 -1
    outer loop
      vertex -17.0545 2.44516 4.79
      vertex -16.3365 2.37604 4.79
      vertex -17.0504 2.27003 4.79
    endloop
  endfacet
  facet normal 0 0 -1
    outer loop
      vertex -16.331 2.26851 4.79
      vertex -17.0504 2.27003 4.79
      vertex -16.3365 2.37604 4.79
    endloop
  endfacet
  facet normal 0 0 -1
    outer loop
      vertex -16.0834 3.41078 4.79
      vertex -16.6354 3.7675 4.79
      vertex -16.5443 3.85809 4.79
    endloop
  endfacet
  facet normal 0 0 -1
    outer loop
      vertex -16.2466 3.1226 4.79
      vertex -16.9528 3.19379 4.79
      vertex -16.9075 3.32437 4.79
    endloop
  endfacet
  facet normal 0 0 -1
    outer loop
      vertex -16.2466 3.1226 4.79
      vertex -16.9075 3.32437 4.79
      vertex -16.8532 3.44704 4.79
    endloop
  endfacet
  facet normal 0 0 -1
    outer loop
      vertex -16.2466 3.1226 4.79
      vertex -16.8532 3.44704 4.79
      vertex -16.7897 3.56178 4.79
    endloop
  endfacet
  facet normal 0 0 -1
    outer loop
      vertex -16.1752 3.28015 4.79
      vertex -16.7897 3.56178 4.79
      vertex -16.7171 3.66859 4.79
    endloop
  endfacet
  facet normal 0 0 -1
    outer loop
      vertex -16.1752 3.28015 4.79
      vertex -16.7171 3.66859 4.79
      vertex -16.6354 3.7675 4.79
    endloop
  endfacet
  facet normal 0 0 -1
    outer loop
      vertex 11.4633 2.45432 4.79
      vertex 11.8504 2.05472 4.79
      vertex 11.826 2.01994 4.79
    endloop
  endfacet
  facet normal 0 0 -1
    outer loop
      vertex 11.362 2.38663 4.79
      vertex 11.826 2.01994 4.79
      vertex 11.8048 1.98268 4.79
    endloop
  endfacet
  facet normal 0 0 -1
    outer loop
      vertex 11.2732 2.30548 4.79
      vertex 11.8048 1.98268 4.79
      vertex 11.7873 1.94301 4.79
    endloop
  endfacet
  facet normal 0 0 -1
    outer loop
      vertex 11.1981 2.21086 4.79
      vertex 11.7873 1.94301 4.79
      vertex 11.7736 1.90108 4.79
    endloop
  endfacet
  facet normal 0 0 -1
    outer loop
      vertex 11.1378 2.1028 4.79
      vertex 11.7736 1.90108 4.79
      vertex 11.7638 1.85686 4.79
    endloop
  endfacet
  facet normal 0 0 -1
    outer loop
      vertex 11.8504 2.05472 4.79
      vertex 11.763 2.56557 4.79
      vertex 11.8292 2.57803 4.79
    endloop
  endfacet
  facet normal 0 0 -1
    outer loop
      vertex 11.0927 1.98122 4.79
      vertex 11.7638 1.85686 4.79
      vertex 11.758 1.81036 4.79
    endloop
  endfacet
  facet normal 0 0 -1
    outer loop
      vertex 11.0653 1.84579 4.79
      vertex 11.758 1.81036 4.79
      vertex 11.756 1.7616 4.79
    endloop
  endfacet
  facet normal 0 0 -1
    outer loop
      vertex 11.3419 0.983749 4.79
      vertex 11.8619 1.43871 4.79
      vertex 11.4061 0.93428 4.79
    endloop
  endfacet
  facet normal 0 0 -1
    outer loop
      vertex 11.7626 1.6633 4.79
      vertex 11.0562 1.69649 4.79
      vertex 11.756 1.7616 4.79
    endloop
  endfacet
  facet normal 0 -0 -1
    outer loop
      vertex 11.0585 1.77287 4.79
      vertex 11.756 1.7616 4.79
      vertex 11.0562 1.69649 4.79
    endloop
  endfacet
  facet normal -0 0 -1
    outer loop
      vertex 11.8619 1.43871 4.79
      vertex 11.3419 0.983749 4.79
      vertex 11.8156 1.50185 4.79
    endloop
  endfacet
  facet normal 0 0 -1
    outer loop
      vertex 11.8504 2.05472 4.79
      vertex 11.6988 2.54984 4.79
      vertex 11.763 2.56557 4.79
    endloop
  endfacet
  facet normal 0 0 -1
    outer loop
      vertex 11.2839 1.03888 4.79
      vertex 11.8156 1.50185 4.79
      vertex 11.3419 0.983749 4.79
    endloop
  endfacet
  facet normal 0 0 -1
    outer loop
      vertex 11.8504 2.05472 4.79
      vertex 11.6367 2.53085 4.79
      vertex 11.6988 2.54984 4.79
    endloop
  endfacet
  facet normal 0 0 -1
    outer loop
      vertex 11.2321 1.09964 4.79
      vertex 11.8156 1.50185 4.79
      vertex 11.2839 1.03888 4.79
    endloop
  endfacet
  facet normal 0 -0 -1
    outer loop
      vertex 11.0653 1.84579 4.79
      vertex 11.756 1.7616 4.79
      vertex 11.0585 1.77287 4.79
    endloop
  endfacet
  facet normal 0 0 -1
    outer loop
      vertex 11.8504 2.05472 4.79
      vertex 11.5767 2.50861 4.79
      vertex 11.6367 2.53085 4.79
    endloop
  endfacet
  facet normal 0 0 -1
    outer loop
      vertex 11.1865 1.16603 4.79
      vertex 11.8156 1.50185 4.79
      vertex 11.2321 1.09964 4.79
    endloop
  endfacet
  facet normal 0 0 -1
    outer loop
      vertex 11.758 1.81036 4.79
      vertex 11.0653 1.84579 4.79
      vertex 11.0767 1.91524 4.79
    endloop
  endfacet
  facet normal 0 0 -1
    outer loop
      vertex 11.1471 1.23808 4.79
      vertex 11.8156 1.50185 4.79
      vertex 11.1865 1.16603 4.79
    endloop
  endfacet
  facet normal 0 0 -1
    outer loop
      vertex 11.8504 2.05472 4.79
      vertex 11.5187 2.48312 4.79
      vertex 11.5767 2.50861 4.79
    endloop
  endfacet
  facet normal -0 0 -1
    outer loop
      vertex 11.8156 1.50185 4.79
      vertex 11.1471 1.23808 4.79
      vertex 11.7825 1.57672 4.79
    endloop
  endfacet
  facet normal 0 0 -1
    outer loop
      vertex 11.8504 2.05472 4.79
      vertex 11.4633 2.45432 4.79
      vertex 11.5187 2.48312 4.79
    endloop
  endfacet
  facet normal 0 0 -1
    outer loop
      vertex 11.826 2.01994 4.79
      vertex 11.4111 2.42215 4.79
      vertex 11.4633 2.45432 4.79
    endloop
  endfacet
  facet normal 0 0 -1
    outer loop
      vertex 11.1144 1.3163 4.79
      vertex 11.7825 1.57672 4.79
      vertex 11.1471 1.23808 4.79
    endloop
  endfacet
  facet normal 0 0 -1
    outer loop
      vertex 11.826 2.01994 4.79
      vertex 11.362 2.38663 4.79
      vertex 11.4111 2.42215 4.79
    endloop
  endfacet
  facet normal 0 0 -1
    outer loop
      vertex 11.0889 1.40126 4.79
      vertex 11.7825 1.57672 4.79
      vertex 11.1144 1.3163 4.79
    endloop
  endfacet
  facet normal 0 0 -1
    outer loop
      vertex 11.8048 1.98268 4.79
      vertex 11.316 2.34773 4.79
      vertex 11.362 2.38663 4.79
    endloop
  endfacet
  facet normal 0 0 -1
    outer loop
      vertex 11.0707 1.49294 4.79
      vertex 11.7825 1.57672 4.79
      vertex 11.0889 1.40126 4.79
    endloop
  endfacet
  facet normal 0 0 -1
    outer loop
      vertex 11.8048 1.98268 4.79
      vertex 11.2732 2.30548 4.79
      vertex 11.316 2.34773 4.79
    endloop
  endfacet
  facet normal -0 0 -1
    outer loop
      vertex 11.7825 1.57672 4.79
      vertex 11.0707 1.49294 4.79
      vertex 11.7626 1.6633 4.79
    endloop
  endfacet
  facet normal 0 0 -1
    outer loop
      vertex 11.7873 1.94301 4.79
      vertex 11.2338 2.25984 4.79
      vertex 11.2732 2.30548 4.79
    endloop
  endfacet
  facet normal 0 0 -1
    outer loop
      vertex 11.7873 1.94301 4.79
      vertex 11.1981 2.21086 4.79
      vertex 11.2338 2.25984 4.79
    endloop
  endfacet
  facet normal 0 0 -1
    outer loop
      vertex 11.0598 1.59135 4.79
      vertex 11.7626 1.6633 4.79
      vertex 11.0707 1.49294 4.79
    endloop
  endfacet
  facet normal 0 0 -1
    outer loop
      vertex 11.0562 1.69649 4.79
      vertex 11.7626 1.6633 4.79
      vertex 11.0598 1.59135 4.79
    endloop
  endfacet
  facet normal 0 0 -1
    outer loop
      vertex 11.7736 1.90108 4.79
      vertex 11.1661 2.15851 4.79
      vertex 11.1981 2.21086 4.79
    endloop
  endfacet
  facet normal 0 0 -1
    outer loop
      vertex 11.7736 1.90108 4.79
      vertex 11.1378 2.1028 4.79
      vertex 11.1661 2.15851 4.79
    endloop
  endfacet
  facet normal 0 0 -1
    outer loop
      vertex 11.758 1.81036 4.79
      vertex 11.0767 1.91524 4.79
      vertex 11.0927 1.98122 4.79
    endloop
  endfacet
  facet normal 0 0 -1
    outer loop
      vertex 11.7638 1.85686 4.79
      vertex 11.0927 1.98122 4.79
      vertex 11.1132 2.04372 4.79
    endloop
  endfacet
  facet normal 0 0 -1
    outer loop
      vertex 11.7638 1.85686 4.79
      vertex 11.1132 2.04372 4.79
      vertex 11.1378 2.1028 4.79
    endloop
  endfacet
  facet normal 0 0 -1
    outer loop
      vertex 12.7108 2.27425 4.79
      vertex 12.5833 2.79503 4.79
      vertex 12.7108 2.79503 4.79
    endloop
  endfacet
  facet normal 0 0 -1
    outer loop
      vertex 12.4396 2.27425 4.79
      vertex 12.5833 2.79503 4.79
      vertex 12.7108 2.27425 4.79
    endloop
  endfacet
  facet normal -0 0 -1
    outer loop
      vertex 12.5833 2.79503 4.79
      vertex 12.4396 2.27425 4.79
      vertex 12.5168 2.79834 4.79
    endloop
  endfacet
  facet normal -0 0 -1
    outer loop
      vertex 12.5168 2.79834 4.79
      vertex 12.4396 2.27425 4.79
      vertex 12.4538 2.80827 4.79
    endloop
  endfacet
  facet normal 0 0 -1
    outer loop
      vertex 12.3789 2.27293 4.79
      vertex 12.4538 2.80827 4.79
      vertex 12.4396 2.27425 4.79
    endloop
  endfacet
  facet normal -0 0 -1
    outer loop
      vertex 12.4538 2.80827 4.79
      vertex 12.3789 2.27293 4.79
      vertex 12.3944 2.82481 4.79
    endloop
  endfacet
  facet normal 0 0 -1
    outer loop
      vertex 12.3204 2.26904 4.79
      vertex 12.3944 2.82481 4.79
      vertex 12.3789 2.27293 4.79
    endloop
  endfacet
  facet normal 0 0 -1
    outer loop
      vertex 12.2643 2.26253 4.79
      vertex 12.3944 2.82481 4.79
      vertex 12.3204 2.26904 4.79
    endloop
  endfacet
  facet normal -0 0 -1
    outer loop
      vertex 12.3944 2.82481 4.79
      vertex 12.2643 2.26253 4.79
      vertex 12.3386 2.84799 4.79
    endloop
  endfacet
  facet normal 0 0 -1
    outer loop
      vertex 12.2104 2.25343 4.79
      vertex 12.3386 2.84799 4.79
      vertex 12.2643 2.26253 4.79
    endloop
  endfacet
  facet normal 0 0 -1
    outer loop
      vertex 11.8292 2.57803 4.79
      vertex 12.3386 2.84799 4.79
      vertex 12.2104 2.25343 4.79
    endloop
  endfacet
  facet normal -0 0 -1
    outer loop
      vertex 12.3386 2.84799 4.79
      vertex 11.8292 2.57803 4.79
      vertex 12.2863 2.87778 4.79
    endloop
  endfacet
  facet normal -0 0 -1
    outer loop
      vertex 12.2863 2.87778 4.79
      vertex 11.8292 2.57803 4.79
      vertex 12.2381 2.91408 4.79
    endloop
  endfacet
  facet normal 0 0 -1
    outer loop
      vertex 11.8292 2.57803 4.79
      vertex 12.2104 2.25343 4.79
      vertex 12.1588 2.24171 4.79
    endloop
  endfacet
  facet normal -0 0 -1
    outer loop
      vertex 12.2381 2.91408 4.79
      vertex 11.8292 2.57803 4.79
      vertex 12.1943 2.95677 4.79
    endloop
  endfacet
  facet normal -0 0 -1
    outer loop
      vertex 12.1943 2.95677 4.79
      vertex 11.8292 2.57803 4.79
      vertex 12.155 3.00586 4.79
    endloop
  endfacet
  facet normal 0 0 -1
    outer loop
      vertex 11.8292 2.57803 4.79
      vertex 12.1588 2.24171 4.79
      vertex 12.1098 2.2274 4.79
    endloop
  endfacet
  facet normal -0 0 -1
    outer loop
      vertex 12.155 3.00586 4.79
      vertex 11.8292 2.57803 4.79
      vertex 12.1201 3.06136 4.79
    endloop
  endfacet
  facet normal 0 0 -1
    outer loop
      vertex 11.8292 2.57803 4.79
      vertex 12.1098 2.2274 4.79
      vertex 12.0638 2.21046 4.79
    endloop
  endfacet
  facet normal 0 0 -1
    outer loop
      vertex 11.8292 2.57803 4.79
      vertex 12.0638 2.21046 4.79
      vertex 12.0207 2.19093 4.79
    endloop
  endfacet
  facet normal 0 0 -1
    outer loop
      vertex 11.8292 2.57803 4.79
      vertex 12.0207 2.19093 4.79
      vertex 11.9805 2.16881 4.79
    endloop
  endfacet
  facet normal 0 0 -1
    outer loop
      vertex 11.8292 2.57803 4.79
      vertex 11.9805 2.16881 4.79
      vertex 11.9432 2.14407 4.79
    endloop
  endfacet
  facet normal 0 0 -1
    outer loop
      vertex 11.8292 2.57803 4.79
      vertex 11.9432 2.14407 4.79
      vertex 11.909 2.11679 4.79
    endloop
  endfacet
  facet normal 0 0 -1
    outer loop
      vertex 11.8292 2.57803 4.79
      vertex 11.909 2.11679 4.79
      vertex 11.8781 2.08701 4.79
    endloop
  endfacet
  facet normal 0 0 -1
    outer loop
      vertex 11.8292 2.57803 4.79
      vertex 11.8781 2.08701 4.79
      vertex 11.8504 2.05472 4.79
    endloop
  endfacet
  facet normal 0 0 -1
    outer loop
      vertex 11.778 2.59265 4.79
      vertex 12.1201 3.06136 4.79
      vertex 11.8292 2.57803 4.79
    endloop
  endfacet
  facet normal 0 0 -1
    outer loop
      vertex 11.7286 2.61473 4.79
      vertex 12.1201 3.06136 4.79
      vertex 11.778 2.59265 4.79
    endloop
  endfacet
  facet normal 0 0 -1
    outer loop
      vertex 11.6808 2.64432 4.79
      vertex 12.1201 3.06136 4.79
      vertex 11.7286 2.61473 4.79
    endloop
  endfacet
  facet normal 0 0 -1
    outer loop
      vertex 11.6348 2.68138 4.79
      vertex 12.1201 3.06136 4.79
      vertex 11.6808 2.64432 4.79
    endloop
  endfacet
  facet normal 0 0 -1
    outer loop
      vertex 11.5906 2.72591 4.79
      vertex 12.1201 3.06136 4.79
      vertex 11.6348 2.68138 4.79
    endloop
  endfacet
  facet normal -0 0 -1
    outer loop
      vertex 12.1201 3.06136 4.79
      vertex 11.5906 2.72591 4.79
      vertex 12.0896 3.12326 4.79
    endloop
  endfacet
  facet normal 0 0 -1
    outer loop
      vertex 11.5472 2.77846 4.79
      vertex 12.0896 3.12326 4.79
      vertex 11.5906 2.72591 4.79
    endloop
  endfacet
  facet normal 0 0 -1
    outer loop
      vertex 12.0896 3.12326 4.79
      vertex 11.5472 2.77846 4.79
      vertex 11.5038 2.8396 4.79
    endloop
  endfacet
  facet normal 0 0 -1
    outer loop
      vertex 11.4604 2.9093 4.79
      vertex 12.0896 3.12326 4.79
      vertex 11.5038 2.8396 4.79
    endloop
  endfacet
  facet normal 0 0 -1
    outer loop
      vertex 11.417 2.98758 4.79
      vertex 12.0896 3.12326 4.79
      vertex 11.4604 2.9093 4.79
    endloop
  endfacet
  facet normal 0 0 -1
    outer loop
      vertex 11.3736 3.07442 4.79
      vertex 12.0896 3.12326 4.79
      vertex 11.417 2.98758 4.79
    endloop
  endfacet
  facet normal -0 0 -1
    outer loop
      vertex 12.0896 3.12326 4.79
      vertex 11.3736 3.07442 4.79
      vertex 11.5906 4.2625 4.79
    endloop
  endfacet
  facet normal -0 0 -1
    outer loop
      vertex 11.5906 4.2625 4.79
      vertex 11.3736 3.07442 4.79
      vertex 10.8066 4.2625 4.79
    endloop
  endfacet
  facet normal 0 0 -1
    outer loop
      vertex 12.7108 2.27425 4.79
      vertex 13.3781 0.717285 4.79
      vertex 12.7108 1.27336 4.79
    endloop
  endfacet
  facet normal 0 0 -1
    outer loop
      vertex 12.3447 0.717285 4.79
      vertex 12.7108 1.27336 4.79
      vertex 13.3781 0.717285 4.79
    endloop
  endfacet
  facet normal -0 0 -1
    outer loop
      vertex 12.7108 1.27336 4.79
      vertex 12.3447 0.717285 4.79
      vertex 12.4179 1.27336 4.79
    endloop
  endfacet
  facet normal 0 0 -1
    outer loop
      vertex 12.3447 0.717285 4.79
      vertex 12.2921 1.27792 4.79
      vertex 12.4179 1.27336 4.79
    endloop
  endfacet
  facet normal 0 0 -1
    outer loop
      vertex 12.2296 0.719284 4.79
      vertex 12.2921 1.27792 4.79
      vertex 12.3447 0.717285 4.79
    endloop
  endfacet
  facet normal 0 0 -1
    outer loop
      vertex 12.2296 0.719284 4.79
      vertex 12.1796 1.29158 4.79
      vertex 12.2921 1.27792 4.79
    endloop
  endfacet
  facet normal 0 0 -1
    outer loop
      vertex 12.119 0.725311 4.79
      vertex 12.1796 1.29158 4.79
      vertex 12.2296 0.719284 4.79
    endloop
  endfacet
  facet normal 0 0 -1
    outer loop
      vertex 12.0126 0.735352 4.79
      vertex 12.1796 1.29158 4.79
      vertex 12.119 0.725311 4.79
    endloop
  endfacet
  facet normal -0 0 -1
    outer loop
      vertex 12.1796 1.29158 4.79
      vertex 12.0126 0.735352 4.79
      vertex 12.0803 1.31438 4.79
    endloop
  endfacet
  facet normal 0 0 -1
    outer loop
      vertex 11.9106 0.749405 4.79
      vertex 12.0803 1.31438 4.79
      vertex 12.0126 0.735352 4.79
    endloop
  endfacet
  facet normal -0 0 -1
    outer loop
      vertex 12.0803 1.31438 4.79
      vertex 11.9106 0.749405 4.79
      vertex 11.9943 1.34627 4.79
    endloop
  endfacet
  facet normal 0 0 -1
    outer loop
      vertex 11.813 0.767487 4.79
      vertex 11.9943 1.34627 4.79
      vertex 11.9106 0.749405 4.79
    endloop
  endfacet
  facet normal 0 0 -1
    outer loop
      vertex 11.7203 0.790207 4.79
      vertex 11.9943 1.34627 4.79
      vertex 11.813 0.767487 4.79
    endloop
  endfacet
  facet normal -0 0 -1
    outer loop
      vertex 11.9943 1.34627 4.79
      vertex 11.7203 0.790207 4.79
      vertex 11.9215 1.38728 4.79
    endloop
  endfacet
  facet normal 0 0 -1
    outer loop
      vertex 11.6333 0.818237 4.79
      vertex 11.9215 1.38728 4.79
      vertex 11.7203 0.790207 4.79
    endloop
  endfacet
  facet normal 0 0 -1
    outer loop
      vertex 11.5519 0.851608 4.79
      vertex 11.9215 1.38728 4.79
      vertex 11.6333 0.818237 4.79
    endloop
  endfacet
  facet normal -0 0 -1
    outer loop
      vertex 11.9215 1.38728 4.79
      vertex 11.5519 0.851608 4.79
      vertex 11.8619 1.43871 4.79
    endloop
  endfacet
  facet normal 0 0 -1
    outer loop
      vertex 11.4762 0.890289 4.79
      vertex 11.8619 1.43871 4.79
      vertex 11.5519 0.851608 4.79
    endloop
  endfacet
  facet normal 0 0 -1
    outer loop
      vertex 11.4061 0.93428 4.79
      vertex 11.8619 1.43871 4.79
      vertex 11.4762 0.890289 4.79
    endloop
  endfacet
  facet normal 0 0 -1
    outer loop
      vertex 13.3781 0.717285 4.79
      vertex 12.7108 2.27425 4.79
      vertex 13.3781 4.2625 4.79
    endloop
  endfacet
  facet normal 0 0 -1
    outer loop
      vertex 12.7108 2.79503 4.79
      vertex 13.3781 4.2625 4.79
      vertex 12.7108 2.27425 4.79
    endloop
  endfacet
  facet normal -0 0 -1
    outer loop
      vertex 13.3781 4.2625 4.79
      vertex 12.7108 2.79503 4.79
      vertex 12.7108 4.2625 4.79
    endloop
  endfacet
  facet normal 0 0 -1
    outer loop
      vertex -11.2229 0.717285 4.79
      vertex -12.0041 1.26248 4.79
      vertex -11.2229 1.26248 4.79
    endloop
  endfacet
  facet normal 0 0 -1
    outer loop
      vertex -12.0041 1.26248 4.79
      vertex -12.6822 1.26248 4.79
      vertex -12.0041 3.71187 4.79
    endloop
  endfacet
  facet normal 0 0 -1
    outer loop
      vertex -11.2229 0.717285 4.79
      vertex -12.6822 1.26248 4.79
      vertex -12.0041 1.26248 4.79
    endloop
  endfacet
  facet normal 0 0 -1
    outer loop
      vertex -13.4634 0.717285 4.79
      vertex -12.6822 1.26248 4.79
      vertex -11.2229 0.717285 4.79
    endloop
  endfacet
  facet normal -0 0 -1
    outer loop
      vertex -12.6822 1.26248 4.79
      vertex -13.4634 0.717285 4.79
      vertex -13.4634 1.26248 4.79
    endloop
  endfacet
  facet normal 0 0 -1
    outer loop
      vertex -12.0041 3.71187 4.79
      vertex -11.2229 4.2625 4.79
      vertex -11.2229 3.71187 4.79
    endloop
  endfacet
  facet normal 0 0 -1
    outer loop
      vertex -12.6822 3.71187 4.79
      vertex -12.0041 3.71187 4.79
      vertex -12.6822 1.26248 4.79
    endloop
  endfacet
  facet normal 0 0 -1
    outer loop
      vertex -12.6822 3.71187 4.79
      vertex -11.2229 4.2625 4.79
      vertex -12.0041 3.71187 4.79
    endloop
  endfacet
  facet normal 0 0 -1
    outer loop
      vertex -13.4634 4.2625 4.79
      vertex -12.6822 3.71187 4.79
      vertex -13.4634 3.71187 4.79
    endloop
  endfacet
  facet normal 0 0 -1
    outer loop
      vertex -12.6822 3.71187 4.79
      vertex -13.4634 4.2625 4.79
      vertex -11.2229 4.2625 4.79
    endloop
  endfacet
  facet normal 0 0 -1
    outer loop
      vertex -6.97824 2.95778 4.79
      vertex -6.31096 3.00119 4.79
      vertex -6.31096 0.717285 4.79
    endloop
  endfacet
  facet normal 0 -0 -1
    outer loop
      vertex -6.97461 3.0901 4.79
      vertex -6.31096 3.00119 4.79
      vertex -6.97824 2.95778 4.79
    endloop
  endfacet
  facet normal 0 -0 -1
    outer loop
      vertex -6.9637 3.21581 4.79
      vertex -6.31096 3.00119 4.79
      vertex -6.97461 3.0901 4.79
    endloop
  endfacet
  facet normal 0 -0 -1
    outer loop
      vertex -6.94553 3.33488 4.79
      vertex -6.31096 3.00119 4.79
      vertex -6.9637 3.21581 4.79
    endloop
  endfacet
  facet normal 0 -0 -1
    outer loop
      vertex -6.92009 3.44734 4.79
      vertex -6.31096 3.00119 4.79
      vertex -6.94553 3.33488 4.79
    endloop
  endfacet
  facet normal 0 -0 -1
    outer loop
      vertex -6.88736 3.55319 4.79
      vertex -6.31096 3.00119 4.79
      vertex -6.92009 3.44734 4.79
    endloop
  endfacet
  facet normal 0 -0 -1
    outer loop
      vertex -6.84789 3.6523 4.79
      vertex -6.31096 3.00119 4.79
      vertex -6.88736 3.55319 4.79
    endloop
  endfacet
  facet normal 0 -0 -1
    outer loop
      vertex -6.80209 3.74458 4.79
      vertex -6.31096 3.00119 4.79
      vertex -6.84789 3.6523 4.79
    endloop
  endfacet
  facet normal 0 0 -1
    outer loop
      vertex -6.31096 3.00119 4.79
      vertex -6.47942 4.10367 4.79
      vertex -6.39668 4.15521 4.79
    endloop
  endfacet
  facet normal 0 0 -1
    outer loop
      vertex -6.31096 3.00119 4.79
      vertex -6.62697 3.98042 4.79
      vertex -6.55617 4.04541 4.79
    endloop
  endfacet
  facet normal 0 0 -1
    outer loop
      vertex -6.31096 3.00119 4.79
      vertex -6.75002 3.83002 4.79
      vertex -6.69164 3.90865 4.79
    endloop
  endfacet
  facet normal 0 0 -1
    outer loop
      vertex -6.31096 3.00119 4.79
      vertex -6.55617 4.04541 4.79
      vertex -6.47942 4.10367 4.79
    endloop
  endfacet
  facet normal 0 0 -1
    outer loop
      vertex -6.31096 3.00119 4.79
      vertex -6.69164 3.90865 4.79
      vertex -6.62697 3.98042 4.79
    endloop
  endfacet
  facet normal 0 0 -1
    outer loop
      vertex -6.97824 2.95778 4.79
      vertex -6.31096 0.717285 4.79
      vertex -6.97824 0.717285 4.79
    endloop
  endfacet
  facet normal 0 -0 -1
    outer loop
      vertex -6.75002 3.83002 4.79
      vertex -6.31096 3.00119 4.79
      vertex -6.80209 3.74458 4.79
    endloop
  endfacet
  facet normal 0 0 -1
    outer loop
      vertex -5.06325 3.02831 4.79
      vertex -4.39597 3.06898 4.79
      vertex -4.39597 0.717285 4.79
    endloop
  endfacet
  facet normal 0 0 -1
    outer loop
      vertex -5.0645 3.0983 4.79
      vertex -4.39597 3.06898 4.79
      vertex -5.06325 3.02831 4.79
    endloop
  endfacet
  facet normal 0 0 -1
    outer loop
      vertex -4.39597 3.06898 4.79
      vertex -5.0645 3.0983 4.79
      vertex -4.39868 3.1828 4.79
    endloop
  endfacet
  facet normal 0 0 -1
    outer loop
      vertex -5.06824 3.16502 4.79
      vertex -4.39868 3.1828 4.79
      vertex -5.0645 3.0983 4.79
    endloop
  endfacet
  facet normal -0 0 -1
    outer loop
      vertex -4.39868 3.1828 4.79
      vertex -5.06824 3.16502 4.79
      vertex -4.40681 3.29207 4.79
    endloop
  endfacet
  facet normal 0 0 -1
    outer loop
      vertex -5.07446 3.2285 4.79
      vertex -4.40681 3.29207 4.79
      vertex -5.06824 3.16502 4.79
    endloop
  endfacet
  facet normal -0 0 -1
    outer loop
      vertex -4.40681 3.29207 4.79
      vertex -5.07446 3.2285 4.79
      vertex -4.42038 3.39677 4.79
    endloop
  endfacet
  facet normal 0 0 -1
    outer loop
      vertex -5.08319 3.28873 4.79
      vertex -4.42038 3.39677 4.79
      vertex -5.07446 3.2285 4.79
    endloop
  endfacet
  facet normal -0 0 -1
    outer loop
      vertex -4.42038 3.39677 4.79
      vertex -5.08319 3.28873 4.79
      vertex -4.43936 3.49692 4.79
    endloop
  endfacet
  facet normal 0 0 -1
    outer loop
      vertex -5.09441 3.3457 4.79
      vertex -4.43936 3.49692 4.79
      vertex -5.08319 3.28873 4.79
    endloop
  endfacet
  facet normal -0 0 -1
    outer loop
      vertex -4.43936 3.49692 4.79
      vertex -5.09441 3.3457 4.79
      vertex -4.46376 3.5925 4.79
    endloop
  endfacet
  facet normal 0 0 -1
    outer loop
      vertex -5.10873 3.39935 4.79
      vertex -4.46376 3.5925 4.79
      vertex -5.09441 3.3457 4.79
    endloop
  endfacet
  facet normal -0 0 -1
    outer loop
      vertex -4.46376 3.5925 4.79
      vertex -5.10873 3.39935 4.79
      vertex -4.49425 3.683 4.79
    endloop
  endfacet
  facet normal 0 0 -1
    outer loop
      vertex -5.12674 3.44963 4.79
      vertex -4.49425 3.683 4.79
      vertex -5.10873 3.39935 4.79
    endloop
  endfacet
  facet normal 0 0 -1
    outer loop
      vertex -5.06325 3.02831 4.79
      vertex -4.39597 0.717285 4.79
      vertex -5.06325 0.717285 4.79
    endloop
  endfacet
  facet normal -0 0 -1
    outer loop
      vertex -4.49425 3.683 4.79
      vertex -5.12674 3.44963 4.79
      vertex -4.53146 3.76785 4.79
    endloop
  endfacet
  facet normal 0 0 -1
    outer loop
      vertex -5.14845 3.49655 4.79
      vertex -4.53146 3.76785 4.79
      vertex -5.12674 3.44963 4.79
    endloop
  endfacet
  facet normal -0 0 -1
    outer loop
      vertex -4.53146 3.76785 4.79
      vertex -5.14845 3.49655 4.79
      vertex -4.57539 3.84705 4.79
    endloop
  endfacet
  facet normal 0 0 -1
    outer loop
      vertex -5.17384 3.54012 4.79
      vertex -4.57539 3.84705 4.79
      vertex -5.14845 3.49655 4.79
    endloop
  endfacet
  facet normal -0 0 -1
    outer loop
      vertex -4.57539 3.84705 4.79
      vertex -5.17384 3.54012 4.79
      vertex -4.62605 3.92062 4.79
    endloop
  endfacet
  facet normal -0 0 -1
    outer loop
      vertex -4.62605 3.92062 4.79
      vertex -5.17384 3.54012 4.79
      vertex -4.68344 3.98854 4.79
    endloop
  endfacet
  facet normal 0 0 -1
    outer loop
      vertex -5.20293 3.58031 4.79
      vertex -4.68344 3.98854 4.79
      vertex -5.17384 3.54012 4.79
    endloop
  endfacet
  facet normal -0 0 -1
    outer loop
      vertex -4.68344 3.98854 4.79
      vertex -5.20293 3.58031 4.79
      vertex -4.74789 4.05061 4.79
    endloop
  endfacet
  facet normal 0 0 -1
    outer loop
      vertex -5.23543 3.61691 4.79
      vertex -4.74789 4.05061 4.79
      vertex -5.20293 3.58031 4.79
    endloop
  endfacet
  facet normal -0 0 -1
    outer loop
      vertex -4.74789 4.05061 4.79
      vertex -5.23543 3.61691 4.79
      vertex -4.81973 4.1066 4.79
    endloop
  endfacet
  facet normal -0 0 -1
    outer loop
      vertex -4.81973 4.1066 4.79
      vertex -5.23543 3.61691 4.79
      vertex -4.89894 4.15651 4.79
    endloop
  endfacet
  facet normal 0 0 -1
    outer loop
      vertex -5.27107 3.64973 4.79
      vertex -4.89894 4.15651 4.79
      vertex -5.23543 3.61691 4.79
    endloop
  endfacet
  facet normal -0 0 -1
    outer loop
      vertex -4.89894 4.15651 4.79
      vertex -5.27107 3.64973 4.79
      vertex -4.98552 4.20035 4.79
    endloop
  endfacet
  facet normal 0 0 -1
    outer loop
      vertex -5.30984 3.67876 4.79
      vertex -4.98552 4.20035 4.79
      vertex -5.27107 3.64973 4.79
    endloop
  endfacet
  facet normal -0 0 -1
    outer loop
      vertex -4.98552 4.20035 4.79
      vertex -5.30984 3.67876 4.79
      vertex -5.07948 4.2381 4.79
    endloop
  endfacet
  facet normal 0 0 -1
    outer loop
      vertex -5.35178 3.70399 4.79
      vertex -5.07948 4.2381 4.79
      vertex -5.30984 3.67876 4.79
    endloop
  endfacet
  facet normal -0 0 -1
    outer loop
      vertex -5.07948 4.2381 4.79
      vertex -5.35178 3.70399 4.79
      vertex -5.18106 4.26933 4.79
    endloop
  endfacet
  facet normal 0 0 -1
    outer loop
      vertex -5.39685 3.72542 4.79
      vertex -5.18106 4.26933 4.79
      vertex -5.35178 3.70399 4.79
    endloop
  endfacet
  facet normal -0 0 -1
    outer loop
      vertex -5.18106 4.26933 4.79
      vertex -5.39685 3.72542 4.79
      vertex -5.29044 4.29364 4.79
    endloop
  endfacet
  facet normal 0 0 -1
    outer loop
      vertex -5.44589 3.74301 4.79
      vertex -5.29044 4.29364 4.79
      vertex -5.39685 3.72542 4.79
    endloop
  endfacet
  facet normal -0 0 -1
    outer loop
      vertex -5.29044 4.29364 4.79
      vertex -5.44589 3.74301 4.79
      vertex -5.40761 4.311 4.79
    endloop
  endfacet
  facet normal 0 0 -1
    outer loop
      vertex -5.49971 3.75668 4.79
      vertex -5.40761 4.311 4.79
      vertex -5.44589 3.74301 4.79
    endloop
  endfacet
  facet normal 0 0 -1
    outer loop
      vertex -5.5583 3.76645 4.79
      vertex -5.40761 4.311 4.79
      vertex -5.49971 3.75668 4.79
    endloop
  endfacet
  facet normal -0 0 -1
    outer loop
      vertex -5.40761 4.311 4.79
      vertex -5.5583 3.76645 4.79
      vertex -5.53261 4.32141 4.79
    endloop
  endfacet
  facet normal 0 0 -1
    outer loop
      vertex -5.62166 3.77231 4.79
      vertex -5.53261 4.32141 4.79
      vertex -5.5583 3.76645 4.79
    endloop
  endfacet
  facet normal 0 0 -1
    outer loop
      vertex -5.62166 3.77231 4.79
      vertex -5.66541 4.32489 4.79
      vertex -5.53261 4.32141 4.79
    endloop
  endfacet
  facet normal 0 0 -1
    outer loop
      vertex -5.6898 3.77426 4.79
      vertex -5.66541 4.32489 4.79
      vertex -5.62166 3.77231 4.79
    endloop
  endfacet
  facet normal 0 0 -1
    outer loop
      vertex -5.78455 4.32141 4.79
      vertex -5.6898 3.77426 4.79
      vertex -5.75394 3.77258 4.79
    endloop
  endfacet
  facet normal 0 0 -1
    outer loop
      vertex -5.6898 3.77426 4.79
      vertex -5.78455 4.32141 4.79
      vertex -5.66541 4.32489 4.79
    endloop
  endfacet
  facet normal 0 0 -1
    outer loop
      vertex -5.81393 3.76753 4.79
      vertex -5.78455 4.32141 4.79
      vertex -5.75394 3.77258 4.79
    endloop
  endfacet
  facet normal 0 0 -1
    outer loop
      vertex -5.8989 4.311 4.79
      vertex -5.81393 3.76753 4.79
      vertex -5.86983 3.75912 4.79
    endloop
  endfacet
  facet normal 0 0 -1
    outer loop
      vertex -5.81393 3.76753 4.79
      vertex -5.8989 4.311 4.79
      vertex -5.78455 4.32141 4.79
    endloop
  endfacet
  facet normal 0 0 -1
    outer loop
      vertex -6.00848 4.29364 4.79
      vertex -5.86983 3.75912 4.79
      vertex -5.92157 3.74736 4.79
    endloop
  endfacet
  facet normal 0 0 -1
    outer loop
      vertex -6.1133 4.26933 4.79
      vertex -5.92157 3.74736 4.79
      vertex -5.96921 3.73222 4.79
    endloop
  endfacet
  facet normal 0 0 -1
    outer loop
      vertex -5.86983 3.75912 4.79
      vertex -6.00848 4.29364 4.79
      vertex -5.8989 4.311 4.79
    endloop
  endfacet
  facet normal 0 0 -1
    outer loop
      vertex -6.21333 4.2381 4.79
      vertex -5.96921 3.73222 4.79
      vertex -6.01326 3.71335 4.79
    endloop
  endfacet
  facet normal 0 0 -1
    outer loop
      vertex -6.30798 4.20003 4.79
      vertex -6.01326 3.71335 4.79
      vertex -6.05428 3.69034 4.79
    endloop
  endfacet
  facet normal 0 0 -1
    outer loop
      vertex -6.39668 4.15521 4.79
      vertex -6.05428 3.69034 4.79
      vertex -6.09224 3.66321 4.79
    endloop
  endfacet
  facet normal 0 0 -1
    outer loop
      vertex -5.92157 3.74736 4.79
      vertex -6.1133 4.26933 4.79
      vertex -6.00848 4.29364 4.79
    endloop
  endfacet
  facet normal 0 0 -1
    outer loop
      vertex -6.39668 4.15521 4.79
      vertex -6.09224 3.66321 4.79
      vertex -6.12718 3.63196 4.79
    endloop
  endfacet
  facet normal 0 0 -1
    outer loop
      vertex -6.39668 4.15521 4.79
      vertex -6.12718 3.63196 4.79
      vertex -6.15909 3.59659 4.79
    endloop
  endfacet
  facet normal 0 0 -1
    outer loop
      vertex -6.39668 4.15521 4.79
      vertex -6.15909 3.59659 4.79
      vertex -6.18794 3.55704 4.79
    endloop
  endfacet
  facet normal 0 0 -1
    outer loop
      vertex -5.96921 3.73222 4.79
      vertex -6.21333 4.2381 4.79
      vertex -6.1133 4.26933 4.79
    endloop
  endfacet
  facet normal 0 0 -1
    outer loop
      vertex -6.39668 4.15521 4.79
      vertex -6.18794 3.55704 4.79
      vertex -6.21378 3.51324 4.79
    endloop
  endfacet
  facet normal 0 0 -1
    outer loop
      vertex -6.39668 4.15521 4.79
      vertex -6.21378 3.51324 4.79
      vertex -6.23656 3.46524 4.79
    endloop
  endfacet
  facet normal 0 0 -1
    outer loop
      vertex -6.39668 4.15521 4.79
      vertex -6.23656 3.46524 4.79
      vertex -6.2563 3.41301 4.79
    endloop
  endfacet
  facet normal 0 0 -1
    outer loop
      vertex -6.39668 4.15521 4.79
      vertex -6.2563 3.41301 4.79
      vertex -6.27301 3.35655 4.79
    endloop
  endfacet
  facet normal 0 0 -1
    outer loop
      vertex -6.39668 4.15521 4.79
      vertex -6.27301 3.35655 4.79
      vertex -6.28667 3.29546 4.79
    endloop
  endfacet
  facet normal 0 0 -1
    outer loop
      vertex -6.39668 4.15521 4.79
      vertex -6.28667 3.29546 4.79
      vertex -6.2973 3.22937 4.79
    endloop
  endfacet
  facet normal 0 0 -1
    outer loop
      vertex -6.39668 4.15521 4.79
      vertex -6.2973 3.22937 4.79
      vertex -6.30489 3.15831 4.79
    endloop
  endfacet
  facet normal 0 0 -1
    outer loop
      vertex -6.01326 3.71335 4.79
      vertex -6.30798 4.20003 4.79
      vertex -6.21333 4.2381 4.79
    endloop
  endfacet
  facet normal 0 0 -1
    outer loop
      vertex -6.39668 4.15521 4.79
      vertex -6.30489 3.15831 4.79
      vertex -6.30945 3.08224 4.79
    endloop
  endfacet
  facet normal 0 0 -1
    outer loop
      vertex -6.39668 4.15521 4.79
      vertex -6.30945 3.08224 4.79
      vertex -6.31096 3.00119 4.79
    endloop
  endfacet
  facet normal 0 0 -1
    outer loop
      vertex -6.05428 3.69034 4.79
      vertex -6.39668 4.15521 4.79
      vertex -6.30798 4.20003 4.79
    endloop
  endfacet
  facet normal 0 0 -1
    outer loop
      vertex 6.32336 2.24171 4.79
      vertex 6.94992 4.2625 4.79
      vertex 6.77632 0.717285 4.79
    endloop
  endfacet
  facet normal -0 0 -1
    outer loop
      vertex 6.94992 4.2625 4.79
      vertex 6.32336 2.24171 4.79
      vertex 6.38304 4.2625 4.79
    endloop
  endfacet
  facet normal 0 0 -1
    outer loop
      vertex 6.77632 0.717285 4.79
      vertex 6.30435 1.45779 4.79
      vertex 6.32336 2.24171 4.79
    endloop
  endfacet
  facet normal 0 0 -1
    outer loop
      vertex 6.02228 0.717285 4.79
      vertex 6.30435 1.45779 4.79
      vertex 6.77632 0.717285 4.79
    endloop
  endfacet
  facet normal 0 0 -1
    outer loop
      vertex 5.71031 1.7236 4.79
      vertex 6.30435 1.45779 4.79
      vertex 6.02228 0.717285 4.79
    endloop
  endfacet
  facet normal 0 0 -1
    outer loop
      vertex 6.30435 1.45779 4.79
      vertex 5.71031 1.7236 4.79
      vertex 6.15515 2.00027 4.79
    endloop
  endfacet
  facet normal 0 0 -1
    outer loop
      vertex 5.56111 2.29053 4.79
      vertex 6.15515 2.00027 4.79
      vertex 5.71031 1.7236 4.79
    endloop
  endfacet
  facet normal 0 0 -1
    outer loop
      vertex 6.15515 2.00027 4.79
      vertex 5.56111 2.29053 4.79
      vertex 5.79984 3.20735 4.79
    endloop
  endfacet
  facet normal 0 0 -1
    outer loop
      vertex 4.9888 2.00027 4.79
      vertex 5.56111 2.29053 4.79
      vertex 5.41196 1.75616 4.79
    endloop
  endfacet
  facet normal 0 0 -1
    outer loop
      vertex 5.56111 2.29053 4.79
      vertex 5.38213 3.20735 4.79
      vertex 5.79984 3.20735 4.79
    endloop
  endfacet
  facet normal 0 0 -1
    outer loop
      vertex 4.81792 1.45779 4.79
      vertex 5.41196 1.75616 4.79
      vertex 5.08372 0.717285 4.79
    endloop
  endfacet
  facet normal -0 0 -1
    outer loop
      vertex 5.56111 2.29053 4.79
      vertex 4.9888 2.00027 4.79
      vertex 5.38213 3.20735 4.79
    endloop
  endfacet
  facet normal -0 0 -1
    outer loop
      vertex 5.41196 1.75616 4.79
      vertex 4.81792 1.45779 4.79
      vertex 4.9888 2.00027 4.79
    endloop
  endfacet
  facet normal 0 0 -1
    outer loop
      vertex 4.31609 0.717285 4.79
      vertex 4.79347 2.258 4.79
      vertex 4.81792 1.45779 4.79
    endloop
  endfacet
  facet normal 0 0 -1
    outer loop
      vertex 4.31609 0.717285 4.79
      vertex 4.81792 1.45779 4.79
      vertex 5.08372 0.717285 4.79
    endloop
  endfacet
  facet normal -0 0 -1
    outer loop
      vertex 4.79347 2.258 4.79
      vertex 4.31609 0.717285 4.79
      vertex 4.1398 4.2625 4.79
    endloop
  endfacet
  facet normal 0 0 -1
    outer loop
      vertex 4.79347 2.258 4.79
      vertex 4.1398 4.2625 4.79
      vertex 4.72839 4.2625 4.79
    endloop
  endfacet
  facet normal 0 0 -1
    outer loop
      vertex 14.49 2.16304 4.79
      vertex 15.8788 2.71367 4.79
      vertex 15.8788 2.16304 4.79
    endloop
  endfacet
  facet normal -0 0 -1
    outer loop
      vertex 15.8788 2.71367 4.79
      vertex 14.49 2.16304 4.79
      vertex 14.49 2.71367 4.79
    endloop
  endfacet
  facet normal 0 0 -1
    outer loop
      vertex 15.8788 2.16304 4.79
      vertex 16.5569 0.717285 4.79
      vertex 15.8788 1.28148 4.79
    endloop
  endfacet
  facet normal 0 0 -1
    outer loop
      vertex 14.4222 0.717285 4.79
      vertex 15.8788 1.28148 4.79
      vertex 16.5569 0.717285 4.79
    endloop
  endfacet
  facet normal -0 0 -1
    outer loop
      vertex 15.8788 1.28148 4.79
      vertex 14.4222 0.717285 4.79
      vertex 14.4222 1.28148 4.79
    endloop
  endfacet
  facet normal 0 0 -1
    outer loop
      vertex 15.8788 2.71367 4.79
      vertex 16.5569 0.717285 4.79
      vertex 15.8788 2.16304 4.79
    endloop
  endfacet
  facet normal 0 0 -1
    outer loop
      vertex 16.5569 0.717285 4.79
      vertex 15.8788 2.71367 4.79
      vertex 16.5569 4.2625 4.79
    endloop
  endfacet
  facet normal 0 0 -1
    outer loop
      vertex 15.8788 3.6983 4.79
      vertex 16.5569 4.2625 4.79
      vertex 15.8788 2.71367 4.79
    endloop
  endfacet
  facet normal 0 0 -1
    outer loop
      vertex 14.4222 4.2625 4.79
      vertex 15.8788 3.6983 4.79
      vertex 14.4222 3.6983 4.79
    endloop
  endfacet
  facet normal 0 0 -1
    outer loop
      vertex 15.8788 3.6983 4.79
      vertex 14.4222 4.2625 4.79
      vertex 16.5569 4.2625 4.79
    endloop
  endfacet
  facet normal -0.0865709 0.996246 0
    outer loop
      vertex 19.2684 4.31992 4.79
      vertex 19.144 4.30911 6
      vertex 19.2684 4.31992 6
    endloop
  endfacet
  facet normal -0.0865709 0.996246 0
    outer loop
      vertex 19.144 4.30911 6
      vertex 19.2684 4.31992 4.79
      vertex 19.144 4.30911 4.79
    endloop
  endfacet
  facet normal -0.151048 0.988526 0
    outer loop
      vertex 19.144 4.30911 4.79
      vertex 19.0262 4.29111 6
      vertex 19.144 4.30911 6
    endloop
  endfacet
  facet normal -0.151048 0.988526 0
    outer loop
      vertex 19.0262 4.29111 6
      vertex 19.144 4.30911 4.79
      vertex 19.0262 4.29111 4.79
    endloop
  endfacet
  facet normal -0.221015 0.975271 0
    outer loop
      vertex 19.0262 4.29111 4.79
      vertex 18.915 4.26591 6
      vertex 19.0262 4.29111 6
    endloop
  endfacet
  facet normal -0.221015 0.975271 0
    outer loop
      vertex 18.915 4.26591 6
      vertex 19.0262 4.29111 4.79
      vertex 18.915 4.26591 4.79
    endloop
  endfacet
  facet normal -0.295799 0.95525 0
    outer loop
      vertex 18.915 4.26591 4.79
      vertex 18.8104 4.23352 6
      vertex 18.915 4.26591 6
    endloop
  endfacet
  facet normal -0.295799 0.95525 0
    outer loop
      vertex 18.8104 4.23352 6
      vertex 18.915 4.26591 4.79
      vertex 18.8104 4.23352 4.79
    endloop
  endfacet
  facet normal -0.369755 0.929129 0
    outer loop
      vertex 18.8104 4.23352 4.79
      vertex 18.7124 4.19452 6
      vertex 18.8104 4.23352 6
    endloop
  endfacet
  facet normal -0.369755 0.929129 0
    outer loop
      vertex 18.7124 4.19452 6
      vertex 18.8104 4.23352 4.79
      vertex 18.7124 4.19452 4.79
    endloop
  endfacet
  facet normal -0.44155 0.897236 0
    outer loop
      vertex 18.7124 4.19452 4.79
      vertex 18.621 4.14954 6
      vertex 18.7124 4.19452 6
    endloop
  endfacet
  facet normal -0.44155 0.897236 0
    outer loop
      vertex 18.621 4.14954 6
      vertex 18.7124 4.19452 4.79
      vertex 18.621 4.14954 4.79
    endloop
  endfacet
  facet normal -0.514718 0.857359 0
    outer loop
      vertex 18.621 4.14954 4.79
      vertex 18.5361 4.09857 6
      vertex 18.621 4.14954 6
    endloop
  endfacet
  facet normal -0.514718 0.857359 0
    outer loop
      vertex 18.5361 4.09857 6
      vertex 18.621 4.14954 4.79
      vertex 18.5361 4.09857 4.79
    endloop
  endfacet
  facet normal -0.588559 0.808454 0
    outer loop
      vertex 18.5361 4.09857 4.79
      vertex 18.4579 4.04164 6
      vertex 18.5361 4.09857 6
    endloop
  endfacet
  facet normal -0.588559 0.808454 0
    outer loop
      vertex 18.4579 4.04164 6
      vertex 18.5361 4.09857 4.79
      vertex 18.4579 4.04164 4.79
    endloop
  endfacet
  facet normal -0.659528 0.75168 0
    outer loop
      vertex 18.4579 4.04164 4.79
      vertex 18.3862 3.97873 6
      vertex 18.4579 4.04164 6
    endloop
  endfacet
  facet normal -0.659528 0.75168 0
    outer loop
      vertex 18.3862 3.97873 6
      vertex 18.4579 4.04164 4.79
      vertex 18.3862 3.97873 4.79
    endloop
  endfacet
  facet normal -0.725897 0.687803 0
    outer loop
      vertex 18.3212 3.91013 4.79
      vertex 18.3862 3.97873 6
      vertex 18.3862 3.97873 4.79
    endloop
  endfacet
  facet normal -0.725897 0.687803 0
    outer loop
      vertex 18.3862 3.97873 6
      vertex 18.3212 3.91013 4.79
      vertex 18.3212 3.91013 6
    endloop
  endfacet
  facet normal -0.784312 0.620366 0
    outer loop
      vertex 18.2627 3.83617 4.79
      vertex 18.3212 3.91013 6
      vertex 18.3212 3.91013 4.79
    endloop
  endfacet
  facet normal -0.784312 0.620366 0
    outer loop
      vertex 18.3212 3.91013 6
      vertex 18.2627 3.83617 4.79
      vertex 18.2627 3.83617 6
    endloop
  endfacet
  facet normal -0.836886 0.547377 0
    outer loop
      vertex 18.2108 3.75682 4.79
      vertex 18.2627 3.83617 6
      vertex 18.2627 3.83617 4.79
    endloop
  endfacet
  facet normal -0.836886 0.547377 0
    outer loop
      vertex 18.2627 3.83617 6
      vertex 18.2108 3.75682 4.79
      vertex 18.2108 3.75682 6
    endloop
  endfacet
  facet normal -0.881851 0.471528 0
    outer loop
      vertex 18.1655 3.6721 4.79
      vertex 18.2108 3.75682 6
      vertex 18.2108 3.75682 4.79
    endloop
  endfacet
  facet normal -0.881851 0.471528 0
    outer loop
      vertex 18.2108 3.75682 6
      vertex 18.1655 3.6721 4.79
      vertex 18.1655 3.6721 6
    endloop
  endfacet
  facet normal -0.919166 0.39387 0
    outer loop
      vertex 18.1269 3.58202 4.79
      vertex 18.1655 3.6721 6
      vertex 18.1655 3.6721 4.79
    endloop
  endfacet
  facet normal -0.919166 0.39387 0
    outer loop
      vertex 18.1655 3.6721 6
      vertex 18.1269 3.58202 4.79
      vertex 18.1269 3.58202 6
    endloop
  endfacet
  facet normal -0.947708 0.319138 0
    outer loop
      vertex 18.095 3.48729 4.79
      vertex 18.1269 3.58202 6
      vertex 18.1269 3.58202 4.79
    endloop
  endfacet
  facet normal -0.947708 0.319138 0
    outer loop
      vertex 18.1269 3.58202 6
      vertex 18.095 3.48729 4.79
      vertex 18.095 3.48729 6
    endloop
  endfacet
  facet normal -0.969812 0.243854 0
    outer loop
      vertex 18.0702 3.38866 4.79
      vertex 18.095 3.48729 6
      vertex 18.095 3.48729 4.79
    endloop
  endfacet
  facet normal -0.969812 0.243854 0
    outer loop
      vertex 18.095 3.48729 6
      vertex 18.0702 3.38866 4.79
      vertex 18.0702 3.38866 6
    endloop
  endfacet
  facet normal -0.985427 0.1701 0
    outer loop
      vertex 18.0525 3.28612 4.79
      vertex 18.0702 3.38866 6
      vertex 18.0702 3.38866 4.79
    endloop
  endfacet
  facet normal -0.985427 0.1701 0
    outer loop
      vertex 18.0702 3.38866 6
      vertex 18.0525 3.28612 4.79
      vertex 18.0525 3.28612 6
    endloop
  endfacet
  facet normal -0.995079 0.0990872 0
    outer loop
      vertex 18.0419 3.17967 4.79
      vertex 18.0525 3.28612 6
      vertex 18.0525 3.28612 4.79
    endloop
  endfacet
  facet normal -0.995079 0.0990872 0
    outer loop
      vertex 18.0525 3.28612 6
      vertex 18.0419 3.17967 4.79
      vertex 18.0419 3.17967 6
    endloop
  endfacet
  facet normal -0.999468 0.032612 0
    outer loop
      vertex 18.0383 3.06934 4.79
      vertex 18.0419 3.17967 6
      vertex 18.0419 3.17967 4.79
    endloop
  endfacet
  facet normal -0.999468 0.032612 0
    outer loop
      vertex 18.0419 3.17967 6
      vertex 18.0383 3.06934 4.79
      vertex 18.0383 3.06934 6
    endloop
  endfacet
  facet normal -1 0 0
    outer loop
      vertex 18.0383 0.274124 4.79
      vertex 18.0383 3.06934 6
      vertex 18.0383 3.06934 4.79
    endloop
  endfacet
  facet normal -1 -0 0
    outer loop
      vertex 18.0383 3.06934 6
      vertex 18.0383 0.274124 4.79
      vertex 18.0383 0.274124 6
    endloop
  endfacet
  facet normal 0 -1 0
    outer loop
      vertex 18.0383 0.274124 4.79
      vertex 20.2446 0.274124 6
      vertex 18.0383 0.274124 6
    endloop
  endfacet
  facet normal 0 -1 -0
    outer loop
      vertex 20.2446 0.274124 6
      vertex 18.0383 0.274124 4.79
      vertex 20.2446 0.274124 4.79
    endloop
  endfacet
  facet normal 1 -0 0
    outer loop
      vertex 20.2446 0.274124 6
      vertex 20.2446 0.8936 4.79
      vertex 20.2446 0.8936 6
    endloop
  endfacet
  facet normal 1 0 0
    outer loop
      vertex 20.2446 0.8936 4.79
      vertex 20.2446 0.274124 6
      vertex 20.2446 0.274124 4.79
    endloop
  endfacet
  facet normal 0 1 -0
    outer loop
      vertex 20.2446 0.8936 4.79
      vertex 18.8012 0.8936 6
      vertex 20.2446 0.8936 6
    endloop
  endfacet
  facet normal 0 1 0
    outer loop
      vertex 18.8012 0.8936 6
      vertex 20.2446 0.8936 4.79
      vertex 18.8012 0.8936 4.79
    endloop
  endfacet
  facet normal 1 -0 0
    outer loop
      vertex 18.8012 0.8936 6
      vertex 18.8012 2.96861 4.79
      vertex 18.8012 2.96861 6
    endloop
  endfacet
  facet normal 1 0 0
    outer loop
      vertex 18.8012 2.96861 4.79
      vertex 18.8012 0.8936 6
      vertex 18.8012 0.8936 4.79
    endloop
  endfacet
  facet normal 0.999614 -0.0277741 0
    outer loop
      vertex 18.8012 2.96861 6
      vertex 18.8034 3.04779 4.79
      vertex 18.8034 3.04779 6
    endloop
  endfacet
  facet normal 0.999614 -0.0277741 0
    outer loop
      vertex 18.8034 3.04779 4.79
      vertex 18.8012 2.96861 6
      vertex 18.8012 2.96861 4.79
    endloop
  endfacet
  facet normal 0.996037 -0.0889439 0
    outer loop
      vertex 18.8034 3.04779 6
      vertex 18.81 3.1217 4.79
      vertex 18.81 3.1217 6
    endloop
  endfacet
  facet normal 0.996037 -0.0889439 0
    outer loop
      vertex 18.81 3.1217 4.79
      vertex 18.8034 3.04779 6
      vertex 18.8034 3.04779 4.79
    endloop
  endfacet
  facet normal 0.987412 -0.15817 0
    outer loop
      vertex 18.81 3.1217 6
      vertex 18.821 3.19037 4.79
      vertex 18.821 3.19037 6
    endloop
  endfacet
  facet normal 0.987412 -0.15817 0
    outer loop
      vertex 18.821 3.19037 4.79
      vertex 18.81 3.1217 6
      vertex 18.81 3.1217 4.79
    endloop
  endfacet
  facet normal 0.971769 -0.235933 0
    outer loop
      vertex 18.821 3.19037 6
      vertex 18.8364 3.2538 4.79
      vertex 18.8364 3.2538 6
    endloop
  endfacet
  facet normal 0.971769 -0.235933 0
    outer loop
      vertex 18.8364 3.2538 4.79
      vertex 18.821 3.19037 6
      vertex 18.821 3.19037 4.79
    endloop
  endfacet
  facet normal 0.946663 -0.322227 0
    outer loop
      vertex 18.8364 3.2538 6
      vertex 18.8562 3.31197 4.79
      vertex 18.8562 3.31197 6
    endloop
  endfacet
  facet normal 0.946663 -0.322227 0
    outer loop
      vertex 18.8562 3.31197 4.79
      vertex 18.8364 3.2538 6
      vertex 18.8364 3.2538 4.79
    endloop
  endfacet
  facet normal 0.917179 -0.398475 0
    outer loop
      vertex 18.8562 3.31197 6
      vertex 18.8794 3.36537 4.79
      vertex 18.8794 3.36537 6
    endloop
  endfacet
  facet normal 0.917179 -0.398475 0
    outer loop
      vertex 18.8794 3.36537 4.79
      vertex 18.8562 3.31197 6
      vertex 18.8562 3.31197 4.79
    endloop
  endfacet
  facet normal 0.886791 -0.462171 0
    outer loop
      vertex 18.8794 3.36537 6
      vertex 18.905 3.41449 4.79
      vertex 18.905 3.41449 6
    endloop
  endfacet
  facet normal 0.886791 -0.462171 0
    outer loop
      vertex 18.905 3.41449 4.79
      vertex 18.8794 3.36537 6
      vertex 18.8794 3.36537 4.79
    endloop
  endfacet
  facet normal 0.847467 -0.530848 0
    outer loop
      vertex 18.905 3.41449 6
      vertex 18.9331 3.45935 4.79
      vertex 18.9331 3.45935 6
    endloop
  endfacet
  facet normal 0.847467 -0.530848 0
    outer loop
      vertex 18.9331 3.45935 4.79
      vertex 18.905 3.41449 6
      vertex 18.905 3.41449 4.79
    endloop
  endfacet
  facet normal 0.799456 -0.600725 0
    outer loop
      vertex 18.9331 3.45935 6
      vertex 18.9636 3.49994 4.79
      vertex 18.9636 3.49994 6
    endloop
  endfacet
  facet normal 0.799456 -0.600725 0
    outer loop
      vertex 18.9636 3.49994 4.79
      vertex 18.9331 3.45935 6
      vertex 18.9331 3.45935 4.79
    endloop
  endfacet
  facet normal 0.741047 -0.671453 0
    outer loop
      vertex 18.9636 3.49994 6
      vertex 18.9965 3.53625 4.79
      vertex 18.9965 3.53625 6
    endloop
  endfacet
  facet normal 0.741047 -0.671453 0
    outer loop
      vertex 18.9965 3.53625 4.79
      vertex 18.9636 3.49994 6
      vertex 18.9636 3.49994 4.79
    endloop
  endfacet
  facet normal 0.676238 -0.736684 0
    outer loop
      vertex 18.9965 3.53625 4.79
      vertex 19.0316 3.56847 6
      vertex 18.9965 3.53625 6
    endloop
  endfacet
  facet normal 0.676238 -0.736684 0
    outer loop
      vertex 19.0316 3.56847 6
      vertex 18.9965 3.53625 4.79
      vertex 19.0316 3.56847 4.79
    endloop
  endfacet
  facet normal 0.60753 -0.794297 0
    outer loop
      vertex 19.0316 3.56847 4.79
      vertex 19.0686 3.59677 6
      vertex 19.0316 3.56847 6
    endloop
  endfacet
  facet normal 0.60753 -0.794297 0
    outer loop
      vertex 19.0686 3.59677 6
      vertex 19.0316 3.56847 4.79
      vertex 19.0686 3.59677 4.79
    endloop
  endfacet
  facet normal 0.533648 -0.845707 0
    outer loop
      vertex 19.0686 3.59677 4.79
      vertex 19.1073 3.62119 6
      vertex 19.0686 3.59677 6
    endloop
  endfacet
  facet normal 0.533648 -0.845707 0
    outer loop
      vertex 19.1073 3.62119 6
      vertex 19.0686 3.59677 4.79
      vertex 19.1073 3.62119 4.79
    endloop
  endfacet
  facet normal 0.450728 -0.892661 0
    outer loop
      vertex 19.1073 3.62119 4.79
      vertex 19.1479 3.64169 6
      vertex 19.1073 3.62119 6
    endloop
  endfacet
  facet normal 0.450728 -0.892661 0
    outer loop
      vertex 19.1479 3.64169 6
      vertex 19.1073 3.62119 4.79
      vertex 19.1479 3.64169 4.79
    endloop
  endfacet
  facet normal 0.364565 -0.931178 0
    outer loop
      vertex 19.1479 3.64169 4.79
      vertex 19.1903 3.65829 6
      vertex 19.1479 3.64169 6
    endloop
  endfacet
  facet normal 0.364565 -0.931178 0
    outer loop
      vertex 19.1903 3.65829 6
      vertex 19.1479 3.64169 4.79
      vertex 19.1903 3.65829 4.79
    endloop
  endfacet
  facet normal 0.293258 -0.956033 0
    outer loop
      vertex 19.1903 3.65829 4.79
      vertex 19.2333 3.67148 6
      vertex 19.1903 3.65829 6
    endloop
  endfacet
  facet normal 0.293258 -0.956033 0
    outer loop
      vertex 19.2333 3.67148 6
      vertex 19.1903 3.65829 4.79
      vertex 19.2333 3.67148 4.79
    endloop
  endfacet
  facet normal 0.234977 -0.972001 0
    outer loop
      vertex 19.2333 3.67148 4.79
      vertex 19.2757 3.68173 6
      vertex 19.2333 3.67148 6
    endloop
  endfacet
  facet normal 0.234977 -0.972001 0
    outer loop
      vertex 19.2757 3.68173 6
      vertex 19.2333 3.67148 4.79
      vertex 19.2757 3.68173 4.79
    endloop
  endfacet
  facet normal 0.172723 -0.98497 0
    outer loop
      vertex 19.2757 3.68173 4.79
      vertex 19.3175 3.68906 6
      vertex 19.2757 3.68173 6
    endloop
  endfacet
  facet normal 0.172723 -0.98497 0
    outer loop
      vertex 19.3175 3.68906 6
      vertex 19.2757 3.68173 4.79
      vertex 19.3175 3.68906 4.79
    endloop
  endfacet
  facet normal 0.105954 -0.994371 0
    outer loop
      vertex 19.3175 3.68906 4.79
      vertex 19.3587 3.69345 6
      vertex 19.3175 3.68906 6
    endloop
  endfacet
  facet normal 0.105954 -0.994371 0
    outer loop
      vertex 19.3587 3.69345 6
      vertex 19.3175 3.68906 4.79
      vertex 19.3587 3.69345 4.79
    endloop
  endfacet
  facet normal 0.0361832 -0.999345 0
    outer loop
      vertex 19.3587 3.69345 4.79
      vertex 19.3993 3.69492 6
      vertex 19.3587 3.69345 6
    endloop
  endfacet
  facet normal 0.0361832 -0.999345 0
    outer loop
      vertex 19.3993 3.69492 6
      vertex 19.3587 3.69345 4.79
      vertex 19.3993 3.69492 4.79
    endloop
  endfacet
  facet normal -0.0192433 -0.999815 0
    outer loop
      vertex 19.3993 3.69492 4.79
      vertex 19.4471 3.694 6
      vertex 19.3993 3.69492 6
    endloop
  endfacet
  facet normal -0.0192433 -0.999815 -0
    outer loop
      vertex 19.4471 3.694 6
      vertex 19.3993 3.69492 4.79
      vertex 19.4471 3.694 4.79
    endloop
  endfacet
  facet normal -0.0569014 -0.99838 0
    outer loop
      vertex 19.4471 3.694 4.79
      vertex 19.495 3.69127 6
      vertex 19.4471 3.694 6
    endloop
  endfacet
  facet normal -0.0569014 -0.99838 -0
    outer loop
      vertex 19.495 3.69127 6
      vertex 19.4471 3.694 4.79
      vertex 19.495 3.69127 4.79
    endloop
  endfacet
  facet normal -0.0944006 -0.995534 0
    outer loop
      vertex 19.495 3.69127 4.79
      vertex 19.5433 3.68669 6
      vertex 19.495 3.69127 6
    endloop
  endfacet
  facet normal -0.0944006 -0.995534 -0
    outer loop
      vertex 19.5433 3.68669 6
      vertex 19.495 3.69127 4.79
      vertex 19.5433 3.68669 4.79
    endloop
  endfacet
  facet normal -0.131292 -0.991344 0
    outer loop
      vertex 19.5433 3.68669 4.79
      vertex 19.5917 3.68028 6
      vertex 19.5433 3.68669 6
    endloop
  endfacet
  facet normal -0.131292 -0.991344 -0
    outer loop
      vertex 19.5917 3.68028 6
      vertex 19.5433 3.68669 4.79
      vertex 19.5917 3.68028 4.79
    endloop
  endfacet
  facet normal -0.166434 -0.986053 0
    outer loop
      vertex 19.5917 3.68028 4.79
      vertex 19.6404 3.67206 6
      vertex 19.5917 3.68028 6
    endloop
  endfacet
  facet normal -0.166434 -0.986053 -0
    outer loop
      vertex 19.6404 3.67206 6
      vertex 19.5917 3.68028 4.79
      vertex 19.6404 3.67206 4.79
    endloop
  endfacet
  facet normal -0.199411 -0.979916 0
    outer loop
      vertex 19.6404 3.67206 4.79
      vertex 19.689 3.66217 6
      vertex 19.6404 3.67206 6
    endloop
  endfacet
  facet normal -0.199411 -0.979916 -0
    outer loop
      vertex 19.689 3.66217 6
      vertex 19.6404 3.67206 4.79
      vertex 19.689 3.66217 4.79
    endloop
  endfacet
  facet normal -0.22966 -0.973271 0
    outer loop
      vertex 19.689 3.66217 4.79
      vertex 19.7371 3.65082 6
      vertex 19.689 3.66217 6
    endloop
  endfacet
  facet normal -0.22966 -0.973271 -0
    outer loop
      vertex 19.7371 3.65082 6
      vertex 19.689 3.66217 4.79
      vertex 19.7371 3.65082 4.79
    endloop
  endfacet
  facet normal -0.260061 -0.965592 0
    outer loop
      vertex 19.7371 3.65082 4.79
      vertex 19.7847 3.638 6
      vertex 19.7371 3.65082 6
    endloop
  endfacet
  facet normal -0.260061 -0.965592 -0
    outer loop
      vertex 19.7847 3.638 6
      vertex 19.7371 3.65082 4.79
      vertex 19.7847 3.638 4.79
    endloop
  endfacet
  facet normal -0.290143 -0.956983 0
    outer loop
      vertex 19.7847 3.638 4.79
      vertex 19.8318 3.62372 6
      vertex 19.7847 3.638 6
    endloop
  endfacet
  facet normal -0.290143 -0.956983 -0
    outer loop
      vertex 19.8318 3.62372 6
      vertex 19.7847 3.638 4.79
      vertex 19.8318 3.62372 4.79
    endloop
  endfacet
  facet normal -0.319824 -0.947477 0
    outer loop
      vertex 19.8318 3.62372 4.79
      vertex 19.8784 3.60799 6
      vertex 19.8318 3.62372 6
    endloop
  endfacet
  facet normal -0.319824 -0.947477 -0
    outer loop
      vertex 19.8784 3.60799 6
      vertex 19.8318 3.62372 4.79
      vertex 19.8784 3.60799 4.79
    endloop
  endfacet
  facet normal -0.348212 -0.937416 0
    outer loop
      vertex 19.8784 3.60799 4.79
      vertex 19.9243 3.59094 6
      vertex 19.8784 3.60799 6
    endloop
  endfacet
  facet normal -0.348212 -0.937416 -0
    outer loop
      vertex 19.9243 3.59094 6
      vertex 19.8784 3.60799 4.79
      vertex 19.9243 3.59094 4.79
    endloop
  endfacet
  facet normal -0.375854 -0.926679 0
    outer loop
      vertex 19.9243 3.59094 4.79
      vertex 19.969 3.57281 6
      vertex 19.9243 3.59094 6
    endloop
  endfacet
  facet normal -0.375854 -0.926679 -0
    outer loop
      vertex 19.969 3.57281 6
      vertex 19.9243 3.59094 4.79
      vertex 19.969 3.57281 4.79
    endloop
  endfacet
  facet normal -0.403723 -0.914881 0
    outer loop
      vertex 19.969 3.57281 4.79
      vertex 20.0126 3.55357 6
      vertex 19.969 3.57281 6
    endloop
  endfacet
  facet normal -0.403723 -0.914881 -0
    outer loop
      vertex 20.0126 3.55357 6
      vertex 19.969 3.57281 4.79
      vertex 20.0126 3.55357 4.79
    endloop
  endfacet
  facet normal -0.430526 -0.902578 0
    outer loop
      vertex 20.0126 3.55357 4.79
      vertex 20.0552 3.53325 6
      vertex 20.0126 3.55357 6
    endloop
  endfacet
  facet normal -0.430526 -0.902578 -0
    outer loop
      vertex 20.0552 3.53325 6
      vertex 20.0126 3.55357 4.79
      vertex 20.0552 3.53325 4.79
    endloop
  endfacet
  facet normal -0.459866 -0.887988 0
    outer loop
      vertex 20.0552 3.53325 4.79
      vertex 20.0966 3.51181 6
      vertex 20.0552 3.53325 6
    endloop
  endfacet
  facet normal -0.459866 -0.887988 -0
    outer loop
      vertex 20.0966 3.51181 6
      vertex 20.0552 3.53325 4.79
      vertex 20.0966 3.51181 4.79
    endloop
  endfacet
  facet normal -0.488537 -0.872543 0
    outer loop
      vertex 20.0966 3.51181 4.79
      vertex 20.1365 3.48947 6
      vertex 20.0966 3.51181 6
    endloop
  endfacet
  facet normal -0.488537 -0.872543 -0
    outer loop
      vertex 20.1365 3.48947 6
      vertex 20.0966 3.51181 4.79
      vertex 20.1365 3.48947 4.79
    endloop
  endfacet
  facet normal -0.521962 -0.852968 0
    outer loop
      vertex 20.1365 3.48947 4.79
      vertex 20.1742 3.4664 6
      vertex 20.1365 3.48947 6
    endloop
  endfacet
  facet normal -0.521962 -0.852968 -0
    outer loop
      vertex 20.1742 3.4664 6
      vertex 20.1365 3.48947 4.79
      vertex 20.1742 3.4664 4.79
    endloop
  endfacet
  facet normal -0.5547 -0.83205 0
    outer loop
      vertex 20.1742 3.4664 4.79
      vertex 20.2099 3.4426 6
      vertex 20.1742 3.4664 6
    endloop
  endfacet
  facet normal -0.5547 -0.83205 -0
    outer loop
      vertex 20.2099 3.4426 6
      vertex 20.1742 3.4664 4.79
      vertex 20.2099 3.4426 4.79
    endloop
  endfacet
  facet normal -0.588657 -0.808383 0
    outer loop
      vertex 20.2099 3.4426 4.79
      vertex 20.2436 3.41806 6
      vertex 20.2099 3.4426 6
    endloop
  endfacet
  facet normal -0.588657 -0.808383 -0
    outer loop
      vertex 20.2436 3.41806 6
      vertex 20.2099 3.4426 4.79
      vertex 20.2436 3.41806 4.79
    endloop
  endfacet
  facet normal -0.625751 -0.780023 0
    outer loop
      vertex 20.2436 3.41806 4.79
      vertex 20.2751 3.39279 6
      vertex 20.2436 3.41806 6
    endloop
  endfacet
  facet normal -0.625751 -0.780023 -0
    outer loop
      vertex 20.2751 3.39279 6
      vertex 20.2436 3.41806 4.79
      vertex 20.2751 3.39279 4.79
    endloop
  endfacet
  facet normal 1 -0 0
    outer loop
      vertex 20.2751 3.39279 6
      vertex 20.2751 4.11909 4.79
      vertex 20.2751 4.11909 6
    endloop
  endfacet
  facet normal 1 0 0
    outer loop
      vertex 20.2751 4.11909 4.79
      vertex 20.2751 3.39279 6
      vertex 20.2751 3.39279 4.79
    endloop
  endfacet
  facet normal 0.435651 0.900116 -0
    outer loop
      vertex 20.2751 4.11909 4.79
      vertex 20.2045 4.15326 6
      vertex 20.2751 4.11909 6
    endloop
  endfacet
  facet normal 0.435651 0.900116 0
    outer loop
      vertex 20.2045 4.15326 6
      vertex 20.2751 4.11909 4.79
      vertex 20.2045 4.15326 4.79
    endloop
  endfacet
  facet normal 0.387773 0.921755 -0
    outer loop
      vertex 20.2045 4.15326 4.79
      vertex 20.1291 4.18498 6
      vertex 20.2045 4.15326 6
    endloop
  endfacet
  facet normal 0.387773 0.921755 0
    outer loop
      vertex 20.1291 4.18498 6
      vertex 20.2045 4.15326 4.79
      vertex 20.1291 4.18498 4.79
    endloop
  endfacet
  facet normal 0.344082 0.93894 -0
    outer loop
      vertex 20.1291 4.18498 4.79
      vertex 20.0492 4.21426 6
      vertex 20.1291 4.18498 6
    endloop
  endfacet
  facet normal 0.344082 0.93894 0
    outer loop
      vertex 20.0492 4.21426 6
      vertex 20.1291 4.18498 4.79
      vertex 20.0492 4.21426 4.79
    endloop
  endfacet
  facet normal 0.302608 0.953115 -0
    outer loop
      vertex 20.0492 4.21426 4.79
      vertex 19.9646 4.24112 6
      vertex 20.0492 4.21426 6
    endloop
  endfacet
  facet normal 0.302608 0.953115 0
    outer loop
      vertex 19.9646 4.24112 6
      vertex 20.0492 4.21426 4.79
      vertex 19.9646 4.24112 4.79
    endloop
  endfacet
  facet normal 0.263648 0.964619 -0
    outer loop
      vertex 19.9646 4.24112 4.79
      vertex 19.8754 4.2655 6
      vertex 19.9646 4.24112 6
    endloop
  endfacet
  facet normal 0.263648 0.964619 0
    outer loop
      vertex 19.8754 4.2655 6
      vertex 19.9646 4.24112 4.79
      vertex 19.8754 4.2655 4.79
    endloop
  endfacet
  facet normal 0.220744 0.975332 -0
    outer loop
      vertex 19.8754 4.2655 4.79
      vertex 19.7831 4.28639 6
      vertex 19.8754 4.2655 6
    endloop
  endfacet
  facet normal 0.220744 0.975332 0
    outer loop
      vertex 19.7831 4.28639 6
      vertex 19.8754 4.2655 4.79
      vertex 19.7831 4.28639 4.79
    endloop
  endfacet
  facet normal 0.170773 0.98531 -0
    outer loop
      vertex 19.7831 4.28639 4.79
      vertex 19.6894 4.30263 6
      vertex 19.7831 4.28639 6
    endloop
  endfacet
  facet normal 0.170773 0.98531 0
    outer loop
      vertex 19.6894 4.30263 6
      vertex 19.7831 4.28639 4.79
      vertex 19.6894 4.30263 4.79
    endloop
  endfacet
  facet normal 0.120726 0.992686 -0
    outer loop
      vertex 19.6894 4.30263 4.79
      vertex 19.5941 4.31422 6
      vertex 19.6894 4.30263 6
    endloop
  endfacet
  facet normal 0.120726 0.992686 0
    outer loop
      vertex 19.5941 4.31422 6
      vertex 19.6894 4.30263 4.79
      vertex 19.5941 4.31422 4.79
    endloop
  endfacet
  facet normal 0.0718634 0.997414 -0
    outer loop
      vertex 19.5941 4.31422 4.79
      vertex 19.4975 4.32118 6
      vertex 19.5941 4.31422 6
    endloop
  endfacet
  facet normal 0.0718634 0.997414 0
    outer loop
      vertex 19.4975 4.32118 6
      vertex 19.5941 4.31422 4.79
      vertex 19.4975 4.32118 4.79
    endloop
  endfacet
  facet normal 0.0238222 0.999716 -0
    outer loop
      vertex 19.4975 4.32118 4.79
      vertex 19.3993 4.32352 6
      vertex 19.4975 4.32118 6
    endloop
  endfacet
  facet normal 0.0238222 0.999716 0
    outer loop
      vertex 19.3993 4.32352 6
      vertex 19.4975 4.32118 4.79
      vertex 19.3993 4.32352 4.79
    endloop
  endfacet
  facet normal -0.0274915 0.999622 0
    outer loop
      vertex 19.3993 4.32352 4.79
      vertex 19.2684 4.31992 6
      vertex 19.3993 4.32352 6
    endloop
  endfacet
  facet normal -0.0274915 0.999622 0
    outer loop
      vertex 19.2684 4.31992 6
      vertex 19.3993 4.32352 4.79
      vertex 19.2684 4.31992 4.79
    endloop
  endfacet
  facet normal 0 -1 0
    outer loop
      vertex -3.46451 3.61864 4.79
      vertex -1.78001 3.61864 6
      vertex -3.46451 3.61864 6
    endloop
  endfacet
  facet normal 0 -1 -0
    outer loop
      vertex -1.78001 3.61864 6
      vertex -3.46451 3.61864 4.79
      vertex -1.78001 3.61864 4.79
    endloop
  endfacet
  facet normal -1 0 0
    outer loop
      vertex -1.78001 0.274124 4.79
      vertex -1.78001 3.61864 6
      vertex -1.78001 3.61864 4.79
    endloop
  endfacet
  facet normal -1 -0 0
    outer loop
      vertex -1.78001 3.61864 6
      vertex -1.78001 0.274124 4.79
      vertex -1.78001 0.274124 6
    endloop
  endfacet
  facet normal 0 -1 0
    outer loop
      vertex -1.78001 0.274124 4.79
      vertex -1.01714 0.274124 6
      vertex -1.78001 0.274124 6
    endloop
  endfacet
  facet normal 0 -1 -0
    outer loop
      vertex -1.01714 0.274124 6
      vertex -1.78001 0.274124 4.79
      vertex -1.01714 0.274124 4.79
    endloop
  endfacet
  facet normal 1 -0 0
    outer loop
      vertex -1.01714 0.274124 6
      vertex -1.01714 4.2625 4.79
      vertex -1.01714 4.2625 6
    endloop
  endfacet
  facet normal 1 0 0
    outer loop
      vertex -1.01714 4.2625 4.79
      vertex -1.01714 0.274124 6
      vertex -1.01714 0.274124 4.79
    endloop
  endfacet
  facet normal 0 1 -0
    outer loop
      vertex -1.01714 4.2625 4.79
      vertex -3.46451 4.2625 6
      vertex -1.01714 4.2625 6
    endloop
  endfacet
  facet normal 0 1 0
    outer loop
      vertex -3.46451 4.2625 6
      vertex -1.01714 4.2625 4.79
      vertex -3.46451 4.2625 4.79
    endloop
  endfacet
  facet normal -1 0 0
    outer loop
      vertex -3.46451 3.61864 4.79
      vertex -3.46451 4.2625 6
      vertex -3.46451 4.2625 4.79
    endloop
  endfacet
  facet normal -1 -0 0
    outer loop
      vertex -3.46451 4.2625 6
      vertex -3.46451 3.61864 4.79
      vertex -3.46451 3.61864 6
    endloop
  endfacet
  facet normal -0.111588 0.993755 0
    outer loop
      vertex 8.77559 4.32056 4.79
      vertex 8.65955 4.30753 6
      vertex 8.77559 4.32056 6
    endloop
  endfacet
  facet normal -0.111588 0.993755 0
    outer loop
      vertex 8.65955 4.30753 6
      vertex 8.77559 4.32056 4.79
      vertex 8.65955 4.30753 4.79
    endloop
  endfacet
  facet normal -0.188345 0.982103 0
    outer loop
      vertex 8.65955 4.30753 4.79
      vertex 8.54645 4.28584 6
      vertex 8.65955 4.30753 6
    endloop
  endfacet
  facet normal -0.188345 0.982103 0
    outer loop
      vertex 8.54645 4.28584 6
      vertex 8.65955 4.30753 4.79
      vertex 8.54645 4.28584 4.79
    endloop
  endfacet
  facet normal -0.265626 0.964076 0
    outer loop
      vertex 8.54645 4.28584 4.79
      vertex 8.43626 4.25548 6
      vertex 8.54645 4.28584 6
    endloop
  endfacet
  facet normal -0.265626 0.964076 0
    outer loop
      vertex 8.43626 4.25548 6
      vertex 8.54645 4.28584 4.79
      vertex 8.43626 4.25548 4.79
    endloop
  endfacet
  facet normal -0.342074 0.939673 0
    outer loop
      vertex 8.43626 4.25548 4.79
      vertex 8.32899 4.21643 6
      vertex 8.43626 4.25548 6
    endloop
  endfacet
  facet normal -0.342074 0.939673 0
    outer loop
      vertex 8.32899 4.21643 6
      vertex 8.43626 4.25548 4.79
      vertex 8.32899 4.21643 4.79
    endloop
  endfacet
  facet normal -0.422746 0.906248 0
    outer loop
      vertex 8.32899 4.21643 4.79
      vertex 8.22592 4.16835 6
      vertex 8.32899 4.21643 6
    endloop
  endfacet
  facet normal -0.422746 0.906248 0
    outer loop
      vertex 8.22592 4.16835 6
      vertex 8.32899 4.21643 4.79
      vertex 8.22592 4.16835 4.79
    endloop
  endfacet
  facet normal -0.50675 0.862093 0
    outer loop
      vertex 8.22592 4.16835 4.79
      vertex 8.12827 4.11095 6
      vertex 8.22592 4.16835 6
    endloop
  endfacet
  facet normal -0.50675 0.862093 0
    outer loop
      vertex 8.12827 4.11095 6
      vertex 8.22592 4.16835 4.79
      vertex 8.12827 4.11095 4.79
    endloop
  endfacet
  facet normal -0.58618 0.810181 0
    outer loop
      vertex 8.12827 4.11095 4.79
      vertex 8.03604 4.04422 6
      vertex 8.12827 4.11095 6
    endloop
  endfacet
  facet normal -0.58618 0.810181 0
    outer loop
      vertex 8.03604 4.04422 6
      vertex 8.12827 4.11095 4.79
      vertex 8.03604 4.04422 4.79
    endloop
  endfacet
  facet normal -0.659038 0.752109 0
    outer loop
      vertex 8.03604 4.04422 4.79
      vertex 7.94925 3.96817 6
      vertex 8.03604 4.04422 6
    endloop
  endfacet
  facet normal -0.659038 0.752109 0
    outer loop
      vertex 7.94925 3.96817 6
      vertex 8.03604 4.04422 4.79
      vertex 7.94925 3.96817 4.79
    endloop
  endfacet
  facet normal -0.7239 0.689905 0
    outer loop
      vertex 7.86787 3.88278 4.79
      vertex 7.94925 3.96817 6
      vertex 7.94925 3.96817 4.79
    endloop
  endfacet
  facet normal -0.7239 0.689905 0
    outer loop
      vertex 7.94925 3.96817 6
      vertex 7.86787 3.88278 4.79
      vertex 7.86787 3.88278 6
    endloop
  endfacet
  facet normal -0.783917 0.620866 0
    outer loop
      vertex 7.79259 3.78773 4.79
      vertex 7.86787 3.88278 6
      vertex 7.86787 3.88278 4.79
    endloop
  endfacet
  facet normal -0.783917 0.620866 0
    outer loop
      vertex 7.86787 3.88278 6
      vertex 7.79259 3.78773 4.79
      vertex 7.79259 3.78773 6
    endloop
  endfacet
  facet normal -0.837408 0.546579 0
    outer loop
      vertex 7.72403 3.68269 4.79
      vertex 7.79259 3.78773 6
      vertex 7.79259 3.78773 4.79
    endloop
  endfacet
  facet normal -0.837408 0.546579 0
    outer loop
      vertex 7.79259 3.78773 6
      vertex 7.72403 3.68269 4.79
      vertex 7.72403 3.68269 6
    endloop
  endfacet
  facet normal -0.880771 0.473543 0
    outer loop
      vertex 7.66219 3.56767 4.79
      vertex 7.72403 3.68269 6
      vertex 7.72403 3.68269 4.79
    endloop
  endfacet
  facet normal -0.880771 0.473543 0
    outer loop
      vertex 7.72403 3.68269 6
      vertex 7.66219 3.56767 4.79
      vertex 7.66219 3.56767 6
    endloop
  endfacet
  facet normal -0.914967 0.403528 0
    outer loop
      vertex 7.60707 3.44269 4.79
      vertex 7.66219 3.56767 6
      vertex 7.66219 3.56767 4.79
    endloop
  endfacet
  facet normal -0.914967 0.403528 0
    outer loop
      vertex 7.66219 3.56767 6
      vertex 7.60707 3.44269 4.79
      vertex 7.60707 3.44269 6
    endloop
  endfacet
  facet normal -0.941359 0.337405 0
    outer loop
      vertex 7.55869 3.30771 4.79
      vertex 7.60707 3.44269 6
      vertex 7.60707 3.44269 4.79
    endloop
  endfacet
  facet normal -0.941359 0.337405 0
    outer loop
      vertex 7.60707 3.44269 6
      vertex 7.55869 3.30771 4.79
      vertex 7.55869 3.30771 6
    endloop
  endfacet
  facet normal -0.963194 0.268806 0
    outer loop
      vertex 7.51814 3.16241 4.79
      vertex 7.55869 3.30771 6
      vertex 7.55869 3.30771 4.79
    endloop
  endfacet
  facet normal -0.963194 0.268806 0
    outer loop
      vertex 7.55869 3.30771 6
      vertex 7.51814 3.16241 4.79
      vertex 7.51814 3.16241 6
    endloop
  endfacet
  facet normal -0.98017 0.198159 0
    outer loop
      vertex 7.48662 3.0065 4.79
      vertex 7.51814 3.16241 6
      vertex 7.51814 3.16241 4.79
    endloop
  endfacet
  facet normal -0.98017 0.198159 0
    outer loop
      vertex 7.51814 3.16241 6
      vertex 7.48662 3.0065 4.79
      vertex 7.48662 3.0065 6
    endloop
  endfacet
  facet normal -0.99098 0.134011 0
    outer loop
      vertex 7.4641 2.83997 4.79
      vertex 7.48662 3.0065 6
      vertex 7.48662 3.0065 4.79
    endloop
  endfacet
  facet normal -0.99098 0.134011 0
    outer loop
      vertex 7.48662 3.0065 6
      vertex 7.4641 2.83997 4.79
      vertex 7.4641 2.83997 6
    endloop
  endfacet
  facet normal -0.997105 0.076038 0
    outer loop
      vertex 7.45059 2.66281 4.79
      vertex 7.4641 2.83997 6
      vertex 7.4641 2.83997 4.79
    endloop
  endfacet
  facet normal -0.997105 0.076038 0
    outer loop
      vertex 7.4641 2.83997 6
      vertex 7.45059 2.66281 4.79
      vertex 7.45059 2.66281 6
    endloop
  endfacet
  facet normal -0.999712 0.024008 0
    outer loop
      vertex 7.44608 2.47501 4.79
      vertex 7.45059 2.66281 6
      vertex 7.45059 2.66281 4.79
    endloop
  endfacet
  facet normal -0.999712 0.024008 0
    outer loop
      vertex 7.45059 2.66281 6
      vertex 7.44608 2.47501 4.79
      vertex 7.44608 2.47501 6
    endloop
  endfacet
  facet normal -0.999134 -0.0416036 0
    outer loop
      vertex 7.46019 2.13615 4.79
      vertex 7.44608 2.47501 6
      vertex 7.44608 2.47501 4.79
    endloop
  endfacet
  facet normal -0.999134 -0.0416036 0
    outer loop
      vertex 7.44608 2.47501 6
      vertex 7.46019 2.13615 4.79
      vertex 7.46019 2.13615 6
    endloop
  endfacet
  facet normal -0.990502 -0.137498 0
    outer loop
      vertex 7.5025 1.83136 4.79
      vertex 7.46019 2.13615 6
      vertex 7.46019 2.13615 4.79
    endloop
  endfacet
  facet normal -0.990502 -0.137498 0
    outer loop
      vertex 7.46019 2.13615 6
      vertex 7.5025 1.83136 4.79
      vertex 7.5025 1.83136 6
    endloop
  endfacet
  facet normal -0.967696 -0.252121 0
    outer loop
      vertex 7.57303 1.56065 4.79
      vertex 7.5025 1.83136 6
      vertex 7.5025 1.83136 4.79
    endloop
  endfacet
  facet normal -0.967696 -0.252121 0
    outer loop
      vertex 7.5025 1.83136 6
      vertex 7.57303 1.56065 4.79
      vertex 7.57303 1.56065 6
    endloop
  endfacet
  facet normal -0.922883 -0.385081 0
    outer loop
      vertex 7.67177 1.32401 4.79
      vertex 7.57303 1.56065 6
      vertex 7.57303 1.56065 4.79
    endloop
  endfacet
  facet normal -0.922883 -0.385081 0
    outer loop
      vertex 7.57303 1.56065 6
      vertex 7.67177 1.32401 4.79
      vertex 7.67177 1.32401 6
    endloop
  endfacet
  facet normal -0.847351 -0.531033 0
    outer loop
      vertex 7.79872 1.12144 4.79
      vertex 7.67177 1.32401 6
      vertex 7.67177 1.32401 4.79
    endloop
  endfacet
  facet normal -0.847351 -0.531033 0
    outer loop
      vertex 7.67177 1.32401 6
      vertex 7.79872 1.12144 4.79
      vertex 7.79872 1.12144 6
    endloop
  endfacet
  facet normal -0.733098 -0.680123 0
    outer loop
      vertex 7.95364 0.954453 4.79
      vertex 7.79872 1.12144 6
      vertex 7.79872 1.12144 4.79
    endloop
  endfacet
  facet normal -0.733098 -0.680123 0
    outer loop
      vertex 7.79872 1.12144 6
      vertex 7.95364 0.954453 4.79
      vertex 7.95364 0.954453 6
    endloop
  endfacet
  facet normal -0.579349 -0.81508 0
    outer loop
      vertex 7.95364 0.954453 4.79
      vertex 8.13635 0.824585 6
      vertex 7.95364 0.954453 6
    endloop
  endfacet
  facet normal -0.579349 -0.81508 -0
    outer loop
      vertex 8.13635 0.824585 6
      vertex 7.95364 0.954453 4.79
      vertex 8.13635 0.824585 4.79
    endloop
  endfacet
  facet normal -0.403296 -0.91507 0
    outer loop
      vertex 8.13635 0.824585 4.79
      vertex 8.34685 0.731812 6
      vertex 8.13635 0.824585 6
    endloop
  endfacet
  facet normal -0.403296 -0.91507 -0
    outer loop
      vertex 8.34685 0.731812 6
      vertex 8.13635 0.824585 4.79
      vertex 8.34685 0.731812 4.79
    endloop
  endfacet
  facet normal -0.227505 -0.973777 0
    outer loop
      vertex 8.34685 0.731812 4.79
      vertex 8.58511 0.676147 6
      vertex 8.34685 0.731812 6
    endloop
  endfacet
  facet normal -0.227505 -0.973777 -0
    outer loop
      vertex 8.58511 0.676147 6
      vertex 8.34685 0.731812 4.79
      vertex 8.58511 0.676147 4.79
    endloop
  endfacet
  facet normal -0.0695672 -0.997577 0
    outer loop
      vertex 8.58511 0.676147 4.79
      vertex 8.85117 0.657593 6
      vertex 8.58511 0.676147 6
    endloop
  endfacet
  facet normal -0.0695672 -0.997577 -0
    outer loop
      vertex 8.85117 0.657593 6
      vertex 8.58511 0.676147 4.79
      vertex 8.85117 0.657593 4.79
    endloop
  endfacet
  facet normal 0.0365372 -0.999332 0
    outer loop
      vertex 8.85117 0.657593 4.79
      vertex 8.97012 0.661942 6
      vertex 8.85117 0.657593 6
    endloop
  endfacet
  facet normal 0.0365372 -0.999332 0
    outer loop
      vertex 8.97012 0.661942 6
      vertex 8.85117 0.657593 4.79
      vertex 8.97012 0.661942 4.79
    endloop
  endfacet
  facet normal 0.111451 -0.99377 0
    outer loop
      vertex 8.97012 0.661942 4.79
      vertex 9.08617 0.674957 6
      vertex 8.97012 0.661942 6
    endloop
  endfacet
  facet normal 0.111451 -0.99377 0
    outer loop
      vertex 9.08617 0.674957 6
      vertex 8.97012 0.661942 4.79
      vertex 9.08617 0.674957 4.79
    endloop
  endfacet
  facet normal 0.18853 -0.982067 0
    outer loop
      vertex 9.08617 0.674957 4.79
      vertex 9.19928 0.696671 6
      vertex 9.08617 0.674957 6
    endloop
  endfacet
  facet normal 0.18853 -0.982067 0
    outer loop
      vertex 9.19928 0.696671 6
      vertex 9.08617 0.674957 4.79
      vertex 9.19928 0.696671 4.79
    endloop
  endfacet
  facet normal 0.265811 -0.964025 0
    outer loop
      vertex 9.19928 0.696671 4.79
      vertex 9.30946 0.727051 6
      vertex 9.19928 0.696671 6
    endloop
  endfacet
  facet normal 0.265811 -0.964025 0
    outer loop
      vertex 9.30946 0.727051 6
      vertex 9.19928 0.696671 4.79
      vertex 9.30946 0.727051 4.79
    endloop
  endfacet
  facet normal 0.342195 -0.939629 0
    outer loop
      vertex 9.30946 0.727051 4.79
      vertex 9.41672 0.766113 6
      vertex 9.30946 0.727051 6
    endloop
  endfacet
  facet normal 0.342195 -0.939629 0
    outer loop
      vertex 9.41672 0.766113 6
      vertex 9.30946 0.727051 4.79
      vertex 9.41672 0.766113 4.79
    endloop
  endfacet
  facet normal 0.42257 -0.90633 0
    outer loop
      vertex 9.41672 0.766113 4.79
      vertex 9.51981 0.814178 6
      vertex 9.41672 0.766113 6
    endloop
  endfacet
  facet normal 0.42257 -0.90633 0
    outer loop
      vertex 9.51981 0.814178 6
      vertex 9.41672 0.766113 4.79
      vertex 9.51981 0.814178 4.79
    endloop
  endfacet
  facet normal 0.506716 -0.862113 0
    outer loop
      vertex 9.51981 0.814178 4.79
      vertex 9.61745 0.871567 6
      vertex 9.51981 0.814178 6
    endloop
  endfacet
  facet normal 0.506716 -0.862113 0
    outer loop
      vertex 9.61745 0.871567 6
      vertex 9.51981 0.814178 4.79
      vertex 9.61745 0.871567 4.79
    endloop
  endfacet
  facet normal 0.586199 -0.810167 0
    outer loop
      vertex 9.61745 0.871567 4.79
      vertex 9.70967 0.938293 6
      vertex 9.61745 0.871567 6
    endloop
  endfacet
  facet normal 0.586199 -0.810167 0
    outer loop
      vertex 9.70967 0.938293 6
      vertex 9.61745 0.871567 4.79
      vertex 9.70967 0.938293 4.79
    endloop
  endfacet
  facet normal 0.659036 -0.752112 0
    outer loop
      vertex 9.70967 0.938293 4.79
      vertex 9.79648 1.01436 6
      vertex 9.70967 0.938293 6
    endloop
  endfacet
  facet normal 0.659036 -0.752112 0
    outer loop
      vertex 9.79648 1.01436 6
      vertex 9.70967 0.938293 4.79
      vertex 9.79648 1.01436 4.79
    endloop
  endfacet
  facet normal 0.724025 -0.689774 0
    outer loop
      vertex 9.79648 1.01436 6
      vertex 9.87784 1.09976 4.79
      vertex 9.87784 1.09976 6
    endloop
  endfacet
  facet normal 0.724025 -0.689774 0
    outer loop
      vertex 9.87784 1.09976 4.79
      vertex 9.79648 1.01436 6
      vertex 9.79648 1.01436 4.79
    endloop
  endfacet
  facet normal 0.783773 -0.621047 0
    outer loop
      vertex 9.87784 1.09976 6
      vertex 9.95314 1.19479 4.79
      vertex 9.95314 1.19479 6
    endloop
  endfacet
  facet normal 0.783773 -0.621047 0
    outer loop
      vertex 9.95314 1.19479 4.79
      vertex 9.87784 1.09976 6
      vertex 9.87784 1.09976 4.79
    endloop
  endfacet
  facet normal 0.837384 -0.546616 0
    outer loop
      vertex 9.95314 1.19479 6
      vertex 10.0217 1.29982 4.79
      vertex 10.0217 1.29982 6
    endloop
  endfacet
  facet normal 0.837384 -0.546616 0
    outer loop
      vertex 10.0217 1.29982 4.79
      vertex 9.95314 1.19479 6
      vertex 9.95314 1.19479 4.79
    endloop
  endfacet
  facet normal 0.880562 -0.473931 0
    outer loop
      vertex 10.0217 1.29982 6
      vertex 10.0836 1.41483 4.79
      vertex 10.0836 1.41483 6
    endloop
  endfacet
  facet normal 0.880562 -0.473931 0
    outer loop
      vertex 10.0836 1.41483 4.79
      vertex 10.0217 1.29982 6
      vertex 10.0217 1.29982 4.79
    endloop
  endfacet
  facet normal 0.915045 -0.403352 0
    outer loop
      vertex 10.0836 1.41483 6
      vertex 10.1387 1.53983 4.79
      vertex 10.1387 1.53983 6
    endloop
  endfacet
  facet normal 0.915045 -0.403352 0
    outer loop
      vertex 10.1387 1.53983 4.79
      vertex 10.0836 1.41483 6
      vertex 10.0836 1.41483 4.79
    endloop
  endfacet
  facet normal 0.941307 -0.337551 0
    outer loop
      vertex 10.1387 1.53983 6
      vertex 10.1871 1.6748 4.79
      vertex 10.1871 1.6748 6
    endloop
  endfacet
  facet normal 0.941307 -0.337551 0
    outer loop
      vertex 10.1871 1.6748 4.79
      vertex 10.1387 1.53983 6
      vertex 10.1387 1.53983 4.79
    endloop
  endfacet
  facet normal 0.963271 -0.268533 0
    outer loop
      vertex 10.1871 1.6748 6
      vertex 10.2276 1.82008 4.79
      vertex 10.2276 1.82008 6
    endloop
  endfacet
  facet normal 0.963271 -0.268533 0
    outer loop
      vertex 10.2276 1.82008 4.79
      vertex 10.1871 1.6748 6
      vertex 10.1871 1.6748 4.79
    endloop
  endfacet
  facet normal 0.980197 -0.198026 0
    outer loop
      vertex 10.2276 1.82008 6
      vertex 10.2591 1.976 4.79
      vertex 10.2591 1.976 6
    endloop
  endfacet
  facet normal 0.980197 -0.198026 0
    outer loop
      vertex 10.2591 1.976 4.79
      vertex 10.2276 1.82008 6
      vertex 10.2276 1.82008 4.79
    endloop
  endfacet
  facet normal 0.990998 -0.133878 0
    outer loop
      vertex 10.2591 1.976 6
      vertex 10.2816 2.14255 4.79
      vertex 10.2816 2.14255 6
    endloop
  endfacet
  facet normal 0.990998 -0.133878 0
    outer loop
      vertex 10.2816 2.14255 4.79
      vertex 10.2591 1.976 6
      vertex 10.2591 1.976 4.79
    endloop
  endfacet
  facet normal 0.99711 -0.0759778 0
    outer loop
      vertex 10.2816 2.14255 6
      vertex 10.2951 2.31972 4.79
      vertex 10.2951 2.31972 6
    endloop
  endfacet
  facet normal 0.99711 -0.0759778 0
    outer loop
      vertex 10.2951 2.31972 4.79
      vertex 10.2816 2.14255 6
      vertex 10.2816 2.14255 4.79
    endloop
  endfacet
  facet normal 0.999713 -0.0239548 0
    outer loop
      vertex 10.2951 2.31972 6
      vertex 10.2996 2.50752 4.79
      vertex 10.2996 2.50752 6
    endloop
  endfacet
  facet normal 0.999713 -0.0239548 0
    outer loop
      vertex 10.2996 2.50752 4.79
      vertex 10.2951 2.31972 6
      vertex 10.2951 2.31972 4.79
    endloop
  endfacet
  facet normal 0.999131 0.0416908 0
    outer loop
      vertex 10.2996 2.50752 6
      vertex 10.2855 2.84543 4.79
      vertex 10.2855 2.84543 6
    endloop
  endfacet
  facet normal 0.999131 0.0416908 0
    outer loop
      vertex 10.2855 2.84543 4.79
      vertex 10.2996 2.50752 6
      vertex 10.2996 2.50752 4.79
    endloop
  endfacet
  facet normal 0.990469 0.137737 0
    outer loop
      vertex 10.2855 2.84543 6
      vertex 10.2432 3.14961 4.79
      vertex 10.2432 3.14961 6
    endloop
  endfacet
  facet normal 0.990469 0.137737 0
    outer loop
      vertex 10.2432 3.14961 4.79
      vertex 10.2855 2.84543 6
      vertex 10.2855 2.84543 4.79
    endloop
  endfacet
  facet normal 0.967663 0.252247 0
    outer loop
      vertex 10.2432 3.14961 6
      vertex 10.1727 3.42006 4.79
      vertex 10.1727 3.42006 6
    endloop
  endfacet
  facet normal 0.967663 0.252247 0
    outer loop
      vertex 10.1727 3.42006 4.79
      vertex 10.2432 3.14961 6
      vertex 10.2432 3.14961 4.79
    endloop
  endfacet
  facet normal 0.922967 0.384878 0
    outer loop
      vertex 10.1727 3.42006 6
      vertex 10.074 3.65675 4.79
      vertex 10.074 3.65675 6
    endloop
  endfacet
  facet normal 0.922967 0.384878 0
    outer loop
      vertex 10.074 3.65675 4.79
      vertex 10.1727 3.42006 6
      vertex 10.1727 3.42006 4.79
    endloop
  endfacet
  facet normal 0.847792 0.530329 0
    outer loop
      vertex 10.074 3.65675 6
      vertex 9.94704 3.85971 4.79
      vertex 9.94704 3.85971 6
    endloop
  endfacet
  facet normal 0.847792 0.530329 0
    outer loop
      vertex 9.94704 3.85971 4.79
      vertex 10.074 3.65675 6
      vertex 10.074 3.65675 4.79
    endloop
  endfacet
  facet normal 0.734033 0.679113 0
    outer loop
      vertex 9.94704 3.85971 6
      vertex 9.7921 4.02718 4.79
      vertex 9.7921 4.02718 6
    endloop
  endfacet
  facet normal 0.734033 0.679113 0
    outer loop
      vertex 9.7921 4.02718 4.79
      vertex 9.94704 3.85971 6
      vertex 9.94704 3.85971 4.79
    endloop
  endfacet
  facet normal 0.580488 0.814269 -0
    outer loop
      vertex 9.7921 4.02718 4.79
      vertex 9.60938 4.15744 6
      vertex 9.7921 4.02718 6
    endloop
  endfacet
  facet normal 0.580488 0.814269 0
    outer loop
      vertex 9.60938 4.15744 6
      vertex 9.7921 4.02718 4.79
      vertex 9.60938 4.15744 4.79
    endloop
  endfacet
  facet normal 0.404231 0.914657 -0
    outer loop
      vertex 9.60938 4.15744 4.79
      vertex 9.39888 4.25047 6
      vertex 9.60938 4.15744 6
    endloop
  endfacet
  facet normal 0.404231 0.914657 0
    outer loop
      vertex 9.39888 4.25047 6
      vertex 9.60938 4.15744 4.79
      vertex 9.39888 4.25047 4.79
    endloop
  endfacet
  facet normal 0.228019 0.973657 -0
    outer loop
      vertex 9.39888 4.25047 4.79
      vertex 9.16061 4.30627 6
      vertex 9.39888 4.25047 6
    endloop
  endfacet
  facet normal 0.228019 0.973657 0
    outer loop
      vertex 9.16061 4.30627 6
      vertex 9.39888 4.25047 4.79
      vertex 9.16061 4.30627 4.79
    endloop
  endfacet
  facet normal 0.0698161 0.99756 -0
    outer loop
      vertex 9.16061 4.30627 4.79
      vertex 8.89456 4.32489 6
      vertex 9.16061 4.30627 6
    endloop
  endfacet
  facet normal 0.0698161 0.99756 0
    outer loop
      vertex 8.89456 4.32489 6
      vertex 9.16061 4.30627 4.79
      vertex 8.89456 4.32489 4.79
    endloop
  endfacet
  facet normal -0.0363716 0.999338 0
    outer loop
      vertex 8.89456 4.32489 4.79
      vertex 8.77559 4.32056 6
      vertex 8.89456 4.32489 6
    endloop
  endfacet
  facet normal -0.0363716 0.999338 0
    outer loop
      vertex 8.77559 4.32056 6
      vertex 8.89456 4.32489 4.79
      vertex 8.77559 4.32056 4.79
    endloop
  endfacet
  facet normal -0.279604 -0.960116 0
    outer loop
      vertex 9.01735 3.71034 4.79
      vertex 9.14478 3.67323 6
      vertex 9.01735 3.71034 6
    endloop
  endfacet
  facet normal -0.279604 -0.960116 -0
    outer loop
      vertex 9.14478 3.67323 6
      vertex 9.01735 3.71034 4.79
      vertex 9.14478 3.67323 4.79
    endloop
  endfacet
  facet normal -0.488733 -0.872433 0
    outer loop
      vertex 9.14478 3.67323 4.79
      vertex 9.25517 3.61139 6
      vertex 9.14478 3.67323 6
    endloop
  endfacet
  facet normal -0.488733 -0.872433 -0
    outer loop
      vertex 9.25517 3.61139 6
      vertex 9.14478 3.67323 4.79
      vertex 9.25517 3.61139 4.79
    endloop
  endfacet
  facet normal -0.679942 -0.733266 0
    outer loop
      vertex 9.25517 3.61139 4.79
      vertex 9.34854 3.52481 6
      vertex 9.25517 3.61139 6
    endloop
  endfacet
  facet normal -0.679942 -0.733266 -0
    outer loop
      vertex 9.34854 3.52481 6
      vertex 9.25517 3.61139 4.79
      vertex 9.34854 3.52481 4.79
    endloop
  endfacet
  facet normal -0.824683 -0.565595 0
    outer loop
      vertex 9.42488 3.4135 4.79
      vertex 9.34854 3.52481 6
      vertex 9.34854 3.52481 4.79
    endloop
  endfacet
  facet normal -0.824683 -0.565595 0
    outer loop
      vertex 9.34854 3.52481 6
      vertex 9.42488 3.4135 4.79
      vertex 9.42488 3.4135 6
    endloop
  endfacet
  facet normal -0.912871 -0.408247 0
    outer loop
      vertex 9.48592 3.27701 4.79
      vertex 9.42488 3.4135 6
      vertex 9.42488 3.4135 4.79
    endloop
  endfacet
  facet normal -0.912871 -0.408247 0
    outer loop
      vertex 9.42488 3.4135 6
      vertex 9.48592 3.27701 4.79
      vertex 9.48592 3.27701 6
    endloop
  endfacet
  facet normal -0.959732 -0.280916 0
    outer loop
      vertex 9.53337 3.1149 4.79
      vertex 9.48592 3.27701 6
      vertex 9.48592 3.27701 4.79
    endloop
  endfacet
  facet normal -0.959732 -0.280916 0
    outer loop
      vertex 9.48592 3.27701 6
      vertex 9.53337 3.1149 4.79
      vertex 9.53337 3.1149 6
    endloop
  endfacet
  facet normal -0.98407 -0.177783 0
    outer loop
      vertex 9.56728 2.9272 4.79
      vertex 9.53337 3.1149 6
      vertex 9.53337 3.1149 4.79
    endloop
  endfacet
  facet normal -0.98407 -0.177783 0
    outer loop
      vertex 9.53337 3.1149 6
      vertex 9.56728 2.9272 4.79
      vertex 9.56728 2.9272 6
    endloop
  endfacet
  facet normal -0.995484 -0.094928 0
    outer loop
      vertex 9.58762 2.7139 4.79
      vertex 9.56728 2.9272 6
      vertex 9.56728 2.9272 4.79
    endloop
  endfacet
  facet normal -0.995484 -0.094928 0
    outer loop
      vertex 9.56728 2.9272 6
      vertex 9.58762 2.7139 4.79
      vertex 9.58762 2.7139 6
    endloop
  endfacet
  facet normal -0.999596 -0.0284116 0
    outer loop
      vertex 9.59441 2.47501 4.79
      vertex 9.58762 2.7139 6
      vertex 9.58762 2.7139 4.79
    endloop
  endfacet
  facet normal -0.999596 -0.0284116 0
    outer loop
      vertex 9.58762 2.7139 6
      vertex 9.59441 2.47501 4.79
      vertex 9.59441 2.47501 6
    endloop
  endfacet
  facet normal -0.999898 0.0143167 0
    outer loop
      vertex 9.59277 2.36047 4.79
      vertex 9.59441 2.47501 6
      vertex 9.59441 2.47501 4.79
    endloop
  endfacet
  facet normal -0.999898 0.0143167 0
    outer loop
      vertex 9.59441 2.47501 6
      vertex 9.59277 2.36047 4.79
      vertex 9.59277 2.36047 6
    endloop
  endfacet
  facet normal -0.999003 0.0446441 0
    outer loop
      vertex 9.58789 2.25127 4.79
      vertex 9.59277 2.36047 6
      vertex 9.59277 2.36047 4.79
    endloop
  endfacet
  facet normal -0.999003 0.0446441 0
    outer loop
      vertex 9.59277 2.36047 6
      vertex 9.58789 2.25127 4.79
      vertex 9.58789 2.25127 6
    endloop
  endfacet
  facet normal -0.996952 0.0780173 0
    outer loop
      vertex 9.57976 2.14738 4.79
      vertex 9.58789 2.25127 6
      vertex 9.58789 2.25127 4.79
    endloop
  endfacet
  facet normal -0.996952 0.0780173 0
    outer loop
      vertex 9.58789 2.25127 6
      vertex 9.57976 2.14738 4.79
      vertex 9.57976 2.14738 6
    endloop
  endfacet
  facet normal -0.993378 0.114888 0
    outer loop
      vertex 9.56836 2.04881 4.79
      vertex 9.57976 2.14738 6
      vertex 9.57976 2.14738 4.79
    endloop
  endfacet
  facet normal -0.993378 0.114888 0
    outer loop
      vertex 9.57976 2.14738 6
      vertex 9.56836 2.04881 4.79
      vertex 9.56836 2.04881 6
    endloop
  endfacet
  facet normal -0.987913 0.15501 0
    outer loop
      vertex 9.55373 1.95557 4.79
      vertex 9.56836 2.04881 6
      vertex 9.56836 2.04881 4.79
    endloop
  endfacet
  facet normal -0.987913 0.15501 0
    outer loop
      vertex 9.56836 2.04881 6
      vertex 9.55373 1.95557 4.79
      vertex 9.55373 1.95557 6
    endloop
  endfacet
  facet normal -0.979179 0.203 0
    outer loop
      vertex 9.53554 1.86783 4.79
      vertex 9.55373 1.95557 6
      vertex 9.55373 1.95557 4.79
    endloop
  endfacet
  facet normal -0.979179 0.203 0
    outer loop
      vertex 9.55373 1.95557 6
      vertex 9.53554 1.86783 4.79
      vertex 9.53554 1.86783 6
    endloop
  endfacet
  facet normal -0.965849 0.259107 0
    outer loop
      vertex 9.51355 1.78586 4.79
      vertex 9.53554 1.86783 6
      vertex 9.53554 1.86783 4.79
    endloop
  endfacet
  facet normal -0.965849 0.259107 0
    outer loop
      vertex 9.53554 1.86783 6
      vertex 9.51355 1.78586 4.79
      vertex 9.51355 1.78586 6
    endloop
  endfacet
  facet normal -0.947333 0.320251 0
    outer loop
      vertex 9.48778 1.70963 4.79
      vertex 9.51355 1.78586 6
      vertex 9.51355 1.78586 4.79
    endloop
  endfacet
  facet normal -0.947333 0.320251 0
    outer loop
      vertex 9.51355 1.78586 6
      vertex 9.48778 1.70963 4.79
      vertex 9.48778 1.70963 6
    endloop
  endfacet
  facet normal -0.92211 0.386928 0
    outer loop
      vertex 9.45821 1.63916 4.79
      vertex 9.48778 1.70963 6
      vertex 9.48778 1.70963 4.79
    endloop
  endfacet
  facet normal -0.92211 0.386928 0
    outer loop
      vertex 9.48778 1.70963 6
      vertex 9.45821 1.63916 4.79
      vertex 9.45821 1.63916 6
    endloop
  endfacet
  facet normal -0.888839 0.45822 0
    outer loop
      vertex 9.42484 1.57443 4.79
      vertex 9.45821 1.63916 6
      vertex 9.45821 1.63916 4.79
    endloop
  endfacet
  facet normal -0.888839 0.45822 0
    outer loop
      vertex 9.45821 1.63916 6
      vertex 9.42484 1.57443 4.79
      vertex 9.42484 1.57443 6
    endloop
  endfacet
  facet normal -0.845625 0.533777 0
    outer loop
      vertex 9.38768 1.51556 4.79
      vertex 9.42484 1.57443 6
      vertex 9.42484 1.57443 4.79
    endloop
  endfacet
  facet normal -0.845625 0.533777 0
    outer loop
      vertex 9.42484 1.57443 6
      vertex 9.38768 1.51556 4.79
      vertex 9.38768 1.51556 6
    endloop
  endfacet
  facet normal -0.790647 0.612273 0
    outer loop
      vertex 9.34673 1.46268 4.79
      vertex 9.38768 1.51556 6
      vertex 9.38768 1.51556 4.79
    endloop
  endfacet
  facet normal -0.790647 0.612273 0
    outer loop
      vertex 9.38768 1.51556 6
      vertex 9.34673 1.46268 4.79
      vertex 9.34673 1.46268 6
    endloop
  endfacet
  facet normal -0.723712 0.690102 0
    outer loop
      vertex 9.30197 1.41574 4.79
      vertex 9.34673 1.46268 6
      vertex 9.34673 1.46268 4.79
    endloop
  endfacet
  facet normal -0.723712 0.690102 0
    outer loop
      vertex 9.34673 1.46268 6
      vertex 9.30197 1.41574 4.79
      vertex 9.30197 1.41574 6
    endloop
  endfacet
  facet normal -0.644742 0.764401 0
    outer loop
      vertex 9.30197 1.41574 4.79
      vertex 9.25342 1.37479 6
      vertex 9.30197 1.41574 6
    endloop
  endfacet
  facet normal -0.644742 0.764401 0
    outer loop
      vertex 9.25342 1.37479 6
      vertex 9.30197 1.41574 4.79
      vertex 9.25342 1.37479 4.79
    endloop
  endfacet
  facet normal -0.555763 0.831341 0
    outer loop
      vertex 9.25342 1.37479 4.79
      vertex 9.20108 1.3398 6
      vertex 9.25342 1.37479 6
    endloop
  endfacet
  facet normal -0.555763 0.831341 0
    outer loop
      vertex 9.20108 1.3398 6
      vertex 9.25342 1.37479 4.79
      vertex 9.20108 1.3398 4.79
    endloop
  endfacet
  facet normal -0.453947 0.891029 0
    outer loop
      vertex 9.20108 1.3398 4.79
      vertex 9.14455 1.311 6
      vertex 9.20108 1.3398 6
    endloop
  endfacet
  facet normal -0.453947 0.891029 0
    outer loop
      vertex 9.14455 1.311 6
      vertex 9.20108 1.3398 4.79
      vertex 9.14455 1.311 4.79
    endloop
  endfacet
  facet normal -0.344309 0.938856 0
    outer loop
      vertex 9.14455 1.311 4.79
      vertex 9.08347 1.2886 6
      vertex 9.14455 1.311 6
    endloop
  endfacet
  facet normal -0.344309 0.938856 0
    outer loop
      vertex 9.08347 1.2886 6
      vertex 9.14455 1.311 4.79
      vertex 9.08347 1.2886 4.79
    endloop
  endfacet
  facet normal -0.236786 0.971562 0
    outer loop
      vertex 9.08347 1.2886 4.79
      vertex 9.01782 1.2726 6
      vertex 9.08347 1.2886 6
    endloop
  endfacet
  facet normal -0.236786 0.971562 0
    outer loop
      vertex 9.01782 1.2726 6
      vertex 9.08347 1.2886 4.79
      vertex 9.01782 1.2726 4.79
    endloop
  endfacet
  facet normal -0.13551 0.990776 0
    outer loop
      vertex 9.01782 1.2726 4.79
      vertex 8.94763 1.263 6
      vertex 9.01782 1.2726 6
    endloop
  endfacet
  facet normal -0.13551 0.990776 0
    outer loop
      vertex 8.94763 1.263 6
      vertex 9.01782 1.2726 4.79
      vertex 8.94763 1.263 4.79
    endloop
  endfacet
  facet normal -0.0427702 0.999085 0
    outer loop
      vertex 8.94763 1.263 4.79
      vertex 8.87288 1.2598 6
      vertex 8.94763 1.263 6
    endloop
  endfacet
  facet normal -0.0427702 0.999085 0
    outer loop
      vertex 8.87288 1.2598 6
      vertex 8.94763 1.263 4.79
      vertex 8.87288 1.2598 4.79
    endloop
  endfacet
  facet normal 0.0847694 0.996401 -0
    outer loop
      vertex 8.87288 1.2598 4.79
      vertex 8.72748 1.27217 6
      vertex 8.87288 1.2598 6
    endloop
  endfacet
  facet normal 0.0847694 0.996401 0
    outer loop
      vertex 8.72748 1.27217 6
      vertex 8.87288 1.2598 4.79
      vertex 8.72748 1.27217 4.79
    endloop
  endfacet
  facet normal 0.278375 0.960472 -0
    outer loop
      vertex 8.72748 1.27217 4.79
      vertex 8.59944 1.30928 6
      vertex 8.72748 1.27217 6
    endloop
  endfacet
  facet normal 0.278375 0.960472 0
    outer loop
      vertex 8.59944 1.30928 6
      vertex 8.72748 1.27217 4.79
      vertex 8.59944 1.30928 4.79
    endloop
  endfacet
  facet normal 0.487791 0.87296 -0
    outer loop
      vertex 8.59944 1.30928 4.79
      vertex 8.48877 1.37112 6
      vertex 8.59944 1.30928 6
    endloop
  endfacet
  facet normal 0.487791 0.87296 0
    outer loop
      vertex 8.48877 1.37112 6
      vertex 8.59944 1.30928 4.79
      vertex 8.48877 1.37112 4.79
    endloop
  endfacet
  facet normal 0.680261 0.73297 -0
    outer loop
      vertex 8.48877 1.37112 4.79
      vertex 8.39546 1.45772 6
      vertex 8.48877 1.37112 6
    endloop
  endfacet
  facet normal 0.680261 0.73297 0
    outer loop
      vertex 8.39546 1.45772 6
      vertex 8.48877 1.37112 4.79
      vertex 8.39546 1.45772 4.79
    endloop
  endfacet
  facet normal 0.826113 0.563505 0
    outer loop
      vertex 8.39546 1.45772 6
      vertex 8.31952 1.56905 4.79
      vertex 8.31952 1.56905 6
    endloop
  endfacet
  facet normal 0.826113 0.563505 0
    outer loop
      vertex 8.31952 1.56905 4.79
      vertex 8.39546 1.45772 6
      vertex 8.39546 1.45772 4.79
    endloop
  endfacet
  facet normal 0.914068 0.40556 0
    outer loop
      vertex 8.31952 1.56905 6
      vertex 8.25897 1.70552 4.79
      vertex 8.25897 1.70552 6
    endloop
  endfacet
  facet normal 0.914068 0.40556 0
    outer loop
      vertex 8.25897 1.70552 4.79
      vertex 8.31952 1.56905 6
      vertex 8.31952 1.56905 4.79
    endloop
  endfacet
  facet normal 0.96028 0.279038 0
    outer loop
      vertex 8.25897 1.70552 6
      vertex 8.21187 1.86761 4.79
      vertex 8.21187 1.86761 6
    endloop
  endfacet
  facet normal 0.96028 0.279038 0
    outer loop
      vertex 8.21187 1.86761 4.79
      vertex 8.25897 1.70552 6
      vertex 8.25897 1.70552 4.79
    endloop
  endfacet
  facet normal 0.984326 0.176361 0
    outer loop
      vertex 8.21187 1.86761 6
      vertex 8.17824 2.05531 4.79
      vertex 8.17824 2.05531 6
    endloop
  endfacet
  facet normal 0.984326 0.176361 0
    outer loop
      vertex 8.17824 2.05531 4.79
      vertex 8.21187 1.86761 6
      vertex 8.21187 1.86761 4.79
    endloop
  endfacet
  facet normal 0.99555 0.0942298 0
    outer loop
      vertex 8.17824 2.05531 6
      vertex 8.15805 2.26862 4.79
      vertex 8.15805 2.26862 6
    endloop
  endfacet
  facet normal 0.99555 0.0942298 0
    outer loop
      vertex 8.15805 2.26862 4.79
      vertex 8.17824 2.05531 6
      vertex 8.17824 2.05531 4.79
    endloop
  endfacet
  facet normal 0.999603 0.0281596 0
    outer loop
      vertex 8.15805 2.26862 6
      vertex 8.15132 2.50752 4.79
      vertex 8.15132 2.50752 6
    endloop
  endfacet
  facet normal 0.999603 0.0281596 0
    outer loop
      vertex 8.15132 2.50752 4.79
      vertex 8.15805 2.26862 6
      vertex 8.15805 2.26862 4.79
    endloop
  endfacet
  facet normal 0.999899 -0.0142319 0
    outer loop
      vertex 8.15132 2.50752 6
      vertex 8.15295 2.62204 4.79
      vertex 8.15295 2.62204 6
    endloop
  endfacet
  facet normal 0.999899 -0.0142319 0
    outer loop
      vertex 8.15295 2.62204 4.79
      vertex 8.15132 2.50752 6
      vertex 8.15132 2.50752 4.79
    endloop
  endfacet
  facet normal 0.998999 -0.0447313 0
    outer loop
      vertex 8.15295 2.62204 6
      vertex 8.15784 2.73125 4.79
      vertex 8.15784 2.73125 6
    endloop
  endfacet
  facet normal 0.998999 -0.0447313 0
    outer loop
      vertex 8.15784 2.73125 4.79
      vertex 8.15295 2.62204 6
      vertex 8.15295 2.62204 4.79
    endloop
  endfacet
  facet normal 0.996937 -0.0782081 0
    outer loop
      vertex 8.15784 2.73125 6
      vertex 8.16599 2.83514 4.79
      vertex 8.16599 2.83514 6
    endloop
  endfacet
  facet normal 0.996937 -0.0782081 0
    outer loop
      vertex 8.16599 2.83514 4.79
      vertex 8.15784 2.73125 6
      vertex 8.15784 2.73125 4.79
    endloop
  endfacet
  facet normal 0.993391 -0.114777 0
    outer loop
      vertex 8.16599 2.83514 6
      vertex 8.17738 2.93372 4.79
      vertex 8.17738 2.93372 6
    endloop
  endfacet
  facet normal 0.993391 -0.114777 0
    outer loop
      vertex 8.17738 2.93372 4.79
      vertex 8.16599 2.83514 6
      vertex 8.16599 2.83514 4.79
    endloop
  endfacet
  facet normal 0.987853 -0.155391 0
    outer loop
      vertex 8.17738 2.93372 6
      vertex 8.19205 3.02698 4.79
      vertex 8.19205 3.02698 6
    endloop
  endfacet
  facet normal 0.987853 -0.155391 0
    outer loop
      vertex 8.19205 3.02698 4.79
      vertex 8.17738 2.93372 6
      vertex 8.17738 2.93372 4.79
    endloop
  endfacet
  facet normal 0.979347 -0.202188 0
    outer loop
      vertex 8.19205 3.02698 6
      vertex 8.21016 3.1147 4.79
      vertex 8.21016 3.1147 6
    endloop
  endfacet
  facet normal 0.979347 -0.202188 0
    outer loop
      vertex 8.21016 3.1147 4.79
      vertex 8.19205 3.02698 6
      vertex 8.19205 3.02698 4.79
    endloop
  endfacet
  facet normal 0.966407 -0.257017 0
    outer loop
      vertex 8.21016 3.1147 6
      vertex 8.23196 3.19667 4.79
      vertex 8.23196 3.19667 6
    endloop
  endfacet
  facet normal 0.966407 -0.257017 0
    outer loop
      vertex 8.23196 3.19667 4.79
      vertex 8.21016 3.1147 6
      vertex 8.21016 3.1147 4.79
    endloop
  endfacet
  facet normal 0.948334 -0.317273 0
    outer loop
      vertex 8.23196 3.19667 6
      vertex 8.25746 3.27289 4.79
      vertex 8.25746 3.27289 6
    endloop
  endfacet
  facet normal 0.948334 -0.317273 0
    outer loop
      vertex 8.25746 3.27289 4.79
      vertex 8.23196 3.19667 6
      vertex 8.23196 3.19667 4.79
    endloop
  endfacet
  facet normal 0.923859 -0.382734 0
    outer loop
      vertex 8.25746 3.27289 6
      vertex 8.28665 3.34335 4.79
      vertex 8.28665 3.34335 6
    endloop
  endfacet
  facet normal 0.923859 -0.382734 0
    outer loop
      vertex 8.28665 3.34335 4.79
      vertex 8.25746 3.27289 6
      vertex 8.25746 3.27289 4.79
    endloop
  endfacet
  facet normal 0.891599 -0.452825 0
    outer loop
      vertex 8.28665 3.34335 6
      vertex 8.31952 3.40807 4.79
      vertex 8.31952 3.40807 6
    endloop
  endfacet
  facet normal 0.891599 -0.452825 0
    outer loop
      vertex 8.31952 3.40807 4.79
      vertex 8.28665 3.34335 6
      vertex 8.28665 3.34335 4.79
    endloop
  endfacet
  facet normal 0.84833 -0.529468 0
    outer loop
      vertex 8.31952 3.40807 6
      vertex 8.35625 3.46692 4.79
      vertex 8.35625 3.46692 6
    endloop
  endfacet
  facet normal 0.84833 -0.529468 0
    outer loop
      vertex 8.35625 3.46692 4.79
      vertex 8.31952 3.40807 6
      vertex 8.31952 3.40807 4.79
    endloop
  endfacet
  facet normal 0.792279 -0.610159 0
    outer loop
      vertex 8.35625 3.46692 6
      vertex 8.39699 3.51982 4.79
      vertex 8.39699 3.51982 6
    endloop
  endfacet
  facet normal 0.792279 -0.610159 0
    outer loop
      vertex 8.39699 3.51982 4.79
      vertex 8.35625 3.46692 6
      vertex 8.35625 3.46692 4.79
    endloop
  endfacet
  facet normal 0.723489 -0.690336 0
    outer loop
      vertex 8.39699 3.51982 6
      vertex 8.44176 3.56674 4.79
      vertex 8.44176 3.56674 6
    endloop
  endfacet
  facet normal 0.723489 -0.690336 0
    outer loop
      vertex 8.44176 3.56674 4.79
      vertex 8.39699 3.51982 6
      vertex 8.39699 3.51982 4.79
    endloop
  endfacet
  facet normal 0.643299 -0.765615 0
    outer loop
      vertex 8.44176 3.56674 4.79
      vertex 8.49052 3.60771 6
      vertex 8.44176 3.56674 6
    endloop
  endfacet
  facet normal 0.643299 -0.765615 0
    outer loop
      vertex 8.49052 3.60771 6
      vertex 8.44176 3.56674 4.79
      vertex 8.49052 3.60771 4.79
    endloop
  endfacet
  facet normal 0.552403 -0.833577 0
    outer loop
      vertex 8.49052 3.60771 4.79
      vertex 8.54332 3.6427 6
      vertex 8.49052 3.60771 6
    endloop
  endfacet
  facet normal 0.552403 -0.833577 0
    outer loop
      vertex 8.54332 3.6427 6
      vertex 8.49052 3.60771 4.79
      vertex 8.54332 3.6427 4.79
    endloop
  endfacet
  facet normal 0.451029 -0.892509 0
    outer loop
      vertex 8.54332 3.6427 4.79
      vertex 8.60033 3.67151 6
      vertex 8.54332 3.6427 6
    endloop
  endfacet
  facet normal 0.451029 -0.892509 0
    outer loop
      vertex 8.60033 3.67151 6
      vertex 8.54332 3.6427 4.79
      vertex 8.60033 3.67151 4.79
    endloop
  endfacet
  facet normal 0.34243 -0.939543 0
    outer loop
      vertex 8.60033 3.67151 4.79
      vertex 8.66179 3.69391 6
      vertex 8.60033 3.67151 6
    endloop
  endfacet
  facet normal 0.34243 -0.939543 0
    outer loop
      vertex 8.66179 3.69391 6
      vertex 8.60033 3.67151 4.79
      vertex 8.66179 3.69391 4.79
    endloop
  endfacet
  facet normal 0.235731 -0.971818 0
    outer loop
      vertex 8.66179 3.69391 4.79
      vertex 8.72771 3.7099 6
      vertex 8.66179 3.69391 6
    endloop
  endfacet
  facet normal 0.235731 -0.971818 0
    outer loop
      vertex 8.72771 3.7099 6
      vertex 8.66179 3.69391 4.79
      vertex 8.72771 3.7099 4.79
    endloop
  endfacet
  facet normal 0.135189 -0.99082 0
    outer loop
      vertex 8.72771 3.7099 4.79
      vertex 8.79807 3.7195 6
      vertex 8.72771 3.7099 6
    endloop
  endfacet
  facet normal 0.135189 -0.99082 0
    outer loop
      vertex 8.79807 3.7195 6
      vertex 8.72771 3.7099 4.79
      vertex 8.79807 3.7195 4.79
    endloop
  endfacet
  facet normal 0.042736 -0.999086 0
    outer loop
      vertex 8.79807 3.7195 4.79
      vertex 8.87288 3.7227 6
      vertex 8.79807 3.7195 6
    endloop
  endfacet
  facet normal 0.042736 -0.999086 0
    outer loop
      vertex 8.87288 3.7227 6
      vertex 8.79807 3.7195 4.79
      vertex 8.87288 3.7227 4.79
    endloop
  endfacet
  facet normal -0.0852427 -0.99636 0
    outer loop
      vertex 8.87288 3.7227 4.79
      vertex 9.01735 3.71034 6
      vertex 8.87288 3.7227 6
    endloop
  endfacet
  facet normal -0.0852427 -0.99636 -0
    outer loop
      vertex 9.01735 3.71034 6
      vertex 8.87288 3.7227 4.79
      vertex 9.01735 3.71034 4.79
    endloop
  endfacet
  facet normal -0.111626 0.99375 0
    outer loop
      vertex -19.0964 4.32056 4.79
      vertex -19.2124 4.30753 6
      vertex -19.0964 4.32056 6
    endloop
  endfacet
  facet normal -0.111626 0.99375 0
    outer loop
      vertex -19.2124 4.30753 6
      vertex -19.0964 4.32056 4.79
      vertex -19.2124 4.30753 4.79
    endloop
  endfacet
  facet normal -0.188345 0.982103 0
    outer loop
      vertex -19.2124 4.30753 4.79
      vertex -19.3255 4.28584 6
      vertex -19.2124 4.30753 6
    endloop
  endfacet
  facet normal -0.188345 0.982103 0
    outer loop
      vertex -19.3255 4.28584 6
      vertex -19.2124 4.30753 4.79
      vertex -19.3255 4.28584 4.79
    endloop
  endfacet
  facet normal -0.265604 0.964082 0
    outer loop
      vertex -19.3255 4.28584 4.79
      vertex -19.4357 4.25548 6
      vertex -19.3255 4.28584 6
    endloop
  endfacet
  facet normal -0.265604 0.964082 0
    outer loop
      vertex -19.4357 4.25548 6
      vertex -19.3255 4.28584 4.79
      vertex -19.4357 4.25548 4.79
    endloop
  endfacet
  facet normal -0.341989 0.939704 0
    outer loop
      vertex -19.4357 4.25548 4.79
      vertex -19.543 4.21643 6
      vertex -19.4357 4.25548 6
    endloop
  endfacet
  facet normal -0.341989 0.939704 0
    outer loop
      vertex -19.543 4.21643 6
      vertex -19.4357 4.25548 4.79
      vertex -19.543 4.21643 4.79
    endloop
  endfacet
  facet normal -0.422645 0.906295 0
    outer loop
      vertex -19.543 4.21643 4.79
      vertex -19.6461 4.16835 6
      vertex -19.543 4.21643 6
    endloop
  endfacet
  facet normal -0.422645 0.906295 0
    outer loop
      vertex -19.6461 4.16835 6
      vertex -19.543 4.21643 4.79
      vertex -19.6461 4.16835 4.79
    endloop
  endfacet
  facet normal -0.506943 0.86198 0
    outer loop
      vertex -19.6461 4.16835 4.79
      vertex -19.7437 4.11095 6
      vertex -19.6461 4.16835 6
    endloop
  endfacet
  facet normal -0.506943 0.86198 0
    outer loop
      vertex -19.7437 4.11095 6
      vertex -19.6461 4.16835 4.79
      vertex -19.7437 4.11095 4.79
    endloop
  endfacet
  facet normal -0.586305 0.81009 0
    outer loop
      vertex -19.7437 4.11095 4.79
      vertex -19.8359 4.04422 6
      vertex -19.7437 4.11095 6
    endloop
  endfacet
  facet normal -0.586305 0.81009 0
    outer loop
      vertex -19.8359 4.04422 6
      vertex -19.7437 4.11095 4.79
      vertex -19.8359 4.04422 4.79
    endloop
  endfacet
  facet normal -0.658995 0.752147 0
    outer loop
      vertex -19.8359 4.04422 4.79
      vertex -19.9227 3.96817 6
      vertex -19.8359 4.04422 6
    endloop
  endfacet
  facet normal -0.658995 0.752147 0
    outer loop
      vertex -19.9227 3.96817 6
      vertex -19.8359 4.04422 4.79
      vertex -19.9227 3.96817 4.79
    endloop
  endfacet
  facet normal -0.723815 0.689994 0
    outer loop
      vertex -20.0041 3.88278 4.79
      vertex -19.9227 3.96817 6
      vertex -19.9227 3.96817 4.79
    endloop
  endfacet
  facet normal -0.723815 0.689994 0
    outer loop
      vertex -19.9227 3.96817 6
      vertex -20.0041 3.88278 4.79
      vertex -20.0041 3.88278 6
    endloop
  endfacet
  facet normal -0.783837 0.620967 0
    outer loop
      vertex -20.0794 3.78773 4.79
      vertex -20.0041 3.88278 6
      vertex -20.0041 3.88278 4.79
    endloop
  endfacet
  facet normal -0.783837 0.620967 0
    outer loop
      vertex -20.0041 3.88278 6
      vertex -20.0794 3.78773 4.79
      vertex -20.0794 3.78773 6
    endloop
  endfacet
  facet normal -0.837626 0.546243 0
    outer loop
      vertex -20.1479 3.68269 4.79
      vertex -20.0794 3.78773 6
      vertex -20.0794 3.78773 4.79
    endloop
  endfacet
  facet normal -0.837626 0.546243 0
    outer loop
      vertex -20.0794 3.78773 6
      vertex -20.1479 3.68269 4.79
      vertex -20.1479 3.68269 6
    endloop
  endfacet
  facet normal -0.880579 0.473899 0
    outer loop
      vertex -20.2098 3.56767 4.79
      vertex -20.1479 3.68269 6
      vertex -20.1479 3.68269 4.79
    endloop
  endfacet
  facet normal -0.880579 0.473899 0
    outer loop
      vertex -20.1479 3.68269 6
      vertex -20.2098 3.56767 4.79
      vertex -20.2098 3.56767 6
    endloop
  endfacet
  facet normal -0.915021 0.403406 0
    outer loop
      vertex -20.2649 3.44269 4.79
      vertex -20.2098 3.56767 6
      vertex -20.2098 3.56767 4.79
    endloop
  endfacet
  facet normal -0.915021 0.403406 0
    outer loop
      vertex -20.2098 3.56767 6
      vertex -20.2649 3.44269 4.79
      vertex -20.2649 3.44269 6
    endloop
  endfacet
  facet normal -0.941315 0.337529 0
    outer loop
      vertex -20.3133 3.30771 4.79
      vertex -20.2649 3.44269 6
      vertex -20.2649 3.44269 4.79
    endloop
  endfacet
  facet normal -0.941315 0.337529 0
    outer loop
      vertex -20.2649 3.44269 6
      vertex -20.3133 3.30771 4.79
      vertex -20.3133 3.30771 6
    endloop
  endfacet
  facet normal -0.96328 0.268499 0
    outer loop
      vertex -20.3538 3.16241 4.79
      vertex -20.3133 3.30771 6
      vertex -20.3133 3.30771 4.79
    endloop
  endfacet
  facet normal -0.96328 0.268499 0
    outer loop
      vertex -20.3133 3.30771 6
      vertex -20.3538 3.16241 4.79
      vertex -20.3538 3.16241 6
    endloop
  endfacet
  facet normal -0.980072 0.198642 0
    outer loop
      vertex -20.3854 3.0065 4.79
      vertex -20.3538 3.16241 6
      vertex -20.3538 3.16241 4.79
    endloop
  endfacet
  facet normal -0.980072 0.198642 0
    outer loop
      vertex -20.3538 3.16241 6
      vertex -20.3854 3.0065 4.79
      vertex -20.3854 3.0065 6
    endloop
  endfacet
  facet normal -0.990996 0.133894 0
    outer loop
      vertex -20.4079 2.83997 4.79
      vertex -20.3854 3.0065 6
      vertex -20.3854 3.0065 4.79
    endloop
  endfacet
  facet normal -0.990996 0.133894 0
    outer loop
      vertex -20.3854 3.0065 6
      vertex -20.4079 2.83997 4.79
      vertex -20.4079 2.83997 6
    endloop
  endfacet
  facet normal -0.997109 0.075982 0
    outer loop
      vertex -20.4214 2.66281 4.79
      vertex -20.4079 2.83997 6
      vertex -20.4079 2.83997 4.79
    endloop
  endfacet
  facet normal -0.997109 0.075982 0
    outer loop
      vertex -20.4079 2.83997 6
      vertex -20.4214 2.66281 4.79
      vertex -20.4214 2.66281 6
    endloop
  endfacet
  facet normal -0.999713 0.0239548 0
    outer loop
      vertex -20.4259 2.47501 4.79
      vertex -20.4214 2.66281 6
      vertex -20.4214 2.66281 4.79
    endloop
  endfacet
  facet normal -0.999713 0.0239548 0
    outer loop
      vertex -20.4214 2.66281 6
      vertex -20.4259 2.47501 4.79
      vertex -20.4259 2.47501 6
    endloop
  endfacet
  facet normal -0.999135 -0.0415741 0
    outer loop
      vertex -20.4118 2.13615 4.79
      vertex -20.4259 2.47501 6
      vertex -20.4259 2.47501 4.79
    endloop
  endfacet
  facet normal -0.999135 -0.0415741 0
    outer loop
      vertex -20.4259 2.47501 6
      vertex -20.4118 2.13615 4.79
      vertex -20.4118 2.13615 6
    endloop
  endfacet
  facet normal -0.990506 -0.137467 0
    outer loop
      vertex -20.3695 1.83136 4.79
      vertex -20.4118 2.13615 6
      vertex -20.4118 2.13615 4.79
    endloop
  endfacet
  facet normal -0.990506 -0.137467 0
    outer loop
      vertex -20.4118 2.13615 6
      vertex -20.3695 1.83136 4.79
      vertex -20.3695 1.83136 6
    endloop
  endfacet
  facet normal -0.967722 -0.25202 0
    outer loop
      vertex -20.299 1.56065 4.79
      vertex -20.3695 1.83136 6
      vertex -20.3695 1.83136 4.79
    endloop
  endfacet
  facet normal -0.967722 -0.25202 0
    outer loop
      vertex -20.3695 1.83136 6
      vertex -20.299 1.56065 4.79
      vertex -20.299 1.56065 6
    endloop
  endfacet
  facet normal -0.9228 -0.38528 0
    outer loop
      vertex -20.2002 1.32401 4.79
      vertex -20.299 1.56065 6
      vertex -20.299 1.56065 4.79
    endloop
  endfacet
  facet normal -0.9228 -0.38528 0
    outer loop
      vertex -20.299 1.56065 6
      vertex -20.2002 1.32401 4.79
      vertex -20.2002 1.32401 6
    endloop
  endfacet
  facet normal -0.847446 -0.530882 0
    outer loop
      vertex -20.0733 1.12144 4.79
      vertex -20.2002 1.32401 6
      vertex -20.2002 1.32401 4.79
    endloop
  endfacet
  facet normal -0.847446 -0.530882 0
    outer loop
      vertex -20.2002 1.32401 6
      vertex -20.0733 1.12144 4.79
      vertex -20.0733 1.12144 6
    endloop
  endfacet
  facet normal -0.732923 -0.680311 0
    outer loop
      vertex -19.9183 0.954453 4.79
      vertex -20.0733 1.12144 6
      vertex -20.0733 1.12144 4.79
    endloop
  endfacet
  facet normal -0.732923 -0.680311 0
    outer loop
      vertex -20.0733 1.12144 6
      vertex -19.9183 0.954453 4.79
      vertex -19.9183 0.954453 6
    endloop
  endfacet
  facet normal -0.57937 -0.815065 0
    outer loop
      vertex -19.9183 0.954453 4.79
      vertex -19.7356 0.824585 6
      vertex -19.9183 0.954453 6
    endloop
  endfacet
  facet normal -0.57937 -0.815065 -0
    outer loop
      vertex -19.7356 0.824585 6
      vertex -19.9183 0.954453 4.79
      vertex -19.7356 0.824585 4.79
    endloop
  endfacet
  facet normal -0.403296 -0.91507 0
    outer loop
      vertex -19.7356 0.824585 4.79
      vertex -19.5251 0.731812 6
      vertex -19.7356 0.824585 6
    endloop
  endfacet
  facet normal -0.403296 -0.91507 -0
    outer loop
      vertex -19.5251 0.731812 6
      vertex -19.7356 0.824585 4.79
      vertex -19.5251 0.731812 4.79
    endloop
  endfacet
  facet normal -0.227559 -0.973764 0
    outer loop
      vertex -19.5251 0.731812 4.79
      vertex -19.2869 0.676147 6
      vertex -19.5251 0.731812 6
    endloop
  endfacet
  facet normal -0.227559 -0.973764 -0
    outer loop
      vertex -19.2869 0.676147 6
      vertex -19.5251 0.731812 4.79
      vertex -19.2869 0.676147 4.79
    endloop
  endfacet
  facet normal -0.0695568 -0.997578 0
    outer loop
      vertex -19.2869 0.676147 4.79
      vertex -19.0208 0.657593 6
      vertex -19.2869 0.676147 6
    endloop
  endfacet
  facet normal -0.0695568 -0.997578 -0
    outer loop
      vertex -19.0208 0.657593 6
      vertex -19.2869 0.676147 4.79
      vertex -19.0208 0.657593 4.79
    endloop
  endfacet
  facet normal 0.0365525 -0.999332 0
    outer loop
      vertex -19.0208 0.657593 4.79
      vertex -18.9019 0.661942 6
      vertex -19.0208 0.657593 6
    endloop
  endfacet
  facet normal 0.0365525 -0.999332 0
    outer loop
      vertex -18.9019 0.661942 6
      vertex -19.0208 0.657593 4.79
      vertex -18.9019 0.661942 4.79
    endloop
  endfacet
  facet normal 0.111404 -0.993775 0
    outer loop
      vertex -18.9019 0.661942 4.79
      vertex -18.7858 0.674957 6
      vertex -18.9019 0.661942 6
    endloop
  endfacet
  facet normal 0.111404 -0.993775 0
    outer loop
      vertex -18.7858 0.674957 6
      vertex -18.9019 0.661942 4.79
      vertex -18.7858 0.674957 4.79
    endloop
  endfacet
  facet normal 0.188546 -0.982064 0
    outer loop
      vertex -18.7858 0.674957 4.79
      vertex -18.6727 0.696671 6
      vertex -18.7858 0.674957 6
    endloop
  endfacet
  facet normal 0.188546 -0.982064 0
    outer loop
      vertex -18.6727 0.696671 6
      vertex -18.7858 0.674957 4.79
      vertex -18.6727 0.696671 4.79
    endloop
  endfacet
  facet normal 0.265766 -0.964037 0
    outer loop
      vertex -18.6727 0.696671 4.79
      vertex -18.5625 0.727051 6
      vertex -18.6727 0.696671 6
    endloop
  endfacet
  facet normal 0.265766 -0.964037 0
    outer loop
      vertex -18.5625 0.727051 6
      vertex -18.6727 0.696671 4.79
      vertex -18.5625 0.727051 4.79
    endloop
  endfacet
  facet normal 0.342364 -0.939568 0
    outer loop
      vertex -18.5625 0.727051 4.79
      vertex -18.4553 0.766113 6
      vertex -18.5625 0.727051 6
    endloop
  endfacet
  facet normal 0.342364 -0.939568 0
    outer loop
      vertex -18.4553 0.766113 6
      vertex -18.5625 0.727051 4.79
      vertex -18.4553 0.766113 4.79
    endloop
  endfacet
  facet normal 0.422537 -0.906346 0
    outer loop
      vertex -18.4553 0.766113 4.79
      vertex -18.3522 0.814178 6
      vertex -18.4553 0.766113 6
    endloop
  endfacet
  facet normal 0.422537 -0.906346 0
    outer loop
      vertex -18.3522 0.814178 6
      vertex -18.4553 0.766113 4.79
      vertex -18.3522 0.814178 4.79
    endloop
  endfacet
  facet normal 0.506485 -0.862249 0
    outer loop
      vertex -18.3522 0.814178 4.79
      vertex -18.2545 0.871567 6
      vertex -18.3522 0.814178 6
    endloop
  endfacet
  facet normal 0.506485 -0.862249 0
    outer loop
      vertex -18.2545 0.871567 6
      vertex -18.3522 0.814178 4.79
      vertex -18.2545 0.871567 4.79
    endloop
  endfacet
  facet normal 0.586282 -0.810107 0
    outer loop
      vertex -18.2545 0.871567 4.79
      vertex -18.1623 0.938293 6
      vertex -18.2545 0.871567 6
    endloop
  endfacet
  facet normal 0.586282 -0.810107 0
    outer loop
      vertex -18.1623 0.938293 6
      vertex -18.2545 0.871567 4.79
      vertex -18.1623 0.938293 4.79
    endloop
  endfacet
  facet normal 0.659079 -0.752074 0
    outer loop
      vertex -18.1623 0.938293 4.79
      vertex -18.0755 1.01436 6
      vertex -18.1623 0.938293 6
    endloop
  endfacet
  facet normal 0.659079 -0.752074 0
    outer loop
      vertex -18.0755 1.01436 6
      vertex -18.1623 0.938293 4.79
      vertex -18.0755 1.01436 4.79
    endloop
  endfacet
  facet normal 0.723856 -0.689951 0
    outer loop
      vertex -18.0755 1.01436 6
      vertex -17.9941 1.09976 4.79
      vertex -17.9941 1.09976 6
    endloop
  endfacet
  facet normal 0.723856 -0.689951 0
    outer loop
      vertex -17.9941 1.09976 4.79
      vertex -18.0755 1.01436 6
      vertex -18.0755 1.01436 4.79
    endloop
  endfacet
  facet normal 0.783773 -0.621047 0
    outer loop
      vertex -17.9941 1.09976 6
      vertex -17.9188 1.19479 4.79
      vertex -17.9188 1.19479 6
    endloop
  endfacet
  facet normal 0.783773 -0.621047 0
    outer loop
      vertex -17.9188 1.19479 4.79
      vertex -17.9941 1.09976 6
      vertex -17.9941 1.09976 4.79
    endloop
  endfacet
  facet normal 0.837603 -0.54628 0
    outer loop
      vertex -17.9188 1.19479 6
      vertex -17.8503 1.29982 4.79
      vertex -17.8503 1.29982 6
    endloop
  endfacet
  facet normal 0.837603 -0.54628 0
    outer loop
      vertex -17.8503 1.29982 4.79
      vertex -17.9188 1.19479 6
      vertex -17.9188 1.19479 4.79
    endloop
  endfacet
  facet normal 0.880562 -0.473931 0
    outer loop
      vertex -17.8503 1.29982 6
      vertex -17.7884 1.41483 4.79
      vertex -17.7884 1.41483 6
    endloop
  endfacet
  facet normal 0.880562 -0.473931 0
    outer loop
      vertex -17.7884 1.41483 4.79
      vertex -17.8503 1.29982 6
      vertex -17.8503 1.29982 4.79
    endloop
  endfacet
  facet normal 0.915045 -0.403352 0
    outer loop
      vertex -17.7884 1.41483 6
      vertex -17.7333 1.53983 4.79
      vertex -17.7333 1.53983 6
    endloop
  endfacet
  facet normal 0.915045 -0.403352 0
    outer loop
      vertex -17.7333 1.53983 4.79
      vertex -17.7884 1.41483 6
      vertex -17.7884 1.41483 4.79
    endloop
  endfacet
  facet normal 0.941307 -0.337551 0
    outer loop
      vertex -17.7333 1.53983 6
      vertex -17.6849 1.6748 4.79
      vertex -17.6849 1.6748 6
    endloop
  endfacet
  facet normal 0.941307 -0.337551 0
    outer loop
      vertex -17.6849 1.6748 4.79
      vertex -17.7333 1.53983 6
      vertex -17.7333 1.53983 4.79
    endloop
  endfacet
  facet normal 0.963271 -0.268533 0
    outer loop
      vertex -17.6849 1.6748 6
      vertex -17.6444 1.82008 4.79
      vertex -17.6444 1.82008 6
    endloop
  endfacet
  facet normal 0.963271 -0.268533 0
    outer loop
      vertex -17.6444 1.82008 4.79
      vertex -17.6849 1.6748 6
      vertex -17.6849 1.6748 4.79
    endloop
  endfacet
  facet normal 0.980197 -0.198026 0
    outer loop
      vertex -17.6444 1.82008 6
      vertex -17.6129 1.976 4.79
      vertex -17.6129 1.976 6
    endloop
  endfacet
  facet normal 0.980197 -0.198026 0
    outer loop
      vertex -17.6129 1.976 4.79
      vertex -17.6444 1.82008 6
      vertex -17.6444 1.82008 4.79
    endloop
  endfacet
  facet normal 0.990919 -0.134463 0
    outer loop
      vertex -17.6129 1.976 6
      vertex -17.5903 2.14255 4.79
      vertex -17.5903 2.14255 6
    endloop
  endfacet
  facet normal 0.990919 -0.134463 0
    outer loop
      vertex -17.5903 2.14255 4.79
      vertex -17.6129 1.976 6
      vertex -17.6129 1.976 4.79
    endloop
  endfacet
  facet normal 0.99711 -0.0759778 0
    outer loop
      vertex -17.5903 2.14255 6
      vertex -17.5768 2.31972 4.79
      vertex -17.5768 2.31972 6
    endloop
  endfacet
  facet normal 0.99711 -0.0759778 0
    outer loop
      vertex -17.5768 2.31972 4.79
      vertex -17.5903 2.14255 6
      vertex -17.5903 2.14255 4.79
    endloop
  endfacet
  facet normal 0.999713 -0.0239548 0
    outer loop
      vertex -17.5768 2.31972 6
      vertex -17.5723 2.50752 4.79
      vertex -17.5723 2.50752 6
    endloop
  endfacet
  facet normal 0.999713 -0.0239548 0
    outer loop
      vertex -17.5723 2.50752 4.79
      vertex -17.5768 2.31972 6
      vertex -17.5768 2.31972 4.79
    endloop
  endfacet
  facet normal 0.999131 0.0416908 0
    outer loop
      vertex -17.5723 2.50752 6
      vertex -17.5864 2.84543 4.79
      vertex -17.5864 2.84543 6
    endloop
  endfacet
  facet normal 0.999131 0.0416908 0
    outer loop
      vertex -17.5864 2.84543 4.79
      vertex -17.5723 2.50752 6
      vertex -17.5723 2.50752 4.79
    endloop
  endfacet
  facet normal 0.990424 0.138056 0
    outer loop
      vertex -17.5864 2.84543 6
      vertex -17.6288 3.14961 4.79
      vertex -17.6288 3.14961 6
    endloop
  endfacet
  facet normal 0.990424 0.138056 0
    outer loop
      vertex -17.6288 3.14961 4.79
      vertex -17.5864 2.84543 6
      vertex -17.5864 2.84543 4.79
    endloop
  endfacet
  facet normal 0.967663 0.252247 0
    outer loop
      vertex -17.6288 3.14961 6
      vertex -17.6993 3.42006 4.79
      vertex -17.6993 3.42006 6
    endloop
  endfacet
  facet normal 0.967663 0.252247 0
    outer loop
      vertex -17.6993 3.42006 4.79
      vertex -17.6288 3.14961 6
      vertex -17.6288 3.14961 4.79
    endloop
  endfacet
  facet normal 0.922967 0.384878 0
    outer loop
      vertex -17.6993 3.42006 6
      vertex -17.798 3.65675 4.79
      vertex -17.798 3.65675 6
    endloop
  endfacet
  facet normal 0.922967 0.384878 0
    outer loop
      vertex -17.798 3.65675 4.79
      vertex -17.6993 3.42006 6
      vertex -17.6993 3.42006 4.79
    endloop
  endfacet
  facet normal 0.847904 0.530149 0
    outer loop
      vertex -17.798 3.65675 6
      vertex -17.9249 3.85971 4.79
      vertex -17.9249 3.85971 6
    endloop
  endfacet
  facet normal 0.847904 0.530149 0
    outer loop
      vertex -17.9249 3.85971 4.79
      vertex -17.798 3.65675 6
      vertex -17.798 3.65675 4.79
    endloop
  endfacet
  facet normal 0.733902 0.679255 0
    outer loop
      vertex -17.9249 3.85971 6
      vertex -18.0799 4.02718 4.79
      vertex -18.0799 4.02718 6
    endloop
  endfacet
  facet normal 0.733902 0.679255 0
    outer loop
      vertex -18.0799 4.02718 4.79
      vertex -17.9249 3.85971 6
      vertex -17.9249 3.85971 4.79
    endloop
  endfacet
  facet normal 0.58053 0.814239 -0
    outer loop
      vertex -18.0799 4.02718 4.79
      vertex -18.2626 4.15744 6
      vertex -18.0799 4.02718 6
    endloop
  endfacet
  facet normal 0.58053 0.814239 0
    outer loop
      vertex -18.2626 4.15744 6
      vertex -18.0799 4.02718 4.79
      vertex -18.2626 4.15744 4.79
    endloop
  endfacet
  facet normal 0.404231 0.914657 -0
    outer loop
      vertex -18.2626 4.15744 4.79
      vertex -18.4731 4.25047 6
      vertex -18.2626 4.15744 6
    endloop
  endfacet
  facet normal 0.404231 0.914657 0
    outer loop
      vertex -18.4731 4.25047 6
      vertex -18.2626 4.15744 4.79
      vertex -18.4731 4.25047 4.79
    endloop
  endfacet
  facet normal 0.227992 0.973663 -0
    outer loop
      vertex -18.4731 4.25047 4.79
      vertex -18.7114 4.30627 6
      vertex -18.4731 4.25047 6
    endloop
  endfacet
  facet normal 0.227992 0.973663 0
    outer loop
      vertex -18.7114 4.30627 6
      vertex -18.4731 4.25047 4.79
      vertex -18.7114 4.30627 4.79
    endloop
  endfacet
  facet normal 0.0698291 0.997559 -0
    outer loop
      vertex -18.7114 4.30627 4.79
      vertex -18.9774 4.32489 6
      vertex -18.7114 4.30627 6
    endloop
  endfacet
  facet normal 0.0698291 0.997559 0
    outer loop
      vertex -18.9774 4.32489 6
      vertex -18.7114 4.30627 4.79
      vertex -18.9774 4.32489 4.79
    endloop
  endfacet
  facet normal -0.0363625 0.999339 0
    outer loop
      vertex -18.9774 4.32489 4.79
      vertex -19.0964 4.32056 6
      vertex -18.9774 4.32489 6
    endloop
  endfacet
  facet normal -0.0363625 0.999339 0
    outer loop
      vertex -19.0964 4.32056 6
      vertex -18.9774 4.32489 4.79
      vertex -19.0964 4.32056 4.79
    endloop
  endfacet
  facet normal -0.279664 -0.960098 0
    outer loop
      vertex -18.8546 3.71034 4.79
      vertex -18.7272 3.67323 6
      vertex -18.8546 3.71034 6
    endloop
  endfacet
  facet normal -0.279664 -0.960098 -0
    outer loop
      vertex -18.7272 3.67323 6
      vertex -18.8546 3.71034 4.79
      vertex -18.7272 3.67323 4.79
    endloop
  endfacet
  facet normal -0.4887 -0.872452 0
    outer loop
      vertex -18.7272 3.67323 4.79
      vertex -18.6168 3.61139 6
      vertex -18.7272 3.67323 6
    endloop
  endfacet
  facet normal -0.4887 -0.872452 -0
    outer loop
      vertex -18.6168 3.61139 6
      vertex -18.7272 3.67323 4.79
      vertex -18.6168 3.61139 4.79
    endloop
  endfacet
  facet normal -0.679824 -0.733375 0
    outer loop
      vertex -18.6168 3.61139 4.79
      vertex -18.5234 3.52481 6
      vertex -18.6168 3.61139 6
    endloop
  endfacet
  facet normal -0.679824 -0.733375 -0
    outer loop
      vertex -18.5234 3.52481 6
      vertex -18.6168 3.61139 4.79
      vertex -18.5234 3.52481 4.79
    endloop
  endfacet
  facet normal -0.824822 -0.565393 0
    outer loop
      vertex -18.4471 3.4135 4.79
      vertex -18.5234 3.52481 6
      vertex -18.5234 3.52481 4.79
    endloop
  endfacet
  facet normal -0.824822 -0.565393 0
    outer loop
      vertex -18.5234 3.52481 6
      vertex -18.4471 3.4135 4.79
      vertex -18.4471 3.4135 6
    endloop
  endfacet
  facet normal -0.912971 -0.408024 0
    outer loop
      vertex -18.3861 3.27701 4.79
      vertex -18.4471 3.4135 6
      vertex -18.4471 3.4135 4.79
    endloop
  endfacet
  facet normal -0.912971 -0.408024 0
    outer loop
      vertex -18.4471 3.4135 6
      vertex -18.3861 3.27701 4.79
      vertex -18.3861 3.27701 6
    endloop
  endfacet
  facet normal -0.959653 -0.281189 0
    outer loop
      vertex -18.3386 3.1149 4.79
      vertex -18.3861 3.27701 6
      vertex -18.3861 3.27701 4.79
    endloop
  endfacet
  facet normal -0.959653 -0.281189 0
    outer loop
      vertex -18.3861 3.27701 6
      vertex -18.3386 3.1149 4.79
      vertex -18.3386 3.1149 6
    endloop
  endfacet
  facet normal -0.984079 -0.177732 0
    outer loop
      vertex -18.3047 2.9272 4.79
      vertex -18.3386 3.1149 6
      vertex -18.3386 3.1149 4.79
    endloop
  endfacet
  facet normal -0.984079 -0.177732 0
    outer loop
      vertex -18.3386 3.1149 6
      vertex -18.3047 2.9272 4.79
      vertex -18.3047 2.9272 6
    endloop
  endfacet
  facet normal -0.995502 -0.094743 0
    outer loop
      vertex -18.2844 2.7139 4.79
      vertex -18.3047 2.9272 6
      vertex -18.3047 2.9272 4.79
    endloop
  endfacet
  facet normal -0.995502 -0.094743 0
    outer loop
      vertex -18.3047 2.9272 6
      vertex -18.2844 2.7139 4.79
      vertex -18.2844 2.7139 6
    endloop
  endfacet
  facet normal -0.999595 -0.0284535 0
    outer loop
      vertex -18.2776 2.47501 4.79
      vertex -18.2844 2.7139 6
      vertex -18.2844 2.7139 4.79
    endloop
  endfacet
  facet normal -0.999595 -0.0284535 0
    outer loop
      vertex -18.2844 2.7139 6
      vertex -18.2776 2.47501 4.79
      vertex -18.2776 2.47501 6
    endloop
  endfacet
  facet normal -0.999902 0.0139676 0
    outer loop
      vertex -18.2792 2.36047 4.79
      vertex -18.2776 2.47501 6
      vertex -18.2776 2.47501 4.79
    endloop
  endfacet
  facet normal -0.999902 0.0139676 0
    outer loop
      vertex -18.2776 2.47501 6
      vertex -18.2792 2.36047 4.79
      vertex -18.2792 2.36047 6
    endloop
  endfacet
  facet normal -0.998995 0.0448267 0
    outer loop
      vertex -18.2841 2.25127 4.79
      vertex -18.2792 2.36047 6
      vertex -18.2792 2.36047 4.79
    endloop
  endfacet
  facet normal -0.998995 0.0448267 0
    outer loop
      vertex -18.2792 2.36047 6
      vertex -18.2841 2.25127 4.79
      vertex -18.2841 2.25127 6
    endloop
  endfacet
  facet normal -0.996974 0.0777312 0
    outer loop
      vertex -18.2922 2.14738 4.79
      vertex -18.2841 2.25127 6
      vertex -18.2841 2.25127 4.79
    endloop
  endfacet
  facet normal -0.996974 0.0777312 0
    outer loop
      vertex -18.2841 2.25127 6
      vertex -18.2922 2.14738 4.79
      vertex -18.2922 2.14738 6
    endloop
  endfacet
  facet normal -0.993378 0.114888 0
    outer loop
      vertex -18.3036 2.04881 4.79
      vertex -18.2922 2.14738 6
      vertex -18.2922 2.14738 4.79
    endloop
  endfacet
  facet normal -0.993378 0.114888 0
    outer loop
      vertex -18.2922 2.14738 6
      vertex -18.3036 2.04881 4.79
      vertex -18.3036 2.04881 6
    endloop
  endfacet
  facet normal -0.987799 0.155734 0
    outer loop
      vertex -18.3183 1.95557 4.79
      vertex -18.3036 2.04881 6
      vertex -18.3036 2.04881 4.79
    endloop
  endfacet
  facet normal -0.987799 0.155734 0
    outer loop
      vertex -18.3036 2.04881 6
      vertex -18.3183 1.95557 4.79
      vertex -18.3183 1.95557 6
    endloop
  endfacet
  facet normal -0.979378 0.202037 0
    outer loop
      vertex -18.3364 1.86783 4.79
      vertex -18.3183 1.95557 6
      vertex -18.3183 1.95557 4.79
    endloop
  endfacet
  facet normal -0.979378 0.202037 0
    outer loop
      vertex -18.3183 1.95557 6
      vertex -18.3364 1.86783 4.79
      vertex -18.3364 1.86783 6
    endloop
  endfacet
  facet normal -0.965819 0.259217 0
    outer loop
      vertex -18.3584 1.78586 4.79
      vertex -18.3364 1.86783 6
      vertex -18.3364 1.86783 4.79
    endloop
  endfacet
  facet normal -0.965819 0.259217 0
    outer loop
      vertex -18.3364 1.86783 6
      vertex -18.3584 1.78586 4.79
      vertex -18.3584 1.78586 6
    endloop
  endfacet
  facet normal -0.947219 0.320586 0
    outer loop
      vertex -18.3842 1.70963 4.79
      vertex -18.3584 1.78586 6
      vertex -18.3584 1.78586 4.79
    endloop
  endfacet
  facet normal -0.947219 0.320586 0
    outer loop
      vertex -18.3584 1.78586 6
      vertex -18.3842 1.70963 4.79
      vertex -18.3842 1.70963 6
    endloop
  endfacet
  facet normal -0.92197 0.387261 0
    outer loop
      vertex -18.4138 1.63916 4.79
      vertex -18.3842 1.70963 6
      vertex -18.3842 1.70963 4.79
    endloop
  endfacet
  facet normal -0.92197 0.387261 0
    outer loop
      vertex -18.3842 1.70963 6
      vertex -18.4138 1.63916 4.79
      vertex -18.4138 1.63916 6
    endloop
  endfacet
  facet normal -0.88923 0.45746 0
    outer loop
      vertex -18.4471 1.57443 4.79
      vertex -18.4138 1.63916 6
      vertex -18.4138 1.63916 4.79
    endloop
  endfacet
  facet normal -0.88923 0.45746 0
    outer loop
      vertex -18.4138 1.63916 6
      vertex -18.4471 1.57443 4.79
      vertex -18.4471 1.57443 6
    endloop
  endfacet
  facet normal -0.845366 0.534187 0
    outer loop
      vertex -18.4843 1.51556 4.79
      vertex -18.4471 1.57443 6
      vertex -18.4471 1.57443 4.79
    endloop
  endfacet
  facet normal -0.845366 0.534187 0
    outer loop
      vertex -18.4471 1.57443 6
      vertex -18.4843 1.51556 4.79
      vertex -18.4843 1.51556 6
    endloop
  endfacet
  facet normal -0.790285 0.61274 0
    outer loop
      vertex -18.5253 1.46268 4.79
      vertex -18.4843 1.51556 6
      vertex -18.4843 1.51556 4.79
    endloop
  endfacet
  facet normal -0.790285 0.61274 0
    outer loop
      vertex -18.4843 1.51556 6
      vertex -18.5253 1.46268 4.79
      vertex -18.5253 1.46268 6
    endloop
  endfacet
  facet normal -0.724175 0.689617 0
    outer loop
      vertex -18.57 1.41574 4.79
      vertex -18.5253 1.46268 6
      vertex -18.5253 1.46268 4.79
    endloop
  endfacet
  facet normal -0.724175 0.689617 0
    outer loop
      vertex -18.5253 1.46268 6
      vertex -18.57 1.41574 4.79
      vertex -18.57 1.41574 6
    endloop
  endfacet
  facet normal -0.644354 0.764728 0
    outer loop
      vertex -18.57 1.41574 4.79
      vertex -18.6186 1.37479 6
      vertex -18.57 1.41574 6
    endloop
  endfacet
  facet normal -0.644354 0.764728 0
    outer loop
      vertex -18.6186 1.37479 6
      vertex -18.57 1.41574 4.79
      vertex -18.6186 1.37479 4.79
    endloop
  endfacet
  facet normal -0.556056 0.831145 0
    outer loop
      vertex -18.6186 1.37479 4.79
      vertex -18.6709 1.3398 6
      vertex -18.6186 1.37479 6
    endloop
  endfacet
  facet normal -0.556056 0.831145 0
    outer loop
      vertex -18.6709 1.3398 6
      vertex -18.6186 1.37479 4.79
      vertex -18.6709 1.3398 4.79
    endloop
  endfacet
  facet normal -0.454138 0.890931 0
    outer loop
      vertex -18.6709 1.3398 4.79
      vertex -18.7274 1.311 6
      vertex -18.6709 1.3398 6
    endloop
  endfacet
  facet normal -0.454138 0.890931 0
    outer loop
      vertex -18.7274 1.311 6
      vertex -18.6709 1.3398 4.79
      vertex -18.7274 1.311 4.79
    endloop
  endfacet
  facet normal -0.344209 0.938893 0
    outer loop
      vertex -18.7274 1.311 4.79
      vertex -18.7885 1.2886 6
      vertex -18.7274 1.311 6
    endloop
  endfacet
  facet normal -0.344209 0.938893 0
    outer loop
      vertex -18.7885 1.2886 6
      vertex -18.7274 1.311 4.79
      vertex -18.7885 1.2886 4.79
    endloop
  endfacet
  facet normal -0.236616 0.971603 0
    outer loop
      vertex -18.7885 1.2886 4.79
      vertex -18.8542 1.2726 6
      vertex -18.7885 1.2886 6
    endloop
  endfacet
  facet normal -0.236616 0.971603 0
    outer loop
      vertex -18.8542 1.2726 6
      vertex -18.7885 1.2886 4.79
      vertex -18.8542 1.2726 4.79
    endloop
  endfacet
  facet normal -0.135681 0.990753 0
    outer loop
      vertex -18.8542 1.2726 4.79
      vertex -18.9243 1.263 6
      vertex -18.8542 1.2726 6
    endloop
  endfacet
  facet normal -0.135681 0.990753 0
    outer loop
      vertex -18.9243 1.263 6
      vertex -18.8542 1.2726 4.79
      vertex -18.9243 1.263 4.79
    endloop
  endfacet
  facet normal -0.0427417 0.999086 0
    outer loop
      vertex -18.9243 1.263 4.79
      vertex -18.9991 1.2598 6
      vertex -18.9243 1.263 6
    endloop
  endfacet
  facet normal -0.0427417 0.999086 0
    outer loop
      vertex -18.9991 1.2598 6
      vertex -18.9243 1.263 4.79
      vertex -18.9991 1.2598 4.79
    endloop
  endfacet
  facet normal 0.0847694 0.996401 -0
    outer loop
      vertex -18.9991 1.2598 4.79
      vertex -19.1445 1.27217 6
      vertex -18.9991 1.2598 6
    endloop
  endfacet
  facet normal 0.0847694 0.996401 0
    outer loop
      vertex -19.1445 1.27217 6
      vertex -18.9991 1.2598 4.79
      vertex -19.1445 1.27217 4.79
    endloop
  endfacet
  facet normal 0.278455 0.960449 -0
    outer loop
      vertex -19.1445 1.27217 4.79
      vertex -19.2725 1.30928 6
      vertex -19.1445 1.27217 6
    endloop
  endfacet
  facet normal 0.278455 0.960449 0
    outer loop
      vertex -19.2725 1.30928 6
      vertex -19.1445 1.27217 4.79
      vertex -19.2725 1.30928 4.79
    endloop
  endfacet
  facet normal 0.487691 0.873017 -0
    outer loop
      vertex -19.2725 1.30928 4.79
      vertex -19.3832 1.37112 6
      vertex -19.2725 1.30928 6
    endloop
  endfacet
  facet normal 0.487691 0.873017 0
    outer loop
      vertex -19.3832 1.37112 6
      vertex -19.2725 1.30928 4.79
      vertex -19.3832 1.37112 4.79
    endloop
  endfacet
  facet normal 0.6803 0.732933 -0
    outer loop
      vertex -19.3832 1.37112 4.79
      vertex -19.4765 1.45772 6
      vertex -19.3832 1.37112 6
    endloop
  endfacet
  facet normal 0.6803 0.732933 0
    outer loop
      vertex -19.4765 1.45772 6
      vertex -19.3832 1.37112 4.79
      vertex -19.4765 1.45772 4.79
    endloop
  endfacet
  facet normal 0.825905 0.563809 0
    outer loop
      vertex -19.4765 1.45772 6
      vertex -19.5525 1.56905 4.79
      vertex -19.5525 1.56905 6
    endloop
  endfacet
  facet normal 0.825905 0.563809 0
    outer loop
      vertex -19.5525 1.56905 4.79
      vertex -19.4765 1.45772 6
      vertex -19.4765 1.45772 4.79
    endloop
  endfacet
  facet normal 0.914192 0.405281 0
    outer loop
      vertex -19.5525 1.56905 6
      vertex -19.613 1.70552 4.79
      vertex -19.613 1.70552 6
    endloop
  endfacet
  facet normal 0.914192 0.405281 0
    outer loop
      vertex -19.613 1.70552 4.79
      vertex -19.5525 1.56905 6
      vertex -19.5525 1.56905 4.79
    endloop
  endfacet
  facet normal 0.96028 0.279038 0
    outer loop
      vertex -19.613 1.70552 6
      vertex -19.6601 1.86761 4.79
      vertex -19.6601 1.86761 6
    endloop
  endfacet
  facet normal 0.96028 0.279038 0
    outer loop
      vertex -19.6601 1.86761 4.79
      vertex -19.613 1.70552 6
      vertex -19.613 1.70552 4.79
    endloop
  endfacet
  facet normal 0.984353 0.176208 0
    outer loop
      vertex -19.6601 1.86761 6
      vertex -19.6937 2.05531 4.79
      vertex -19.6937 2.05531 6
    endloop
  endfacet
  facet normal 0.984353 0.176208 0
    outer loop
      vertex -19.6937 2.05531 4.79
      vertex -19.6601 1.86761 6
      vertex -19.6601 1.86761 4.79
    endloop
  endfacet
  facet normal 0.995546 0.0942761 0
    outer loop
      vertex -19.6937 2.05531 6
      vertex -19.7139 2.26862 4.79
      vertex -19.7139 2.26862 6
    endloop
  endfacet
  facet normal 0.995546 0.0942761 0
    outer loop
      vertex -19.7139 2.26862 4.79
      vertex -19.6937 2.05531 6
      vertex -19.6937 2.05531 4.79
    endloop
  endfacet
  facet normal 0.999595 0.0284523 0
    outer loop
      vertex -19.7139 2.26862 6
      vertex -19.7207 2.50752 4.79
      vertex -19.7207 2.50752 6
    endloop
  endfacet
  facet normal 0.999595 0.0284523 0
    outer loop
      vertex -19.7207 2.50752 4.79
      vertex -19.7139 2.26862 6
      vertex -19.7139 2.26862 4.79
    endloop
  endfacet
  facet normal 0.99989 -0.0148429 0
    outer loop
      vertex -19.7207 2.50752 6
      vertex -19.719 2.62204 4.79
      vertex -19.719 2.62204 6
    endloop
  endfacet
  facet normal 0.99989 -0.0148429 0
    outer loop
      vertex -19.719 2.62204 4.79
      vertex -19.7207 2.50752 6
      vertex -19.7207 2.50752 4.79
    endloop
  endfacet
  facet normal 0.998995 -0.0448226 0
    outer loop
      vertex -19.719 2.62204 6
      vertex -19.7141 2.73125 4.79
      vertex -19.7141 2.73125 6
    endloop
  endfacet
  facet normal 0.998995 -0.0448226 0
    outer loop
      vertex -19.7141 2.73125 4.79
      vertex -19.719 2.62204 6
      vertex -19.719 2.62204 4.79
    endloop
  endfacet
  facet normal 0.996974 -0.0777312 0
    outer loop
      vertex -19.7141 2.73125 6
      vertex -19.706 2.83514 4.79
      vertex -19.706 2.83514 6
    endloop
  endfacet
  facet normal 0.996974 -0.0777312 0
    outer loop
      vertex -19.706 2.83514 4.79
      vertex -19.7141 2.73125 6
      vertex -19.7141 2.73125 4.79
    endloop
  endfacet
  facet normal 0.99338 -0.114877 0
    outer loop
      vertex -19.706 2.83514 6
      vertex -19.6946 2.93372 4.79
      vertex -19.6946 2.93372 6
    endloop
  endfacet
  facet normal 0.99338 -0.114877 0
    outer loop
      vertex -19.6946 2.93372 4.79
      vertex -19.706 2.83514 6
      vertex -19.706 2.83514 4.79
    endloop
  endfacet
  facet normal 0.987804 -0.155701 0
    outer loop
      vertex -19.6946 2.93372 6
      vertex -19.6799 3.02698 4.79
      vertex -19.6799 3.02698 6
    endloop
  endfacet
  facet normal 0.987804 -0.155701 0
    outer loop
      vertex -19.6799 3.02698 4.79
      vertex -19.6946 2.93372 6
      vertex -19.6946 2.93372 4.79
    endloop
  endfacet
  facet normal 0.979369 -0.202081 0
    outer loop
      vertex -19.6799 3.02698 6
      vertex -19.6618 3.1147 4.79
      vertex -19.6618 3.1147 6
    endloop
  endfacet
  facet normal 0.979369 -0.202081 0
    outer loop
      vertex -19.6618 3.1147 4.79
      vertex -19.6799 3.02698 6
      vertex -19.6799 3.02698 4.79
    endloop
  endfacet
  facet normal 0.966407 -0.257017 0
    outer loop
      vertex -19.6618 3.1147 6
      vertex -19.64 3.19667 4.79
      vertex -19.64 3.19667 6
    endloop
  endfacet
  facet normal 0.966407 -0.257017 0
    outer loop
      vertex -19.64 3.19667 4.79
      vertex -19.6618 3.1147 6
      vertex -19.6618 3.1147 4.79
    endloop
  endfacet
  facet normal 0.948334 -0.317273 0
    outer loop
      vertex -19.64 3.19667 6
      vertex -19.6145 3.27289 4.79
      vertex -19.6145 3.27289 6
    endloop
  endfacet
  facet normal 0.948334 -0.317273 0
    outer loop
      vertex -19.6145 3.27289 4.79
      vertex -19.64 3.19667 6
      vertex -19.64 3.19667 4.79
    endloop
  endfacet
  facet normal 0.923812 -0.382846 0
    outer loop
      vertex -19.6145 3.27289 6
      vertex -19.5853 3.34335 4.79
      vertex -19.5853 3.34335 6
    endloop
  endfacet
  facet normal 0.923812 -0.382846 0
    outer loop
      vertex -19.5853 3.34335 4.79
      vertex -19.6145 3.27289 6
      vertex -19.6145 3.27289 4.79
    endloop
  endfacet
  facet normal 0.891988 -0.452058 0
    outer loop
      vertex -19.5853 3.34335 6
      vertex -19.5525 3.40807 4.79
      vertex -19.5525 3.40807 6
    endloop
  endfacet
  facet normal 0.891988 -0.452058 0
    outer loop
      vertex -19.5525 3.40807 4.79
      vertex -19.5853 3.34335 6
      vertex -19.5853 3.34335 4.79
    endloop
  endfacet
  facet normal 0.847877 -0.530193 0
    outer loop
      vertex -19.5525 3.40807 6
      vertex -19.5157 3.46692 4.79
      vertex -19.5157 3.46692 6
    endloop
  endfacet
  facet normal 0.847877 -0.530193 0
    outer loop
      vertex -19.5157 3.46692 4.79
      vertex -19.5525 3.40807 6
      vertex -19.5525 3.40807 4.79
    endloop
  endfacet
  facet normal 0.792568 -0.609783 0
    outer loop
      vertex -19.5157 3.46692 6
      vertex -19.475 3.51982 4.79
      vertex -19.475 3.51982 6
    endloop
  endfacet
  facet normal 0.792568 -0.609783 0
    outer loop
      vertex -19.475 3.51982 4.79
      vertex -19.5157 3.46692 6
      vertex -19.5157 3.46692 4.79
    endloop
  endfacet
  facet normal 0.723258 -0.690578 0
    outer loop
      vertex -19.475 3.51982 6
      vertex -19.4302 3.56674 4.79
      vertex -19.4302 3.56674 6
    endloop
  endfacet
  facet normal 0.723258 -0.690578 0
    outer loop
      vertex -19.4302 3.56674 4.79
      vertex -19.475 3.51982 6
      vertex -19.475 3.51982 4.79
    endloop
  endfacet
  facet normal 0.643763 -0.765225 0
    outer loop
      vertex -19.4302 3.56674 4.79
      vertex -19.3815 3.60771 6
      vertex -19.4302 3.56674 6
    endloop
  endfacet
  facet normal 0.643763 -0.765225 0
    outer loop
      vertex -19.3815 3.60771 6
      vertex -19.4302 3.56674 4.79
      vertex -19.3815 3.60771 4.79
    endloop
  endfacet
  facet normal 0.552403 -0.833577 0
    outer loop
      vertex -19.3815 3.60771 4.79
      vertex -19.3287 3.6427 6
      vertex -19.3815 3.60771 6
    endloop
  endfacet
  facet normal 0.552403 -0.833577 0
    outer loop
      vertex -19.3287 3.6427 6
      vertex -19.3815 3.60771 4.79
      vertex -19.3287 3.6427 4.79
    endloop
  endfacet
  facet normal 0.451092 -0.892477 0
    outer loop
      vertex -19.3287 3.6427 4.79
      vertex -19.2717 3.67151 6
      vertex -19.3287 3.6427 6
    endloop
  endfacet
  facet normal 0.451092 -0.892477 0
    outer loop
      vertex -19.2717 3.67151 6
      vertex -19.3287 3.6427 4.79
      vertex -19.2717 3.67151 4.79
    endloop
  endfacet
  facet normal 0.342234 -0.939615 0
    outer loop
      vertex -19.2717 3.67151 4.79
      vertex -19.2102 3.69391 6
      vertex -19.2717 3.67151 6
    endloop
  endfacet
  facet normal 0.342234 -0.939615 0
    outer loop
      vertex -19.2102 3.69391 6
      vertex -19.2717 3.67151 4.79
      vertex -19.2102 3.69391 4.79
    endloop
  endfacet
  facet normal 0.235798 -0.971802 0
    outer loop
      vertex -19.2102 3.69391 4.79
      vertex -19.1443 3.7099 6
      vertex -19.2102 3.69391 6
    endloop
  endfacet
  facet normal 0.235798 -0.971802 0
    outer loop
      vertex -19.1443 3.7099 6
      vertex -19.2102 3.69391 4.79
      vertex -19.1443 3.7099 4.79
    endloop
  endfacet
  facet normal 0.135113 -0.99083 0
    outer loop
      vertex -19.1443 3.7099 4.79
      vertex -19.0739 3.7195 6
      vertex -19.1443 3.7099 6
    endloop
  endfacet
  facet normal 0.135113 -0.99083 0
    outer loop
      vertex -19.0739 3.7195 6
      vertex -19.1443 3.7099 4.79
      vertex -19.0739 3.7195 4.79
    endloop
  endfacet
  facet normal 0.0427417 -0.999086 0
    outer loop
      vertex -19.0739 3.7195 4.79
      vertex -18.9991 3.7227 6
      vertex -19.0739 3.7195 6
    endloop
  endfacet
  facet normal 0.0427417 -0.999086 0
    outer loop
      vertex -18.9991 3.7227 6
      vertex -19.0739 3.7195 4.79
      vertex -18.9991 3.7227 4.79
    endloop
  endfacet
  facet normal -0.0852251 -0.996362 0
    outer loop
      vertex -18.9991 3.7227 4.79
      vertex -18.8546 3.71034 6
      vertex -18.9991 3.7227 6
    endloop
  endfacet
  facet normal -0.0852251 -0.996362 -0
    outer loop
      vertex -18.8546 3.71034 6
      vertex -18.9991 3.7227 4.79
      vertex -18.8546 3.71034 4.79
    endloop
  endfacet
  facet normal -0.0590166 0.998257 0
    outer loop
      vertex -9.38927 4.30948 4.79
      vertex -9.48264 4.30396 6
      vertex -9.38927 4.30948 6
    endloop
  endfacet
  facet normal -0.0590166 0.998257 0
    outer loop
      vertex -9.48264 4.30396 6
      vertex -9.38927 4.30948 4.79
      vertex -9.48264 4.30396 4.79
    endloop
  endfacet
  facet normal -0.0999966 0.994988 0
    outer loop
      vertex -9.48264 4.30396 4.79
      vertex -9.57458 4.29472 6
      vertex -9.48264 4.30396 6
    endloop
  endfacet
  facet normal -0.0999966 0.994988 0
    outer loop
      vertex -9.57458 4.29472 6
      vertex -9.48264 4.30396 4.79
      vertex -9.57458 4.29472 4.79
    endloop
  endfacet
  facet normal -0.141146 0.989989 0
    outer loop
      vertex -9.57458 4.29472 4.79
      vertex -9.66513 4.28181 6
      vertex -9.57458 4.29472 6
    endloop
  endfacet
  facet normal -0.141146 0.989989 0
    outer loop
      vertex -9.66513 4.28181 6
      vertex -9.57458 4.29472 4.79
      vertex -9.66513 4.28181 4.79
    endloop
  endfacet
  facet normal -0.183136 0.983088 0
    outer loop
      vertex -9.66513 4.28181 4.79
      vertex -9.75424 4.26521 6
      vertex -9.66513 4.28181 6
    endloop
  endfacet
  facet normal -0.183136 0.983088 0
    outer loop
      vertex -9.75424 4.26521 6
      vertex -9.66513 4.28181 4.79
      vertex -9.75424 4.26521 4.79
    endloop
  endfacet
  facet normal -0.223116 0.974792 0
    outer loop
      vertex -9.75424 4.26521 4.79
      vertex -9.84328 4.24483 6
      vertex -9.75424 4.26521 6
    endloop
  endfacet
  facet normal -0.223116 0.974792 0
    outer loop
      vertex -9.84328 4.24483 6
      vertex -9.75424 4.26521 4.79
      vertex -9.84328 4.24483 4.79
    endloop
  endfacet
  facet normal -0.260173 0.965562 0
    outer loop
      vertex -9.84328 4.24483 4.79
      vertex -9.9335 4.22052 6
      vertex -9.84328 4.24483 6
    endloop
  endfacet
  facet normal -0.260173 0.965562 0
    outer loop
      vertex -9.9335 4.22052 6
      vertex -9.84328 4.24483 4.79
      vertex -9.9335 4.22052 4.79
    endloop
  endfacet
  facet normal -0.294916 0.955523 0
    outer loop
      vertex -9.9335 4.22052 4.79
      vertex -10.0249 4.19231 6
      vertex -9.9335 4.22052 6
    endloop
  endfacet
  facet normal -0.294916 0.955523 0
    outer loop
      vertex -10.0249 4.19231 6
      vertex -9.9335 4.22052 4.79
      vertex -10.0249 4.19231 4.79
    endloop
  endfacet
  facet normal -0.327622 0.944809 0
    outer loop
      vertex -10.0249 4.19231 4.79
      vertex -10.1175 4.1602 6
      vertex -10.0249 4.19231 6
    endloop
  endfacet
  facet normal -0.327622 0.944809 0
    outer loop
      vertex -10.1175 4.1602 6
      vertex -10.0249 4.19231 4.79
      vertex -10.1175 4.1602 4.79
    endloop
  endfacet
  facet normal -0.358399 0.933569 0
    outer loop
      vertex -10.1175 4.1602 4.79
      vertex -10.2113 4.12419 6
      vertex -10.1175 4.1602 6
    endloop
  endfacet
  facet normal -0.358399 0.933569 0
    outer loop
      vertex -10.2113 4.12419 6
      vertex -10.1175 4.1602 4.79
      vertex -10.2113 4.12419 4.79
    endloop
  endfacet
  facet normal -1 0 0
    outer loop
      vertex -10.2113 3.50031 4.79
      vertex -10.2113 4.12419 6
      vertex -10.2113 4.12419 4.79
    endloop
  endfacet
  facet normal -1 -0 0
    outer loop
      vertex -10.2113 4.12419 6
      vertex -10.2113 3.50031 4.79
      vertex -10.2113 3.50031 6
    endloop
  endfacet
  facet normal 0.407023 -0.913418 0
    outer loop
      vertex -10.2113 3.50031 4.79
      vertex -10.1749 3.51653 6
      vertex -10.2113 3.50031 6
    endloop
  endfacet
  facet normal 0.407023 -0.913418 0
    outer loop
      vertex -10.1749 3.51653 6
      vertex -10.2113 3.50031 4.79
      vertex -10.1749 3.51653 4.79
    endloop
  endfacet
  facet normal 0.393831 -0.919183 0
    outer loop
      vertex -10.1749 3.51653 4.79
      vertex -10.1373 3.53264 6
      vertex -10.1749 3.51653 6
    endloop
  endfacet
  facet normal 0.393831 -0.919183 0
    outer loop
      vertex -10.1373 3.53264 6
      vertex -10.1749 3.51653 4.79
      vertex -10.1373 3.53264 4.79
    endloop
  endfacet
  facet normal 0.381025 -0.924565 0
    outer loop
      vertex -10.1373 3.53264 4.79
      vertex -10.0985 3.54863 6
      vertex -10.1373 3.53264 6
    endloop
  endfacet
  facet normal 0.381025 -0.924565 0
    outer loop
      vertex -10.0985 3.54863 6
      vertex -10.1373 3.53264 4.79
      vertex -10.0985 3.54863 4.79
    endloop
  endfacet
  facet normal 0.369387 -0.929276 0
    outer loop
      vertex -10.0985 3.54863 4.79
      vertex -10.0585 3.56453 6
      vertex -10.0985 3.54863 6
    endloop
  endfacet
  facet normal 0.369387 -0.929276 0
    outer loop
      vertex -10.0585 3.56453 6
      vertex -10.0985 3.54863 4.79
      vertex -10.0585 3.56453 4.79
    endloop
  endfacet
  facet normal 0.358431 -0.933556 0
    outer loop
      vertex -10.0585 3.56453 4.79
      vertex -10.0174 3.58031 6
      vertex -10.0585 3.56453 6
    endloop
  endfacet
  facet normal 0.358431 -0.933556 0
    outer loop
      vertex -10.0174 3.58031 6
      vertex -10.0585 3.56453 4.79
      vertex -10.0174 3.58031 4.79
    endloop
  endfacet
  facet normal 0.342661 -0.939459 0
    outer loop
      vertex -10.0174 3.58031 4.79
      vertex -9.97548 3.5956 6
      vertex -10.0174 3.58031 6
    endloop
  endfacet
  facet normal 0.342661 -0.939459 0
    outer loop
      vertex -9.97548 3.5956 6
      vertex -10.0174 3.58031 4.79
      vertex -9.97548 3.5956 4.79
    endloop
  endfacet
  facet normal 0.324238 -0.945975 0
    outer loop
      vertex -9.97548 3.5956 4.79
      vertex -9.93338 3.61003 6
      vertex -9.97548 3.5956 6
    endloop
  endfacet
  facet normal 0.324238 -0.945975 0
    outer loop
      vertex -9.93338 3.61003 6
      vertex -9.97548 3.5956 4.79
      vertex -9.93338 3.61003 4.79
    endloop
  endfacet
  facet normal 0.304996 -0.952354 0
    outer loop
      vertex -9.93338 3.61003 4.79
      vertex -9.89107 3.62358 6
      vertex -9.93338 3.61003 6
    endloop
  endfacet
  facet normal 0.304996 -0.952354 0
    outer loop
      vertex -9.89107 3.62358 6
      vertex -9.93338 3.61003 4.79
      vertex -9.89107 3.62358 4.79
    endloop
  endfacet
  facet normal 0.286066 -0.95821 0
    outer loop
      vertex -9.89107 3.62358 4.79
      vertex -9.84853 3.63628 6
      vertex -9.89107 3.62358 6
    endloop
  endfacet
  facet normal 0.286066 -0.95821 0
    outer loop
      vertex -9.84853 3.63628 6
      vertex -9.89107 3.62358 4.79
      vertex -9.84853 3.63628 4.79
    endloop
  endfacet
  facet normal 0.266435 -0.963853 0
    outer loop
      vertex -9.84853 3.63628 4.79
      vertex -9.80577 3.6481 6
      vertex -9.84853 3.63628 6
    endloop
  endfacet
  facet normal 0.266435 -0.963853 0
    outer loop
      vertex -9.80577 3.6481 6
      vertex -9.84853 3.63628 4.79
      vertex -9.80577 3.6481 4.79
    endloop
  endfacet
  facet normal 0.248397 -0.968658 0
    outer loop
      vertex -9.80577 3.6481 4.79
      vertex -9.76303 3.65906 6
      vertex -9.80577 3.6481 6
    endloop
  endfacet
  facet normal 0.248397 -0.968658 0
    outer loop
      vertex -9.76303 3.65906 6
      vertex -9.80577 3.6481 4.79
      vertex -9.76303 3.65906 4.79
    endloop
  endfacet
  facet normal 0.231053 -0.972941 0
    outer loop
      vertex -9.76303 3.65906 4.79
      vertex -9.7205 3.66916 6
      vertex -9.76303 3.65906 6
    endloop
  endfacet
  facet normal 0.231053 -0.972941 0
    outer loop
      vertex -9.7205 3.66916 6
      vertex -9.76303 3.65906 4.79
      vertex -9.7205 3.66916 4.79
    endloop
  endfacet
  facet normal 0.212919 -0.97707 0
    outer loop
      vertex -9.7205 3.66916 4.79
      vertex -9.67819 3.67838 6
      vertex -9.7205 3.66916 6
    endloop
  endfacet
  facet normal 0.212919 -0.97707 0
    outer loop
      vertex -9.67819 3.67838 6
      vertex -9.7205 3.66916 4.79
      vertex -9.67819 3.67838 4.79
    endloop
  endfacet
  facet normal 0.194772 -0.980849 0
    outer loop
      vertex -9.67819 3.67838 4.79
      vertex -9.63609 3.68674 6
      vertex -9.67819 3.67838 6
    endloop
  endfacet
  facet normal 0.194772 -0.980849 0
    outer loop
      vertex -9.63609 3.68674 6
      vertex -9.67819 3.67838 4.79
      vertex -9.63609 3.68674 4.79
    endloop
  endfacet
  facet normal 0.176051 -0.984381 0
    outer loop
      vertex -9.63609 3.68674 4.79
      vertex -9.59421 3.69423 6
      vertex -9.63609 3.68674 6
    endloop
  endfacet
  facet normal 0.176051 -0.984381 0
    outer loop
      vertex -9.59421 3.69423 6
      vertex -9.63609 3.68674 4.79
      vertex -9.59421 3.69423 4.79
    endloop
  endfacet
  facet normal 0.152436 -0.988313 0
    outer loop
      vertex -9.59421 3.69423 4.79
      vertex -9.55304 3.70058 6
      vertex -9.59421 3.69423 6
    endloop
  endfacet
  facet normal 0.152436 -0.988313 0
    outer loop
      vertex -9.55304 3.70058 6
      vertex -9.59421 3.69423 4.79
      vertex -9.55304 3.70058 4.79
    endloop
  endfacet
  facet normal 0.12269 -0.992445 0
    outer loop
      vertex -9.55304 3.70058 4.79
      vertex -9.51308 3.70552 6
      vertex -9.55304 3.70058 6
    endloop
  endfacet
  facet normal 0.12269 -0.992445 0
    outer loop
      vertex -9.51308 3.70552 6
      vertex -9.55304 3.70058 4.79
      vertex -9.51308 3.70552 4.79
    endloop
  endfacet
  facet normal 0.0906283 -0.995885 0
    outer loop
      vertex -9.51308 3.70552 4.79
      vertex -9.47429 3.70905 6
      vertex -9.51308 3.70552 6
    endloop
  endfacet
  facet normal 0.0906283 -0.995885 0
    outer loop
      vertex -9.47429 3.70905 6
      vertex -9.51308 3.70552 4.79
      vertex -9.47429 3.70905 4.79
    endloop
  endfacet
  facet normal 0.0562936 -0.998414 0
    outer loop
      vertex -9.47429 3.70905 4.79
      vertex -9.43669 3.71117 6
      vertex -9.47429 3.70905 6
    endloop
  endfacet
  facet normal 0.0562936 -0.998414 0
    outer loop
      vertex -9.43669 3.71117 6
      vertex -9.47429 3.70905 4.79
      vertex -9.43669 3.71117 4.79
    endloop
  endfacet
  facet normal 0.0192219 -0.999815 0
    outer loop
      vertex -9.43669 3.71117 4.79
      vertex -9.40028 3.71187 6
      vertex -9.43669 3.71117 6
    endloop
  endfacet
  facet normal 0.0192219 -0.999815 0
    outer loop
      vertex -9.40028 3.71187 6
      vertex -9.43669 3.71117 4.79
      vertex -9.40028 3.71187 4.79
    endloop
  endfacet
  facet normal -0.0340688 -0.999419 0
    outer loop
      vertex -9.40028 3.71187 4.79
      vertex -9.30318 3.70856 6
      vertex -9.40028 3.71187 6
    endloop
  endfacet
  facet normal -0.0340688 -0.999419 -0
    outer loop
      vertex -9.30318 3.70856 6
      vertex -9.40028 3.71187 4.79
      vertex -9.30318 3.70856 4.79
    endloop
  endfacet
  facet normal -0.107777 -0.994175 0
    outer loop
      vertex -9.30318 3.70856 4.79
      vertex -9.21149 3.69862 6
      vertex -9.30318 3.70856 6
    endloop
  endfacet
  facet normal -0.107777 -0.994175 -0
    outer loop
      vertex -9.21149 3.69862 6
      vertex -9.30318 3.70856 4.79
      vertex -9.21149 3.69862 4.79
    endloop
  endfacet
  facet normal -0.188315 -0.982109 0
    outer loop
      vertex -9.21149 3.69862 4.79
      vertex -9.12523 3.68208 6
      vertex -9.21149 3.69862 6
    endloop
  endfacet
  facet normal -0.188315 -0.982109 -0
    outer loop
      vertex -9.12523 3.68208 6
      vertex -9.21149 3.69862 4.79
      vertex -9.12523 3.68208 4.79
    endloop
  endfacet
  facet normal -0.275412 -0.961326 0
    outer loop
      vertex -9.12523 3.68208 4.79
      vertex -9.04439 3.65892 6
      vertex -9.12523 3.68208 6
    endloop
  endfacet
  facet normal -0.275412 -0.961326 -0
    outer loop
      vertex -9.04439 3.65892 6
      vertex -9.12523 3.68208 4.79
      vertex -9.04439 3.65892 4.79
    endloop
  endfacet
  facet normal -0.367113 -0.930176 0
    outer loop
      vertex -9.04439 3.65892 4.79
      vertex -8.96896 3.62915 6
      vertex -9.04439 3.65892 6
    endloop
  endfacet
  facet normal -0.367113 -0.930176 -0
    outer loop
      vertex -8.96896 3.62915 6
      vertex -9.04439 3.65892 4.79
      vertex -8.96896 3.62915 4.79
    endloop
  endfacet
  facet normal -0.457838 -0.889036 0
    outer loop
      vertex -8.96896 3.62915 4.79
      vertex -8.89888 3.59306 6
      vertex -8.96896 3.62915 6
    endloop
  endfacet
  facet normal -0.457838 -0.889036 -0
    outer loop
      vertex -8.89888 3.59306 6
      vertex -8.96896 3.62915 4.79
      vertex -8.89888 3.59306 4.79
    endloop
  endfacet
  facet normal -0.543879 -0.839164 0
    outer loop
      vertex -8.89888 3.59306 4.79
      vertex -8.834 3.55101 6
      vertex -8.89888 3.59306 6
    endloop
  endfacet
  facet normal -0.543879 -0.839164 -0
    outer loop
      vertex -8.834 3.55101 6
      vertex -8.89888 3.59306 4.79
      vertex -8.834 3.55101 4.79
    endloop
  endfacet
  facet normal -0.627017 -0.779005 0
    outer loop
      vertex -8.834 3.55101 4.79
      vertex -8.77434 3.50299 6
      vertex -8.834 3.55101 6
    endloop
  endfacet
  facet normal -0.627017 -0.779005 -0
    outer loop
      vertex -8.77434 3.50299 6
      vertex -8.834 3.55101 4.79
      vertex -8.77434 3.50299 4.79
    endloop
  endfacet
  facet normal -0.70384 -0.710359 0
    outer loop
      vertex -8.77434 3.50299 4.79
      vertex -8.71986 3.44901 6
      vertex -8.77434 3.50299 6
    endloop
  endfacet
  facet normal -0.70384 -0.710359 -0
    outer loop
      vertex -8.71986 3.44901 6
      vertex -8.77434 3.50299 4.79
      vertex -8.71986 3.44901 4.79
    endloop
  endfacet
  facet normal -0.77264 -0.634844 0
    outer loop
      vertex -8.67061 3.38907 4.79
      vertex -8.71986 3.44901 6
      vertex -8.71986 3.44901 4.79
    endloop
  endfacet
  facet normal -0.77264 -0.634844 0
    outer loop
      vertex -8.71986 3.44901 6
      vertex -8.67061 3.38907 4.79
      vertex -8.67061 3.38907 6
    endloop
  endfacet
  facet normal -0.829634 -0.558308 0
    outer loop
      vertex -8.62639 3.32336 4.79
      vertex -8.67061 3.38907 6
      vertex -8.67061 3.38907 4.79
    endloop
  endfacet
  facet normal -0.829634 -0.558308 0
    outer loop
      vertex -8.67061 3.38907 6
      vertex -8.62639 3.32336 4.79
      vertex -8.62639 3.32336 6
    endloop
  endfacet
  facet normal -0.875441 -0.483324 0
    outer loop
      vertex -8.58707 3.25214 4.79
      vertex -8.62639 3.32336 6
      vertex -8.62639 3.32336 4.79
    endloop
  endfacet
  facet normal -0.875441 -0.483324 0
    outer loop
      vertex -8.62639 3.32336 6
      vertex -8.58707 3.25214 4.79
      vertex -8.58707 3.25214 6
    endloop
  endfacet
  facet normal -0.912286 -0.409554 0
    outer loop
      vertex -8.55261 3.17538 4.79
      vertex -8.58707 3.25214 6
      vertex -8.58707 3.25214 4.79
    endloop
  endfacet
  facet normal -0.912286 -0.409554 0
    outer loop
      vertex -8.58707 3.25214 6
      vertex -8.55261 3.17538 4.79
      vertex -8.55261 3.17538 6
    endloop
  endfacet
  facet normal -0.941158 -0.337966 0
    outer loop
      vertex -8.52306 3.09309 4.79
      vertex -8.55261 3.17538 6
      vertex -8.55261 3.17538 4.79
    endloop
  endfacet
  facet normal -0.941158 -0.337966 0
    outer loop
      vertex -8.55261 3.17538 6
      vertex -8.52306 3.09309 4.79
      vertex -8.52306 3.09309 6
    endloop
  endfacet
  facet normal -0.962686 -0.270622 0
    outer loop
      vertex -8.49837 3.00526 4.79
      vertex -8.52306 3.09309 6
      vertex -8.52306 3.09309 4.79
    endloop
  endfacet
  facet normal -0.962686 -0.270622 0
    outer loop
      vertex -8.52306 3.09309 6
      vertex -8.49837 3.00526 4.79
      vertex -8.49837 3.00526 6
    endloop
  endfacet
  facet normal -0.977619 -0.210383 0
    outer loop
      vertex -8.47835 2.91223 4.79
      vertex -8.49837 3.00526 6
      vertex -8.49837 3.00526 4.79
    endloop
  endfacet
  facet normal -0.977619 -0.210383 0
    outer loop
      vertex -8.49837 3.00526 6
      vertex -8.47835 2.91223 4.79
      vertex -8.47835 2.91223 6
    endloop
  endfacet
  facet normal -0.987596 -0.157019 0
    outer loop
      vertex -8.46278 2.8143 4.79
      vertex -8.47835 2.91223 6
      vertex -8.47835 2.91223 4.79
    endloop
  endfacet
  facet normal -0.987596 -0.157019 0
    outer loop
      vertex -8.47835 2.91223 6
      vertex -8.46278 2.8143 4.79
      vertex -8.46278 2.8143 6
    endloop
  endfacet
  facet normal -0.9942 -0.107544 0
    outer loop
      vertex -8.45166 2.7115 4.79
      vertex -8.46278 2.8143 6
      vertex -8.46278 2.8143 4.79
    endloop
  endfacet
  facet normal -0.9942 -0.107544 0
    outer loop
      vertex -8.46278 2.8143 6
      vertex -8.45166 2.7115 4.79
      vertex -8.45166 2.7115 6
    endloop
  endfacet
  facet normal -0.998087 -0.0618243 0
    outer loop
      vertex -8.44499 2.60382 4.79
      vertex -8.45166 2.7115 6
      vertex -8.45166 2.7115 4.79
    endloop
  endfacet
  facet normal -0.998087 -0.0618243 0
    outer loop
      vertex -8.45166 2.7115 6
      vertex -8.44499 2.60382 4.79
      vertex -8.44499 2.60382 6
    endloop
  endfacet
  facet normal -0.999804 -0.0198043 0
    outer loop
      vertex -8.44276 2.49124 4.79
      vertex -8.44499 2.60382 6
      vertex -8.44499 2.60382 4.79
    endloop
  endfacet
  facet normal -0.999804 -0.0198043 0
    outer loop
      vertex -8.44499 2.60382 6
      vertex -8.44276 2.49124 4.79
      vertex -8.44276 2.49124 6
    endloop
  endfacet
  facet normal -0.999793 0.0203332 0
    outer loop
      vertex -8.44493 2.38454 4.79
      vertex -8.44276 2.49124 6
      vertex -8.44276 2.49124 4.79
    endloop
  endfacet
  facet normal -0.999793 0.0203332 0
    outer loop
      vertex -8.44276 2.49124 6
      vertex -8.44493 2.38454 4.79
      vertex -8.44493 2.38454 6
    endloop
  endfacet
  facet normal -0.998008 0.0630891 0
    outer loop
      vertex -8.45145 2.2814 4.79
      vertex -8.44493 2.38454 6
      vertex -8.44493 2.38454 4.79
    endloop
  endfacet
  facet normal -0.998008 0.0630891 0
    outer loop
      vertex -8.44493 2.38454 6
      vertex -8.45145 2.2814 4.79
      vertex -8.45145 2.2814 6
    endloop
  endfacet
  facet normal -0.994111 0.10837 0
    outer loop
      vertex -8.4623 2.18187 4.79
      vertex -8.45145 2.2814 6
      vertex -8.45145 2.2814 4.79
    endloop
  endfacet
  facet normal -0.994111 0.10837 0
    outer loop
      vertex -8.45145 2.2814 6
      vertex -8.4623 2.18187 4.79
      vertex -8.4623 2.18187 6
    endloop
  endfacet
  facet normal -0.987718 0.156248 0
    outer loop
      vertex -8.47748 2.08591 4.79
      vertex -8.4623 2.18187 6
      vertex -8.4623 2.18187 4.79
    endloop
  endfacet
  facet normal -0.987718 0.156248 0
    outer loop
      vertex -8.4623 2.18187 6
      vertex -8.47748 2.08591 4.79
      vertex -8.47748 2.08591 6
    endloop
  endfacet
  facet normal -0.97838 0.206816 0
    outer loop
      vertex -8.49701 1.99352 4.79
      vertex -8.47748 2.08591 6
      vertex -8.47748 2.08591 4.79
    endloop
  endfacet
  facet normal -0.97838 0.206816 0
    outer loop
      vertex -8.47748 2.08591 6
      vertex -8.49701 1.99352 4.79
      vertex -8.49701 1.99352 6
    endloop
  endfacet
  facet normal -0.96443 0.26434 0
    outer loop
      vertex -8.52116 1.90541 4.79
      vertex -8.49701 1.99352 6
      vertex -8.49701 1.99352 4.79
    endloop
  endfacet
  facet normal -0.96443 0.26434 0
    outer loop
      vertex -8.49701 1.99352 6
      vertex -8.52116 1.90541 4.79
      vertex -8.52116 1.90541 6
    endloop
  endfacet
  facet normal -0.944065 0.329758 0
    outer loop
      vertex -8.55019 1.8223 4.79
      vertex -8.52116 1.90541 6
      vertex -8.52116 1.90541 4.79
    endloop
  endfacet
  facet normal -0.944065 0.329758 0
    outer loop
      vertex -8.52116 1.90541 6
      vertex -8.55019 1.8223 4.79
      vertex -8.55019 1.8223 6
    endloop
  endfacet
  facet normal -0.917283 0.398237 0
    outer loop
      vertex -8.58411 1.74417 4.79
      vertex -8.55019 1.8223 6
      vertex -8.55019 1.8223 4.79
    endloop
  endfacet
  facet normal -0.917283 0.398237 0
    outer loop
      vertex -8.55019 1.8223 6
      vertex -8.58411 1.74417 4.79
      vertex -8.58411 1.74417 6
    endloop
  endfacet
  facet normal -0.883441 0.468543 0
    outer loop
      vertex -8.62289 1.67105 4.79
      vertex -8.58411 1.74417 6
      vertex -8.58411 1.74417 4.79
    endloop
  endfacet
  facet normal -0.883441 0.468543 0
    outer loop
      vertex -8.58411 1.74417 6
      vertex -8.62289 1.67105 4.79
      vertex -8.62289 1.67105 6
    endloop
  endfacet
  facet normal -0.841896 0.539639 0
    outer loop
      vertex -8.66656 1.60292 4.79
      vertex -8.62289 1.67105 6
      vertex -8.62289 1.67105 4.79
    endloop
  endfacet
  facet normal -0.841896 0.539639 0
    outer loop
      vertex -8.62289 1.67105 6
      vertex -8.66656 1.60292 4.79
      vertex -8.66656 1.60292 6
    endloop
  endfacet
  facet normal -0.789989 0.61312 0
    outer loop
      vertex -8.71523 1.54021 4.79
      vertex -8.66656 1.60292 6
      vertex -8.66656 1.60292 4.79
    endloop
  endfacet
  facet normal -0.789989 0.61312 0
    outer loop
      vertex -8.66656 1.60292 6
      vertex -8.71523 1.54021 4.79
      vertex -8.71523 1.54021 6
    endloop
  endfacet
  facet normal -0.726701 0.686954 0
    outer loop
      vertex -8.76898 1.48335 4.79
      vertex -8.71523 1.54021 6
      vertex -8.71523 1.54021 4.79
    endloop
  endfacet
  facet normal -0.726701 0.686954 0
    outer loop
      vertex -8.71523 1.54021 6
      vertex -8.76898 1.48335 4.79
      vertex -8.76898 1.48335 6
    endloop
  endfacet
  facet normal -0.654706 0.755884 0
    outer loop
      vertex -8.76898 1.48335 4.79
      vertex -8.82785 1.43236 6
      vertex -8.76898 1.48335 6
    endloop
  endfacet
  facet normal -0.654706 0.755884 0
    outer loop
      vertex -8.82785 1.43236 6
      vertex -8.76898 1.48335 4.79
      vertex -8.82785 1.43236 4.79
    endloop
  endfacet
  facet normal -0.576673 0.816975 0
    outer loop
      vertex -8.82785 1.43236 4.79
      vertex -8.8918 1.38722 6
      vertex -8.82785 1.43236 6
    endloop
  endfacet
  facet normal -0.576673 0.816975 0
    outer loop
      vertex -8.8918 1.38722 6
      vertex -8.82785 1.43236 4.79
      vertex -8.8918 1.38722 4.79
    endloop
  endfacet
  facet normal -0.494267 0.86931 0
    outer loop
      vertex -8.8918 1.38722 4.79
      vertex -8.96085 1.34796 6
      vertex -8.8918 1.38722 6
    endloop
  endfacet
  facet normal -0.494267 0.86931 0
    outer loop
      vertex -8.96085 1.34796 6
      vertex -8.8918 1.38722 4.79
      vertex -8.96085 1.34796 4.79
    endloop
  endfacet
  facet normal -0.401837 0.915711 0
    outer loop
      vertex -8.96085 1.34796 4.79
      vertex -9.03539 1.31525 6
      vertex -8.96085 1.34796 6
    endloop
  endfacet
  facet normal -0.401837 0.915711 0
    outer loop
      vertex -9.03539 1.31525 6
      vertex -8.96085 1.34796 4.79
      vertex -9.03539 1.31525 4.79
    endloop
  endfacet
  facet normal -0.301858 0.953353 0
    outer loop
      vertex -9.03539 1.31525 4.79
      vertex -9.1158 1.28979 6
      vertex -9.03539 1.31525 6
    endloop
  endfacet
  facet normal -0.301858 0.953353 0
    outer loop
      vertex -9.1158 1.28979 6
      vertex -9.03539 1.31525 4.79
      vertex -9.1158 1.28979 4.79
    endloop
  endfacet
  facet normal -0.206165 0.978517 0
    outer loop
      vertex -9.1158 1.28979 4.79
      vertex -9.20204 1.27162 6
      vertex -9.1158 1.28979 6
    endloop
  endfacet
  facet normal -0.206165 0.978517 0
    outer loop
      vertex -9.20204 1.27162 6
      vertex -9.1158 1.28979 4.79
      vertex -9.20204 1.27162 4.79
    endloop
  endfacet
  facet normal -0.117611 0.99306 0
    outer loop
      vertex -9.20204 1.27162 4.79
      vertex -9.29416 1.26071 6
      vertex -9.20204 1.27162 6
    endloop
  endfacet
  facet normal -0.117611 0.99306 0
    outer loop
      vertex -9.29416 1.26071 6
      vertex -9.20204 1.27162 4.79
      vertex -9.29416 1.26071 4.79
    endloop
  endfacet
  facet normal -0.037023 0.999314 0
    outer loop
      vertex -9.29416 1.26071 4.79
      vertex -9.39214 1.25708 6
      vertex -9.29416 1.26071 6
    endloop
  endfacet
  facet normal -0.037023 0.999314 0
    outer loop
      vertex -9.39214 1.25708 6
      vertex -9.29416 1.26071 4.79
      vertex -9.39214 1.25708 4.79
    endloop
  endfacet
  facet normal 0.0264647 0.99965 -0
    outer loop
      vertex -9.39214 1.25708 4.79
      vertex -9.46202 1.25893 6
      vertex -9.39214 1.25708 6
    endloop
  endfacet
  facet normal 0.0264647 0.99965 0
    outer loop
      vertex -9.46202 1.25893 6
      vertex -9.39214 1.25708 4.79
      vertex -9.46202 1.25893 4.79
    endloop
  endfacet
  facet normal 0.0757657 0.997126 -0
    outer loop
      vertex -9.46202 1.25893 4.79
      vertex -9.53493 1.26447 6
      vertex -9.46202 1.25893 6
    endloop
  endfacet
  facet normal 0.0757657 0.997126 0
    outer loop
      vertex -9.53493 1.26447 6
      vertex -9.46202 1.25893 4.79
      vertex -9.53493 1.26447 4.79
    endloop
  endfacet
  facet normal 0.120366 0.99273 -0
    outer loop
      vertex -9.53493 1.26447 4.79
      vertex -9.61089 1.27368 6
      vertex -9.53493 1.26447 6
    endloop
  endfacet
  facet normal 0.120366 0.99273 0
    outer loop
      vertex -9.61089 1.27368 6
      vertex -9.53493 1.26447 4.79
      vertex -9.61089 1.27368 4.79
    endloop
  endfacet
  facet normal 0.161318 0.986902 -0
    outer loop
      vertex -9.61089 1.27368 4.79
      vertex -9.68987 1.28659 6
      vertex -9.61089 1.27368 6
    endloop
  endfacet
  facet normal 0.161318 0.986902 0
    outer loop
      vertex -9.68987 1.28659 6
      vertex -9.61089 1.27368 4.79
      vertex -9.68987 1.28659 4.79
    endloop
  endfacet
  facet normal 0.198621 0.980076 -0
    outer loop
      vertex -9.68987 1.28659 4.79
      vertex -9.77188 1.30321 6
      vertex -9.68987 1.28659 6
    endloop
  endfacet
  facet normal 0.198621 0.980076 0
    outer loop
      vertex -9.77188 1.30321 6
      vertex -9.68987 1.28659 4.79
      vertex -9.77188 1.30321 4.79
    endloop
  endfacet
  facet normal 0.240506 0.970648 -0
    outer loop
      vertex -9.77188 1.30321 4.79
      vertex -9.85631 1.32413 6
      vertex -9.77188 1.30321 6
    endloop
  endfacet
  facet normal 0.240506 0.970648 0
    outer loop
      vertex -9.85631 1.32413 6
      vertex -9.77188 1.30321 4.79
      vertex -9.85631 1.32413 4.79
    endloop
  endfacet
  facet normal 0.288113 0.957597 -0
    outer loop
      vertex -9.85631 1.32413 4.79
      vertex -9.94246 1.35005 6
      vertex -9.85631 1.32413 6
    endloop
  endfacet
  facet normal 0.288113 0.957597 0
    outer loop
      vertex -9.94246 1.35005 6
      vertex -9.85631 1.32413 4.79
      vertex -9.94246 1.35005 4.79
    endloop
  endfacet
  facet normal 0.332129 0.943234 -0
    outer loop
      vertex -9.94246 1.35005 4.79
      vertex -10.0303 1.38098 6
      vertex -9.94246 1.35005 6
    endloop
  endfacet
  facet normal 0.332129 0.943234 0
    outer loop
      vertex -10.0303 1.38098 6
      vertex -9.94246 1.35005 4.79
      vertex -10.0303 1.38098 4.79
    endloop
  endfacet
  facet normal 0.371658 0.92837 -0
    outer loop
      vertex -10.0303 1.38098 4.79
      vertex -10.12 1.41689 6
      vertex -10.0303 1.38098 6
    endloop
  endfacet
  facet normal 0.371658 0.92837 0
    outer loop
      vertex -10.12 1.41689 6
      vertex -10.0303 1.38098 4.79
      vertex -10.12 1.41689 4.79
    endloop
  endfacet
  facet normal 0.408826 0.912612 -0
    outer loop
      vertex -10.12 1.41689 4.79
      vertex -10.2113 1.45779 6
      vertex -10.12 1.41689 6
    endloop
  endfacet
  facet normal 0.408826 0.912612 0
    outer loop
      vertex -10.2113 1.45779 6
      vertex -10.12 1.41689 4.79
      vertex -10.2113 1.45779 4.79
    endloop
  endfacet
  facet normal -1 0 0
    outer loop
      vertex -10.2113 0.795959 4.79
      vertex -10.2113 1.45779 6
      vertex -10.2113 1.45779 4.79
    endloop
  endfacet
  facet normal -1 -0 0
    outer loop
      vertex -10.2113 1.45779 6
      vertex -10.2113 0.795959 4.79
      vertex -10.2113 0.795959 6
    endloop
  endfacet
  facet normal -0.308286 -0.951294 0
    outer loop
      vertex -10.2113 0.795959 4.79
      vertex -10.1661 0.781311 6
      vertex -10.2113 0.795959 6
    endloop
  endfacet
  facet normal -0.308286 -0.951294 -0
    outer loop
      vertex -10.1661 0.781311 6
      vertex -10.2113 0.795959 4.79
      vertex -10.1661 0.781311 4.79
    endloop
  endfacet
  facet normal -0.291281 -0.956638 0
    outer loop
      vertex -10.1661 0.781311 4.79
      vertex -10.1215 0.767731 6
      vertex -10.1661 0.781311 6
    endloop
  endfacet
  facet normal -0.291281 -0.956638 -0
    outer loop
      vertex -10.1215 0.767731 6
      vertex -10.1661 0.781311 4.79
      vertex -10.1215 0.767731 4.79
    endloop
  endfacet
  facet normal -0.272913 -0.962039 0
    outer loop
      vertex -10.1215 0.767731 4.79
      vertex -10.0775 0.755249 6
      vertex -10.1215 0.767731 6
    endloop
  endfacet
  facet normal -0.272913 -0.962039 -0
    outer loop
      vertex -10.0775 0.755249 6
      vertex -10.1215 0.767731 4.79
      vertex -10.0775 0.755249 4.79
    endloop
  endfacet
  facet normal -0.254798 -0.966994 0
    outer loop
      vertex -10.0775 0.755249 4.79
      vertex -10.0343 0.743866 6
      vertex -10.0775 0.755249 6
    endloop
  endfacet
  facet normal -0.254798 -0.966994 -0
    outer loop
      vertex -10.0343 0.743866 6
      vertex -10.0775 0.755249 4.79
      vertex -10.0343 0.743866 4.79
    endloop
  endfacet
  facet normal -0.234544 -0.972105 0
    outer loop
      vertex -10.0343 0.743866 4.79
      vertex -9.99161 0.733566 6
      vertex -10.0343 0.743866 6
    endloop
  endfacet
  facet normal -0.234544 -0.972105 -0
    outer loop
      vertex -9.99161 0.733566 6
      vertex -10.0343 0.743866 4.79
      vertex -9.99161 0.733566 4.79
    endloop
  endfacet
  facet normal -0.217019 -0.976167 0
    outer loop
      vertex -9.99161 0.733566 4.79
      vertex -9.9494 0.724182 6
      vertex -9.99161 0.733566 6
    endloop
  endfacet
  facet normal -0.217019 -0.976167 -0
    outer loop
      vertex -9.9494 0.724182 6
      vertex -9.99161 0.733566 4.79
      vertex -9.9494 0.724182 4.79
    endloop
  endfacet
  facet normal -0.201116 -0.979567 0
    outer loop
      vertex -9.9494 0.724182 4.79
      vertex -9.90741 0.715561 6
      vertex -9.9494 0.724182 6
    endloop
  endfacet
  facet normal -0.201116 -0.979567 -0
    outer loop
      vertex -9.90741 0.715561 6
      vertex -9.9494 0.724182 4.79
      vertex -9.90741 0.715561 4.79
    endloop
  endfacet
  facet normal -0.185203 -0.9827 0
    outer loop
      vertex -9.90741 0.715561 4.79
      vertex -9.86563 0.707687 6
      vertex -9.90741 0.715561 6
    endloop
  endfacet
  facet normal -0.185203 -0.9827 -0
    outer loop
      vertex -9.86563 0.707687 6
      vertex -9.90741 0.715561 4.79
      vertex -9.86563 0.707687 4.79
    endloop
  endfacet
  facet normal -0.168282 -0.985739 0
    outer loop
      vertex -9.86563 0.707687 4.79
      vertex -9.82407 0.700592 6
      vertex -9.86563 0.707687 6
    endloop
  endfacet
  facet normal -0.168282 -0.985739 -0
    outer loop
      vertex -9.82407 0.700592 6
      vertex -9.86563 0.707687 4.79
      vertex -9.82407 0.700592 4.79
    endloop
  endfacet
  facet normal -0.151777 -0.988415 0
    outer loop
      vertex -9.82407 0.700592 4.79
      vertex -9.78273 0.694244 6
      vertex -9.82407 0.700592 6
    endloop
  endfacet
  facet normal -0.151777 -0.988415 -0
    outer loop
      vertex -9.78273 0.694244 6
      vertex -9.82407 0.700592 4.79
      vertex -9.78273 0.694244 4.79
    endloop
  endfacet
  facet normal -0.134109 -0.990967 0
    outer loop
      vertex -9.78273 0.694244 4.79
      vertex -9.74135 0.688644 6
      vertex -9.78273 0.694244 6
    endloop
  endfacet
  facet normal -0.134109 -0.990967 -0
    outer loop
      vertex -9.74135 0.688644 6
      vertex -9.78273 0.694244 4.79
      vertex -9.74135 0.688644 4.79
    endloop
  endfacet
  facet normal -0.114792 -0.99339 0
    outer loop
      vertex -9.74135 0.688644 4.79
      vertex -9.69963 0.683823 6
      vertex -9.74135 0.688644 6
    endloop
  endfacet
  facet normal -0.114792 -0.99339 -0
    outer loop
      vertex -9.69963 0.683823 6
      vertex -9.74135 0.688644 4.79
      vertex -9.69963 0.683823 4.79
    endloop
  endfacet
  facet normal -0.0964559 -0.995337 0
    outer loop
      vertex -9.69963 0.683823 4.79
      vertex -9.65759 0.679749 6
      vertex -9.69963 0.683823 6
    endloop
  endfacet
  facet normal -0.0964559 -0.995337 -0
    outer loop
      vertex -9.65759 0.679749 6
      vertex -9.69963 0.683823 4.79
      vertex -9.65759 0.679749 4.79
    endloop
  endfacet
  facet normal -0.0779491 -0.996957 0
    outer loop
      vertex -9.65759 0.679749 4.79
      vertex -9.61523 0.676437 6
      vertex -9.65759 0.679749 6
    endloop
  endfacet
  facet normal -0.0779491 -0.996957 -0
    outer loop
      vertex -9.61523 0.676437 6
      vertex -9.65759 0.679749 4.79
      vertex -9.61523 0.676437 4.79
    endloop
  endfacet
  facet normal -0.0599156 -0.998203 0
    outer loop
      vertex -9.61523 0.676437 4.79
      vertex -9.57253 0.673874 6
      vertex -9.61523 0.676437 6
    endloop
  endfacet
  facet normal -0.0599156 -0.998203 -0
    outer loop
      vertex -9.57253 0.673874 6
      vertex -9.61523 0.676437 4.79
      vertex -9.57253 0.673874 4.79
    endloop
  endfacet
  facet normal -0.0448926 -0.998992 0
    outer loop
      vertex -9.57253 0.673874 4.79
      vertex -9.52907 0.671921 6
      vertex -9.57253 0.673874 6
    endloop
  endfacet
  facet normal -0.0448926 -0.998992 -0
    outer loop
      vertex -9.52907 0.671921 6
      vertex -9.57253 0.673874 4.79
      vertex -9.52907 0.671921 4.79
    endloop
  endfacet
  facet normal -0.034157 -0.999416 0
    outer loop
      vertex -9.52907 0.671921 4.79
      vertex -9.48442 0.670395 6
      vertex -9.52907 0.671921 6
    endloop
  endfacet
  facet normal -0.034157 -0.999416 -0
    outer loop
      vertex -9.48442 0.670395 6
      vertex -9.52907 0.671921 4.79
      vertex -9.48442 0.670395 4.79
    endloop
  endfacet
  facet normal -0.0236191 -0.999721 0
    outer loop
      vertex -9.48442 0.670395 4.79
      vertex -9.43858 0.669312 6
      vertex -9.48442 0.670395 6
    endloop
  endfacet
  facet normal -0.0236191 -0.999721 -0
    outer loop
      vertex -9.43858 0.669312 6
      vertex -9.48442 0.670395 4.79
      vertex -9.43858 0.669312 4.79
    endloop
  endfacet
  facet normal -0.0139714 -0.999902 0
    outer loop
      vertex -9.43858 0.669312 4.79
      vertex -9.39156 0.668655 6
      vertex -9.43858 0.669312 6
    endloop
  endfacet
  facet normal -0.0139714 -0.999902 -0
    outer loop
      vertex -9.39156 0.668655 6
      vertex -9.43858 0.669312 4.79
      vertex -9.39156 0.668655 4.79
    endloop
  endfacet
  facet normal -0.00441538 -0.99999 0
    outer loop
      vertex -9.39156 0.668655 4.79
      vertex -9.34332 0.668442 6
      vertex -9.39156 0.668655 6
    endloop
  endfacet
  facet normal -0.00441538 -0.99999 -0
    outer loop
      vertex -9.34332 0.668442 6
      vertex -9.39156 0.668655 4.79
      vertex -9.34332 0.668442 4.79
    endloop
  endfacet
  facet normal 0.0341433 -0.999417 0
    outer loop
      vertex -9.34332 0.668442 4.79
      vertex -9.1955 0.673492 6
      vertex -9.34332 0.668442 6
    endloop
  endfacet
  facet normal 0.0341433 -0.999417 0
    outer loop
      vertex -9.1955 0.673492 6
      vertex -9.34332 0.668442 4.79
      vertex -9.1955 0.673492 4.79
    endloop
  endfacet
  facet normal 0.106094 -0.994356 0
    outer loop
      vertex -9.1955 0.673492 4.79
      vertex -9.05363 0.688629 6
      vertex -9.1955 0.673492 6
    endloop
  endfacet
  facet normal 0.106094 -0.994356 0
    outer loop
      vertex -9.05363 0.688629 6
      vertex -9.1955 0.673492 4.79
      vertex -9.05363 0.688629 4.79
    endloop
  endfacet
  facet normal 0.182496 -0.983207 0
    outer loop
      vertex -9.05363 0.688629 4.79
      vertex -8.91774 0.713852 6
      vertex -9.05363 0.688629 6
    endloop
  endfacet
  facet normal 0.182496 -0.983207 0
    outer loop
      vertex -8.91774 0.713852 6
      vertex -9.05363 0.688629 4.79
      vertex -8.91774 0.713852 4.79
    endloop
  endfacet
  facet normal 0.262347 -0.964974 0
    outer loop
      vertex -8.91774 0.713852 4.79
      vertex -8.78781 0.749176 6
      vertex -8.91774 0.713852 6
    endloop
  endfacet
  facet normal 0.262347 -0.964974 0
    outer loop
      vertex -8.78781 0.749176 6
      vertex -8.91774 0.713852 4.79
      vertex -8.78781 0.749176 4.79
    endloop
  endfacet
  facet normal 0.344074 -0.938942 0
    outer loop
      vertex -8.78781 0.749176 4.79
      vertex -8.66385 0.794601 6
      vertex -8.78781 0.749176 6
    endloop
  endfacet
  facet normal 0.344074 -0.938942 0
    outer loop
      vertex -8.66385 0.794601 6
      vertex -8.78781 0.749176 4.79
      vertex -8.66385 0.794601 4.79
    endloop
  endfacet
  facet normal 0.424465 -0.905444 0
    outer loop
      vertex -8.66385 0.794601 4.79
      vertex -8.54651 0.849609 6
      vertex -8.66385 0.794601 6
    endloop
  endfacet
  facet normal 0.424465 -0.905444 0
    outer loop
      vertex -8.54651 0.849609 6
      vertex -8.66385 0.794601 4.79
      vertex -8.54651 0.849609 4.79
    endloop
  endfacet
  facet normal 0.503313 -0.864104 0
    outer loop
      vertex -8.54651 0.849609 4.79
      vertex -8.43643 0.913727 6
      vertex -8.54651 0.849609 6
    endloop
  endfacet
  facet normal 0.503313 -0.864104 0
    outer loop
      vertex -8.43643 0.913727 6
      vertex -8.54651 0.849609 4.79
      vertex -8.43643 0.913727 4.79
    endloop
  endfacet
  facet normal 0.580222 -0.814459 0
    outer loop
      vertex -8.43643 0.913727 4.79
      vertex -8.33362 0.986969 6
      vertex -8.43643 0.913727 6
    endloop
  endfacet
  facet normal 0.580222 -0.814459 0
    outer loop
      vertex -8.33362 0.986969 6
      vertex -8.43643 0.913727 4.79
      vertex -8.33362 0.986969 4.79
    endloop
  endfacet
  facet normal 0.652889 -0.757453 0
    outer loop
      vertex -8.33362 0.986969 4.79
      vertex -8.23808 1.06932 6
      vertex -8.33362 0.986969 6
    endloop
  endfacet
  facet normal 0.652889 -0.757453 0
    outer loop
      vertex -8.23808 1.06932 6
      vertex -8.33362 0.986969 4.79
      vertex -8.23808 1.06932 4.79
    endloop
  endfacet
  facet normal 0.71962 -0.694368 0
    outer loop
      vertex -8.23808 1.06932 6
      vertex -8.14981 1.1608 4.79
      vertex -8.14981 1.1608 6
    endloop
  endfacet
  facet normal 0.71962 -0.694368 0
    outer loop
      vertex -8.14981 1.1608 4.79
      vertex -8.23808 1.06932 6
      vertex -8.23808 1.06932 4.79
    endloop
  endfacet
  facet normal 0.779199 -0.626776 0
    outer loop
      vertex -8.14981 1.1608 6
      vertex -8.06909 1.26115 4.79
      vertex -8.06909 1.26115 6
    endloop
  endfacet
  facet normal 0.779199 -0.626776 0
    outer loop
      vertex -8.06909 1.26115 4.79
      vertex -8.14981 1.1608 6
      vertex -8.14981 1.1608 4.79
    endloop
  endfacet
  facet normal 0.831322 -0.555791 0
    outer loop
      vertex -8.06909 1.26115 6
      vertex -7.99619 1.37019 4.79
      vertex -7.99619 1.37019 6
    endloop
  endfacet
  facet normal 0.831322 -0.555791 0
    outer loop
      vertex -7.99619 1.37019 4.79
      vertex -8.06909 1.26115 6
      vertex -8.06909 1.26115 4.79
    endloop
  endfacet
  facet normal 0.87512 -0.483906 0
    outer loop
      vertex -7.99619 1.37019 6
      vertex -7.93109 1.48792 4.79
      vertex -7.93109 1.48792 6
    endloop
  endfacet
  facet normal 0.87512 -0.483906 0
    outer loop
      vertex -7.93109 1.48792 4.79
      vertex -7.99619 1.37019 6
      vertex -7.99619 1.37019 4.79
    endloop
  endfacet
  facet normal 0.910786 -0.41288 0
    outer loop
      vertex -7.93109 1.48792 6
      vertex -7.87379 1.61432 4.79
      vertex -7.87379 1.61432 6
    endloop
  endfacet
  facet normal 0.910786 -0.41288 0
    outer loop
      vertex -7.87379 1.61432 4.79
      vertex -7.93109 1.48792 6
      vertex -7.93109 1.48792 4.79
    endloop
  endfacet
  facet normal 0.939032 -0.34383 0
    outer loop
      vertex -7.87379 1.61432 6
      vertex -7.82433 1.7494 4.79
      vertex -7.82433 1.7494 6
    endloop
  endfacet
  facet normal 0.939032 -0.34383 0
    outer loop
      vertex -7.82433 1.7494 4.79
      vertex -7.87379 1.61432 6
      vertex -7.87379 1.61432 4.79
    endloop
  endfacet
  facet normal 0.961428 -0.275058 0
    outer loop
      vertex -7.82433 1.7494 6
      vertex -7.78331 1.89278 4.79
      vertex -7.78331 1.89278 6
    endloop
  endfacet
  facet normal 0.961428 -0.275058 0
    outer loop
      vertex -7.78331 1.89278 4.79
      vertex -7.82433 1.7494 6
      vertex -7.82433 1.7494 4.79
    endloop
  endfacet
  facet normal 0.978501 -0.206242 0
    outer loop
      vertex -7.78331 1.89278 6
      vertex -7.75142 2.04408 4.79
      vertex -7.75142 2.04408 6
    endloop
  endfacet
  facet normal 0.978501 -0.206242 0
    outer loop
      vertex -7.75142 2.04408 4.79
      vertex -7.78331 1.89278 6
      vertex -7.78331 1.89278 4.79
    endloop
  endfacet
  facet normal 0.989921 -0.141622 0
    outer loop
      vertex -7.75142 2.04408 6
      vertex -7.72864 2.20331 4.79
      vertex -7.72864 2.20331 6
    endloop
  endfacet
  facet normal 0.989921 -0.141622 0
    outer loop
      vertex -7.72864 2.20331 4.79
      vertex -7.75142 2.04408 6
      vertex -7.75142 2.04408 4.79
    endloop
  endfacet
  facet normal 0.996672 -0.0815155 0
    outer loop
      vertex -7.72864 2.20331 6
      vertex -7.71497 2.37045 4.79
      vertex -7.71497 2.37045 6
    endloop
  endfacet
  facet normal 0.996672 -0.0815155 0
    outer loop
      vertex -7.71497 2.37045 4.79
      vertex -7.72864 2.20331 6
      vertex -7.72864 2.20331 4.79
    endloop
  endfacet
  facet normal 0.999659 -0.026095 0
    outer loop
      vertex -7.71497 2.37045 6
      vertex -7.7104 2.54552 4.79
      vertex -7.7104 2.54552 6
    endloop
  endfacet
  facet normal 0.999659 -0.026095 0
    outer loop
      vertex -7.7104 2.54552 4.79
      vertex -7.71497 2.37045 6
      vertex -7.71497 2.37045 4.79
    endloop
  endfacet
  facet normal 0.999699 0.024526 0
    outer loop
      vertex -7.7104 2.54552 6
      vertex -7.71458 2.7159 4.79
      vertex -7.71458 2.7159 6
    endloop
  endfacet
  facet normal 0.999699 0.024526 0
    outer loop
      vertex -7.71458 2.7159 4.79
      vertex -7.7104 2.54552 6
      vertex -7.7104 2.54552 4.79
    endloop
  endfacet
  facet normal 0.997016 0.0772006 0
    outer loop
      vertex -7.71458 2.7159 6
      vertex -7.72711 2.87772 4.79
      vertex -7.72711 2.87772 6
    endloop
  endfacet
  facet normal 0.997016 0.0772006 0
    outer loop
      vertex -7.72711 2.87772 4.79
      vertex -7.71458 2.7159 6
      vertex -7.71458 2.7159 4.79
    endloop
  endfacet
  facet normal 0.990847 0.134992 0
    outer loop
      vertex -7.72711 2.87772 6
      vertex -7.74799 3.03098 4.79
      vertex -7.74799 3.03098 6
    endloop
  endfacet
  facet normal 0.990847 0.134992 0
    outer loop
      vertex -7.74799 3.03098 4.79
      vertex -7.72711 2.87772 6
      vertex -7.72711 2.87772 4.79
    endloop
  endfacet
  facet normal 0.980196 0.198031 0
    outer loop
      vertex -7.74799 3.03098 6
      vertex -7.77722 3.17566 4.79
      vertex -7.77722 3.17566 6
    endloop
  endfacet
  facet normal 0.980196 0.198031 0
    outer loop
      vertex -7.77722 3.17566 4.79
      vertex -7.74799 3.03098 6
      vertex -7.74799 3.03098 4.79
    endloop
  endfacet
  facet normal 0.963939 0.266124 0
    outer loop
      vertex -7.77722 3.17566 6
      vertex -7.8148 3.31178 4.79
      vertex -7.8148 3.31178 6
    endloop
  endfacet
  facet normal 0.963939 0.266124 0
    outer loop
      vertex -7.8148 3.31178 4.79
      vertex -7.77722 3.17566 6
      vertex -7.77722 3.17566 4.79
    endloop
  endfacet
  facet normal 0.941423 0.337229 0
    outer loop
      vertex -7.8148 3.31178 6
      vertex -7.86049 3.43933 4.79
      vertex -7.86049 3.43933 6
    endloop
  endfacet
  facet normal 0.941423 0.337229 0
    outer loop
      vertex -7.86049 3.43933 4.79
      vertex -7.8148 3.31178 6
      vertex -7.8148 3.31178 4.79
    endloop
  endfacet
  facet normal 0.912013 0.410161 0
    outer loop
      vertex -7.86049 3.43933 6
      vertex -7.91399 3.55829 4.79
      vertex -7.91399 3.55829 6
    endloop
  endfacet
  facet normal 0.912013 0.410161 0
    outer loop
      vertex -7.91399 3.55829 4.79
      vertex -7.86049 3.43933 6
      vertex -7.86049 3.43933 4.79
    endloop
  endfacet
  facet normal 0.874303 0.485381 0
    outer loop
      vertex -7.91399 3.55829 6
      vertex -7.97528 3.66869 4.79
      vertex -7.97528 3.66869 6
    endloop
  endfacet
  facet normal 0.874303 0.485381 0
    outer loop
      vertex -7.97528 3.66869 4.79
      vertex -7.91399 3.55829 6
      vertex -7.91399 3.55829 4.79
    endloop
  endfacet
  facet normal 0.827396 0.561619 0
    outer loop
      vertex -7.97528 3.66869 6
      vertex -8.0444 3.77052 4.79
      vertex -8.0444 3.77052 6
    endloop
  endfacet
  facet normal 0.827396 0.561619 0
    outer loop
      vertex -8.0444 3.77052 4.79
      vertex -7.97528 3.66869 6
      vertex -7.97528 3.66869 4.79
    endloop
  endfacet
  facet normal 0.771452 0.636287 0
    outer loop
      vertex -8.0444 3.77052 6
      vertex -8.12132 3.86378 4.79
      vertex -8.12132 3.86378 6
    endloop
  endfacet
  facet normal 0.771452 0.636287 0
    outer loop
      vertex -8.12132 3.86378 4.79
      vertex -8.0444 3.77052 6
      vertex -8.0444 3.77052 4.79
    endloop
  endfacet
  facet normal 0.707232 0.706981 0
    outer loop
      vertex -8.12132 3.86378 6
      vertex -8.20586 3.94835 4.79
      vertex -8.20586 3.94835 6
    endloop
  endfacet
  facet normal 0.707232 0.706981 0
    outer loop
      vertex -8.20586 3.94835 4.79
      vertex -8.12132 3.86378 6
      vertex -8.12132 3.86378 4.79
    endloop
  endfacet
  facet normal 0.636328 0.771419 -0
    outer loop
      vertex -8.20586 3.94835 4.79
      vertex -8.29774 4.02414 6
      vertex -8.20586 3.94835 6
    endloop
  endfacet
  facet normal 0.636328 0.771419 0
    outer loop
      vertex -8.29774 4.02414 6
      vertex -8.20586 3.94835 4.79
      vertex -8.29774 4.02414 4.79
    endloop
  endfacet
  facet normal 0.559354 0.828929 -0
    outer loop
      vertex -8.29774 4.02414 4.79
      vertex -8.39703 4.09114 6
      vertex -8.29774 4.02414 6
    endloop
  endfacet
  facet normal 0.559354 0.828929 0
    outer loop
      vertex -8.39703 4.09114 6
      vertex -8.29774 4.02414 4.79
      vertex -8.39703 4.09114 4.79
    endloop
  endfacet
  facet normal 0.479054 0.877785 -0
    outer loop
      vertex -8.39703 4.09114 4.79
      vertex -8.50369 4.14935 6
      vertex -8.39703 4.09114 6
    endloop
  endfacet
  facet normal 0.479054 0.877785 0
    outer loop
      vertex -8.50369 4.14935 6
      vertex -8.39703 4.09114 4.79
      vertex -8.50369 4.14935 4.79
    endloop
  endfacet
  facet normal 0.39779 0.917476 -0
    outer loop
      vertex -8.50369 4.14935 4.79
      vertex -8.61772 4.19879 6
      vertex -8.50369 4.14935 6
    endloop
  endfacet
  facet normal 0.39779 0.917476 0
    outer loop
      vertex -8.61772 4.19879 6
      vertex -8.50369 4.14935 4.79
      vertex -8.61772 4.19879 4.79
    endloop
  endfacet
  facet normal 0.316861 0.948472 -0
    outer loop
      vertex -8.61772 4.19879 4.79
      vertex -8.73898 4.2393 6
      vertex -8.61772 4.19879 6
    endloop
  endfacet
  facet normal 0.316861 0.948472 0
    outer loop
      vertex -8.73898 4.2393 6
      vertex -8.61772 4.19879 4.79
      vertex -8.73898 4.2393 4.79
    endloop
  endfacet
  facet normal 0.238508 0.97114 -0
    outer loop
      vertex -8.73898 4.2393 4.79
      vertex -8.86728 4.27081 6
      vertex -8.73898 4.2393 6
    endloop
  endfacet
  facet normal 0.238508 0.97114 0
    outer loop
      vertex -8.86728 4.27081 6
      vertex -8.73898 4.2393 4.79
      vertex -8.86728 4.27081 4.79
    endloop
  endfacet
  facet normal 0.164044 0.986453 -0
    outer loop
      vertex -8.86728 4.27081 4.79
      vertex -9.00264 4.29332 6
      vertex -8.86728 4.27081 6
    endloop
  endfacet
  facet normal 0.164044 0.986453 0
    outer loop
      vertex -9.00264 4.29332 6
      vertex -8.86728 4.27081 4.79
      vertex -9.00264 4.29332 4.79
    endloop
  endfacet
  facet normal 0.0943868 0.995536 -0
    outer loop
      vertex -9.00264 4.29332 4.79
      vertex -9.14503 4.30682 6
      vertex -9.00264 4.29332 6
    endloop
  endfacet
  facet normal 0.0943868 0.995536 0
    outer loop
      vertex -9.14503 4.30682 6
      vertex -9.00264 4.29332 4.79
      vertex -9.14503 4.30682 4.79
    endloop
  endfacet
  facet normal 0.0301616 0.999545 -0
    outer loop
      vertex -9.14503 4.30682 4.79
      vertex -9.29449 4.31133 6
      vertex -9.14503 4.30682 6
    endloop
  endfacet
  facet normal 0.0301616 0.999545 0
    outer loop
      vertex -9.29449 4.31133 6
      vertex -9.14503 4.30682 4.79
      vertex -9.29449 4.31133 4.79
    endloop
  endfacet
  facet normal -0.0195152 0.99981 0
    outer loop
      vertex -9.29449 4.31133 4.79
      vertex -9.38927 4.30948 6
      vertex -9.29449 4.31133 6
    endloop
  endfacet
  facet normal -0.0195152 0.99981 0
    outer loop
      vertex -9.38927 4.30948 6
      vertex -9.29449 4.31133 4.79
      vertex -9.38927 4.30948 4.79
    endloop
  endfacet
  facet normal -0.0896204 0.995976 0
    outer loop
      vertex -15.4602 4.25735 4.79
      vertex -15.6319 4.2419 6
      vertex -15.4602 4.25735 6
    endloop
  endfacet
  facet normal -0.0896204 0.995976 0
    outer loop
      vertex -15.6319 4.2419 6
      vertex -15.4602 4.25735 4.79
      vertex -15.6319 4.2419 4.79
    endloop
  endfacet
  facet normal -0.157859 0.987462 0
    outer loop
      vertex -15.6319 4.2419 4.79
      vertex -15.7931 4.21613 6
      vertex -15.6319 4.2419 6
    endloop
  endfacet
  facet normal -0.157859 0.987462 0
    outer loop
      vertex -15.7931 4.21613 6
      vertex -15.6319 4.2419 4.79
      vertex -15.7931 4.21613 4.79
    endloop
  endfacet
  facet normal -0.233129 0.972446 0
    outer loop
      vertex -15.7931 4.21613 4.79
      vertex -15.9436 4.18005 6
      vertex -15.7931 4.21613 6
    endloop
  endfacet
  facet normal -0.233129 0.972446 0
    outer loop
      vertex -15.9436 4.18005 6
      vertex -15.7931 4.21613 4.79
      vertex -15.9436 4.18005 4.79
    endloop
  endfacet
  facet normal -0.314883 0.94913 0
    outer loop
      vertex -15.9436 4.18005 4.79
      vertex -16.0834 4.13367 6
      vertex -15.9436 4.18005 6
    endloop
  endfacet
  facet normal -0.314883 0.94913 0
    outer loop
      vertex -16.0834 4.13367 6
      vertex -15.9436 4.18005 4.79
      vertex -16.0834 4.13367 4.79
    endloop
  endfacet
  facet normal -0.395679 0.918389 0
    outer loop
      vertex -16.0834 4.13367 4.79
      vertex -16.2131 4.07779 6
      vertex -16.0834 4.13367 6
    endloop
  endfacet
  facet normal -0.395679 0.918389 0
    outer loop
      vertex -16.2131 4.07779 6
      vertex -16.0834 4.13367 4.79
      vertex -16.2131 4.07779 4.79
    endloop
  endfacet
  facet normal -0.473479 0.880805 0
    outer loop
      vertex -16.2131 4.07779 4.79
      vertex -16.3332 4.01323 6
      vertex -16.2131 4.07779 6
    endloop
  endfacet
  facet normal -0.473479 0.880805 0
    outer loop
      vertex -16.3332 4.01323 6
      vertex -16.2131 4.07779 4.79
      vertex -16.3332 4.01323 4.79
    endloop
  endfacet
  facet normal -0.552765 0.833337 0
    outer loop
      vertex -16.3332 4.01323 4.79
      vertex -16.4436 3.94 6
      vertex -16.3332 4.01323 6
    endloop
  endfacet
  facet normal -0.552765 0.833337 0
    outer loop
      vertex -16.4436 3.94 6
      vertex -16.3332 4.01323 4.79
      vertex -16.4436 3.94 4.79
    endloop
  endfacet
  facet normal -0.631016 0.77577 0
    outer loop
      vertex -16.4436 3.94 4.79
      vertex -16.5443 3.85809 6
      vertex -16.4436 3.94 6
    endloop
  endfacet
  facet normal -0.631016 0.77577 0
    outer loop
      vertex -16.5443 3.85809 6
      vertex -16.4436 3.94 4.79
      vertex -16.5443 3.85809 4.79
    endloop
  endfacet
  facet normal -0.705119 0.709089 0
    outer loop
      vertex -16.5443 3.85809 4.79
      vertex -16.6354 3.7675 6
      vertex -16.5443 3.85809 6
    endloop
  endfacet
  facet normal -0.705119 0.709089 0
    outer loop
      vertex -16.6354 3.7675 6
      vertex -16.5443 3.85809 4.79
      vertex -16.6354 3.7675 4.79
    endloop
  endfacet
  facet normal -0.770993 0.636843 0
    outer loop
      vertex -16.7171 3.66859 4.79
      vertex -16.6354 3.7675 6
      vertex -16.6354 3.7675 4.79
    endloop
  endfacet
  facet normal -0.770993 0.636843 0
    outer loop
      vertex -16.6354 3.7675 6
      vertex -16.7171 3.66859 4.79
      vertex -16.7171 3.66859 6
    endloop
  endfacet
  facet normal -0.827037 0.562147 0
    outer loop
      vertex -16.7897 3.56178 4.79
      vertex -16.7171 3.66859 6
      vertex -16.7171 3.66859 4.79
    endloop
  endfacet
  facet normal -0.827037 0.562147 0
    outer loop
      vertex -16.7171 3.66859 6
      vertex -16.7897 3.56178 4.79
      vertex -16.7897 3.56178 6
    endloop
  endfacet
  facet normal -0.874947 0.484218 0
    outer loop
      vertex -16.8532 3.44704 4.79
      vertex -16.7897 3.56178 6
      vertex -16.7897 3.56178 4.79
    endloop
  endfacet
  facet normal -0.874947 0.484218 0
    outer loop
      vertex -16.7897 3.56178 6
      vertex -16.8532 3.44704 4.79
      vertex -16.8532 3.44704 6
    endloop
  endfacet
  facet normal -0.914419 0.404769 0
    outer loop
      vertex -16.9075 3.32437 4.79
      vertex -16.8532 3.44704 6
      vertex -16.8532 3.44704 4.79
    endloop
  endfacet
  facet normal -0.914419 0.404769 0
    outer loop
      vertex -16.8532 3.44704 6
      vertex -16.9075 3.32437 4.79
      vertex -16.9075 3.32437 6
    endloop
  endfacet
  facet normal -0.944764 0.327752 0
    outer loop
      vertex -16.9528 3.19379 4.79
      vertex -16.9075 3.32437 6
      vertex -16.9075 3.32437 4.79
    endloop
  endfacet
  facet normal -0.944764 0.327752 0
    outer loop
      vertex -16.9075 3.32437 6
      vertex -16.9528 3.19379 4.79
      vertex -16.9528 3.19379 6
    endloop
  endfacet
  facet normal -0.966393 0.257068 0
    outer loop
      vertex -16.9894 3.0562 4.79
      vertex -16.9528 3.19379 6
      vertex -16.9528 3.19379 4.79
    endloop
  endfacet
  facet normal -0.966393 0.257068 0
    outer loop
      vertex -16.9528 3.19379 6
      vertex -16.9894 3.0562 4.79
      vertex -16.9894 3.0562 6
    endloop
  endfacet
  facet normal -0.980882 0.194606 0
    outer loop
      vertex -17.0179 2.91255 4.79
      vertex -16.9894 3.0562 6
      vertex -16.9894 3.0562 4.79
    endloop
  endfacet
  facet normal -0.980882 0.194606 0
    outer loop
      vertex -16.9894 3.0562 6
      vertex -17.0179 2.91255 4.79
      vertex -17.0179 2.91255 6
    endloop
  endfacet
  facet normal -0.990934 0.134348 0
    outer loop
      vertex -17.0382 2.76282 4.79
      vertex -17.0179 2.91255 6
      vertex -17.0179 2.91255 4.79
    endloop
  endfacet
  facet normal -0.990934 0.134348 0
    outer loop
      vertex -17.0179 2.91255 6
      vertex -17.0382 2.76282 4.79
      vertex -17.0382 2.76282 6
    endloop
  endfacet
  facet normal -0.996947 0.0780765 0
    outer loop
      vertex -17.0504 2.60704 4.79
      vertex -17.0382 2.76282 6
      vertex -17.0382 2.76282 4.79
    endloop
  endfacet
  facet normal -0.996947 0.0780765 0
    outer loop
      vertex -17.0382 2.76282 6
      vertex -17.0504 2.60704 4.79
      vertex -17.0504 2.60704 6
    endloop
  endfacet
  facet normal -0.999679 0.0253193 0
    outer loop
      vertex -17.0545 2.44516 4.79
      vertex -17.0504 2.60704 6
      vertex -17.0504 2.60704 4.79
    endloop
  endfacet
  facet normal -0.999679 0.0253193 0
    outer loop
      vertex -17.0504 2.60704 6
      vertex -17.0545 2.44516 4.79
      vertex -17.0545 2.44516 6
    endloop
  endfacet
  facet normal -0.999726 -0.0234048 0
    outer loop
      vertex -17.0504 2.27003 4.79
      vertex -17.0545 2.44516 6
      vertex -17.0545 2.44516 4.79
    endloop
  endfacet
  facet normal -0.999726 -0.0234048 0
    outer loop
      vertex -17.0545 2.44516 6
      vertex -17.0504 2.27003 4.79
      vertex -17.0504 2.27003 6
    endloop
  endfacet
  facet normal -0.997282 -0.0736804 0
    outer loop
      vertex -17.0382 2.1049 4.79
      vertex -17.0504 2.27003 6
      vertex -17.0504 2.27003 4.79
    endloop
  endfacet
  facet normal -0.997282 -0.0736804 0
    outer loop
      vertex -17.0504 2.27003 6
      vertex -17.0382 2.1049 4.79
      vertex -17.0382 2.1049 6
    endloop
  endfacet
  facet normal -0.991549 -0.129735 0
    outer loop
      vertex -17.0179 1.94975 4.79
      vertex -17.0382 2.1049 6
      vertex -17.0382 2.1049 4.79
    endloop
  endfacet
  facet normal -0.991549 -0.129735 0
    outer loop
      vertex -17.0382 2.1049 6
      vertex -17.0179 1.94975 4.79
      vertex -17.0179 1.94975 6
    endloop
  endfacet
  facet normal -0.981269 -0.192644 0
    outer loop
      vertex -16.9894 1.80458 4.79
      vertex -17.0179 1.94975 6
      vertex -17.0179 1.94975 4.79
    endloop
  endfacet
  facet normal -0.981269 -0.192644 0
    outer loop
      vertex -17.0179 1.94975 6
      vertex -16.9894 1.80458 4.79
      vertex -16.9894 1.80458 6
    endloop
  endfacet
  facet normal -0.965247 -0.261341 0
    outer loop
      vertex -16.9528 1.6694 4.79
      vertex -16.9894 1.80458 6
      vertex -16.9894 1.80458 4.79
    endloop
  endfacet
  facet normal -0.965247 -0.261341 0
    outer loop
      vertex -16.9894 1.80458 6
      vertex -16.9528 1.6694 4.79
      vertex -16.9528 1.6694 6
    endloop
  endfacet
  facet normal -0.94192 -0.335838 0
    outer loop
      vertex -16.908 1.54375 4.79
      vertex -16.9528 1.6694 6
      vertex -16.9528 1.6694 4.79
    endloop
  endfacet
  facet normal -0.94192 -0.335838 0
    outer loop
      vertex -16.9528 1.6694 6
      vertex -16.908 1.54375 4.79
      vertex -16.908 1.54375 6
    endloop
  endfacet
  facet normal -0.910567 -0.413361 0
    outer loop
      vertex -16.8551 1.42722 4.79
      vertex -16.908 1.54375 6
      vertex -16.908 1.54375 4.79
    endloop
  endfacet
  facet normal -0.910567 -0.413361 0
    outer loop
      vertex -16.908 1.54375 6
      vertex -16.8551 1.42722 4.79
      vertex -16.8551 1.42722 6
    endloop
  endfacet
  facet normal -0.869555 -0.493836 0
    outer loop
      vertex -16.7941 1.31981 4.79
      vertex -16.8551 1.42722 6
      vertex -16.8551 1.42722 4.79
    endloop
  endfacet
  facet normal -0.869555 -0.493836 0
    outer loop
      vertex -16.8551 1.42722 6
      vertex -16.7941 1.31981 4.79
      vertex -16.7941 1.31981 6
    endloop
  endfacet
  facet normal -0.817732 -0.575598 0
    outer loop
      vertex -16.7249 1.2215 4.79
      vertex -16.7941 1.31981 6
      vertex -16.7941 1.31981 4.79
    endloop
  endfacet
  facet normal -0.817732 -0.575598 0
    outer loop
      vertex -16.7941 1.31981 6
      vertex -16.7249 1.2215 4.79
      vertex -16.7249 1.2215 6
    endloop
  endfacet
  facet normal -0.755644 -0.654982 0
    outer loop
      vertex -16.6476 1.13232 4.79
      vertex -16.7249 1.2215 6
      vertex -16.7249 1.2215 4.79
    endloop
  endfacet
  facet normal -0.755644 -0.654982 0
    outer loop
      vertex -16.7249 1.2215 6
      vertex -16.6476 1.13232 4.79
      vertex -16.6476 1.13232 6
    endloop
  endfacet
  facet normal -0.684747 -0.728781 0
    outer loop
      vertex -16.6476 1.13232 4.79
      vertex -16.5622 1.05208 6
      vertex -16.6476 1.13232 6
    endloop
  endfacet
  facet normal -0.684747 -0.728781 -0
    outer loop
      vertex -16.5622 1.05208 6
      vertex -16.6476 1.13232 4.79
      vertex -16.5622 1.05208 4.79
    endloop
  endfacet
  facet normal -0.60682 -0.794839 0
    outer loop
      vertex -16.5622 1.05208 4.79
      vertex -16.4686 0.980621 6
      vertex -16.5622 1.05208 6
    endloop
  endfacet
  facet normal -0.60682 -0.794839 -0
    outer loop
      vertex -16.4686 0.980621 6
      vertex -16.5622 1.05208 4.79
      vertex -16.4686 0.980621 4.79
    endloop
  endfacet
  facet normal -0.524604 -0.851347 0
    outer loop
      vertex -16.4686 0.980621 4.79
      vertex -16.3669 0.917953 6
      vertex -16.4686 0.980621 6
    endloop
  endfacet
  facet normal -0.524604 -0.851347 -0
    outer loop
      vertex -16.3669 0.917953 6
      vertex -16.4686 0.980621 4.79
      vertex -16.3669 0.917953 4.79
    endloop
  endfacet
  facet normal -0.440094 -0.897952 0
    outer loop
      vertex -16.3669 0.917953 4.79
      vertex -16.257 0.86409 6
      vertex -16.3669 0.917953 6
    endloop
  endfacet
  facet normal -0.440094 -0.897952 -0
    outer loop
      vertex -16.257 0.86409 6
      vertex -16.3669 0.917953 4.79
      vertex -16.257 0.86409 4.79
    endloop
  endfacet
  facet normal -0.356947 -0.934125 0
    outer loop
      vertex -16.257 0.86409 4.79
      vertex -16.139 0.819 6
      vertex -16.257 0.86409 6
    endloop
  endfacet
  facet normal -0.356947 -0.934125 -0
    outer loop
      vertex -16.139 0.819 6
      vertex -16.257 0.86409 4.79
      vertex -16.139 0.819 4.79
    endloop
  endfacet
  facet normal -0.27889 -0.960323 0
    outer loop
      vertex -16.139 0.819 4.79
      vertex -16.0129 0.782379 6
      vertex -16.139 0.819 6
    endloop
  endfacet
  facet normal -0.27889 -0.960323 -0
    outer loop
      vertex -16.0129 0.782379 6
      vertex -16.139 0.819 4.79
      vertex -16.0129 0.782379 4.79
    endloop
  endfacet
  facet normal -0.2074 -0.978256 0
    outer loop
      vertex -16.0129 0.782379 4.79
      vertex -15.8786 0.753906 6
      vertex -16.0129 0.782379 6
    endloop
  endfacet
  facet normal -0.2074 -0.978256 -0
    outer loop
      vertex -15.8786 0.753906 6
      vertex -16.0129 0.782379 4.79
      vertex -15.8786 0.753906 4.79
    endloop
  endfacet
  facet normal -0.141504 -0.989938 0
    outer loop
      vertex -15.8786 0.753906 4.79
      vertex -15.7362 0.733551 6
      vertex -15.8786 0.753906 6
    endloop
  endfacet
  facet normal -0.141504 -0.989938 -0
    outer loop
      vertex -15.7362 0.733551 6
      vertex -15.8786 0.753906 4.79
      vertex -15.7362 0.733551 4.79
    endloop
  endfacet
  facet normal -0.0808441 -0.996727 0
    outer loop
      vertex -15.7362 0.733551 4.79
      vertex -15.5857 0.721344 6
      vertex -15.7362 0.733551 6
    endloop
  endfacet
  facet normal -0.0808441 -0.996727 -0
    outer loop
      vertex -15.5857 0.721344 6
      vertex -15.7362 0.733551 4.79
      vertex -15.5857 0.721344 4.79
    endloop
  endfacet
  facet normal -0.0255682 -0.999673 0
    outer loop
      vertex -15.5857 0.721344 4.79
      vertex -15.427 0.717285 6
      vertex -15.5857 0.721344 6
    endloop
  endfacet
  facet normal -0.0255682 -0.999673 -0
    outer loop
      vertex -15.427 0.717285 6
      vertex -15.5857 0.721344 4.79
      vertex -15.427 0.717285 4.79
    endloop
  endfacet
  facet normal 0 -1 0
    outer loop
      vertex -15.427 0.717285 4.79
      vertex -14.3773 0.717285 6
      vertex -15.427 0.717285 6
    endloop
  endfacet
  facet normal 0 -1 -0
    outer loop
      vertex -14.3773 0.717285 6
      vertex -15.427 0.717285 4.79
      vertex -14.3773 0.717285 4.79
    endloop
  endfacet
  facet normal 1 -0 0
    outer loop
      vertex -14.3773 0.717285 6
      vertex -14.3773 4.2625 4.79
      vertex -14.3773 4.2625 6
    endloop
  endfacet
  facet normal 1 0 0
    outer loop
      vertex -14.3773 4.2625 4.79
      vertex -14.3773 0.717285 6
      vertex -14.3773 0.717285 4.79
    endloop
  endfacet
  facet normal 0 1 -0
    outer loop
      vertex -14.3773 4.2625 4.79
      vertex -15.2778 4.2625 6
      vertex -14.3773 4.2625 6
    endloop
  endfacet
  facet normal 0 1 0
    outer loop
      vertex -15.2778 4.2625 6
      vertex -14.3773 4.2625 4.79
      vertex -15.2778 4.2625 4.79
    endloop
  endfacet
  facet normal -0.0282234 0.999602 0
    outer loop
      vertex -15.2778 4.2625 4.79
      vertex -15.4602 4.25735 6
      vertex -15.2778 4.2625 6
    endloop
  endfacet
  facet normal -0.0282234 0.999602 0
    outer loop
      vertex -15.4602 4.25735 6
      vertex -15.2778 4.2625 4.79
      vertex -15.4602 4.25735 4.79
    endloop
  endfacet
  facet normal -1 0 0
    outer loop
      vertex -15.0445 1.27605 4.79
      vertex -15.0445 3.70375 6
      vertex -15.0445 3.70375 4.79
    endloop
  endfacet
  facet normal -1 -0 0
    outer loop
      vertex -15.0445 3.70375 6
      vertex -15.0445 1.27605 4.79
      vertex -15.0445 1.27605 6
    endloop
  endfacet
  facet normal 0 1 -0
    outer loop
      vertex -15.0445 1.27605 4.79
      vertex -15.3836 1.27605 6
      vertex -15.0445 1.27605 6
    endloop
  endfacet
  facet normal 0 1 0
    outer loop
      vertex -15.3836 1.27605 6
      vertex -15.0445 1.27605 4.79
      vertex -15.3836 1.27605 4.79
    endloop
  endfacet
  facet normal 0.030646 0.99953 -0
    outer loop
      vertex -15.3836 1.27605 4.79
      vertex -15.4896 1.2793 6
      vertex -15.3836 1.27605 6
    endloop
  endfacet
  facet normal 0.030646 0.99953 0
    outer loop
      vertex -15.4896 1.2793 6
      vertex -15.3836 1.27605 4.79
      vertex -15.4896 1.2793 4.79
    endloop
  endfacet
  facet normal 0.0983069 0.995156 -0
    outer loop
      vertex -15.4896 1.2793 4.79
      vertex -15.5884 1.28906 6
      vertex -15.4896 1.2793 6
    endloop
  endfacet
  facet normal 0.0983069 0.995156 0
    outer loop
      vertex -15.5884 1.28906 6
      vertex -15.4896 1.2793 4.79
      vertex -15.5884 1.28906 4.79
    endloop
  endfacet
  facet normal 0.174802 0.984604 -0
    outer loop
      vertex -15.5884 1.28906 4.79
      vertex -15.6801 1.30534 6
      vertex -15.5884 1.28906 6
    endloop
  endfacet
  facet normal 0.174802 0.984604 0
    outer loop
      vertex -15.6801 1.30534 6
      vertex -15.5884 1.28906 4.79
      vertex -15.6801 1.30534 4.79
    endloop
  endfacet
  facet normal 0.260506 0.965472 -0
    outer loop
      vertex -15.6801 1.30534 4.79
      vertex -15.7646 1.32814 6
      vertex -15.6801 1.30534 6
    endloop
  endfacet
  facet normal 0.260506 0.965472 0
    outer loop
      vertex -15.7646 1.32814 6
      vertex -15.6801 1.30534 4.79
      vertex -15.7646 1.32814 4.79
    endloop
  endfacet
  facet normal 0.354035 0.935232 -0
    outer loop
      vertex -15.7646 1.32814 4.79
      vertex -15.842 1.35744 6
      vertex -15.7646 1.32814 6
    endloop
  endfacet
  facet normal 0.354035 0.935232 0
    outer loop
      vertex -15.842 1.35744 6
      vertex -15.7646 1.32814 4.79
      vertex -15.842 1.35744 4.79
    endloop
  endfacet
  facet normal 0.448526 0.89377 -0
    outer loop
      vertex -15.842 1.35744 4.79
      vertex -15.9128 1.39297 6
      vertex -15.842 1.35744 6
    endloop
  endfacet
  facet normal 0.448526 0.89377 0
    outer loop
      vertex -15.9128 1.39297 6
      vertex -15.842 1.35744 4.79
      vertex -15.9128 1.39297 4.79
    endloop
  endfacet
  facet normal 0.53922 0.842165 -0
    outer loop
      vertex -15.9128 1.39297 4.79
      vertex -15.9776 1.43446 6
      vertex -15.9128 1.39297 6
    endloop
  endfacet
  facet normal 0.53922 0.842165 0
    outer loop
      vertex -15.9776 1.43446 6
      vertex -15.9128 1.39297 4.79
      vertex -15.9776 1.43446 4.79
    endloop
  endfacet
  facet normal 0.627672 0.778478 -0
    outer loop
      vertex -15.9776 1.43446 4.79
      vertex -16.0365 1.48195 6
      vertex -15.9776 1.43446 6
    endloop
  endfacet
  facet normal 0.627672 0.778478 0
    outer loop
      vertex -16.0365 1.48195 6
      vertex -15.9776 1.43446 4.79
      vertex -16.0365 1.48195 4.79
    endloop
  endfacet
  facet normal 0.710688 0.703507 0
    outer loop
      vertex -16.0365 1.48195 6
      vertex -16.0894 1.53539 4.79
      vertex -16.0894 1.53539 6
    endloop
  endfacet
  facet normal 0.710688 0.703507 0
    outer loop
      vertex -16.0894 1.53539 4.79
      vertex -16.0365 1.48195 6
      vertex -16.0365 1.48195 4.79
    endloop
  endfacet
  facet normal 0.7849 0.619623 0
    outer loop
      vertex -16.0894 1.53539 6
      vertex -16.1363 1.5948 4.79
      vertex -16.1363 1.5948 6
    endloop
  endfacet
  facet normal 0.7849 0.619623 0
    outer loop
      vertex -16.1363 1.5948 4.79
      vertex -16.0894 1.53539 6
      vertex -16.0894 1.53539 4.79
    endloop
  endfacet
  facet normal 0.843971 0.536389 0
    outer loop
      vertex -16.1363 1.5948 6
      vertex -16.1777 1.65994 4.79
      vertex -16.1777 1.65994 6
    endloop
  endfacet
  facet normal 0.843971 0.536389 0
    outer loop
      vertex -16.1777 1.65994 4.79
      vertex -16.1363 1.5948 6
      vertex -16.1363 1.5948 4.79
    endloop
  endfacet
  facet normal 0.889595 0.456751 0
    outer loop
      vertex -16.1777 1.65994 6
      vertex -16.214 1.73064 4.79
      vertex -16.214 1.73064 6
    endloop
  endfacet
  facet normal 0.889595 0.456751 0
    outer loop
      vertex -16.214 1.73064 4.79
      vertex -16.1777 1.65994 6
      vertex -16.1777 1.65994 4.79
    endloop
  endfacet
  facet normal 0.925448 0.378874 0
    outer loop
      vertex -16.214 1.73064 6
      vertex -16.2452 1.80685 4.79
      vertex -16.2452 1.80685 6
    endloop
  endfacet
  facet normal 0.925448 0.378874 0
    outer loop
      vertex -16.2452 1.80685 4.79
      vertex -16.214 1.73064 6
      vertex -16.214 1.73064 4.79
    endloop
  endfacet
  facet normal 0.952627 0.304141 0
    outer loop
      vertex -16.2452 1.80685 6
      vertex -16.2713 1.8886 4.79
      vertex -16.2713 1.8886 6
    endloop
  endfacet
  facet normal 0.952627 0.304141 0
    outer loop
      vertex -16.2713 1.8886 4.79
      vertex -16.2452 1.80685 6
      vertex -16.2452 1.80685 4.79
    endloop
  endfacet
  facet normal 0.972254 0.233929 0
    outer loop
      vertex -16.2713 1.8886 6
      vertex -16.2923 1.97588 4.79
      vertex -16.2923 1.97588 6
    endloop
  endfacet
  facet normal 0.972254 0.233929 0
    outer loop
      vertex -16.2923 1.97588 4.79
      vertex -16.2713 1.8886 6
      vertex -16.2713 1.8886 4.79
    endloop
  endfacet
  facet normal 0.984289 0.176564 0
    outer loop
      vertex -16.2923 1.97588 6
      vertex -16.3089 2.06842 4.79
      vertex -16.3089 2.06842 6
    endloop
  endfacet
  facet normal 0.984289 0.176564 0
    outer loop
      vertex -16.3089 2.06842 4.79
      vertex -16.2923 1.97588 6
      vertex -16.2923 1.97588 4.79
    endloop
  endfacet
  facet normal 0.991369 0.131099 0
    outer loop
      vertex -16.3089 2.06842 6
      vertex -16.3218 2.16597 4.79
      vertex -16.3218 2.16597 6
    endloop
  endfacet
  facet normal 0.991369 0.131099 0
    outer loop
      vertex -16.3218 2.16597 4.79
      vertex -16.3089 2.06842 6
      vertex -16.3089 2.06842 4.79
    endloop
  endfacet
  facet normal 0.995999 0.0893621 0
    outer loop
      vertex -16.3218 2.16597 6
      vertex -16.331 2.26851 4.79
      vertex -16.331 2.26851 6
    endloop
  endfacet
  facet normal 0.995999 0.0893621 0
    outer loop
      vertex -16.331 2.26851 4.79
      vertex -16.3218 2.16597 6
      vertex -16.3218 2.16597 4.79
    endloop
  endfacet
  facet normal 0.998694 0.0510817 0
    outer loop
      vertex -16.331 2.26851 6
      vertex -16.3365 2.37604 4.79
      vertex -16.3365 2.37604 6
    endloop
  endfacet
  facet normal 0.998694 0.0510817 0
    outer loop
      vertex -16.3365 2.37604 4.79
      vertex -16.331 2.26851 6
      vertex -16.331 2.26851 4.79
    endloop
  endfacet
  facet normal 0.999857 0.0168835 0
    outer loop
      vertex -16.3365 2.37604 6
      vertex -16.3384 2.48856 4.79
      vertex -16.3384 2.48856 6
    endloop
  endfacet
  facet normal 0.999857 0.0168835 0
    outer loop
      vertex -16.3384 2.48856 4.79
      vertex -16.3365 2.37604 6
      vertex -16.3365 2.37604 4.79
    endloop
  endfacet
  facet normal 0.999085 -0.042773 0
    outer loop
      vertex -16.3384 2.48856 6
      vertex -16.3282 2.72681 4.79
      vertex -16.3282 2.72681 6
    endloop
  endfacet
  facet normal 0.999085 -0.042773 0
    outer loop
      vertex -16.3282 2.72681 4.79
      vertex -16.3384 2.48856 6
      vertex -16.3384 2.48856 4.79
    endloop
  endfacet
  facet normal 0.989681 -0.143289 0
    outer loop
      vertex -16.3282 2.72681 6
      vertex -16.2976 2.93816 4.79
      vertex -16.2976 2.93816 6
    endloop
  endfacet
  facet normal 0.989681 -0.143289 0
    outer loop
      vertex -16.2976 2.93816 4.79
      vertex -16.3282 2.72681 6
      vertex -16.3282 2.72681 4.79
    endloop
  endfacet
  facet normal 0.963832 -0.266512 0
    outer loop
      vertex -16.2976 2.93816 6
      vertex -16.2466 3.1226 4.79
      vertex -16.2466 3.1226 6
    endloop
  endfacet
  facet normal 0.963832 -0.266512 0
    outer loop
      vertex -16.2466 3.1226 4.79
      vertex -16.2976 2.93816 6
      vertex -16.2976 2.93816 4.79
    endloop
  endfacet
  facet normal 0.910831 -0.412779 0
    outer loop
      vertex -16.2466 3.1226 6
      vertex -16.1752 3.28015 4.79
      vertex -16.1752 3.28015 6
    endloop
  endfacet
  facet normal 0.910831 -0.412779 0
    outer loop
      vertex -16.1752 3.28015 4.79
      vertex -16.2466 3.1226 6
      vertex -16.2466 3.1226 4.79
    endloop
  endfacet
  facet normal 0.818174 -0.57497 0
    outer loop
      vertex -16.1752 3.28015 6
      vertex -16.0834 3.41078 4.79
      vertex -16.0834 3.41078 6
    endloop
  endfacet
  facet normal 0.818174 -0.57497 0
    outer loop
      vertex -16.0834 3.41078 4.79
      vertex -16.1752 3.28015 6
      vertex -16.1752 3.28015 4.79
    endloop
  endfacet
  facet normal 0.687515 -0.72617 0
    outer loop
      vertex -16.0834 3.41078 4.79
      vertex -15.972 3.51625 6
      vertex -16.0834 3.41078 6
    endloop
  endfacet
  facet normal 0.687515 -0.72617 0
    outer loop
      vertex -15.972 3.51625 6
      vertex -16.0834 3.41078 4.79
      vertex -15.972 3.51625 4.79
    endloop
  endfacet
  facet normal 0.532763 -0.846264 0
    outer loop
      vertex -15.972 3.51625 4.79
      vertex -15.8417 3.59828 6
      vertex -15.972 3.51625 6
    endloop
  endfacet
  facet normal 0.532763 -0.846264 0
    outer loop
      vertex -15.8417 3.59828 6
      vertex -15.972 3.51625 4.79
      vertex -15.8417 3.59828 4.79
    endloop
  endfacet
  facet normal 0.365575 -0.930782 0
    outer loop
      vertex -15.8417 3.59828 4.79
      vertex -15.6925 3.65688 6
      vertex -15.8417 3.59828 6
    endloop
  endfacet
  facet normal 0.365575 -0.930782 0
    outer loop
      vertex -15.6925 3.65688 6
      vertex -15.8417 3.59828 4.79
      vertex -15.6925 3.65688 4.79
    endloop
  endfacet
  facet normal 0.204675 -0.97883 0
    outer loop
      vertex -15.6925 3.65688 4.79
      vertex -15.5244 3.69203 6
      vertex -15.6925 3.65688 6
    endloop
  endfacet
  facet normal 0.204675 -0.97883 0
    outer loop
      vertex -15.5244 3.69203 6
      vertex -15.6925 3.65688 4.79
      vertex -15.5244 3.69203 4.79
    endloop
  endfacet
  facet normal 0.0625844 -0.99804 0
    outer loop
      vertex -15.5244 3.69203 4.79
      vertex -15.3375 3.70375 6
      vertex -15.5244 3.69203 6
    endloop
  endfacet
  facet normal 0.0625844 -0.99804 0
    outer loop
      vertex -15.3375 3.70375 6
      vertex -15.5244 3.69203 4.79
      vertex -15.3375 3.70375 4.79
    endloop
  endfacet
  facet normal 0 -1 0
    outer loop
      vertex -15.3375 3.70375 4.79
      vertex -15.0445 3.70375 6
      vertex -15.3375 3.70375 6
    endloop
  endfacet
  facet normal 0 -1 -0
    outer loop
      vertex -15.0445 3.70375 6
      vertex -15.3375 3.70375 4.79
      vertex -15.0445 3.70375 4.79
    endloop
  endfacet
  facet normal 0 1 -0
    outer loop
      vertex 12.7108 2.79503 4.79
      vertex 12.5833 2.79503 6
      vertex 12.7108 2.79503 6
    endloop
  endfacet
  facet normal 0 1 0
    outer loop
      vertex 12.5833 2.79503 6
      vertex 12.7108 2.79503 4.79
      vertex 12.5833 2.79503 4.79
    endloop
  endfacet
  facet normal 0.0497129 0.998764 -0
    outer loop
      vertex 12.5833 2.79503 4.79
      vertex 12.5168 2.79834 6
      vertex 12.5833 2.79503 6
    endloop
  endfacet
  facet normal 0.0497129 0.998764 0
    outer loop
      vertex 12.5168 2.79834 6
      vertex 12.5833 2.79503 4.79
      vertex 12.5168 2.79834 4.79
    endloop
  endfacet
  facet normal 0.155697 0.987805 -0
    outer loop
      vertex 12.5168 2.79834 4.79
      vertex 12.4538 2.80827 6
      vertex 12.5168 2.79834 6
    endloop
  endfacet
  facet normal 0.155697 0.987805 0
    outer loop
      vertex 12.4538 2.80827 6
      vertex 12.5168 2.79834 4.79
      vertex 12.4538 2.80827 4.79
    endloop
  endfacet
  facet normal 0.268246 0.96335 -0
    outer loop
      vertex 12.4538 2.80827 4.79
      vertex 12.3944 2.82481 6
      vertex 12.4538 2.80827 6
    endloop
  endfacet
  facet normal 0.268246 0.96335 0
    outer loop
      vertex 12.3944 2.82481 6
      vertex 12.4538 2.80827 4.79
      vertex 12.3944 2.82481 4.79
    endloop
  endfacet
  facet normal 0.383628 0.923488 -0
    outer loop
      vertex 12.3944 2.82481 4.79
      vertex 12.3386 2.84799 6
      vertex 12.3944 2.82481 6
    endloop
  endfacet
  facet normal 0.383628 0.923488 0
    outer loop
      vertex 12.3386 2.84799 6
      vertex 12.3944 2.82481 4.79
      vertex 12.3386 2.84799 4.79
    endloop
  endfacet
  facet normal 0.49494 0.868927 -0
    outer loop
      vertex 12.3386 2.84799 4.79
      vertex 12.2863 2.87778 6
      vertex 12.3386 2.84799 6
    endloop
  endfacet
  facet normal 0.49494 0.868927 0
    outer loop
      vertex 12.2863 2.87778 6
      vertex 12.3386 2.84799 4.79
      vertex 12.2863 2.87778 4.79
    endloop
  endfacet
  facet normal 0.60159 0.798805 -0
    outer loop
      vertex 12.2863 2.87778 4.79
      vertex 12.2381 2.91408 6
      vertex 12.2863 2.87778 6
    endloop
  endfacet
  facet normal 0.60159 0.798805 0
    outer loop
      vertex 12.2381 2.91408 6
      vertex 12.2863 2.87778 4.79
      vertex 12.2381 2.91408 4.79
    endloop
  endfacet
  facet normal 0.697974 0.716123 -0
    outer loop
      vertex 12.2381 2.91408 4.79
      vertex 12.1943 2.95677 6
      vertex 12.2381 2.91408 6
    endloop
  endfacet
  facet normal 0.697974 0.716123 0
    outer loop
      vertex 12.1943 2.95677 6
      vertex 12.2381 2.91408 4.79
      vertex 12.1943 2.95677 4.79
    endloop
  endfacet
  facet normal 0.780652 0.624967 0
    outer loop
      vertex 12.1943 2.95677 6
      vertex 12.155 3.00586 4.79
      vertex 12.155 3.00586 6
    endloop
  endfacet
  facet normal 0.780652 0.624967 0
    outer loop
      vertex 12.155 3.00586 4.79
      vertex 12.1943 2.95677 6
      vertex 12.1943 2.95677 4.79
    endloop
  endfacet
  facet normal 0.846538 0.532328 0
    outer loop
      vertex 12.155 3.00586 6
      vertex 12.1201 3.06136 4.79
      vertex 12.1201 3.06136 6
    endloop
  endfacet
  facet normal 0.846538 0.532328 0
    outer loop
      vertex 12.1201 3.06136 4.79
      vertex 12.155 3.00586 6
      vertex 12.155 3.00586 4.79
    endloop
  endfacet
  facet normal 0.89702 0.441989 0
    outer loop
      vertex 12.1201 3.06136 6
      vertex 12.0896 3.12326 4.79
      vertex 12.0896 3.12326 6
    endloop
  endfacet
  facet normal 0.89702 0.441989 0
    outer loop
      vertex 12.0896 3.12326 4.79
      vertex 12.1201 3.06136 6
      vertex 12.1201 3.06136 4.79
    endloop
  endfacet
  facet normal 0.915985 0.401212 0
    outer loop
      vertex 12.0896 3.12326 6
      vertex 11.5906 4.2625 4.79
      vertex 11.5906 4.2625 6
    endloop
  endfacet
  facet normal 0.915985 0.401212 0
    outer loop
      vertex 11.5906 4.2625 4.79
      vertex 12.0896 3.12326 6
      vertex 12.0896 3.12326 4.79
    endloop
  endfacet
  facet normal 0 1 -0
    outer loop
      vertex 11.5906 4.2625 4.79
      vertex 10.8066 4.2625 6
      vertex 11.5906 4.2625 6
    endloop
  endfacet
  facet normal 0 1 0
    outer loop
      vertex 10.8066 4.2625 6
      vertex 11.5906 4.2625 4.79
      vertex 10.8066 4.2625 4.79
    endloop
  endfacet
  facet normal -0.902492 -0.430706 0
    outer loop
      vertex 11.3736 3.07442 4.79
      vertex 10.8066 4.2625 6
      vertex 10.8066 4.2625 4.79
    endloop
  endfacet
  facet normal -0.902492 -0.430706 0
    outer loop
      vertex 10.8066 4.2625 6
      vertex 11.3736 3.07442 4.79
      vertex 11.3736 3.07442 6
    endloop
  endfacet
  facet normal -0.89451 -0.447049 0
    outer loop
      vertex 11.417 2.98758 4.79
      vertex 11.3736 3.07442 6
      vertex 11.3736 3.07442 4.79
    endloop
  endfacet
  facet normal -0.89451 -0.447049 0
    outer loop
      vertex 11.3736 3.07442 6
      vertex 11.417 2.98758 4.79
      vertex 11.417 2.98758 6
    endloop
  endfacet
  facet normal -0.874579 -0.484884 0
    outer loop
      vertex 11.4604 2.9093 4.79
      vertex 11.417 2.98758 6
      vertex 11.417 2.98758 4.79
    endloop
  endfacet
  facet normal -0.874579 -0.484884 0
    outer loop
      vertex 11.417 2.98758 6
      vertex 11.4604 2.9093 4.79
      vertex 11.4604 2.9093 6
    endloop
  endfacet
  facet normal -0.848887 -0.528575 0
    outer loop
      vertex 11.5038 2.8396 4.79
      vertex 11.4604 2.9093 6
      vertex 11.4604 2.9093 4.79
    endloop
  endfacet
  facet normal -0.848887 -0.528575 0
    outer loop
      vertex 11.4604 2.9093 6
      vertex 11.5038 2.8396 4.79
      vertex 11.5038 2.8396 6
    endloop
  endfacet
  facet normal -0.815442 -0.578839 0
    outer loop
      vertex 11.5472 2.77846 4.79
      vertex 11.5038 2.8396 6
      vertex 11.5038 2.8396 4.79
    endloop
  endfacet
  facet normal -0.815442 -0.578839 0
    outer loop
      vertex 11.5038 2.8396 6
      vertex 11.5472 2.77846 4.79
      vertex 11.5472 2.77846 6
    endloop
  endfacet
  facet normal -0.77104 -0.636787 0
    outer loop
      vertex 11.5906 2.72591 4.79
      vertex 11.5472 2.77846 6
      vertex 11.5472 2.77846 4.79
    endloop
  endfacet
  facet normal -0.77104 -0.636787 0
    outer loop
      vertex 11.5472 2.77846 6
      vertex 11.5906 2.72591 4.79
      vertex 11.5906 2.72591 6
    endloop
  endfacet
  facet normal -0.709732 -0.704472 0
    outer loop
      vertex 11.6348 2.68138 4.79
      vertex 11.5906 2.72591 6
      vertex 11.5906 2.72591 4.79
    endloop
  endfacet
  facet normal -0.709732 -0.704472 0
    outer loop
      vertex 11.5906 2.72591 6
      vertex 11.6348 2.68138 4.79
      vertex 11.6348 2.68138 6
    endloop
  endfacet
  facet normal -0.627375 -0.778717 0
    outer loop
      vertex 11.6348 2.68138 4.79
      vertex 11.6808 2.64432 6
      vertex 11.6348 2.68138 6
    endloop
  endfacet
  facet normal -0.627375 -0.778717 -0
    outer loop
      vertex 11.6808 2.64432 6
      vertex 11.6348 2.68138 4.79
      vertex 11.6808 2.64432 4.79
    endloop
  endfacet
  facet normal -0.526348 -0.850269 0
    outer loop
      vertex 11.6808 2.64432 4.79
      vertex 11.7286 2.61473 6
      vertex 11.6808 2.64432 6
    endloop
  endfacet
  facet normal -0.526348 -0.850269 -0
    outer loop
      vertex 11.7286 2.61473 6
      vertex 11.6808 2.64432 4.79
      vertex 11.7286 2.61473 4.79
    endloop
  endfacet
  facet normal -0.408058 -0.912956 0
    outer loop
      vertex 11.7286 2.61473 4.79
      vertex 11.778 2.59265 6
      vertex 11.7286 2.61473 6
    endloop
  endfacet
  facet normal -0.408058 -0.912956 -0
    outer loop
      vertex 11.778 2.59265 6
      vertex 11.7286 2.61473 4.79
      vertex 11.778 2.59265 4.79
    endloop
  endfacet
  facet normal -0.274572 -0.961566 0
    outer loop
      vertex 11.778 2.59265 4.79
      vertex 11.8292 2.57803 6
      vertex 11.778 2.59265 6
    endloop
  endfacet
  facet normal -0.274572 -0.961566 -0
    outer loop
      vertex 11.8292 2.57803 6
      vertex 11.778 2.59265 4.79
      vertex 11.8292 2.57803 4.79
    endloop
  endfacet
  facet normal -0.18497 0.982744 0
    outer loop
      vertex 11.8292 2.57803 4.79
      vertex 11.763 2.56557 6
      vertex 11.8292 2.57803 6
    endloop
  endfacet
  facet normal -0.18497 0.982744 0
    outer loop
      vertex 11.763 2.56557 6
      vertex 11.8292 2.57803 4.79
      vertex 11.763 2.56557 4.79
    endloop
  endfacet
  facet normal -0.237977 0.971271 0
    outer loop
      vertex 11.763 2.56557 4.79
      vertex 11.6988 2.54984 6
      vertex 11.763 2.56557 6
    endloop
  endfacet
  facet normal -0.237977 0.971271 0
    outer loop
      vertex 11.6988 2.54984 6
      vertex 11.763 2.56557 4.79
      vertex 11.6988 2.54984 4.79
    endloop
  endfacet
  facet normal -0.29243 0.956287 0
    outer loop
      vertex 11.6988 2.54984 4.79
      vertex 11.6367 2.53085 6
      vertex 11.6988 2.54984 6
    endloop
  endfacet
  facet normal -0.29243 0.956287 0
    outer loop
      vertex 11.6367 2.53085 6
      vertex 11.6988 2.54984 4.79
      vertex 11.6367 2.53085 4.79
    endloop
  endfacet
  facet normal -0.347559 0.937658 0
    outer loop
      vertex 11.6367 2.53085 4.79
      vertex 11.5767 2.50861 6
      vertex 11.6367 2.53085 6
    endloop
  endfacet
  facet normal -0.347559 0.937658 0
    outer loop
      vertex 11.5767 2.50861 6
      vertex 11.6367 2.53085 4.79
      vertex 11.5767 2.50861 4.79
    endloop
  endfacet
  facet normal -0.402342 0.91549 0
    outer loop
      vertex 11.5767 2.50861 4.79
      vertex 11.5187 2.48312 6
      vertex 11.5767 2.50861 6
    endloop
  endfacet
  facet normal -0.402342 0.91549 0
    outer loop
      vertex 11.5187 2.48312 6
      vertex 11.5767 2.50861 4.79
      vertex 11.5187 2.48312 4.79
    endloop
  endfacet
  facet normal -0.461252 0.887269 0
    outer loop
      vertex 11.5187 2.48312 4.79
      vertex 11.4633 2.45432 6
      vertex 11.5187 2.48312 6
    endloop
  endfacet
  facet normal -0.461252 0.887269 0
    outer loop
      vertex 11.4633 2.45432 6
      vertex 11.5187 2.48312 4.79
      vertex 11.4633 2.45432 4.79
    endloop
  endfacet
  facet normal -0.524652 0.851317 0
    outer loop
      vertex 11.4633 2.45432 4.79
      vertex 11.4111 2.42215 6
      vertex 11.4633 2.45432 6
    endloop
  endfacet
  facet normal -0.524652 0.851317 0
    outer loop
      vertex 11.4111 2.42215 6
      vertex 11.4633 2.45432 4.79
      vertex 11.4111 2.42215 4.79
    endloop
  endfacet
  facet normal -0.586129 0.810218 0
    outer loop
      vertex 11.4111 2.42215 4.79
      vertex 11.362 2.38663 6
      vertex 11.4111 2.42215 6
    endloop
  endfacet
  facet normal -0.586129 0.810218 0
    outer loop
      vertex 11.362 2.38663 6
      vertex 11.4111 2.42215 4.79
      vertex 11.362 2.38663 4.79
    endloop
  endfacet
  facet normal -0.645719 0.763575 0
    outer loop
      vertex 11.362 2.38663 4.79
      vertex 11.316 2.34773 6
      vertex 11.362 2.38663 6
    endloop
  endfacet
  facet normal -0.645719 0.763575 0
    outer loop
      vertex 11.316 2.34773 6
      vertex 11.362 2.38663 4.79
      vertex 11.316 2.34773 4.79
    endloop
  endfacet
  facet normal -0.702519 0.711665 0
    outer loop
      vertex 11.316 2.34773 4.79
      vertex 11.2732 2.30548 6
      vertex 11.316 2.34773 6
    endloop
  endfacet
  facet normal -0.702519 0.711665 0
    outer loop
      vertex 11.2732 2.30548 6
      vertex 11.316 2.34773 4.79
      vertex 11.2732 2.30548 4.79
    endloop
  endfacet
  facet normal -0.756957 0.653464 0
    outer loop
      vertex 11.2338 2.25984 4.79
      vertex 11.2732 2.30548 6
      vertex 11.2732 2.30548 4.79
    endloop
  endfacet
  facet normal -0.756957 0.653464 0
    outer loop
      vertex 11.2732 2.30548 6
      vertex 11.2338 2.25984 4.79
      vertex 11.2338 2.25984 6
    endloop
  endfacet
  facet normal -0.808122 0.589015 0
    outer loop
      vertex 11.1981 2.21086 4.79
      vertex 11.2338 2.25984 6
      vertex 11.2338 2.25984 4.79
    endloop
  endfacet
  facet normal -0.808122 0.589015 0
    outer loop
      vertex 11.2338 2.25984 6
      vertex 11.1981 2.21086 4.79
      vertex 11.1981 2.21086 6
    endloop
  endfacet
  facet normal -0.853221 0.521549 0
    outer loop
      vertex 11.1661 2.15851 4.79
      vertex 11.1981 2.21086 6
      vertex 11.1981 2.21086 4.79
    endloop
  endfacet
  facet normal -0.853221 0.521549 0
    outer loop
      vertex 11.1981 2.21086 6
      vertex 11.1661 2.15851 4.79
      vertex 11.1661 2.15851 6
    endloop
  endfacet
  facet normal -0.89156 0.452902 0
    outer loop
      vertex 11.1378 2.1028 4.79
      vertex 11.1661 2.15851 6
      vertex 11.1661 2.15851 4.79
    endloop
  endfacet
  facet normal -0.89156 0.452902 0
    outer loop
      vertex 11.1661 2.15851 6
      vertex 11.1378 2.1028 4.79
      vertex 11.1378 2.1028 6
    endloop
  endfacet
  facet normal -0.923169 0.384393 0
    outer loop
      vertex 11.1132 2.04372 4.79
      vertex 11.1378 2.1028 6
      vertex 11.1378 2.1028 4.79
    endloop
  endfacet
  facet normal -0.923169 0.384393 0
    outer loop
      vertex 11.1378 2.1028 6
      vertex 11.1132 2.04372 4.79
      vertex 11.1132 2.04372 6
    endloop
  endfacet
  facet normal -0.950193 0.311663 0
    outer loop
      vertex 11.0927 1.98122 4.79
      vertex 11.1132 2.04372 6
      vertex 11.1132 2.04372 4.79
    endloop
  endfacet
  facet normal -0.950193 0.311663 0
    outer loop
      vertex 11.1132 2.04372 6
      vertex 11.0927 1.98122 4.79
      vertex 11.0927 1.98122 6
    endloop
  endfacet
  facet normal -0.971834 0.235667 0
    outer loop
      vertex 11.0767 1.91524 4.79
      vertex 11.0927 1.98122 6
      vertex 11.0927 1.98122 4.79
    endloop
  endfacet
  facet normal -0.971834 0.235667 0
    outer loop
      vertex 11.0927 1.98122 6
      vertex 11.0767 1.91524 4.79
      vertex 11.0767 1.91524 6
    endloop
  endfacet
  facet normal -0.986794 0.161979 0
    outer loop
      vertex 11.0653 1.84579 4.79
      vertex 11.0767 1.91524 6
      vertex 11.0767 1.91524 4.79
    endloop
  endfacet
  facet normal -0.986794 0.161979 0
    outer loop
      vertex 11.0767 1.91524 6
      vertex 11.0653 1.84579 4.79
      vertex 11.0653 1.84579 6
    endloop
  endfacet
  facet normal -0.99568 0.09285 0
    outer loop
      vertex 11.0585 1.77287 4.79
      vertex 11.0653 1.84579 6
      vertex 11.0653 1.84579 4.79
    endloop
  endfacet
  facet normal -0.99568 0.09285 0
    outer loop
      vertex 11.0653 1.84579 6
      vertex 11.0585 1.77287 4.79
      vertex 11.0585 1.77287 6
    endloop
  endfacet
  facet normal -0.999547 0.030099 0
    outer loop
      vertex 11.0562 1.69649 4.79
      vertex 11.0585 1.77287 6
      vertex 11.0585 1.77287 4.79
    endloop
  endfacet
  facet normal -0.999547 0.030099 0
    outer loop
      vertex 11.0585 1.77287 6
      vertex 11.0562 1.69649 4.79
      vertex 11.0562 1.69649 6
    endloop
  endfacet
  facet normal -0.999414 -0.03422 0
    outer loop
      vertex 11.0598 1.59135 4.79
      vertex 11.0562 1.69649 6
      vertex 11.0562 1.69649 4.79
    endloop
  endfacet
  facet normal -0.999414 -0.03422 0
    outer loop
      vertex 11.0562 1.69649 6
      vertex 11.0598 1.59135 4.79
      vertex 11.0598 1.59135 6
    endloop
  endfacet
  facet normal -0.993922 -0.110088 0
    outer loop
      vertex 11.0707 1.49294 4.79
      vertex 11.0598 1.59135 6
      vertex 11.0598 1.59135 4.79
    endloop
  endfacet
  facet normal -0.993922 -0.110088 0
    outer loop
      vertex 11.0598 1.59135 6
      vertex 11.0707 1.49294 4.79
      vertex 11.0707 1.49294 6
    endloop
  endfacet
  facet normal -0.980859 -0.194717 0
    outer loop
      vertex 11.0889 1.40126 4.79
      vertex 11.0707 1.49294 6
      vertex 11.0707 1.49294 4.79
    endloop
  endfacet
  facet normal -0.980859 -0.194717 0
    outer loop
      vertex 11.0707 1.49294 6
      vertex 11.0889 1.40126 4.79
      vertex 11.0889 1.40126 6
    endloop
  endfacet
  facet normal -0.957789 -0.287472 0
    outer loop
      vertex 11.1144 1.3163 4.79
      vertex 11.0889 1.40126 6
      vertex 11.0889 1.40126 4.79
    endloop
  endfacet
  facet normal -0.957789 -0.287472 0
    outer loop
      vertex 11.0889 1.40126 6
      vertex 11.1144 1.3163 4.79
      vertex 11.1144 1.3163 6
    endloop
  endfacet
  facet normal -0.922623 -0.385704 0
    outer loop
      vertex 11.1471 1.23808 4.79
      vertex 11.1144 1.3163 6
      vertex 11.1144 1.3163 4.79
    endloop
  endfacet
  facet normal -0.922623 -0.385704 0
    outer loop
      vertex 11.1144 1.3163 6
      vertex 11.1471 1.23808 4.79
      vertex 11.1471 1.23808 6
    endloop
  endfacet
  facet normal -0.877383 -0.47979 0
    outer loop
      vertex 11.1865 1.16603 4.79
      vertex 11.1471 1.23808 6
      vertex 11.1471 1.23808 4.79
    endloop
  endfacet
  facet normal -0.877383 -0.47979 0
    outer loop
      vertex 11.1471 1.23808 6
      vertex 11.1865 1.16603 4.79
      vertex 11.1865 1.16603 6
    endloop
  endfacet
  facet normal -0.824292 -0.566165 0
    outer loop
      vertex 11.2321 1.09964 4.79
      vertex 11.1865 1.16603 6
      vertex 11.1865 1.16603 4.79
    endloop
  endfacet
  facet normal -0.824292 -0.566165 0
    outer loop
      vertex 11.1865 1.16603 6
      vertex 11.2321 1.09964 4.79
      vertex 11.2321 1.09964 6
    endloop
  endfacet
  facet normal -0.760987 -0.648767 0
    outer loop
      vertex 11.2839 1.03888 4.79
      vertex 11.2321 1.09964 6
      vertex 11.2321 1.09964 4.79
    endloop
  endfacet
  facet normal -0.760987 -0.648767 0
    outer loop
      vertex 11.2321 1.09964 6
      vertex 11.2839 1.03888 4.79
      vertex 11.2839 1.03888 6
    endloop
  endfacet
  facet normal -0.688953 -0.724806 0
    outer loop
      vertex 11.2839 1.03888 4.79
      vertex 11.3419 0.983749 6
      vertex 11.2839 1.03888 6
    endloop
  endfacet
  facet normal -0.688953 -0.724806 -0
    outer loop
      vertex 11.3419 0.983749 6
      vertex 11.2839 1.03888 4.79
      vertex 11.3419 0.983749 4.79
    endloop
  endfacet
  facet normal -0.610365 -0.792121 0
    outer loop
      vertex 11.3419 0.983749 4.79
      vertex 11.4061 0.93428 6
      vertex 11.3419 0.983749 6
    endloop
  endfacet
  facet normal -0.610365 -0.792121 -0
    outer loop
      vertex 11.4061 0.93428 6
      vertex 11.3419 0.983749 4.79
      vertex 11.4061 0.93428 4.79
    endloop
  endfacet
  facet normal -0.531549 -0.847028 0
    outer loop
      vertex 11.4061 0.93428 4.79
      vertex 11.4762 0.890289 6
      vertex 11.4061 0.93428 6
    endloop
  endfacet
  facet normal -0.531549 -0.847028 -0
    outer loop
      vertex 11.4762 0.890289 6
      vertex 11.4061 0.93428 4.79
      vertex 11.4762 0.890289 4.79
    endloop
  endfacet
  facet normal -0.455017 -0.890483 0
    outer loop
      vertex 11.4762 0.890289 4.79
      vertex 11.5519 0.851608 6
      vertex 11.4762 0.890289 6
    endloop
  endfacet
  facet normal -0.455017 -0.890483 -0
    outer loop
      vertex 11.5519 0.851608 6
      vertex 11.4762 0.890289 4.79
      vertex 11.5519 0.851608 4.79
    endloop
  endfacet
  facet normal -0.379324 -0.925264 0
    outer loop
      vertex 11.5519 0.851608 4.79
      vertex 11.6333 0.818237 6
      vertex 11.5519 0.851608 6
    endloop
  endfacet
  facet normal -0.379324 -0.925264 -0
    outer loop
      vertex 11.6333 0.818237 6
      vertex 11.5519 0.851608 4.79
      vertex 11.6333 0.818237 4.79
    endloop
  endfacet
  facet normal -0.306661 -0.951819 0
    outer loop
      vertex 11.6333 0.818237 4.79
      vertex 11.7203 0.790207 6
      vertex 11.6333 0.818237 6
    endloop
  endfacet
  facet normal -0.306661 -0.951819 -0
    outer loop
      vertex 11.7203 0.790207 6
      vertex 11.6333 0.818237 4.79
      vertex 11.7203 0.790207 4.79
    endloop
  endfacet
  facet normal -0.238046 -0.971254 0
    outer loop
      vertex 11.7203 0.790207 4.79
      vertex 11.813 0.767487 6
      vertex 11.7203 0.790207 6
    endloop
  endfacet
  facet normal -0.238046 -0.971254 -0
    outer loop
      vertex 11.813 0.767487 6
      vertex 11.7203 0.790207 4.79
      vertex 11.813 0.767487 4.79
    endloop
  endfacet
  facet normal -0.182166 -0.983268 0
    outer loop
      vertex 11.813 0.767487 4.79
      vertex 11.9106 0.749405 6
      vertex 11.813 0.767487 6
    endloop
  endfacet
  facet normal -0.182166 -0.983268 -0
    outer loop
      vertex 11.9106 0.749405 6
      vertex 11.813 0.767487 4.79
      vertex 11.9106 0.749405 4.79
    endloop
  endfacet
  facet normal -0.136485 -0.990642 0
    outer loop
      vertex 11.9106 0.749405 4.79
      vertex 12.0126 0.735352 6
      vertex 11.9106 0.749405 6
    endloop
  endfacet
  facet normal -0.136485 -0.990642 -0
    outer loop
      vertex 12.0126 0.735352 6
      vertex 11.9106 0.749405 4.79
      vertex 12.0126 0.735352 4.79
    endloop
  endfacet
  facet normal -0.0939529 -0.995577 0
    outer loop
      vertex 12.0126 0.735352 4.79
      vertex 12.119 0.725311 6
      vertex 12.0126 0.735352 6
    endloop
  endfacet
  facet normal -0.0939529 -0.995577 -0
    outer loop
      vertex 12.119 0.725311 6
      vertex 12.0126 0.735352 4.79
      vertex 12.119 0.725311 4.79
    endloop
  endfacet
  facet normal -0.0544129 -0.998519 0
    outer loop
      vertex 12.119 0.725311 4.79
      vertex 12.2296 0.719284 6
      vertex 12.119 0.725311 6
    endloop
  endfacet
  facet normal -0.0544129 -0.998519 -0
    outer loop
      vertex 12.2296 0.719284 6
      vertex 12.119 0.725311 4.79
      vertex 12.2296 0.719284 4.79
    endloop
  endfacet
  facet normal -0.0173649 -0.999849 0
    outer loop
      vertex 12.2296 0.719284 4.79
      vertex 12.3447 0.717285 6
      vertex 12.2296 0.719284 6
    endloop
  endfacet
  facet normal -0.0173649 -0.999849 -0
    outer loop
      vertex 12.3447 0.717285 6
      vertex 12.2296 0.719284 4.79
      vertex 12.3447 0.717285 4.79
    endloop
  endfacet
  facet normal 0 -1 0
    outer loop
      vertex 12.3447 0.717285 4.79
      vertex 13.3781 0.717285 6
      vertex 12.3447 0.717285 6
    endloop
  endfacet
  facet normal 0 -1 -0
    outer loop
      vertex 13.3781 0.717285 6
      vertex 12.3447 0.717285 4.79
      vertex 13.3781 0.717285 4.79
    endloop
  endfacet
  facet normal 1 -0 0
    outer loop
      vertex 13.3781 0.717285 6
      vertex 13.3781 4.2625 4.79
      vertex 13.3781 4.2625 6
    endloop
  endfacet
  facet normal 1 0 0
    outer loop
      vertex 13.3781 4.2625 4.79
      vertex 13.3781 0.717285 6
      vertex 13.3781 0.717285 4.79
    endloop
  endfacet
  facet normal 0 1 -0
    outer loop
      vertex 13.3781 4.2625 4.79
      vertex 12.7108 4.2625 6
      vertex 13.3781 4.2625 6
    endloop
  endfacet
  facet normal 0 1 0
    outer loop
      vertex 12.7108 4.2625 6
      vertex 13.3781 4.2625 4.79
      vertex 12.7108 4.2625 4.79
    endloop
  endfacet
  facet normal -1 0 0
    outer loop
      vertex 12.7108 2.79503 4.79
      vertex 12.7108 4.2625 6
      vertex 12.7108 4.2625 4.79
    endloop
  endfacet
  facet normal -1 -0 0
    outer loop
      vertex 12.7108 4.2625 6
      vertex 12.7108 2.79503 4.79
      vertex 12.7108 2.79503 6
    endloop
  endfacet
  facet normal -1 0 0
    outer loop
      vertex 12.7108 1.27336 4.79
      vertex 12.7108 2.27425 6
      vertex 12.7108 2.27425 4.79
    endloop
  endfacet
  facet normal -1 -0 0
    outer loop
      vertex 12.7108 2.27425 6
      vertex 12.7108 1.27336 4.79
      vertex 12.7108 1.27336 6
    endloop
  endfacet
  facet normal 0 1 -0
    outer loop
      vertex 12.7108 1.27336 4.79
      vertex 12.4179 1.27336 6
      vertex 12.7108 1.27336 6
    endloop
  endfacet
  facet normal 0 1 0
    outer loop
      vertex 12.4179 1.27336 6
      vertex 12.7108 1.27336 4.79
      vertex 12.4179 1.27336 4.79
    endloop
  endfacet
  facet normal 0.0362242 0.999344 -0
    outer loop
      vertex 12.4179 1.27336 4.79
      vertex 12.2921 1.27792 6
      vertex 12.4179 1.27336 6
    endloop
  endfacet
  facet normal 0.0362242 0.999344 0
    outer loop
      vertex 12.2921 1.27792 6
      vertex 12.4179 1.27336 4.79
      vertex 12.2921 1.27792 4.79
    endloop
  endfacet
  facet normal 0.120537 0.992709 -0
    outer loop
      vertex 12.2921 1.27792 4.79
      vertex 12.1796 1.29158 6
      vertex 12.2921 1.27792 6
    endloop
  endfacet
  facet normal 0.120537 0.992709 0
    outer loop
      vertex 12.1796 1.29158 6
      vertex 12.2921 1.27792 4.79
      vertex 12.1796 1.29158 4.79
    endloop
  endfacet
  facet normal 0.223784 0.974639 -0
    outer loop
      vertex 12.1796 1.29158 4.79
      vertex 12.0803 1.31438 6
      vertex 12.1796 1.29158 6
    endloop
  endfacet
  facet normal 0.223784 0.974639 0
    outer loop
      vertex 12.0803 1.31438 6
      vertex 12.1796 1.29158 4.79
      vertex 12.0803 1.31438 4.79
    endloop
  endfacet
  facet normal 0.34768 0.937613 -0
    outer loop
      vertex 12.0803 1.31438 4.79
      vertex 11.9943 1.34627 6
      vertex 12.0803 1.31438 6
    endloop
  endfacet
  facet normal 0.34768 0.937613 0
    outer loop
      vertex 11.9943 1.34627 6
      vertex 12.0803 1.31438 4.79
      vertex 11.9943 1.34627 4.79
    endloop
  endfacet
  facet normal 0.490807 0.871269 -0
    outer loop
      vertex 11.9943 1.34627 4.79
      vertex 11.9215 1.38728 6
      vertex 11.9943 1.34627 6
    endloop
  endfacet
  facet normal 0.490807 0.871269 0
    outer loop
      vertex 11.9215 1.38728 6
      vertex 11.9943 1.34627 4.79
      vertex 11.9215 1.38728 4.79
    endloop
  endfacet
  facet normal 0.653309 0.757091 -0
    outer loop
      vertex 11.9215 1.38728 4.79
      vertex 11.8619 1.43871 6
      vertex 11.9215 1.38728 6
    endloop
  endfacet
  facet normal 0.653309 0.757091 0
    outer loop
      vertex 11.8619 1.43871 6
      vertex 11.9215 1.38728 4.79
      vertex 11.8619 1.43871 4.79
    endloop
  endfacet
  facet normal 0.806421 0.591342 0
    outer loop
      vertex 11.8619 1.43871 6
      vertex 11.8156 1.50185 4.79
      vertex 11.8156 1.50185 6
    endloop
  endfacet
  facet normal 0.806421 0.591342 0
    outer loop
      vertex 11.8156 1.50185 4.79
      vertex 11.8619 1.43871 6
      vertex 11.8619 1.43871 4.79
    endloop
  endfacet
  facet normal 0.914606 0.404347 0
    outer loop
      vertex 11.8156 1.50185 6
      vertex 11.7825 1.57672 4.79
      vertex 11.7825 1.57672 6
    endloop
  endfacet
  facet normal 0.914606 0.404347 0
    outer loop
      vertex 11.7825 1.57672 4.79
      vertex 11.8156 1.50185 6
      vertex 11.8156 1.50185 4.79
    endloop
  endfacet
  facet normal 0.974588 0.224004 0
    outer loop
      vertex 11.7825 1.57672 6
      vertex 11.7626 1.6633 4.79
      vertex 11.7626 1.6633 6
    endloop
  endfacet
  facet normal 0.974588 0.224004 0
    outer loop
      vertex 11.7626 1.6633 4.79
      vertex 11.7825 1.57672 6
      vertex 11.7825 1.57672 4.79
    endloop
  endfacet
  facet normal 0.997754 0.0669906 0
    outer loop
      vertex 11.7626 1.6633 6
      vertex 11.756 1.7616 4.79
      vertex 11.756 1.7616 6
    endloop
  endfacet
  facet normal 0.997754 0.0669906 0
    outer loop
      vertex 11.756 1.7616 4.79
      vertex 11.7626 1.6633 6
      vertex 11.7626 1.6633 4.79
    endloop
  endfacet
  facet normal 0.99916 -0.0409828 0
    outer loop
      vertex 11.756 1.7616 6
      vertex 11.758 1.81036 4.79
      vertex 11.758 1.81036 6
    endloop
  endfacet
  facet normal 0.99916 -0.0409828 0
    outer loop
      vertex 11.758 1.81036 4.79
      vertex 11.756 1.7616 6
      vertex 11.756 1.7616 4.79
    endloop
  endfacet
  facet normal 0.992311 -0.123772 0
    outer loop
      vertex 11.758 1.81036 6
      vertex 11.7638 1.85686 4.79
      vertex 11.7638 1.85686 6
    endloop
  endfacet
  facet normal 0.992311 -0.123772 0
    outer loop
      vertex 11.7638 1.85686 4.79
      vertex 11.758 1.81036 6
      vertex 11.758 1.81036 4.79
    endloop
  endfacet
  facet normal 0.976312 -0.216369 0
    outer loop
      vertex 11.7638 1.85686 6
      vertex 11.7736 1.90108 4.79
      vertex 11.7736 1.90108 6
    endloop
  endfacet
  facet normal 0.976312 -0.216369 0
    outer loop
      vertex 11.7736 1.90108 4.79
      vertex 11.7638 1.85686 6
      vertex 11.7638 1.85686 4.79
    endloop
  endfacet
  facet normal 0.950548 -0.310577 0
    outer loop
      vertex 11.7736 1.90108 6
      vertex 11.7873 1.94301 4.79
      vertex 11.7873 1.94301 6
    endloop
  endfacet
  facet normal 0.950548 -0.310577 0
    outer loop
      vertex 11.7873 1.94301 4.79
      vertex 11.7736 1.90108 6
      vertex 11.7736 1.90108 4.79
    endloop
  endfacet
  facet normal 0.91493 -0.403612 0
    outer loop
      vertex 11.7873 1.94301 6
      vertex 11.8048 1.98268 4.79
      vertex 11.8048 1.98268 6
    endloop
  endfacet
  facet normal 0.91493 -0.403612 0
    outer loop
      vertex 11.8048 1.98268 4.79
      vertex 11.7873 1.94301 6
      vertex 11.7873 1.94301 4.79
    endloop
  endfacet
  facet normal 0.86916 -0.49453 0
    outer loop
      vertex 11.8048 1.98268 6
      vertex 11.826 2.01994 4.79
      vertex 11.826 2.01994 6
    endloop
  endfacet
  facet normal 0.86916 -0.49453 0
    outer loop
      vertex 11.826 2.01994 4.79
      vertex 11.8048 1.98268 6
      vertex 11.8048 1.98268 4.79
    endloop
  endfacet
  facet normal 0.818634 -0.574315 0
    outer loop
      vertex 11.826 2.01994 6
      vertex 11.8504 2.05472 4.79
      vertex 11.8504 2.05472 6
    endloop
  endfacet
  facet normal 0.818634 -0.574315 0
    outer loop
      vertex 11.8504 2.05472 4.79
      vertex 11.826 2.01994 6
      vertex 11.826 2.01994 4.79
    endloop
  endfacet
  facet normal 0.758991 -0.651101 0
    outer loop
      vertex 11.8504 2.05472 6
      vertex 11.8781 2.08701 4.79
      vertex 11.8781 2.08701 6
    endloop
  endfacet
  facet normal 0.758991 -0.651101 0
    outer loop
      vertex 11.8781 2.08701 4.79
      vertex 11.8504 2.05472 6
      vertex 11.8504 2.05472 4.79
    endloop
  endfacet
  facet normal 0.693937 -0.720036 0
    outer loop
      vertex 11.8781 2.08701 4.79
      vertex 11.909 2.11679 6
      vertex 11.8781 2.08701 6
    endloop
  endfacet
  facet normal 0.693937 -0.720036 0
    outer loop
      vertex 11.909 2.11679 6
      vertex 11.8781 2.08701 4.79
      vertex 11.909 2.11679 4.79
    endloop
  endfacet
  facet normal 0.623579 -0.78176 0
    outer loop
      vertex 11.909 2.11679 4.79
      vertex 11.9432 2.14407 6
      vertex 11.909 2.11679 6
    endloop
  endfacet
  facet normal 0.623579 -0.78176 0
    outer loop
      vertex 11.9432 2.14407 6
      vertex 11.909 2.11679 4.79
      vertex 11.9432 2.14407 4.79
    endloop
  endfacet
  facet normal 0.552739 -0.833354 0
    outer loop
      vertex 11.9432 2.14407 4.79
      vertex 11.9805 2.16881 6
      vertex 11.9432 2.14407 6
    endloop
  endfacet
  facet normal 0.552739 -0.833354 0
    outer loop
      vertex 11.9805 2.16881 6
      vertex 11.9432 2.14407 4.79
      vertex 11.9805 2.16881 4.79
    endloop
  endfacet
  facet normal 0.482086 -0.876124 0
    outer loop
      vertex 11.9805 2.16881 4.79
      vertex 12.0207 2.19093 6
      vertex 11.9805 2.16881 6
    endloop
  endfacet
  facet normal 0.482086 -0.876124 0
    outer loop
      vertex 12.0207 2.19093 6
      vertex 11.9805 2.16881 4.79
      vertex 12.0207 2.19093 4.79
    endloop
  endfacet
  facet normal 0.412736 -0.910851 0
    outer loop
      vertex 12.0207 2.19093 4.79
      vertex 12.0638 2.21046 6
      vertex 12.0207 2.19093 6
    endloop
  endfacet
  facet normal 0.412736 -0.910851 0
    outer loop
      vertex 12.0638 2.21046 6
      vertex 12.0207 2.19093 4.79
      vertex 12.0638 2.21046 4.79
    endloop
  endfacet
  facet normal 0.345573 -0.938392 0
    outer loop
      vertex 12.0638 2.21046 4.79
      vertex 12.1098 2.2274 6
      vertex 12.0638 2.21046 6
    endloop
  endfacet
  facet normal 0.345573 -0.938392 0
    outer loop
      vertex 12.1098 2.2274 6
      vertex 12.0638 2.21046 4.79
      vertex 12.1098 2.2274 4.79
    endloop
  endfacet
  facet normal 0.280331 -0.959903 0
    outer loop
      vertex 12.1098 2.2274 4.79
      vertex 12.1588 2.24171 6
      vertex 12.1098 2.2274 6
    endloop
  endfacet
  facet normal 0.280331 -0.959903 0
    outer loop
      vertex 12.1588 2.24171 6
      vertex 12.1098 2.2274 4.79
      vertex 12.1588 2.24171 4.79
    endloop
  endfacet
  facet normal 0.22149 -0.975163 0
    outer loop
      vertex 12.1588 2.24171 4.79
      vertex 12.2104 2.25343 6
      vertex 12.1588 2.24171 6
    endloop
  endfacet
  facet normal 0.22149 -0.975163 0
    outer loop
      vertex 12.2104 2.25343 6
      vertex 12.1588 2.24171 4.79
      vertex 12.2104 2.25343 4.79
    endloop
  endfacet
  facet normal 0.166475 -0.986046 0
    outer loop
      vertex 12.2104 2.25343 4.79
      vertex 12.2643 2.26253 6
      vertex 12.2104 2.25343 6
    endloop
  endfacet
  facet normal 0.166475 -0.986046 0
    outer loop
      vertex 12.2643 2.26253 6
      vertex 12.2104 2.25343 4.79
      vertex 12.2643 2.26253 4.79
    endloop
  endfacet
  facet normal 0.115269 -0.993334 0
    outer loop
      vertex 12.2643 2.26253 4.79
      vertex 12.3204 2.26904 6
      vertex 12.2643 2.26253 6
    endloop
  endfacet
  facet normal 0.115269 -0.993334 0
    outer loop
      vertex 12.3204 2.26904 6
      vertex 12.2643 2.26253 4.79
      vertex 12.3204 2.26904 4.79
    endloop
  endfacet
  facet normal 0.0663492 -0.997796 0
    outer loop
      vertex 12.3204 2.26904 4.79
      vertex 12.3789 2.27293 6
      vertex 12.3204 2.26904 6
    endloop
  endfacet
  facet normal 0.0663492 -0.997796 0
    outer loop
      vertex 12.3789 2.27293 6
      vertex 12.3204 2.26904 4.79
      vertex 12.3789 2.27293 4.79
    endloop
  endfacet
  facet normal 0.0217412 -0.999764 0
    outer loop
      vertex 12.3789 2.27293 4.79
      vertex 12.4396 2.27425 6
      vertex 12.3789 2.27293 6
    endloop
  endfacet
  facet normal 0.0217412 -0.999764 0
    outer loop
      vertex 12.4396 2.27425 6
      vertex 12.3789 2.27293 4.79
      vertex 12.4396 2.27425 4.79
    endloop
  endfacet
  facet normal 0 -1 0
    outer loop
      vertex 12.4396 2.27425 4.79
      vertex 12.7108 2.27425 6
      vertex 12.4396 2.27425 6
    endloop
  endfacet
  facet normal 0 -1 -0
    outer loop
      vertex 12.7108 2.27425 6
      vertex 12.4396 2.27425 4.79
      vertex 12.7108 2.27425 4.79
    endloop
  endfacet
  facet normal 0 -1 0
    outer loop
      vertex -13.4634 3.71187 4.79
      vertex -12.6822 3.71187 6
      vertex -13.4634 3.71187 6
    endloop
  endfacet
  facet normal 0 -1 -0
    outer loop
      vertex -12.6822 3.71187 6
      vertex -13.4634 3.71187 4.79
      vertex -12.6822 3.71187 4.79
    endloop
  endfacet
  facet normal -1 0 0
    outer loop
      vertex -12.6822 1.26248 4.79
      vertex -12.6822 3.71187 6
      vertex -12.6822 3.71187 4.79
    endloop
  endfacet
  facet normal -1 -0 0
    outer loop
      vertex -12.6822 3.71187 6
      vertex -12.6822 1.26248 4.79
      vertex -12.6822 1.26248 6
    endloop
  endfacet
  facet normal 0 1 -0
    outer loop
      vertex -12.6822 1.26248 4.79
      vertex -13.4634 1.26248 6
      vertex -12.6822 1.26248 6
    endloop
  endfacet
  facet normal 0 1 0
    outer loop
      vertex -13.4634 1.26248 6
      vertex -12.6822 1.26248 4.79
      vertex -13.4634 1.26248 4.79
    endloop
  endfacet
  facet normal -1 0 0
    outer loop
      vertex -13.4634 0.717285 4.79
      vertex -13.4634 1.26248 6
      vertex -13.4634 1.26248 4.79
    endloop
  endfacet
  facet normal -1 -0 0
    outer loop
      vertex -13.4634 1.26248 6
      vertex -13.4634 0.717285 4.79
      vertex -13.4634 0.717285 6
    endloop
  endfacet
  facet normal 0 -1 0
    outer loop
      vertex -13.4634 0.717285 4.79
      vertex -11.2229 0.717285 6
      vertex -13.4634 0.717285 6
    endloop
  endfacet
  facet normal 0 -1 -0
    outer loop
      vertex -11.2229 0.717285 6
      vertex -13.4634 0.717285 4.79
      vertex -11.2229 0.717285 4.79
    endloop
  endfacet
  facet normal 1 -0 0
    outer loop
      vertex -11.2229 0.717285 6
      vertex -11.2229 1.26248 4.79
      vertex -11.2229 1.26248 6
    endloop
  endfacet
  facet normal 1 0 0
    outer loop
      vertex -11.2229 1.26248 4.79
      vertex -11.2229 0.717285 6
      vertex -11.2229 0.717285 4.79
    endloop
  endfacet
  facet normal 0 1 -0
    outer loop
      vertex -11.2229 1.26248 4.79
      vertex -12.0041 1.26248 6
      vertex -11.2229 1.26248 6
    endloop
  endfacet
  facet normal 0 1 0
    outer loop
      vertex -12.0041 1.26248 6
      vertex -11.2229 1.26248 4.79
      vertex -12.0041 1.26248 4.79
    endloop
  endfacet
  facet normal 1 -0 0
    outer loop
      vertex -12.0041 1.26248 6
      vertex -12.0041 3.71187 4.79
      vertex -12.0041 3.71187 6
    endloop
  endfacet
  facet normal 1 0 0
    outer loop
      vertex -12.0041 3.71187 4.79
      vertex -12.0041 1.26248 6
      vertex -12.0041 1.26248 4.79
    endloop
  endfacet
  facet normal 0 -1 0
    outer loop
      vertex -12.0041 3.71187 4.79
      vertex -11.2229 3.71187 6
      vertex -12.0041 3.71187 6
    endloop
  endfacet
  facet normal 0 -1 -0
    outer loop
      vertex -11.2229 3.71187 6
      vertex -12.0041 3.71187 4.79
      vertex -11.2229 3.71187 4.79
    endloop
  endfacet
  facet normal 1 -0 0
    outer loop
      vertex -11.2229 3.71187 6
      vertex -11.2229 4.2625 4.79
      vertex -11.2229 4.2625 6
    endloop
  endfacet
  facet normal 1 0 0
    outer loop
      vertex -11.2229 4.2625 4.79
      vertex -11.2229 3.71187 6
      vertex -11.2229 3.71187 4.79
    endloop
  endfacet
  facet normal 0 1 -0
    outer loop
      vertex -11.2229 4.2625 4.79
      vertex -13.4634 4.2625 6
      vertex -11.2229 4.2625 6
    endloop
  endfacet
  facet normal 0 1 0
    outer loop
      vertex -13.4634 4.2625 6
      vertex -11.2229 4.2625 4.79
      vertex -13.4634 4.2625 4.79
    endloop
  endfacet
  facet normal -1 0 0
    outer loop
      vertex -13.4634 3.71187 4.79
      vertex -13.4634 4.2625 6
      vertex -13.4634 4.2625 4.79
    endloop
  endfacet
  facet normal -1 -0 0
    outer loop
      vertex -13.4634 4.2625 6
      vertex -13.4634 3.71187 4.79
      vertex -13.4634 3.71187 6
    endloop
  endfacet
  facet normal -0.0906614 0.995882 0
    outer loop
      vertex -5.78455 4.32141 4.79
      vertex -5.8989 4.311 6
      vertex -5.78455 4.32141 6
    endloop
  endfacet
  facet normal -0.0906614 0.995882 0
    outer loop
      vertex -5.8989 4.311 6
      vertex -5.78455 4.32141 4.79
      vertex -5.8989 4.311 4.79
    endloop
  endfacet
  facet normal -0.156472 0.987682 0
    outer loop
      vertex -5.8989 4.311 4.79
      vertex -6.00848 4.29364 6
      vertex -5.8989 4.311 6
    endloop
  endfacet
  facet normal -0.156472 0.987682 0
    outer loop
      vertex -6.00848 4.29364 6
      vertex -5.8989 4.311 4.79
      vertex -6.00848 4.29364 4.79
    endloop
  endfacet
  facet normal -0.225925 0.974145 0
    outer loop
      vertex -6.00848 4.29364 4.79
      vertex -6.1133 4.26933 6
      vertex -6.00848 4.29364 6
    endloop
  endfacet
  facet normal -0.225925 0.974145 0
    outer loop
      vertex -6.1133 4.26933 6
      vertex -6.00848 4.29364 4.79
      vertex -6.1133 4.26933 4.79
    endloop
  endfacet
  facet normal -0.29802 0.95456 0
    outer loop
      vertex -6.1133 4.26933 4.79
      vertex -6.21333 4.2381 6
      vertex -6.1133 4.26933 6
    endloop
  endfacet
  facet normal -0.29802 0.95456 0
    outer loop
      vertex -6.21333 4.2381 6
      vertex -6.1133 4.26933 4.79
      vertex -6.21333 4.2381 4.79
    endloop
  endfacet
  facet normal -0.373165 0.927765 0
    outer loop
      vertex -6.21333 4.2381 4.79
      vertex -6.30798 4.20003 6
      vertex -6.21333 4.2381 6
    endloop
  endfacet
  facet normal -0.373165 0.927765 0
    outer loop
      vertex -6.30798 4.20003 6
      vertex -6.21333 4.2381 4.79
      vertex -6.30798 4.20003 4.79
    endloop
  endfacet
  facet normal -0.450993 0.892527 0
    outer loop
      vertex -6.30798 4.20003 4.79
      vertex -6.39668 4.15521 6
      vertex -6.30798 4.20003 6
    endloop
  endfacet
  facet normal -0.450993 0.892527 0
    outer loop
      vertex -6.39668 4.15521 6
      vertex -6.30798 4.20003 4.79
      vertex -6.39668 4.15521 4.79
    endloop
  endfacet
  facet normal -0.528726 0.848793 0
    outer loop
      vertex -6.39668 4.15521 4.79
      vertex -6.47942 4.10367 6
      vertex -6.39668 4.15521 6
    endloop
  endfacet
  facet normal -0.528726 0.848793 0
    outer loop
      vertex -6.47942 4.10367 6
      vertex -6.39668 4.15521 4.79
      vertex -6.47942 4.10367 4.79
    endloop
  endfacet
  facet normal -0.604623 0.796512 0
    outer loop
      vertex -6.47942 4.10367 4.79
      vertex -6.55617 4.04541 6
      vertex -6.47942 4.10367 6
    endloop
  endfacet
  facet normal -0.604623 0.796512 0
    outer loop
      vertex -6.55617 4.04541 6
      vertex -6.47942 4.10367 4.79
      vertex -6.55617 4.04541 4.79
    endloop
  endfacet
  facet normal -0.676233 0.736687 0
    outer loop
      vertex -6.55617 4.04541 4.79
      vertex -6.62697 3.98042 6
      vertex -6.55617 4.04541 6
    endloop
  endfacet
  facet normal -0.676233 0.736687 0
    outer loop
      vertex -6.62697 3.98042 6
      vertex -6.55617 4.04541 4.79
      vertex -6.62697 3.98042 4.79
    endloop
  endfacet
  facet normal -0.742898 0.669405 0
    outer loop
      vertex -6.69164 3.90865 4.79
      vertex -6.62697 3.98042 6
      vertex -6.62697 3.98042 4.79
    endloop
  endfacet
  facet normal -0.742898 0.669405 0
    outer loop
      vertex -6.62697 3.98042 6
      vertex -6.69164 3.90865 4.79
      vertex -6.69164 3.90865 6
    endloop
  endfacet
  facet normal -0.802895 0.596121 0
    outer loop
      vertex -6.75002 3.83002 4.79
      vertex -6.69164 3.90865 6
      vertex -6.69164 3.90865 4.79
    endloop
  endfacet
  facet normal -0.802895 0.596121 0
    outer loop
      vertex -6.69164 3.90865 6
      vertex -6.75002 3.83002 4.79
      vertex -6.75002 3.83002 6
    endloop
  endfacet
  facet normal -0.853919 0.520407 0
    outer loop
      vertex -6.80209 3.74458 4.79
      vertex -6.75002 3.83002 6
      vertex -6.75002 3.83002 4.79
    endloop
  endfacet
  facet normal -0.853919 0.520407 0
    outer loop
      vertex -6.75002 3.83002 6
      vertex -6.80209 3.74458 4.79
      vertex -6.80209 3.74458 6
    endloop
  endfacet
  facet normal -0.895743 0.444571 0
    outer loop
      vertex -6.84789 3.6523 4.79
      vertex -6.80209 3.74458 6
      vertex -6.80209 3.74458 4.79
    endloop
  endfacet
  facet normal -0.895743 0.444571 0
    outer loop
      vertex -6.80209 3.74458 6
      vertex -6.84789 3.6523 4.79
      vertex -6.84789 3.6523 6
    endloop
  endfacet
  facet normal -0.929038 0.369984 0
    outer loop
      vertex -6.88736 3.55319 4.79
      vertex -6.84789 3.6523 6
      vertex -6.84789 3.6523 4.79
    endloop
  endfacet
  facet normal -0.929038 0.369984 0
    outer loop
      vertex -6.84789 3.6523 6
      vertex -6.88736 3.55319 4.79
      vertex -6.88736 3.55319 6
    endloop
  endfacet
  facet normal -0.95537 0.295411 0
    outer loop
      vertex -6.92009 3.44734 4.79
      vertex -6.88736 3.55319 6
      vertex -6.88736 3.55319 4.79
    endloop
  endfacet
  facet normal -0.95537 0.295411 0
    outer loop
      vertex -6.88736 3.55319 6
      vertex -6.92009 3.44734 4.79
      vertex -6.92009 3.44734 6
    endloop
  endfacet
  facet normal -0.975356 0.220639 0
    outer loop
      vertex -6.94553 3.33488 4.79
      vertex -6.92009 3.44734 6
      vertex -6.92009 3.44734 4.79
    endloop
  endfacet
  facet normal -0.975356 0.220639 0
    outer loop
      vertex -6.92009 3.44734 6
      vertex -6.94553 3.33488 4.79
      vertex -6.94553 3.33488 6
    endloop
  endfacet
  facet normal -0.988556 0.150853 0
    outer loop
      vertex -6.9637 3.21581 4.79
      vertex -6.94553 3.33488 6
      vertex -6.94553 3.33488 4.79
    endloop
  endfacet
  facet normal -0.988556 0.150853 0
    outer loop
      vertex -6.94553 3.33488 6
      vertex -6.9637 3.21581 4.79
      vertex -6.9637 3.21581 6
    endloop
  endfacet
  facet normal -0.996255 0.086462 0
    outer loop
      vertex -6.97461 3.0901 4.79
      vertex -6.9637 3.21581 6
      vertex -6.9637 3.21581 4.79
    endloop
  endfacet
  facet normal -0.996255 0.086462 0
    outer loop
      vertex -6.9637 3.21581 6
      vertex -6.97461 3.0901 4.79
      vertex -6.97461 3.0901 6
    endloop
  endfacet
  facet normal -0.999624 0.0274232 0
    outer loop
      vertex -6.97824 2.95778 4.79
      vertex -6.97461 3.0901 6
      vertex -6.97461 3.0901 4.79
    endloop
  endfacet
  facet normal -0.999624 0.0274232 0
    outer loop
      vertex -6.97461 3.0901 6
      vertex -6.97824 2.95778 4.79
      vertex -6.97824 2.95778 6
    endloop
  endfacet
  facet normal -1 0 0
    outer loop
      vertex -6.97824 0.717285 4.79
      vertex -6.97824 2.95778 6
      vertex -6.97824 2.95778 4.79
    endloop
  endfacet
  facet normal -1 -0 0
    outer loop
      vertex -6.97824 2.95778 6
      vertex -6.97824 0.717285 4.79
      vertex -6.97824 0.717285 6
    endloop
  endfacet
  facet normal 0 -1 0
    outer loop
      vertex -6.97824 0.717285 4.79
      vertex -6.31096 0.717285 6
      vertex -6.97824 0.717285 6
    endloop
  endfacet
  facet normal 0 -1 -0
    outer loop
      vertex -6.31096 0.717285 6
      vertex -6.97824 0.717285 4.79
      vertex -6.31096 0.717285 4.79
    endloop
  endfacet
  facet normal 1 -0 0
    outer loop
      vertex -6.31096 0.717285 6
      vertex -6.31096 3.00119 4.79
      vertex -6.31096 3.00119 6
    endloop
  endfacet
  facet normal 1 0 0
    outer loop
      vertex -6.31096 3.00119 4.79
      vertex -6.31096 0.717285 6
      vertex -6.31096 0.717285 4.79
    endloop
  endfacet
  facet normal 0.999826 -0.0186272 0
    outer loop
      vertex -6.31096 3.00119 6
      vertex -6.30945 3.08224 4.79
      vertex -6.30945 3.08224 6
    endloop
  endfacet
  facet normal 0.999826 -0.0186272 0
    outer loop
      vertex -6.30945 3.08224 4.79
      vertex -6.31096 3.00119 6
      vertex -6.31096 3.00119 4.79
    endloop
  endfacet
  facet normal 0.998208 -0.0598374 0
    outer loop
      vertex -6.30945 3.08224 6
      vertex -6.30489 3.15831 4.79
      vertex -6.30489 3.15831 6
    endloop
  endfacet
  facet normal 0.998208 -0.0598374 0
    outer loop
      vertex -6.30489 3.15831 4.79
      vertex -6.30945 3.08224 6
      vertex -6.30945 3.08224 4.79
    endloop
  endfacet
  facet normal 0.994344 -0.106207 0
    outer loop
      vertex -6.30489 3.15831 6
      vertex -6.2973 3.22937 4.79
      vertex -6.2973 3.22937 6
    endloop
  endfacet
  facet normal 0.994344 -0.106207 0
    outer loop
      vertex -6.2973 3.22937 4.79
      vertex -6.30489 3.15831 6
      vertex -6.30489 3.15831 4.79
    endloop
  endfacet
  facet normal 0.987311 -0.1588 0
    outer loop
      vertex -6.2973 3.22937 6
      vertex -6.28667 3.29546 4.79
      vertex -6.28667 3.29546 6
    endloop
  endfacet
  facet normal 0.987311 -0.1588 0
    outer loop
      vertex -6.28667 3.29546 4.79
      vertex -6.2973 3.22937 6
      vertex -6.2973 3.22937 4.79
    endloop
  endfacet
  facet normal 0.975901 -0.218216 0
    outer loop
      vertex -6.28667 3.29546 6
      vertex -6.27301 3.35655 4.79
      vertex -6.27301 3.35655 6
    endloop
  endfacet
  facet normal 0.975901 -0.218216 0
    outer loop
      vertex -6.27301 3.35655 4.79
      vertex -6.28667 3.29546 6
      vertex -6.28667 3.29546 4.79
    endloop
  endfacet
  facet normal 0.958885 -0.283793 0
    outer loop
      vertex -6.27301 3.35655 6
      vertex -6.2563 3.41301 4.79
      vertex -6.2563 3.41301 6
    endloop
  endfacet
  facet normal 0.958885 -0.283793 0
    outer loop
      vertex -6.2563 3.41301 4.79
      vertex -6.27301 3.35655 6
      vertex -6.27301 3.35655 4.79
    endloop
  endfacet
  facet normal 0.935421 -0.353536 0
    outer loop
      vertex -6.2563 3.41301 6
      vertex -6.23656 3.46524 4.79
      vertex -6.23656 3.46524 6
    endloop
  endfacet
  facet normal 0.935421 -0.353536 0
    outer loop
      vertex -6.23656 3.46524 4.79
      vertex -6.2563 3.41301 6
      vertex -6.2563 3.41301 4.79
    endloop
  endfacet
  facet normal 0.903423 -0.42875 0
    outer loop
      vertex -6.23656 3.46524 6
      vertex -6.21378 3.51324 4.79
      vertex -6.21378 3.51324 6
    endloop
  endfacet
  facet normal 0.903423 -0.42875 0
    outer loop
      vertex -6.21378 3.51324 4.79
      vertex -6.23656 3.46524 6
      vertex -6.23656 3.46524 4.79
    endloop
  endfacet
  facet normal 0.861286 -0.50812 0
    outer loop
      vertex -6.21378 3.51324 6
      vertex -6.18794 3.55704 4.79
      vertex -6.18794 3.55704 6
    endloop
  endfacet
  facet normal 0.861286 -0.50812 0
    outer loop
      vertex -6.18794 3.55704 4.79
      vertex -6.21378 3.51324 6
      vertex -6.21378 3.51324 4.79
    endloop
  endfacet
  facet normal 0.807896 -0.589325 0
    outer loop
      vertex -6.18794 3.55704 6
      vertex -6.15909 3.59659 4.79
      vertex -6.15909 3.59659 6
    endloop
  endfacet
  facet normal 0.807896 -0.589325 0
    outer loop
      vertex -6.15909 3.59659 4.79
      vertex -6.18794 3.55704 6
      vertex -6.18794 3.55704 4.79
    endloop
  endfacet
  facet normal 0.74249 -0.669857 0
    outer loop
      vertex -6.15909 3.59659 6
      vertex -6.12718 3.63196 4.79
      vertex -6.12718 3.63196 6
    endloop
  endfacet
  facet normal 0.74249 -0.669857 0
    outer loop
      vertex -6.12718 3.63196 4.79
      vertex -6.15909 3.59659 6
      vertex -6.15909 3.59659 4.79
    endloop
  endfacet
  facet normal 0.666651 -0.74537 0
    outer loop
      vertex -6.12718 3.63196 4.79
      vertex -6.09224 3.66321 6
      vertex -6.12718 3.63196 6
    endloop
  endfacet
  facet normal 0.666651 -0.74537 0
    outer loop
      vertex -6.09224 3.66321 6
      vertex -6.12718 3.63196 4.79
      vertex -6.09224 3.66321 4.79
    endloop
  endfacet
  facet normal 0.581461 -0.813574 0
    outer loop
      vertex -6.09224 3.66321 4.79
      vertex -6.05428 3.69034 6
      vertex -6.09224 3.66321 6
    endloop
  endfacet
  facet normal 0.581461 -0.813574 0
    outer loop
      vertex -6.05428 3.69034 6
      vertex -6.09224 3.66321 4.79
      vertex -6.05428 3.69034 4.79
    endloop
  endfacet
  facet normal 0.489231 -0.872154 0
    outer loop
      vertex -6.05428 3.69034 4.79
      vertex -6.01326 3.71335 6
      vertex -6.05428 3.69034 6
    endloop
  endfacet
  facet normal 0.489231 -0.872154 0
    outer loop
      vertex -6.01326 3.71335 6
      vertex -6.05428 3.69034 4.79
      vertex -6.01326 3.71335 4.79
    endloop
  endfacet
  facet normal 0.393768 -0.91921 0
    outer loop
      vertex -6.01326 3.71335 4.79
      vertex -5.96921 3.73222 6
      vertex -6.01326 3.71335 6
    endloop
  endfacet
  facet normal 0.393768 -0.91921 0
    outer loop
      vertex -5.96921 3.73222 6
      vertex -6.01326 3.71335 4.79
      vertex -5.96921 3.73222 4.79
    endloop
  endfacet
  facet normal 0.302873 -0.953031 0
    outer loop
      vertex -5.96921 3.73222 4.79
      vertex -5.92157 3.74736 6
      vertex -5.96921 3.73222 6
    endloop
  endfacet
  facet normal 0.302873 -0.953031 0
    outer loop
      vertex -5.92157 3.74736 6
      vertex -5.96921 3.73222 4.79
      vertex -5.92157 3.74736 4.79
    endloop
  endfacet
  facet normal 0.221637 -0.975129 0
    outer loop
      vertex -5.92157 3.74736 4.79
      vertex -5.86983 3.75912 6
      vertex -5.92157 3.74736 6
    endloop
  endfacet
  facet normal 0.221637 -0.975129 0
    outer loop
      vertex -5.86983 3.75912 6
      vertex -5.92157 3.74736 4.79
      vertex -5.86983 3.75912 4.79
    endloop
  endfacet
  facet normal 0.148773 -0.988871 0
    outer loop
      vertex -5.86983 3.75912 4.79
      vertex -5.81393 3.76753 6
      vertex -5.86983 3.75912 6
    endloop
  endfacet
  facet normal 0.148773 -0.988871 0
    outer loop
      vertex -5.81393 3.76753 6
      vertex -5.86983 3.75912 4.79
      vertex -5.81393 3.76753 4.79
    endloop
  endfacet
  facet normal 0.083884 -0.996476 0
    outer loop
      vertex -5.81393 3.76753 4.79
      vertex -5.75394 3.77258 6
      vertex -5.81393 3.76753 6
    endloop
  endfacet
  facet normal 0.083884 -0.996476 0
    outer loop
      vertex -5.75394 3.77258 6
      vertex -5.81393 3.76753 4.79
      vertex -5.75394 3.77258 4.79
    endloop
  endfacet
  facet normal 0.0261837 -0.999657 0
    outer loop
      vertex -5.75394 3.77258 4.79
      vertex -5.6898 3.77426 6
      vertex -5.75394 3.77258 6
    endloop
  endfacet
  facet normal 0.0261837 -0.999657 0
    outer loop
      vertex -5.6898 3.77426 6
      vertex -5.75394 3.77258 4.79
      vertex -5.6898 3.77426 4.79
    endloop
  endfacet
  facet normal -0.0286058 -0.999591 0
    outer loop
      vertex -5.6898 3.77426 4.79
      vertex -5.62166 3.77231 6
      vertex -5.6898 3.77426 6
    endloop
  endfacet
  facet normal -0.0286058 -0.999591 -0
    outer loop
      vertex -5.62166 3.77231 6
      vertex -5.6898 3.77426 4.79
      vertex -5.62166 3.77231 4.79
    endloop
  endfacet
  facet normal -0.0920943 -0.99575 0
    outer loop
      vertex -5.62166 3.77231 4.79
      vertex -5.5583 3.76645 6
      vertex -5.62166 3.77231 6
    endloop
  endfacet
  facet normal -0.0920943 -0.99575 -0
    outer loop
      vertex -5.5583 3.76645 6
      vertex -5.62166 3.77231 4.79
      vertex -5.5583 3.76645 4.79
    endloop
  endfacet
  facet normal -0.164481 -0.98638 0
    outer loop
      vertex -5.5583 3.76645 4.79
      vertex -5.49971 3.75668 6
      vertex -5.5583 3.76645 6
    endloop
  endfacet
  facet normal -0.164481 -0.98638 -0
    outer loop
      vertex -5.49971 3.75668 6
      vertex -5.5583 3.76645 4.79
      vertex -5.49971 3.75668 4.79
    endloop
  endfacet
  facet normal -0.246178 -0.969225 0
    outer loop
      vertex -5.49971 3.75668 4.79
      vertex -5.44589 3.74301 6
      vertex -5.49971 3.75668 6
    endloop
  endfacet
  facet normal -0.246178 -0.969225 -0
    outer loop
      vertex -5.44589 3.74301 6
      vertex -5.49971 3.75668 4.79
      vertex -5.44589 3.74301 4.79
    endloop
  endfacet
  facet normal -0.337625 -0.941281 0
    outer loop
      vertex -5.44589 3.74301 4.79
      vertex -5.39685 3.72542 6
      vertex -5.44589 3.74301 6
    endloop
  endfacet
  facet normal -0.337625 -0.941281 -0
    outer loop
      vertex -5.39685 3.72542 6
      vertex -5.44589 3.74301 4.79
      vertex -5.39685 3.72542 4.79
    endloop
  endfacet
  facet normal -0.429412 -0.903109 0
    outer loop
      vertex -5.39685 3.72542 4.79
      vertex -5.35178 3.70399 6
      vertex -5.39685 3.72542 6
    endloop
  endfacet
  facet normal -0.429412 -0.903109 -0
    outer loop
      vertex -5.35178 3.70399 6
      vertex -5.39685 3.72542 4.79
      vertex -5.35178 3.70399 4.79
    endloop
  endfacet
  facet normal -0.515487 -0.856897 0
    outer loop
      vertex -5.35178 3.70399 4.79
      vertex -5.30984 3.67876 6
      vertex -5.35178 3.70399 6
    endloop
  endfacet
  facet normal -0.515487 -0.856897 -0
    outer loop
      vertex -5.30984 3.67876 6
      vertex -5.35178 3.70399 4.79
      vertex -5.30984 3.67876 4.79
    endloop
  endfacet
  facet normal -0.599372 -0.80047 0
    outer loop
      vertex -5.30984 3.67876 4.79
      vertex -5.27107 3.64973 6
      vertex -5.30984 3.67876 6
    endloop
  endfacet
  facet normal -0.599372 -0.80047 -0
    outer loop
      vertex -5.27107 3.64973 6
      vertex -5.30984 3.67876 4.79
      vertex -5.27107 3.64973 4.79
    endloop
  endfacet
  facet normal -0.677405 -0.73561 0
    outer loop
      vertex -5.27107 3.64973 4.79
      vertex -5.23543 3.61691 6
      vertex -5.27107 3.64973 6
    endloop
  endfacet
  facet normal -0.677405 -0.73561 -0
    outer loop
      vertex -5.23543 3.61691 6
      vertex -5.27107 3.64973 4.79
      vertex -5.23543 3.61691 4.79
    endloop
  endfacet
  facet normal -0.747747 -0.663983 0
    outer loop
      vertex -5.20293 3.58031 4.79
      vertex -5.23543 3.61691 6
      vertex -5.23543 3.61691 4.79
    endloop
  endfacet
  facet normal -0.747747 -0.663983 0
    outer loop
      vertex -5.23543 3.61691 6
      vertex -5.20293 3.58031 4.79
      vertex -5.20293 3.58031 6
    endloop
  endfacet
  facet normal -0.810068 -0.586337 0
    outer loop
      vertex -5.17384 3.54012 4.79
      vertex -5.20293 3.58031 6
      vertex -5.20293 3.58031 4.79
    endloop
  endfacet
  facet normal -0.810068 -0.586337 0
    outer loop
      vertex -5.20293 3.58031 6
      vertex -5.17384 3.54012 4.79
      vertex -5.17384 3.54012 6
    endloop
  endfacet
  facet normal -0.864002 -0.503489 0
    outer loop
      vertex -5.14845 3.49655 4.79
      vertex -5.17384 3.54012 6
      vertex -5.17384 3.54012 4.79
    endloop
  endfacet
  facet normal -0.864002 -0.503489 0
    outer loop
      vertex -5.17384 3.54012 6
      vertex -5.14845 3.49655 4.79
      vertex -5.14845 3.49655 6
    endloop
  endfacet
  facet normal -0.907557 -0.419929 0
    outer loop
      vertex -5.12674 3.44963 4.79
      vertex -5.14845 3.49655 6
      vertex -5.14845 3.49655 4.79
    endloop
  endfacet
  facet normal -0.907557 -0.419929 0
    outer loop
      vertex -5.14845 3.49655 6
      vertex -5.12674 3.44963 4.79
      vertex -5.12674 3.44963 6
    endloop
  endfacet
  facet normal -0.941428 -0.337214 0
    outer loop
      vertex -5.10873 3.39935 4.79
      vertex -5.12674 3.44963 6
      vertex -5.12674 3.44963 4.79
    endloop
  endfacet
  facet normal -0.941428 -0.337214 0
    outer loop
      vertex -5.12674 3.44963 6
      vertex -5.10873 3.39935 4.79
      vertex -5.10873 3.39935 6
    endloop
  endfacet
  facet normal -0.966175 -0.257887 0
    outer loop
      vertex -5.09441 3.3457 4.79
      vertex -5.10873 3.39935 6
      vertex -5.10873 3.39935 4.79
    endloop
  endfacet
  facet normal -0.966175 -0.257887 0
    outer loop
      vertex -5.10873 3.39935 6
      vertex -5.09441 3.3457 4.79
      vertex -5.09441 3.3457 6
    endloop
  endfacet
  facet normal -0.981153 -0.193234 0
    outer loop
      vertex -5.08319 3.28873 4.79
      vertex -5.09441 3.3457 6
      vertex -5.09441 3.3457 4.79
    endloop
  endfacet
  facet normal -0.981153 -0.193234 0
    outer loop
      vertex -5.09441 3.3457 6
      vertex -5.08319 3.28873 4.79
      vertex -5.08319 3.28873 6
    endloop
  endfacet
  facet normal -0.989658 -0.143445 0
    outer loop
      vertex -5.07446 3.2285 4.79
      vertex -5.08319 3.28873 6
      vertex -5.08319 3.28873 4.79
    endloop
  endfacet
  facet normal -0.989658 -0.143445 0
    outer loop
      vertex -5.08319 3.28873 6
      vertex -5.07446 3.2285 4.79
      vertex -5.07446 3.2285 6
    endloop
  endfacet
  facet normal -0.995234 -0.0975166 0
    outer loop
      vertex -5.06824 3.16502 4.79
      vertex -5.07446 3.2285 6
      vertex -5.07446 3.2285 4.79
    endloop
  endfacet
  facet normal -0.995234 -0.0975166 0
    outer loop
      vertex -5.07446 3.2285 6
      vertex -5.06824 3.16502 4.79
      vertex -5.06824 3.16502 6
    endloop
  endfacet
  facet normal -0.998433 -0.0559673 0
    outer loop
      vertex -5.0645 3.0983 4.79
      vertex -5.06824 3.16502 6
      vertex -5.06824 3.16502 4.79
    endloop
  endfacet
  facet normal -0.998433 -0.0559673 0
    outer loop
      vertex -5.06824 3.16502 6
      vertex -5.0645 3.0983 4.79
      vertex -5.0645 3.0983 6
    endloop
  endfacet
  facet normal -0.999841 -0.0178568 0
    outer loop
      vertex -5.06325 3.02831 4.79
      vertex -5.0645 3.0983 6
      vertex -5.0645 3.0983 4.79
    endloop
  endfacet
  facet normal -0.999841 -0.0178568 0
    outer loop
      vertex -5.0645 3.0983 6
      vertex -5.06325 3.02831 4.79
      vertex -5.06325 3.02831 6
    endloop
  endfacet
  facet normal -1 0 0
    outer loop
      vertex -5.06325 0.717285 4.79
      vertex -5.06325 3.02831 6
      vertex -5.06325 3.02831 4.79
    endloop
  endfacet
  facet normal -1 -0 0
    outer loop
      vertex -5.06325 3.02831 6
      vertex -5.06325 0.717285 4.79
      vertex -5.06325 0.717285 6
    endloop
  endfacet
  facet normal 0 -1 0
    outer loop
      vertex -5.06325 0.717285 4.79
      vertex -4.39597 0.717285 6
      vertex -5.06325 0.717285 6
    endloop
  endfacet
  facet normal 0 -1 -0
    outer loop
      vertex -4.39597 0.717285 6
      vertex -5.06325 0.717285 4.79
      vertex -4.39597 0.717285 4.79
    endloop
  endfacet
  facet normal 1 -0 0
    outer loop
      vertex -4.39597 0.717285 6
      vertex -4.39597 3.06898 4.79
      vertex -4.39597 3.06898 6
    endloop
  endfacet
  facet normal 1 0 0
    outer loop
      vertex -4.39597 3.06898 4.79
      vertex -4.39597 0.717285 6
      vertex -4.39597 0.717285 4.79
    endloop
  endfacet
  facet normal 0.999717 0.0238028 0
    outer loop
      vertex -4.39597 3.06898 6
      vertex -4.39868 3.1828 4.79
      vertex -4.39868 3.1828 6
    endloop
  endfacet
  facet normal 0.999717 0.0238028 0
    outer loop
      vertex -4.39868 3.1828 4.79
      vertex -4.39597 3.06898 6
      vertex -4.39597 3.06898 4.79
    endloop
  endfacet
  facet normal 0.997244 0.0741978 0
    outer loop
      vertex -4.39868 3.1828 6
      vertex -4.40681 3.29207 4.79
      vertex -4.40681 3.29207 6
    endloop
  endfacet
  facet normal 0.997244 0.0741978 0
    outer loop
      vertex -4.40681 3.29207 4.79
      vertex -4.39868 3.1828 6
      vertex -4.39868 3.1828 4.79
    endloop
  endfacet
  facet normal 0.991705 0.128533 0
    outer loop
      vertex -4.40681 3.29207 6
      vertex -4.42038 3.39677 4.79
      vertex -4.42038 3.39677 6
    endloop
  endfacet
  facet normal 0.991705 0.128533 0
    outer loop
      vertex -4.42038 3.39677 4.79
      vertex -4.40681 3.29207 6
      vertex -4.40681 3.29207 4.79
    endloop
  endfacet
  facet normal 0.982512 0.186201 0
    outer loop
      vertex -4.42038 3.39677 6
      vertex -4.43936 3.49692 4.79
      vertex -4.43936 3.49692 6
    endloop
  endfacet
  facet normal 0.982512 0.186201 0
    outer loop
      vertex -4.43936 3.49692 4.79
      vertex -4.42038 3.39677 6
      vertex -4.42038 3.39677 4.79
    endloop
  endfacet
  facet normal 0.968926 0.247351 0
    outer loop
      vertex -4.43936 3.49692 6
      vertex -4.46376 3.5925 4.79
      vertex -4.46376 3.5925 6
    endloop
  endfacet
  facet normal 0.968926 0.247351 0
    outer loop
      vertex -4.46376 3.5925 4.79
      vertex -4.43936 3.49692 6
      vertex -4.43936 3.49692 4.79
    endloop
  endfacet
  facet normal 0.947663 0.319273 0
    outer loop
      vertex -4.46376 3.5925 6
      vertex -4.49425 3.683 4.79
      vertex -4.49425 3.683 6
    endloop
  endfacet
  facet normal 0.947663 0.319273 0
    outer loop
      vertex -4.49425 3.683 4.79
      vertex -4.46376 3.5925 6
      vertex -4.46376 3.5925 4.79
    endloop
  endfacet
  facet normal 0.915808 0.401617 0
    outer loop
      vertex -4.49425 3.683 6
      vertex -4.53146 3.76785 4.79
      vertex -4.53146 3.76785 6
    endloop
  endfacet
  facet normal 0.915808 0.401617 0
    outer loop
      vertex -4.53146 3.76785 4.79
      vertex -4.49425 3.683 6
      vertex -4.49425 3.683 4.79
    endloop
  endfacet
  facet normal 0.874485 0.485052 0
    outer loop
      vertex -4.53146 3.76785 6
      vertex -4.57539 3.84705 4.79
      vertex -4.57539 3.84705 6
    endloop
  endfacet
  facet normal 0.874485 0.485052 0
    outer loop
      vertex -4.57539 3.84705 4.79
      vertex -4.53146 3.76785 6
      vertex -4.53146 3.76785 4.79
    endloop
  endfacet
  facet normal 0.82362 0.567142 0
    outer loop
      vertex -4.57539 3.84705 6
      vertex -4.62605 3.92062 4.79
      vertex -4.62605 3.92062 6
    endloop
  endfacet
  facet normal 0.82362 0.567142 0
    outer loop
      vertex -4.62605 3.92062 4.79
      vertex -4.57539 3.84705 6
      vertex -4.57539 3.84705 4.79
    endloop
  endfacet
  facet normal 0.763834 0.645413 0
    outer loop
      vertex -4.62605 3.92062 6
      vertex -4.68344 3.98854 4.79
      vertex -4.68344 3.98854 6
    endloop
  endfacet
  facet normal 0.763834 0.645413 0
    outer loop
      vertex -4.68344 3.98854 4.79
      vertex -4.62605 3.92062 6
      vertex -4.62605 3.92062 4.79
    endloop
  endfacet
  facet normal 0.693682 0.720281 -0
    outer loop
      vertex -4.68344 3.98854 4.79
      vertex -4.74789 4.05061 6
      vertex -4.68344 3.98854 6
    endloop
  endfacet
  facet normal 0.693682 0.720281 0
    outer loop
      vertex -4.74789 4.05061 6
      vertex -4.68344 3.98854 4.79
      vertex -4.74789 4.05061 4.79
    endloop
  endfacet
  facet normal 0.614723 0.788743 -0
    outer loop
      vertex -4.74789 4.05061 4.79
      vertex -4.81973 4.1066 6
      vertex -4.74789 4.05061 6
    endloop
  endfacet
  facet normal 0.614723 0.788743 0
    outer loop
      vertex -4.81973 4.1066 6
      vertex -4.74789 4.05061 4.79
      vertex -4.81973 4.1066 4.79
    endloop
  endfacet
  facet normal 0.533097 0.846054 -0
    outer loop
      vertex -4.81973 4.1066 4.79
      vertex -4.89894 4.15651 6
      vertex -4.81973 4.1066 6
    endloop
  endfacet
  facet normal 0.533097 0.846054 0
    outer loop
      vertex -4.89894 4.15651 6
      vertex -4.81973 4.1066 4.79
      vertex -4.89894 4.15651 4.79
    endloop
  endfacet
  facet normal 0.451742 0.892149 -0
    outer loop
      vertex -4.89894 4.15651 4.79
      vertex -4.98552 4.20035 6
      vertex -4.89894 4.15651 6
    endloop
  endfacet
  facet normal 0.451742 0.892149 0
    outer loop
      vertex -4.98552 4.20035 6
      vertex -4.89894 4.15651 4.79
      vertex -4.98552 4.20035 4.79
    endloop
  endfacet
  facet normal 0.372803 0.92791 -0
    outer loop
      vertex -4.98552 4.20035 4.79
      vertex -5.07948 4.2381 6
      vertex -4.98552 4.20035 6
    endloop
  endfacet
  facet normal 0.372803 0.92791 0
    outer loop
      vertex -5.07948 4.2381 6
      vertex -4.98552 4.20035 4.79
      vertex -5.07948 4.2381 4.79
    endloop
  endfacet
  facet normal 0.293868 0.955846 -0
    outer loop
      vertex -5.07948 4.2381 4.79
      vertex -5.18106 4.26933 6
      vertex -5.07948 4.2381 6
    endloop
  endfacet
  facet normal 0.293868 0.955846 0
    outer loop
      vertex -5.18106 4.26933 6
      vertex -5.07948 4.2381 4.79
      vertex -5.18106 4.26933 4.79
    endloop
  endfacet
  facet normal 0.216959 0.976181 -0
    outer loop
      vertex -5.18106 4.26933 4.79
      vertex -5.29044 4.29364 6
      vertex -5.18106 4.26933 6
    endloop
  endfacet
  facet normal 0.216959 0.976181 0
    outer loop
      vertex -5.29044 4.29364 6
      vertex -5.18106 4.26933 4.79
      vertex -5.29044 4.29364 4.79
    endloop
  endfacet
  facet normal 0.146561 0.989202 -0
    outer loop
      vertex -5.29044 4.29364 4.79
      vertex -5.40761 4.311 6
      vertex -5.29044 4.29364 6
    endloop
  endfacet
  facet normal 0.146561 0.989202 0
    outer loop
      vertex -5.40761 4.311 6
      vertex -5.29044 4.29364 4.79
      vertex -5.40761 4.311 4.79
    endloop
  endfacet
  facet normal 0.0829927 0.99655 -0
    outer loop
      vertex -5.40761 4.311 4.79
      vertex -5.53261 4.32141 6
      vertex -5.40761 4.311 6
    endloop
  endfacet
  facet normal 0.0829927 0.99655 0
    outer loop
      vertex -5.53261 4.32141 6
      vertex -5.40761 4.311 4.79
      vertex -5.53261 4.32141 4.79
    endloop
  endfacet
  facet normal 0.0261958 0.999657 -0
    outer loop
      vertex -5.53261 4.32141 4.79
      vertex -5.66541 4.32489 6
      vertex -5.53261 4.32141 6
    endloop
  endfacet
  facet normal 0.0261958 0.999657 0
    outer loop
      vertex -5.66541 4.32489 6
      vertex -5.53261 4.32141 4.79
      vertex -5.66541 4.32489 4.79
    endloop
  endfacet
  facet normal -0.0291969 0.999574 0
    outer loop
      vertex -5.66541 4.32489 4.79
      vertex -5.78455 4.32141 6
      vertex -5.66541 4.32489 6
    endloop
  endfacet
  facet normal -0.0291969 0.999574 0
    outer loop
      vertex -5.78455 4.32141 6
      vertex -5.66541 4.32489 4.79
      vertex -5.78455 4.32141 4.79
    endloop
  endfacet
  facet normal -0.999706 0.0242428 0
    outer loop
      vertex 6.30435 1.45779 4.79
      vertex 6.32336 2.24171 6
      vertex 6.32336 2.24171 4.79
    endloop
  endfacet
  facet normal -0.999706 0.0242428 0
    outer loop
      vertex 6.32336 2.24171 6
      vertex 6.30435 1.45779 4.79
      vertex 6.30435 1.45779 6
    endloop
  endfacet
  facet normal 0.964197 0.265186 0
    outer loop
      vertex 6.30435 1.45779 6
      vertex 6.15515 2.00027 4.79
      vertex 6.15515 2.00027 6
    endloop
  endfacet
  facet normal 0.964197 0.265186 0
    outer loop
      vertex 6.15515 2.00027 4.79
      vertex 6.30435 1.45779 6
      vertex 6.30435 1.45779 4.79
    endloop
  endfacet
  facet normal 0.959304 0.282376 0
    outer loop
      vertex 6.15515 2.00027 6
      vertex 5.79984 3.20735 4.79
      vertex 5.79984 3.20735 6
    endloop
  endfacet
  facet normal 0.959304 0.282376 0
    outer loop
      vertex 5.79984 3.20735 4.79
      vertex 6.15515 2.00027 6
      vertex 6.15515 2.00027 4.79
    endloop
  endfacet
  facet normal 0 1 -0
    outer loop
      vertex 5.79984 3.20735 4.79
      vertex 5.38213 3.20735 6
      vertex 5.79984 3.20735 6
    endloop
  endfacet
  facet normal 0 1 0
    outer loop
      vertex 5.38213 3.20735 6
      vertex 5.79984 3.20735 4.79
      vertex 5.38213 3.20735 4.79
    endloop
  endfacet
  facet normal -0.950796 0.309819 0
    outer loop
      vertex 4.9888 2.00027 4.79
      vertex 5.38213 3.20735 6
      vertex 5.38213 3.20735 4.79
    endloop
  endfacet
  facet normal -0.950796 0.309819 0
    outer loop
      vertex 5.38213 3.20735 6
      vertex 4.9888 2.00027 4.79
      vertex 4.9888 2.00027 6
    endloop
  endfacet
  facet normal -0.953799 0.300445 0
    outer loop
      vertex 4.81792 1.45779 4.79
      vertex 4.9888 2.00027 6
      vertex 4.9888 2.00027 4.79
    endloop
  endfacet
  facet normal -0.953799 0.300445 0
    outer loop
      vertex 4.9888 2.00027 6
      vertex 4.81792 1.45779 4.79
      vertex 4.81792 1.45779 6
    endloop
  endfacet
  facet normal 0.999534 0.0305402 0
    outer loop
      vertex 4.81792 1.45779 6
      vertex 4.79347 2.258 4.79
      vertex 4.79347 2.258 6
    endloop
  endfacet
  facet normal 0.999534 0.0305402 0
    outer loop
      vertex 4.79347 2.258 4.79
      vertex 4.81792 1.45779 6
      vertex 4.81792 1.45779 4.79
    endloop
  endfacet
  facet normal 0.999473 0.0324499 0
    outer loop
      vertex 4.79347 2.258 6
      vertex 4.72839 4.2625 4.79
      vertex 4.72839 4.2625 6
    endloop
  endfacet
  facet normal 0.999473 0.0324499 0
    outer loop
      vertex 4.72839 4.2625 4.79
      vertex 4.79347 2.258 6
      vertex 4.79347 2.258 4.79
    endloop
  endfacet
  facet normal 0 1 -0
    outer loop
      vertex 4.72839 4.2625 4.79
      vertex 4.1398 4.2625 6
      vertex 4.72839 4.2625 6
    endloop
  endfacet
  facet normal 0 1 0
    outer loop
      vertex 4.1398 4.2625 6
      vertex 4.72839 4.2625 4.79
      vertex 4.1398 4.2625 4.79
    endloop
  endfacet
  facet normal -0.998766 -0.0496648 0
    outer loop
      vertex 4.31609 0.717285 4.79
      vertex 4.1398 4.2625 6
      vertex 4.1398 4.2625 4.79
    endloop
  endfacet
  facet normal -0.998766 -0.0496648 0
    outer loop
      vertex 4.1398 4.2625 6
      vertex 4.31609 0.717285 4.79
      vertex 4.31609 0.717285 6
    endloop
  endfacet
  facet normal 0 -1 0
    outer loop
      vertex 4.31609 0.717285 4.79
      vertex 5.08372 0.717285 6
      vertex 4.31609 0.717285 6
    endloop
  endfacet
  facet normal 0 -1 -0
    outer loop
      vertex 5.08372 0.717285 6
      vertex 4.31609 0.717285 4.79
      vertex 5.08372 0.717285 4.79
    endloop
  endfacet
  facet normal 0.953537 -0.301277 0
    outer loop
      vertex 5.08372 0.717285 6
      vertex 5.41196 1.75616 4.79
      vertex 5.41196 1.75616 6
    endloop
  endfacet
  facet normal 0.953537 -0.301277 0
    outer loop
      vertex 5.41196 1.75616 4.79
      vertex 5.08372 0.717285 6
      vertex 5.08372 0.717285 4.79
    endloop
  endfacet
  facet normal 0.963185 -0.268838 0
    outer loop
      vertex 5.41196 1.75616 6
      vertex 5.56111 2.29053 4.79
      vertex 5.56111 2.29053 6
    endloop
  endfacet
  facet normal 0.963185 -0.268838 0
    outer loop
      vertex 5.56111 2.29053 4.79
      vertex 5.41196 1.75616 6
      vertex 5.41196 1.75616 4.79
    endloop
  endfacet
  facet normal -0.967071 -0.254506 0
    outer loop
      vertex 5.71031 1.7236 4.79
      vertex 5.56111 2.29053 6
      vertex 5.56111 2.29053 4.79
    endloop
  endfacet
  facet normal -0.967071 -0.254506 0
    outer loop
      vertex 5.56111 2.29053 6
      vertex 5.71031 1.7236 4.79
      vertex 5.71031 1.7236 6
    endloop
  endfacet
  facet normal -0.955154 -0.296109 0
    outer loop
      vertex 6.02228 0.717285 4.79
      vertex 5.71031 1.7236 6
      vertex 5.71031 1.7236 4.79
    endloop
  endfacet
  facet normal -0.955154 -0.296109 0
    outer loop
      vertex 5.71031 1.7236 6
      vertex 6.02228 0.717285 4.79
      vertex 6.02228 0.717285 6
    endloop
  endfacet
  facet normal 0 -1 0
    outer loop
      vertex 6.02228 0.717285 4.79
      vertex 6.77632 0.717285 6
      vertex 6.02228 0.717285 6
    endloop
  endfacet
  facet normal 0 -1 -0
    outer loop
      vertex 6.77632 0.717285 6
      vertex 6.02228 0.717285 4.79
      vertex 6.77632 0.717285 4.79
    endloop
  endfacet
  facet normal 0.998803 -0.0489088 0
    outer loop
      vertex 6.77632 0.717285 6
      vertex 6.94992 4.2625 4.79
      vertex 6.94992 4.2625 6
    endloop
  endfacet
  facet normal 0.998803 -0.0489088 0
    outer loop
      vertex 6.94992 4.2625 4.79
      vertex 6.77632 0.717285 6
      vertex 6.77632 0.717285 4.79
    endloop
  endfacet
  facet normal 0 1 -0
    outer loop
      vertex 6.94992 4.2625 4.79
      vertex 6.38304 4.2625 6
      vertex 6.94992 4.2625 6
    endloop
  endfacet
  facet normal 0 1 0
    outer loop
      vertex 6.38304 4.2625 6
      vertex 6.94992 4.2625 4.79
      vertex 6.38304 4.2625 4.79
    endloop
  endfacet
  facet normal -0.999564 0.0295201 0
    outer loop
      vertex 6.32336 2.24171 4.79
      vertex 6.38304 4.2625 6
      vertex 6.38304 4.2625 4.79
    endloop
  endfacet
  facet normal -0.999564 0.0295201 0
    outer loop
      vertex 6.38304 4.2625 6
      vertex 6.32336 2.24171 4.79
      vertex 6.32336 2.24171 6
    endloop
  endfacet
  facet normal 0 -1 0
    outer loop
      vertex 1.11015 3.6983 4.79
      vertex 2.56676 3.6983 6
      vertex 1.11015 3.6983 6
    endloop
  endfacet
  facet normal 0 -1 -0
    outer loop
      vertex 2.56676 3.6983 6
      vertex 1.11015 3.6983 4.79
      vertex 2.56676 3.6983 4.79
    endloop
  endfacet
  facet normal -1 0 0
    outer loop
      vertex 2.56676 2.71367 4.79
      vertex 2.56676 3.6983 6
      vertex 2.56676 3.6983 4.79
    endloop
  endfacet
  facet normal -1 -0 0
    outer loop
      vertex 2.56676 3.6983 6
      vertex 2.56676 2.71367 4.79
      vertex 2.56676 2.71367 6
    endloop
  endfacet
  facet normal 0 1 -0
    outer loop
      vertex 2.56676 2.71367 4.79
      vertex 1.17796 2.71367 6
      vertex 2.56676 2.71367 6
    endloop
  endfacet
  facet normal 0 1 0
    outer loop
      vertex 1.17796 2.71367 6
      vertex 2.56676 2.71367 4.79
      vertex 1.17796 2.71367 4.79
    endloop
  endfacet
  facet normal -1 0 0
    outer loop
      vertex 1.17796 2.16304 4.79
      vertex 1.17796 2.71367 6
      vertex 1.17796 2.71367 4.79
    endloop
  endfacet
  facet normal -1 -0 0
    outer loop
      vertex 1.17796 2.71367 6
      vertex 1.17796 2.16304 4.79
      vertex 1.17796 2.16304 6
    endloop
  endfacet
  facet normal 0 -1 0
    outer loop
      vertex 1.17796 2.16304 4.79
      vertex 2.56676 2.16304 6
      vertex 1.17796 2.16304 6
    endloop
  endfacet
  facet normal 0 -1 -0
    outer loop
      vertex 2.56676 2.16304 6
      vertex 1.17796 2.16304 4.79
      vertex 2.56676 2.16304 4.79
    endloop
  endfacet
  facet normal -1 0 0
    outer loop
      vertex 2.56676 1.28148 4.79
      vertex 2.56676 2.16304 6
      vertex 2.56676 2.16304 4.79
    endloop
  endfacet
  facet normal -1 -0 0
    outer loop
      vertex 2.56676 2.16304 6
      vertex 2.56676 1.28148 4.79
      vertex 2.56676 1.28148 6
    endloop
  endfacet
  facet normal 0 1 -0
    outer loop
      vertex 2.56676 1.28148 4.79
      vertex 1.11015 1.28148 6
      vertex 2.56676 1.28148 6
    endloop
  endfacet
  facet normal 0 1 0
    outer loop
      vertex 1.11015 1.28148 6
      vertex 2.56676 1.28148 4.79
      vertex 1.11015 1.28148 4.79
    endloop
  endfacet
  facet normal -1 0 0
    outer loop
      vertex 1.11015 0.717285 4.79
      vertex 1.11015 1.28148 6
      vertex 1.11015 1.28148 4.79
    endloop
  endfacet
  facet normal -1 -0 0
    outer loop
      vertex 1.11015 1.28148 6
      vertex 1.11015 0.717285 4.79
      vertex 1.11015 0.717285 6
    endloop
  endfacet
  facet normal 0 -1 0
    outer loop
      vertex 1.11015 0.717285 4.79
      vertex 3.24487 0.717285 6
      vertex 1.11015 0.717285 6
    endloop
  endfacet
  facet normal 0 -1 -0
    outer loop
      vertex 3.24487 0.717285 6
      vertex 1.11015 0.717285 4.79
      vertex 3.24487 0.717285 4.79
    endloop
  endfacet
  facet normal 1 -0 0
    outer loop
      vertex 3.24487 0.717285 6
      vertex 3.24487 4.2625 4.79
      vertex 3.24487 4.2625 6
    endloop
  endfacet
  facet normal 1 0 0
    outer loop
      vertex 3.24487 4.2625 4.79
      vertex 3.24487 0.717285 6
      vertex 3.24487 0.717285 4.79
    endloop
  endfacet
  facet normal 0 1 -0
    outer loop
      vertex 3.24487 4.2625 4.79
      vertex 1.11015 4.2625 6
      vertex 3.24487 4.2625 6
    endloop
  endfacet
  facet normal 0 1 0
    outer loop
      vertex 1.11015 4.2625 6
      vertex 3.24487 4.2625 4.79
      vertex 1.11015 4.2625 4.79
    endloop
  endfacet
  facet normal -1 0 0
    outer loop
      vertex 1.11015 3.6983 4.79
      vertex 1.11015 4.2625 6
      vertex 1.11015 4.2625 4.79
    endloop
  endfacet
  facet normal -1 -0 0
    outer loop
      vertex 1.11015 4.2625 6
      vertex 1.11015 3.6983 4.79
      vertex 1.11015 3.6983 6
    endloop
  endfacet
  facet normal 0 -1 0
    outer loop
      vertex 14.4222 3.6983 4.79
      vertex 15.8788 3.6983 6
      vertex 14.4222 3.6983 6
    endloop
  endfacet
  facet normal 0 -1 -0
    outer loop
      vertex 15.8788 3.6983 6
      vertex 14.4222 3.6983 4.79
      vertex 15.8788 3.6983 4.79
    endloop
  endfacet
  facet normal -1 0 0
    outer loop
      vertex 15.8788 2.71367 4.79
      vertex 15.8788 3.6983 6
      vertex 15.8788 3.6983 4.79
    endloop
  endfacet
  facet normal -1 -0 0
    outer loop
      vertex 15.8788 3.6983 6
      vertex 15.8788 2.71367 4.79
      vertex 15.8788 2.71367 6
    endloop
  endfacet
  facet normal 0 1 -0
    outer loop
      vertex 15.8788 2.71367 4.79
      vertex 14.49 2.71367 6
      vertex 15.8788 2.71367 6
    endloop
  endfacet
  facet normal 0 1 0
    outer loop
      vertex 14.49 2.71367 6
      vertex 15.8788 2.71367 4.79
      vertex 14.49 2.71367 4.79
    endloop
  endfacet
  facet normal -1 0 0
    outer loop
      vertex 14.49 2.16304 4.79
      vertex 14.49 2.71367 6
      vertex 14.49 2.71367 4.79
    endloop
  endfacet
  facet normal -1 -0 0
    outer loop
      vertex 14.49 2.71367 6
      vertex 14.49 2.16304 4.79
      vertex 14.49 2.16304 6
    endloop
  endfacet
  facet normal 0 -1 0
    outer loop
      vertex 14.49 2.16304 4.79
      vertex 15.8788 2.16304 6
      vertex 14.49 2.16304 6
    endloop
  endfacet
  facet normal 0 -1 -0
    outer loop
      vertex 15.8788 2.16304 6
      vertex 14.49 2.16304 4.79
      vertex 15.8788 2.16304 4.79
    endloop
  endfacet
  facet normal -1 0 0
    outer loop
      vertex 15.8788 1.28148 4.79
      vertex 15.8788 2.16304 6
      vertex 15.8788 2.16304 4.79
    endloop
  endfacet
  facet normal -1 -0 0
    outer loop
      vertex 15.8788 2.16304 6
      vertex 15.8788 1.28148 4.79
      vertex 15.8788 1.28148 6
    endloop
  endfacet
  facet normal 0 1 -0
    outer loop
      vertex 15.8788 1.28148 4.79
      vertex 14.4222 1.28148 6
      vertex 15.8788 1.28148 6
    endloop
  endfacet
  facet normal 0 1 0
    outer loop
      vertex 14.4222 1.28148 6
      vertex 15.8788 1.28148 4.79
      vertex 14.4222 1.28148 4.79
    endloop
  endfacet
  facet normal -1 0 0
    outer loop
      vertex 14.4222 0.717285 4.79
      vertex 14.4222 1.28148 6
      vertex 14.4222 1.28148 4.79
    endloop
  endfacet
  facet normal -1 -0 0
    outer loop
      vertex 14.4222 1.28148 6
      vertex 14.4222 0.717285 4.79
      vertex 14.4222 0.717285 6
    endloop
  endfacet
  facet normal 0 -1 0
    outer loop
      vertex 14.4222 0.717285 4.79
      vertex 16.5569 0.717285 6
      vertex 14.4222 0.717285 6
    endloop
  endfacet
  facet normal 0 -1 -0
    outer loop
      vertex 16.5569 0.717285 6
      vertex 14.4222 0.717285 4.79
      vertex 16.5569 0.717285 4.79
    endloop
  endfacet
  facet normal 1 -0 0
    outer loop
      vertex 16.5569 0.717285 6
      vertex 16.5569 4.2625 4.79
      vertex 16.5569 4.2625 6
    endloop
  endfacet
  facet normal 1 0 0
    outer loop
      vertex 16.5569 4.2625 4.79
      vertex 16.5569 0.717285 6
      vertex 16.5569 0.717285 4.79
    endloop
  endfacet
  facet normal 0 1 -0
    outer loop
      vertex 16.5569 4.2625 4.79
      vertex 14.4222 4.2625 6
      vertex 16.5569 4.2625 6
    endloop
  endfacet
  facet normal 0 1 0
    outer loop
      vertex 14.4222 4.2625 6
      vertex 16.5569 4.2625 4.79
      vertex 14.4222 4.2625 4.79
    endloop
  endfacet
  facet normal -1 0 0
    outer loop
      vertex 14.4222 3.6983 4.79
      vertex 14.4222 4.2625 6
      vertex 14.4222 4.2625 4.79
    endloop
  endfacet
  facet normal -1 -0 0
    outer loop
      vertex 14.4222 4.2625 6
      vertex 14.4222 3.6983 4.79
      vertex 14.4222 3.6983 6
    endloop
  endfacet
endsolid OpenSCAD_Model
