solid OpenSCAD_Model
  facet normal 0 -0.975927 0.218096
    outer loop
      vertex -10.3 19.1714 -19.3587
      vertex 8.3 19.2249 -19.1193
      vertex -10.3 19.2249 -19.1193
    endloop
  endfacet
  facet normal 0 -0.975927 0.218096
    outer loop
      vertex 8.3 19.2249 -19.1193
      vertex -10.3 19.1714 -19.3587
      vertex 8.3 19.1714 -19.3587
    endloop
  endfacet
  facet normal 0 -0.8445 -0.535556
    outer loop
      vertex -10.3 19.592 -21.2253
      vertex 8.3 19.4606 -21.0181
      vertex -10.3 19.4606 -21.0181
    endloop
  endfacet
  facet normal 0 -0.8445 -0.535556
    outer loop
      vertex 8.3 19.4606 -21.0181
      vertex -10.3 19.592 -21.2253
      vertex 8.3 19.592 -21.2253
    endloop
  endfacet
  facet normal -1 0 0
    outer loop
      vertex -10.3 29.3964 25.1504
      vertex -10.3 30.2475 30.0774
      vertex -10.3 33.8034 29.4632
    endloop
  endfacet
  facet normal -1 -0 0
    outer loop
      vertex -10.3 30.2475 30.0774
      vertex -10.3 29.3964 25.1504
      vertex -10.3 30.004 30.1073
    endloop
  endfacet
  facet normal -1 -0 0
    outer loop
      vertex -10.3 30.004 30.1073
      vertex -10.3 29.3964 25.1504
      vertex -10.3 29.7587 30.1131
    endloop
  endfacet
  facet normal -1 0 0
    outer loop
      vertex -10.3 29.7587 30.1131
      vertex -10.3 29.3964 25.1504
      vertex -10.3 29.514 30.0949
    endloop
  endfacet
  facet normal -1 0 0
    outer loop
      vertex -10.3 33.8034 29.4632
      vertex -10.3 29.3378 24.811
      vertex -10.3 29.3964 25.1504
    endloop
  endfacet
  facet normal -1 0 0
    outer loop
      vertex -10.3 29.3378 24.811
      vertex -10.3 28.849 24.8467
      vertex -10.3 29.0943 24.8408
    endloop
  endfacet
  facet normal -1 0 0
    outer loop
      vertex -10.3 29.3378 24.811
      vertex -10.3 28.6044 24.8284
      vertex -10.3 28.849 24.8467
    endloop
  endfacet
  facet normal -1 -0 0
    outer loop
      vertex -10.3 29.3378 24.811
      vertex -10.3 28.4867 19.8839
      vertex -10.3 28.6044 24.8284
    endloop
  endfacet
  facet normal -1 0 0
    outer loop
      vertex -10.3 33.8034 29.4632
      vertex -10.3 28.4867 19.8839
      vertex -10.3 29.3378 24.811
    endloop
  endfacet
  facet normal -1 0 0
    outer loop
      vertex -10.3 33.8034 29.4632
      vertex -10.3 28.4281 19.5445
      vertex -10.3 28.4867 19.8839
    endloop
  endfacet
  facet normal -1 0 0
    outer loop
      vertex -10.3 28.4281 19.5445
      vertex -10.3 27.9393 19.5802
      vertex -10.3 28.1846 19.5744
    endloop
  endfacet
  facet normal -1 0 0
    outer loop
      vertex -10.3 28.4281 19.5445
      vertex -10.3 27.6947 19.562
      vertex -10.3 27.9393 19.5802
    endloop
  endfacet
  facet normal -1 -0 0
    outer loop
      vertex -10.3 28.4281 19.5445
      vertex -10.3 27.5771 14.6175
      vertex -10.3 27.6947 19.562
    endloop
  endfacet
  facet normal -1 0 0
    outer loop
      vertex -10.3 33.8034 29.4632
      vertex -10.3 27.5771 14.6175
      vertex -10.3 28.4281 19.5445
    endloop
  endfacet
  facet normal -1 0 0
    outer loop
      vertex -10.3 33.8034 29.4632
      vertex -10.3 27.5184 14.2781
      vertex -10.3 27.5771 14.6175
    endloop
  endfacet
  facet normal -1 0 0
    outer loop
      vertex -10.3 27.5184 14.2781
      vertex -10.3 27.0297 14.3137
      vertex -10.3 27.2749 14.3079
    endloop
  endfacet
  facet normal -1 0 0
    outer loop
      vertex -10.3 27.5184 14.2781
      vertex -10.3 26.785 14.2955
      vertex -10.3 27.0297 14.3137
    endloop
  endfacet
  facet normal -1 -0 0
    outer loop
      vertex -10.3 27.5184 14.2781
      vertex -10.3 26.6674 9.35102
      vertex -10.3 26.785 14.2955
    endloop
  endfacet
  facet normal -1 0 0
    outer loop
      vertex -10.3 33.8034 29.4632
      vertex -10.3 26.6674 9.35102
      vertex -10.3 27.5184 14.2781
    endloop
  endfacet
  facet normal -1 0 0
    outer loop
      vertex -10.3 33.8034 29.4632
      vertex -10.3 26.6088 9.01161
      vertex -10.3 26.6674 9.35102
    endloop
  endfacet
  facet normal -1 0 0
    outer loop
      vertex -10.3 26.6088 9.01161
      vertex -10.3 26.12 9.04728
      vertex -10.3 26.3653 9.04145
    endloop
  endfacet
  facet normal -1 0 0
    outer loop
      vertex -10.3 26.6088 9.01161
      vertex -10.3 25.8753 9.02905
      vertex -10.3 26.12 9.04728
    endloop
  endfacet
  facet normal -1 -0 0
    outer loop
      vertex -10.3 26.6088 9.01161
      vertex -10.3 25.7577 4.08457
      vertex -10.3 25.8753 9.02905
    endloop
  endfacet
  facet normal -1 0 0
    outer loop
      vertex -10.3 33.8034 29.4632
      vertex -10.3 25.7577 4.08457
      vertex -10.3 26.6088 9.01161
    endloop
  endfacet
  facet normal -1 0 0
    outer loop
      vertex -10.3 33.8034 29.4632
      vertex -10.3 25.6991 3.74515
      vertex -10.3 25.7577 4.08457
    endloop
  endfacet
  facet normal -1 0 0
    outer loop
      vertex -10.3 25.6991 3.74515
      vertex -10.3 25.2103 3.78083
      vertex -10.3 25.4556 3.77499
    endloop
  endfacet
  facet normal -1 0 0
    outer loop
      vertex -10.3 25.6991 3.74515
      vertex -10.3 24.9657 3.76259
      vertex -10.3 25.2103 3.78083
    endloop
  endfacet
  facet normal -1 -0 0
    outer loop
      vertex -10.3 25.6991 3.74515
      vertex -10.3 24.848 -1.18189
      vertex -10.3 24.9657 3.76259
    endloop
  endfacet
  facet normal -1 0 0
    outer loop
      vertex -10.3 24.7652 -22.8619
      vertex -10.3 25.6991 3.74515
      vertex -10.3 33.8034 29.4632
    endloop
  endfacet
  facet normal -1 0 0
    outer loop
      vertex -10.3 25.6991 3.74515
      vertex -10.3 24.7652 -22.8619
      vertex -10.3 24.848 -1.18189
    endloop
  endfacet
  facet normal -1 0 0
    outer loop
      vertex -10.3 24.848 -1.18189
      vertex -10.3 24.7652 -22.8619
      vertex -10.3 24.7894 -1.52131
    endloop
  endfacet
  facet normal -1 0 0
    outer loop
      vertex -10.3 23.9384 -6.44835
      vertex -10.3 24.7894 -1.52131
      vertex -10.3 24.7652 -22.8619
    endloop
  endfacet
  facet normal -1 -0 0
    outer loop
      vertex -10.3 24.7894 -1.52131
      vertex -10.3 23.9384 -6.44835
      vertex -10.3 24.5459 -1.49146
    endloop
  endfacet
  facet normal -1 -0 0
    outer loop
      vertex -10.3 24.5459 -1.49146
      vertex -10.3 23.9384 -6.44835
      vertex -10.3 24.3006 -1.48563
    endloop
  endfacet
  facet normal -1 0 0
    outer loop
      vertex -10.3 24.3006 -1.48563
      vertex -10.3 23.9384 -6.44835
      vertex -10.3 24.056 -1.50386
    endloop
  endfacet
  facet normal -1 0 0
    outer loop
      vertex -10.3 24.7652 -22.8619
      vertex -10.3 23.8797 -6.78777
      vertex -10.3 23.9384 -6.44835
    endloop
  endfacet
  facet normal -1 0 0
    outer loop
      vertex -10.3 23.0287 -11.7148
      vertex -10.3 23.8797 -6.78777
      vertex -10.3 24.7652 -22.8619
    endloop
  endfacet
  facet normal -1 -0 0
    outer loop
      vertex -10.3 23.8797 -6.78777
      vertex -10.3 23.0287 -11.7148
      vertex -10.3 23.6362 -6.75792
    endloop
  endfacet
  facet normal -1 -0 0
    outer loop
      vertex -10.3 23.6362 -6.75792
      vertex -10.3 23.0287 -11.7148
      vertex -10.3 23.391 -6.75209
    endloop
  endfacet
  facet normal -1 0 0
    outer loop
      vertex -10.3 23.391 -6.75209
      vertex -10.3 23.0287 -11.7148
      vertex -10.3 23.1463 -6.77032
    endloop
  endfacet
  facet normal -1 0 0
    outer loop
      vertex -10.3 24.7652 -22.8619
      vertex -10.3 22.9701 -12.0542
      vertex -10.3 23.0287 -11.7148
    endloop
  endfacet
  facet normal -1 0 0
    outer loop
      vertex -10.3 22.119 -16.9813
      vertex -10.3 22.9701 -12.0542
      vertex -10.3 24.7652 -22.8619
    endloop
  endfacet
  facet normal -1 -0 0
    outer loop
      vertex -10.3 22.9701 -12.0542
      vertex -10.3 22.119 -16.9813
      vertex -10.3 22.7266 -12.0244
    endloop
  endfacet
  facet normal -1 -0 0
    outer loop
      vertex -10.3 22.7266 -12.0244
      vertex -10.3 22.119 -16.9813
      vertex -10.3 22.4813 -12.0185
    endloop
  endfacet
  facet normal -1 0 0
    outer loop
      vertex -10.3 22.4813 -12.0185
      vertex -10.3 22.119 -16.9813
      vertex -10.3 22.2366 -12.0368
    endloop
  endfacet
  facet normal -1 0 0
    outer loop
      vertex -10.3 24.7652 -22.8619
      vertex -10.3 22.0604 -17.3207
      vertex -10.3 22.119 -16.9813
    endloop
  endfacet
  facet normal -1 0 0
    outer loop
      vertex -10.3 21.2093 -22.2477
      vertex -10.3 22.0604 -17.3207
      vertex -10.3 24.7652 -22.8619
    endloop
  endfacet
  facet normal -1 -0 0
    outer loop
      vertex -10.3 22.0604 -17.3207
      vertex -10.3 21.2093 -22.2477
      vertex -10.3 21.8169 -17.2908
    endloop
  endfacet
  facet normal -1 -0 0
    outer loop
      vertex -10.3 21.8169 -17.2908
      vertex -10.3 21.2093 -22.2477
      vertex -10.3 21.5716 -17.285
    endloop
  endfacet
  facet normal -1 0 0
    outer loop
      vertex -10.3 21.5716 -17.285
      vertex -10.3 21.2093 -22.2477
      vertex -10.3 21.327 -17.3032
    endloop
  endfacet
  facet normal -1 0 0
    outer loop
      vertex -10.3 21.2093 -22.2477
      vertex -10.3 21.0853 -17.3454
      vertex -10.3 21.327 -17.3032
    endloop
  endfacet
  facet normal -1 0 0
    outer loop
      vertex -10.3 20.9699 -22.1942
      vertex -10.3 21.0853 -17.3454
      vertex -10.3 21.2093 -22.2477
    endloop
  endfacet
  facet normal -1 0 0
    outer loop
      vertex -10.3 20.9699 -22.1942
      vertex -10.3 20.8489 -17.411
      vertex -10.3 21.0853 -17.3454
    endloop
  endfacet
  facet normal -1 0 0
    outer loop
      vertex -10.3 20.7369 -22.1174
      vertex -10.3 20.8489 -17.411
      vertex -10.3 20.9699 -22.1942
    endloop
  endfacet
  facet normal -1 0 0
    outer loop
      vertex -10.3 20.7369 -22.1174
      vertex -10.3 20.62 -17.4995
      vertex -10.3 20.8489 -17.411
    endloop
  endfacet
  facet normal -1 0 0
    outer loop
      vertex -10.3 20.5126 -22.0181
      vertex -10.3 20.62 -17.4995
      vertex -10.3 20.7369 -22.1174
    endloop
  endfacet
  facet normal -1 0 0
    outer loop
      vertex -10.3 20.5126 -22.0181
      vertex -10.3 20.401 -17.6099
      vertex -10.3 20.62 -17.4995
    endloop
  endfacet
  facet normal -1 0 0
    outer loop
      vertex -10.3 20.299 -21.8974
      vertex -10.3 20.401 -17.6099
      vertex -10.3 20.5126 -22.0181
    endloop
  endfacet
  facet normal -1 0 0
    outer loop
      vertex -10.3 20.299 -21.8974
      vertex -10.3 20.1938 -17.7413
      vertex -10.3 20.401 -17.6099
    endloop
  endfacet
  facet normal -1 0 0
    outer loop
      vertex -10.3 20.0983 -21.7562
      vertex -10.3 20.1938 -17.7413
      vertex -10.3 20.299 -21.8974
    endloop
  endfacet
  facet normal -1 0 0
    outer loop
      vertex -10.3 20.0983 -21.7562
      vertex -10.3 20.0005 -17.8924
      vertex -10.3 20.1938 -17.7413
    endloop
  endfacet
  facet normal -1 0 0
    outer loop
      vertex -10.3 19.9124 -21.5961
      vertex -10.3 20.0005 -17.8924
      vertex -10.3 20.0983 -21.7562
    endloop
  endfacet
  facet normal -1 0 0
    outer loop
      vertex -10.3 19.9124 -21.5961
      vertex -10.3 19.8229 -18.0617
      vertex -10.3 20.0005 -17.8924
    endloop
  endfacet
  facet normal -1 0 0
    outer loop
      vertex -10.3 19.7431 -21.4186
      vertex -10.3 19.8229 -18.0617
      vertex -10.3 19.9124 -21.5961
    endloop
  endfacet
  facet normal -1 0 0
    outer loop
      vertex -10.3 19.7431 -21.4186
      vertex -10.3 19.6628 -18.2476
      vertex -10.3 19.8229 -18.0617
    endloop
  endfacet
  facet normal -1 0 0
    outer loop
      vertex -10.3 19.592 -21.2253
      vertex -10.3 19.6628 -18.2476
      vertex -10.3 19.7431 -21.4186
    endloop
  endfacet
  facet normal -1 0 0
    outer loop
      vertex -10.3 19.592 -21.2253
      vertex -10.3 19.5217 -18.4483
      vertex -10.3 19.6628 -18.2476
    endloop
  endfacet
  facet normal -1 0 0
    outer loop
      vertex -10.3 19.4606 -21.0181
      vertex -10.3 19.5217 -18.4483
      vertex -10.3 19.592 -21.2253
    endloop
  endfacet
  facet normal -1 0 0
    outer loop
      vertex -10.3 19.4606 -21.0181
      vertex -10.3 19.401 -18.6619
      vertex -10.3 19.5217 -18.4483
    endloop
  endfacet
  facet normal -1 0 0
    outer loop
      vertex -10.3 19.3501 -20.7991
      vertex -10.3 19.401 -18.6619
      vertex -10.3 19.4606 -21.0181
    endloop
  endfacet
  facet normal -1 0 0
    outer loop
      vertex -10.3 19.3501 -20.7991
      vertex -10.3 19.3017 -18.8862
      vertex -10.3 19.401 -18.6619
    endloop
  endfacet
  facet normal -1 0 0
    outer loop
      vertex -10.3 19.2617 -20.5702
      vertex -10.3 19.3017 -18.8862
      vertex -10.3 19.3501 -20.7991
    endloop
  endfacet
  facet normal -1 0 0
    outer loop
      vertex -10.3 19.2617 -20.5702
      vertex -10.3 19.2249 -19.1193
      vertex -10.3 19.3017 -18.8862
    endloop
  endfacet
  facet normal -1 0 0
    outer loop
      vertex -10.3 19.196 -20.3338
      vertex -10.3 19.2249 -19.1193
      vertex -10.3 19.2617 -20.5702
    endloop
  endfacet
  facet normal -1 0 0
    outer loop
      vertex -10.3 19.196 -20.3338
      vertex -10.3 19.1714 -19.3587
      vertex -10.3 19.2249 -19.1193
    endloop
  endfacet
  facet normal -1 0 0
    outer loop
      vertex -10.3 19.1539 -20.0921
      vertex -10.3 19.1714 -19.3587
      vertex -10.3 19.196 -20.3338
    endloop
  endfacet
  facet normal -1 0 0
    outer loop
      vertex -10.3 19.1539 -20.0921
      vertex -10.3 19.1415 -19.6022
      vertex -10.3 19.1714 -19.3587
    endloop
  endfacet
  facet normal -1 0 -0
    outer loop
      vertex -10.3 19.1415 -19.6022
      vertex -10.3 19.1539 -20.0921
      vertex -10.3 19.1357 -19.8475
    endloop
  endfacet
  facet normal -1 0 0
    outer loop
      vertex -10.3 29.3964 25.1504
      vertex -10.3 29.2723 30.0528
      vertex -10.3 29.514 30.0949
    endloop
  endfacet
  facet normal -1 0 0
    outer loop
      vertex -10.3 29.157 25.204
      vertex -10.3 29.2723 30.0528
      vertex -10.3 29.3964 25.1504
    endloop
  endfacet
  facet normal -1 0 0
    outer loop
      vertex -10.3 29.157 25.204
      vertex -10.3 29.0359 29.9871
      vertex -10.3 29.2723 30.0528
    endloop
  endfacet
  facet normal -1 0 0
    outer loop
      vertex -10.3 28.924 25.2807
      vertex -10.3 29.0359 29.9871
      vertex -10.3 29.157 25.204
    endloop
  endfacet
  facet normal -1 0 0
    outer loop
      vertex -10.3 28.924 25.2807
      vertex -10.3 28.8071 29.8987
      vertex -10.3 29.0359 29.9871
    endloop
  endfacet
  facet normal -1 0 0
    outer loop
      vertex -10.3 28.6996 25.38
      vertex -10.3 28.8071 29.8987
      vertex -10.3 28.924 25.2807
    endloop
  endfacet
  facet normal -1 0 0
    outer loop
      vertex -10.3 28.6996 25.38
      vertex -10.3 28.588 29.7882
      vertex -10.3 28.8071 29.8987
    endloop
  endfacet
  facet normal -1 0 0
    outer loop
      vertex -10.3 28.4861 25.5008
      vertex -10.3 28.588 29.7882
      vertex -10.3 28.6996 25.38
    endloop
  endfacet
  facet normal -1 0 0
    outer loop
      vertex -10.3 28.4861 25.5008
      vertex -10.3 28.3809 29.6568
      vertex -10.3 28.588 29.7882
    endloop
  endfacet
  facet normal -1 0 0
    outer loop
      vertex -10.3 28.2854 25.6419
      vertex -10.3 28.3809 29.6568
      vertex -10.3 28.4861 25.5008
    endloop
  endfacet
  facet normal -1 0 0
    outer loop
      vertex -10.3 28.2854 25.6419
      vertex -10.3 28.1876 29.5057
      vertex -10.3 28.3809 29.6568
    endloop
  endfacet
  facet normal -1 0 0
    outer loop
      vertex -10.3 28.0995 25.802
      vertex -10.3 28.1876 29.5057
      vertex -10.3 28.2854 25.6419
    endloop
  endfacet
  facet normal -1 0 0
    outer loop
      vertex -10.3 28.0995 25.802
      vertex -10.3 28.01 29.3364
      vertex -10.3 28.1876 29.5057
    endloop
  endfacet
  facet normal -1 0 0
    outer loop
      vertex -10.3 27.9302 25.9795
      vertex -10.3 28.01 29.3364
      vertex -10.3 28.0995 25.802
    endloop
  endfacet
  facet normal -1 0 0
    outer loop
      vertex -10.3 27.9302 25.9795
      vertex -10.3 27.8499 29.1505
      vertex -10.3 28.01 29.3364
    endloop
  endfacet
  facet normal -1 0 0
    outer loop
      vertex -10.3 27.7791 26.1728
      vertex -10.3 27.8499 29.1505
      vertex -10.3 27.9302 25.9795
    endloop
  endfacet
  facet normal -1 0 0
    outer loop
      vertex -10.3 27.7791 26.1728
      vertex -10.3 27.7088 28.9498
      vertex -10.3 27.8499 29.1505
    endloop
  endfacet
  facet normal -1 0 0
    outer loop
      vertex -10.3 27.6477 26.38
      vertex -10.3 27.7088 28.9498
      vertex -10.3 27.7791 26.1728
    endloop
  endfacet
  facet normal -1 0 0
    outer loop
      vertex -10.3 27.6477 26.38
      vertex -10.3 27.588 28.7362
      vertex -10.3 27.7088 28.9498
    endloop
  endfacet
  facet normal -1 0 0
    outer loop
      vertex -10.3 27.5372 26.5991
      vertex -10.3 27.588 28.7362
      vertex -10.3 27.6477 26.38
    endloop
  endfacet
  facet normal -1 0 0
    outer loop
      vertex -10.3 27.5372 26.5991
      vertex -10.3 27.4888 28.5119
      vertex -10.3 27.588 28.7362
    endloop
  endfacet
  facet normal -1 0 0
    outer loop
      vertex -10.3 27.4487 26.8279
      vertex -10.3 27.4888 28.5119
      vertex -10.3 27.5372 26.5991
    endloop
  endfacet
  facet normal -1 0 0
    outer loop
      vertex -10.3 27.4487 26.8279
      vertex -10.3 27.412 28.2789
      vertex -10.3 27.4888 28.5119
    endloop
  endfacet
  facet normal -1 0 0
    outer loop
      vertex -10.3 27.3831 27.0643
      vertex -10.3 27.412 28.2789
      vertex -10.3 27.4487 26.8279
    endloop
  endfacet
  facet normal -1 0 0
    outer loop
      vertex -10.3 27.3831 27.0643
      vertex -10.3 27.3584 28.0394
      vertex -10.3 27.412 28.2789
    endloop
  endfacet
  facet normal -1 0 0
    outer loop
      vertex -10.3 27.341 27.306
      vertex -10.3 27.3584 28.0394
      vertex -10.3 27.3831 27.0643
    endloop
  endfacet
  facet normal -1 0 0
    outer loop
      vertex -10.3 27.341 27.306
      vertex -10.3 27.3286 27.7959
      vertex -10.3 27.3584 28.0394
    endloop
  endfacet
  facet normal -1 0 -0
    outer loop
      vertex -10.3 27.3286 27.7959
      vertex -10.3 27.341 27.306
      vertex -10.3 27.3228 27.5507
    endloop
  endfacet
  facet normal -1 0 0
    outer loop
      vertex -10.3 28.4867 19.8839
      vertex -10.3 28.3627 24.7863
      vertex -10.3 28.6044 24.8284
    endloop
  endfacet
  facet normal -1 0 0
    outer loop
      vertex -10.3 28.2473 19.9375
      vertex -10.3 28.3627 24.7863
      vertex -10.3 28.4867 19.8839
    endloop
  endfacet
  facet normal -1 0 0
    outer loop
      vertex -10.3 28.2473 19.9375
      vertex -10.3 28.1263 24.7207
      vertex -10.3 28.3627 24.7863
    endloop
  endfacet
  facet normal -1 0 0
    outer loop
      vertex -10.3 28.0143 20.0143
      vertex -10.3 28.1263 24.7207
      vertex -10.3 28.2473 19.9375
    endloop
  endfacet
  facet normal -1 0 0
    outer loop
      vertex -10.3 28.0143 20.0143
      vertex -10.3 27.8974 24.6322
      vertex -10.3 28.1263 24.7207
    endloop
  endfacet
  facet normal -1 0 0
    outer loop
      vertex -10.3 27.79 20.1135
      vertex -10.3 27.8974 24.6322
      vertex -10.3 28.0143 20.0143
    endloop
  endfacet
  facet normal -1 0 0
    outer loop
      vertex -10.3 27.79 20.1135
      vertex -10.3 27.6784 24.5217
      vertex -10.3 27.8974 24.6322
    endloop
  endfacet
  facet normal -1 0 0
    outer loop
      vertex -10.3 27.5764 20.2343
      vertex -10.3 27.6784 24.5217
      vertex -10.3 27.79 20.1135
    endloop
  endfacet
  facet normal -1 0 0
    outer loop
      vertex -10.3 27.5764 20.2343
      vertex -10.3 27.4712 24.3903
      vertex -10.3 27.6784 24.5217
    endloop
  endfacet
  facet normal -1 0 0
    outer loop
      vertex -10.3 27.3757 20.3754
      vertex -10.3 27.4712 24.3903
      vertex -10.3 27.5764 20.2343
    endloop
  endfacet
  facet normal -1 0 0
    outer loop
      vertex -10.3 27.3757 20.3754
      vertex -10.3 27.2779 24.2392
      vertex -10.3 27.4712 24.3903
    endloop
  endfacet
  facet normal -1 0 0
    outer loop
      vertex -10.3 27.1898 20.5355
      vertex -10.3 27.2779 24.2392
      vertex -10.3 27.3757 20.3754
    endloop
  endfacet
  facet normal -1 0 0
    outer loop
      vertex -10.3 27.1898 20.5355
      vertex -10.3 27.1003 24.0699
      vertex -10.3 27.2779 24.2392
    endloop
  endfacet
  facet normal -1 0 0
    outer loop
      vertex -10.3 27.0205 20.7131
      vertex -10.3 27.1003 24.0699
      vertex -10.3 27.1898 20.5355
    endloop
  endfacet
  facet normal -1 0 0
    outer loop
      vertex -10.3 27.0205 20.7131
      vertex -10.3 26.9402 23.884
      vertex -10.3 27.1003 24.0699
    endloop
  endfacet
  facet normal -1 0 0
    outer loop
      vertex -10.3 26.8694 20.9064
      vertex -10.3 26.9402 23.884
      vertex -10.3 27.0205 20.7131
    endloop
  endfacet
  facet normal -1 0 0
    outer loop
      vertex -10.3 26.8694 20.9064
      vertex -10.3 26.7991 23.6833
      vertex -10.3 26.9402 23.884
    endloop
  endfacet
  facet normal -1 0 0
    outer loop
      vertex -10.3 26.738 21.1136
      vertex -10.3 26.7991 23.6833
      vertex -10.3 26.8694 20.9064
    endloop
  endfacet
  facet normal -1 0 0
    outer loop
      vertex -10.3 26.738 21.1136
      vertex -10.3 26.6784 23.4698
      vertex -10.3 26.7991 23.6833
    endloop
  endfacet
  facet normal -1 0 0
    outer loop
      vertex -10.3 26.6275 21.3326
      vertex -10.3 26.6784 23.4698
      vertex -10.3 26.738 21.1136
    endloop
  endfacet
  facet normal -1 0 0
    outer loop
      vertex -10.3 26.6275 21.3326
      vertex -10.3 26.5791 23.2454
      vertex -10.3 26.6784 23.4698
    endloop
  endfacet
  facet normal -1 0 0
    outer loop
      vertex -10.3 26.5391 21.5614
      vertex -10.3 26.5791 23.2454
      vertex -10.3 26.6275 21.3326
    endloop
  endfacet
  facet normal -1 0 0
    outer loop
      vertex -10.3 26.5391 21.5614
      vertex -10.3 26.5023 23.0124
      vertex -10.3 26.5791 23.2454
    endloop
  endfacet
  facet normal -1 0 0
    outer loop
      vertex -10.3 26.4734 21.7978
      vertex -10.3 26.5023 23.0124
      vertex -10.3 26.5391 21.5614
    endloop
  endfacet
  facet normal -1 0 0
    outer loop
      vertex -10.3 26.4734 21.7978
      vertex -10.3 26.4488 22.773
      vertex -10.3 26.5023 23.0124
    endloop
  endfacet
  facet normal -1 0 0
    outer loop
      vertex -10.3 26.4313 22.0395
      vertex -10.3 26.4488 22.773
      vertex -10.3 26.4734 21.7978
    endloop
  endfacet
  facet normal -1 0 0
    outer loop
      vertex -10.3 26.4313 22.0395
      vertex -10.3 26.4189 22.5295
      vertex -10.3 26.4488 22.773
    endloop
  endfacet
  facet normal -1 0 -0
    outer loop
      vertex -10.3 26.4189 22.5295
      vertex -10.3 26.4313 22.0395
      vertex -10.3 26.4131 22.2842
    endloop
  endfacet
  facet normal -1 0 0
    outer loop
      vertex -10.3 27.5771 14.6175
      vertex -10.3 27.453 19.5198
      vertex -10.3 27.6947 19.562
    endloop
  endfacet
  facet normal -1 0 0
    outer loop
      vertex -10.3 27.3377 14.6711
      vertex -10.3 27.453 19.5198
      vertex -10.3 27.5771 14.6175
    endloop
  endfacet
  facet normal -1 0 0
    outer loop
      vertex -10.3 27.3377 14.6711
      vertex -10.3 27.2166 19.4542
      vertex -10.3 27.453 19.5198
    endloop
  endfacet
  facet normal -1 0 0
    outer loop
      vertex -10.3 27.1046 14.7478
      vertex -10.3 27.2166 19.4542
      vertex -10.3 27.3377 14.6711
    endloop
  endfacet
  facet normal -1 0 0
    outer loop
      vertex -10.3 27.1046 14.7478
      vertex -10.3 26.9878 19.3658
      vertex -10.3 27.2166 19.4542
    endloop
  endfacet
  facet normal -1 0 0
    outer loop
      vertex -10.3 26.8803 14.8471
      vertex -10.3 26.9878 19.3658
      vertex -10.3 27.1046 14.7478
    endloop
  endfacet
  facet normal -1 0 0
    outer loop
      vertex -10.3 26.8803 14.8471
      vertex -10.3 26.7687 19.2553
      vertex -10.3 26.9878 19.3658
    endloop
  endfacet
  facet normal -1 0 0
    outer loop
      vertex -10.3 26.6667 14.9678
      vertex -10.3 26.7687 19.2553
      vertex -10.3 26.8803 14.8471
    endloop
  endfacet
  facet normal -1 0 0
    outer loop
      vertex -10.3 26.6667 14.9678
      vertex -10.3 26.5615 19.1239
      vertex -10.3 26.7687 19.2553
    endloop
  endfacet
  facet normal -1 0 0
    outer loop
      vertex -10.3 26.466 15.109
      vertex -10.3 26.5615 19.1239
      vertex -10.3 26.6667 14.9678
    endloop
  endfacet
  facet normal -1 0 0
    outer loop
      vertex -10.3 26.466 15.109
      vertex -10.3 26.3682 18.9728
      vertex -10.3 26.5615 19.1239
    endloop
  endfacet
  facet normal -1 0 0
    outer loop
      vertex -10.3 26.2801 15.2691
      vertex -10.3 26.3682 18.9728
      vertex -10.3 26.466 15.109
    endloop
  endfacet
  facet normal -1 0 0
    outer loop
      vertex -10.3 26.2801 15.2691
      vertex -10.3 26.1907 18.8035
      vertex -10.3 26.3682 18.9728
    endloop
  endfacet
  facet normal -1 0 0
    outer loop
      vertex -10.3 26.1108 15.4466
      vertex -10.3 26.1907 18.8035
      vertex -10.3 26.2801 15.2691
    endloop
  endfacet
  facet normal -1 0 0
    outer loop
      vertex -10.3 26.1108 15.4466
      vertex -10.3 26.0306 18.6176
      vertex -10.3 26.1907 18.8035
    endloop
  endfacet
  facet normal -1 0 0
    outer loop
      vertex -10.3 25.9597 15.6399
      vertex -10.3 26.0306 18.6176
      vertex -10.3 26.1108 15.4466
    endloop
  endfacet
  facet normal -1 0 0
    outer loop
      vertex -10.3 25.9597 15.6399
      vertex -10.3 25.8894 18.4169
      vertex -10.3 26.0306 18.6176
    endloop
  endfacet
  facet normal -1 0 0
    outer loop
      vertex -10.3 25.8283 15.8471
      vertex -10.3 25.8894 18.4169
      vertex -10.3 25.9597 15.6399
    endloop
  endfacet
  facet normal -1 0 0
    outer loop
      vertex -10.3 25.8283 15.8471
      vertex -10.3 25.7687 18.2033
      vertex -10.3 25.8894 18.4169
    endloop
  endfacet
  facet normal -1 0 0
    outer loop
      vertex -10.3 25.7178 16.0662
      vertex -10.3 25.7687 18.2033
      vertex -10.3 25.8283 15.8471
    endloop
  endfacet
  facet normal -1 0 0
    outer loop
      vertex -10.3 25.7178 16.0662
      vertex -10.3 25.6694 17.979
      vertex -10.3 25.7687 18.2033
    endloop
  endfacet
  facet normal -1 0 0
    outer loop
      vertex -10.3 25.6294 16.295
      vertex -10.3 25.6694 17.979
      vertex -10.3 25.7178 16.0662
    endloop
  endfacet
  facet normal -1 0 0
    outer loop
      vertex -10.3 25.6294 16.295
      vertex -10.3 25.5927 17.7459
      vertex -10.3 25.6694 17.979
    endloop
  endfacet
  facet normal -1 0 0
    outer loop
      vertex -10.3 25.5638 16.5314
      vertex -10.3 25.5927 17.7459
      vertex -10.3 25.6294 16.295
    endloop
  endfacet
  facet normal -1 0 0
    outer loop
      vertex -10.3 25.5638 16.5314
      vertex -10.3 25.5391 17.5065
      vertex -10.3 25.5927 17.7459
    endloop
  endfacet
  facet normal -1 0 0
    outer loop
      vertex -10.3 25.5216 16.7731
      vertex -10.3 25.5391 17.5065
      vertex -10.3 25.5638 16.5314
    endloop
  endfacet
  facet normal -1 0 0
    outer loop
      vertex -10.3 25.5216 16.7731
      vertex -10.3 25.5092 17.263
      vertex -10.3 25.5391 17.5065
    endloop
  endfacet
  facet normal -1 0 -0
    outer loop
      vertex -10.3 25.5092 17.263
      vertex -10.3 25.5216 16.7731
      vertex -10.3 25.5034 17.0177
    endloop
  endfacet
  facet normal -1 0 0
    outer loop
      vertex -10.3 26.6674 9.35102
      vertex -10.3 26.5433 14.2534
      vertex -10.3 26.785 14.2955
    endloop
  endfacet
  facet normal -1 0 0
    outer loop
      vertex -10.3 26.428 9.40459
      vertex -10.3 26.5433 14.2534
      vertex -10.3 26.6674 9.35102
    endloop
  endfacet
  facet normal -1 0 0
    outer loop
      vertex -10.3 26.428 9.40459
      vertex -10.3 26.3069 14.1878
      vertex -10.3 26.5433 14.2534
    endloop
  endfacet
  facet normal -1 0 0
    outer loop
      vertex -10.3 26.195 9.48137
      vertex -10.3 26.3069 14.1878
      vertex -10.3 26.428 9.40459
    endloop
  endfacet
  facet normal -1 0 0
    outer loop
      vertex -10.3 26.195 9.48137
      vertex -10.3 26.0781 14.0993
      vertex -10.3 26.3069 14.1878
    endloop
  endfacet
  facet normal -1 0 0
    outer loop
      vertex -10.3 25.9706 9.58062
      vertex -10.3 26.0781 14.0993
      vertex -10.3 26.195 9.48137
    endloop
  endfacet
  facet normal -1 0 0
    outer loop
      vertex -10.3 25.9706 9.58062
      vertex -10.3 25.859 13.9888
      vertex -10.3 26.0781 14.0993
    endloop
  endfacet
  facet normal -1 0 0
    outer loop
      vertex -10.3 25.757 9.70139
      vertex -10.3 25.859 13.9888
      vertex -10.3 25.9706 9.58062
    endloop
  endfacet
  facet normal -1 0 0
    outer loop
      vertex -10.3 25.757 9.70139
      vertex -10.3 25.6518 13.8574
      vertex -10.3 25.859 13.9888
    endloop
  endfacet
  facet normal -1 0 0
    outer loop
      vertex -10.3 25.5564 9.8425
      vertex -10.3 25.6518 13.8574
      vertex -10.3 25.757 9.70139
    endloop
  endfacet
  facet normal -1 0 0
    outer loop
      vertex -10.3 25.5564 9.8425
      vertex -10.3 25.4585 13.7063
      vertex -10.3 25.6518 13.8574
    endloop
  endfacet
  facet normal -1 0 0
    outer loop
      vertex -10.3 25.3705 10.0026
      vertex -10.3 25.4585 13.7063
      vertex -10.3 25.5564 9.8425
    endloop
  endfacet
  facet normal -1 0 0
    outer loop
      vertex -10.3 25.3705 10.0026
      vertex -10.3 25.281 13.537
      vertex -10.3 25.4585 13.7063
    endloop
  endfacet
  facet normal -1 0 0
    outer loop
      vertex -10.3 25.2012 10.1802
      vertex -10.3 25.281 13.537
      vertex -10.3 25.3705 10.0026
    endloop
  endfacet
  facet normal -1 0 0
    outer loop
      vertex -10.3 25.2012 10.1802
      vertex -10.3 25.1209 13.3511
      vertex -10.3 25.281 13.537
    endloop
  endfacet
  facet normal -1 0 0
    outer loop
      vertex -10.3 25.0501 10.3735
      vertex -10.3 25.1209 13.3511
      vertex -10.3 25.2012 10.1802
    endloop
  endfacet
  facet normal -1 0 0
    outer loop
      vertex -10.3 25.0501 10.3735
      vertex -10.3 24.9798 13.1504
      vertex -10.3 25.1209 13.3511
    endloop
  endfacet
  facet normal -1 0 0
    outer loop
      vertex -10.3 24.9186 10.5806
      vertex -10.3 24.9798 13.1504
      vertex -10.3 25.0501 10.3735
    endloop
  endfacet
  facet normal -1 0 0
    outer loop
      vertex -10.3 24.9186 10.5806
      vertex -10.3 24.859 12.9369
      vertex -10.3 24.9798 13.1504
    endloop
  endfacet
  facet normal -1 0 0
    outer loop
      vertex -10.3 24.8082 10.7997
      vertex -10.3 24.859 12.9369
      vertex -10.3 24.9186 10.5806
    endloop
  endfacet
  facet normal -1 0 0
    outer loop
      vertex -10.3 24.8082 10.7997
      vertex -10.3 24.7598 12.7125
      vertex -10.3 24.859 12.9369
    endloop
  endfacet
  facet normal -1 0 0
    outer loop
      vertex -10.3 24.7197 11.0285
      vertex -10.3 24.7598 12.7125
      vertex -10.3 24.8082 10.7997
    endloop
  endfacet
  facet normal -1 0 0
    outer loop
      vertex -10.3 24.7197 11.0285
      vertex -10.3 24.683 12.4795
      vertex -10.3 24.7598 12.7125
    endloop
  endfacet
  facet normal -1 0 0
    outer loop
      vertex -10.3 24.6541 11.2649
      vertex -10.3 24.683 12.4795
      vertex -10.3 24.7197 11.0285
    endloop
  endfacet
  facet normal -1 0 0
    outer loop
      vertex -10.3 24.6541 11.2649
      vertex -10.3 24.6294 12.2401
      vertex -10.3 24.683 12.4795
    endloop
  endfacet
  facet normal -1 0 0
    outer loop
      vertex -10.3 24.612 11.5066
      vertex -10.3 24.6294 12.2401
      vertex -10.3 24.6541 11.2649
    endloop
  endfacet
  facet normal -1 0 0
    outer loop
      vertex -10.3 24.612 11.5066
      vertex -10.3 24.5996 11.9966
      vertex -10.3 24.6294 12.2401
    endloop
  endfacet
  facet normal -1 0 -0
    outer loop
      vertex -10.3 24.5996 11.9966
      vertex -10.3 24.612 11.5066
      vertex -10.3 24.5937 11.7513
    endloop
  endfacet
  facet normal -1 0 0
    outer loop
      vertex -10.3 25.7577 4.08457
      vertex -10.3 25.6336 8.98692
      vertex -10.3 25.8753 9.02905
    endloop
  endfacet
  facet normal -1 0 0
    outer loop
      vertex -10.3 25.5183 4.13814
      vertex -10.3 25.6336 8.98692
      vertex -10.3 25.7577 4.08457
    endloop
  endfacet
  facet normal -1 0 0
    outer loop
      vertex -10.3 25.5183 4.13814
      vertex -10.3 25.3972 8.92131
      vertex -10.3 25.6336 8.98692
    endloop
  endfacet
  facet normal -1 0 0
    outer loop
      vertex -10.3 25.2853 4.21492
      vertex -10.3 25.3972 8.92131
      vertex -10.3 25.5183 4.13814
    endloop
  endfacet
  facet normal -1 0 0
    outer loop
      vertex -10.3 25.2853 4.21492
      vertex -10.3 25.1684 8.83284
      vertex -10.3 25.3972 8.92131
    endloop
  endfacet
  facet normal -1 0 0
    outer loop
      vertex -10.3 25.0609 4.31417
      vertex -10.3 25.1684 8.83284
      vertex -10.3 25.2853 4.21492
    endloop
  endfacet
  facet normal -1 0 0
    outer loop
      vertex -10.3 25.0609 4.31417
      vertex -10.3 24.9493 8.72236
      vertex -10.3 25.1684 8.83284
    endloop
  endfacet
  facet normal -1 0 0
    outer loop
      vertex -10.3 24.8474 4.43493
      vertex -10.3 24.9493 8.72236
      vertex -10.3 25.0609 4.31417
    endloop
  endfacet
  facet normal -1 0 0
    outer loop
      vertex -10.3 24.8474 4.43493
      vertex -10.3 24.7422 8.59095
      vertex -10.3 24.9493 8.72236
    endloop
  endfacet
  facet normal -1 0 0
    outer loop
      vertex -10.3 24.6467 4.57605
      vertex -10.3 24.7422 8.59095
      vertex -10.3 24.8474 4.43493
    endloop
  endfacet
  facet normal -1 0 0
    outer loop
      vertex -10.3 24.6467 4.57605
      vertex -10.3 24.5489 8.43986
      vertex -10.3 24.7422 8.59095
    endloop
  endfacet
  facet normal -1 0 0
    outer loop
      vertex -10.3 24.4608 4.73615
      vertex -10.3 24.5489 8.43986
      vertex -10.3 24.6467 4.57605
    endloop
  endfacet
  facet normal -1 0 0
    outer loop
      vertex -10.3 24.4608 4.73615
      vertex -10.3 24.3713 8.27055
      vertex -10.3 24.5489 8.43986
    endloop
  endfacet
  facet normal -1 0 0
    outer loop
      vertex -10.3 24.2915 4.91371
      vertex -10.3 24.3713 8.27055
      vertex -10.3 24.4608 4.73615
    endloop
  endfacet
  facet normal -1 0 0
    outer loop
      vertex -10.3 24.2915 4.91371
      vertex -10.3 24.2112 8.08466
      vertex -10.3 24.3713 8.27055
    endloop
  endfacet
  facet normal -1 0 0
    outer loop
      vertex -10.3 24.1404 5.107
      vertex -10.3 24.2112 8.08466
      vertex -10.3 24.2915 4.91371
    endloop
  endfacet
  facet normal -1 0 0
    outer loop
      vertex -10.3 24.1404 5.107
      vertex -10.3 24.0701 7.88397
      vertex -10.3 24.2112 8.08466
    endloop
  endfacet
  facet normal -1 0 0
    outer loop
      vertex -10.3 24.009 5.31418
      vertex -10.3 24.0701 7.88397
      vertex -10.3 24.1404 5.107
    endloop
  endfacet
  facet normal -1 0 0
    outer loop
      vertex -10.3 24.009 5.31418
      vertex -10.3 23.9493 7.67041
      vertex -10.3 24.0701 7.88397
    endloop
  endfacet
  facet normal -1 0 0
    outer loop
      vertex -10.3 23.8985 5.53324
      vertex -10.3 23.9493 7.67041
      vertex -10.3 24.009 5.31418
    endloop
  endfacet
  facet normal -1 0 0
    outer loop
      vertex -10.3 23.8985 5.53324
      vertex -10.3 23.8501 7.44604
      vertex -10.3 23.9493 7.67041
    endloop
  endfacet
  facet normal -1 0 0
    outer loop
      vertex -10.3 23.81 5.76207
      vertex -10.3 23.8501 7.44604
      vertex -10.3 23.8985 5.53324
    endloop
  endfacet
  facet normal -1 0 0
    outer loop
      vertex -10.3 23.81 5.76207
      vertex -10.3 23.7733 7.21303
      vertex -10.3 23.8501 7.44604
    endloop
  endfacet
  facet normal -1 0 0
    outer loop
      vertex -10.3 23.7444 5.99847
      vertex -10.3 23.7733 7.21303
      vertex -10.3 23.81 5.76207
    endloop
  endfacet
  facet normal -1 0 0
    outer loop
      vertex -10.3 23.7444 5.99847
      vertex -10.3 23.7197 6.97361
      vertex -10.3 23.7733 7.21303
    endloop
  endfacet
  facet normal -1 0 0
    outer loop
      vertex -10.3 23.7023 6.24016
      vertex -10.3 23.7197 6.97361
      vertex -10.3 23.7444 5.99847
    endloop
  endfacet
  facet normal -1 0 0
    outer loop
      vertex -10.3 23.7023 6.24016
      vertex -10.3 23.6899 6.73009
      vertex -10.3 23.7197 6.97361
    endloop
  endfacet
  facet normal -1 0 -0
    outer loop
      vertex -10.3 23.6899 6.73009
      vertex -10.3 23.7023 6.24016
      vertex -10.3 23.684 6.48482
    endloop
  endfacet
  facet normal -1 0 0
    outer loop
      vertex -10.3 24.848 -1.18189
      vertex -10.3 24.724 3.72046
      vertex -10.3 24.9657 3.76259
    endloop
  endfacet
  facet normal -1 0 0
    outer loop
      vertex -10.3 24.6086 -1.12832
      vertex -10.3 24.724 3.72046
      vertex -10.3 24.848 -1.18189
    endloop
  endfacet
  facet normal -1 0 0
    outer loop
      vertex -10.3 24.6086 -1.12832
      vertex -10.3 24.4876 3.65485
      vertex -10.3 24.724 3.72046
    endloop
  endfacet
  facet normal -1 0 0
    outer loop
      vertex -10.3 24.3756 -1.05154
      vertex -10.3 24.4876 3.65485
      vertex -10.3 24.6086 -1.12832
    endloop
  endfacet
  facet normal -1 0 0
    outer loop
      vertex -10.3 24.3756 -1.05154
      vertex -10.3 24.2587 3.56638
      vertex -10.3 24.4876 3.65485
    endloop
  endfacet
  facet normal -1 0 0
    outer loop
      vertex -10.3 24.1513 -0.95229
      vertex -10.3 24.2587 3.56638
      vertex -10.3 24.3756 -1.05154
    endloop
  endfacet
  facet normal -1 0 0
    outer loop
      vertex -10.3 24.1513 -0.95229
      vertex -10.3 24.0397 3.4559
      vertex -10.3 24.2587 3.56638
    endloop
  endfacet
  facet normal -1 0 0
    outer loop
      vertex -10.3 23.9377 -0.831526
      vertex -10.3 24.0397 3.4559
      vertex -10.3 24.1513 -0.95229
    endloop
  endfacet
  facet normal -1 0 0
    outer loop
      vertex -10.3 23.9377 -0.831526
      vertex -10.3 23.8325 3.32449
      vertex -10.3 24.0397 3.4559
    endloop
  endfacet
  facet normal -1 0 0
    outer loop
      vertex -10.3 23.737 -0.690411
      vertex -10.3 23.8325 3.32449
      vertex -10.3 23.9377 -0.831526
    endloop
  endfacet
  facet normal -1 0 0
    outer loop
      vertex -10.3 23.737 -0.690411
      vertex -10.3 23.6392 3.1734
      vertex -10.3 23.8325 3.32449
    endloop
  endfacet
  facet normal -1 0 0
    outer loop
      vertex -10.3 23.5511 -0.530305
      vertex -10.3 23.6392 3.1734
      vertex -10.3 23.737 -0.690411
    endloop
  endfacet
  facet normal -1 0 0
    outer loop
      vertex -10.3 23.5511 -0.530305
      vertex -10.3 23.4616 3.0041
      vertex -10.3 23.6392 3.1734
    endloop
  endfacet
  facet normal -1 0 0
    outer loop
      vertex -10.3 23.3818 -0.352749
      vertex -10.3 23.4616 3.0041
      vertex -10.3 23.5511 -0.530305
    endloop
  endfacet
  facet normal -1 0 0
    outer loop
      vertex -10.3 23.3818 -0.352749
      vertex -10.3 23.3015 2.8182
      vertex -10.3 23.4616 3.0041
    endloop
  endfacet
  facet normal -1 0 0
    outer loop
      vertex -10.3 23.2307 -0.159453
      vertex -10.3 23.3015 2.8182
      vertex -10.3 23.3818 -0.352749
    endloop
  endfacet
  facet normal -1 0 0
    outer loop
      vertex -10.3 23.2307 -0.159453
      vertex -10.3 23.1604 2.61751
      vertex -10.3 23.3015 2.8182
    endloop
  endfacet
  facet normal -1 0 0
    outer loop
      vertex -10.3 23.0993 0.0477218
      vertex -10.3 23.1604 2.61751
      vertex -10.3 23.2307 -0.159453
    endloop
  endfacet
  facet normal -1 0 0
    outer loop
      vertex -10.3 23.0993 0.0477218
      vertex -10.3 23.0397 2.40395
      vertex -10.3 23.1604 2.61751
    endloop
  endfacet
  facet normal -1 0 0
    outer loop
      vertex -10.3 22.9888 0.26678
      vertex -10.3 23.0397 2.40395
      vertex -10.3 23.0993 0.0477218
    endloop
  endfacet
  facet normal -1 0 0
    outer loop
      vertex -10.3 22.9888 0.26678
      vertex -10.3 22.9404 2.17958
      vertex -10.3 23.0397 2.40395
    endloop
  endfacet
  facet normal -1 0 0
    outer loop
      vertex -10.3 22.9004 0.495611
      vertex -10.3 22.9404 2.17958
      vertex -10.3 22.9888 0.26678
    endloop
  endfacet
  facet normal -1 0 0
    outer loop
      vertex -10.3 22.9004 0.495611
      vertex -10.3 22.8636 1.94657
      vertex -10.3 22.9404 2.17958
    endloop
  endfacet
  facet normal -1 0 0
    outer loop
      vertex -10.3 22.8347 0.732013
      vertex -10.3 22.8636 1.94657
      vertex -10.3 22.9004 0.495611
    endloop
  endfacet
  facet normal -1 0 0
    outer loop
      vertex -10.3 22.8347 0.732013
      vertex -10.3 22.8101 1.70715
      vertex -10.3 22.8636 1.94657
    endloop
  endfacet
  facet normal -1 0 0
    outer loop
      vertex -10.3 22.7926 0.973708
      vertex -10.3 22.8101 1.70715
      vertex -10.3 22.8347 0.732013
    endloop
  endfacet
  facet normal -1 0 0
    outer loop
      vertex -10.3 22.7926 0.973708
      vertex -10.3 22.7802 1.46364
      vertex -10.3 22.8101 1.70715
    endloop
  endfacet
  facet normal -1 0 -0
    outer loop
      vertex -10.3 22.7802 1.46364
      vertex -10.3 22.7926 0.973708
      vertex -10.3 22.7744 1.21837
    endloop
  endfacet
  facet normal -1 0 0
    outer loop
      vertex -10.3 23.9384 -6.44835
      vertex -10.3 23.8143 -1.54599
      vertex -10.3 24.056 -1.50386
    endloop
  endfacet
  facet normal -1 0 0
    outer loop
      vertex -10.3 23.699 -6.39478
      vertex -10.3 23.8143 -1.54599
      vertex -10.3 23.9384 -6.44835
    endloop
  endfacet
  facet normal -1 0 0
    outer loop
      vertex -10.3 23.699 -6.39478
      vertex -10.3 23.5779 -1.61161
      vertex -10.3 23.8143 -1.54599
    endloop
  endfacet
  facet normal -1 0 0
    outer loop
      vertex -10.3 23.4659 -6.318
      vertex -10.3 23.5779 -1.61161
      vertex -10.3 23.699 -6.39478
    endloop
  endfacet
  facet normal -1 0 0
    outer loop
      vertex -10.3 23.4659 -6.318
      vertex -10.3 23.3491 -1.70008
      vertex -10.3 23.5779 -1.61161
    endloop
  endfacet
  facet normal -1 0 0
    outer loop
      vertex -10.3 23.2416 -6.21875
      vertex -10.3 23.3491 -1.70008
      vertex -10.3 23.4659 -6.318
    endloop
  endfacet
  facet normal -1 0 0
    outer loop
      vertex -10.3 23.2416 -6.21875
      vertex -10.3 23.13 -1.81055
      vertex -10.3 23.3491 -1.70008
    endloop
  endfacet
  facet normal -1 0 0
    outer loop
      vertex -10.3 23.028 -6.09798
      vertex -10.3 23.13 -1.81055
      vertex -10.3 23.2416 -6.21875
    endloop
  endfacet
  facet normal -1 0 0
    outer loop
      vertex -10.3 23.028 -6.09798
      vertex -10.3 22.9228 -1.94197
      vertex -10.3 23.13 -1.81055
    endloop
  endfacet
  facet normal -1 0 0
    outer loop
      vertex -10.3 22.8273 -5.95687
      vertex -10.3 22.9228 -1.94197
      vertex -10.3 23.028 -6.09798
    endloop
  endfacet
  facet normal -1 0 0
    outer loop
      vertex -10.3 22.8273 -5.95687
      vertex -10.3 22.7295 -2.09305
      vertex -10.3 22.9228 -1.94197
    endloop
  endfacet
  facet normal -1 0 0
    outer loop
      vertex -10.3 22.6414 -5.79676
      vertex -10.3 22.7295 -2.09305
      vertex -10.3 22.8273 -5.95687
    endloop
  endfacet
  facet normal -1 0 0
    outer loop
      vertex -10.3 22.6414 -5.79676
      vertex -10.3 22.552 -2.26236
      vertex -10.3 22.7295 -2.09305
    endloop
  endfacet
  facet normal -1 0 0
    outer loop
      vertex -10.3 22.4721 -5.61921
      vertex -10.3 22.552 -2.26236
      vertex -10.3 22.6414 -5.79676
    endloop
  endfacet
  facet normal -1 0 0
    outer loop
      vertex -10.3 22.4721 -5.61921
      vertex -10.3 22.3919 -2.44826
      vertex -10.3 22.552 -2.26236
    endloop
  endfacet
  facet normal -1 0 0
    outer loop
      vertex -10.3 22.321 -5.42591
      vertex -10.3 22.3919 -2.44826
      vertex -10.3 22.4721 -5.61921
    endloop
  endfacet
  facet normal -1 0 0
    outer loop
      vertex -10.3 22.321 -5.42591
      vertex -10.3 22.2507 -2.64895
      vertex -10.3 22.3919 -2.44826
    endloop
  endfacet
  facet normal -1 0 0
    outer loop
      vertex -10.3 22.1896 -5.21874
      vertex -10.3 22.2507 -2.64895
      vertex -10.3 22.321 -5.42591
    endloop
  endfacet
  facet normal -1 0 0
    outer loop
      vertex -10.3 22.1896 -5.21874
      vertex -10.3 22.13 -2.86251
      vertex -10.3 22.2507 -2.64895
    endloop
  endfacet
  facet normal -1 0 0
    outer loop
      vertex -10.3 22.0791 -4.99968
      vertex -10.3 22.13 -2.86251
      vertex -10.3 22.1896 -5.21874
    endloop
  endfacet
  facet normal -1 0 0
    outer loop
      vertex -10.3 22.0791 -4.99968
      vertex -10.3 22.0307 -3.08687
      vertex -10.3 22.13 -2.86251
    endloop
  endfacet
  facet normal -1 0 0
    outer loop
      vertex -10.3 21.9907 -4.77085
      vertex -10.3 22.0307 -3.08687
      vertex -10.3 22.0791 -4.99968
    endloop
  endfacet
  facet normal -1 0 0
    outer loop
      vertex -10.3 21.9907 -4.77085
      vertex -10.3 21.9539 -3.31989
      vertex -10.3 22.0307 -3.08687
    endloop
  endfacet
  facet normal -1 0 0
    outer loop
      vertex -10.3 21.9251 -4.53444
      vertex -10.3 21.9539 -3.31989
      vertex -10.3 21.9907 -4.77085
    endloop
  endfacet
  facet normal -1 0 0
    outer loop
      vertex -10.3 21.9251 -4.53444
      vertex -10.3 21.9004 -3.55931
      vertex -10.3 21.9539 -3.31989
    endloop
  endfacet
  facet normal -1 0 0
    outer loop
      vertex -10.3 21.8829 -4.29275
      vertex -10.3 21.9004 -3.55931
      vertex -10.3 21.9251 -4.53444
    endloop
  endfacet
  facet normal -1 0 0
    outer loop
      vertex -10.3 21.8829 -4.29275
      vertex -10.3 21.8705 -3.80282
      vertex -10.3 21.9004 -3.55931
    endloop
  endfacet
  facet normal -1 0 -0
    outer loop
      vertex -10.3 21.8705 -3.80282
      vertex -10.3 21.8829 -4.29275
      vertex -10.3 21.8647 -4.04809
    endloop
  endfacet
  facet normal -1 0 0
    outer loop
      vertex -10.3 23.0287 -11.7148
      vertex -10.3 22.9046 -6.81245
      vertex -10.3 23.1463 -6.77032
    endloop
  endfacet
  facet normal -1 0 0
    outer loop
      vertex -10.3 22.7893 -11.6612
      vertex -10.3 22.9046 -6.81245
      vertex -10.3 23.0287 -11.7148
    endloop
  endfacet
  facet normal -1 0 0
    outer loop
      vertex -10.3 22.7893 -11.6612
      vertex -10.3 22.6682 -6.87807
      vertex -10.3 22.9046 -6.81245
    endloop
  endfacet
  facet normal -1 0 0
    outer loop
      vertex -10.3 22.5563 -11.5845
      vertex -10.3 22.6682 -6.87807
      vertex -10.3 22.7893 -11.6612
    endloop
  endfacet
  facet normal -1 0 0
    outer loop
      vertex -10.3 22.5563 -11.5845
      vertex -10.3 22.4394 -6.96654
      vertex -10.3 22.6682 -6.87807
    endloop
  endfacet
  facet normal -1 0 0
    outer loop
      vertex -10.3 22.3319 -11.4852
      vertex -10.3 22.4394 -6.96654
      vertex -10.3 22.5563 -11.5845
    endloop
  endfacet
  facet normal -1 0 0
    outer loop
      vertex -10.3 22.3319 -11.4852
      vertex -10.3 22.2203 -7.07701
      vertex -10.3 22.4394 -6.96654
    endloop
  endfacet
  facet normal -1 0 0
    outer loop
      vertex -10.3 22.1183 -11.3644
      vertex -10.3 22.2203 -7.07701
      vertex -10.3 22.3319 -11.4852
    endloop
  endfacet
  facet normal -1 0 0
    outer loop
      vertex -10.3 22.1183 -11.3644
      vertex -10.3 22.0131 -7.20843
      vertex -10.3 22.2203 -7.07701
    endloop
  endfacet
  facet normal -1 0 0
    outer loop
      vertex -10.3 21.9177 -11.2233
      vertex -10.3 22.0131 -7.20843
      vertex -10.3 22.1183 -11.3644
    endloop
  endfacet
  facet normal -1 0 0
    outer loop
      vertex -10.3 21.9177 -11.2233
      vertex -10.3 21.8198 -7.35951
      vertex -10.3 22.0131 -7.20843
    endloop
  endfacet
  facet normal -1 0 0
    outer loop
      vertex -10.3 21.7318 -11.0632
      vertex -10.3 21.8198 -7.35951
      vertex -10.3 21.9177 -11.2233
    endloop
  endfacet
  facet normal -1 0 0
    outer loop
      vertex -10.3 21.7318 -11.0632
      vertex -10.3 21.6423 -7.52882
      vertex -10.3 21.8198 -7.35951
    endloop
  endfacet
  facet normal -1 0 0
    outer loop
      vertex -10.3 21.5624 -10.8857
      vertex -10.3 21.6423 -7.52882
      vertex -10.3 21.7318 -11.0632
    endloop
  endfacet
  facet normal -1 0 0
    outer loop
      vertex -10.3 21.5624 -10.8857
      vertex -10.3 21.4822 -7.71471
      vertex -10.3 21.6423 -7.52882
    endloop
  endfacet
  facet normal -1 0 0
    outer loop
      vertex -10.3 21.4114 -10.6924
      vertex -10.3 21.4822 -7.71471
      vertex -10.3 21.5624 -10.8857
    endloop
  endfacet
  facet normal -1 0 0
    outer loop
      vertex -10.3 21.4114 -10.6924
      vertex -10.3 21.3411 -7.91541
      vertex -10.3 21.4822 -7.71471
    endloop
  endfacet
  facet normal -1 0 0
    outer loop
      vertex -10.3 21.2799 -10.4852
      vertex -10.3 21.3411 -7.91541
      vertex -10.3 21.4114 -10.6924
    endloop
  endfacet
  facet normal -1 0 0
    outer loop
      vertex -10.3 21.2799 -10.4852
      vertex -10.3 21.2203 -8.12896
      vertex -10.3 21.3411 -7.91541
    endloop
  endfacet
  facet normal -1 0 0
    outer loop
      vertex -10.3 21.1695 -10.2661
      vertex -10.3 21.2203 -8.12896
      vertex -10.3 21.2799 -10.4852
    endloop
  endfacet
  facet normal -1 0 0
    outer loop
      vertex -10.3 21.1695 -10.2661
      vertex -10.3 21.1211 -8.35333
      vertex -10.3 21.2203 -8.12896
    endloop
  endfacet
  facet normal -1 0 0
    outer loop
      vertex -10.3 21.081 -10.0373
      vertex -10.3 21.1211 -8.35333
      vertex -10.3 21.1695 -10.2661
    endloop
  endfacet
  facet normal -1 0 0
    outer loop
      vertex -10.3 21.081 -10.0373
      vertex -10.3 21.0443 -8.58635
      vertex -10.3 21.1211 -8.35333
    endloop
  endfacet
  facet normal -1 0 0
    outer loop
      vertex -10.3 21.0154 -9.8009
      vertex -10.3 21.0443 -8.58635
      vertex -10.3 21.081 -10.0373
    endloop
  endfacet
  facet normal -1 0 0
    outer loop
      vertex -10.3 21.0154 -9.8009
      vertex -10.3 20.9907 -8.82576
      vertex -10.3 21.0443 -8.58635
    endloop
  endfacet
  facet normal -1 0 0
    outer loop
      vertex -10.3 20.9733 -9.55921
      vertex -10.3 20.9907 -8.82576
      vertex -10.3 21.0154 -9.8009
    endloop
  endfacet
  facet normal -1 0 0
    outer loop
      vertex -10.3 20.9733 -9.55921
      vertex -10.3 20.9609 -9.06928
      vertex -10.3 20.9907 -8.82576
    endloop
  endfacet
  facet normal -1 0 -0
    outer loop
      vertex -10.3 20.9609 -9.06928
      vertex -10.3 20.9733 -9.55921
      vertex -10.3 20.955 -9.31455
    endloop
  endfacet
  facet normal -1 0 0
    outer loop
      vertex -10.3 22.119 -16.9813
      vertex -10.3 21.9949 -12.0789
      vertex -10.3 22.2366 -12.0368
    endloop
  endfacet
  facet normal -1 0 0
    outer loop
      vertex -10.3 21.8796 -16.9277
      vertex -10.3 21.9949 -12.0789
      vertex -10.3 22.119 -16.9813
    endloop
  endfacet
  facet normal -1 0 0
    outer loop
      vertex -10.3 21.8796 -16.9277
      vertex -10.3 21.7585 -12.1445
      vertex -10.3 21.9949 -12.0789
    endloop
  endfacet
  facet normal -1 0 0
    outer loop
      vertex -10.3 21.6466 -16.8509
      vertex -10.3 21.7585 -12.1445
      vertex -10.3 21.8796 -16.9277
    endloop
  endfacet
  facet normal -1 0 0
    outer loop
      vertex -10.3 21.6466 -16.8509
      vertex -10.3 21.5297 -12.233
      vertex -10.3 21.7585 -12.1445
    endloop
  endfacet
  facet normal -1 0 0
    outer loop
      vertex -10.3 21.4222 -16.7517
      vertex -10.3 21.5297 -12.233
      vertex -10.3 21.6466 -16.8509
    endloop
  endfacet
  facet normal -1 0 0
    outer loop
      vertex -10.3 21.4222 -16.7517
      vertex -10.3 21.3106 -12.3435
      vertex -10.3 21.5297 -12.233
    endloop
  endfacet
  facet normal -1 0 0
    outer loop
      vertex -10.3 21.2087 -16.6309
      vertex -10.3 21.3106 -12.3435
      vertex -10.3 21.4222 -16.7517
    endloop
  endfacet
  facet normal -1 0 0
    outer loop
      vertex -10.3 21.2087 -16.6309
      vertex -10.3 21.1035 -12.4749
      vertex -10.3 21.3106 -12.3435
    endloop
  endfacet
  facet normal -1 0 0
    outer loop
      vertex -10.3 21.008 -16.4898
      vertex -10.3 21.1035 -12.4749
      vertex -10.3 21.2087 -16.6309
    endloop
  endfacet
  facet normal -1 0 0
    outer loop
      vertex -10.3 21.008 -16.4898
      vertex -10.3 20.9102 -12.626
      vertex -10.3 21.1035 -12.4749
    endloop
  endfacet
  facet normal -1 0 0
    outer loop
      vertex -10.3 20.8221 -16.3297
      vertex -10.3 20.9102 -12.626
      vertex -10.3 21.008 -16.4898
    endloop
  endfacet
  facet normal -1 0 0
    outer loop
      vertex -10.3 20.8221 -16.3297
      vertex -10.3 20.7326 -12.7953
      vertex -10.3 20.9102 -12.626
    endloop
  endfacet
  facet normal -1 0 0
    outer loop
      vertex -10.3 20.6528 -16.1521
      vertex -10.3 20.7326 -12.7953
      vertex -10.3 20.8221 -16.3297
    endloop
  endfacet
  facet normal -1 0 0
    outer loop
      vertex -10.3 20.6528 -16.1521
      vertex -10.3 20.5725 -12.9812
      vertex -10.3 20.7326 -12.7953
    endloop
  endfacet
  facet normal -1 0 0
    outer loop
      vertex -10.3 20.5017 -15.9588
      vertex -10.3 20.5725 -12.9812
      vertex -10.3 20.6528 -16.1521
    endloop
  endfacet
  facet normal -1 0 0
    outer loop
      vertex -10.3 20.5017 -15.9588
      vertex -10.3 20.4314 -13.1819
      vertex -10.3 20.5725 -12.9812
    endloop
  endfacet
  facet normal -1 0 0
    outer loop
      vertex -10.3 20.3703 -15.7517
      vertex -10.3 20.4314 -13.1819
      vertex -10.3 20.5017 -15.9588
    endloop
  endfacet
  facet normal -1 0 0
    outer loop
      vertex -10.3 20.3703 -15.7517
      vertex -10.3 20.3106 -13.3954
      vertex -10.3 20.4314 -13.1819
    endloop
  endfacet
  facet normal -1 0 0
    outer loop
      vertex -10.3 20.2598 -15.5326
      vertex -10.3 20.3106 -13.3954
      vertex -10.3 20.3703 -15.7517
    endloop
  endfacet
  facet normal -1 0 0
    outer loop
      vertex -10.3 20.2598 -15.5326
      vertex -10.3 20.2114 -13.6198
      vertex -10.3 20.3106 -13.3954
    endloop
  endfacet
  facet normal -1 0 0
    outer loop
      vertex -10.3 20.1713 -15.3038
      vertex -10.3 20.2114 -13.6198
      vertex -10.3 20.2598 -15.5326
    endloop
  endfacet
  facet normal -1 0 0
    outer loop
      vertex -10.3 20.1713 -15.3038
      vertex -10.3 20.1346 -13.8528
      vertex -10.3 20.2114 -13.6198
    endloop
  endfacet
  facet normal -1 0 0
    outer loop
      vertex -10.3 20.1057 -15.0674
      vertex -10.3 20.1346 -13.8528
      vertex -10.3 20.1713 -15.3038
    endloop
  endfacet
  facet normal -1 0 0
    outer loop
      vertex -10.3 20.1057 -15.0674
      vertex -10.3 20.081 -14.0922
      vertex -10.3 20.1346 -13.8528
    endloop
  endfacet
  facet normal -1 0 0
    outer loop
      vertex -10.3 20.0636 -14.8257
      vertex -10.3 20.081 -14.0922
      vertex -10.3 20.1057 -15.0674
    endloop
  endfacet
  facet normal -1 0 0
    outer loop
      vertex -10.3 20.0636 -14.8257
      vertex -10.3 20.0512 -14.3357
      vertex -10.3 20.081 -14.0922
    endloop
  endfacet
  facet normal -1 0 -0
    outer loop
      vertex -10.3 20.0512 -14.3357
      vertex -10.3 20.0636 -14.8257
      vertex -10.3 20.0453 -14.581
    endloop
  endfacet
  facet normal -1 0 0
    outer loop
      vertex -10.3 28.1072 -23.4392
      vertex -10.3 37.1369 28.8874
      vertex -10.3 37.1453 28.886
    endloop
  endfacet
  facet normal -1 0 0
    outer loop
      vertex -10.3 37.1369 28.8874
      vertex -10.3 28.1072 -23.4392
      vertex -10.3 28.0988 -23.4377
    endloop
  endfacet
  facet normal 1 0 0
    outer loop
      vertex 8.3 37.1369 28.8874
      vertex 8.3 28.1072 -23.4392
      vertex 8.3 37.1453 28.886
    endloop
  endfacet
  facet normal 1 0 -0
    outer loop
      vertex 8.3 28.1072 -23.4392
      vertex 8.3 37.1369 28.8874
      vertex 8.3 28.0988 -23.4377
    endloop
  endfacet
  facet normal 1 -0 0
    outer loop
      vertex 8.3 21.9949 -12.0789
      vertex 8.3 22.119 -16.9813
      vertex 8.3 22.2366 -12.0368
    endloop
  endfacet
  facet normal 1 0 0
    outer loop
      vertex 8.3 21.9949 -12.0789
      vertex 8.3 21.8796 -16.9277
      vertex 8.3 22.119 -16.9813
    endloop
  endfacet
  facet normal 1 -0 0
    outer loop
      vertex 8.3 21.7585 -12.1445
      vertex 8.3 21.8796 -16.9277
      vertex 8.3 21.9949 -12.0789
    endloop
  endfacet
  facet normal 1 0 0
    outer loop
      vertex 8.3 21.7585 -12.1445
      vertex 8.3 21.6466 -16.8509
      vertex 8.3 21.8796 -16.9277
    endloop
  endfacet
  facet normal 1 -0 0
    outer loop
      vertex 8.3 21.5297 -12.233
      vertex 8.3 21.6466 -16.8509
      vertex 8.3 21.7585 -12.1445
    endloop
  endfacet
  facet normal 1 0 0
    outer loop
      vertex 8.3 21.5297 -12.233
      vertex 8.3 21.4222 -16.7517
      vertex 8.3 21.6466 -16.8509
    endloop
  endfacet
  facet normal 1 -0 0
    outer loop
      vertex 8.3 21.3106 -12.3435
      vertex 8.3 21.4222 -16.7517
      vertex 8.3 21.5297 -12.233
    endloop
  endfacet
  facet normal 1 0 0
    outer loop
      vertex 8.3 21.3106 -12.3435
      vertex 8.3 21.2087 -16.6309
      vertex 8.3 21.4222 -16.7517
    endloop
  endfacet
  facet normal 1 -0 0
    outer loop
      vertex 8.3 21.1035 -12.4749
      vertex 8.3 21.2087 -16.6309
      vertex 8.3 21.3106 -12.3435
    endloop
  endfacet
  facet normal 1 0 0
    outer loop
      vertex 8.3 21.1035 -12.4749
      vertex 8.3 21.008 -16.4898
      vertex 8.3 21.2087 -16.6309
    endloop
  endfacet
  facet normal 1 -0 0
    outer loop
      vertex 8.3 20.9102 -12.626
      vertex 8.3 21.008 -16.4898
      vertex 8.3 21.1035 -12.4749
    endloop
  endfacet
  facet normal 1 0 0
    outer loop
      vertex 8.3 20.9102 -12.626
      vertex 8.3 20.8221 -16.3297
      vertex 8.3 21.008 -16.4898
    endloop
  endfacet
  facet normal 1 -0 0
    outer loop
      vertex 8.3 20.7326 -12.7953
      vertex 8.3 20.8221 -16.3297
      vertex 8.3 20.9102 -12.626
    endloop
  endfacet
  facet normal 1 0 0
    outer loop
      vertex 8.3 20.7326 -12.7953
      vertex 8.3 20.6528 -16.1521
      vertex 8.3 20.8221 -16.3297
    endloop
  endfacet
  facet normal 1 -0 0
    outer loop
      vertex 8.3 20.5725 -12.9812
      vertex 8.3 20.6528 -16.1521
      vertex 8.3 20.7326 -12.7953
    endloop
  endfacet
  facet normal 1 0 0
    outer loop
      vertex 8.3 20.5725 -12.9812
      vertex 8.3 20.5017 -15.9588
      vertex 8.3 20.6528 -16.1521
    endloop
  endfacet
  facet normal 1 -0 0
    outer loop
      vertex 8.3 20.4314 -13.1819
      vertex 8.3 20.5017 -15.9588
      vertex 8.3 20.5725 -12.9812
    endloop
  endfacet
  facet normal 1 0 0
    outer loop
      vertex 8.3 20.4314 -13.1819
      vertex 8.3 20.3703 -15.7517
      vertex 8.3 20.5017 -15.9588
    endloop
  endfacet
  facet normal 1 -0 0
    outer loop
      vertex 8.3 20.3106 -13.3954
      vertex 8.3 20.3703 -15.7517
      vertex 8.3 20.4314 -13.1819
    endloop
  endfacet
  facet normal 1 0 0
    outer loop
      vertex 8.3 20.3106 -13.3954
      vertex 8.3 20.2598 -15.5326
      vertex 8.3 20.3703 -15.7517
    endloop
  endfacet
  facet normal 1 -0 0
    outer loop
      vertex 8.3 20.2114 -13.6198
      vertex 8.3 20.2598 -15.5326
      vertex 8.3 20.3106 -13.3954
    endloop
  endfacet
  facet normal 1 0 0
    outer loop
      vertex 8.3 20.2114 -13.6198
      vertex 8.3 20.1713 -15.3038
      vertex 8.3 20.2598 -15.5326
    endloop
  endfacet
  facet normal 1 -0 0
    outer loop
      vertex 8.3 20.1346 -13.8528
      vertex 8.3 20.1713 -15.3038
      vertex 8.3 20.2114 -13.6198
    endloop
  endfacet
  facet normal 1 0 0
    outer loop
      vertex 8.3 20.1346 -13.8528
      vertex 8.3 20.1057 -15.0674
      vertex 8.3 20.1713 -15.3038
    endloop
  endfacet
  facet normal 1 -0 0
    outer loop
      vertex 8.3 20.081 -14.0922
      vertex 8.3 20.1057 -15.0674
      vertex 8.3 20.1346 -13.8528
    endloop
  endfacet
  facet normal 1 0 0
    outer loop
      vertex 8.3 20.081 -14.0922
      vertex 8.3 20.0636 -14.8257
      vertex 8.3 20.1057 -15.0674
    endloop
  endfacet
  facet normal 1 -0 0
    outer loop
      vertex 8.3 20.0512 -14.3357
      vertex 8.3 20.0636 -14.8257
      vertex 8.3 20.081 -14.0922
    endloop
  endfacet
  facet normal 1 0 0
    outer loop
      vertex 8.3 20.0636 -14.8257
      vertex 8.3 20.0512 -14.3357
      vertex 8.3 20.0453 -14.581
    endloop
  endfacet
  facet normal 1 -0 0
    outer loop
      vertex 8.3 22.9046 -6.81245
      vertex 8.3 23.0287 -11.7148
      vertex 8.3 23.1463 -6.77032
    endloop
  endfacet
  facet normal 1 0 0
    outer loop
      vertex 8.3 22.9046 -6.81245
      vertex 8.3 22.7893 -11.6612
      vertex 8.3 23.0287 -11.7148
    endloop
  endfacet
  facet normal 1 -0 0
    outer loop
      vertex 8.3 22.6682 -6.87807
      vertex 8.3 22.7893 -11.6612
      vertex 8.3 22.9046 -6.81245
    endloop
  endfacet
  facet normal 1 0 0
    outer loop
      vertex 8.3 22.6682 -6.87807
      vertex 8.3 22.5563 -11.5845
      vertex 8.3 22.7893 -11.6612
    endloop
  endfacet
  facet normal 1 -0 0
    outer loop
      vertex 8.3 22.4394 -6.96654
      vertex 8.3 22.5563 -11.5845
      vertex 8.3 22.6682 -6.87807
    endloop
  endfacet
  facet normal 1 0 0
    outer loop
      vertex 8.3 22.4394 -6.96654
      vertex 8.3 22.3319 -11.4852
      vertex 8.3 22.5563 -11.5845
    endloop
  endfacet
  facet normal 1 -0 0
    outer loop
      vertex 8.3 22.2203 -7.07701
      vertex 8.3 22.3319 -11.4852
      vertex 8.3 22.4394 -6.96654
    endloop
  endfacet
  facet normal 1 0 0
    outer loop
      vertex 8.3 22.2203 -7.07701
      vertex 8.3 22.1183 -11.3644
      vertex 8.3 22.3319 -11.4852
    endloop
  endfacet
  facet normal 1 -0 0
    outer loop
      vertex 8.3 22.0131 -7.20843
      vertex 8.3 22.1183 -11.3644
      vertex 8.3 22.2203 -7.07701
    endloop
  endfacet
  facet normal 1 0 0
    outer loop
      vertex 8.3 22.0131 -7.20843
      vertex 8.3 21.9177 -11.2233
      vertex 8.3 22.1183 -11.3644
    endloop
  endfacet
  facet normal 1 -0 0
    outer loop
      vertex 8.3 21.8198 -7.35951
      vertex 8.3 21.9177 -11.2233
      vertex 8.3 22.0131 -7.20843
    endloop
  endfacet
  facet normal 1 0 0
    outer loop
      vertex 8.3 21.8198 -7.35951
      vertex 8.3 21.7318 -11.0632
      vertex 8.3 21.9177 -11.2233
    endloop
  endfacet
  facet normal 1 -0 0
    outer loop
      vertex 8.3 21.6423 -7.52882
      vertex 8.3 21.7318 -11.0632
      vertex 8.3 21.8198 -7.35951
    endloop
  endfacet
  facet normal 1 0 0
    outer loop
      vertex 8.3 21.6423 -7.52882
      vertex 8.3 21.5624 -10.8857
      vertex 8.3 21.7318 -11.0632
    endloop
  endfacet
  facet normal 1 -0 0
    outer loop
      vertex 8.3 21.4822 -7.71471
      vertex 8.3 21.5624 -10.8857
      vertex 8.3 21.6423 -7.52882
    endloop
  endfacet
  facet normal 1 0 0
    outer loop
      vertex 8.3 21.4822 -7.71471
      vertex 8.3 21.4114 -10.6924
      vertex 8.3 21.5624 -10.8857
    endloop
  endfacet
  facet normal 1 -0 0
    outer loop
      vertex 8.3 21.3411 -7.91541
      vertex 8.3 21.4114 -10.6924
      vertex 8.3 21.4822 -7.71471
    endloop
  endfacet
  facet normal 1 0 0
    outer loop
      vertex 8.3 21.3411 -7.91541
      vertex 8.3 21.2799 -10.4852
      vertex 8.3 21.4114 -10.6924
    endloop
  endfacet
  facet normal 1 -0 0
    outer loop
      vertex 8.3 21.2203 -8.12896
      vertex 8.3 21.2799 -10.4852
      vertex 8.3 21.3411 -7.91541
    endloop
  endfacet
  facet normal 1 0 0
    outer loop
      vertex 8.3 21.2203 -8.12896
      vertex 8.3 21.1695 -10.2661
      vertex 8.3 21.2799 -10.4852
    endloop
  endfacet
  facet normal 1 -0 0
    outer loop
      vertex 8.3 21.1211 -8.35333
      vertex 8.3 21.1695 -10.2661
      vertex 8.3 21.2203 -8.12896
    endloop
  endfacet
  facet normal 1 0 0
    outer loop
      vertex 8.3 21.1211 -8.35333
      vertex 8.3 21.081 -10.0373
      vertex 8.3 21.1695 -10.2661
    endloop
  endfacet
  facet normal 1 -0 0
    outer loop
      vertex 8.3 21.0443 -8.58635
      vertex 8.3 21.081 -10.0373
      vertex 8.3 21.1211 -8.35333
    endloop
  endfacet
  facet normal 1 0 0
    outer loop
      vertex 8.3 21.0443 -8.58635
      vertex 8.3 21.0154 -9.8009
      vertex 8.3 21.081 -10.0373
    endloop
  endfacet
  facet normal 1 -0 0
    outer loop
      vertex 8.3 20.9907 -8.82576
      vertex 8.3 21.0154 -9.8009
      vertex 8.3 21.0443 -8.58635
    endloop
  endfacet
  facet normal 1 0 0
    outer loop
      vertex 8.3 20.9907 -8.82576
      vertex 8.3 20.9733 -9.55921
      vertex 8.3 21.0154 -9.8009
    endloop
  endfacet
  facet normal 1 -0 0
    outer loop
      vertex 8.3 20.9609 -9.06928
      vertex 8.3 20.9733 -9.55921
      vertex 8.3 20.9907 -8.82576
    endloop
  endfacet
  facet normal 1 0 0
    outer loop
      vertex 8.3 20.9733 -9.55921
      vertex 8.3 20.9609 -9.06928
      vertex 8.3 20.955 -9.31455
    endloop
  endfacet
  facet normal 1 -0 0
    outer loop
      vertex 8.3 23.8143 -1.54599
      vertex 8.3 23.9384 -6.44835
      vertex 8.3 24.056 -1.50386
    endloop
  endfacet
  facet normal 1 0 0
    outer loop
      vertex 8.3 23.8143 -1.54599
      vertex 8.3 23.699 -6.39478
      vertex 8.3 23.9384 -6.44835
    endloop
  endfacet
  facet normal 1 -0 0
    outer loop
      vertex 8.3 23.5779 -1.61161
      vertex 8.3 23.699 -6.39478
      vertex 8.3 23.8143 -1.54599
    endloop
  endfacet
  facet normal 1 0 0
    outer loop
      vertex 8.3 23.5779 -1.61161
      vertex 8.3 23.4659 -6.318
      vertex 8.3 23.699 -6.39478
    endloop
  endfacet
  facet normal 1 -0 0
    outer loop
      vertex 8.3 23.3491 -1.70008
      vertex 8.3 23.4659 -6.318
      vertex 8.3 23.5779 -1.61161
    endloop
  endfacet
  facet normal 1 0 0
    outer loop
      vertex 8.3 23.3491 -1.70008
      vertex 8.3 23.2416 -6.21875
      vertex 8.3 23.4659 -6.318
    endloop
  endfacet
  facet normal 1 -0 0
    outer loop
      vertex 8.3 23.13 -1.81055
      vertex 8.3 23.2416 -6.21875
      vertex 8.3 23.3491 -1.70008
    endloop
  endfacet
  facet normal 1 0 0
    outer loop
      vertex 8.3 23.13 -1.81055
      vertex 8.3 23.028 -6.09798
      vertex 8.3 23.2416 -6.21875
    endloop
  endfacet
  facet normal 1 -0 0
    outer loop
      vertex 8.3 22.9228 -1.94197
      vertex 8.3 23.028 -6.09798
      vertex 8.3 23.13 -1.81055
    endloop
  endfacet
  facet normal 1 0 0
    outer loop
      vertex 8.3 22.9228 -1.94197
      vertex 8.3 22.8273 -5.95687
      vertex 8.3 23.028 -6.09798
    endloop
  endfacet
  facet normal 1 -0 0
    outer loop
      vertex 8.3 22.7295 -2.09305
      vertex 8.3 22.8273 -5.95687
      vertex 8.3 22.9228 -1.94197
    endloop
  endfacet
  facet normal 1 0 0
    outer loop
      vertex 8.3 22.7295 -2.09305
      vertex 8.3 22.6414 -5.79676
      vertex 8.3 22.8273 -5.95687
    endloop
  endfacet
  facet normal 1 -0 0
    outer loop
      vertex 8.3 22.552 -2.26236
      vertex 8.3 22.6414 -5.79676
      vertex 8.3 22.7295 -2.09305
    endloop
  endfacet
  facet normal 1 0 0
    outer loop
      vertex 8.3 22.552 -2.26236
      vertex 8.3 22.4721 -5.61921
      vertex 8.3 22.6414 -5.79676
    endloop
  endfacet
  facet normal 1 -0 0
    outer loop
      vertex 8.3 22.3919 -2.44826
      vertex 8.3 22.4721 -5.61921
      vertex 8.3 22.552 -2.26236
    endloop
  endfacet
  facet normal 1 0 0
    outer loop
      vertex 8.3 22.3919 -2.44826
      vertex 8.3 22.321 -5.42591
      vertex 8.3 22.4721 -5.61921
    endloop
  endfacet
  facet normal 1 -0 0
    outer loop
      vertex 8.3 22.2507 -2.64895
      vertex 8.3 22.321 -5.42591
      vertex 8.3 22.3919 -2.44826
    endloop
  endfacet
  facet normal 1 0 0
    outer loop
      vertex 8.3 22.2507 -2.64895
      vertex 8.3 22.1896 -5.21874
      vertex 8.3 22.321 -5.42591
    endloop
  endfacet
  facet normal 1 -0 0
    outer loop
      vertex 8.3 22.13 -2.86251
      vertex 8.3 22.1896 -5.21874
      vertex 8.3 22.2507 -2.64895
    endloop
  endfacet
  facet normal 1 0 0
    outer loop
      vertex 8.3 22.13 -2.86251
      vertex 8.3 22.0791 -4.99968
      vertex 8.3 22.1896 -5.21874
    endloop
  endfacet
  facet normal 1 -0 0
    outer loop
      vertex 8.3 22.0307 -3.08687
      vertex 8.3 22.0791 -4.99968
      vertex 8.3 22.13 -2.86251
    endloop
  endfacet
  facet normal 1 0 0
    outer loop
      vertex 8.3 22.0307 -3.08687
      vertex 8.3 21.9907 -4.77085
      vertex 8.3 22.0791 -4.99968
    endloop
  endfacet
  facet normal 1 -0 0
    outer loop
      vertex 8.3 21.9539 -3.31989
      vertex 8.3 21.9907 -4.77085
      vertex 8.3 22.0307 -3.08687
    endloop
  endfacet
  facet normal 1 0 0
    outer loop
      vertex 8.3 21.9539 -3.31989
      vertex 8.3 21.9251 -4.53444
      vertex 8.3 21.9907 -4.77085
    endloop
  endfacet
  facet normal 1 -0 0
    outer loop
      vertex 8.3 21.9004 -3.55931
      vertex 8.3 21.9251 -4.53444
      vertex 8.3 21.9539 -3.31989
    endloop
  endfacet
  facet normal 1 0 0
    outer loop
      vertex 8.3 21.9004 -3.55931
      vertex 8.3 21.8829 -4.29275
      vertex 8.3 21.9251 -4.53444
    endloop
  endfacet
  facet normal 1 -0 0
    outer loop
      vertex 8.3 21.8705 -3.80282
      vertex 8.3 21.8829 -4.29275
      vertex 8.3 21.9004 -3.55931
    endloop
  endfacet
  facet normal 1 0 0
    outer loop
      vertex 8.3 21.8829 -4.29275
      vertex 8.3 21.8705 -3.80282
      vertex 8.3 21.8647 -4.04809
    endloop
  endfacet
  facet normal 1 -0 0
    outer loop
      vertex 8.3 24.724 3.72046
      vertex 8.3 24.848 -1.18189
      vertex 8.3 24.9657 3.76259
    endloop
  endfacet
  facet normal 1 0 0
    outer loop
      vertex 8.3 24.724 3.72046
      vertex 8.3 24.6086 -1.12832
      vertex 8.3 24.848 -1.18189
    endloop
  endfacet
  facet normal 1 -0 0
    outer loop
      vertex 8.3 24.4876 3.65485
      vertex 8.3 24.6086 -1.12832
      vertex 8.3 24.724 3.72046
    endloop
  endfacet
  facet normal 1 0 0
    outer loop
      vertex 8.3 24.4876 3.65485
      vertex 8.3 24.3756 -1.05154
      vertex 8.3 24.6086 -1.12832
    endloop
  endfacet
  facet normal 1 -0 0
    outer loop
      vertex 8.3 24.2587 3.56638
      vertex 8.3 24.3756 -1.05154
      vertex 8.3 24.4876 3.65485
    endloop
  endfacet
  facet normal 1 0 0
    outer loop
      vertex 8.3 24.2587 3.56638
      vertex 8.3 24.1513 -0.95229
      vertex 8.3 24.3756 -1.05154
    endloop
  endfacet
  facet normal 1 -0 0
    outer loop
      vertex 8.3 24.0397 3.4559
      vertex 8.3 24.1513 -0.95229
      vertex 8.3 24.2587 3.56638
    endloop
  endfacet
  facet normal 1 0 0
    outer loop
      vertex 8.3 24.0397 3.4559
      vertex 8.3 23.9377 -0.831526
      vertex 8.3 24.1513 -0.95229
    endloop
  endfacet
  facet normal 1 -0 0
    outer loop
      vertex 8.3 23.8325 3.32449
      vertex 8.3 23.9377 -0.831526
      vertex 8.3 24.0397 3.4559
    endloop
  endfacet
  facet normal 1 0 0
    outer loop
      vertex 8.3 23.8325 3.32449
      vertex 8.3 23.737 -0.690411
      vertex 8.3 23.9377 -0.831526
    endloop
  endfacet
  facet normal 1 -0 0
    outer loop
      vertex 8.3 23.6392 3.1734
      vertex 8.3 23.737 -0.690411
      vertex 8.3 23.8325 3.32449
    endloop
  endfacet
  facet normal 1 0 0
    outer loop
      vertex 8.3 23.6392 3.1734
      vertex 8.3 23.5511 -0.530305
      vertex 8.3 23.737 -0.690411
    endloop
  endfacet
  facet normal 1 -0 0
    outer loop
      vertex 8.3 23.4616 3.0041
      vertex 8.3 23.5511 -0.530305
      vertex 8.3 23.6392 3.1734
    endloop
  endfacet
  facet normal 1 0 0
    outer loop
      vertex 8.3 23.4616 3.0041
      vertex 8.3 23.3818 -0.352749
      vertex 8.3 23.5511 -0.530305
    endloop
  endfacet
  facet normal 1 -0 0
    outer loop
      vertex 8.3 23.3015 2.8182
      vertex 8.3 23.3818 -0.352749
      vertex 8.3 23.4616 3.0041
    endloop
  endfacet
  facet normal 1 0 0
    outer loop
      vertex 8.3 23.3015 2.8182
      vertex 8.3 23.2307 -0.159453
      vertex 8.3 23.3818 -0.352749
    endloop
  endfacet
  facet normal 1 -0 0
    outer loop
      vertex 8.3 23.1604 2.61751
      vertex 8.3 23.2307 -0.159453
      vertex 8.3 23.3015 2.8182
    endloop
  endfacet
  facet normal 1 0 0
    outer loop
      vertex 8.3 23.1604 2.61751
      vertex 8.3 23.0993 0.0477218
      vertex 8.3 23.2307 -0.159453
    endloop
  endfacet
  facet normal 1 -0 0
    outer loop
      vertex 8.3 23.0397 2.40395
      vertex 8.3 23.0993 0.0477218
      vertex 8.3 23.1604 2.61751
    endloop
  endfacet
  facet normal 1 0 0
    outer loop
      vertex 8.3 23.0397 2.40395
      vertex 8.3 22.9888 0.26678
      vertex 8.3 23.0993 0.0477218
    endloop
  endfacet
  facet normal 1 -0 0
    outer loop
      vertex 8.3 22.9404 2.17958
      vertex 8.3 22.9888 0.26678
      vertex 8.3 23.0397 2.40395
    endloop
  endfacet
  facet normal 1 0 0
    outer loop
      vertex 8.3 22.9404 2.17958
      vertex 8.3 22.9004 0.495611
      vertex 8.3 22.9888 0.26678
    endloop
  endfacet
  facet normal 1 -0 0
    outer loop
      vertex 8.3 22.8636 1.94657
      vertex 8.3 22.9004 0.495611
      vertex 8.3 22.9404 2.17958
    endloop
  endfacet
  facet normal 1 0 0
    outer loop
      vertex 8.3 22.8636 1.94657
      vertex 8.3 22.8347 0.732013
      vertex 8.3 22.9004 0.495611
    endloop
  endfacet
  facet normal 1 -0 0
    outer loop
      vertex 8.3 22.8101 1.70715
      vertex 8.3 22.8347 0.732013
      vertex 8.3 22.8636 1.94657
    endloop
  endfacet
  facet normal 1 0 0
    outer loop
      vertex 8.3 22.8101 1.70715
      vertex 8.3 22.7926 0.973708
      vertex 8.3 22.8347 0.732013
    endloop
  endfacet
  facet normal 1 -0 0
    outer loop
      vertex 8.3 22.7802 1.46364
      vertex 8.3 22.7926 0.973708
      vertex 8.3 22.8101 1.70715
    endloop
  endfacet
  facet normal 1 0 0
    outer loop
      vertex 8.3 22.7926 0.973708
      vertex 8.3 22.7802 1.46364
      vertex 8.3 22.7744 1.21837
    endloop
  endfacet
  facet normal 1 -0 0
    outer loop
      vertex 8.3 25.6336 8.98692
      vertex 8.3 25.7577 4.08457
      vertex 8.3 25.8753 9.02905
    endloop
  endfacet
  facet normal 1 0 0
    outer loop
      vertex 8.3 25.6336 8.98692
      vertex 8.3 25.5183 4.13814
      vertex 8.3 25.7577 4.08457
    endloop
  endfacet
  facet normal 1 -0 0
    outer loop
      vertex 8.3 25.3972 8.92131
      vertex 8.3 25.5183 4.13814
      vertex 8.3 25.6336 8.98692
    endloop
  endfacet
  facet normal 1 0 0
    outer loop
      vertex 8.3 25.3972 8.92131
      vertex 8.3 25.2853 4.21492
      vertex 8.3 25.5183 4.13814
    endloop
  endfacet
  facet normal 1 -0 0
    outer loop
      vertex 8.3 25.1684 8.83284
      vertex 8.3 25.2853 4.21492
      vertex 8.3 25.3972 8.92131
    endloop
  endfacet
  facet normal 1 0 0
    outer loop
      vertex 8.3 25.1684 8.83284
      vertex 8.3 25.0609 4.31417
      vertex 8.3 25.2853 4.21492
    endloop
  endfacet
  facet normal 1 -0 0
    outer loop
      vertex 8.3 24.9493 8.72236
      vertex 8.3 25.0609 4.31417
      vertex 8.3 25.1684 8.83284
    endloop
  endfacet
  facet normal 1 0 0
    outer loop
      vertex 8.3 24.9493 8.72236
      vertex 8.3 24.8474 4.43493
      vertex 8.3 25.0609 4.31417
    endloop
  endfacet
  facet normal 1 -0 0
    outer loop
      vertex 8.3 24.7422 8.59095
      vertex 8.3 24.8474 4.43493
      vertex 8.3 24.9493 8.72236
    endloop
  endfacet
  facet normal 1 0 0
    outer loop
      vertex 8.3 24.7422 8.59095
      vertex 8.3 24.6467 4.57605
      vertex 8.3 24.8474 4.43493
    endloop
  endfacet
  facet normal 1 -0 0
    outer loop
      vertex 8.3 24.5489 8.43986
      vertex 8.3 24.6467 4.57605
      vertex 8.3 24.7422 8.59095
    endloop
  endfacet
  facet normal 1 0 0
    outer loop
      vertex 8.3 24.5489 8.43986
      vertex 8.3 24.4608 4.73615
      vertex 8.3 24.6467 4.57605
    endloop
  endfacet
  facet normal 1 -0 0
    outer loop
      vertex 8.3 24.3713 8.27055
      vertex 8.3 24.4608 4.73615
      vertex 8.3 24.5489 8.43986
    endloop
  endfacet
  facet normal 1 0 0
    outer loop
      vertex 8.3 24.3713 8.27055
      vertex 8.3 24.2915 4.91371
      vertex 8.3 24.4608 4.73615
    endloop
  endfacet
  facet normal 1 -0 0
    outer loop
      vertex 8.3 24.2112 8.08466
      vertex 8.3 24.2915 4.91371
      vertex 8.3 24.3713 8.27055
    endloop
  endfacet
  facet normal 1 0 0
    outer loop
      vertex 8.3 24.2112 8.08466
      vertex 8.3 24.1404 5.107
      vertex 8.3 24.2915 4.91371
    endloop
  endfacet
  facet normal 1 -0 0
    outer loop
      vertex 8.3 24.0701 7.88397
      vertex 8.3 24.1404 5.107
      vertex 8.3 24.2112 8.08466
    endloop
  endfacet
  facet normal 1 0 0
    outer loop
      vertex 8.3 24.0701 7.88397
      vertex 8.3 24.009 5.31418
      vertex 8.3 24.1404 5.107
    endloop
  endfacet
  facet normal 1 -0 0
    outer loop
      vertex 8.3 23.9493 7.67041
      vertex 8.3 24.009 5.31418
      vertex 8.3 24.0701 7.88397
    endloop
  endfacet
  facet normal 1 0 0
    outer loop
      vertex 8.3 23.9493 7.67041
      vertex 8.3 23.8985 5.53324
      vertex 8.3 24.009 5.31418
    endloop
  endfacet
  facet normal 1 -0 0
    outer loop
      vertex 8.3 23.8501 7.44604
      vertex 8.3 23.8985 5.53324
      vertex 8.3 23.9493 7.67041
    endloop
  endfacet
  facet normal 1 0 0
    outer loop
      vertex 8.3 23.8501 7.44604
      vertex 8.3 23.81 5.76207
      vertex 8.3 23.8985 5.53324
    endloop
  endfacet
  facet normal 1 -0 0
    outer loop
      vertex 8.3 23.7733 7.21303
      vertex 8.3 23.81 5.76207
      vertex 8.3 23.8501 7.44604
    endloop
  endfacet
  facet normal 1 0 0
    outer loop
      vertex 8.3 23.7733 7.21303
      vertex 8.3 23.7444 5.99847
      vertex 8.3 23.81 5.76207
    endloop
  endfacet
  facet normal 1 -0 0
    outer loop
      vertex 8.3 23.7197 6.97361
      vertex 8.3 23.7444 5.99847
      vertex 8.3 23.7733 7.21303
    endloop
  endfacet
  facet normal 1 0 0
    outer loop
      vertex 8.3 23.7197 6.97361
      vertex 8.3 23.7023 6.24016
      vertex 8.3 23.7444 5.99847
    endloop
  endfacet
  facet normal 1 -0 0
    outer loop
      vertex 8.3 23.6899 6.73009
      vertex 8.3 23.7023 6.24016
      vertex 8.3 23.7197 6.97361
    endloop
  endfacet
  facet normal 1 0 0
    outer loop
      vertex 8.3 23.7023 6.24016
      vertex 8.3 23.6899 6.73009
      vertex 8.3 23.684 6.48482
    endloop
  endfacet
  facet normal 1 -0 0
    outer loop
      vertex 8.3 26.5433 14.2534
      vertex 8.3 26.6674 9.35102
      vertex 8.3 26.785 14.2955
    endloop
  endfacet
  facet normal 1 0 0
    outer loop
      vertex 8.3 26.5433 14.2534
      vertex 8.3 26.428 9.40459
      vertex 8.3 26.6674 9.35102
    endloop
  endfacet
  facet normal 1 -0 0
    outer loop
      vertex 8.3 26.3069 14.1878
      vertex 8.3 26.428 9.40459
      vertex 8.3 26.5433 14.2534
    endloop
  endfacet
  facet normal 1 0 0
    outer loop
      vertex 8.3 26.3069 14.1878
      vertex 8.3 26.195 9.48137
      vertex 8.3 26.428 9.40459
    endloop
  endfacet
  facet normal 1 -0 0
    outer loop
      vertex 8.3 26.0781 14.0993
      vertex 8.3 26.195 9.48137
      vertex 8.3 26.3069 14.1878
    endloop
  endfacet
  facet normal 1 0 0
    outer loop
      vertex 8.3 26.0781 14.0993
      vertex 8.3 25.9706 9.58062
      vertex 8.3 26.195 9.48137
    endloop
  endfacet
  facet normal 1 -0 0
    outer loop
      vertex 8.3 25.859 13.9888
      vertex 8.3 25.9706 9.58062
      vertex 8.3 26.0781 14.0993
    endloop
  endfacet
  facet normal 1 0 0
    outer loop
      vertex 8.3 25.859 13.9888
      vertex 8.3 25.757 9.70139
      vertex 8.3 25.9706 9.58062
    endloop
  endfacet
  facet normal 1 -0 0
    outer loop
      vertex 8.3 25.6518 13.8574
      vertex 8.3 25.757 9.70139
      vertex 8.3 25.859 13.9888
    endloop
  endfacet
  facet normal 1 0 0
    outer loop
      vertex 8.3 25.6518 13.8574
      vertex 8.3 25.5564 9.8425
      vertex 8.3 25.757 9.70139
    endloop
  endfacet
  facet normal 1 -0 0
    outer loop
      vertex 8.3 25.4585 13.7063
      vertex 8.3 25.5564 9.8425
      vertex 8.3 25.6518 13.8574
    endloop
  endfacet
  facet normal 1 0 0
    outer loop
      vertex 8.3 25.4585 13.7063
      vertex 8.3 25.3705 10.0026
      vertex 8.3 25.5564 9.8425
    endloop
  endfacet
  facet normal 1 -0 0
    outer loop
      vertex 8.3 25.281 13.537
      vertex 8.3 25.3705 10.0026
      vertex 8.3 25.4585 13.7063
    endloop
  endfacet
  facet normal 1 0 0
    outer loop
      vertex 8.3 25.281 13.537
      vertex 8.3 25.2012 10.1802
      vertex 8.3 25.3705 10.0026
    endloop
  endfacet
  facet normal 1 -0 0
    outer loop
      vertex 8.3 25.1209 13.3511
      vertex 8.3 25.2012 10.1802
      vertex 8.3 25.281 13.537
    endloop
  endfacet
  facet normal 1 0 0
    outer loop
      vertex 8.3 25.1209 13.3511
      vertex 8.3 25.0501 10.3735
      vertex 8.3 25.2012 10.1802
    endloop
  endfacet
  facet normal 1 -0 0
    outer loop
      vertex 8.3 24.9798 13.1504
      vertex 8.3 25.0501 10.3735
      vertex 8.3 25.1209 13.3511
    endloop
  endfacet
  facet normal 1 0 0
    outer loop
      vertex 8.3 24.9798 13.1504
      vertex 8.3 24.9186 10.5806
      vertex 8.3 25.0501 10.3735
    endloop
  endfacet
  facet normal 1 -0 0
    outer loop
      vertex 8.3 24.859 12.9369
      vertex 8.3 24.9186 10.5806
      vertex 8.3 24.9798 13.1504
    endloop
  endfacet
  facet normal 1 0 0
    outer loop
      vertex 8.3 24.859 12.9369
      vertex 8.3 24.8082 10.7997
      vertex 8.3 24.9186 10.5806
    endloop
  endfacet
  facet normal 1 -0 0
    outer loop
      vertex 8.3 24.7598 12.7125
      vertex 8.3 24.8082 10.7997
      vertex 8.3 24.859 12.9369
    endloop
  endfacet
  facet normal 1 0 0
    outer loop
      vertex 8.3 24.7598 12.7125
      vertex 8.3 24.7197 11.0285
      vertex 8.3 24.8082 10.7997
    endloop
  endfacet
  facet normal 1 -0 0
    outer loop
      vertex 8.3 24.683 12.4795
      vertex 8.3 24.7197 11.0285
      vertex 8.3 24.7598 12.7125
    endloop
  endfacet
  facet normal 1 0 0
    outer loop
      vertex 8.3 24.683 12.4795
      vertex 8.3 24.6541 11.2649
      vertex 8.3 24.7197 11.0285
    endloop
  endfacet
  facet normal 1 -0 0
    outer loop
      vertex 8.3 24.6294 12.2401
      vertex 8.3 24.6541 11.2649
      vertex 8.3 24.683 12.4795
    endloop
  endfacet
  facet normal 1 0 0
    outer loop
      vertex 8.3 24.6294 12.2401
      vertex 8.3 24.612 11.5066
      vertex 8.3 24.6541 11.2649
    endloop
  endfacet
  facet normal 1 -0 0
    outer loop
      vertex 8.3 24.5996 11.9966
      vertex 8.3 24.612 11.5066
      vertex 8.3 24.6294 12.2401
    endloop
  endfacet
  facet normal 1 0 0
    outer loop
      vertex 8.3 24.612 11.5066
      vertex 8.3 24.5996 11.9966
      vertex 8.3 24.5937 11.7513
    endloop
  endfacet
  facet normal 1 -0 0
    outer loop
      vertex 8.3 27.453 19.5198
      vertex 8.3 27.5771 14.6175
      vertex 8.3 27.6947 19.562
    endloop
  endfacet
  facet normal 1 0 0
    outer loop
      vertex 8.3 27.453 19.5198
      vertex 8.3 27.3377 14.6711
      vertex 8.3 27.5771 14.6175
    endloop
  endfacet
  facet normal 1 -0 0
    outer loop
      vertex 8.3 27.2166 19.4542
      vertex 8.3 27.3377 14.6711
      vertex 8.3 27.453 19.5198
    endloop
  endfacet
  facet normal 1 0 0
    outer loop
      vertex 8.3 27.2166 19.4542
      vertex 8.3 27.1046 14.7478
      vertex 8.3 27.3377 14.6711
    endloop
  endfacet
  facet normal 1 -0 0
    outer loop
      vertex 8.3 26.9878 19.3658
      vertex 8.3 27.1046 14.7478
      vertex 8.3 27.2166 19.4542
    endloop
  endfacet
  facet normal 1 0 0
    outer loop
      vertex 8.3 26.9878 19.3658
      vertex 8.3 26.8803 14.8471
      vertex 8.3 27.1046 14.7478
    endloop
  endfacet
  facet normal 1 -0 0
    outer loop
      vertex 8.3 26.7687 19.2553
      vertex 8.3 26.8803 14.8471
      vertex 8.3 26.9878 19.3658
    endloop
  endfacet
  facet normal 1 0 0
    outer loop
      vertex 8.3 26.7687 19.2553
      vertex 8.3 26.6667 14.9678
      vertex 8.3 26.8803 14.8471
    endloop
  endfacet
  facet normal 1 -0 0
    outer loop
      vertex 8.3 26.5615 19.1239
      vertex 8.3 26.6667 14.9678
      vertex 8.3 26.7687 19.2553
    endloop
  endfacet
  facet normal 1 0 0
    outer loop
      vertex 8.3 26.5615 19.1239
      vertex 8.3 26.466 15.109
      vertex 8.3 26.6667 14.9678
    endloop
  endfacet
  facet normal 1 -0 0
    outer loop
      vertex 8.3 26.3682 18.9728
      vertex 8.3 26.466 15.109
      vertex 8.3 26.5615 19.1239
    endloop
  endfacet
  facet normal 1 0 0
    outer loop
      vertex 8.3 26.3682 18.9728
      vertex 8.3 26.2801 15.2691
      vertex 8.3 26.466 15.109
    endloop
  endfacet
  facet normal 1 -0 0
    outer loop
      vertex 8.3 26.1907 18.8035
      vertex 8.3 26.2801 15.2691
      vertex 8.3 26.3682 18.9728
    endloop
  endfacet
  facet normal 1 0 0
    outer loop
      vertex 8.3 26.1907 18.8035
      vertex 8.3 26.1108 15.4466
      vertex 8.3 26.2801 15.2691
    endloop
  endfacet
  facet normal 1 -0 0
    outer loop
      vertex 8.3 26.0306 18.6176
      vertex 8.3 26.1108 15.4466
      vertex 8.3 26.1907 18.8035
    endloop
  endfacet
  facet normal 1 0 0
    outer loop
      vertex 8.3 26.0306 18.6176
      vertex 8.3 25.9597 15.6399
      vertex 8.3 26.1108 15.4466
    endloop
  endfacet
  facet normal 1 -0 0
    outer loop
      vertex 8.3 25.8894 18.4169
      vertex 8.3 25.9597 15.6399
      vertex 8.3 26.0306 18.6176
    endloop
  endfacet
  facet normal 1 0 0
    outer loop
      vertex 8.3 25.8894 18.4169
      vertex 8.3 25.8283 15.8471
      vertex 8.3 25.9597 15.6399
    endloop
  endfacet
  facet normal 1 -0 0
    outer loop
      vertex 8.3 25.7687 18.2033
      vertex 8.3 25.8283 15.8471
      vertex 8.3 25.8894 18.4169
    endloop
  endfacet
  facet normal 1 0 0
    outer loop
      vertex 8.3 25.7687 18.2033
      vertex 8.3 25.7178 16.0662
      vertex 8.3 25.8283 15.8471
    endloop
  endfacet
  facet normal 1 -0 0
    outer loop
      vertex 8.3 25.6694 17.979
      vertex 8.3 25.7178 16.0662
      vertex 8.3 25.7687 18.2033
    endloop
  endfacet
  facet normal 1 0 0
    outer loop
      vertex 8.3 25.6694 17.979
      vertex 8.3 25.6294 16.295
      vertex 8.3 25.7178 16.0662
    endloop
  endfacet
  facet normal 1 -0 0
    outer loop
      vertex 8.3 25.5927 17.7459
      vertex 8.3 25.6294 16.295
      vertex 8.3 25.6694 17.979
    endloop
  endfacet
  facet normal 1 0 0
    outer loop
      vertex 8.3 25.5927 17.7459
      vertex 8.3 25.5638 16.5314
      vertex 8.3 25.6294 16.295
    endloop
  endfacet
  facet normal 1 -0 0
    outer loop
      vertex 8.3 25.5391 17.5065
      vertex 8.3 25.5638 16.5314
      vertex 8.3 25.5927 17.7459
    endloop
  endfacet
  facet normal 1 0 0
    outer loop
      vertex 8.3 25.5391 17.5065
      vertex 8.3 25.5216 16.7731
      vertex 8.3 25.5638 16.5314
    endloop
  endfacet
  facet normal 1 -0 0
    outer loop
      vertex 8.3 25.5092 17.263
      vertex 8.3 25.5216 16.7731
      vertex 8.3 25.5391 17.5065
    endloop
  endfacet
  facet normal 1 0 0
    outer loop
      vertex 8.3 25.5216 16.7731
      vertex 8.3 25.5092 17.263
      vertex 8.3 25.5034 17.0177
    endloop
  endfacet
  facet normal 1 -0 0
    outer loop
      vertex 8.3 28.3627 24.7863
      vertex 8.3 28.4867 19.8839
      vertex 8.3 28.6044 24.8284
    endloop
  endfacet
  facet normal 1 0 0
    outer loop
      vertex 8.3 28.3627 24.7863
      vertex 8.3 28.2473 19.9375
      vertex 8.3 28.4867 19.8839
    endloop
  endfacet
  facet normal 1 -0 0
    outer loop
      vertex 8.3 28.1263 24.7207
      vertex 8.3 28.2473 19.9375
      vertex 8.3 28.3627 24.7863
    endloop
  endfacet
  facet normal 1 0 0
    outer loop
      vertex 8.3 28.1263 24.7207
      vertex 8.3 28.0143 20.0143
      vertex 8.3 28.2473 19.9375
    endloop
  endfacet
  facet normal 1 -0 0
    outer loop
      vertex 8.3 27.8974 24.6322
      vertex 8.3 28.0143 20.0143
      vertex 8.3 28.1263 24.7207
    endloop
  endfacet
  facet normal 1 0 0
    outer loop
      vertex 8.3 27.8974 24.6322
      vertex 8.3 27.79 20.1135
      vertex 8.3 28.0143 20.0143
    endloop
  endfacet
  facet normal 1 -0 0
    outer loop
      vertex 8.3 27.6784 24.5217
      vertex 8.3 27.79 20.1135
      vertex 8.3 27.8974 24.6322
    endloop
  endfacet
  facet normal 1 0 0
    outer loop
      vertex 8.3 27.6784 24.5217
      vertex 8.3 27.5764 20.2343
      vertex 8.3 27.79 20.1135
    endloop
  endfacet
  facet normal 1 -0 0
    outer loop
      vertex 8.3 27.4712 24.3903
      vertex 8.3 27.5764 20.2343
      vertex 8.3 27.6784 24.5217
    endloop
  endfacet
  facet normal 1 0 0
    outer loop
      vertex 8.3 27.4712 24.3903
      vertex 8.3 27.3757 20.3754
      vertex 8.3 27.5764 20.2343
    endloop
  endfacet
  facet normal 1 -0 0
    outer loop
      vertex 8.3 27.2779 24.2392
      vertex 8.3 27.3757 20.3754
      vertex 8.3 27.4712 24.3903
    endloop
  endfacet
  facet normal 1 0 0
    outer loop
      vertex 8.3 27.2779 24.2392
      vertex 8.3 27.1898 20.5355
      vertex 8.3 27.3757 20.3754
    endloop
  endfacet
  facet normal 1 -0 0
    outer loop
      vertex 8.3 27.1003 24.0699
      vertex 8.3 27.1898 20.5355
      vertex 8.3 27.2779 24.2392
    endloop
  endfacet
  facet normal 1 0 0
    outer loop
      vertex 8.3 27.1003 24.0699
      vertex 8.3 27.0205 20.7131
      vertex 8.3 27.1898 20.5355
    endloop
  endfacet
  facet normal 1 -0 0
    outer loop
      vertex 8.3 26.9402 23.884
      vertex 8.3 27.0205 20.7131
      vertex 8.3 27.1003 24.0699
    endloop
  endfacet
  facet normal 1 0 0
    outer loop
      vertex 8.3 26.9402 23.884
      vertex 8.3 26.8694 20.9064
      vertex 8.3 27.0205 20.7131
    endloop
  endfacet
  facet normal 1 -0 0
    outer loop
      vertex 8.3 26.7991 23.6833
      vertex 8.3 26.8694 20.9064
      vertex 8.3 26.9402 23.884
    endloop
  endfacet
  facet normal 1 0 0
    outer loop
      vertex 8.3 26.7991 23.6833
      vertex 8.3 26.738 21.1136
      vertex 8.3 26.8694 20.9064
    endloop
  endfacet
  facet normal 1 -0 0
    outer loop
      vertex 8.3 26.6784 23.4698
      vertex 8.3 26.738 21.1136
      vertex 8.3 26.7991 23.6833
    endloop
  endfacet
  facet normal 1 0 0
    outer loop
      vertex 8.3 26.6784 23.4698
      vertex 8.3 26.6275 21.3326
      vertex 8.3 26.738 21.1136
    endloop
  endfacet
  facet normal 1 -0 0
    outer loop
      vertex 8.3 26.5791 23.2454
      vertex 8.3 26.6275 21.3326
      vertex 8.3 26.6784 23.4698
    endloop
  endfacet
  facet normal 1 0 0
    outer loop
      vertex 8.3 26.5791 23.2454
      vertex 8.3 26.5391 21.5614
      vertex 8.3 26.6275 21.3326
    endloop
  endfacet
  facet normal 1 -0 0
    outer loop
      vertex 8.3 26.5023 23.0124
      vertex 8.3 26.5391 21.5614
      vertex 8.3 26.5791 23.2454
    endloop
  endfacet
  facet normal 1 0 0
    outer loop
      vertex 8.3 26.5023 23.0124
      vertex 8.3 26.4734 21.7978
      vertex 8.3 26.5391 21.5614
    endloop
  endfacet
  facet normal 1 -0 0
    outer loop
      vertex 8.3 26.4488 22.773
      vertex 8.3 26.4734 21.7978
      vertex 8.3 26.5023 23.0124
    endloop
  endfacet
  facet normal 1 0 0
    outer loop
      vertex 8.3 26.4488 22.773
      vertex 8.3 26.4313 22.0395
      vertex 8.3 26.4734 21.7978
    endloop
  endfacet
  facet normal 1 -0 0
    outer loop
      vertex 8.3 26.4189 22.5295
      vertex 8.3 26.4313 22.0395
      vertex 8.3 26.4488 22.773
    endloop
  endfacet
  facet normal 1 0 0
    outer loop
      vertex 8.3 26.4313 22.0395
      vertex 8.3 26.4189 22.5295
      vertex 8.3 26.4131 22.2842
    endloop
  endfacet
  facet normal 1 -0 0
    outer loop
      vertex 8.3 29.2723 30.0528
      vertex 8.3 29.3964 25.1504
      vertex 8.3 29.514 30.0949
    endloop
  endfacet
  facet normal 1 0 0
    outer loop
      vertex 8.3 29.2723 30.0528
      vertex 8.3 29.157 25.204
      vertex 8.3 29.3964 25.1504
    endloop
  endfacet
  facet normal 1 -0 0
    outer loop
      vertex 8.3 29.0359 29.9871
      vertex 8.3 29.157 25.204
      vertex 8.3 29.2723 30.0528
    endloop
  endfacet
  facet normal 1 0 0
    outer loop
      vertex 8.3 29.0359 29.9871
      vertex 8.3 28.924 25.2807
      vertex 8.3 29.157 25.204
    endloop
  endfacet
  facet normal 1 -0 0
    outer loop
      vertex 8.3 28.8071 29.8987
      vertex 8.3 28.924 25.2807
      vertex 8.3 29.0359 29.9871
    endloop
  endfacet
  facet normal 1 0 0
    outer loop
      vertex 8.3 28.8071 29.8987
      vertex 8.3 28.6996 25.38
      vertex 8.3 28.924 25.2807
    endloop
  endfacet
  facet normal 1 -0 0
    outer loop
      vertex 8.3 28.588 29.7882
      vertex 8.3 28.6996 25.38
      vertex 8.3 28.8071 29.8987
    endloop
  endfacet
  facet normal 1 0 0
    outer loop
      vertex 8.3 28.588 29.7882
      vertex 8.3 28.4861 25.5008
      vertex 8.3 28.6996 25.38
    endloop
  endfacet
  facet normal 1 -0 0
    outer loop
      vertex 8.3 28.3809 29.6568
      vertex 8.3 28.4861 25.5008
      vertex 8.3 28.588 29.7882
    endloop
  endfacet
  facet normal 1 0 0
    outer loop
      vertex 8.3 28.3809 29.6568
      vertex 8.3 28.2854 25.6419
      vertex 8.3 28.4861 25.5008
    endloop
  endfacet
  facet normal 1 -0 0
    outer loop
      vertex 8.3 28.1876 29.5057
      vertex 8.3 28.2854 25.6419
      vertex 8.3 28.3809 29.6568
    endloop
  endfacet
  facet normal 1 0 0
    outer loop
      vertex 8.3 28.1876 29.5057
      vertex 8.3 28.0995 25.802
      vertex 8.3 28.2854 25.6419
    endloop
  endfacet
  facet normal 1 -0 0
    outer loop
      vertex 8.3 28.01 29.3364
      vertex 8.3 28.0995 25.802
      vertex 8.3 28.1876 29.5057
    endloop
  endfacet
  facet normal 1 0 0
    outer loop
      vertex 8.3 28.01 29.3364
      vertex 8.3 27.9302 25.9795
      vertex 8.3 28.0995 25.802
    endloop
  endfacet
  facet normal 1 -0 0
    outer loop
      vertex 8.3 27.8499 29.1505
      vertex 8.3 27.9302 25.9795
      vertex 8.3 28.01 29.3364
    endloop
  endfacet
  facet normal 1 0 0
    outer loop
      vertex 8.3 27.8499 29.1505
      vertex 8.3 27.7791 26.1728
      vertex 8.3 27.9302 25.9795
    endloop
  endfacet
  facet normal 1 -0 0
    outer loop
      vertex 8.3 27.7088 28.9498
      vertex 8.3 27.7791 26.1728
      vertex 8.3 27.8499 29.1505
    endloop
  endfacet
  facet normal 1 0 0
    outer loop
      vertex 8.3 27.7088 28.9498
      vertex 8.3 27.6477 26.38
      vertex 8.3 27.7791 26.1728
    endloop
  endfacet
  facet normal 1 -0 0
    outer loop
      vertex 8.3 27.588 28.7362
      vertex 8.3 27.6477 26.38
      vertex 8.3 27.7088 28.9498
    endloop
  endfacet
  facet normal 1 0 0
    outer loop
      vertex 8.3 27.588 28.7362
      vertex 8.3 27.5372 26.5991
      vertex 8.3 27.6477 26.38
    endloop
  endfacet
  facet normal 1 -0 0
    outer loop
      vertex 8.3 27.4888 28.5119
      vertex 8.3 27.5372 26.5991
      vertex 8.3 27.588 28.7362
    endloop
  endfacet
  facet normal 1 0 0
    outer loop
      vertex 8.3 27.4888 28.5119
      vertex 8.3 27.4487 26.8279
      vertex 8.3 27.5372 26.5991
    endloop
  endfacet
  facet normal 1 -0 0
    outer loop
      vertex 8.3 27.412 28.2789
      vertex 8.3 27.4487 26.8279
      vertex 8.3 27.4888 28.5119
    endloop
  endfacet
  facet normal 1 0 0
    outer loop
      vertex 8.3 27.412 28.2789
      vertex 8.3 27.3831 27.0643
      vertex 8.3 27.4487 26.8279
    endloop
  endfacet
  facet normal 1 -0 0
    outer loop
      vertex 8.3 27.3584 28.0394
      vertex 8.3 27.3831 27.0643
      vertex 8.3 27.412 28.2789
    endloop
  endfacet
  facet normal 1 0 0
    outer loop
      vertex 8.3 27.3584 28.0394
      vertex 8.3 27.341 27.306
      vertex 8.3 27.3831 27.0643
    endloop
  endfacet
  facet normal 1 -0 0
    outer loop
      vertex 8.3 27.3286 27.7959
      vertex 8.3 27.341 27.306
      vertex 8.3 27.3584 28.0394
    endloop
  endfacet
  facet normal 1 0 0
    outer loop
      vertex 8.3 27.341 27.306
      vertex 8.3 27.3286 27.7959
      vertex 8.3 27.3228 27.5507
    endloop
  endfacet
  facet normal 1 0 0
    outer loop
      vertex 8.3 29.3964 25.1504
      vertex 8.3 30.2475 30.0774
      vertex 8.3 30.004 30.1073
    endloop
  endfacet
  facet normal 1 0 0
    outer loop
      vertex 8.3 29.3964 25.1504
      vertex 8.3 30.004 30.1073
      vertex 8.3 29.7587 30.1131
    endloop
  endfacet
  facet normal 1 0 0
    outer loop
      vertex 8.3 29.3964 25.1504
      vertex 8.3 29.7587 30.1131
      vertex 8.3 29.514 30.0949
    endloop
  endfacet
  facet normal 1 0 0
    outer loop
      vertex 8.3 30.2475 30.0774
      vertex 8.3 29.3964 25.1504
      vertex 8.3 33.8034 29.4632
    endloop
  endfacet
  facet normal 1 0 0
    outer loop
      vertex 8.3 29.3378 24.811
      vertex 8.3 33.8034 29.4632
      vertex 8.3 29.3964 25.1504
    endloop
  endfacet
  facet normal 1 0 0
    outer loop
      vertex 8.3 28.849 24.8467
      vertex 8.3 29.3378 24.811
      vertex 8.3 29.0943 24.8408
    endloop
  endfacet
  facet normal 1 -0 0
    outer loop
      vertex 8.3 28.6044 24.8284
      vertex 8.3 29.3378 24.811
      vertex 8.3 28.849 24.8467
    endloop
  endfacet
  facet normal 1 0 0
    outer loop
      vertex 8.3 28.4867 19.8839
      vertex 8.3 29.3378 24.811
      vertex 8.3 28.6044 24.8284
    endloop
  endfacet
  facet normal 1 0 0
    outer loop
      vertex 8.3 28.4867 19.8839
      vertex 8.3 33.8034 29.4632
      vertex 8.3 29.3378 24.811
    endloop
  endfacet
  facet normal 1 0 0
    outer loop
      vertex 8.3 28.4281 19.5445
      vertex 8.3 33.8034 29.4632
      vertex 8.3 28.4867 19.8839
    endloop
  endfacet
  facet normal 1 0 0
    outer loop
      vertex 8.3 27.9393 19.5802
      vertex 8.3 28.4281 19.5445
      vertex 8.3 28.1846 19.5744
    endloop
  endfacet
  facet normal 1 -0 0
    outer loop
      vertex 8.3 27.6947 19.562
      vertex 8.3 28.4281 19.5445
      vertex 8.3 27.9393 19.5802
    endloop
  endfacet
  facet normal 1 0 0
    outer loop
      vertex 8.3 27.5771 14.6175
      vertex 8.3 28.4281 19.5445
      vertex 8.3 27.6947 19.562
    endloop
  endfacet
  facet normal 1 0 0
    outer loop
      vertex 8.3 27.5771 14.6175
      vertex 8.3 33.8034 29.4632
      vertex 8.3 28.4281 19.5445
    endloop
  endfacet
  facet normal 1 0 0
    outer loop
      vertex 8.3 27.5184 14.2781
      vertex 8.3 33.8034 29.4632
      vertex 8.3 27.5771 14.6175
    endloop
  endfacet
  facet normal 1 0 0
    outer loop
      vertex 8.3 27.0297 14.3137
      vertex 8.3 27.5184 14.2781
      vertex 8.3 27.2749 14.3079
    endloop
  endfacet
  facet normal 1 -0 0
    outer loop
      vertex 8.3 26.785 14.2955
      vertex 8.3 27.5184 14.2781
      vertex 8.3 27.0297 14.3137
    endloop
  endfacet
  facet normal 1 0 0
    outer loop
      vertex 8.3 26.6674 9.35102
      vertex 8.3 27.5184 14.2781
      vertex 8.3 26.785 14.2955
    endloop
  endfacet
  facet normal 1 0 0
    outer loop
      vertex 8.3 26.6674 9.35102
      vertex 8.3 33.8034 29.4632
      vertex 8.3 27.5184 14.2781
    endloop
  endfacet
  facet normal 1 0 0
    outer loop
      vertex 8.3 26.6088 9.01161
      vertex 8.3 33.8034 29.4632
      vertex 8.3 26.6674 9.35102
    endloop
  endfacet
  facet normal 1 0 0
    outer loop
      vertex 8.3 26.12 9.04728
      vertex 8.3 26.6088 9.01161
      vertex 8.3 26.3653 9.04145
    endloop
  endfacet
  facet normal 1 -0 0
    outer loop
      vertex 8.3 25.8753 9.02905
      vertex 8.3 26.6088 9.01161
      vertex 8.3 26.12 9.04728
    endloop
  endfacet
  facet normal 1 0 0
    outer loop
      vertex 8.3 25.7577 4.08457
      vertex 8.3 26.6088 9.01161
      vertex 8.3 25.8753 9.02905
    endloop
  endfacet
  facet normal 1 0 0
    outer loop
      vertex 8.3 25.7577 4.08457
      vertex 8.3 33.8034 29.4632
      vertex 8.3 26.6088 9.01161
    endloop
  endfacet
  facet normal 1 0 0
    outer loop
      vertex 8.3 25.6991 3.74515
      vertex 8.3 33.8034 29.4632
      vertex 8.3 25.7577 4.08457
    endloop
  endfacet
  facet normal 1 0 0
    outer loop
      vertex 8.3 25.2103 3.78083
      vertex 8.3 25.6991 3.74515
      vertex 8.3 25.4556 3.77499
    endloop
  endfacet
  facet normal 1 -0 0
    outer loop
      vertex 8.3 24.9657 3.76259
      vertex 8.3 25.6991 3.74515
      vertex 8.3 25.2103 3.78083
    endloop
  endfacet
  facet normal 1 0 0
    outer loop
      vertex 8.3 24.848 -1.18189
      vertex 8.3 25.6991 3.74515
      vertex 8.3 24.9657 3.76259
    endloop
  endfacet
  facet normal 1 0 0
    outer loop
      vertex 8.3 24.7652 -22.8619
      vertex 8.3 25.6991 3.74515
      vertex 8.3 24.848 -1.18189
    endloop
  endfacet
  facet normal 1 0 0
    outer loop
      vertex 8.3 24.7652 -22.8619
      vertex 8.3 24.848 -1.18189
      vertex 8.3 24.7894 -1.52131
    endloop
  endfacet
  facet normal 1 -0 0
    outer loop
      vertex 8.3 25.6991 3.74515
      vertex 8.3 24.7652 -22.8619
      vertex 8.3 33.8034 29.4632
    endloop
  endfacet
  facet normal 1 0 0
    outer loop
      vertex 8.3 23.9384 -6.44835
      vertex 8.3 24.7894 -1.52131
      vertex 8.3 24.5459 -1.49146
    endloop
  endfacet
  facet normal 1 0 0
    outer loop
      vertex 8.3 23.9384 -6.44835
      vertex 8.3 24.5459 -1.49146
      vertex 8.3 24.3006 -1.48563
    endloop
  endfacet
  facet normal 1 0 0
    outer loop
      vertex 8.3 23.9384 -6.44835
      vertex 8.3 24.3006 -1.48563
      vertex 8.3 24.056 -1.50386
    endloop
  endfacet
  facet normal 1 0 0
    outer loop
      vertex 8.3 24.7894 -1.52131
      vertex 8.3 23.9384 -6.44835
      vertex 8.3 24.7652 -22.8619
    endloop
  endfacet
  facet normal 1 -0 0
    outer loop
      vertex 8.3 23.8797 -6.78777
      vertex 8.3 24.7652 -22.8619
      vertex 8.3 23.9384 -6.44835
    endloop
  endfacet
  facet normal 1 0 0
    outer loop
      vertex 8.3 23.0287 -11.7148
      vertex 8.3 23.8797 -6.78777
      vertex 8.3 23.6362 -6.75792
    endloop
  endfacet
  facet normal 1 0 0
    outer loop
      vertex 8.3 23.0287 -11.7148
      vertex 8.3 23.6362 -6.75792
      vertex 8.3 23.391 -6.75209
    endloop
  endfacet
  facet normal 1 0 0
    outer loop
      vertex 8.3 23.0287 -11.7148
      vertex 8.3 23.391 -6.75209
      vertex 8.3 23.1463 -6.77032
    endloop
  endfacet
  facet normal 1 0 0
    outer loop
      vertex 8.3 23.8797 -6.78777
      vertex 8.3 23.0287 -11.7148
      vertex 8.3 24.7652 -22.8619
    endloop
  endfacet
  facet normal 1 -0 0
    outer loop
      vertex 8.3 22.9701 -12.0542
      vertex 8.3 24.7652 -22.8619
      vertex 8.3 23.0287 -11.7148
    endloop
  endfacet
  facet normal 1 0 0
    outer loop
      vertex 8.3 22.119 -16.9813
      vertex 8.3 22.9701 -12.0542
      vertex 8.3 22.7266 -12.0244
    endloop
  endfacet
  facet normal 1 0 0
    outer loop
      vertex 8.3 22.119 -16.9813
      vertex 8.3 22.7266 -12.0244
      vertex 8.3 22.4813 -12.0185
    endloop
  endfacet
  facet normal 1 0 0
    outer loop
      vertex 8.3 22.119 -16.9813
      vertex 8.3 22.4813 -12.0185
      vertex 8.3 22.2366 -12.0368
    endloop
  endfacet
  facet normal 1 0 0
    outer loop
      vertex 8.3 22.9701 -12.0542
      vertex 8.3 22.119 -16.9813
      vertex 8.3 24.7652 -22.8619
    endloop
  endfacet
  facet normal 1 -0 0
    outer loop
      vertex 8.3 22.0604 -17.3207
      vertex 8.3 24.7652 -22.8619
      vertex 8.3 22.119 -16.9813
    endloop
  endfacet
  facet normal 1 0 0
    outer loop
      vertex 8.3 21.2093 -22.2477
      vertex 8.3 22.0604 -17.3207
      vertex 8.3 21.8169 -17.2908
    endloop
  endfacet
  facet normal 1 0 0
    outer loop
      vertex 8.3 21.2093 -22.2477
      vertex 8.3 21.8169 -17.2908
      vertex 8.3 21.5716 -17.285
    endloop
  endfacet
  facet normal 1 0 0
    outer loop
      vertex 8.3 21.2093 -22.2477
      vertex 8.3 21.5716 -17.285
      vertex 8.3 21.327 -17.3032
    endloop
  endfacet
  facet normal 1 0 0
    outer loop
      vertex 8.3 22.0604 -17.3207
      vertex 8.3 21.2093 -22.2477
      vertex 8.3 24.7652 -22.8619
    endloop
  endfacet
  facet normal 1 -0 0
    outer loop
      vertex 8.3 21.0853 -17.3454
      vertex 8.3 21.2093 -22.2477
      vertex 8.3 21.327 -17.3032
    endloop
  endfacet
  facet normal 1 0 0
    outer loop
      vertex 8.3 21.0853 -17.3454
      vertex 8.3 20.9699 -22.1942
      vertex 8.3 21.2093 -22.2477
    endloop
  endfacet
  facet normal 1 -0 0
    outer loop
      vertex 8.3 20.8489 -17.411
      vertex 8.3 20.9699 -22.1942
      vertex 8.3 21.0853 -17.3454
    endloop
  endfacet
  facet normal 1 0 0
    outer loop
      vertex 8.3 20.8489 -17.411
      vertex 8.3 20.7369 -22.1174
      vertex 8.3 20.9699 -22.1942
    endloop
  endfacet
  facet normal 1 -0 0
    outer loop
      vertex 8.3 20.62 -17.4995
      vertex 8.3 20.7369 -22.1174
      vertex 8.3 20.8489 -17.411
    endloop
  endfacet
  facet normal 1 0 0
    outer loop
      vertex 8.3 20.62 -17.4995
      vertex 8.3 20.5126 -22.0181
      vertex 8.3 20.7369 -22.1174
    endloop
  endfacet
  facet normal 1 -0 0
    outer loop
      vertex 8.3 20.401 -17.6099
      vertex 8.3 20.5126 -22.0181
      vertex 8.3 20.62 -17.4995
    endloop
  endfacet
  facet normal 1 0 0
    outer loop
      vertex 8.3 20.401 -17.6099
      vertex 8.3 20.299 -21.8974
      vertex 8.3 20.5126 -22.0181
    endloop
  endfacet
  facet normal 1 -0 0
    outer loop
      vertex 8.3 20.1938 -17.7413
      vertex 8.3 20.299 -21.8974
      vertex 8.3 20.401 -17.6099
    endloop
  endfacet
  facet normal 1 0 0
    outer loop
      vertex 8.3 20.1938 -17.7413
      vertex 8.3 20.0983 -21.7562
      vertex 8.3 20.299 -21.8974
    endloop
  endfacet
  facet normal 1 -0 0
    outer loop
      vertex 8.3 20.0005 -17.8924
      vertex 8.3 20.0983 -21.7562
      vertex 8.3 20.1938 -17.7413
    endloop
  endfacet
  facet normal 1 0 0
    outer loop
      vertex 8.3 20.0005 -17.8924
      vertex 8.3 19.9124 -21.5961
      vertex 8.3 20.0983 -21.7562
    endloop
  endfacet
  facet normal 1 -0 0
    outer loop
      vertex 8.3 19.8229 -18.0617
      vertex 8.3 19.9124 -21.5961
      vertex 8.3 20.0005 -17.8924
    endloop
  endfacet
  facet normal 1 0 0
    outer loop
      vertex 8.3 19.8229 -18.0617
      vertex 8.3 19.7431 -21.4186
      vertex 8.3 19.9124 -21.5961
    endloop
  endfacet
  facet normal 1 -0 0
    outer loop
      vertex 8.3 19.6628 -18.2476
      vertex 8.3 19.7431 -21.4186
      vertex 8.3 19.8229 -18.0617
    endloop
  endfacet
  facet normal 1 0 0
    outer loop
      vertex 8.3 19.6628 -18.2476
      vertex 8.3 19.592 -21.2253
      vertex 8.3 19.7431 -21.4186
    endloop
  endfacet
  facet normal 1 -0 0
    outer loop
      vertex 8.3 19.5217 -18.4483
      vertex 8.3 19.592 -21.2253
      vertex 8.3 19.6628 -18.2476
    endloop
  endfacet
  facet normal 1 0 0
    outer loop
      vertex 8.3 19.5217 -18.4483
      vertex 8.3 19.4606 -21.0181
      vertex 8.3 19.592 -21.2253
    endloop
  endfacet
  facet normal 1 -0 0
    outer loop
      vertex 8.3 19.401 -18.6619
      vertex 8.3 19.4606 -21.0181
      vertex 8.3 19.5217 -18.4483
    endloop
  endfacet
  facet normal 1 0 0
    outer loop
      vertex 8.3 19.401 -18.6619
      vertex 8.3 19.3501 -20.7991
      vertex 8.3 19.4606 -21.0181
    endloop
  endfacet
  facet normal 1 -0 0
    outer loop
      vertex 8.3 19.3017 -18.8862
      vertex 8.3 19.3501 -20.7991
      vertex 8.3 19.401 -18.6619
    endloop
  endfacet
  facet normal 1 0 0
    outer loop
      vertex 8.3 19.3017 -18.8862
      vertex 8.3 19.2617 -20.5702
      vertex 8.3 19.3501 -20.7991
    endloop
  endfacet
  facet normal 1 -0 0
    outer loop
      vertex 8.3 19.2249 -19.1193
      vertex 8.3 19.2617 -20.5702
      vertex 8.3 19.3017 -18.8862
    endloop
  endfacet
  facet normal 1 0 0
    outer loop
      vertex 8.3 19.2249 -19.1193
      vertex 8.3 19.196 -20.3338
      vertex 8.3 19.2617 -20.5702
    endloop
  endfacet
  facet normal 1 -0 0
    outer loop
      vertex 8.3 19.1714 -19.3587
      vertex 8.3 19.196 -20.3338
      vertex 8.3 19.2249 -19.1193
    endloop
  endfacet
  facet normal 1 0 0
    outer loop
      vertex 8.3 19.1714 -19.3587
      vertex 8.3 19.1539 -20.0921
      vertex 8.3 19.196 -20.3338
    endloop
  endfacet
  facet normal 1 -0 0
    outer loop
      vertex 8.3 19.1415 -19.6022
      vertex 8.3 19.1539 -20.0921
      vertex 8.3 19.1714 -19.3587
    endloop
  endfacet
  facet normal 1 0 0
    outer loop
      vertex 8.3 19.1539 -20.0921
      vertex 8.3 19.1415 -19.6022
      vertex 8.3 19.1357 -19.8475
    endloop
  endfacet
  facet normal -0 0.121877 0.992545
    outer loop
      vertex -10.3 22.0604 -17.3207
      vertex 8.3 21.8169 -17.2908
      vertex 8.3 22.0604 -17.3207
    endloop
  endfacet
  facet normal 0 0.121877 0.992545
    outer loop
      vertex 8.3 21.8169 -17.2908
      vertex -10.3 22.0604 -17.3207
      vertex -10.3 21.8169 -17.2908
    endloop
  endfacet
  facet normal 0 -0.818062 0.57513
    outer loop
      vertex -10.3 19.5217 -18.4483
      vertex 8.3 19.6628 -18.2476
      vertex -10.3 19.6628 -18.2476
    endloop
  endfacet
  facet normal 0 -0.818062 0.57513
    outer loop
      vertex 8.3 19.6628 -18.2476
      vertex -10.3 19.5217 -18.4483
      vertex 8.3 19.5217 -18.4483
    endloop
  endfacet
  facet normal 0 -0.535556 0.8445
    outer loop
      vertex -10.3 20.401 -17.6099
      vertex 8.3 20.1938 -17.7413
      vertex 8.3 20.401 -17.6099
    endloop
  endfacet
  facet normal 0 -0.535556 0.8445
    outer loop
      vertex 8.3 20.1938 -17.7413
      vertex -10.3 20.401 -17.6099
      vertex -10.3 20.1938 -17.7413
    endloop
  endfacet
  facet normal 0 -0.985167 -0.171599
    outer loop
      vertex -10.3 19.196 -20.3338
      vertex 8.3 19.1539 -20.0921
      vertex -10.3 19.1539 -20.0921
    endloop
  endfacet
  facet normal 0 -0.985167 -0.171599
    outer loop
      vertex 8.3 19.1539 -20.0921
      vertex -10.3 19.196 -20.3338
      vertex 8.3 19.196 -20.3338
    endloop
  endfacet
  facet normal 0 -0.575403 -0.81787
    outer loop
      vertex -10.3 20.0983 -21.7562
      vertex 8.3 20.299 -21.8974
      vertex 8.3 20.0983 -21.7562
    endloop
  endfacet
  facet normal -0 -0.575403 -0.81787
    outer loop
      vertex 8.3 20.299 -21.8974
      vertex -10.3 20.0983 -21.7562
      vertex -10.3 20.299 -21.8974
    endloop
  endfacet
  facet normal 0 -0.218096 -0.975927
    outer loop
      vertex -10.3 20.9699 -22.1942
      vertex 8.3 21.2093 -22.2477
      vertex 8.3 20.9699 -22.1942
    endloop
  endfacet
  facet normal -0 -0.218096 -0.975927
    outer loop
      vertex 8.3 21.2093 -22.2477
      vertex -10.3 20.9699 -22.1942
      vertex -10.3 21.2093 -22.2477
    endloop
  endfacet
  facet normal 0 -0.949778 0.312925
    outer loop
      vertex -10.3 19.2249 -19.1193
      vertex 8.3 19.3017 -18.8862
      vertex -10.3 19.3017 -18.8862
    endloop
  endfacet
  facet normal 0 -0.949778 0.312925
    outer loop
      vertex 8.3 19.3017 -18.8862
      vertex -10.3 19.2249 -19.1193
      vertex 8.3 19.2249 -19.1193
    endloop
  endfacet
  facet normal 0 -0.914399 0.404814
    outer loop
      vertex -10.3 19.3017 -18.8862
      vertex 8.3 19.401 -18.6619
      vertex -10.3 19.401 -18.6619
    endloop
  endfacet
  facet normal 0 -0.914399 0.404814
    outer loop
      vertex 8.3 19.401 -18.6619
      vertex -10.3 19.3017 -18.8862
      vertex 8.3 19.3017 -18.8862
    endloop
  endfacet
  facet normal 0 -0.870616 0.491963
    outer loop
      vertex -10.3 19.401 -18.6619
      vertex 8.3 19.5217 -18.4483
      vertex -10.3 19.5217 -18.4483
    endloop
  endfacet
  facet normal 0 -0.870616 0.491963
    outer loop
      vertex 8.3 19.5217 -18.4483
      vertex -10.3 19.401 -18.6619
      vertex 8.3 19.401 -18.6619
    endloop
  endfacet
  facet normal 0 -0.689991 0.723818
    outer loop
      vertex -10.3 20.0005 -17.8924
      vertex 8.3 19.8229 -18.0617
      vertex 8.3 20.0005 -17.8924
    endloop
  endfacet
  facet normal 0 -0.689991 0.723818
    outer loop
      vertex 8.3 19.8229 -18.0617
      vertex -10.3 20.0005 -17.8924
      vertex -10.3 19.8229 -18.0617
    endloop
  endfacet
  facet normal 0 -0.615858 0.787858
    outer loop
      vertex -10.3 20.1938 -17.7413
      vertex 8.3 20.0005 -17.8924
      vertex 8.3 20.1938 -17.7413
    endloop
  endfacet
  facet normal 0 -0.615858 0.787858
    outer loop
      vertex 8.3 20.0005 -17.8924
      vertex -10.3 20.1938 -17.7413
      vertex -10.3 20.0005 -17.8924
    endloop
  endfacet
  facet normal 0 -0.75773 0.652569
    outer loop
      vertex -10.3 19.6628 -18.2476
      vertex 8.3 19.8229 -18.0617
      vertex -10.3 19.8229 -18.0617
    endloop
  endfacet
  facet normal 0 -0.75773 0.652569
    outer loop
      vertex 8.3 19.8229 -18.0617
      vertex -10.3 19.6628 -18.2476
      vertex 8.3 19.6628 -18.2476
    endloop
  endfacet
  facet normal 0 -0.892791 -0.450472
    outer loop
      vertex -10.3 19.4606 -21.0181
      vertex 8.3 19.3501 -20.7991
      vertex -10.3 19.3501 -20.7991
    endloop
  endfacet
  facet normal 0 -0.892791 -0.450472
    outer loop
      vertex 8.3 19.3501 -20.7991
      vertex -10.3 19.4606 -21.0181
      vertex 8.3 19.4606 -21.0181
    endloop
  endfacet
  facet normal 0 -0.932851 -0.360262
    outer loop
      vertex -10.3 19.3501 -20.7991
      vertex 8.3 19.2617 -20.5702
      vertex -10.3 19.2617 -20.5702
    endloop
  endfacet
  facet normal 0 -0.932851 -0.360262
    outer loop
      vertex 8.3 19.2617 -20.5702
      vertex -10.3 19.3501 -20.7991
      vertex 8.3 19.3501 -20.7991
    endloop
  endfacet
  facet normal 0 -0.963483 -0.26777
    outer loop
      vertex -10.3 19.2617 -20.5702
      vertex 8.3 19.196 -20.3338
      vertex -10.3 19.196 -20.3338
    endloop
  endfacet
  facet normal 0 -0.963483 -0.26777
    outer loop
      vertex 8.3 19.196 -20.3338
      vertex -10.3 19.2617 -20.5702
      vertex 8.3 19.2617 -20.5702
    endloop
  endfacet
  facet normal 0 -0.997243 -0.0742021
    outer loop
      vertex -10.3 19.1539 -20.0921
      vertex 8.3 19.1357 -19.8475
      vertex -10.3 19.1357 -19.8475
    endloop
  endfacet
  facet normal 0 -0.997243 -0.0742021
    outer loop
      vertex 8.3 19.1357 -19.8475
      vertex -10.3 19.1539 -20.0921
      vertex 8.3 19.1539 -20.0921
    endloop
  endfacet
  facet normal 0 -0.999721 0.0236379
    outer loop
      vertex -10.3 19.1357 -19.8475
      vertex 8.3 19.1415 -19.6022
      vertex -10.3 19.1415 -19.6022
    endloop
  endfacet
  facet normal 0 -0.999721 0.0236379
    outer loop
      vertex 8.3 19.1415 -19.6022
      vertex -10.3 19.1357 -19.8475
      vertex 8.3 19.1357 -19.8475
    endloop
  endfacet
  facet normal 0 -0.992545 0.121877
    outer loop
      vertex -10.3 19.1415 -19.6022
      vertex 8.3 19.1714 -19.3587
      vertex -10.3 19.1714 -19.3587
    endloop
  endfacet
  facet normal 0 -0.992545 0.121877
    outer loop
      vertex 8.3 19.1714 -19.3587
      vertex -10.3 19.1415 -19.6022
      vertex 8.3 19.1415 -19.6022
    endloop
  endfacet
  facet normal 0 -0.652569 -0.75773
    outer loop
      vertex -10.3 19.9124 -21.5961
      vertex 8.3 20.0983 -21.7562
      vertex 8.3 19.9124 -21.5961
    endloop
  endfacet
  facet normal -0 -0.652569 -0.75773
    outer loop
      vertex 8.3 20.0983 -21.7562
      vertex -10.3 19.9124 -21.5961
      vertex -10.3 20.0983 -21.7562
    endloop
  endfacet
  facet normal 0 -0.723624 -0.690195
    outer loop
      vertex -10.3 19.9124 -21.5961
      vertex 8.3 19.7431 -21.4186
      vertex -10.3 19.7431 -21.4186
    endloop
  endfacet
  facet normal 0 -0.723624 -0.690195
    outer loop
      vertex 8.3 19.7431 -21.4186
      vertex -10.3 19.9124 -21.5961
      vertex 8.3 19.9124 -21.5961
    endloop
  endfacet
  facet normal 0 -0.787858 -0.615858
    outer loop
      vertex -10.3 19.7431 -21.4186
      vertex 8.3 19.592 -21.2253
      vertex -10.3 19.592 -21.2253
    endloop
  endfacet
  facet normal 0 -0.787858 -0.615858
    outer loop
      vertex 8.3 19.592 -21.2253
      vertex -10.3 19.7431 -21.4186
      vertex 8.3 19.7431 -21.4186
    endloop
  endfacet
  facet normal 0 -0.404814 -0.914399
    outer loop
      vertex -10.3 20.5126 -22.0181
      vertex 8.3 20.7369 -22.1174
      vertex 8.3 20.5126 -22.0181
    endloop
  endfacet
  facet normal -0 -0.404814 -0.914399
    outer loop
      vertex 8.3 20.7369 -22.1174
      vertex -10.3 20.5126 -22.0181
      vertex -10.3 20.7369 -22.1174
    endloop
  endfacet
  facet normal 0 -0.491963 -0.870616
    outer loop
      vertex -10.3 20.299 -21.8974
      vertex 8.3 20.5126 -22.0181
      vertex 8.3 20.299 -21.8974
    endloop
  endfacet
  facet normal -0 -0.491963 -0.870616
    outer loop
      vertex 8.3 20.5126 -22.0181
      vertex -10.3 20.299 -21.8974
      vertex -10.3 20.5126 -22.0181
    endloop
  endfacet
  facet normal 0 -0.313047 -0.949738
    outer loop
      vertex -10.3 20.7369 -22.1174
      vertex 8.3 20.9699 -22.1942
      vertex 8.3 20.7369 -22.1174
    endloop
  endfacet
  facet normal -0 -0.313047 -0.949738
    outer loop
      vertex 8.3 20.9699 -22.1942
      vertex -10.3 20.7369 -22.1174
      vertex -10.3 20.9699 -22.1942
    endloop
  endfacet
  facet normal 0 -0.267392 0.963588
    outer loop
      vertex -10.3 21.0853 -17.3454
      vertex 8.3 20.8489 -17.411
      vertex 8.3 21.0853 -17.3454
    endloop
  endfacet
  facet normal 0 -0.267392 0.963588
    outer loop
      vertex 8.3 20.8489 -17.411
      vertex -10.3 21.0853 -17.3454
      vertex -10.3 20.8489 -17.411
    endloop
  endfacet
  facet normal 0 -0.360617 0.932714
    outer loop
      vertex -10.3 20.8489 -17.411
      vertex 8.3 20.62 -17.4995
      vertex 8.3 20.8489 -17.411
    endloop
  endfacet
  facet normal 0 -0.360617 0.932714
    outer loop
      vertex 8.3 20.62 -17.4995
      vertex -10.3 20.8489 -17.411
      vertex -10.3 20.62 -17.4995
    endloop
  endfacet
  facet normal 0 -0.0742021 0.997243
    outer loop
      vertex -10.3 21.5716 -17.285
      vertex 8.3 21.327 -17.3032
      vertex 8.3 21.5716 -17.285
    endloop
  endfacet
  facet normal 0 -0.0742021 0.997243
    outer loop
      vertex 8.3 21.327 -17.3032
      vertex -10.3 21.5716 -17.285
      vertex -10.3 21.327 -17.3032
    endloop
  endfacet
  facet normal -0 0.0236379 0.999721
    outer loop
      vertex -10.3 21.8169 -17.2908
      vertex 8.3 21.5716 -17.285
      vertex 8.3 21.8169 -17.2908
    endloop
  endfacet
  facet normal 0 0.0236379 0.999721
    outer loop
      vertex 8.3 21.5716 -17.285
      vertex -10.3 21.8169 -17.2908
      vertex -10.3 21.5716 -17.285
    endloop
  endfacet
  facet normal 0 -0.450147 0.892955
    outer loop
      vertex -10.3 20.62 -17.4995
      vertex 8.3 20.401 -17.6099
      vertex 8.3 20.62 -17.4995
    endloop
  endfacet
  facet normal 0 -0.450147 0.892955
    outer loop
      vertex 8.3 20.401 -17.6099
      vertex -10.3 20.62 -17.4995
      vertex -10.3 20.401 -17.6099
    endloop
  endfacet
  facet normal 0 -0.171995 0.985098
    outer loop
      vertex -10.3 21.327 -17.3032
      vertex 8.3 21.0853 -17.3454
      vertex 8.3 21.327 -17.3032
    endloop
  endfacet
  facet normal 0 -0.171995 0.985098
    outer loop
      vertex 8.3 21.0853 -17.3454
      vertex -10.3 21.327 -17.3032
      vertex -10.3 21.0853 -17.3454
    endloop
  endfacet
  facet normal 0 -0.975841 0.218484
    outer loop
      vertex -10.3 20.081 -14.0922
      vertex 8.3 20.1346 -13.8528
      vertex -10.3 20.1346 -13.8528
    endloop
  endfacet
  facet normal 0 -0.975841 0.218484
    outer loop
      vertex 8.3 20.1346 -13.8528
      vertex -10.3 20.081 -14.0922
      vertex 8.3 20.081 -14.0922
    endloop
  endfacet
  facet normal 0 -0.535741 0.844383
    outer loop
      vertex -10.3 21.3106 -12.3435
      vertex 8.3 21.1035 -12.4749
      vertex 8.3 21.3106 -12.3435
    endloop
  endfacet
  facet normal 0 -0.535741 0.844383
    outer loop
      vertex 8.3 21.1035 -12.4749
      vertex -10.3 21.3106 -12.3435
      vertex -10.3 21.1035 -12.4749
    endloop
  endfacet
  facet normal 0 -0.0745772 0.997215
    outer loop
      vertex -10.3 22.4813 -12.0185
      vertex 8.3 22.2366 -12.0368
      vertex 8.3 22.4813 -12.0185
    endloop
  endfacet
  facet normal 0 -0.0745772 0.997215
    outer loop
      vertex 8.3 22.2366 -12.0368
      vertex -10.3 22.4813 -12.0185
      vertex -10.3 22.2366 -12.0368
    endloop
  endfacet
  facet normal 0 -0.844383 -0.535741
    outer loop
      vertex -10.3 20.5017 -15.9588
      vertex 8.3 20.3703 -15.7517
      vertex -10.3 20.3703 -15.7517
    endloop
  endfacet
  facet normal 0 -0.844383 -0.535741
    outer loop
      vertex 8.3 20.3703 -15.7517
      vertex -10.3 20.5017 -15.9588
      vertex 8.3 20.5017 -15.9588
    endloop
  endfacet
  facet normal 0 -0.818062 0.57513
    outer loop
      vertex -10.3 20.4314 -13.1819
      vertex 8.3 20.5725 -12.9812
      vertex -10.3 20.5725 -12.9812
    endloop
  endfacet
  facet normal 0 -0.818062 0.57513
    outer loop
      vertex 8.3 20.5725 -12.9812
      vertex -10.3 20.4314 -13.1819
      vertex 8.3 20.4314 -13.1819
    endloop
  endfacet
  facet normal 0 -0.171599 0.985167
    outer loop
      vertex -10.3 22.2366 -12.0368
      vertex 8.3 21.9949 -12.0789
      vertex 8.3 22.2366 -12.0368
    endloop
  endfacet
  facet normal 0 -0.171599 0.985167
    outer loop
      vertex 8.3 21.9949 -12.0789
      vertex -10.3 22.2366 -12.0368
      vertex -10.3 21.9949 -12.0789
    endloop
  endfacet
  facet normal 0 -0.985167 -0.171599
    outer loop
      vertex -10.3 20.1057 -15.0674
      vertex 8.3 20.0636 -14.8257
      vertex -10.3 20.0636 -14.8257
    endloop
  endfacet
  facet normal 0 -0.985167 -0.171599
    outer loop
      vertex 8.3 20.0636 -14.8257
      vertex -10.3 20.1057 -15.0674
      vertex 8.3 20.1057 -15.0674
    endloop
  endfacet
  facet normal 0 -0.723818 -0.689991
    outer loop
      vertex -10.3 20.8221 -16.3297
      vertex 8.3 20.6528 -16.1521
      vertex -10.3 20.6528 -16.1521
    endloop
  endfacet
  facet normal 0 -0.723818 -0.689991
    outer loop
      vertex 8.3 20.6528 -16.1521
      vertex -10.3 20.8221 -16.3297
      vertex 8.3 20.8221 -16.3297
    endloop
  endfacet
  facet normal 0 -0.57513 -0.818062
    outer loop
      vertex -10.3 21.008 -16.4898
      vertex 8.3 21.2087 -16.6309
      vertex 8.3 21.008 -16.4898
    endloop
  endfacet
  facet normal -0 -0.57513 -0.818062
    outer loop
      vertex 8.3 21.2087 -16.6309
      vertex -10.3 21.008 -16.4898
      vertex -10.3 21.2087 -16.6309
    endloop
  endfacet
  facet normal 0 -0.652569 -0.75773
    outer loop
      vertex -10.3 20.8221 -16.3297
      vertex 8.3 21.008 -16.4898
      vertex 8.3 20.8221 -16.3297
    endloop
  endfacet
  facet normal -0 -0.652569 -0.75773
    outer loop
      vertex 8.3 21.008 -16.4898
      vertex -10.3 20.8221 -16.3297
      vertex -10.3 21.008 -16.4898
    endloop
  endfacet
  facet normal 0 -0.492447 -0.870343
    outer loop
      vertex -10.3 21.2087 -16.6309
      vertex 8.3 21.4222 -16.7517
      vertex 8.3 21.2087 -16.6309
    endloop
  endfacet
  facet normal -0 -0.492447 -0.870343
    outer loop
      vertex 8.3 21.4222 -16.7517
      vertex -10.3 21.2087 -16.6309
      vertex -10.3 21.4222 -16.7517
    endloop
  endfacet
  facet normal 0 -0.218484 -0.975841
    outer loop
      vertex -10.3 21.8796 -16.9277
      vertex 8.3 22.119 -16.9813
      vertex 8.3 21.8796 -16.9277
    endloop
  endfacet
  facet normal -0 -0.218484 -0.975841
    outer loop
      vertex 8.3 22.119 -16.9813
      vertex -10.3 21.8796 -16.9277
      vertex -10.3 22.119 -16.9813
    endloop
  endfacet
  facet normal 0 -0.949738 0.313047
    outer loop
      vertex -10.3 20.1346 -13.8528
      vertex 8.3 20.2114 -13.6198
      vertex -10.3 20.2114 -13.6198
    endloop
  endfacet
  facet normal 0 -0.949738 0.313047
    outer loop
      vertex 8.3 20.2114 -13.6198
      vertex -10.3 20.1346 -13.8528
      vertex 8.3 20.1346 -13.8528
    endloop
  endfacet
  facet normal 0 -0.914617 0.404322
    outer loop
      vertex -10.3 20.2114 -13.6198
      vertex 8.3 20.3106 -13.3954
      vertex -10.3 20.3106 -13.3954
    endloop
  endfacet
  facet normal 0 -0.914617 0.404322
    outer loop
      vertex 8.3 20.3106 -13.3954
      vertex -10.3 20.2114 -13.6198
      vertex 8.3 20.2114 -13.6198
    endloop
  endfacet
  facet normal 0 -0.870343 0.492447
    outer loop
      vertex -10.3 20.3106 -13.3954
      vertex 8.3 20.4314 -13.1819
      vertex -10.3 20.4314 -13.1819
    endloop
  endfacet
  facet normal 0 -0.870343 0.492447
    outer loop
      vertex 8.3 20.4314 -13.1819
      vertex -10.3 20.3106 -13.3954
      vertex 8.3 20.3106 -13.3954
    endloop
  endfacet
  facet normal 0 -0.689991 0.723818
    outer loop
      vertex -10.3 20.9102 -12.626
      vertex 8.3 20.7326 -12.7953
      vertex 8.3 20.9102 -12.626
    endloop
  endfacet
  facet normal 0 -0.689991 0.723818
    outer loop
      vertex 8.3 20.7326 -12.7953
      vertex -10.3 20.9102 -12.626
      vertex -10.3 20.7326 -12.7953
    endloop
  endfacet
  facet normal 0 -0.615858 0.787858
    outer loop
      vertex -10.3 21.1035 -12.4749
      vertex 8.3 20.9102 -12.626
      vertex 8.3 21.1035 -12.4749
    endloop
  endfacet
  facet normal 0 -0.615858 0.787858
    outer loop
      vertex 8.3 20.9102 -12.626
      vertex -10.3 21.1035 -12.4749
      vertex -10.3 20.9102 -12.626
    endloop
  endfacet
  facet normal 0 -0.75773 0.652569
    outer loop
      vertex -10.3 20.5725 -12.9812
      vertex 8.3 20.7326 -12.7953
      vertex -10.3 20.7326 -12.7953
    endloop
  endfacet
  facet normal 0 -0.75773 0.652569
    outer loop
      vertex 8.3 20.7326 -12.7953
      vertex -10.3 20.5725 -12.9812
      vertex 8.3 20.5725 -12.9812
    endloop
  endfacet
  facet normal 0 -0.450308 0.892873
    outer loop
      vertex -10.3 21.5297 -12.233
      vertex 8.3 21.3106 -12.3435
      vertex 8.3 21.5297 -12.233
    endloop
  endfacet
  facet normal 0 -0.450308 0.892873
    outer loop
      vertex 8.3 21.3106 -12.3435
      vertex -10.3 21.5297 -12.233
      vertex -10.3 21.3106 -12.3435
    endloop
  endfacet
  facet normal 0 -0.360754 0.932661
    outer loop
      vertex -10.3 21.7585 -12.1445
      vertex 8.3 21.5297 -12.233
      vertex 8.3 21.7585 -12.1445
    endloop
  endfacet
  facet normal 0 -0.360754 0.932661
    outer loop
      vertex 8.3 21.5297 -12.233
      vertex -10.3 21.7585 -12.1445
      vertex -10.3 21.5297 -12.233
    endloop
  endfacet
  facet normal 0 -0.267392 0.963588
    outer loop
      vertex -10.3 21.9949 -12.0789
      vertex 8.3 21.7585 -12.1445
      vertex 8.3 21.9949 -12.0789
    endloop
  endfacet
  facet normal 0 -0.267392 0.963588
    outer loop
      vertex 8.3 21.7585 -12.1445
      vertex -10.3 21.9949 -12.0789
      vertex -10.3 21.7585 -12.1445
    endloop
  endfacet
  facet normal -0 0.0240452 0.999711
    outer loop
      vertex -10.3 22.7266 -12.0244
      vertex 8.3 22.4813 -12.0185
      vertex 8.3 22.7266 -12.0244
    endloop
  endfacet
  facet normal 0 0.0240452 0.999711
    outer loop
      vertex 8.3 22.4813 -12.0185
      vertex -10.3 22.7266 -12.0244
      vertex -10.3 22.4813 -12.0185
    endloop
  endfacet
  facet normal -0 0.121476 0.992594
    outer loop
      vertex -10.3 22.9701 -12.0542
      vertex 8.3 22.7266 -12.0244
      vertex 8.3 22.9701 -12.0542
    endloop
  endfacet
  facet normal 0 0.121476 0.992594
    outer loop
      vertex 8.3 22.7266 -12.0244
      vertex -10.3 22.9701 -12.0542
      vertex -10.3 22.7266 -12.0244
    endloop
  endfacet
  facet normal 0 -0.892873 -0.450308
    outer loop
      vertex -10.3 20.3703 -15.7517
      vertex 8.3 20.2598 -15.5326
      vertex -10.3 20.2598 -15.5326
    endloop
  endfacet
  facet normal 0 -0.892873 -0.450308
    outer loop
      vertex 8.3 20.2598 -15.5326
      vertex -10.3 20.3703 -15.7517
      vertex 8.3 20.3703 -15.7517
    endloop
  endfacet
  facet normal 0 -0.932661 -0.360754
    outer loop
      vertex -10.3 20.2598 -15.5326
      vertex 8.3 20.1713 -15.3038
      vertex -10.3 20.1713 -15.3038
    endloop
  endfacet
  facet normal 0 -0.932661 -0.360754
    outer loop
      vertex 8.3 20.1713 -15.3038
      vertex -10.3 20.2598 -15.5326
      vertex 8.3 20.2598 -15.5326
    endloop
  endfacet
  facet normal 0 -0.963588 -0.267392
    outer loop
      vertex -10.3 20.1713 -15.3038
      vertex 8.3 20.1057 -15.0674
      vertex -10.3 20.1057 -15.0674
    endloop
  endfacet
  facet normal 0 -0.963588 -0.267392
    outer loop
      vertex 8.3 20.1057 -15.0674
      vertex -10.3 20.1713 -15.3038
      vertex 8.3 20.1713 -15.3038
    endloop
  endfacet
  facet normal 0 -0.997215 -0.0745772
    outer loop
      vertex -10.3 20.0636 -14.8257
      vertex 8.3 20.0453 -14.581
      vertex -10.3 20.0453 -14.581
    endloop
  endfacet
  facet normal 0 -0.997215 -0.0745772
    outer loop
      vertex 8.3 20.0453 -14.581
      vertex -10.3 20.0636 -14.8257
      vertex 8.3 20.0636 -14.8257
    endloop
  endfacet
  facet normal 0 -0.999711 0.0240452
    outer loop
      vertex -10.3 20.0453 -14.581
      vertex 8.3 20.0512 -14.3357
      vertex -10.3 20.0512 -14.3357
    endloop
  endfacet
  facet normal 0 -0.999711 0.0240452
    outer loop
      vertex 8.3 20.0512 -14.3357
      vertex -10.3 20.0453 -14.581
      vertex 8.3 20.0453 -14.581
    endloop
  endfacet
  facet normal 0 -0.992594 0.121476
    outer loop
      vertex -10.3 20.0512 -14.3357
      vertex 8.3 20.081 -14.0922
      vertex -10.3 20.081 -14.0922
    endloop
  endfacet
  facet normal 0 -0.992594 0.121476
    outer loop
      vertex 8.3 20.081 -14.0922
      vertex -10.3 20.0512 -14.3357
      vertex 8.3 20.0512 -14.3357
    endloop
  endfacet
  facet normal 0 -0.787858 -0.615858
    outer loop
      vertex -10.3 20.6528 -16.1521
      vertex 8.3 20.5017 -15.9588
      vertex -10.3 20.5017 -15.9588
    endloop
  endfacet
  facet normal 0 -0.787858 -0.615858
    outer loop
      vertex 8.3 20.5017 -15.9588
      vertex -10.3 20.6528 -16.1521
      vertex 8.3 20.6528 -16.1521
    endloop
  endfacet
  facet normal 0 -0.404322 -0.914617
    outer loop
      vertex -10.3 21.4222 -16.7517
      vertex 8.3 21.6466 -16.8509
      vertex 8.3 21.4222 -16.7517
    endloop
  endfacet
  facet normal -0 -0.404322 -0.914617
    outer loop
      vertex 8.3 21.6466 -16.8509
      vertex -10.3 21.4222 -16.7517
      vertex -10.3 21.6466 -16.8509
    endloop
  endfacet
  facet normal 0 -0.313047 -0.949738
    outer loop
      vertex -10.3 21.6466 -16.8509
      vertex 8.3 21.8796 -16.9277
      vertex 8.3 21.6466 -16.8509
    endloop
  endfacet
  facet normal -0 -0.313047 -0.949738
    outer loop
      vertex 8.3 21.8796 -16.9277
      vertex -10.3 21.6466 -16.8509
      vertex -10.3 21.8796 -16.9277
    endloop
  endfacet
  facet normal 0 -0.975842 0.218475
    outer loop
      vertex -10.3 20.9907 -8.82576
      vertex 8.3 21.0443 -8.58635
      vertex -10.3 21.0443 -8.58635
    endloop
  endfacet
  facet normal 0 -0.975842 0.218475
    outer loop
      vertex 8.3 21.0443 -8.58635
      vertex -10.3 20.9907 -8.82576
      vertex 8.3 20.9907 -8.82576
    endloop
  endfacet
  facet normal 0 -0.535614 0.844463
    outer loop
      vertex -10.3 22.2203 -7.07701
      vertex 8.3 22.0131 -7.20843
      vertex 8.3 22.2203 -7.07701
    endloop
  endfacet
  facet normal 0 -0.535614 0.844463
    outer loop
      vertex 8.3 22.0131 -7.20843
      vertex -10.3 22.2203 -7.07701
      vertex -10.3 22.0131 -7.20843
    endloop
  endfacet
  facet normal 0 -0.0742935 0.997236
    outer loop
      vertex -10.3 23.391 -6.75209
      vertex 8.3 23.1463 -6.77032
      vertex 8.3 23.391 -6.75209
    endloop
  endfacet
  facet normal 0 -0.0742935 0.997236
    outer loop
      vertex 8.3 23.1463 -6.77032
      vertex -10.3 23.391 -6.75209
      vertex -10.3 23.1463 -6.77032
    endloop
  endfacet
  facet normal 0 -0.844315 -0.535847
    outer loop
      vertex -10.3 21.4114 -10.6924
      vertex 8.3 21.2799 -10.4852
      vertex -10.3 21.2799 -10.4852
    endloop
  endfacet
  facet normal 0 -0.844315 -0.535847
    outer loop
      vertex 8.3 21.2799 -10.4852
      vertex -10.3 21.4114 -10.6924
      vertex 8.3 21.4114 -10.6924
    endloop
  endfacet
  facet normal 0 -0.818062 0.57513
    outer loop
      vertex -10.3 21.3411 -7.91541
      vertex 8.3 21.4822 -7.71471
      vertex -10.3 21.4822 -7.71471
    endloop
  endfacet
  facet normal 0 -0.818062 0.57513
    outer loop
      vertex 8.3 21.4822 -7.71471
      vertex -10.3 21.3411 -7.91541
      vertex 8.3 21.3411 -7.91541
    endloop
  endfacet
  facet normal 0 -0.985166 -0.171606
    outer loop
      vertex -10.3 21.0154 -9.8009
      vertex 8.3 20.9733 -9.55921
      vertex -10.3 20.9733 -9.55921
    endloop
  endfacet
  facet normal 0 -0.985166 -0.171606
    outer loop
      vertex 8.3 20.9733 -9.55921
      vertex -10.3 21.0154 -9.8009
      vertex 8.3 21.0154 -9.8009
    endloop
  endfacet
  facet normal 0 -0.652569 -0.75773
    outer loop
      vertex -10.3 21.7318 -11.0632
      vertex 8.3 21.9177 -11.2233
      vertex 8.3 21.7318 -11.0632
    endloop
  endfacet
  facet normal -0 -0.652569 -0.75773
    outer loop
      vertex 8.3 21.9177 -11.2233
      vertex -10.3 21.7318 -11.0632
      vertex -10.3 21.9177 -11.2233
    endloop
  endfacet
  facet normal 0 -0.575322 -0.817927
    outer loop
      vertex -10.3 21.9177 -11.2233
      vertex 8.3 22.1183 -11.3644
      vertex 8.3 21.9177 -11.2233
    endloop
  endfacet
  facet normal -0 -0.575322 -0.817927
    outer loop
      vertex 8.3 22.1183 -11.3644
      vertex -10.3 21.9177 -11.2233
      vertex -10.3 22.1183 -11.3644
    endloop
  endfacet
  facet normal 0 -0.404663 -0.914466
    outer loop
      vertex -10.3 22.3319 -11.4852
      vertex 8.3 22.5563 -11.5845
      vertex 8.3 22.3319 -11.4852
    endloop
  endfacet
  facet normal -0 -0.404663 -0.914466
    outer loop
      vertex 8.3 22.5563 -11.5845
      vertex -10.3 22.3319 -11.4852
      vertex -10.3 22.5563 -11.5845
    endloop
  endfacet
  facet normal 0 -0.492272 -0.870441
    outer loop
      vertex -10.3 22.1183 -11.3644
      vertex 8.3 22.3319 -11.4852
      vertex 8.3 22.1183 -11.3644
    endloop
  endfacet
  facet normal -0 -0.492272 -0.870441
    outer loop
      vertex 8.3 22.3319 -11.4852
      vertex -10.3 22.1183 -11.3644
      vertex -10.3 22.3319 -11.4852
    endloop
  endfacet
  facet normal 0 -0.218484 -0.975841
    outer loop
      vertex -10.3 22.7893 -11.6612
      vertex 8.3 23.0287 -11.7148
      vertex 8.3 22.7893 -11.6612
    endloop
  endfacet
  facet normal -0 -0.218484 -0.975841
    outer loop
      vertex 8.3 23.0287 -11.7148
      vertex -10.3 22.7893 -11.6612
      vertex -10.3 23.0287 -11.7148
    endloop
  endfacet
  facet normal 0 -0.949746 0.313022
    outer loop
      vertex -10.3 21.0443 -8.58635
      vertex 8.3 21.1211 -8.35333
      vertex -10.3 21.1211 -8.35333
    endloop
  endfacet
  facet normal 0 -0.949746 0.313022
    outer loop
      vertex 8.3 21.1211 -8.35333
      vertex -10.3 21.0443 -8.58635
      vertex 8.3 21.0443 -8.58635
    endloop
  endfacet
  facet normal 0 -0.914597 0.404368
    outer loop
      vertex -10.3 21.1211 -8.35333
      vertex 8.3 21.2203 -8.12896
      vertex -10.3 21.2203 -8.12896
    endloop
  endfacet
  facet normal 0 -0.914597 0.404368
    outer loop
      vertex 8.3 21.2203 -8.12896
      vertex -10.3 21.1211 -8.35333
      vertex 8.3 21.1211 -8.35333
    endloop
  endfacet
  facet normal 0 -0.870392 0.492359
    outer loop
      vertex -10.3 21.2203 -8.12896
      vertex 8.3 21.3411 -7.91541
      vertex -10.3 21.3411 -7.91541
    endloop
  endfacet
  facet normal 0 -0.870392 0.492359
    outer loop
      vertex 8.3 21.3411 -7.91541
      vertex -10.3 21.2203 -8.12896
      vertex 8.3 21.2203 -8.12896
    endloop
  endfacet
  facet normal 0 -0.690216 0.723604
    outer loop
      vertex -10.3 21.8198 -7.35951
      vertex 8.3 21.6423 -7.52882
      vertex 8.3 21.8198 -7.35951
    endloop
  endfacet
  facet normal 0 -0.690216 0.723604
    outer loop
      vertex 8.3 21.6423 -7.52882
      vertex -10.3 21.8198 -7.35951
      vertex -10.3 21.6423 -7.52882
    endloop
  endfacet
  facet normal 0 -0.615807 0.787897
    outer loop
      vertex -10.3 22.0131 -7.20843
      vertex 8.3 21.8198 -7.35951
      vertex 8.3 22.0131 -7.20843
    endloop
  endfacet
  facet normal 0 -0.615807 0.787897
    outer loop
      vertex 8.3 21.8198 -7.35951
      vertex -10.3 22.0131 -7.20843
      vertex -10.3 21.8198 -7.35951
    endloop
  endfacet
  facet normal 0 -0.757712 0.652589
    outer loop
      vertex -10.3 21.4822 -7.71471
      vertex 8.3 21.6423 -7.52882
      vertex -10.3 21.6423 -7.52882
    endloop
  endfacet
  facet normal 0 -0.757712 0.652589
    outer loop
      vertex 8.3 21.6423 -7.52882
      vertex -10.3 21.4822 -7.71471
      vertex 8.3 21.4822 -7.71471
    endloop
  endfacet
  facet normal 0 -0.450211 0.892922
    outer loop
      vertex -10.3 22.4394 -6.96654
      vertex 8.3 22.2203 -7.07701
      vertex 8.3 22.4394 -6.96654
    endloop
  endfacet
  facet normal 0 -0.450211 0.892922
    outer loop
      vertex 8.3 22.2203 -7.07701
      vertex -10.3 22.4394 -6.96654
      vertex -10.3 22.2203 -7.07701
    endloop
  endfacet
  facet normal 0 -0.360648 0.932702
    outer loop
      vertex -10.3 22.6682 -6.87807
      vertex 8.3 22.4394 -6.96654
      vertex 8.3 22.6682 -6.87807
    endloop
  endfacet
  facet normal 0 -0.360648 0.932702
    outer loop
      vertex 8.3 22.4394 -6.96654
      vertex -10.3 22.6682 -6.87807
      vertex -10.3 22.4394 -6.96654
    endloop
  endfacet
  facet normal -0 0.0237698 0.999717
    outer loop
      vertex -10.3 23.6362 -6.75792
      vertex 8.3 23.391 -6.75209
      vertex 8.3 23.6362 -6.75792
    endloop
  endfacet
  facet normal 0 0.0237698 0.999717
    outer loop
      vertex 8.3 23.391 -6.75209
      vertex -10.3 23.6362 -6.75792
      vertex -10.3 23.391 -6.75209
    endloop
  endfacet
  facet normal -0 0.121676 0.99257
    outer loop
      vertex -10.3 23.8797 -6.78777
      vertex 8.3 23.6362 -6.75792
      vertex 8.3 23.8797 -6.78777
    endloop
  endfacet
  facet normal 0 0.121676 0.99257
    outer loop
      vertex 8.3 23.6362 -6.75792
      vertex -10.3 23.8797 -6.78777
      vertex -10.3 23.6362 -6.75792
    endloop
  endfacet
  facet normal 0 -0.893037 -0.449983
    outer loop
      vertex -10.3 21.2799 -10.4852
      vertex 8.3 21.1695 -10.2661
      vertex -10.3 21.1695 -10.2661
    endloop
  endfacet
  facet normal 0 -0.893037 -0.449983
    outer loop
      vertex 8.3 21.1695 -10.2661
      vertex -10.3 21.2799 -10.4852
      vertex 8.3 21.2799 -10.4852
    endloop
  endfacet
  facet normal 0 -0.932661 -0.360754
    outer loop
      vertex -10.3 21.1695 -10.2661
      vertex 8.3 21.081 -10.0373
      vertex -10.3 21.081 -10.0373
    endloop
  endfacet
  facet normal 0 -0.932661 -0.360754
    outer loop
      vertex 8.3 21.081 -10.0373
      vertex -10.3 21.1695 -10.2661
      vertex 8.3 21.1695 -10.2661
    endloop
  endfacet
  facet normal 0 -0.963588 -0.267392
    outer loop
      vertex -10.3 21.081 -10.0373
      vertex 8.3 21.0154 -9.8009
      vertex -10.3 21.0154 -9.8009
    endloop
  endfacet
  facet normal 0 -0.963588 -0.267392
    outer loop
      vertex 8.3 21.0154 -9.8009
      vertex -10.3 21.081 -10.0373
      vertex 8.3 21.081 -10.0373
    endloop
  endfacet
  facet normal 0 -0.997214 -0.0745893
    outer loop
      vertex -10.3 20.9733 -9.55921
      vertex 8.3 20.955 -9.31455
      vertex -10.3 20.955 -9.31455
    endloop
  endfacet
  facet normal 0 -0.997214 -0.0745893
    outer loop
      vertex 8.3 20.955 -9.31455
      vertex -10.3 20.9733 -9.55921
      vertex 8.3 20.9733 -9.55921
    endloop
  endfacet
  facet normal 0 -0.999711 0.0240482
    outer loop
      vertex -10.3 20.955 -9.31455
      vertex 8.3 20.9609 -9.06928
      vertex -10.3 20.9609 -9.06928
    endloop
  endfacet
  facet normal 0 -0.999711 0.0240482
    outer loop
      vertex 8.3 20.9609 -9.06928
      vertex -10.3 20.955 -9.31455
      vertex 8.3 20.955 -9.31455
    endloop
  endfacet
  facet normal 0 -0.992596 0.121466
    outer loop
      vertex -10.3 20.9609 -9.06928
      vertex 8.3 20.9907 -8.82576
      vertex -10.3 20.9907 -8.82576
    endloop
  endfacet
  facet normal 0 -0.992596 0.121466
    outer loop
      vertex 8.3 20.9907 -8.82576
      vertex -10.3 20.9609 -9.06928
      vertex 8.3 20.9609 -9.06928
    endloop
  endfacet
  facet normal 0 -0.72342 -0.690408
    outer loop
      vertex -10.3 21.7318 -11.0632
      vertex 8.3 21.5624 -10.8857
      vertex -10.3 21.5624 -10.8857
    endloop
  endfacet
  facet normal 0 -0.72342 -0.690408
    outer loop
      vertex 8.3 21.5624 -10.8857
      vertex -10.3 21.7318 -11.0632
      vertex 8.3 21.7318 -11.0632
    endloop
  endfacet
  facet normal 0 -0.788055 -0.615604
    outer loop
      vertex -10.3 21.5624 -10.8857
      vertex 8.3 21.4114 -10.6924
      vertex -10.3 21.4114 -10.6924
    endloop
  endfacet
  facet normal 0 -0.788055 -0.615604
    outer loop
      vertex 8.3 21.4114 -10.6924
      vertex -10.3 21.5624 -10.8857
      vertex 8.3 21.5624 -10.8857
    endloop
  endfacet
  facet normal 0 -0.312679 -0.949859
    outer loop
      vertex -10.3 22.5563 -11.5845
      vertex 8.3 22.7893 -11.6612
      vertex 8.3 22.5563 -11.5845
    endloop
  endfacet
  facet normal -0 -0.312679 -0.949859
    outer loop
      vertex 8.3 22.7893 -11.6612
      vertex -10.3 22.5563 -11.5845
      vertex -10.3 22.7893 -11.6612
    endloop
  endfacet
  facet normal 0 -0.267467 0.963567
    outer loop
      vertex -10.3 22.9046 -6.81245
      vertex 8.3 22.6682 -6.87807
      vertex 8.3 22.9046 -6.81245
    endloop
  endfacet
  facet normal 0 -0.267467 0.963567
    outer loop
      vertex 8.3 22.6682 -6.87807
      vertex -10.3 22.9046 -6.81245
      vertex -10.3 22.6682 -6.87807
    endloop
  endfacet
  facet normal 0 -0.171718 0.985146
    outer loop
      vertex -10.3 23.1463 -6.77032
      vertex 8.3 22.9046 -6.81245
      vertex 8.3 23.1463 -6.77032
    endloop
  endfacet
  facet normal 0 -0.171718 0.985146
    outer loop
      vertex 8.3 22.9046 -6.81245
      vertex -10.3 23.1463 -6.77032
      vertex -10.3 22.9046 -6.81245
    endloop
  endfacet
  facet normal 0 -0.975931 0.218078
    outer loop
      vertex -10.3 21.9004 -3.55931
      vertex 8.3 21.9539 -3.31989
      vertex -10.3 21.9539 -3.31989
    endloop
  endfacet
  facet normal 0 -0.975931 0.218078
    outer loop
      vertex 8.3 21.9539 -3.31989
      vertex -10.3 21.9004 -3.55931
      vertex 8.3 21.9004 -3.55931
    endloop
  endfacet
  facet normal 0 -0.535614 0.844463
    outer loop
      vertex -10.3 23.13 -1.81055
      vertex 8.3 22.9228 -1.94197
      vertex 8.3 23.13 -1.81055
    endloop
  endfacet
  facet normal 0 -0.535614 0.844463
    outer loop
      vertex 8.3 22.9228 -1.94197
      vertex -10.3 23.13 -1.81055
      vertex -10.3 22.9228 -1.94197
    endloop
  endfacet
  facet normal 0 -0.0743237 0.997234
    outer loop
      vertex -10.3 24.3006 -1.48563
      vertex 8.3 24.056 -1.50386
      vertex 8.3 24.3006 -1.48563
    endloop
  endfacet
  facet normal 0 -0.0743237 0.997234
    outer loop
      vertex 8.3 24.056 -1.50386
      vertex -10.3 24.3006 -1.48563
      vertex -10.3 24.056 -1.50386
    endloop
  endfacet
  facet normal 0 -0.844465 -0.535612
    outer loop
      vertex -10.3 22.321 -5.42591
      vertex 8.3 22.1896 -5.21874
      vertex -10.3 22.1896 -5.21874
    endloop
  endfacet
  facet normal 0 -0.844465 -0.535612
    outer loop
      vertex 8.3 22.1896 -5.21874
      vertex -10.3 22.321 -5.42591
      vertex 8.3 22.321 -5.42591
    endloop
  endfacet
  facet normal 0 -0.817857 0.575422
    outer loop
      vertex -10.3 22.2507 -2.64895
      vertex 8.3 22.3919 -2.44826
      vertex -10.3 22.3919 -2.44826
    endloop
  endfacet
  facet normal 0 -0.817857 0.575422
    outer loop
      vertex 8.3 22.3919 -2.44826
      vertex -10.3 22.2507 -2.64895
      vertex 8.3 22.2507 -2.64895
    endloop
  endfacet
  facet normal 0 -0.985097 -0.172002
    outer loop
      vertex -10.3 21.9251 -4.53444
      vertex 8.3 21.8829 -4.29275
      vertex -10.3 21.8829 -4.29275
    endloop
  endfacet
  facet normal 0 -0.985097 -0.172002
    outer loop
      vertex 8.3 21.8829 -4.29275
      vertex -10.3 21.9251 -4.53444
      vertex 8.3 21.9251 -4.53444
    endloop
  endfacet
  facet normal 0 -0.575157 -0.818043
    outer loop
      vertex -10.3 22.8273 -5.95687
      vertex 8.3 23.028 -6.09798
      vertex 8.3 22.8273 -5.95687
    endloop
  endfacet
  facet normal -0 -0.575157 -0.818043
    outer loop
      vertex 8.3 23.028 -6.09798
      vertex -10.3 22.8273 -5.95687
      vertex -10.3 23.028 -6.09798
    endloop
  endfacet
  facet normal 0 -0.218367 -0.975867
    outer loop
      vertex -10.3 23.699 -6.39478
      vertex 8.3 23.9384 -6.44835
      vertex 8.3 23.699 -6.39478
    endloop
  endfacet
  facet normal -0 -0.218367 -0.975867
    outer loop
      vertex 8.3 23.9384 -6.44835
      vertex -10.3 23.699 -6.39478
      vertex -10.3 23.9384 -6.44835
    endloop
  endfacet
  facet normal 0 -0.949746 0.313022
    outer loop
      vertex -10.3 21.9539 -3.31989
      vertex 8.3 22.0307 -3.08687
      vertex -10.3 22.0307 -3.08687
    endloop
  endfacet
  facet normal 0 -0.949746 0.313022
    outer loop
      vertex 8.3 22.0307 -3.08687
      vertex -10.3 21.9539 -3.31989
      vertex 8.3 21.9539 -3.31989
    endloop
  endfacet
  facet normal 0 -0.914439 0.404724
    outer loop
      vertex -10.3 22.0307 -3.08687
      vertex 8.3 22.13 -2.86251
      vertex -10.3 22.13 -2.86251
    endloop
  endfacet
  facet normal 0 -0.914439 0.404724
    outer loop
      vertex 8.3 22.13 -2.86251
      vertex -10.3 22.0307 -3.08687
      vertex 8.3 22.0307 -3.08687
    endloop
  endfacet
  facet normal 0 -0.870577 0.492033
    outer loop
      vertex -10.3 22.13 -2.86251
      vertex 8.3 22.2507 -2.64895
      vertex -10.3 22.2507 -2.64895
    endloop
  endfacet
  facet normal 0 -0.870577 0.492033
    outer loop
      vertex 8.3 22.2507 -2.64895
      vertex -10.3 22.13 -2.86251
      vertex 8.3 22.13 -2.86251
    endloop
  endfacet
  facet normal 0 -0.690216 0.723604
    outer loop
      vertex -10.3 22.7295 -2.09305
      vertex 8.3 22.552 -2.26236
      vertex 8.3 22.7295 -2.09305
    endloop
  endfacet
  facet normal 0 -0.690216 0.723604
    outer loop
      vertex 8.3 22.552 -2.26236
      vertex -10.3 22.7295 -2.09305
      vertex -10.3 22.552 -2.26236
    endloop
  endfacet
  facet normal 0 -0.615807 0.787897
    outer loop
      vertex -10.3 22.9228 -1.94197
      vertex 8.3 22.7295 -2.09305
      vertex 8.3 22.9228 -1.94197
    endloop
  endfacet
  facet normal 0 -0.615807 0.787897
    outer loop
      vertex 8.3 22.7295 -2.09305
      vertex -10.3 22.9228 -1.94197
      vertex -10.3 22.7295 -2.09305
    endloop
  endfacet
  facet normal 0 -0.75773 0.652569
    outer loop
      vertex -10.3 22.3919 -2.44826
      vertex 8.3 22.552 -2.26236
      vertex -10.3 22.552 -2.26236
    endloop
  endfacet
  facet normal 0 -0.75773 0.652569
    outer loop
      vertex 8.3 22.552 -2.26236
      vertex -10.3 22.3919 -2.44826
      vertex 8.3 22.3919 -2.44826
    endloop
  endfacet
  facet normal 0 -0.450211 0.892922
    outer loop
      vertex -10.3 23.3491 -1.70008
      vertex 8.3 23.13 -1.81055
      vertex 8.3 23.3491 -1.70008
    endloop
  endfacet
  facet normal 0 -0.450211 0.892922
    outer loop
      vertex 8.3 23.13 -1.81055
      vertex -10.3 23.3491 -1.70008
      vertex -10.3 23.13 -1.81055
    endloop
  endfacet
  facet normal 0 -0.360648 0.932702
    outer loop
      vertex -10.3 23.5779 -1.61161
      vertex 8.3 23.3491 -1.70008
      vertex 8.3 23.5779 -1.61161
    endloop
  endfacet
  facet normal 0 -0.360648 0.932702
    outer loop
      vertex 8.3 23.3491 -1.70008
      vertex -10.3 23.5779 -1.61161
      vertex -10.3 23.3491 -1.70008
    endloop
  endfacet
  facet normal -0 0.0237601 0.999718
    outer loop
      vertex -10.3 24.5459 -1.49146
      vertex 8.3 24.3006 -1.48563
      vertex 8.3 24.5459 -1.49146
    endloop
  endfacet
  facet normal 0 0.0237601 0.999718
    outer loop
      vertex 8.3 24.3006 -1.48563
      vertex -10.3 24.5459 -1.49146
      vertex -10.3 24.3006 -1.48563
    endloop
  endfacet
  facet normal -0 0.121676 0.99257
    outer loop
      vertex -10.3 24.7894 -1.52131
      vertex 8.3 24.5459 -1.49146
      vertex 8.3 24.7894 -1.52131
    endloop
  endfacet
  facet normal 0 0.121676 0.99257
    outer loop
      vertex 8.3 24.5459 -1.49146
      vertex -10.3 24.7894 -1.52131
      vertex -10.3 24.5459 -1.49146
    endloop
  endfacet
  facet normal 0 -0.89284 -0.450374
    outer loop
      vertex -10.3 22.1896 -5.21874
      vertex 8.3 22.0791 -4.99968
      vertex -10.3 22.0791 -4.99968
    endloop
  endfacet
  facet normal 0 -0.89284 -0.450374
    outer loop
      vertex 8.3 22.0791 -4.99968
      vertex -10.3 22.1896 -5.21874
      vertex 8.3 22.1896 -5.21874
    endloop
  endfacet
  facet normal 0 -0.932814 -0.360358
    outer loop
      vertex -10.3 22.0791 -4.99968
      vertex 8.3 21.9907 -4.77085
      vertex -10.3 21.9907 -4.77085
    endloop
  endfacet
  facet normal 0 -0.932814 -0.360358
    outer loop
      vertex 8.3 21.9907 -4.77085
      vertex -10.3 22.0791 -4.99968
      vertex 8.3 22.0791 -4.99968
    endloop
  endfacet
  facet normal 0 -0.963591 -0.267381
    outer loop
      vertex -10.3 21.9907 -4.77085
      vertex 8.3 21.9251 -4.53444
      vertex -10.3 21.9251 -4.53444
    endloop
  endfacet
  facet normal 0 -0.963591 -0.267381
    outer loop
      vertex 8.3 21.9251 -4.53444
      vertex -10.3 21.9907 -4.77085
      vertex 8.3 21.9907 -4.77085
    endloop
  endfacet
  facet normal 0 -0.997245 -0.074184
    outer loop
      vertex -10.3 21.8829 -4.29275
      vertex 8.3 21.8647 -4.04809
      vertex -10.3 21.8647 -4.04809
    endloop
  endfacet
  facet normal 0 -0.997245 -0.074184
    outer loop
      vertex 8.3 21.8647 -4.04809
      vertex -10.3 21.8829 -4.29275
      vertex 8.3 21.8829 -4.29275
    endloop
  endfacet
  facet normal 0 -0.999721 0.0236408
    outer loop
      vertex -10.3 21.8647 -4.04809
      vertex 8.3 21.8705 -3.80282
      vertex -10.3 21.8705 -3.80282
    endloop
  endfacet
  facet normal 0 -0.999721 0.0236408
    outer loop
      vertex 8.3 21.8705 -3.80282
      vertex -10.3 21.8647 -4.04809
      vertex 8.3 21.8647 -4.04809
    endloop
  endfacet
  facet normal 0 -0.992546 0.121872
    outer loop
      vertex -10.3 21.8705 -3.80282
      vertex 8.3 21.9004 -3.55931
      vertex -10.3 21.9004 -3.55931
    endloop
  endfacet
  facet normal 0 -0.992546 0.121872
    outer loop
      vertex 8.3 21.9004 -3.55931
      vertex -10.3 21.8705 -3.80282
      vertex 8.3 21.8705 -3.80282
    endloop
  endfacet
  facet normal 0 -0.652592 -0.757709
    outer loop
      vertex -10.3 22.6414 -5.79676
      vertex 8.3 22.8273 -5.95687
      vertex 8.3 22.6414 -5.79676
    endloop
  endfacet
  facet normal -0 -0.652592 -0.757709
    outer loop
      vertex 8.3 22.8273 -5.95687
      vertex -10.3 22.6414 -5.79676
      vertex -10.3 22.8273 -5.95687
    endloop
  endfacet
  facet normal 0 -0.723721 -0.690093
    outer loop
      vertex -10.3 22.6414 -5.79676
      vertex 8.3 22.4721 -5.61921
      vertex -10.3 22.4721 -5.61921
    endloop
  endfacet
  facet normal 0 -0.723721 -0.690093
    outer loop
      vertex 8.3 22.4721 -5.61921
      vertex -10.3 22.6414 -5.79676
      vertex 8.3 22.6414 -5.79676
    endloop
  endfacet
  facet normal 0 -0.787858 -0.615858
    outer loop
      vertex -10.3 22.4721 -5.61921
      vertex 8.3 22.321 -5.42591
      vertex -10.3 22.321 -5.42591
    endloop
  endfacet
  facet normal 0 -0.787858 -0.615858
    outer loop
      vertex 8.3 22.321 -5.42591
      vertex -10.3 22.4721 -5.61921
      vertex 8.3 22.4721 -5.61921
    endloop
  endfacet
  facet normal 0 -0.404644 -0.914474
    outer loop
      vertex -10.3 23.2416 -6.21875
      vertex 8.3 23.4659 -6.318
      vertex 8.3 23.2416 -6.21875
    endloop
  endfacet
  facet normal -0 -0.404644 -0.914474
    outer loop
      vertex 8.3 23.4659 -6.318
      vertex -10.3 23.2416 -6.21875
      vertex -10.3 23.4659 -6.318
    endloop
  endfacet
  facet normal 0 -0.492179 -0.870494
    outer loop
      vertex -10.3 23.028 -6.09798
      vertex 8.3 23.2416 -6.21875
      vertex 8.3 23.028 -6.09798
    endloop
  endfacet
  facet normal -0 -0.492179 -0.870494
    outer loop
      vertex 8.3 23.2416 -6.21875
      vertex -10.3 23.028 -6.09798
      vertex -10.3 23.2416 -6.21875
    endloop
  endfacet
  facet normal 0 -0.312852 -0.949802
    outer loop
      vertex -10.3 23.4659 -6.318
      vertex 8.3 23.699 -6.39478
      vertex 8.3 23.4659 -6.318
    endloop
  endfacet
  facet normal -0 -0.312852 -0.949802
    outer loop
      vertex 8.3 23.699 -6.39478
      vertex -10.3 23.4659 -6.318
      vertex -10.3 23.699 -6.39478
    endloop
  endfacet
  facet normal 0 -0.267467 0.963567
    outer loop
      vertex -10.3 23.8143 -1.54599
      vertex 8.3 23.5779 -1.61161
      vertex 8.3 23.8143 -1.54599
    endloop
  endfacet
  facet normal 0 -0.267467 0.963567
    outer loop
      vertex 8.3 23.5779 -1.61161
      vertex -10.3 23.8143 -1.54599
      vertex -10.3 23.5779 -1.61161
    endloop
  endfacet
  facet normal 0 -0.171718 0.985146
    outer loop
      vertex -10.3 24.056 -1.50386
      vertex 8.3 23.8143 -1.54599
      vertex 8.3 24.056 -1.50386
    endloop
  endfacet
  facet normal 0 -0.171718 0.985146
    outer loop
      vertex 8.3 23.8143 -1.54599
      vertex -10.3 24.056 -1.50386
      vertex -10.3 23.8143 -1.54599
    endloop
  endfacet
  facet normal -0 0.121636 0.992575
    outer loop
      vertex -10.3 25.6991 3.74515
      vertex 8.3 25.4556 3.77499
      vertex 8.3 25.6991 3.74515
    endloop
  endfacet
  facet normal 0 0.121636 0.992575
    outer loop
      vertex 8.3 25.4556 3.77499
      vertex -10.3 25.6991 3.74515
      vertex -10.3 25.4556 3.77499
    endloop
  endfacet
  facet normal 0 -0.171718 0.985146
    outer loop
      vertex -10.3 24.9657 3.76259
      vertex 8.3 24.724 3.72046
      vertex 8.3 24.9657 3.76259
    endloop
  endfacet
  facet normal 0 -0.171718 0.985146
    outer loop
      vertex 8.3 24.724 3.72046
      vertex -10.3 24.9657 3.76259
      vertex -10.3 24.724 3.72046
    endloop
  endfacet
  facet normal 0 -0.535585 0.844481
    outer loop
      vertex -10.3 24.0397 3.4559
      vertex 8.3 23.8325 3.32449
      vertex 8.3 24.0397 3.4559
    endloop
  endfacet
  facet normal 0 -0.535585 0.844481
    outer loop
      vertex 8.3 23.8325 3.32449
      vertex -10.3 24.0397 3.4559
      vertex -10.3 23.8325 3.32449
    endloop
  endfacet
  facet normal 0 -0.975931 0.218078
    outer loop
      vertex -10.3 22.8101 1.70715
      vertex 8.3 22.8636 1.94657
      vertex -10.3 22.8636 1.94657
    endloop
  endfacet
  facet normal 0 -0.975931 0.218078
    outer loop
      vertex 8.3 22.8636 1.94657
      vertex -10.3 22.8101 1.70715
      vertex 8.3 22.8101 1.70715
    endloop
  endfacet
  facet normal 0 -0.818049 0.575149
    outer loop
      vertex -10.3 23.1604 2.61751
      vertex 8.3 23.3015 2.8182
      vertex -10.3 23.3015 2.8182
    endloop
  endfacet
  facet normal 0 -0.818049 0.575149
    outer loop
      vertex 8.3 23.3015 2.8182
      vertex -10.3 23.1604 2.61751
      vertex 8.3 23.1604 2.61751
    endloop
  endfacet
  facet normal 0 -0.985166 -0.171603
    outer loop
      vertex -10.3 22.8347 0.732013
      vertex 8.3 22.7926 0.973708
      vertex -10.3 22.7926 0.973708
    endloop
  endfacet
  facet normal 0 -0.985166 -0.171603
    outer loop
      vertex 8.3 22.7926 0.973708
      vertex -10.3 22.8347 0.732013
      vertex 8.3 22.8347 0.732013
    endloop
  endfacet
  facet normal 0 -0.84447 -0.535603
    outer loop
      vertex -10.3 23.2307 -0.159453
      vertex 8.3 23.0993 0.0477218
      vertex -10.3 23.0993 0.0477218
    endloop
  endfacet
  facet normal 0 -0.84447 -0.535603
    outer loop
      vertex 8.3 23.0993 0.0477218
      vertex -10.3 23.2307 -0.159453
      vertex 8.3 23.2307 -0.159453
    endloop
  endfacet
  facet normal 0 -0.218367 -0.975867
    outer loop
      vertex -10.3 24.6086 -1.12832
      vertex 8.3 24.848 -1.18189
      vertex 8.3 24.6086 -1.12832
    endloop
  endfacet
  facet normal -0 -0.218367 -0.975867
    outer loop
      vertex 8.3 24.848 -1.18189
      vertex -10.3 24.6086 -1.12832
      vertex -10.3 24.848 -1.18189
    endloop
  endfacet
  facet normal 0 -0.652583 -0.757718
    outer loop
      vertex -10.3 23.5511 -0.530305
      vertex 8.3 23.737 -0.690411
      vertex 8.3 23.5511 -0.530305
    endloop
  endfacet
  facet normal -0 -0.652583 -0.757718
    outer loop
      vertex 8.3 23.737 -0.690411
      vertex -10.3 23.5511 -0.530305
      vertex -10.3 23.737 -0.690411
    endloop
  endfacet
  facet normal 0 -0.575171 -0.818033
    outer loop
      vertex -10.3 23.737 -0.690411
      vertex 8.3 23.9377 -0.831526
      vertex 8.3 23.737 -0.690411
    endloop
  endfacet
  facet normal -0 -0.575171 -0.818033
    outer loop
      vertex 8.3 23.9377 -0.831526
      vertex -10.3 23.737 -0.690411
      vertex -10.3 23.9377 -0.831526
    endloop
  endfacet
  facet normal -0 0.0238008 0.999717
    outer loop
      vertex -10.3 25.4556 3.77499
      vertex 8.3 25.2103 3.78083
      vertex 8.3 25.4556 3.77499
    endloop
  endfacet
  facet normal 0 0.0238008 0.999717
    outer loop
      vertex 8.3 25.2103 3.78083
      vertex -10.3 25.4556 3.77499
      vertex -10.3 25.2103 3.78083
    endloop
  endfacet
  facet normal 0 -0.949742 0.313034
    outer loop
      vertex -10.3 22.8636 1.94657
      vertex 8.3 22.9404 2.17958
      vertex -10.3 22.9404 2.17958
    endloop
  endfacet
  facet normal 0 -0.949742 0.313034
    outer loop
      vertex 8.3 22.9404 2.17958
      vertex -10.3 22.8636 1.94657
      vertex 8.3 22.8636 1.94657
    endloop
  endfacet
  facet normal 0 -0.914446 0.404709
    outer loop
      vertex -10.3 22.9404 2.17958
      vertex 8.3 23.0397 2.40395
      vertex -10.3 23.0397 2.40395
    endloop
  endfacet
  facet normal 0 -0.914446 0.404709
    outer loop
      vertex 8.3 23.0397 2.40395
      vertex -10.3 22.9404 2.17958
      vertex 8.3 22.9404 2.17958
    endloop
  endfacet
  facet normal 0 -0.870577 0.492033
    outer loop
      vertex -10.3 23.0397 2.40395
      vertex 8.3 23.1604 2.61751
      vertex -10.3 23.1604 2.61751
    endloop
  endfacet
  facet normal 0 -0.870577 0.492033
    outer loop
      vertex 8.3 23.1604 2.61751
      vertex -10.3 23.0397 2.40395
      vertex 8.3 23.0397 2.40395
    endloop
  endfacet
  facet normal 0 -0.689991 0.723818
    outer loop
      vertex -10.3 23.6392 3.1734
      vertex 8.3 23.4616 3.0041
      vertex 8.3 23.6392 3.1734
    endloop
  endfacet
  facet normal 0 -0.689991 0.723818
    outer loop
      vertex 8.3 23.4616 3.0041
      vertex -10.3 23.6392 3.1734
      vertex -10.3 23.4616 3.0041
    endloop
  endfacet
  facet normal 0 -0.615832 0.787877
    outer loop
      vertex -10.3 23.8325 3.32449
      vertex 8.3 23.6392 3.1734
      vertex 8.3 23.8325 3.32449
    endloop
  endfacet
  facet normal 0 -0.615832 0.787877
    outer loop
      vertex 8.3 23.6392 3.1734
      vertex -10.3 23.8325 3.32449
      vertex -10.3 23.6392 3.1734
    endloop
  endfacet
  facet normal 0 -0.75773 0.652569
    outer loop
      vertex -10.3 23.3015 2.8182
      vertex 8.3 23.4616 3.0041
      vertex -10.3 23.4616 3.0041
    endloop
  endfacet
  facet normal 0 -0.75773 0.652569
    outer loop
      vertex 8.3 23.4616 3.0041
      vertex -10.3 23.3015 2.8182
      vertex 8.3 23.3015 2.8182
    endloop
  endfacet
  facet normal 0 -0.999721 0.0236408
    outer loop
      vertex -10.3 22.7744 1.21837
      vertex 8.3 22.7802 1.46364
      vertex -10.3 22.7802 1.46364
    endloop
  endfacet
  facet normal 0 -0.999721 0.0236408
    outer loop
      vertex 8.3 22.7802 1.46364
      vertex -10.3 22.7744 1.21837
      vertex 8.3 22.7744 1.21837
    endloop
  endfacet
  facet normal 0 -0.992546 0.121872
    outer loop
      vertex -10.3 22.7802 1.46364
      vertex 8.3 22.8101 1.70715
      vertex -10.3 22.8101 1.70715
    endloop
  endfacet
  facet normal 0 -0.992546 0.121872
    outer loop
      vertex 8.3 22.8101 1.70715
      vertex -10.3 22.7802 1.46364
      vertex 8.3 22.7802 1.46364
    endloop
  endfacet
  facet normal 0 -0.997245 -0.0741834
    outer loop
      vertex -10.3 22.7926 0.973708
      vertex 8.3 22.7744 1.21837
      vertex -10.3 22.7744 1.21837
    endloop
  endfacet
  facet normal 0 -0.997245 -0.0741834
    outer loop
      vertex 8.3 22.7744 1.21837
      vertex -10.3 22.7926 0.973708
      vertex 8.3 22.7926 0.973708
    endloop
  endfacet
  facet normal 0 -0.932815 -0.360357
    outer loop
      vertex -10.3 22.9888 0.26678
      vertex 8.3 22.9004 0.495611
      vertex -10.3 22.9004 0.495611
    endloop
  endfacet
  facet normal 0 -0.932815 -0.360357
    outer loop
      vertex 8.3 22.9004 0.495611
      vertex -10.3 22.9888 0.26678
      vertex 8.3 22.9888 0.26678
    endloop
  endfacet
  facet normal 0 -0.963483 -0.267768
    outer loop
      vertex -10.3 22.9004 0.495611
      vertex 8.3 22.8347 0.732013
      vertex -10.3 22.8347 0.732013
    endloop
  endfacet
  facet normal 0 -0.963483 -0.267768
    outer loop
      vertex 8.3 22.8347 0.732013
      vertex -10.3 22.9004 0.495611
      vertex 8.3 22.9004 0.495611
    endloop
  endfacet
  facet normal 0 -0.892839 -0.450377
    outer loop
      vertex -10.3 23.0993 0.0477218
      vertex 8.3 22.9888 0.26678
      vertex -10.3 22.9888 0.26678
    endloop
  endfacet
  facet normal 0 -0.892839 -0.450377
    outer loop
      vertex 8.3 22.9888 0.26678
      vertex -10.3 23.0993 0.0477218
      vertex 8.3 23.0993 0.0477218
    endloop
  endfacet
  facet normal 0 -0.404644 -0.914474
    outer loop
      vertex -10.3 24.1513 -0.95229
      vertex 8.3 24.3756 -1.05154
      vertex 8.3 24.1513 -0.95229
    endloop
  endfacet
  facet normal -0 -0.404644 -0.914474
    outer loop
      vertex 8.3 24.3756 -1.05154
      vertex -10.3 24.1513 -0.95229
      vertex -10.3 24.3756 -1.05154
    endloop
  endfacet
  facet normal 0 -0.492161 -0.870504
    outer loop
      vertex -10.3 23.9377 -0.831526
      vertex 8.3 24.1513 -0.95229
      vertex 8.3 23.9377 -0.831526
    endloop
  endfacet
  facet normal -0 -0.492161 -0.870504
    outer loop
      vertex 8.3 24.1513 -0.95229
      vertex -10.3 23.9377 -0.831526
      vertex -10.3 24.1513 -0.95229
    endloop
  endfacet
  facet normal 0 -0.312973 -0.949762
    outer loop
      vertex -10.3 24.3756 -1.05154
      vertex 8.3 24.6086 -1.12832
      vertex 8.3 24.3756 -1.05154
    endloop
  endfacet
  facet normal -0 -0.312973 -0.949762
    outer loop
      vertex 8.3 24.6086 -1.12832
      vertex -10.3 24.3756 -1.05154
      vertex -10.3 24.6086 -1.12832
    endloop
  endfacet
  facet normal 0 -0.723733 -0.69008
    outer loop
      vertex -10.3 23.5511 -0.530305
      vertex 8.3 23.3818 -0.352749
      vertex -10.3 23.3818 -0.352749
    endloop
  endfacet
  facet normal 0 -0.723733 -0.69008
    outer loop
      vertex 8.3 23.3818 -0.352749
      vertex -10.3 23.5511 -0.530305
      vertex 8.3 23.5511 -0.530305
    endloop
  endfacet
  facet normal 0 -0.787851 -0.615865
    outer loop
      vertex -10.3 23.3818 -0.352749
      vertex 8.3 23.2307 -0.159453
      vertex -10.3 23.2307 -0.159453
    endloop
  endfacet
  facet normal 0 -0.787851 -0.615865
    outer loop
      vertex 8.3 23.2307 -0.159453
      vertex -10.3 23.3818 -0.352749
      vertex 8.3 23.3818 -0.352749
    endloop
  endfacet
  facet normal 0 -0.0743643 0.997231
    outer loop
      vertex -10.3 25.2103 3.78083
      vertex 8.3 24.9657 3.76259
      vertex 8.3 25.2103 3.78083
    endloop
  endfacet
  facet normal 0 -0.0743643 0.997231
    outer loop
      vertex 8.3 24.9657 3.76259
      vertex -10.3 25.2103 3.78083
      vertex -10.3 24.9657 3.76259
    endloop
  endfacet
  facet normal 0 -0.36051 0.932755
    outer loop
      vertex -10.3 24.4876 3.65485
      vertex 8.3 24.2587 3.56638
      vertex 8.3 24.4876 3.65485
    endloop
  endfacet
  facet normal 0 -0.36051 0.932755
    outer loop
      vertex 8.3 24.2587 3.56638
      vertex -10.3 24.4876 3.65485
      vertex -10.3 24.2587 3.56638
    endloop
  endfacet
  facet normal 0 -0.267429 0.963577
    outer loop
      vertex -10.3 24.724 3.72046
      vertex 8.3 24.4876 3.65485
      vertex 8.3 24.724 3.72046
    endloop
  endfacet
  facet normal 0 -0.267429 0.963577
    outer loop
      vertex 8.3 24.4876 3.65485
      vertex -10.3 24.724 3.72046
      vertex -10.3 24.4876 3.65485
    endloop
  endfacet
  facet normal 0 -0.450407 0.892823
    outer loop
      vertex -10.3 24.2587 3.56638
      vertex 8.3 24.0397 3.4559
      vertex 8.3 24.2587 3.56638
    endloop
  endfacet
  facet normal 0 -0.450407 0.892823
    outer loop
      vertex 8.3 24.0397 3.4559
      vertex -10.3 24.2587 3.56638
      vertex -10.3 24.0397 3.4559
    endloop
  endfacet
  facet normal -0 0.121636 0.992575
    outer loop
      vertex -10.3 26.6088 9.01161
      vertex 8.3 26.3653 9.04145
      vertex 8.3 26.6088 9.01161
    endloop
  endfacet
  facet normal 0 0.121636 0.992575
    outer loop
      vertex 8.3 26.3653 9.04145
      vertex -10.3 26.6088 9.01161
      vertex -10.3 26.3653 9.04145
    endloop
  endfacet
  facet normal 0 -0.0742935 0.997236
    outer loop
      vertex -10.3 26.12 9.04728
      vertex 8.3 25.8753 9.02905
      vertex 8.3 26.12 9.04728
    endloop
  endfacet
  facet normal 0 -0.0742935 0.997236
    outer loop
      vertex 8.3 25.8753 9.02905
      vertex -10.3 26.12 9.04728
      vertex -10.3 25.8753 9.02905
    endloop
  endfacet
  facet normal 0 -0.53577 0.844364
    outer loop
      vertex -10.3 24.9493 8.72236
      vertex 8.3 24.7422 8.59095
      vertex 8.3 24.9493 8.72236
    endloop
  endfacet
  facet normal 0 -0.53577 0.844364
    outer loop
      vertex 8.3 24.7422 8.59095
      vertex -10.3 24.9493 8.72236
      vertex -10.3 24.7422 8.59095
    endloop
  endfacet
  facet normal 0 -0.975844 0.218467
    outer loop
      vertex -10.3 23.7197 6.97361
      vertex 8.3 23.7733 7.21303
      vertex -10.3 23.7733 7.21303
    endloop
  endfacet
  facet normal 0 -0.975844 0.218467
    outer loop
      vertex 8.3 23.7733 7.21303
      vertex -10.3 23.7197 6.97361
      vertex 8.3 23.7197 6.97361
    endloop
  endfacet
  facet normal 0 -0.818049 0.575149
    outer loop
      vertex -10.3 24.0701 7.88397
      vertex 8.3 24.2112 8.08466
      vertex -10.3 24.2112 8.08466
    endloop
  endfacet
  facet normal 0 -0.818049 0.575149
    outer loop
      vertex 8.3 24.2112 8.08466
      vertex -10.3 24.0701 7.88397
      vertex 8.3 24.0701 7.88397
    endloop
  endfacet
  facet normal 0 -0.985166 -0.171606
    outer loop
      vertex -10.3 23.7444 5.99847
      vertex 8.3 23.7023 6.24016
      vertex -10.3 23.7023 6.24016
    endloop
  endfacet
  facet normal 0 -0.985166 -0.171606
    outer loop
      vertex 8.3 23.7023 6.24016
      vertex -10.3 23.7444 5.99847
      vertex 8.3 23.7444 5.99847
    endloop
  endfacet
  facet normal 0 -0.844476 -0.535593
    outer loop
      vertex -10.3 24.1404 5.107
      vertex 8.3 24.009 5.31418
      vertex -10.3 24.009 5.31418
    endloop
  endfacet
  facet normal 0 -0.844476 -0.535593
    outer loop
      vertex 8.3 24.009 5.31418
      vertex -10.3 24.1404 5.107
      vertex 8.3 24.1404 5.107
    endloop
  endfacet
  facet normal 0 -0.218367 -0.975867
    outer loop
      vertex -10.3 25.5183 4.13814
      vertex 8.3 25.7577 4.08457
      vertex 8.3 25.5183 4.13814
    endloop
  endfacet
  facet normal -0 -0.218367 -0.975867
    outer loop
      vertex 8.3 25.7577 4.08457
      vertex -10.3 25.5183 4.13814
      vertex -10.3 25.7577 4.08457
    endloop
  endfacet
  facet normal 0 -0.652569 -0.75773
    outer loop
      vertex -10.3 24.4608 4.73615
      vertex 8.3 24.6467 4.57605
      vertex 8.3 24.4608 4.73615
    endloop
  endfacet
  facet normal -0 -0.652569 -0.75773
    outer loop
      vertex 8.3 24.6467 4.57605
      vertex -10.3 24.4608 4.73615
      vertex -10.3 24.6467 4.57605
    endloop
  endfacet
  facet normal 0 -0.575184 -0.818024
    outer loop
      vertex -10.3 24.6467 4.57605
      vertex 8.3 24.8474 4.43493
      vertex 8.3 24.6467 4.57605
    endloop
  endfacet
  facet normal -0 -0.575184 -0.818024
    outer loop
      vertex 8.3 24.8474 4.43493
      vertex -10.3 24.6467 4.57605
      vertex -10.3 24.8474 4.43493
    endloop
  endfacet
  facet normal -0 0.0237601 0.999718
    outer loop
      vertex -10.3 26.3653 9.04145
      vertex 8.3 26.12 9.04728
      vertex 8.3 26.3653 9.04145
    endloop
  endfacet
  facet normal 0 0.0237601 0.999718
    outer loop
      vertex 8.3 26.12 9.04728
      vertex -10.3 26.3653 9.04145
      vertex -10.3 26.12 9.04728
    endloop
  endfacet
  facet normal 0 -0.171718 0.985146
    outer loop
      vertex -10.3 25.8753 9.02905
      vertex 8.3 25.6336 8.98692
      vertex 8.3 25.8753 9.02905
    endloop
  endfacet
  facet normal 0 -0.171718 0.985146
    outer loop
      vertex 8.3 25.6336 8.98692
      vertex -10.3 25.8753 9.02905
      vertex -10.3 25.6336 8.98692
    endloop
  endfacet
  facet normal 0 -0.949742 0.313034
    outer loop
      vertex -10.3 23.7733 7.21303
      vertex 8.3 23.8501 7.44604
      vertex -10.3 23.8501 7.44604
    endloop
  endfacet
  facet normal 0 -0.949742 0.313034
    outer loop
      vertex 8.3 23.8501 7.44604
      vertex -10.3 23.7733 7.21303
      vertex 8.3 23.7733 7.21303
    endloop
  endfacet
  facet normal 0 -0.914597 0.404368
    outer loop
      vertex -10.3 23.8501 7.44604
      vertex 8.3 23.9493 7.67041
      vertex -10.3 23.9493 7.67041
    endloop
  endfacet
  facet normal 0 -0.914597 0.404368
    outer loop
      vertex 8.3 23.9493 7.67041
      vertex -10.3 23.8501 7.44604
      vertex 8.3 23.8501 7.44604
    endloop
  endfacet
  facet normal 0 -0.870402 0.492342
    outer loop
      vertex -10.3 23.9493 7.67041
      vertex 8.3 24.0701 7.88397
      vertex -10.3 24.0701 7.88397
    endloop
  endfacet
  facet normal 0 -0.870402 0.492342
    outer loop
      vertex 8.3 24.0701 7.88397
      vertex -10.3 23.9493 7.67041
      vertex 8.3 23.9493 7.67041
    endloop
  endfacet
  facet normal 0 -0.690012 0.723798
    outer loop
      vertex -10.3 24.5489 8.43986
      vertex 8.3 24.3713 8.27055
      vertex 8.3 24.5489 8.43986
    endloop
  endfacet
  facet normal 0 -0.690012 0.723798
    outer loop
      vertex 8.3 24.3713 8.27055
      vertex -10.3 24.5489 8.43986
      vertex -10.3 24.3713 8.27055
    endloop
  endfacet
  facet normal 0 -0.615832 0.787877
    outer loop
      vertex -10.3 24.7422 8.59095
      vertex 8.3 24.5489 8.43986
      vertex 8.3 24.7422 8.59095
    endloop
  endfacet
  facet normal 0 -0.615832 0.787877
    outer loop
      vertex 8.3 24.5489 8.43986
      vertex -10.3 24.7422 8.59095
      vertex -10.3 24.5489 8.43986
    endloop
  endfacet
  facet normal 0 -0.757712 0.652589
    outer loop
      vertex -10.3 24.2112 8.08466
      vertex 8.3 24.3713 8.27055
      vertex -10.3 24.3713 8.27055
    endloop
  endfacet
  facet normal 0 -0.757712 0.652589
    outer loop
      vertex 8.3 24.3713 8.27055
      vertex -10.3 24.2112 8.08466
      vertex 8.3 24.2112 8.08466
    endloop
  endfacet
  facet normal 0 -0.999711 0.0240482
    outer loop
      vertex -10.3 23.684 6.48482
      vertex 8.3 23.6899 6.73009
      vertex -10.3 23.6899 6.73009
    endloop
  endfacet
  facet normal 0 -0.999711 0.0240482
    outer loop
      vertex 8.3 23.6899 6.73009
      vertex -10.3 23.684 6.48482
      vertex 8.3 23.684 6.48482
    endloop
  endfacet
  facet normal 0 -0.992596 0.121466
    outer loop
      vertex -10.3 23.6899 6.73009
      vertex 8.3 23.7197 6.97361
      vertex -10.3 23.7197 6.97361
    endloop
  endfacet
  facet normal 0 -0.992596 0.121466
    outer loop
      vertex 8.3 23.7197 6.97361
      vertex -10.3 23.6899 6.73009
      vertex 8.3 23.6899 6.73009
    endloop
  endfacet
  facet normal 0 -0.997214 -0.0745893
    outer loop
      vertex -10.3 23.7023 6.24016
      vertex 8.3 23.684 6.48482
      vertex -10.3 23.684 6.48482
    endloop
  endfacet
  facet normal 0 -0.997214 -0.0745893
    outer loop
      vertex 8.3 23.684 6.48482
      vertex -10.3 23.7023 6.24016
      vertex 8.3 23.7023 6.24016
    endloop
  endfacet
  facet normal 0 -0.932677 -0.360713
    outer loop
      vertex -10.3 23.8985 5.53324
      vertex 8.3 23.81 5.76207
      vertex -10.3 23.81 5.76207
    endloop
  endfacet
  facet normal 0 -0.932677 -0.360713
    outer loop
      vertex 8.3 23.81 5.76207
      vertex -10.3 23.8985 5.53324
      vertex 8.3 23.8985 5.53324
    endloop
  endfacet
  facet normal 0 -0.963588 -0.267392
    outer loop
      vertex -10.3 23.81 5.76207
      vertex 8.3 23.7444 5.99847
      vertex -10.3 23.7444 5.99847
    endloop
  endfacet
  facet normal 0 -0.963588 -0.267392
    outer loop
      vertex 8.3 23.7444 5.99847
      vertex -10.3 23.81 5.76207
      vertex 8.3 23.81 5.76207
    endloop
  endfacet
  facet normal 0 -0.89284 -0.450374
    outer loop
      vertex -10.3 24.009 5.31418
      vertex 8.3 23.8985 5.53324
      vertex -10.3 23.8985 5.53324
    endloop
  endfacet
  facet normal 0 -0.89284 -0.450374
    outer loop
      vertex 8.3 23.8985 5.53324
      vertex -10.3 24.009 5.31418
      vertex 8.3 24.009 5.31418
    endloop
  endfacet
  facet normal 0 -0.404493 -0.914541
    outer loop
      vertex -10.3 25.0609 4.31417
      vertex 8.3 25.2853 4.21492
      vertex 8.3 25.0609 4.31417
    endloop
  endfacet
  facet normal -0 -0.404493 -0.914541
    outer loop
      vertex 8.3 25.2853 4.21492
      vertex -10.3 25.0609 4.31417
      vertex -10.3 25.2853 4.21492
    endloop
  endfacet
  facet normal 0 -0.492323 -0.870412
    outer loop
      vertex -10.3 24.8474 4.43493
      vertex 8.3 25.0609 4.31417
      vertex 8.3 24.8474 4.43493
    endloop
  endfacet
  facet normal -0 -0.492323 -0.870412
    outer loop
      vertex 8.3 25.0609 4.31417
      vertex -10.3 24.8474 4.43493
      vertex -10.3 25.0609 4.31417
    endloop
  endfacet
  facet normal 0 -0.312973 -0.949762
    outer loop
      vertex -10.3 25.2853 4.21492
      vertex 8.3 25.5183 4.13814
      vertex 8.3 25.2853 4.21492
    endloop
  endfacet
  facet normal -0 -0.312973 -0.949762
    outer loop
      vertex 8.3 25.5183 4.13814
      vertex -10.3 25.2853 4.21492
      vertex -10.3 25.5183 4.13814
    endloop
  endfacet
  facet normal 0 -0.72374 -0.690072
    outer loop
      vertex -10.3 24.4608 4.73615
      vertex 8.3 24.2915 4.91371
      vertex -10.3 24.2915 4.91371
    endloop
  endfacet
  facet normal 0 -0.72374 -0.690072
    outer loop
      vertex 8.3 24.2915 4.91371
      vertex -10.3 24.4608 4.73615
      vertex 8.3 24.4608 4.73615
    endloop
  endfacet
  facet normal 0 -0.787842 -0.615877
    outer loop
      vertex -10.3 24.2915 4.91371
      vertex 8.3 24.1404 5.107
      vertex -10.3 24.1404 5.107
    endloop
  endfacet
  facet normal 0 -0.787842 -0.615877
    outer loop
      vertex 8.3 24.1404 5.107
      vertex -10.3 24.2915 4.91371
      vertex 8.3 24.2915 4.91371
    endloop
  endfacet
  facet normal 0 -0.360648 0.932702
    outer loop
      vertex -10.3 25.3972 8.92131
      vertex 8.3 25.1684 8.83284
      vertex 8.3 25.3972 8.92131
    endloop
  endfacet
  facet normal 0 -0.360648 0.932702
    outer loop
      vertex 8.3 25.1684 8.83284
      vertex -10.3 25.3972 8.92131
      vertex -10.3 25.1684 8.83284
    endloop
  endfacet
  facet normal 0 -0.267429 0.963577
    outer loop
      vertex -10.3 25.6336 8.98692
      vertex 8.3 25.3972 8.92131
      vertex 8.3 25.6336 8.98692
    endloop
  endfacet
  facet normal 0 -0.267429 0.963577
    outer loop
      vertex 8.3 25.3972 8.92131
      vertex -10.3 25.6336 8.98692
      vertex -10.3 25.3972 8.92131
    endloop
  endfacet
  facet normal 0 -0.450243 0.892906
    outer loop
      vertex -10.3 25.1684 8.83284
      vertex 8.3 24.9493 8.72236
      vertex 8.3 25.1684 8.83284
    endloop
  endfacet
  facet normal 0 -0.450243 0.892906
    outer loop
      vertex 8.3 24.9493 8.72236
      vertex -10.3 25.1684 8.83284
      vertex -10.3 24.9493 8.72236
    endloop
  endfacet
  facet normal 0 -0.171599 0.985167
    outer loop
      vertex -10.3 26.785 14.2955
      vertex 8.3 26.5433 14.2534
      vertex 8.3 26.785 14.2955
    endloop
  endfacet
  facet normal 0 -0.171599 0.985167
    outer loop
      vertex 8.3 26.5433 14.2534
      vertex -10.3 26.785 14.2955
      vertex -10.3 26.5433 14.2534
    endloop
  endfacet
  facet normal 0 -0.975841 0.218484
    outer loop
      vertex -10.3 24.6294 12.2401
      vertex 8.3 24.683 12.4795
      vertex -10.3 24.683 12.4795
    endloop
  endfacet
  facet normal 0 -0.975841 0.218484
    outer loop
      vertex 8.3 24.683 12.4795
      vertex -10.3 24.6294 12.2401
      vertex 8.3 24.6294 12.2401
    endloop
  endfacet
  facet normal 0 -0.818062 0.57513
    outer loop
      vertex -10.3 24.9798 13.1504
      vertex 8.3 25.1209 13.3511
      vertex -10.3 25.1209 13.3511
    endloop
  endfacet
  facet normal 0 -0.818062 0.57513
    outer loop
      vertex 8.3 25.1209 13.3511
      vertex -10.3 24.9798 13.1504
      vertex 8.3 24.9798 13.1504
    endloop
  endfacet
  facet normal 0 -0.535556 0.8445
    outer loop
      vertex -10.3 25.859 13.9888
      vertex 8.3 25.6518 13.8574
      vertex 8.3 25.859 13.9888
    endloop
  endfacet
  facet normal 0 -0.535556 0.8445
    outer loop
      vertex 8.3 25.6518 13.8574
      vertex -10.3 25.859 13.9888
      vertex -10.3 25.6518 13.8574
    endloop
  endfacet
  facet normal 0 -0.985167 -0.171599
    outer loop
      vertex -10.3 24.6541 11.2649
      vertex 8.3 24.612 11.5066
      vertex -10.3 24.612 11.5066
    endloop
  endfacet
  facet normal 0 -0.985167 -0.171599
    outer loop
      vertex 8.3 24.612 11.5066
      vertex -10.3 24.6541 11.2649
      vertex 8.3 24.6541 11.2649
    endloop
  endfacet
  facet normal 0 -0.844198 -0.536031
    outer loop
      vertex -10.3 25.0501 10.3735
      vertex 8.3 24.9186 10.5806
      vertex -10.3 24.9186 10.5806
    endloop
  endfacet
  facet normal 0 -0.844198 -0.536031
    outer loop
      vertex 8.3 24.9186 10.5806
      vertex -10.3 25.0501 10.3735
      vertex 8.3 25.0501 10.3735
    endloop
  endfacet
  facet normal 0 -0.404493 -0.914541
    outer loop
      vertex -10.3 25.9706 9.58062
      vertex 8.3 26.195 9.48137
      vertex 8.3 25.9706 9.58062
    endloop
  endfacet
  facet normal -0 -0.404493 -0.914541
    outer loop
      vertex 8.3 26.195 9.48137
      vertex -10.3 25.9706 9.58062
      vertex -10.3 26.195 9.48137
    endloop
  endfacet
  facet normal 0 -0.218367 -0.975867
    outer loop
      vertex -10.3 26.428 9.40459
      vertex 8.3 26.6674 9.35102
      vertex 8.3 26.428 9.40459
    endloop
  endfacet
  facet normal -0 -0.218367 -0.975867
    outer loop
      vertex 8.3 26.6674 9.35102
      vertex -10.3 26.428 9.40459
      vertex -10.3 26.6674 9.35102
    endloop
  endfacet
  facet normal 0 -0.0741719 0.997245
    outer loop
      vertex -10.3 27.0297 14.3137
      vertex 8.3 26.785 14.2955
      vertex 8.3 27.0297 14.3137
    endloop
  endfacet
  facet normal 0 -0.0741719 0.997245
    outer loop
      vertex 8.3 26.785 14.2955
      vertex -10.3 27.0297 14.3137
      vertex -10.3 26.785 14.2955
    endloop
  endfacet
  facet normal 0 -0.949738 0.313047
    outer loop
      vertex -10.3 24.683 12.4795
      vertex 8.3 24.7598 12.7125
      vertex -10.3 24.7598 12.7125
    endloop
  endfacet
  facet normal 0 -0.949738 0.313047
    outer loop
      vertex 8.3 24.7598 12.7125
      vertex -10.3 24.683 12.4795
      vertex 8.3 24.683 12.4795
    endloop
  endfacet
  facet normal 0 -0.914617 0.404322
    outer loop
      vertex -10.3 24.7598 12.7125
      vertex 8.3 24.859 12.9369
      vertex -10.3 24.859 12.9369
    endloop
  endfacet
  facet normal 0 -0.914617 0.404322
    outer loop
      vertex 8.3 24.859 12.9369
      vertex -10.3 24.7598 12.7125
      vertex 8.3 24.7598 12.7125
    endloop
  endfacet
  facet normal 0 -0.870343 0.492447
    outer loop
      vertex -10.3 24.859 12.9369
      vertex 8.3 24.9798 13.1504
      vertex -10.3 24.9798 13.1504
    endloop
  endfacet
  facet normal 0 -0.870343 0.492447
    outer loop
      vertex 8.3 24.9798 13.1504
      vertex -10.3 24.859 12.9369
      vertex 8.3 24.859 12.9369
    endloop
  endfacet
  facet normal 0 -0.690195 0.723624
    outer loop
      vertex -10.3 25.4585 13.7063
      vertex 8.3 25.281 13.537
      vertex 8.3 25.4585 13.7063
    endloop
  endfacet
  facet normal 0 -0.690195 0.723624
    outer loop
      vertex 8.3 25.281 13.537
      vertex -10.3 25.4585 13.7063
      vertex -10.3 25.281 13.537
    endloop
  endfacet
  facet normal 0 -0.615858 0.787858
    outer loop
      vertex -10.3 25.6518 13.8574
      vertex 8.3 25.4585 13.7063
      vertex 8.3 25.6518 13.8574
    endloop
  endfacet
  facet normal 0 -0.615858 0.787858
    outer loop
      vertex 8.3 25.4585 13.7063
      vertex -10.3 25.6518 13.8574
      vertex -10.3 25.4585 13.7063
    endloop
  endfacet
  facet normal 0 -0.75773 0.652569
    outer loop
      vertex -10.3 25.1209 13.3511
      vertex 8.3 25.281 13.537
      vertex -10.3 25.281 13.537
    endloop
  endfacet
  facet normal 0 -0.75773 0.652569
    outer loop
      vertex 8.3 25.281 13.537
      vertex -10.3 25.1209 13.3511
      vertex 8.3 25.1209 13.3511
    endloop
  endfacet
  facet normal 0 -0.360754 0.932661
    outer loop
      vertex -10.3 26.3069 14.1878
      vertex 8.3 26.0781 14.0993
      vertex 8.3 26.3069 14.1878
    endloop
  endfacet
  facet normal 0 -0.360754 0.932661
    outer loop
      vertex 8.3 26.0781 14.0993
      vertex -10.3 26.3069 14.1878
      vertex -10.3 26.0781 14.0993
    endloop
  endfacet
  facet normal 0 -0.267392 0.963588
    outer loop
      vertex -10.3 26.5433 14.2534
      vertex 8.3 26.3069 14.1878
      vertex 8.3 26.5433 14.2534
    endloop
  endfacet
  facet normal 0 -0.267392 0.963588
    outer loop
      vertex 8.3 26.3069 14.1878
      vertex -10.3 26.5433 14.2534
      vertex -10.3 26.3069 14.1878
    endloop
  endfacet
  facet normal 0 -0.450308 0.892873
    outer loop
      vertex -10.3 26.0781 14.0993
      vertex 8.3 25.859 13.9888
      vertex 8.3 26.0781 14.0993
    endloop
  endfacet
  facet normal 0 -0.450308 0.892873
    outer loop
      vertex 8.3 25.859 13.9888
      vertex -10.3 26.0781 14.0993
      vertex -10.3 25.859 13.9888
    endloop
  endfacet
  facet normal 0 -0.999711 0.0240452
    outer loop
      vertex -10.3 24.5937 11.7513
      vertex 8.3 24.5996 11.9966
      vertex -10.3 24.5996 11.9966
    endloop
  endfacet
  facet normal 0 -0.999711 0.0240452
    outer loop
      vertex 8.3 24.5996 11.9966
      vertex -10.3 24.5937 11.7513
      vertex 8.3 24.5937 11.7513
    endloop
  endfacet
  facet normal 0 -0.992594 0.121476
    outer loop
      vertex -10.3 24.5996 11.9966
      vertex 8.3 24.6294 12.2401
      vertex -10.3 24.6294 12.2401
    endloop
  endfacet
  facet normal 0 -0.992594 0.121476
    outer loop
      vertex 8.3 24.6294 12.2401
      vertex -10.3 24.5996 11.9966
      vertex 8.3 24.5996 11.9966
    endloop
  endfacet
  facet normal 0 -0.997215 -0.0745772
    outer loop
      vertex -10.3 24.612 11.5066
      vertex 8.3 24.5937 11.7513
      vertex -10.3 24.5937 11.7513
    endloop
  endfacet
  facet normal 0 -0.997215 -0.0745772
    outer loop
      vertex 8.3 24.5937 11.7513
      vertex -10.3 24.612 11.5066
      vertex 8.3 24.612 11.5066
    endloop
  endfacet
  facet normal 0 -0.932661 -0.360754
    outer loop
      vertex -10.3 24.8082 10.7997
      vertex 8.3 24.7197 11.0285
      vertex -10.3 24.7197 11.0285
    endloop
  endfacet
  facet normal 0 -0.932661 -0.360754
    outer loop
      vertex 8.3 24.7197 11.0285
      vertex -10.3 24.8082 10.7997
      vertex 8.3 24.8082 10.7997
    endloop
  endfacet
  facet normal 0 -0.963588 -0.267392
    outer loop
      vertex -10.3 24.7197 11.0285
      vertex 8.3 24.6541 11.2649
      vertex -10.3 24.6541 11.2649
    endloop
  endfacet
  facet normal 0 -0.963588 -0.267392
    outer loop
      vertex 8.3 24.6541 11.2649
      vertex -10.3 24.7197 11.0285
      vertex 8.3 24.7197 11.0285
    endloop
  endfacet
  facet normal 0 -0.893037 -0.449983
    outer loop
      vertex -10.3 24.9186 10.5806
      vertex 8.3 24.8082 10.7997
      vertex -10.3 24.8082 10.7997
    endloop
  endfacet
  facet normal 0 -0.893037 -0.449983
    outer loop
      vertex 8.3 24.8082 10.7997
      vertex -10.3 24.9186 10.5806
      vertex 8.3 24.9186 10.5806
    endloop
  endfacet
  facet normal 0 -0.492179 -0.870494
    outer loop
      vertex -10.3 25.757 9.70139
      vertex 8.3 25.9706 9.58062
      vertex 8.3 25.757 9.70139
    endloop
  endfacet
  facet normal -0 -0.492179 -0.870494
    outer loop
      vertex 8.3 25.9706 9.58062
      vertex -10.3 25.757 9.70139
      vertex -10.3 25.9706 9.58062
    endloop
  endfacet
  facet normal 0 -0.312973 -0.949762
    outer loop
      vertex -10.3 26.195 9.48137
      vertex 8.3 26.428 9.40459
      vertex 8.3 26.195 9.48137
    endloop
  endfacet
  facet normal -0 -0.312973 -0.949762
    outer loop
      vertex 8.3 26.428 9.40459
      vertex -10.3 26.195 9.48137
      vertex -10.3 26.428 9.40459
    endloop
  endfacet
  facet normal 0 -0.575349 -0.817908
    outer loop
      vertex -10.3 25.5564 9.8425
      vertex 8.3 25.757 9.70139
      vertex 8.3 25.5564 9.8425
    endloop
  endfacet
  facet normal -0 -0.575349 -0.817908
    outer loop
      vertex 8.3 25.757 9.70139
      vertex -10.3 25.5564 9.8425
      vertex -10.3 25.757 9.70139
    endloop
  endfacet
  facet normal 0 -0.652569 -0.75773
    outer loop
      vertex -10.3 25.3705 10.0026
      vertex 8.3 25.5564 9.8425
      vertex 8.3 25.3705 10.0026
    endloop
  endfacet
  facet normal -0 -0.652569 -0.75773
    outer loop
      vertex 8.3 25.5564 9.8425
      vertex -10.3 25.3705 10.0026
      vertex -10.3 25.5564 9.8425
    endloop
  endfacet
  facet normal 0 -0.723818 -0.689991
    outer loop
      vertex -10.3 25.3705 10.0026
      vertex 8.3 25.2012 10.1802
      vertex -10.3 25.2012 10.1802
    endloop
  endfacet
  facet normal 0 -0.723818 -0.689991
    outer loop
      vertex 8.3 25.2012 10.1802
      vertex -10.3 25.3705 10.0026
      vertex 8.3 25.3705 10.0026
    endloop
  endfacet
  facet normal 0 -0.787858 -0.615858
    outer loop
      vertex -10.3 25.2012 10.1802
      vertex 8.3 25.0501 10.3735
      vertex -10.3 25.0501 10.3735
    endloop
  endfacet
  facet normal 0 -0.787858 -0.615858
    outer loop
      vertex 8.3 25.0501 10.3735
      vertex -10.3 25.2012 10.1802
      vertex 8.3 25.2012 10.1802
    endloop
  endfacet
  facet normal -0 0.0236475 0.99972
    outer loop
      vertex -10.3 27.2749 14.3079
      vertex 8.3 27.0297 14.3137
      vertex 8.3 27.2749 14.3079
    endloop
  endfacet
  facet normal 0 0.0236475 0.99972
    outer loop
      vertex 8.3 27.0297 14.3137
      vertex -10.3 27.2749 14.3079
      vertex -10.3 27.0297 14.3137
    endloop
  endfacet
  facet normal -0 0.121476 0.992594
    outer loop
      vertex -10.3 27.5184 14.2781
      vertex 8.3 27.2749 14.3079
      vertex 8.3 27.5184 14.2781
    endloop
  endfacet
  facet normal 0 0.121476 0.992594
    outer loop
      vertex 8.3 27.2749 14.3079
      vertex -10.3 27.5184 14.2781
      vertex -10.3 27.2749 14.3079
    endloop
  endfacet
  facet normal -0 0.121877 0.992545
    outer loop
      vertex -10.3 28.4281 19.5445
      vertex 8.3 28.1846 19.5744
      vertex 8.3 28.4281 19.5445
    endloop
  endfacet
  facet normal 0 0.121877 0.992545
    outer loop
      vertex 8.3 28.1846 19.5744
      vertex -10.3 28.4281 19.5445
      vertex -10.3 28.1846 19.5744
    endloop
  endfacet
  facet normal -0 0.0236379 0.999721
    outer loop
      vertex -10.3 28.1846 19.5744
      vertex 8.3 27.9393 19.5802
      vertex 8.3 28.1846 19.5744
    endloop
  endfacet
  facet normal 0 0.0236379 0.999721
    outer loop
      vertex 8.3 27.9393 19.5802
      vertex -10.3 28.1846 19.5744
      vertex -10.3 27.9393 19.5802
    endloop
  endfacet
  facet normal 0 -0.360399 0.932798
    outer loop
      vertex -10.3 27.2166 19.4542
      vertex 8.3 26.9878 19.3658
      vertex 8.3 27.2166 19.4542
    endloop
  endfacet
  facet normal 0 -0.360399 0.932798
    outer loop
      vertex 8.3 26.9878 19.3658
      vertex -10.3 27.2166 19.4542
      vertex -10.3 26.9878 19.3658
    endloop
  endfacet
  facet normal 0 -0.615858 0.787858
    outer loop
      vertex -10.3 26.5615 19.1239
      vertex 8.3 26.3682 18.9728
      vertex 8.3 26.5615 19.1239
    endloop
  endfacet
  facet normal 0 -0.615858 0.787858
    outer loop
      vertex 8.3 26.3682 18.9728
      vertex -10.3 26.5615 19.1239
      vertex -10.3 26.3682 18.9728
    endloop
  endfacet
  facet normal 0 -0.992545 0.121877
    outer loop
      vertex -10.3 25.5092 17.263
      vertex 8.3 25.5391 17.5065
      vertex -10.3 25.5391 17.5065
    endloop
  endfacet
  facet normal 0 -0.992545 0.121877
    outer loop
      vertex 8.3 25.5391 17.5065
      vertex -10.3 25.5092 17.263
      vertex 8.3 25.5092 17.263
    endloop
  endfacet
  facet normal 0 -0.787858 -0.615858
    outer loop
      vertex -10.3 26.1108 15.4466
      vertex 8.3 25.9597 15.6399
      vertex -10.3 25.9597 15.6399
    endloop
  endfacet
  facet normal 0 -0.787858 -0.615858
    outer loop
      vertex 8.3 25.9597 15.6399
      vertex -10.3 26.1108 15.4466
      vertex 8.3 26.1108 15.4466
    endloop
  endfacet
  facet normal 0 -0.975841 0.218484
    outer loop
      vertex -10.3 25.5391 17.5065
      vertex 8.3 25.5927 17.7459
      vertex -10.3 25.5927 17.7459
    endloop
  endfacet
  facet normal 0 -0.975841 0.218484
    outer loop
      vertex 8.3 25.5927 17.7459
      vertex -10.3 25.5391 17.5065
      vertex 8.3 25.5391 17.5065
    endloop
  endfacet
  facet normal 0 -0.949899 0.312558
    outer loop
      vertex -10.3 25.5927 17.7459
      vertex 8.3 25.6694 17.979
      vertex -10.3 25.6694 17.979
    endloop
  endfacet
  facet normal 0 -0.949899 0.312558
    outer loop
      vertex 8.3 25.6694 17.979
      vertex -10.3 25.5927 17.7459
      vertex 8.3 25.5927 17.7459
    endloop
  endfacet
  facet normal 0 -0.914399 0.404814
    outer loop
      vertex -10.3 25.6694 17.979
      vertex 8.3 25.7687 18.2033
      vertex -10.3 25.7687 18.2033
    endloop
  endfacet
  facet normal 0 -0.914399 0.404814
    outer loop
      vertex 8.3 25.7687 18.2033
      vertex -10.3 25.6694 17.979
      vertex 8.3 25.6694 17.979
    endloop
  endfacet
  facet normal 0 -0.997243 -0.0742021
    outer loop
      vertex -10.3 25.5216 16.7731
      vertex 8.3 25.5034 17.0177
      vertex -10.3 25.5034 17.0177
    endloop
  endfacet
  facet normal 0 -0.997243 -0.0742021
    outer loop
      vertex 8.3 25.5034 17.0177
      vertex -10.3 25.5216 16.7731
      vertex 8.3 25.5216 16.7731
    endloop
  endfacet
  facet normal 0 -0.985098 -0.171995
    outer loop
      vertex -10.3 25.5638 16.5314
      vertex 8.3 25.5216 16.7731
      vertex -10.3 25.5216 16.7731
    endloop
  endfacet
  facet normal 0 -0.985098 -0.171995
    outer loop
      vertex 8.3 25.5216 16.7731
      vertex -10.3 25.5638 16.5314
      vertex 8.3 25.5638 16.5314
    endloop
  endfacet
  facet normal 0 -0.999721 0.0236379
    outer loop
      vertex -10.3 25.5034 17.0177
      vertex 8.3 25.5092 17.263
      vertex -10.3 25.5092 17.263
    endloop
  endfacet
  facet normal 0 -0.999721 0.0236379
    outer loop
      vertex 8.3 25.5092 17.263
      vertex -10.3 25.5034 17.0177
      vertex 8.3 25.5034 17.0177
    endloop
  endfacet
  facet normal 0 -0.963588 -0.267392
    outer loop
      vertex -10.3 25.6294 16.295
      vertex 8.3 25.5638 16.5314
      vertex -10.3 25.5638 16.5314
    endloop
  endfacet
  facet normal 0 -0.963588 -0.267392
    outer loop
      vertex 8.3 25.5638 16.5314
      vertex -10.3 25.6294 16.295
      vertex 8.3 25.6294 16.295
    endloop
  endfacet
  facet normal 0 -0.723624 -0.690195
    outer loop
      vertex -10.3 26.2801 15.2691
      vertex 8.3 26.1108 15.4466
      vertex -10.3 26.1108 15.4466
    endloop
  endfacet
  facet normal 0 -0.723624 -0.690195
    outer loop
      vertex 8.3 26.1108 15.4466
      vertex -10.3 26.2801 15.2691
      vertex 8.3 26.2801 15.2691
    endloop
  endfacet
  facet normal 0 -0.267392 0.963588
    outer loop
      vertex -10.3 27.453 19.5198
      vertex 8.3 27.2166 19.4542
      vertex 8.3 27.453 19.5198
    endloop
  endfacet
  facet normal 0 -0.267392 0.963588
    outer loop
      vertex 8.3 27.2166 19.4542
      vertex -10.3 27.453 19.5198
      vertex -10.3 27.2166 19.4542
    endloop
  endfacet
  facet normal 0 -0.535556 0.8445
    outer loop
      vertex -10.3 26.7687 19.2553
      vertex 8.3 26.5615 19.1239
      vertex 8.3 26.7687 19.2553
    endloop
  endfacet
  facet normal 0 -0.535556 0.8445
    outer loop
      vertex 8.3 26.5615 19.1239
      vertex -10.3 26.7687 19.2553
      vertex -10.3 26.5615 19.1239
    endloop
  endfacet
  facet normal 0 -0.870616 0.491963
    outer loop
      vertex -10.3 25.7687 18.2033
      vertex 8.3 25.8894 18.4169
      vertex -10.3 25.8894 18.4169
    endloop
  endfacet
  facet normal 0 -0.870616 0.491963
    outer loop
      vertex 8.3 25.8894 18.4169
      vertex -10.3 25.7687 18.2033
      vertex 8.3 25.7687 18.2033
    endloop
  endfacet
  facet normal 0 -0.690195 0.723624
    outer loop
      vertex -10.3 26.3682 18.9728
      vertex 8.3 26.1907 18.8035
      vertex 8.3 26.3682 18.9728
    endloop
  endfacet
  facet normal 0 -0.690195 0.723624
    outer loop
      vertex 8.3 26.1907 18.8035
      vertex -10.3 26.3682 18.9728
      vertex -10.3 26.1907 18.8035
    endloop
  endfacet
  facet normal 0 -0.81787 0.575403
    outer loop
      vertex -10.3 25.8894 18.4169
      vertex 8.3 26.0306 18.6176
      vertex -10.3 26.0306 18.6176
    endloop
  endfacet
  facet normal 0 -0.81787 0.575403
    outer loop
      vertex 8.3 26.0306 18.6176
      vertex -10.3 25.8894 18.4169
      vertex 8.3 25.8894 18.4169
    endloop
  endfacet
  facet normal 0 -0.75773 0.652569
    outer loop
      vertex -10.3 26.0306 18.6176
      vertex 8.3 26.1907 18.8035
      vertex -10.3 26.1907 18.8035
    endloop
  endfacet
  facet normal 0 -0.75773 0.652569
    outer loop
      vertex 8.3 26.1907 18.8035
      vertex -10.3 26.0306 18.6176
      vertex 8.3 26.0306 18.6176
    endloop
  endfacet
  facet normal 0 -0.932798 -0.360399
    outer loop
      vertex -10.3 25.7178 16.0662
      vertex 8.3 25.6294 16.295
      vertex -10.3 25.6294 16.295
    endloop
  endfacet
  facet normal 0 -0.932798 -0.360399
    outer loop
      vertex 8.3 25.6294 16.295
      vertex -10.3 25.7178 16.0662
      vertex 8.3 25.7178 16.0662
    endloop
  endfacet
  facet normal 0 -0.8445 -0.535556
    outer loop
      vertex -10.3 25.9597 15.6399
      vertex 8.3 25.8283 15.8471
      vertex -10.3 25.8283 15.8471
    endloop
  endfacet
  facet normal 0 -0.8445 -0.535556
    outer loop
      vertex 8.3 25.8283 15.8471
      vertex -10.3 25.9597 15.6399
      vertex 8.3 25.9597 15.6399
    endloop
  endfacet
  facet normal 0 -0.892873 -0.450308
    outer loop
      vertex -10.3 25.8283 15.8471
      vertex 8.3 25.7178 16.0662
      vertex -10.3 25.7178 16.0662
    endloop
  endfacet
  facet normal 0 -0.892873 -0.450308
    outer loop
      vertex 8.3 25.7178 16.0662
      vertex -10.3 25.8283 15.8471
      vertex 8.3 25.8283 15.8471
    endloop
  endfacet
  facet normal 0 -0.218484 -0.975841
    outer loop
      vertex -10.3 27.3377 14.6711
      vertex 8.3 27.5771 14.6175
      vertex 8.3 27.3377 14.6711
    endloop
  endfacet
  facet normal -0 -0.218484 -0.975841
    outer loop
      vertex 8.3 27.5771 14.6175
      vertex -10.3 27.3377 14.6711
      vertex -10.3 27.5771 14.6175
    endloop
  endfacet
  facet normal 0 -0.312558 -0.949899
    outer loop
      vertex -10.3 27.1046 14.7478
      vertex 8.3 27.3377 14.6711
      vertex 8.3 27.1046 14.7478
    endloop
  endfacet
  facet normal -0 -0.312558 -0.949899
    outer loop
      vertex 8.3 27.3377 14.6711
      vertex -10.3 27.1046 14.7478
      vertex -10.3 27.3377 14.6711
    endloop
  endfacet
  facet normal 0 -0.404814 -0.914399
    outer loop
      vertex -10.3 26.8803 14.8471
      vertex 8.3 27.1046 14.7478
      vertex 8.3 26.8803 14.8471
    endloop
  endfacet
  facet normal -0 -0.404814 -0.914399
    outer loop
      vertex 8.3 27.1046 14.7478
      vertex -10.3 26.8803 14.8471
      vertex -10.3 27.1046 14.7478
    endloop
  endfacet
  facet normal 0 -0.491963 -0.870616
    outer loop
      vertex -10.3 26.6667 14.9678
      vertex 8.3 26.8803 14.8471
      vertex 8.3 26.6667 14.9678
    endloop
  endfacet
  facet normal -0 -0.491963 -0.870616
    outer loop
      vertex 8.3 26.8803 14.8471
      vertex -10.3 26.6667 14.9678
      vertex -10.3 26.8803 14.8471
    endloop
  endfacet
  facet normal 0 -0.575403 -0.81787
    outer loop
      vertex -10.3 26.466 15.109
      vertex 8.3 26.6667 14.9678
      vertex 8.3 26.466 15.109
    endloop
  endfacet
  facet normal -0 -0.575403 -0.81787
    outer loop
      vertex 8.3 26.6667 14.9678
      vertex -10.3 26.466 15.109
      vertex -10.3 26.6667 14.9678
    endloop
  endfacet
  facet normal 0 -0.652569 -0.75773
    outer loop
      vertex -10.3 26.2801 15.2691
      vertex 8.3 26.466 15.109
      vertex 8.3 26.2801 15.2691
    endloop
  endfacet
  facet normal -0 -0.652569 -0.75773
    outer loop
      vertex 8.3 26.466 15.109
      vertex -10.3 26.2801 15.2691
      vertex -10.3 26.466 15.109
    endloop
  endfacet
  facet normal 0 -0.171995 0.985098
    outer loop
      vertex -10.3 27.6947 19.562
      vertex 8.3 27.453 19.5198
      vertex 8.3 27.6947 19.562
    endloop
  endfacet
  facet normal 0 -0.171995 0.985098
    outer loop
      vertex 8.3 27.453 19.5198
      vertex -10.3 27.6947 19.562
      vertex -10.3 27.453 19.5198
    endloop
  endfacet
  facet normal 0 -0.0742021 0.997243
    outer loop
      vertex -10.3 27.9393 19.5802
      vertex 8.3 27.6947 19.562
      vertex 8.3 27.9393 19.5802
    endloop
  endfacet
  facet normal 0 -0.0742021 0.997243
    outer loop
      vertex 8.3 27.6947 19.562
      vertex -10.3 27.9393 19.5802
      vertex -10.3 27.6947 19.562
    endloop
  endfacet
  facet normal 0 -0.450308 0.892873
    outer loop
      vertex -10.3 26.9878 19.3658
      vertex 8.3 26.7687 19.2553
      vertex 8.3 26.9878 19.3658
    endloop
  endfacet
  facet normal 0 -0.450308 0.892873
    outer loop
      vertex 8.3 26.7687 19.2553
      vertex -10.3 26.9878 19.3658
      vertex -10.3 26.7687 19.2553
    endloop
  endfacet
  facet normal 0 -0.975927 0.218096
    outer loop
      vertex -10.3 26.4488 22.773
      vertex 8.3 26.5023 23.0124
      vertex -10.3 26.5023 23.0124
    endloop
  endfacet
  facet normal 0 -0.975927 0.218096
    outer loop
      vertex 8.3 26.5023 23.0124
      vertex -10.3 26.4488 22.773
      vertex 8.3 26.4488 22.773
    endloop
  endfacet
  facet normal 0 -0.615858 0.787858
    outer loop
      vertex -10.3 27.4712 24.3903
      vertex 8.3 27.2779 24.2392
      vertex 8.3 27.4712 24.3903
    endloop
  endfacet
  facet normal 0 -0.615858 0.787858
    outer loop
      vertex 8.3 27.2779 24.2392
      vertex -10.3 27.4712 24.3903
      vertex -10.3 27.2779 24.2392
    endloop
  endfacet
  facet normal 0 -0.0746075 0.997213
    outer loop
      vertex -10.3 28.849 24.8467
      vertex 8.3 28.6044 24.8284
      vertex 8.3 28.849 24.8467
    endloop
  endfacet
  facet normal 0 -0.0746075 0.997213
    outer loop
      vertex 8.3 28.6044 24.8284
      vertex -10.3 28.849 24.8467
      vertex -10.3 28.6044 24.8284
    endloop
  endfacet
  facet normal 0 -0.914466 0.404663
    outer loop
      vertex -10.3 26.5791 23.2454
      vertex 8.3 26.6784 23.4698
      vertex -10.3 26.6784 23.4698
    endloop
  endfacet
  facet normal 0 -0.914466 0.404663
    outer loop
      vertex 8.3 26.6784 23.4698
      vertex -10.3 26.5791 23.2454
      vertex 8.3 26.5791 23.2454
    endloop
  endfacet
  facet normal 0 -0.689991 0.723818
    outer loop
      vertex -10.3 27.2779 24.2392
      vertex 8.3 27.1003 24.0699
      vertex 8.3 27.2779 24.2392
    endloop
  endfacet
  facet normal 0 -0.689991 0.723818
    outer loop
      vertex 8.3 27.1003 24.0699
      vertex -10.3 27.2779 24.2392
      vertex -10.3 27.1003 24.0699
    endloop
  endfacet
  facet normal 0 -0.450472 0.892791
    outer loop
      vertex -10.3 27.8974 24.6322
      vertex 8.3 27.6784 24.5217
      vertex 8.3 27.8974 24.6322
    endloop
  endfacet
  facet normal 0 -0.450472 0.892791
    outer loop
      vertex 8.3 27.6784 24.5217
      vertex -10.3 27.8974 24.6322
      vertex -10.3 27.6784 24.5217
    endloop
  endfacet
  facet normal 0 -0.171599 0.985167
    outer loop
      vertex -10.3 28.6044 24.8284
      vertex 8.3 28.3627 24.7863
      vertex 8.3 28.6044 24.8284
    endloop
  endfacet
  facet normal 0 -0.171599 0.985167
    outer loop
      vertex 8.3 28.3627 24.7863
      vertex -10.3 28.6044 24.8284
      vertex -10.3 28.3627 24.7863
    endloop
  endfacet
  facet normal 0 -0.8445 -0.535556
    outer loop
      vertex -10.3 26.8694 20.9064
      vertex 8.3 26.738 21.1136
      vertex -10.3 26.738 21.1136
    endloop
  endfacet
  facet normal 0 -0.8445 -0.535556
    outer loop
      vertex 8.3 26.738 21.1136
      vertex -10.3 26.8694 20.9064
      vertex 8.3 26.8694 20.9064
    endloop
  endfacet
  facet normal 0 -0.892791 -0.450472
    outer loop
      vertex -10.3 26.738 21.1136
      vertex 8.3 26.6275 21.3326
      vertex -10.3 26.6275 21.3326
    endloop
  endfacet
  facet normal 0 -0.892791 -0.450472
    outer loop
      vertex 8.3 26.6275 21.3326
      vertex -10.3 26.738 21.1136
      vertex 8.3 26.738 21.1136
    endloop
  endfacet
  facet normal 0 -0.985167 -0.171599
    outer loop
      vertex -10.3 26.4734 21.7978
      vertex 8.3 26.4313 22.0395
      vertex -10.3 26.4313 22.0395
    endloop
  endfacet
  facet normal 0 -0.985167 -0.171599
    outer loop
      vertex 8.3 26.4313 22.0395
      vertex -10.3 26.4734 21.7978
      vertex 8.3 26.4734 21.7978
    endloop
  endfacet
  facet normal 0 -0.723818 -0.689991
    outer loop
      vertex -10.3 27.1898 20.5355
      vertex 8.3 27.0205 20.7131
      vertex -10.3 27.0205 20.7131
    endloop
  endfacet
  facet normal 0 -0.723818 -0.689991
    outer loop
      vertex 8.3 27.0205 20.7131
      vertex -10.3 27.1898 20.5355
      vertex 8.3 27.1898 20.5355
    endloop
  endfacet
  facet normal 0 -0.57513 -0.818062
    outer loop
      vertex -10.3 27.3757 20.3754
      vertex 8.3 27.5764 20.2343
      vertex 8.3 27.3757 20.3754
    endloop
  endfacet
  facet normal -0 -0.57513 -0.818062
    outer loop
      vertex 8.3 27.5764 20.2343
      vertex -10.3 27.3757 20.3754
      vertex -10.3 27.5764 20.2343
    endloop
  endfacet
  facet normal 0 -0.652569 -0.75773
    outer loop
      vertex -10.3 27.1898 20.5355
      vertex 8.3 27.3757 20.3754
      vertex 8.3 27.1898 20.5355
    endloop
  endfacet
  facet normal -0 -0.652569 -0.75773
    outer loop
      vertex 8.3 27.3757 20.3754
      vertex -10.3 27.1898 20.5355
      vertex -10.3 27.3757 20.3754
    endloop
  endfacet
  facet normal 0 -0.492272 -0.870441
    outer loop
      vertex -10.3 27.5764 20.2343
      vertex 8.3 27.79 20.1135
      vertex 8.3 27.5764 20.2343
    endloop
  endfacet
  facet normal -0 -0.492272 -0.870441
    outer loop
      vertex 8.3 27.79 20.1135
      vertex -10.3 27.5764 20.2343
      vertex -10.3 27.79 20.1135
    endloop
  endfacet
  facet normal 0 -0.218484 -0.975841
    outer loop
      vertex -10.3 28.2473 19.9375
      vertex 8.3 28.4867 19.8839
      vertex 8.3 28.2473 19.9375
    endloop
  endfacet
  facet normal -0 -0.218484 -0.975841
    outer loop
      vertex 8.3 28.4867 19.8839
      vertex -10.3 28.2473 19.9375
      vertex -10.3 28.4867 19.8839
    endloop
  endfacet
  facet normal 0 -0.949738 0.313047
    outer loop
      vertex -10.3 26.5023 23.0124
      vertex 8.3 26.5791 23.2454
      vertex -10.3 26.5791 23.2454
    endloop
  endfacet
  facet normal 0 -0.949738 0.313047
    outer loop
      vertex 8.3 26.5791 23.2454
      vertex -10.3 26.5023 23.0124
      vertex 8.3 26.5023 23.0124
    endloop
  endfacet
  facet normal 0 -0.870517 0.492138
    outer loop
      vertex -10.3 26.6784 23.4698
      vertex 8.3 26.7991 23.6833
      vertex -10.3 26.7991 23.6833
    endloop
  endfacet
  facet normal 0 -0.870517 0.492138
    outer loop
      vertex 8.3 26.7991 23.6833
      vertex -10.3 26.6784 23.4698
      vertex 8.3 26.6784 23.4698
    endloop
  endfacet
  facet normal 0 -0.818062 0.57513
    outer loop
      vertex -10.3 26.7991 23.6833
      vertex 8.3 26.9402 23.884
      vertex -10.3 26.9402 23.884
    endloop
  endfacet
  facet normal 0 -0.818062 0.57513
    outer loop
      vertex 8.3 26.9402 23.884
      vertex -10.3 26.7991 23.6833
      vertex 8.3 26.7991 23.6833
    endloop
  endfacet
  facet normal 0 -0.75773 0.652569
    outer loop
      vertex -10.3 26.9402 23.884
      vertex 8.3 27.1003 24.0699
      vertex -10.3 27.1003 24.0699
    endloop
  endfacet
  facet normal 0 -0.75773 0.652569
    outer loop
      vertex 8.3 27.1003 24.0699
      vertex -10.3 26.9402 23.884
      vertex 8.3 26.9402 23.884
    endloop
  endfacet
  facet normal 0 -0.535556 0.8445
    outer loop
      vertex -10.3 27.6784 24.5217
      vertex 8.3 27.4712 24.3903
      vertex 8.3 27.6784 24.5217
    endloop
  endfacet
  facet normal 0 -0.535556 0.8445
    outer loop
      vertex 8.3 27.4712 24.3903
      vertex -10.3 27.6784 24.5217
      vertex -10.3 27.4712 24.3903
    endloop
  endfacet
  facet normal 0 -0.360617 0.932714
    outer loop
      vertex -10.3 28.1263 24.7207
      vertex 8.3 27.8974 24.6322
      vertex 8.3 28.1263 24.7207
    endloop
  endfacet
  facet normal 0 -0.360617 0.932714
    outer loop
      vertex 8.3 27.8974 24.6322
      vertex -10.3 28.1263 24.7207
      vertex -10.3 27.8974 24.6322
    endloop
  endfacet
  facet normal 0 -0.267392 0.963588
    outer loop
      vertex -10.3 28.3627 24.7863
      vertex 8.3 28.1263 24.7207
      vertex 8.3 28.3627 24.7863
    endloop
  endfacet
  facet normal 0 -0.267392 0.963588
    outer loop
      vertex 8.3 28.1263 24.7207
      vertex -10.3 28.3627 24.7863
      vertex -10.3 28.1263 24.7207
    endloop
  endfacet
  facet normal -0 0.0240452 0.999711
    outer loop
      vertex -10.3 29.0943 24.8408
      vertex 8.3 28.849 24.8467
      vertex 8.3 29.0943 24.8408
    endloop
  endfacet
  facet normal 0 0.0240452 0.999711
    outer loop
      vertex 8.3 28.849 24.8467
      vertex -10.3 29.0943 24.8408
      vertex -10.3 28.849 24.8467
    endloop
  endfacet
  facet normal -0 0.121476 0.992594
    outer loop
      vertex -10.3 29.3378 24.811
      vertex 8.3 29.0943 24.8408
      vertex 8.3 29.3378 24.811
    endloop
  endfacet
  facet normal 0 0.121476 0.992594
    outer loop
      vertex 8.3 29.0943 24.8408
      vertex -10.3 29.3378 24.811
      vertex -10.3 29.0943 24.8408
    endloop
  endfacet
  facet normal 0 -0.932798 -0.360399
    outer loop
      vertex -10.3 26.6275 21.3326
      vertex 8.3 26.5391 21.5614
      vertex -10.3 26.5391 21.5614
    endloop
  endfacet
  facet normal 0 -0.932798 -0.360399
    outer loop
      vertex 8.3 26.5391 21.5614
      vertex -10.3 26.6275 21.3326
      vertex 8.3 26.6275 21.3326
    endloop
  endfacet
  facet normal 0 -0.963483 -0.26777
    outer loop
      vertex -10.3 26.5391 21.5614
      vertex 8.3 26.4734 21.7978
      vertex -10.3 26.4734 21.7978
    endloop
  endfacet
  facet normal 0 -0.963483 -0.26777
    outer loop
      vertex 8.3 26.4734 21.7978
      vertex -10.3 26.5391 21.5614
      vertex 8.3 26.5391 21.5614
    endloop
  endfacet
  facet normal 0 -0.997245 -0.0741719
    outer loop
      vertex -10.3 26.4313 22.0395
      vertex 8.3 26.4131 22.2842
      vertex -10.3 26.4131 22.2842
    endloop
  endfacet
  facet normal 0 -0.997245 -0.0741719
    outer loop
      vertex 8.3 26.4131 22.2842
      vertex -10.3 26.4313 22.0395
      vertex 8.3 26.4313 22.0395
    endloop
  endfacet
  facet normal 0 -0.999721 0.0236379
    outer loop
      vertex -10.3 26.4131 22.2842
      vertex 8.3 26.4189 22.5295
      vertex -10.3 26.4189 22.5295
    endloop
  endfacet
  facet normal 0 -0.999721 0.0236379
    outer loop
      vertex 8.3 26.4189 22.5295
      vertex -10.3 26.4131 22.2842
      vertex 8.3 26.4131 22.2842
    endloop
  endfacet
  facet normal 0 -0.992545 0.121877
    outer loop
      vertex -10.3 26.4189 22.5295
      vertex 8.3 26.4488 22.773
      vertex -10.3 26.4488 22.773
    endloop
  endfacet
  facet normal 0 -0.992545 0.121877
    outer loop
      vertex 8.3 26.4488 22.773
      vertex -10.3 26.4189 22.5295
      vertex 8.3 26.4189 22.5295
    endloop
  endfacet
  facet normal 0 -0.787858 -0.615858
    outer loop
      vertex -10.3 27.0205 20.7131
      vertex 8.3 26.8694 20.9064
      vertex -10.3 26.8694 20.9064
    endloop
  endfacet
  facet normal 0 -0.787858 -0.615858
    outer loop
      vertex 8.3 26.8694 20.9064
      vertex -10.3 27.0205 20.7131
      vertex 8.3 27.0205 20.7131
    endloop
  endfacet
  facet normal 0 -0.404473 -0.91455
    outer loop
      vertex -10.3 27.79 20.1135
      vertex 8.3 28.0143 20.0143
      vertex 8.3 27.79 20.1135
    endloop
  endfacet
  facet normal -0 -0.404473 -0.91455
    outer loop
      vertex 8.3 28.0143 20.0143
      vertex -10.3 27.79 20.1135
      vertex -10.3 28.0143 20.0143
    endloop
  endfacet
  facet normal 0 -0.313047 -0.949738
    outer loop
      vertex -10.3 28.0143 20.0143
      vertex 8.3 28.2473 19.9375
      vertex 8.3 28.0143 20.0143
    endloop
  endfacet
  facet normal -0 -0.313047 -0.949738
    outer loop
      vertex 8.3 28.2473 19.9375
      vertex -10.3 28.0143 20.0143
      vertex -10.3 28.2473 19.9375
    endloop
  endfacet
  facet normal 0 -0.97586 0.218397
    outer loop
      vertex -10.3 27.3584 28.0394
      vertex 8.3 27.412 28.2789
      vertex -10.3 27.412 28.2789
    endloop
  endfacet
  facet normal 0 -0.97586 0.218397
    outer loop
      vertex 8.3 27.412 28.2789
      vertex -10.3 27.3584 28.0394
      vertex 8.3 27.3584 28.0394
    endloop
  endfacet
  facet normal 0 -0.404663 -0.914466
    outer loop
      vertex -10.3 28.6996 25.38
      vertex 8.3 28.924 25.2807
      vertex 8.3 28.6996 25.38
    endloop
  endfacet
  facet normal -0 -0.404663 -0.914466
    outer loop
      vertex 8.3 28.924 25.2807
      vertex -10.3 28.6996 25.38
      vertex -10.3 28.924 25.2807
    endloop
  endfacet
  facet normal 0 -0.615858 0.787858
    outer loop
      vertex -10.3 28.3809 29.6568
      vertex 8.3 28.1876 29.5057
      vertex 8.3 28.3809 29.6568
    endloop
  endfacet
  facet normal 0 -0.615858 0.787858
    outer loop
      vertex 8.3 28.1876 29.5057
      vertex -10.3 28.3809 29.6568
      vertex -10.3 28.1876 29.5057
    endloop
  endfacet
  facet normal 0 -0.0741719 0.997245
    outer loop
      vertex -10.3 29.7587 30.1131
      vertex 8.3 29.514 30.0949
      vertex 8.3 29.7587 30.1131
    endloop
  endfacet
  facet normal 0 -0.0741719 0.997245
    outer loop
      vertex 8.3 29.514 30.0949
      vertex -10.3 29.7587 30.1131
      vertex -10.3 29.514 30.0949
    endloop
  endfacet
  facet normal 0 -0.91455 0.404473
    outer loop
      vertex -10.3 27.4888 28.5119
      vertex 8.3 27.588 28.7362
      vertex -10.3 27.588 28.7362
    endloop
  endfacet
  facet normal 0 -0.91455 0.404473
    outer loop
      vertex 8.3 27.588 28.7362
      vertex -10.3 27.4888 28.5119
      vertex 8.3 27.4888 28.5119
    endloop
  endfacet
  facet normal 0 -0.689991 0.723818
    outer loop
      vertex -10.3 28.1876 29.5057
      vertex 8.3 28.01 29.3364
      vertex 8.3 28.1876 29.5057
    endloop
  endfacet
  facet normal 0 -0.689991 0.723818
    outer loop
      vertex 8.3 28.01 29.3364
      vertex -10.3 28.1876 29.5057
      vertex -10.3 28.01 29.3364
    endloop
  endfacet
  facet normal 0 -0.450308 0.892873
    outer loop
      vertex -10.3 28.8071 29.8987
      vertex 8.3 28.588 29.7882
      vertex 8.3 28.8071 29.8987
    endloop
  endfacet
  facet normal 0 -0.450308 0.892873
    outer loop
      vertex 8.3 28.588 29.7882
      vertex -10.3 28.8071 29.8987
      vertex -10.3 28.588 29.7882
    endloop
  endfacet
  facet normal 0 -0.171599 0.985167
    outer loop
      vertex -10.3 29.514 30.0949
      vertex 8.3 29.2723 30.0528
      vertex 8.3 29.514 30.0949
    endloop
  endfacet
  facet normal 0 -0.171599 0.985167
    outer loop
      vertex 8.3 29.2723 30.0528
      vertex -10.3 29.514 30.0949
      vertex -10.3 29.2723 30.0528
    endloop
  endfacet
  facet normal 0 -0.892873 -0.450308
    outer loop
      vertex -10.3 27.6477 26.38
      vertex 8.3 27.5372 26.5991
      vertex -10.3 27.5372 26.5991
    endloop
  endfacet
  facet normal 0 -0.892873 -0.450308
    outer loop
      vertex 8.3 27.5372 26.5991
      vertex -10.3 27.6477 26.38
      vertex 8.3 27.6477 26.38
    endloop
  endfacet
  facet normal 0 -0.985167 -0.171599
    outer loop
      vertex -10.3 27.3831 27.0643
      vertex 8.3 27.341 27.306
      vertex -10.3 27.341 27.306
    endloop
  endfacet
  facet normal 0 -0.985167 -0.171599
    outer loop
      vertex 8.3 27.341 27.306
      vertex -10.3 27.3831 27.0643
      vertex 8.3 27.3831 27.0643
    endloop
  endfacet
  facet normal 0 -0.723624 -0.690195
    outer loop
      vertex -10.3 28.0995 25.802
      vertex 8.3 27.9302 25.9795
      vertex -10.3 27.9302 25.9795
    endloop
  endfacet
  facet normal 0 -0.723624 -0.690195
    outer loop
      vertex 8.3 27.9302 25.9795
      vertex -10.3 28.0995 25.802
      vertex 8.3 28.0995 25.802
    endloop
  endfacet
  facet normal 0 -0.652569 -0.75773
    outer loop
      vertex -10.3 28.0995 25.802
      vertex 8.3 28.2854 25.6419
      vertex 8.3 28.0995 25.802
    endloop
  endfacet
  facet normal -0 -0.652569 -0.75773
    outer loop
      vertex 8.3 28.2854 25.6419
      vertex -10.3 28.0995 25.802
      vertex -10.3 28.2854 25.6419
    endloop
  endfacet
  facet normal 0 -0.492447 -0.870343
    outer loop
      vertex -10.3 28.4861 25.5008
      vertex 8.3 28.6996 25.38
      vertex 8.3 28.4861 25.5008
    endloop
  endfacet
  facet normal -0 -0.492447 -0.870343
    outer loop
      vertex 8.3 28.6996 25.38
      vertex -10.3 28.4861 25.5008
      vertex -10.3 28.6996 25.38
    endloop
  endfacet
  facet normal 0 -0.218484 -0.975841
    outer loop
      vertex -10.3 29.157 25.204
      vertex 8.3 29.3964 25.1504
      vertex 8.3 29.157 25.204
    endloop
  endfacet
  facet normal -0 -0.218484 -0.975841
    outer loop
      vertex 8.3 29.3964 25.1504
      vertex -10.3 29.157 25.204
      vertex -10.3 29.3964 25.1504
    endloop
  endfacet
  facet normal 0 -0.949738 0.313047
    outer loop
      vertex -10.3 27.412 28.2789
      vertex 8.3 27.4888 28.5119
      vertex -10.3 27.4888 28.5119
    endloop
  endfacet
  facet normal 0 -0.949738 0.313047
    outer loop
      vertex 8.3 27.4888 28.5119
      vertex -10.3 27.412 28.2789
      vertex 8.3 27.412 28.2789
    endloop
  endfacet
  facet normal 0 -0.870441 0.492272
    outer loop
      vertex -10.3 27.588 28.7362
      vertex 8.3 27.7088 28.9498
      vertex -10.3 27.7088 28.9498
    endloop
  endfacet
  facet normal 0 -0.870441 0.492272
    outer loop
      vertex 8.3 27.7088 28.9498
      vertex -10.3 27.588 28.7362
      vertex 8.3 27.588 28.7362
    endloop
  endfacet
  facet normal 0 -0.818062 0.57513
    outer loop
      vertex -10.3 27.7088 28.9498
      vertex 8.3 27.8499 29.1505
      vertex -10.3 27.8499 29.1505
    endloop
  endfacet
  facet normal 0 -0.818062 0.57513
    outer loop
      vertex 8.3 27.8499 29.1505
      vertex -10.3 27.7088 28.9498
      vertex 8.3 27.7088 28.9498
    endloop
  endfacet
  facet normal 0 -0.75773 0.652569
    outer loop
      vertex -10.3 27.8499 29.1505
      vertex 8.3 28.01 29.3364
      vertex -10.3 28.01 29.3364
    endloop
  endfacet
  facet normal 0 -0.75773 0.652569
    outer loop
      vertex 8.3 28.01 29.3364
      vertex -10.3 27.8499 29.1505
      vertex 8.3 27.8499 29.1505
    endloop
  endfacet
  facet normal 0 -0.535741 0.844383
    outer loop
      vertex -10.3 28.588 29.7882
      vertex 8.3 28.3809 29.6568
      vertex 8.3 28.588 29.7882
    endloop
  endfacet
  facet normal 0 -0.535741 0.844383
    outer loop
      vertex 8.3 28.3809 29.6568
      vertex -10.3 28.588 29.7882
      vertex -10.3 28.3809 29.6568
    endloop
  endfacet
  facet normal 0 -0.360399 0.932798
    outer loop
      vertex -10.3 29.0359 29.9871
      vertex 8.3 28.8071 29.8987
      vertex 8.3 29.0359 29.9871
    endloop
  endfacet
  facet normal 0 -0.360399 0.932798
    outer loop
      vertex 8.3 28.8071 29.8987
      vertex -10.3 29.0359 29.9871
      vertex -10.3 28.8071 29.8987
    endloop
  endfacet
  facet normal -0 0.0236379 0.999721
    outer loop
      vertex -10.3 30.004 30.1073
      vertex 8.3 29.7587 30.1131
      vertex 8.3 30.004 30.1073
    endloop
  endfacet
  facet normal 0 0.0236379 0.999721
    outer loop
      vertex 8.3 29.7587 30.1131
      vertex -10.3 30.004 30.1073
      vertex -10.3 29.7587 30.1131
    endloop
  endfacet
  facet normal -0 0.121877 0.992545
    outer loop
      vertex -10.3 30.2475 30.0774
      vertex 8.3 30.004 30.1073
      vertex 8.3 30.2475 30.0774
    endloop
  endfacet
  facet normal 0 0.121877 0.992545
    outer loop
      vertex 8.3 30.004 30.1073
      vertex -10.3 30.2475 30.0774
      vertex -10.3 30.004 30.1073
    endloop
  endfacet
  facet normal 0 -0.8445 -0.535556
    outer loop
      vertex -10.3 27.7791 26.1728
      vertex 8.3 27.6477 26.38
      vertex -10.3 27.6477 26.38
    endloop
  endfacet
  facet normal 0 -0.8445 -0.535556
    outer loop
      vertex 8.3 27.6477 26.38
      vertex -10.3 27.7791 26.1728
      vertex 8.3 27.7791 26.1728
    endloop
  endfacet
  facet normal 0 -0.932661 -0.360754
    outer loop
      vertex -10.3 27.5372 26.5991
      vertex 8.3 27.4487 26.8279
      vertex -10.3 27.4487 26.8279
    endloop
  endfacet
  facet normal 0 -0.932661 -0.360754
    outer loop
      vertex 8.3 27.4487 26.8279
      vertex -10.3 27.5372 26.5991
      vertex 8.3 27.5372 26.5991
    endloop
  endfacet
  facet normal 0 -0.963588 -0.267392
    outer loop
      vertex -10.3 27.4487 26.8279
      vertex 8.3 27.3831 27.0643
      vertex -10.3 27.3831 27.0643
    endloop
  endfacet
  facet normal 0 -0.963588 -0.267392
    outer loop
      vertex 8.3 27.3831 27.0643
      vertex -10.3 27.4487 26.8279
      vertex 8.3 27.4487 26.8279
    endloop
  endfacet
  facet normal 0 -0.997245 -0.0741719
    outer loop
      vertex -10.3 27.341 27.306
      vertex 8.3 27.3228 27.5507
      vertex -10.3 27.3228 27.5507
    endloop
  endfacet
  facet normal 0 -0.997245 -0.0741719
    outer loop
      vertex 8.3 27.3228 27.5507
      vertex -10.3 27.341 27.306
      vertex 8.3 27.341 27.306
    endloop
  endfacet
  facet normal 0 -0.99972 0.0236475
    outer loop
      vertex -10.3 27.3228 27.5507
      vertex 8.3 27.3286 27.7959
      vertex -10.3 27.3286 27.7959
    endloop
  endfacet
  facet normal 0 -0.99972 0.0236475
    outer loop
      vertex 8.3 27.3286 27.7959
      vertex -10.3 27.3228 27.5507
      vertex 8.3 27.3228 27.5507
    endloop
  endfacet
  facet normal 0 -0.992594 0.121476
    outer loop
      vertex -10.3 27.3286 27.7959
      vertex 8.3 27.3584 28.0394
      vertex -10.3 27.3584 28.0394
    endloop
  endfacet
  facet normal 0 -0.992594 0.121476
    outer loop
      vertex 8.3 27.3584 28.0394
      vertex -10.3 27.3286 27.7959
      vertex 8.3 27.3286 27.7959
    endloop
  endfacet
  facet normal 0 -0.787858 -0.615858
    outer loop
      vertex -10.3 27.9302 25.9795
      vertex 8.3 27.7791 26.1728
      vertex -10.3 27.7791 26.1728
    endloop
  endfacet
  facet normal 0 -0.787858 -0.615858
    outer loop
      vertex 8.3 27.7791 26.1728
      vertex -10.3 27.9302 25.9795
      vertex 8.3 27.9302 25.9795
    endloop
  endfacet
  facet normal 0 -0.57513 -0.818062
    outer loop
      vertex -10.3 28.2854 25.6419
      vertex 8.3 28.4861 25.5008
      vertex 8.3 28.2854 25.6419
    endloop
  endfacet
  facet normal -0 -0.57513 -0.818062
    outer loop
      vertex 8.3 28.4861 25.5008
      vertex -10.3 28.2854 25.6419
      vertex -10.3 28.4861 25.5008
    endloop
  endfacet
  facet normal 0 -0.312679 -0.949859
    outer loop
      vertex -10.3 28.924 25.2807
      vertex 8.3 29.157 25.204
      vertex 8.3 28.924 25.2807
    endloop
  endfacet
  facet normal -0 -0.312679 -0.949859
    outer loop
      vertex 8.3 29.157 25.204
      vertex -10.3 28.924 25.2807
      vertex -10.3 29.157 25.204
    endloop
  endfacet
  facet normal 0 -0.26777 0.963483
    outer loop
      vertex -10.3 29.2723 30.0528
      vertex 8.3 29.0359 29.9871
      vertex 8.3 29.2723 30.0528
    endloop
  endfacet
  facet normal 0 -0.26777 0.963483
    outer loop
      vertex 8.3 29.0359 29.9871
      vertex -10.3 29.2723 30.0528
      vertex -10.3 29.0359 29.9871
    endloop
  endfacet
  facet normal 0 -0.170207 -0.985408
    outer loop
      vertex -10.3 21.2093 -22.2477
      vertex 8.3 24.7652 -22.8619
      vertex 8.3 21.2093 -22.2477
    endloop
  endfacet
  facet normal -0 -0.170207 -0.985408
    outer loop
      vertex 8.3 24.7652 -22.8619
      vertex -10.3 21.2093 -22.2477
      vertex -10.3 24.7652 -22.8619
    endloop
  endfacet
  facet normal 0 -0.175791 -0.984428
    outer loop
      vertex -10.3 28.0988 -23.4377
      vertex 8.3 28.1072 -23.4392
      vertex 8.3 28.0988 -23.4377
    endloop
  endfacet
  facet normal -0 -0.175791 -0.984428
    outer loop
      vertex 8.3 28.1072 -23.4392
      vertex -10.3 28.0988 -23.4377
      vertex -10.3 28.1072 -23.4392
    endloop
  endfacet
  facet normal 0 0.985408 -0.170209
    outer loop
      vertex 8.3 28.1072 -23.4392
      vertex -10.3 37.1453 28.886
      vertex 8.3 37.1453 28.886
    endloop
  endfacet
  facet normal 0 0.985408 -0.170209
    outer loop
      vertex -10.3 37.1453 28.886
      vertex 8.3 28.1072 -23.4392
      vertex -10.3 28.1072 -23.4392
    endloop
  endfacet
  facet normal -0 0.164399 0.986394
    outer loop
      vertex -10.3 37.1453 28.886
      vertex 8.3 37.1369 28.8874
      vertex 8.3 37.1453 28.886
    endloop
  endfacet
  facet normal 0 0.164399 0.986394
    outer loop
      vertex 8.3 37.1369 28.8874
      vertex -10.3 37.1453 28.886
      vertex -10.3 37.1369 28.8874
    endloop
  endfacet
  facet normal -0 0.170207 0.985408
    outer loop
      vertex -10.3 33.8034 29.4632
      vertex 8.3 30.2475 30.0774
      vertex 8.3 33.8034 29.4632
    endloop
  endfacet
  facet normal 0 0.170207 0.985408
    outer loop
      vertex 8.3 30.2475 30.0774
      vertex -10.3 33.8034 29.4632
      vertex -10.3 30.2475 30.0774
    endloop
  endfacet
  facet normal 0 -0.985422 0.170131
    outer loop
      vertex -10.3 25.6991 3.74515
      vertex 8.3 25.7577 4.08457
      vertex -10.3 25.7577 4.08457
    endloop
  endfacet
  facet normal 0 -0.985422 0.170131
    outer loop
      vertex 8.3 25.7577 4.08457
      vertex -10.3 25.6991 3.74515
      vertex 8.3 25.6991 3.74515
    endloop
  endfacet
  facet normal 0 -0.985422 0.170131
    outer loop
      vertex -10.3 24.7894 -1.52131
      vertex 8.3 24.848 -1.18189
      vertex -10.3 24.848 -1.18189
    endloop
  endfacet
  facet normal 0 -0.985422 0.170131
    outer loop
      vertex 8.3 24.848 -1.18189
      vertex -10.3 24.7894 -1.52131
      vertex 8.3 24.7894 -1.52131
    endloop
  endfacet
  facet normal 0 -0.985373 0.170412
    outer loop
      vertex -10.3 23.8797 -6.78777
      vertex 8.3 23.9384 -6.44835
      vertex -10.3 23.9384 -6.44835
    endloop
  endfacet
  facet normal 0 -0.985373 0.170412
    outer loop
      vertex 8.3 23.9384 -6.44835
      vertex -10.3 23.8797 -6.78777
      vertex 8.3 23.8797 -6.78777
    endloop
  endfacet
  facet normal 0 -0.98542 0.17014
    outer loop
      vertex -10.3 22.0604 -17.3207
      vertex 8.3 22.119 -16.9813
      vertex -10.3 22.119 -16.9813
    endloop
  endfacet
  facet normal 0 -0.98542 0.17014
    outer loop
      vertex 8.3 22.119 -16.9813
      vertex -10.3 22.0604 -17.3207
      vertex 8.3 22.0604 -17.3207
    endloop
  endfacet
  facet normal 0 -0.98542 0.17014
    outer loop
      vertex -10.3 22.9701 -12.0542
      vertex 8.3 23.0287 -11.7148
      vertex -10.3 23.0287 -11.7148
    endloop
  endfacet
  facet normal 0 -0.98542 0.17014
    outer loop
      vertex 8.3 23.0287 -11.7148
      vertex -10.3 22.9701 -12.0542
      vertex 8.3 22.9701 -12.0542
    endloop
  endfacet
  facet normal 0 -0.98542 0.17014
    outer loop
      vertex -10.3 28.4281 19.5445
      vertex 8.3 28.4867 19.8839
      vertex -10.3 28.4867 19.8839
    endloop
  endfacet
  facet normal 0 -0.98542 0.17014
    outer loop
      vertex 8.3 28.4867 19.8839
      vertex -10.3 28.4281 19.5445
      vertex 8.3 28.4281 19.5445
    endloop
  endfacet
  facet normal 0 -0.98542 0.17014
    outer loop
      vertex -10.3 29.3378 24.811
      vertex 8.3 29.3964 25.1504
      vertex -10.3 29.3964 25.1504
    endloop
  endfacet
  facet normal 0 -0.98542 0.17014
    outer loop
      vertex 8.3 29.3964 25.1504
      vertex -10.3 29.3378 24.811
      vertex 8.3 29.3378 24.811
    endloop
  endfacet
  facet normal 0 -0.985421 0.170135
    outer loop
      vertex -10.3 26.6088 9.01161
      vertex 8.3 26.6674 9.35102
      vertex -10.3 26.6674 9.35102
    endloop
  endfacet
  facet normal 0 -0.985421 0.170135
    outer loop
      vertex 8.3 26.6674 9.35102
      vertex -10.3 26.6088 9.01161
      vertex 8.3 26.6088 9.01161
    endloop
  endfacet
  facet normal 0 -0.985371 0.170422
    outer loop
      vertex -10.3 27.5184 14.2781
      vertex 8.3 27.5771 14.6175
      vertex -10.3 27.5771 14.6175
    endloop
  endfacet
  facet normal 0 -0.985371 0.170422
    outer loop
      vertex 8.3 27.5771 14.6175
      vertex -10.3 27.5184 14.2781
      vertex 8.3 27.5184 14.2781
    endloop
  endfacet
  facet normal -0.76684 -0.152809 0.623383
    outer loop
      vertex -12.0086 34.8808 30.6428
      vertex -11.8033 34.6591 30.841
      vertex -11.8511 34.9157 30.8451
    endloop
  endfacet
  facet normal 0.432359 -0.789699 -0.435249
    outer loop
      vertex 9.54668 24.8807 -24.4417
      vertex 9.71098 24.9022 -24.3175
      vertex 9.58046 24.7425 -24.1574
    endloop
  endfacet
  facet normal 0.369879 -0.405273 -0.836028
    outer loop
      vertex 9.4066 25.3059 -24.7898
      vertex 9.64572 25.3228 -24.6922
      vertex 9.38912 25.0686 -24.6825
    endloop
  endfacet
  facet normal 0 0.345155 -0.938546
    outer loop
      vertex -11.15 27.197 -25.0821
      vertex 9.15 27.442 -24.992
      vertex 9.15 27.197 -25.0821
    endloop
  endfacet
  facet normal 0 0.345155 -0.938546
    outer loop
      vertex 9.15 27.442 -24.992
      vertex -11.15 27.197 -25.0821
      vertex -11.15 27.442 -24.992
    endloop
  endfacet
  facet normal 0.860334 -0.509011 -0.0270844
    outer loop
      vertex 10.0424 25.1797 -24.0388
      vertex 10.0739 25.2204 -23.8031
      vertex 9.94335 24.9977 -23.7647
    endloop
  endfacet
  facet normal -0.0930645 0.574101 -0.813479
    outer loop
      vertex -11.3553 27.4466 -24.9653
      vertex -11.3076 27.6588 -24.821
      vertex -11.15 27.6553 -24.8415
    endloop
  endfacet
  facet normal 0.656231 0.647538 -0.387369
    outer loop
      vertex 9.83706 27.5095 -24.6011
      vertex 9.6772 27.7071 -24.5416
      vertex 9.91632 27.542 -24.4125
    endloop
  endfacet
  facet normal 0.00193354 0.98575 -0.168206
    outer loop
      vertex 9.28053 37.2816 29.725
      vertex 9.15 37.3038 29.8536
      vertex 9.18378 37.303 29.8493
    endloop
  endfacet
  facet normal 0 0.985406 -0.170218
    outer loop
      vertex 9.15 37.3038 29.8536
      vertex 8.3 37.1369 28.8874
      vertex -11.15 37.3038 29.8536
    endloop
  endfacet
  facet normal -0.000961382 0.985375 -0.170395
    outer loop
      vertex 9.28053 37.2816 29.725
      vertex 9.18378 37.303 29.8493
      vertex 9.21526 37.3008 29.8364
    endloop
  endfacet
  facet normal 0 0.985406 -0.170218
    outer loop
      vertex -10.3 37.1369 28.8874
      vertex -11.15 37.3038 29.8536
      vertex 8.3 37.1369 28.8874
    endloop
  endfacet
  facet normal -0.00104356 0.985367 -0.170441
    outer loop
      vertex 9.28053 37.2816 29.725
      vertex 9.21526 37.3008 29.8364
      vertex 9.2423 37.2973 29.816
    endloop
  endfacet
  facet normal 5.73502e-05 0.985415 -0.170169
    outer loop
      vertex -11.2805 37.2816 29.725
      vertex -11.15 37.3038 29.8536
      vertex -10.3 37.1369 28.8874
    endloop
  endfacet
  facet normal -0.000670878 0.985394 -0.170289
    outer loop
      vertex 9.28053 37.2816 29.725
      vertex 9.2423 37.2973 29.816
      vertex 9.26304 37.2927 29.7893
    endloop
  endfacet
  facet normal -0.00193216 0.98575 -0.168208
    outer loop
      vertex -11.15 37.3038 29.8536
      vertex -11.2805 37.2816 29.725
      vertex -11.1838 37.303 29.8493
    endloop
  endfacet
  facet normal 0.0103814 0.985841 -0.16736
    outer loop
      vertex 9.28053 37.2816 29.725
      vertex 9.26304 37.2927 29.7893
      vertex 9.27608 37.2873 29.7583
    endloop
  endfacet
  facet normal 0.000960254 0.985376 -0.170393
    outer loop
      vertex -11.1838 37.303 29.8493
      vertex -11.2805 37.2816 29.725
      vertex -11.2153 37.3008 29.8364
    endloop
  endfacet
  facet normal -5.73431e-05 0.985415 -0.170169
    outer loop
      vertex 9.15 37.3038 29.8536
      vertex 9.28053 37.2816 29.725
      vertex 8.3 37.1369 28.8874
    endloop
  endfacet
  facet normal 0.00104544 0.985367 -0.170442
    outer loop
      vertex -11.2153 37.3008 29.8364
      vertex -11.2805 37.2816 29.725
      vertex -11.2423 37.2973 29.816
    endloop
  endfacet
  facet normal 0.000673083 0.985394 -0.17029
    outer loop
      vertex -11.2423 37.2973 29.816
      vertex -11.2805 37.2816 29.725
      vertex -11.263 37.2927 29.7893
    endloop
  endfacet
  facet normal -2.16919e-05 0.985408 -0.170209
    outer loop
      vertex 9.28053 37.2816 29.725
      vertex 8.3 28.0988 -23.4377
      vertex 8.3 37.1369 28.8874
    endloop
  endfacet
  facet normal 5.73431e-05 0.985415 -0.170169
    outer loop
      vertex 9.15 27.9319 -24.4039
      vertex 8.3 28.0988 -23.4377
      vertex 9.28053 27.9541 -24.2753
    endloop
  endfacet
  facet normal 2.10189e-05 0.985408 -0.17021
    outer loop
      vertex 9.28053 27.9541 -24.2753
      vertex 8.3 28.0988 -23.4377
      vertex 9.28053 37.2816 29.725
    endloop
  endfacet
  facet normal -0.0102585 0.985837 -0.167391
    outer loop
      vertex -11.263 37.2927 29.7893
      vertex -11.2805 37.2816 29.725
      vertex -11.2761 37.2873 29.7583
    endloop
  endfacet
  facet normal 2.16925e-05 0.985408 -0.170209
    outer loop
      vertex -10.3 28.0988 -23.4377
      vertex -11.2805 37.2816 29.725
      vertex -10.3 37.1369 28.8874
    endloop
  endfacet
  facet normal -2.10196e-05 0.985408 -0.17021
    outer loop
      vertex -10.3 28.0988 -23.4377
      vertex -11.2805 27.9541 -24.2753
      vertex -11.2805 37.2816 29.725
    endloop
  endfacet
  facet normal 0 0.985406 -0.170218
    outer loop
      vertex 8.3 28.0988 -23.4377
      vertex 9.15 27.9319 -24.4039
      vertex -10.3 28.0988 -23.4377
    endloop
  endfacet
  facet normal 0.00172785 0.985128 -0.171815
    outer loop
      vertex 9.15 27.9319 -24.4039
      vertex 9.28053 27.9541 -24.2753
      vertex 9.27608 27.9483 -24.3086
    endloop
  endfacet
  facet normal 0 0.985406 -0.170218
    outer loop
      vertex -11.15 27.9319 -24.4039
      vertex -10.3 28.0988 -23.4377
      vertex 9.15 27.9319 -24.4039
    endloop
  endfacet
  facet normal -0.00122401 0.985782 -0.168022
    outer loop
      vertex 9.15 27.9319 -24.4039
      vertex 9.27608 27.9483 -24.3086
      vertex 9.26304 27.943 -24.3396
    endloop
  endfacet
  facet normal -5.73502e-05 0.985415 -0.170169
    outer loop
      vertex -10.3 28.0988 -23.4377
      vertex -11.15 27.9319 -24.4039
      vertex -11.2805 27.9541 -24.2753
    endloop
  endfacet
  facet normal -0.000345165 0.985526 -0.169523
    outer loop
      vertex 9.15 27.9319 -24.4039
      vertex 9.26304 27.943 -24.3396
      vertex 9.2423 27.9384 -24.3663
    endloop
  endfacet
  facet normal -0.00172536 0.985128 -0.171812
    outer loop
      vertex -11.2805 27.9541 -24.2753
      vertex -11.15 27.9319 -24.4039
      vertex -11.2761 27.9483 -24.3086
    endloop
  endfacet
  facet normal -0.00113811 0.985849 -0.167632
    outer loop
      vertex 9.15 27.9319 -24.4039
      vertex 9.2423 27.9384 -24.3663
      vertex 9.21526 27.9349 -24.3867
    endloop
  endfacet
  facet normal 0.00122636 0.985783 -0.168019
    outer loop
      vertex -11.2761 27.9483 -24.3086
      vertex -11.15 27.9319 -24.4039
      vertex -11.263 27.943 -24.3396
    endloop
  endfacet
  facet normal 0.00281495 0.983261 -0.182179
    outer loop
      vertex 9.15 27.9319 -24.4039
      vertex 9.21526 27.9349 -24.3867
      vertex 9.18378 27.9326 -24.3996
    endloop
  endfacet
  facet normal 0.000344857 0.985526 -0.169524
    outer loop
      vertex -11.263 27.943 -24.3396
      vertex -11.15 27.9319 -24.4039
      vertex -11.2423 27.9384 -24.3663
    endloop
  endfacet
  facet normal 0.00113614 0.985848 -0.167637
    outer loop
      vertex -11.2423 27.9384 -24.3663
      vertex -11.15 27.9319 -24.4039
      vertex -11.2153 27.9349 -24.3867
    endloop
  endfacet
  facet normal -0.00281334 0.983261 -0.18218
    outer loop
      vertex -11.2153 27.9349 -24.3867
      vertex -11.15 27.9319 -24.4039
      vertex -11.1838 27.9326 -24.3996
    endloop
  endfacet
  facet normal 0.92379 -0.0651864 -0.377311
    outer loop
      vertex 10.1077 25.4252 -24.0989
      vertex 10.0086 27.0214 -24.6173
      vertex 10.1077 27.0621 -24.3817
    endloop
  endfacet
  facet normal 0.923836 -0.0651489 -0.377204
    outer loop
      vertex 10.0086 27.0214 -24.6173
      vertex 10.1077 25.4252 -24.0989
      vertex 10.0086 25.3846 -24.3346
    endloop
  endfacet
  facet normal 0.965997 0.254779 -0.044008
    outer loop
      vertex 10.1414 36.4332 29.8716
      vertex 10.0739 27.3542 -24.1717
      vertex 10.0739 36.6817 29.8286
    endloop
  endfacet
  facet normal 0.965993 0.254795 -0.0440107
    outer loop
      vertex 10.0739 27.3542 -24.1717
      vertex 10.1414 36.4332 29.8716
      vertex 10.1414 27.1057 -24.1288
    endloop
  endfacet
  facet normal 0.958222 -0.274529 -0.0802815
    outer loop
      vertex 10.1077 25.4252 -24.0989
      vertex 10.1414 25.4689 -23.8461
      vertex 10.0424 25.1797 -24.0388
    endloop
  endfacet
  facet normal 0.68849 -0.57947 -0.436115
    outer loop
      vertex 9.80328 25.1093 -24.4469
      vertex 9.9501 25.1418 -24.2583
      vertex 9.83706 24.9302 -24.1556
    endloop
  endfacet
  facet normal -0.860415 -0.508871 -0.0271194
    outer loop
      vertex -12.0424 25.1797 -24.0388
      vertex -11.9434 24.9977 -23.7647
      vertex -12.0739 25.2204 -23.8031
    endloop
  endfacet
  facet normal -0.207024 -0.978303 0.00804504
    outer loop
      vertex -11.4814 24.6546 -23.8996
      vertex -11.2423 24.6049 -23.7905
      vertex -11.263 24.6095 -23.7638
    endloop
  endfacet
  facet normal -0.126154 -0.416072 -0.900538
    outer loop
      vertex -11.15 25.3002 -24.823
      vertex -11.15 25.0632 -24.7135
      vertex -11.3891 25.0686 -24.6825
    endloop
  endfacet
  facet normal -0.802089 0.43288 -0.411421
    outer loop
      vertex -11.9501 27.2756 -24.6269
      vertex -11.9163 27.542 -24.4125
      vertex -11.8371 27.5095 -24.6011
    endloop
  endfacet
  facet normal 0.860429 0.470253 -0.196277
    outer loop
      vertex 10.0424 27.3135 -24.4073
      vertex 9.94335 27.577 -24.2102
      vertex 10.0739 27.3542 -24.1717
    endloop
  endfacet
  facet normal 0.801825 0.433054 -0.411754
    outer loop
      vertex 9.9501 27.2756 -24.6269
      vertex 9.91632 27.542 -24.4125
      vertex 10.0424 27.3135 -24.4073
    endloop
  endfacet
  facet normal 1 0 0
    outer loop
      vertex 10.1414 34.7964 30.1543
      vertex 10.1414 27.1057 -24.1288
      vertex 10.1414 36.4332 29.8716
    endloop
  endfacet
  facet normal 1 0 -0
    outer loop
      vertex 10.1414 27.1057 -24.1288
      vertex 10.1414 34.7964 30.1543
      vertex 10.1414 25.4689 -23.8461
    endloop
  endfacet
  facet normal 0.965993 -0.254795 0.0440107
    outer loop
      vertex 10.0739 34.5479 30.1972
      vertex 10.1414 25.4689 -23.8461
      vertex 10.1414 34.7964 30.1543
    endloop
  endfacet
  facet normal 0.965997 -0.254779 0.044008
    outer loop
      vertex 10.1414 25.4689 -23.8461
      vertex 10.0739 34.5479 30.1972
      vertex 10.0739 25.2204 -23.8031
    endloop
  endfacet
  facet normal 0.00193216 -0.98575 0.168208
    outer loop
      vertex -11.2805 33.9481 30.3008
      vertex -11.15 33.9703 30.4294
      vertex -11.1838 33.9695 30.4251
    endloop
  endfacet
  facet normal 0 -0.985406 0.170218
    outer loop
      vertex -11.15 33.9703 30.4294
      vertex -10.3 33.8034 29.4632
      vertex 9.15 33.9703 30.4294
    endloop
  endfacet
  facet normal -0.000960254 -0.985376 0.170393
    outer loop
      vertex -11.2805 33.9481 30.3008
      vertex -11.1838 33.9695 30.4251
      vertex -11.2153 33.9673 30.4122
    endloop
  endfacet
  facet normal 0 -0.985406 0.170218
    outer loop
      vertex 8.3 33.8034 29.4632
      vertex 9.15 33.9703 30.4294
      vertex -10.3 33.8034 29.4632
    endloop
  endfacet
  facet normal -0.00104544 -0.985367 0.170442
    outer loop
      vertex -11.2805 33.9481 30.3008
      vertex -11.2153 33.9673 30.4122
      vertex -11.2423 33.9638 30.3918
    endloop
  endfacet
  facet normal 5.73431e-05 -0.985415 0.170169
    outer loop
      vertex 9.28053 33.9481 30.3008
      vertex 9.15 33.9703 30.4294
      vertex 8.3 33.8034 29.4632
    endloop
  endfacet
  facet normal -0.000673083 -0.985394 0.17029
    outer loop
      vertex -11.2805 33.9481 30.3008
      vertex -11.2423 33.9638 30.3918
      vertex -11.263 33.9592 30.3651
    endloop
  endfacet
  facet normal -0.00193354 -0.98575 0.168206
    outer loop
      vertex 9.15 33.9703 30.4294
      vertex 9.28053 33.9481 30.3008
      vertex 9.18378 33.9695 30.4251
    endloop
  endfacet
  facet normal 0.0102585 -0.985837 0.167391
    outer loop
      vertex -11.2805 33.9481 30.3008
      vertex -11.263 33.9592 30.3651
      vertex -11.2761 33.9538 30.3341
    endloop
  endfacet
  facet normal 0.000961382 -0.985375 0.170395
    outer loop
      vertex 9.18378 33.9695 30.4251
      vertex 9.28053 33.9481 30.3008
      vertex 9.21526 33.9673 30.4122
    endloop
  endfacet
  facet normal -5.73502e-05 -0.985415 0.170169
    outer loop
      vertex -11.15 33.9703 30.4294
      vertex -11.2805 33.9481 30.3008
      vertex -10.3 33.8034 29.4632
    endloop
  endfacet
  facet normal 0.00104356 -0.985367 0.170441
    outer loop
      vertex 9.21526 33.9673 30.4122
      vertex 9.28053 33.9481 30.3008
      vertex 9.2423 33.9638 30.3918
    endloop
  endfacet
  facet normal 0.000670878 -0.985394 0.170289
    outer loop
      vertex 9.2423 33.9638 30.3918
      vertex 9.28053 33.9481 30.3008
      vertex 9.26304 33.9592 30.3651
    endloop
  endfacet
  facet normal -2.00837e-05 -0.985408 0.170211
    outer loop
      vertex -11.2805 33.9481 30.3008
      vertex -10.3 24.7652 -22.8619
      vertex -10.3 33.8034 29.4632
    endloop
  endfacet
  facet normal 3.5164e-06 -0.985424 0.170116
    outer loop
      vertex -11.15 24.5984 -23.8281
      vertex -10.3 24.7652 -22.8619
      vertex -11.2805 24.6206 -23.6995
    endloop
  endfacet
  facet normal -7.9481e-05 -0.985408 0.17021
    outer loop
      vertex -11.2805 24.6206 -23.6995
      vertex -10.3 24.7652 -22.8619
      vertex -11.2805 33.9481 30.3008
    endloop
  endfacet
  facet normal -0.0103814 -0.985841 0.16736
    outer loop
      vertex 9.26304 33.9592 30.3651
      vertex 9.28053 33.9481 30.3008
      vertex 9.27608 33.9538 30.3341
    endloop
  endfacet
  facet normal 2.00831e-05 -0.985408 0.170211
    outer loop
      vertex 8.3 24.7652 -22.8619
      vertex 9.28053 33.9481 30.3008
      vertex 8.3 33.8034 29.4632
    endloop
  endfacet
  facet normal 7.94785e-05 -0.985408 0.17021
    outer loop
      vertex 8.3 24.7652 -22.8619
      vertex 9.28053 24.6206 -23.6995
      vertex 9.28053 33.9481 30.3008
    endloop
  endfacet
  facet normal 0 -0.985424 0.170119
    outer loop
      vertex -10.3 24.7652 -22.8619
      vertex -11.15 24.5984 -23.8281
      vertex 8.3 24.7652 -22.8619
    endloop
  endfacet
  facet normal 0.00172536 -0.985128 0.171812
    outer loop
      vertex -11.15 24.5984 -23.8281
      vertex -11.2805 24.6206 -23.6995
      vertex -11.2761 24.6148 -23.7328
    endloop
  endfacet
  facet normal 0 -0.985424 0.170119
    outer loop
      vertex 9.15 24.5984 -23.8281
      vertex 8.3 24.7652 -22.8619
      vertex -11.15 24.5984 -23.8281
    endloop
  endfacet
  facet normal -0.00122636 -0.985783 0.168019
    outer loop
      vertex -11.15 24.5984 -23.8281
      vertex -11.2761 24.6148 -23.7328
      vertex -11.263 24.6095 -23.7638
    endloop
  endfacet
  facet normal -3.51596e-06 -0.985424 0.170116
    outer loop
      vertex 8.3 24.7652 -22.8619
      vertex 9.15 24.5984 -23.8281
      vertex 9.28053 24.6206 -23.6995
    endloop
  endfacet
  facet normal -0.000344857 -0.985526 0.169524
    outer loop
      vertex -11.15 24.5984 -23.8281
      vertex -11.263 24.6095 -23.7638
      vertex -11.2423 24.6049 -23.7905
    endloop
  endfacet
  facet normal -0.00172785 -0.985128 0.171815
    outer loop
      vertex 9.28053 24.6206 -23.6995
      vertex 9.15 24.5984 -23.8281
      vertex 9.27608 24.6148 -23.7328
    endloop
  endfacet
  facet normal 0.00313005 -0.984062 0.177801
    outer loop
      vertex -11.15 24.5984 -23.8281
      vertex -11.2423 24.6049 -23.7905
      vertex -11.2153 24.6013 -23.8109
    endloop
  endfacet
  facet normal 0.00122401 -0.985782 0.168022
    outer loop
      vertex 9.27608 24.6148 -23.7328
      vertex 9.15 24.5984 -23.8281
      vertex 9.26304 24.6095 -23.7638
    endloop
  endfacet
  facet normal 0.00140943 -0.98519 0.171459
    outer loop
      vertex -11.15 24.5984 -23.8281
      vertex -11.2153 24.6013 -23.8109
      vertex -11.1838 24.5991 -23.8238
    endloop
  endfacet
  facet normal 0.000345165 -0.985526 0.169523
    outer loop
      vertex 9.26304 24.6095 -23.7638
      vertex 9.15 24.5984 -23.8281
      vertex 9.2423 24.6049 -23.7905
    endloop
  endfacet
  facet normal -0.00313548 -0.984059 0.177814
    outer loop
      vertex 9.2423 24.6049 -23.7905
      vertex 9.15 24.5984 -23.8281
      vertex 9.21526 24.6013 -23.8109
    endloop
  endfacet
  facet normal -0.00141024 -0.98519 0.171458
    outer loop
      vertex 9.21526 24.6013 -23.8109
      vertex 9.15 24.5984 -23.8281
      vertex 9.18378 24.5991 -23.8238
    endloop
  endfacet
  facet normal 0.892925 0.19008 -0.40811
    outer loop
      vertex 10.0086 27.0214 -24.6173
      vertex 9.9501 27.2756 -24.6269
      vertex 10.0424 27.3135 -24.4073
    endloop
  endfacet
  facet normal 0.860429 -0.470253 0.196277
    outer loop
      vertex 10.0739 34.5479 30.1972
      vertex 10.0424 34.5886 30.4328
      vertex 9.94335 34.3251 30.2357
    endloop
  endfacet
  facet normal 0.369781 0.404854 0.836275
    outer loop
      vertex 9.64572 36.5794 30.7176
      vertex 9.38912 36.8336 30.708
      vertex 9.4066 36.5962 30.8152
    endloop
  endfacet
  facet normal 0.89281 0.316046 0.320944
    outer loop
      vertex 10.0424 36.7224 30.0643
      vertex 10.0086 36.5176 30.36
      vertex 10.1077 36.4769 30.1244
    endloop
  endfacet
  facet normal 0.370023 -0.101226 0.923491
    outer loop
      vertex 9.61194 34.6841 30.9856
      vertex 9.64572 34.9426 31.0004
      vertex 9.38912 34.6998 31.0766
    endloop
  endfacet
  facet normal -0.498763 -0.840321 0.212356
    outer loop
      vertex -11.7588 34.1432 30.2671
      vertex -11.5196 34.0315 30.3869
      vertex -11.738 34.1701 30.4224
    endloop
  endfacet
  facet normal -0.688687 0.399458 -0.605098
    outer loop
      vertex -11.8033 27.243 -24.8155
      vertex -11.9501 27.2756 -24.6269
      vertex -11.8371 27.5095 -24.6011
    endloop
  endfacet
  facet normal -0.86051 -0.47011 0.196263
    outer loop
      vertex -11.9434 34.3251 30.2357
      vertex -12.0424 34.5886 30.4328
      vertex -12.0739 34.5479 30.1972
    endloop
  endfacet
  facet normal -0.563583 -0.620523 0.545275
    outer loop
      vertex -11.6772 34.1951 30.567
      vertex -11.5805 34.2165 30.6913
      vertex -11.8371 34.3927 30.6266
    endloop
  endfacet
  facet normal 0.608841 -0.135015 -0.781719
    outer loop
      vertex 9.64572 26.9596 -24.9749
      vertex 9.85106 25.3496 -24.5369
      vertex 9.64572 25.3228 -24.6922
    endloop
  endfacet
  facet normal 0.608841 -0.135015 -0.781719
    outer loop
      vertex 9.85106 25.3496 -24.5369
      vertex 9.64572 26.9596 -24.9749
      vertex 9.85106 26.9864 -24.8196
    endloop
  endfacet
  facet normal 0.588398 -0.383584 -0.711794
    outer loop
      vertex 9.64572 25.3228 -24.6922
      vertex 9.85106 25.3496 -24.5369
      vertex 9.80328 25.1093 -24.4469
    endloop
  endfacet
  facet normal 0 0.768347 -0.640034
    outer loop
      vertex 9.15 27.6553 -24.8415
      vertex -11.15 27.8224 -24.6409
      vertex 9.15 27.8224 -24.6409
    endloop
  endfacet
  facet normal 0 0.768347 -0.640034
    outer loop
      vertex -11.15 27.8224 -24.6409
      vertex 9.15 27.6553 -24.8415
      vertex -11.15 27.6553 -24.8415
    endloop
  endfacet
  facet normal 0 0.907791 -0.419422
    outer loop
      vertex 9.15 27.8224 -24.6409
      vertex -11.15 27.9319 -24.4039
      vertex 9.15 27.9319 -24.4039
    endloop
  endfacet
  facet normal 0 0.907791 -0.419422
    outer loop
      vertex -11.15 27.9319 -24.4039
      vertex 9.15 27.8224 -24.6409
      vertex -11.15 27.8224 -24.6409
    endloop
  endfacet
  facet normal 0.688442 0.399658 -0.605245
    outer loop
      vertex 9.80328 27.243 -24.8155
      vertex 9.71098 27.4815 -24.763
      vertex 9.83706 27.5095 -24.6011
    endloop
  endfacet
  facet normal 0.498862 0.840521 -0.211331
    outer loop
      vertex 9.51964 27.8707 -24.3614
      vertex 9.53268 27.8875 -24.2638
      vertex 9.75876 27.7589 -24.2416
    endloop
  endfacet
  facet normal -0.25885 0.951823 -0.164409
    outer loop
      vertex -11.2805 37.2816 29.725
      vertex -11.5327 27.8875 -24.2638
      vertex -11.5327 37.215 29.7365
    endloop
  endfacet
  facet normal -0.25885 0.951823 -0.164409
    outer loop
      vertex -11.5327 27.8875 -24.2638
      vertex -11.2805 37.2816 29.725
      vertex -11.2805 27.9541 -24.2753
    endloop
  endfacet
  facet normal -0.86032 0.509015 0.0274348
    outer loop
      vertex -11.9434 36.9045 29.7902
      vertex -12.0424 36.7224 30.0643
      vertex -11.9163 36.9394 29.9925
    endloop
  endfacet
  facet normal 0.688749 0.579321 0.435904
    outer loop
      vertex 9.83706 36.972 30.181
      vertex 9.71098 37 30.343
      vertex 9.80328 36.7929 30.4724
    endloop
  endfacet
  facet normal 0.398911 0.799481 -0.44911
    outer loop
      vertex 9.58046 27.6856 -24.6658
      vertex 9.48141 27.8549 -24.4524
      vertex 9.6772 27.7071 -24.5416
    endloop
  endfacet
  facet normal 0.306577 -0.919469 -0.246143
    outer loop
      vertex 9.45438 24.726 -24.2528
      vertex 9.58046 24.7425 -24.1574
      vertex 9.34134 24.6307 -24.0376
    endloop
  endfacet
  facet normal 0.499927 -0.853429 0.147413
    outer loop
      vertex 9.53268 24.6871 -23.711
      vertex 9.75876 34.1432 30.2671
      vertex 9.53268 34.0146 30.2893
    endloop
  endfacet
  facet normal 0.500211 -0.853269 0.147384
    outer loop
      vertex 9.75876 34.1432 30.2671
      vertex 9.53268 24.6871 -23.711
      vertex 9.75876 24.8158 -23.7332
    endloop
  endfacet
  facet normal 0.991488 -0.0221593 -0.1283
    outer loop
      vertex 10.1414 25.4689 -23.8461
      vertex 10.1077 27.0621 -24.3817
      vertex 10.1414 27.1057 -24.1288
    endloop
  endfacet
  facet normal 0.991483 -0.0221725 -0.128339
    outer loop
      vertex 10.1077 27.0621 -24.3817
      vertex 10.1414 25.4689 -23.8461
      vertex 10.1077 25.4252 -24.0989
    endloop
  endfacet
  facet normal 0.95826 0.231276 -0.168074
    outer loop
      vertex 10.0424 27.3135 -24.4073
      vertex 10.0739 27.3542 -24.1717
      vertex 10.1414 27.1057 -24.1288
    endloop
  endfacet
  facet normal 0.958263 -0.274258 -0.0807084
    outer loop
      vertex 10.0424 25.1797 -24.0388
      vertex 10.1414 25.4689 -23.8461
      vertex 10.0739 25.2204 -23.8031
    endloop
  endfacet
  facet normal 0 0.817085 0.576518
    outer loop
      vertex 9.15 37.19 30.3586
      vertex -11.15 37.0395 30.5719
      vertex 9.15 37.0395 30.5719
    endloop
  endfacet
  facet normal 0 0.817085 0.576518
    outer loop
      vertex -11.15 37.0395 30.5719
      vertex 9.15 37.19 30.3586
      vertex -11.15 37.19 30.3586
    endloop
  endfacet
  facet normal 0.892895 -0.19007 0.408182
    outer loop
      vertex 10.0424 34.5886 30.4328
      vertex 10.0086 34.8808 30.6428
      vertex 9.9501 34.6266 30.6524
    endloop
  endfacet
  facet normal 0.528347 0.606835 0.593802
    outer loop
      vertex 9.80328 36.7929 30.4724
      vertex 9.54668 37.0214 30.4672
      vertex 9.61194 36.8179 30.6171
    endloop
  endfacet
  facet normal 0 -0.768347 0.640034
    outer loop
      vertex -11.15 34.0798 30.6664
      vertex 9.15 34.2469 30.867
      vertex -11.15 34.2469 30.867
    endloop
  endfacet
  facet normal 0 -0.768347 0.640034
    outer loop
      vertex 9.15 34.2469 30.867
      vertex -11.15 34.0798 30.6664
      vertex 9.15 34.0798 30.6664
    endloop
  endfacet
  facet normal 0.258625 -0.945414 0.198258
    outer loop
      vertex 9.53268 34.0146 30.2893
      vertex 9.51964 34.0315 30.3869
      vertex 9.27608 33.9538 30.3341
    endloop
  endfacet
  facet normal -0 0.170254 0.9854
    outer loop
      vertex -11.15 36.602 30.8485
      vertex 9.15 34.9652 31.1313
      vertex 9.15 36.602 30.8485
    endloop
  endfacet
  facet normal 0 0.170254 0.9854
    outer loop
      vertex 9.15 34.9652 31.1313
      vertex -11.15 36.602 30.8485
      vertex -11.15 34.9652 31.1313
    endloop
  endfacet
  facet normal -0 0.640222 0.76819
    outer loop
      vertex -11.15 37.0395 30.5719
      vertex 9.15 36.839 30.739
      vertex 9.15 37.0395 30.5719
    endloop
  endfacet
  facet normal 0 0.640222 0.76819
    outer loop
      vertex 9.15 36.839 30.739
      vertex -11.15 37.0395 30.5719
      vertex -11.15 36.839 30.739
    endloop
  endfacet
  facet normal -0.704031 0.709613 -0.0281081
    outer loop
      vertex -11.7588 37.0864 29.7587
      vertex -11.9434 36.9045 29.7902
      vertex -11.9163 36.9394 29.9925
    endloop
  endfacet
  facet normal -0.563281 0.620175 -0.545983
    outer loop
      vertex -11.711 27.4815 -24.763
      vertex -11.8371 27.5095 -24.6011
      vertex -11.5805 27.6856 -24.6658
    endloop
  endfacet
  facet normal -0.258366 -0.945943 0.196057
    outer loop
      vertex -11.2805 33.9481 30.3008
      vertex -11.2761 33.9538 30.3341
      vertex -11.5327 34.0146 30.2893
    endloop
  endfacet
  facet normal -0.95826 -0.231276 0.168074
    outer loop
      vertex -12.0739 34.5479 30.1972
      vertex -12.0424 34.5886 30.4328
      vertex -12.1414 34.7964 30.1543
    endloop
  endfacet
  facet normal -0.432596 -0.789571 -0.435246
    outer loop
      vertex -11.5467 24.8807 -24.4417
      vertex -11.4544 24.726 -24.2528
      vertex -11.5805 24.7425 -24.1574
    endloop
  endfacet
  facet normal -0.528091 0.372072 -0.763336
    outer loop
      vertex -11.6119 27.218 -24.9601
      vertex -11.8033 27.243 -24.8155
      vertex -11.5467 27.4601 -24.8872
    endloop
  endfacet
  facet normal -0.160668 -0.986253 -0.0386045
    outer loop
      vertex -11.3413 24.6307 -24.0376
      vertex -11.2153 24.6013 -23.8109
      vertex -11.2423 24.6049 -23.7905
    endloop
  endfacet
  facet normal -0.563494 -0.767405 -0.305883
    outer loop
      vertex -11.5805 24.7425 -24.1574
      vertex -11.6772 24.764 -24.0332
      vertex -11.8371 24.9302 -24.1556
    endloop
  endfacet
  facet normal 0.528391 -0.606622 -0.59398
    outer loop
      vertex 9.54668 24.8807 -24.4417
      vertex 9.80328 25.1093 -24.4469
      vertex 9.71098 24.9022 -24.3175
    endloop
  endfacet
  facet normal -0.271759 -0.805385 -0.526785
    outer loop
      vertex -11.3553 24.8672 -24.5198
      vertex -11.4544 24.726 -24.2528
      vertex -11.5467 24.8807 -24.4417
    endloop
  endfacet
  facet normal 0.113291 0.342933 -0.932503
    outer loop
      vertex 9.15 27.197 -25.0821
      vertex 9.15 27.442 -24.992
      vertex 9.38912 27.2023 -25.0511
    endloop
  endfacet
  facet normal 0.12608 0.0900531 -0.987924
    outer loop
      vertex 9.15 26.937 -25.1058
      vertex 9.15 27.197 -25.0821
      vertex 9.38912 27.2023 -25.0511
    endloop
  endfacet
  facet normal -0.369903 -0.405296 -0.836007
    outer loop
      vertex -11.4066 25.3059 -24.7898
      vertex -11.3891 25.0686 -24.6825
      vertex -11.6457 25.3228 -24.6922
    endloop
  endfacet
  facet normal -0.126208 0.0899464 -0.987918
    outer loop
      vertex -11.15 26.937 -25.1058
      vertex -11.4066 26.9427 -25.0725
      vertex -11.3891 27.2023 -25.0511
    endloop
  endfacet
  facet normal 0.258514 0.945642 -0.197314
    outer loop
      vertex 9.51964 27.8707 -24.3614
      vertex 9.27608 27.9483 -24.3086
      vertex 9.53268 27.8875 -24.2638
    endloop
  endfacet
  facet normal 0.241896 0.934399 -0.261505
    outer loop
      vertex 9.48141 27.8549 -24.4524
      vertex 9.26304 27.943 -24.3396
      vertex 9.27608 27.9483 -24.3086
    endloop
  endfacet
  facet normal 0.15837 0.916001 -0.368594
    outer loop
      vertex 9.34134 27.8311 -24.5904
      vertex 9.2423 27.9384 -24.3663
      vertex 9.4206 27.8415 -24.5305
    endloop
  endfacet
  facet normal 0.86043 0.508846 0.0271257
    outer loop
      vertex 10.0739 36.6817 29.8286
      vertex 9.94335 36.9045 29.7902
      vertex 10.0424 36.7224 30.0643
    endloop
  endfacet
  facet normal 0.258898 0.95181 -0.164407
    outer loop
      vertex 9.53268 27.8875 -24.2638
      vertex 9.28053 37.2816 29.725
      vertex 9.53268 37.215 29.7365
    endloop
  endfacet
  facet normal 0.258898 0.95181 -0.164407
    outer loop
      vertex 9.28053 37.2816 29.725
      vertex 9.53268 27.8875 -24.2638
      vertex 9.28053 27.9541 -24.2753
    endloop
  endfacet
  facet normal 0.498863 0.862723 -0.0827341
    outer loop
      vertex 9.75876 37.0864 29.7587
      vertex 9.53268 37.215 29.7365
      vertex 9.51964 37.2319 29.8341
    endloop
  endfacet
  facet normal 0.563463 -0.767362 -0.306048
    outer loop
      vertex 9.58046 24.7425 -24.1574
      vertex 9.83706 24.9302 -24.1556
      vertex 9.6772 24.764 -24.0332
    endloop
  endfacet
  facet normal 0.160475 -0.986282 -0.0386588
    outer loop
      vertex 9.34134 24.6307 -24.0376
      vertex 9.2423 24.6049 -23.7905
      vertex 9.21526 24.6013 -23.8109
    endloop
  endfacet
  facet normal 0.258546 -0.951903 0.164423
    outer loop
      vertex 9.28053 24.6206 -23.6995
      vertex 9.53268 34.0146 30.2893
      vertex 9.28053 33.9481 30.3008
    endloop
  endfacet
  facet normal 0.258546 -0.951903 0.164423
    outer loop
      vertex 9.53268 34.0146 30.2893
      vertex 9.28053 24.6206 -23.6995
      vertex 9.53268 24.6871 -23.711
    endloop
  endfacet
  facet normal 0.866009 -0.492732 0.0851099
    outer loop
      vertex 9.94335 34.3251 30.2357
      vertex 10.0739 25.2204 -23.8031
      vertex 10.0739 34.5479 30.1972
    endloop
  endfacet
  facet normal 0.865898 -0.492921 0.0851415
    outer loop
      vertex 10.0739 25.2204 -23.8031
      vertex 9.94335 34.3251 30.2357
      vertex 9.94335 24.9977 -23.7647
    endloop
  endfacet
  facet normal 0.707107 -0.696788 0.120355
    outer loop
      vertex 9.75876 34.1432 30.2671
      vertex 9.94335 24.9977 -23.7647
      vertex 9.94335 34.3251 30.2357
    endloop
  endfacet
  facet normal 0.70714 -0.696756 0.12035
    outer loop
      vertex 9.94335 24.9977 -23.7647
      vertex 9.75876 34.1432 30.2671
      vertex 9.75876 24.8158 -23.7332
    endloop
  endfacet
  facet normal 0.860403 -0.470279 0.196325
    outer loop
      vertex 9.94335 34.3251 30.2357
      vertex 10.0424 34.5886 30.4328
      vertex 9.91632 34.3601 30.438
    endloop
  endfacet
  facet normal 0.801761 -0.433016 0.411918
    outer loop
      vertex 9.91632 34.3601 30.438
      vertex 10.0424 34.5886 30.4328
      vertex 9.9501 34.6266 30.6524
    endloop
  endfacet
  facet normal 0.958263 0.274258 0.0807084
    outer loop
      vertex 10.1414 36.4332 29.8716
      vertex 10.0739 36.6817 29.8286
      vertex 10.0424 36.7224 30.0643
    endloop
  endfacet
  facet normal 0.498839 -0.840322 0.212174
    outer loop
      vertex 9.75876 34.1432 30.2671
      vertex 9.73802 34.1701 30.4224
      vertex 9.51964 34.0315 30.3869
    endloop
  endfacet
  facet normal 0.159029 -0.916141 0.367961
    outer loop
      vertex 9.2423 33.9638 30.3918
      vertex 9.4206 34.0607 30.556
      vertex 9.34134 34.071 30.6159
    endloop
  endfacet
  facet normal 0.95826 -0.231276 0.168074
    outer loop
      vertex 10.1414 34.7964 30.1543
      vertex 10.0424 34.5886 30.4328
      vertex 10.0739 34.5479 30.1972
    endloop
  endfacet
  facet normal 0.958221 -0.23165 0.167781
    outer loop
      vertex 10.1414 34.7964 30.1543
      vertex 10.1077 34.8401 30.4071
      vertex 10.0424 34.5886 30.4328
    endloop
  endfacet
  facet normal 0.126273 0.415959 0.900574
    outer loop
      vertex 9.38912 36.8336 30.708
      vertex 9.15 36.602 30.8485
      vertex 9.4066 36.5962 30.8152
    endloop
  endfacet
  facet normal -0.158336 0.986576 0.0399719
    outer loop
      vertex -11.2423 37.2973 29.816
      vertex -11.4206 37.2611 30.0032
      vertex -11.3413 37.2714 30.0631
    endloop
  endfacet
  facet normal 0.192627 0.930653 0.311096
    outer loop
      vertex 9.34134 37.2714 30.0631
      vertex 9.24905 37.2779 30.1008
      vertex 9.45438 37.1761 30.2782
    endloop
  endfacet
  facet normal 0.382646 0.157297 0.910407
    outer loop
      vertex 9.4066 34.9594 31.098
      vertex 9.64572 36.5794 30.7176
      vertex 9.4066 36.5962 30.8152
    endloop
  endfacet
  facet normal 0.382646 0.157297 0.910407
    outer loop
      vertex 9.64572 36.5794 30.7176
      vertex 9.4066 34.9594 31.098
      vertex 9.64572 34.9426 31.0004
    endloop
  endfacet
  facet normal -0.958221 -0.23165 0.167781
    outer loop
      vertex -12.1414 34.7964 30.1543
      vertex -12.0424 34.5886 30.4328
      vertex -12.1077 34.8401 30.4071
    endloop
  endfacet
  facet normal -0.126154 0.416072 0.900538
    outer loop
      vertex -11.3891 36.8336 30.708
      vertex -11.15 36.602 30.8485
      vertex -11.15 36.839 30.739
    endloop
  endfacet
  facet normal -0.258498 -0.951915 0.164425
    outer loop
      vertex -11.5327 34.0146 30.2893
      vertex -11.2805 24.6206 -23.6995
      vertex -11.2805 33.9481 30.3008
    endloop
  endfacet
  facet normal -0.258498 -0.951915 0.164425
    outer loop
      vertex -11.2805 24.6206 -23.6995
      vertex -11.5327 34.0146 30.2893
      vertex -11.5327 24.6871 -23.711
    endloop
  endfacet
  facet normal -0.465014 -0.884277 -0.0426117
    outer loop
      vertex -11.6772 24.764 -24.0332
      vertex -11.5196 24.6703 -23.8086
      vertex -11.738 24.789 -23.8885
    endloop
  endfacet
  facet normal -0.239955 -0.968658 0.0642091
    outer loop
      vertex -11.4814 24.6546 -23.8996
      vertex -11.263 24.6095 -23.7638
      vertex -11.2761 24.6148 -23.7328
    endloop
  endfacet
  facet normal -0.113338 -0.63591 -0.763396
    outer loop
      vertex -11.15 25.0632 -24.7135
      vertex -11.15 24.8626 -24.5464
      vertex -11.3891 25.0686 -24.6825
    endloop
  endfacet
  facet normal -0.382729 -0.157237 -0.910382
    outer loop
      vertex -11.6457 25.3228 -24.6922
      vertex -11.4066 26.9427 -25.0725
      vertex -11.4066 25.3059 -24.7898
    endloop
  endfacet
  facet normal -0.382729 -0.157237 -0.910382
    outer loop
      vertex -11.4066 26.9427 -25.0725
      vertex -11.6457 25.3228 -24.6922
      vertex -11.6457 26.9596 -24.9749
    endloop
  endfacet
  facet normal -0.793421 -0.103593 -0.599793
    outer loop
      vertex -11.8511 26.9864 -24.8196
      vertex -12.0086 25.3846 -24.3346
      vertex -12.0086 27.0214 -24.6173
    endloop
  endfacet
  facet normal -0.793421 -0.103593 -0.599793
    outer loop
      vertex -12.0086 25.3846 -24.3346
      vertex -11.8511 26.9864 -24.8196
      vertex -11.8511 25.3496 -24.5369
    endloop
  endfacet
  facet normal -0.704053 -0.709577 0.0284496
    outer loop
      vertex -11.9163 24.9627 -23.967
      vertex -11.7588 24.8158 -23.7332
      vertex -11.9434 24.9977 -23.7647
    endloop
  endfacet
  facet normal -0.688573 -0.579373 -0.436112
    outer loop
      vertex -11.8033 25.1093 -24.4469
      vertex -11.711 24.9022 -24.3175
      vertex -11.8371 24.9302 -24.1556
    endloop
  endfacet
  facet normal 0.206918 -0.978327 0.00782121
    outer loop
      vertex 9.48141 24.6546 -23.8996
      vertex 9.26304 24.6095 -23.7638
      vertex 9.2423 24.6049 -23.7905
    endloop
  endfacet
  facet normal 0.0338098 -0.995317 -0.0905594
    outer loop
      vertex 9.15 24.622 -24.0881
      vertex 9.24905 24.6242 -24.0753
      vertex 9.18378 24.5991 -23.8238
    endloop
  endfacet
  facet normal 0.801719 -0.546154 -0.242822
    outer loop
      vertex 9.9501 25.1418 -24.2583
      vertex 10.0424 25.1797 -24.0388
      vertex 9.91632 24.9627 -23.967
    endloop
  endfacet
  facet normal 0.892811 -0.316046 -0.320942
    outer loop
      vertex 10.0086 25.3846 -24.3346
      vertex 10.1077 25.4252 -24.0989
      vertex 10.0424 25.1797 -24.0388
    endloop
  endfacet
  facet normal 0.271818 -0.805384 -0.526756
    outer loop
      vertex 9.35533 24.8672 -24.5198
      vertex 9.54668 24.8807 -24.4417
      vertex 9.45438 24.726 -24.2528
    endloop
  endfacet
  facet normal 0.528418 -0.606651 -0.593927
    outer loop
      vertex 9.61194 25.0843 -24.5916
      vertex 9.80328 25.1093 -24.4469
      vertex 9.54668 24.8807 -24.4417
    endloop
  endfacet
  facet normal 0.766743 0.152733 -0.623521
    outer loop
      vertex 9.85106 26.9864 -24.8196
      vertex 9.80328 27.243 -24.8155
      vertex 10.0086 27.0214 -24.6173
    endloop
  endfacet
  facet normal 0.126208 0.0899367 -0.987918
    outer loop
      vertex 9.15 26.937 -25.1058
      vertex 9.38912 27.2023 -25.0511
      vertex 9.4066 26.9427 -25.0725
    endloop
  endfacet
  facet normal -0.271666 0.582099 -0.766393
    outer loop
      vertex -11.3553 27.4466 -24.9653
      vertex -11.5467 27.4601 -24.8872
      vertex -11.4544 27.6692 -24.7611
    endloop
  endfacet
  facet normal 0.704046 0.677971 -0.211366
    outer loop
      vertex 9.91632 27.542 -24.4125
      vertex 9.75876 27.7589 -24.2416
      vertex 9.94335 27.577 -24.2102
    endloop
  endfacet
  facet normal 0.766818 0.152928 -0.623381
    outer loop
      vertex 9.80328 27.243 -24.8155
      vertex 9.9501 27.2756 -24.6269
      vertex 10.0086 27.0214 -24.6173
    endloop
  endfacet
  facet normal 0.207421 0.924307 -0.320364
    outer loop
      vertex 9.48141 27.8549 -24.4524
      vertex 9.2423 27.9384 -24.3663
      vertex 9.26304 27.943 -24.3396
    endloop
  endfacet
  facet normal 0.332298 0.353119 -0.874577
    outer loop
      vertex 9.38912 27.2023 -25.0511
      vertex 9.35533 27.4466 -24.9653
      vertex 9.61194 27.218 -24.9601
    endloop
  endfacet
  facet normal 0.240581 0.93424 -0.263279
    outer loop
      vertex 9.48141 27.8549 -24.4524
      vertex 9.27608 27.9483 -24.3086
      vertex 9.51964 27.8707 -24.3614
    endloop
  endfacet
  facet normal 0.0985416 0.910003 -0.402721
    outer loop
      vertex 9.34134 27.8311 -24.5904
      vertex 9.18378 27.9326 -24.3996
      vertex 9.21526 27.9349 -24.3867
    endloop
  endfacet
  facet normal 0.0345579 0.907249 -0.419172
    outer loop
      vertex 9.15 27.8224 -24.6409
      vertex 9.15 27.9319 -24.4039
      vertex 9.18378 27.9326 -24.3996
    endloop
  endfacet
  facet normal 0.958222 0.274529 0.0802815
    outer loop
      vertex 10.1414 36.4332 29.8716
      vertex 10.0424 36.7224 30.0643
      vertex 10.1077 36.4769 30.1244
    endloop
  endfacet
  facet normal 0.793463 0.103584 0.599739
    outer loop
      vertex 9.85106 34.9157 30.8451
      vertex 10.0086 36.5176 30.36
      vertex 9.85106 36.5525 30.5624
    endloop
  endfacet
  facet normal 0.793322 0.103651 0.599914
    outer loop
      vertex 10.0086 36.5176 30.36
      vertex 9.85106 34.9157 30.8451
      vertex 10.0086 34.8808 30.6428
    endloop
  endfacet
  facet normal 0.258735 0.945185 -0.199203
    outer loop
      vertex 9.27608 27.9483 -24.3086
      vertex 9.28053 27.9541 -24.2753
      vertex 9.53268 27.8875 -24.2638
    endloop
  endfacet
  facet normal 0.0925634 -0.813756 -0.573788
    outer loop
      vertex 9.15 24.8626 -24.5464
      vertex 9.35533 24.8672 -24.5198
      vertex 9.15 24.7122 -24.3331
    endloop
  endfacet
  facet normal 0.801727 -0.546145 -0.242816
    outer loop
      vertex 9.9501 25.1418 -24.2583
      vertex 9.91632 24.9627 -23.967
      vertex 9.83706 24.9302 -24.1556
    endloop
  endfacet
  facet normal 0.382702 -0.157239 -0.910393
    outer loop
      vertex 9.4066 26.9427 -25.0725
      vertex 9.64572 25.3228 -24.6922
      vertex 9.4066 25.3059 -24.7898
    endloop
  endfacet
  facet normal 0.382702 -0.157239 -0.910393
    outer loop
      vertex 9.64572 25.3228 -24.6922
      vertex 9.4066 26.9427 -25.0725
      vertex 9.64572 26.9596 -24.9749
    endloop
  endfacet
  facet normal 0.0653505 -0.936416 -0.344754
    outer loop
      vertex 9.15 24.7122 -24.3331
      vertex 9.24905 24.6242 -24.0753
      vertex 9.15 24.622 -24.0881
    endloop
  endfacet
  facet normal 0.258407 -0.956955 0.132145
    outer loop
      vertex 9.27608 24.6148 -23.7328
      vertex 9.53268 24.6871 -23.711
      vertex 9.28053 24.6206 -23.6995
    endloop
  endfacet
  facet normal 0.499119 -0.862663 0.0818056
    outer loop
      vertex 9.51964 24.6703 -23.8086
      vertex 9.75876 24.8158 -23.7332
      vertex 9.53268 24.6871 -23.711
    endloop
  endfacet
  facet normal 0.860403 0.470279 -0.196325
    outer loop
      vertex 10.0424 27.3135 -24.4073
      vertex 9.91632 27.542 -24.4125
      vertex 9.94335 27.577 -24.2102
    endloop
  endfacet
  facet normal 0.528154 -0.372384 0.76314
    outer loop
      vertex 9.71098 34.4206 30.7885
      vertex 9.80328 34.6591 30.841
      vertex 9.54668 34.4421 30.9127
    endloop
  endfacet
  facet normal -0.20687 -0.924275 0.320812
    outer loop
      vertex -11.2423 33.9638 30.3918
      vertex -11.4206 34.0607 30.556
      vertex -11.4814 34.0472 30.4779
    endloop
  endfacet
  facet normal 0.704088 -0.709533 0.028681
    outer loop
      vertex 9.91632 24.9627 -23.967
      vertex 9.94335 24.9977 -23.7647
      vertex 9.75876 24.8158 -23.7332
    endloop
  endfacet
  facet normal 0.86044 -0.508839 -0.026932
    outer loop
      vertex 10.0424 25.1797 -24.0388
      vertex 9.94335 24.9977 -23.7647
      vertex 9.91632 24.9627 -23.967
    endloop
  endfacet
  facet normal 0.25841 -0.945853 0.196435
    outer loop
      vertex 9.53268 34.0146 30.2893
      vertex 9.27608 33.9538 30.3341
      vertex 9.28053 33.9481 30.3008
    endloop
  endfacet
  facet normal 0.465209 -0.818673 0.336683
    outer loop
      vertex 9.51964 34.0315 30.3869
      vertex 9.6772 34.1951 30.567
      vertex 9.48141 34.0472 30.4779
    endloop
  endfacet
  facet normal 0.766841 0.353076 0.535997
    outer loop
      vertex 10.0086 36.5176 30.36
      vertex 9.80328 36.7929 30.4724
      vertex 9.85106 36.5525 30.5624
    endloop
  endfacet
  facet normal 0.431941 0.789901 0.435298
    outer loop
      vertex 9.58046 37.1596 30.1829
      vertex 9.54668 37.0214 30.4672
      vertex 9.71098 37 30.343
    endloop
  endfacet
  facet normal 0.258517 0.957058 -0.13118
    outer loop
      vertex 9.53268 37.215 29.7365
      vertex 9.27608 37.2873 29.7583
      vertex 9.51964 37.2319 29.8341
    endloop
  endfacet
  facet normal 0.56326 0.767325 0.306514
    outer loop
      vertex 9.6772 37.1382 30.0587
      vertex 9.58046 37.1596 30.1829
      vertex 9.83706 36.972 30.181
    endloop
  endfacet
  facet normal 0.126174 -0.0899348 0.987923
    outer loop
      vertex 9.38912 34.6998 31.0766
      vertex 9.4066 34.9594 31.098
      vertex 9.15 34.9652 31.1313
    endloop
  endfacet
  facet normal 0.588121 -0.122624 0.799423
    outer loop
      vertex 9.80328 34.6591 30.841
      vertex 9.64572 34.9426 31.0004
      vertex 9.61194 34.6841 30.9856
    endloop
  endfacet
  facet normal 0.766779 -0.152739 0.623475
    outer loop
      vertex 10.0086 34.8808 30.6428
      vertex 9.85106 34.9157 30.8451
      vertex 9.80328 34.6591 30.841
    endloop
  endfacet
  facet normal 0.130599 0.168795 0.976961
    outer loop
      vertex 9.15 34.9652 31.1313
      vertex 9.4066 36.5962 30.8152
      vertex 9.15 36.602 30.8485
    endloop
  endfacet
  facet normal 0.130599 0.168795 0.976961
    outer loop
      vertex 9.4066 36.5962 30.8152
      vertex 9.15 34.9652 31.1313
      vertex 9.4066 34.9594 31.098
    endloop
  endfacet
  facet normal 0.892864 -0.190109 0.408232
    outer loop
      vertex 10.0424 34.5886 30.4328
      vertex 10.1077 34.8401 30.4071
      vertex 10.0086 34.8808 30.6428
    endloop
  endfacet
  facet normal 0.991483 0.0221662 0.12834
    outer loop
      vertex 10.1077 34.8401 30.4071
      vertex 10.1414 36.4332 29.8716
      vertex 10.1077 36.4769 30.1244
    endloop
  endfacet
  facet normal 0.991483 0.0221662 0.12834
    outer loop
      vertex 10.1414 36.4332 29.8716
      vertex 10.1077 34.8401 30.4071
      vertex 10.1414 34.7964 30.1543
    endloop
  endfacet
  facet normal -0.0318561 -0.90733 0.41921
    outer loop
      vertex -11.1838 33.9695 30.4251
      vertex -11.15 33.9703 30.4294
      vertex -11.15 34.0798 30.6664
    endloop
  endfacet
  facet normal -0.958222 0.274529 0.0802815
    outer loop
      vertex -12.1414 36.4332 29.8716
      vertex -12.1077 36.4769 30.1244
      vertex -12.0424 36.7224 30.0643
    endloop
  endfacet
  facet normal 0.563553 -0.620427 0.545416
    outer loop
      vertex 9.6772 34.1951 30.567
      vertex 9.83706 34.3927 30.6266
      vertex 9.58046 34.2165 30.6913
    endloop
  endfacet
  facet normal -0.113156 0.635984 0.763361
    outer loop
      vertex -11.3553 37.0349 30.5453
      vertex -11.3891 36.8336 30.708
      vertex -11.15 37.0395 30.5719
    endloop
  endfacet
  facet normal 0.0927506 -0.573907 0.813651
    outer loop
      vertex 9.30756 34.2433 30.8465
      vertex 9.35533 34.4556 30.9908
      vertex 9.15 34.2469 30.867
    endloop
  endfacet
  facet normal -0.991483 0.0221662 0.12834
    outer loop
      vertex -12.1414 36.4332 29.8716
      vertex -12.1077 34.8401 30.4071
      vertex -12.1077 36.4769 30.1244
    endloop
  endfacet
  facet normal -0.991483 0.0221662 0.12834
    outer loop
      vertex -12.1077 34.8401 30.4071
      vertex -12.1414 36.4332 29.8716
      vertex -12.1414 34.7964 30.1543
    endloop
  endfacet
  facet normal 0.432342 0.789707 0.435251
    outer loop
      vertex 9.58046 37.1596 30.1829
      vertex 9.45438 37.1761 30.2782
      vertex 9.54668 37.0214 30.4672
    endloop
  endfacet
  facet normal 0.306495 0.919456 0.246295
    outer loop
      vertex 9.34134 37.2714 30.0631
      vertex 9.45438 37.1761 30.2782
      vertex 9.58046 37.1596 30.1829
    endloop
  endfacet
  facet normal -0.465014 0.884277 0.0426117
    outer loop
      vertex -11.5196 37.2319 29.8341
      vertex -11.738 37.1132 29.914
      vertex -11.6772 37.1382 30.0587
    endloop
  endfacet
  facet normal 0.369709 0.404784 0.836341
    outer loop
      vertex 9.61194 36.8179 30.6171
      vertex 9.38912 36.8336 30.708
      vertex 9.64572 36.5794 30.7176
    endloop
  endfacet
  facet normal 0.158382 0.98657 0.0399274
    outer loop
      vertex 9.2423 37.2973 29.816
      vertex 9.34134 37.2714 30.0631
      vertex 9.4206 37.2611 30.0032
    endloop
  endfacet
  facet normal 0.126144 0.416072 0.90054
    outer loop
      vertex 9.38912 36.8336 30.708
      vertex 9.15 36.839 30.739
      vertex 9.15 36.602 30.8485
    endloop
  endfacet
  facet normal -0.656178 0.740006 0.147719
    outer loop
      vertex -11.9163 36.9394 29.9925
      vertex -11.8371 36.972 30.181
      vertex -11.6772 37.1382 30.0587
    endloop
  endfacet
  facet normal -0.258691 0.957218 -0.129667
    outer loop
      vertex -11.2805 37.2816 29.725
      vertex -11.5327 37.215 29.7365
      vertex -11.2761 37.2873 29.7583
    endloop
  endfacet
  facet normal -0.860512 0.508706 0.0271607
    outer loop
      vertex -11.9434 36.9045 29.7902
      vertex -12.0739 36.6817 29.8286
      vertex -12.0424 36.7224 30.0643
    endloop
  endfacet
  facet normal -1 0 0
    outer loop
      vertex -12.1414 27.1057 -24.1288
      vertex -12.1414 34.7964 30.1543
      vertex -12.1414 36.4332 29.8716
    endloop
  endfacet
  facet normal -1 0 0
    outer loop
      vertex -12.1414 34.7964 30.1543
      vertex -12.1414 27.1057 -24.1288
      vertex -12.1414 25.4689 -23.8461
    endloop
  endfacet
  facet normal -0.866092 -0.492591 0.0850854
    outer loop
      vertex -12.0739 25.2204 -23.8031
      vertex -11.9434 34.3251 30.2357
      vertex -12.0739 34.5479 30.1972
    endloop
  endfacet
  facet normal -0.865981 -0.49278 0.085117
    outer loop
      vertex -11.9434 34.3251 30.2357
      vertex -12.0739 25.2204 -23.8031
      vertex -11.9434 24.9977 -23.7647
    endloop
  endfacet
  facet normal -0.965993 -0.254795 0.0440107
    outer loop
      vertex -12.1414 25.4689 -23.8461
      vertex -12.0739 34.5479 30.1972
      vertex -12.1414 34.7964 30.1543
    endloop
  endfacet
  facet normal -0.965997 -0.254779 0.044008
    outer loop
      vertex -12.0739 34.5479 30.1972
      vertex -12.1414 25.4689 -23.8461
      vertex -12.0739 25.2204 -23.8031
    endloop
  endfacet
  facet normal -0.258362 -0.956914 0.132532
    outer loop
      vertex -11.2761 24.6148 -23.7328
      vertex -11.2805 24.6206 -23.6995
      vertex -11.5327 24.6871 -23.711
    endloop
  endfacet
  facet normal -0.92379 -0.0651864 -0.377311
    outer loop
      vertex -12.0086 27.0214 -24.6173
      vertex -12.1077 25.4252 -24.0989
      vertex -12.1077 27.0621 -24.3817
    endloop
  endfacet
  facet normal -0.923836 -0.0651489 -0.377204
    outer loop
      vertex -12.1077 25.4252 -24.0989
      vertex -12.0086 27.0214 -24.6173
      vertex -12.0086 25.3846 -24.3346
    endloop
  endfacet
  facet normal -0.608729 -0.135029 -0.781803
    outer loop
      vertex -11.8511 25.3496 -24.5369
      vertex -11.6457 26.9596 -24.9749
      vertex -11.6457 25.3228 -24.6922
    endloop
  endfacet
  facet normal -0.608729 -0.135029 -0.781803
    outer loop
      vertex -11.6457 26.9596 -24.9749
      vertex -11.8511 25.3496 -24.5369
      vertex -11.8511 26.9864 -24.8196
    endloop
  endfacet
  facet normal 0 0.0907775 -0.995871
    outer loop
      vertex -11.15 26.937 -25.1058
      vertex 9.15 27.197 -25.0821
      vertex 9.15 26.937 -25.1058
    endloop
  endfacet
  facet normal 0 0.0907775 -0.995871
    outer loop
      vertex 9.15 27.197 -25.0821
      vertex -11.15 26.937 -25.1058
      vertex -11.15 27.197 -25.0821
    endloop
  endfacet
  facet normal -0.86036 -0.50896 -0.0271981
    outer loop
      vertex -12.0424 25.1797 -24.0388
      vertex -11.9163 24.9627 -23.967
      vertex -11.9434 24.9977 -23.7647
    endloop
  endfacet
  facet normal -0.332092 -0.625895 -0.70567
    outer loop
      vertex -11.6119 25.0843 -24.5916
      vertex -11.3553 24.8672 -24.5198
      vertex -11.5467 24.8807 -24.4417
    endloop
  endfacet
  facet normal -0.11357 0.343172 -0.932381
    outer loop
      vertex -11.3891 27.2023 -25.0511
      vertex -11.3553 27.4466 -24.9653
      vertex -11.15 27.442 -24.992
    endloop
  endfacet
  facet normal -0.707121 0.696775 -0.120354
    outer loop
      vertex -11.7588 27.7589 -24.2416
      vertex -11.9434 36.9045 29.7902
      vertex -11.7588 37.0864 29.7587
    endloop
  endfacet
  facet normal -0.707088 0.696807 -0.12036
    outer loop
      vertex -11.9434 36.9045 29.7902
      vertex -11.7588 27.7589 -24.2416
      vertex -11.9434 27.577 -24.2102
    endloop
  endfacet
  facet normal -0.866075 0.492618 -0.0850901
    outer loop
      vertex -11.9434 27.577 -24.2102
      vertex -12.0739 36.6817 29.8286
      vertex -11.9434 36.9045 29.7902
    endloop
  endfacet
  facet normal -0.866092 0.492591 -0.0850854
    outer loop
      vertex -12.0739 36.6817 29.8286
      vertex -11.9434 27.577 -24.2102
      vertex -12.0739 27.3542 -24.1717
    endloop
  endfacet
  facet normal 0.032128 -0.995392 -0.0903509
    outer loop
      vertex 9.15 24.622 -24.0881
      vertex 9.18378 24.5991 -23.8238
      vertex 9.15 24.5984 -23.8281
    endloop
  endfacet
  facet normal 0 -0.995906 -0.0903976
    outer loop
      vertex -11.15 24.622 -24.0881
      vertex 9.15 24.5984 -23.8281
      vertex -11.15 24.5984 -23.8281
    endloop
  endfacet
  facet normal 0 -0.995906 -0.0903976
    outer loop
      vertex 9.15 24.5984 -23.8281
      vertex -11.15 24.622 -24.0881
      vertex 9.15 24.622 -24.0881
    endloop
  endfacet
  facet normal 0.76677 -0.353213 -0.536008
    outer loop
      vertex 9.85106 25.3496 -24.5369
      vertex 10.0086 25.3846 -24.3346
      vertex 9.80328 25.1093 -24.4469
    endloop
  endfacet
  facet normal 0.793347 -0.10361 -0.599889
    outer loop
      vertex 10.0086 25.3846 -24.3346
      vertex 9.85106 26.9864 -24.8196
      vertex 10.0086 27.0214 -24.6173
    endloop
  endfacet
  facet normal 0.793347 -0.10361 -0.599889
    outer loop
      vertex 9.85106 26.9864 -24.8196
      vertex 10.0086 25.3846 -24.3346
      vertex 9.85106 25.3496 -24.5369
    endloop
  endfacet
  facet normal -0.13016 -0.168805 -0.977017
    outer loop
      vertex -11.4066 25.3059 -24.7898
      vertex -11.15 26.937 -25.1058
      vertex -11.15 25.3002 -24.823
    endloop
  endfacet
  facet normal -0.130535 -0.168739 -0.976979
    outer loop
      vertex -11.15 26.937 -25.1058
      vertex -11.4066 25.3059 -24.7898
      vertex -11.4066 26.9427 -25.0725
    endloop
  endfacet
  facet normal -0.125752 -0.416423 -0.900433
    outer loop
      vertex -11.15 25.3002 -24.823
      vertex -11.3891 25.0686 -24.6825
      vertex -11.4066 25.3059 -24.7898
    endloop
  endfacet
  facet normal 0.528161 0.37219 -0.76323
    outer loop
      vertex 9.61194 27.218 -24.9601
      vertex 9.54668 27.4601 -24.8872
      vertex 9.80328 27.243 -24.8155
    endloop
  endfacet
  facet normal 0.432345 0.597921 -0.674958
    outer loop
      vertex 9.54668 27.4601 -24.8872
      vertex 9.58046 27.6856 -24.6658
      vertex 9.71098 27.4815 -24.763
    endloop
  endfacet
  facet normal -0.498819 0.840473 -0.211624
    outer loop
      vertex -11.5196 27.8707 -24.3614
      vertex -11.7588 27.7589 -24.2416
      vertex -11.5327 27.8875 -24.2638
    endloop
  endfacet
  facet normal 0.865993 0.49276 -0.0851145
    outer loop
      vertex 10.0739 36.6817 29.8286
      vertex 9.94335 27.577 -24.2102
      vertex 9.94335 36.9045 29.7902
    endloop
  endfacet
  facet normal 0.866009 0.492732 -0.0851099
    outer loop
      vertex 9.94335 27.577 -24.2102
      vertex 10.0739 36.6817 29.8286
      vertex 10.0739 27.3542 -24.1717
    endloop
  endfacet
  facet normal 0.70714 0.696756 -0.120351
    outer loop
      vertex 9.94335 36.9045 29.7902
      vertex 9.75876 27.7589 -24.2416
      vertex 9.75876 37.0864 29.7587
    endloop
  endfacet
  facet normal 0.707107 0.696788 -0.120356
    outer loop
      vertex 9.75876 27.7589 -24.2416
      vertex 9.94335 36.9045 29.7902
      vertex 9.94335 27.577 -24.2102
    endloop
  endfacet
  facet normal 0.656254 0.647332 -0.387676
    outer loop
      vertex 9.6772 27.7071 -24.5416
      vertex 9.73802 27.7321 -24.3969
      vertex 9.91632 27.542 -24.4125
    endloop
  endfacet
  facet normal 0.704255 0.677858 -0.211029
    outer loop
      vertex 9.91632 27.542 -24.4125
      vertex 9.73802 27.7321 -24.3969
      vertex 9.75876 27.7589 -24.2416
    endloop
  endfacet
  facet normal 0.0999771 0.9103 -0.401693
    outer loop
      vertex 9.24905 27.8246 -24.6281
      vertex 9.18378 27.9326 -24.3996
      vertex 9.34134 27.8311 -24.5904
    endloop
  endfacet
  facet normal 0.207509 0.924356 -0.320166
    outer loop
      vertex 9.4206 27.8415 -24.5305
      vertex 9.2423 27.9384 -24.3663
      vertex 9.48141 27.8549 -24.4524
    endloop
  endfacet
  facet normal 0.399086 0.903693 0.155142
    outer loop
      vertex 9.48141 37.2476 29.9251
      vertex 9.58046 37.1596 30.1829
      vertex 9.6772 37.1382 30.0587
    endloop
  endfacet
  facet normal 0.704065 0.70957 -0.0283396
    outer loop
      vertex 9.94335 36.9045 29.7902
      vertex 9.75876 37.0864 29.7587
      vertex 9.91632 36.9394 29.9925
    endloop
  endfacet
  facet normal 0.92379 0.0651902 0.37731
    outer loop
      vertex 10.0086 34.8808 30.6428
      vertex 10.1077 36.4769 30.1244
      vertex 10.0086 36.5176 30.36
    endloop
  endfacet
  facet normal 0.923845 0.0651449 0.377181
    outer loop
      vertex 10.1077 36.4769 30.1244
      vertex 10.0086 34.8808 30.6428
      vertex 10.1077 34.8401 30.4071
    endloop
  endfacet
  facet normal 0.892858 -0.315965 -0.320892
    outer loop
      vertex 10.0086 25.3846 -24.3346
      vertex 10.0424 25.1797 -24.0388
      vertex 9.9501 25.1418 -24.2583
    endloop
  endfacet
  facet normal 0.766759 -0.353192 -0.536038
    outer loop
      vertex 9.80328 25.1093 -24.4469
      vertex 10.0086 25.3846 -24.3346
      vertex 9.9501 25.1418 -24.2583
    endloop
  endfacet
  facet normal 0.399304 -0.903673 -0.1547
    outer loop
      vertex 9.58046 24.7425 -24.1574
      vertex 9.48141 24.6546 -23.8996
      vertex 9.4206 24.6411 -23.9777
    endloop
  endfacet
  facet normal 0.655976 -0.740161 -0.14784
    outer loop
      vertex 9.6772 24.764 -24.0332
      vertex 9.91632 24.9627 -23.967
      vertex 9.73802 24.789 -23.8885
    endloop
  endfacet
  facet normal 0.125752 -0.416414 -0.900437
    outer loop
      vertex 9.15 25.3002 -24.823
      vertex 9.4066 25.3059 -24.7898
      vertex 9.38912 25.0686 -24.6825
    endloop
  endfacet
  facet normal 0.432641 -0.789562 -0.435217
    outer loop
      vertex 9.54668 24.8807 -24.4417
      vertex 9.58046 24.7425 -24.1574
      vertex 9.45438 24.726 -24.2528
    endloop
  endfacet
  facet normal 0.0654415 -0.936398 -0.344783
    outer loop
      vertex 9.15 24.7122 -24.3331
      vertex 9.30756 24.7157 -24.3127
      vertex 9.24905 24.6242 -24.0753
    endloop
  endfacet
  facet normal 0.563457 -0.767353 -0.306083
    outer loop
      vertex 9.71098 24.9022 -24.3175
      vertex 9.83706 24.9302 -24.1556
      vertex 9.58046 24.7425 -24.1574
    endloop
  endfacet
  facet normal 0.688615 -0.579361 -0.436062
    outer loop
      vertex 9.80328 25.1093 -24.4469
      vertex 9.83706 24.9302 -24.1556
      vertex 9.71098 24.9022 -24.3175
    endloop
  endfacet
  facet normal 0.89275 0.190301 -0.40839
    outer loop
      vertex 10.0086 27.0214 -24.6173
      vertex 10.0424 27.3135 -24.4073
      vertex 10.1077 27.0621 -24.3817
    endloop
  endfacet
  facet normal 0.958204 0.231817 -0.16765
    outer loop
      vertex 10.1077 27.0621 -24.3817
      vertex 10.0424 27.3135 -24.4073
      vertex 10.1414 27.1057 -24.1288
    endloop
  endfacet
  facet normal 0.36987 -0.101039 0.923573
    outer loop
      vertex 9.64572 34.9426 31.0004
      vertex 9.4066 34.9594 31.098
      vertex 9.38912 34.6998 31.0766
    endloop
  endfacet
  facet normal 0.588438 -0.12234 0.799233
    outer loop
      vertex 9.80328 34.6591 30.841
      vertex 9.85106 34.9157 30.8451
      vertex 9.64572 34.9426 31.0004
    endloop
  endfacet
  facet normal 0.704046 -0.677971 0.211366
    outer loop
      vertex 9.94335 34.3251 30.2357
      vertex 9.91632 34.3601 30.438
      vertex 9.75876 34.1432 30.2671
    endloop
  endfacet
  facet normal 0.498834 -0.84033 0.212155
    outer loop
      vertex 9.75876 34.1432 30.2671
      vertex 9.51964 34.0315 30.3869
      vertex 9.53268 34.0146 30.2893
    endloop
  endfacet
  facet normal 0.655996 -0.740081 -0.148153
    outer loop
      vertex 9.83706 24.9302 -24.1556
      vertex 9.91632 24.9627 -23.967
      vertex 9.6772 24.764 -24.0332
    endloop
  endfacet
  facet normal 0.703926 -0.709703 0.0284651
    outer loop
      vertex 9.91632 24.9627 -23.967
      vertex 9.75876 24.8158 -23.7332
      vertex 9.73802 24.789 -23.8885
    endloop
  endfacet
  facet normal 0.0999771 -0.9103 0.401693
    outer loop
      vertex 9.18378 33.9695 30.4251
      vertex 9.34134 34.071 30.6159
      vertex 9.24905 34.0775 30.6536
    endloop
  endfacet
  facet normal 0.272275 0.805283 0.526675
    outer loop
      vertex 9.45438 37.1761 30.2782
      vertex 9.30756 37.1865 30.3382
      vertex 9.35533 37.0349 30.5453
    endloop
  endfacet
  facet normal 0.0924121 0.813499 0.574177
    outer loop
      vertex 9.30756 37.1865 30.3382
      vertex 9.15 37.19 30.3586
      vertex 9.35533 37.0349 30.5453
    endloop
  endfacet
  facet normal 0.563389 0.767509 0.305814
    outer loop
      vertex 9.83706 36.972 30.181
      vertex 9.58046 37.1596 30.1829
      vertex 9.71098 37 30.343
    endloop
  endfacet
  facet normal 0.588321 0.383458 0.711926
    outer loop
      vertex 9.80328 36.7929 30.4724
      vertex 9.64572 36.5794 30.7176
      vertex 9.85106 36.5525 30.5624
    endloop
  endfacet
  facet normal 0.499927 0.853429 -0.147413
    outer loop
      vertex 9.75876 27.7589 -24.2416
      vertex 9.53268 37.215 29.7365
      vertex 9.75876 37.0864 29.7587
    endloop
  endfacet
  facet normal 0.499927 0.853429 -0.147413
    outer loop
      vertex 9.53268 37.215 29.7365
      vertex 9.75876 27.7589 -24.2416
      vertex 9.53268 27.8875 -24.2638
    endloop
  endfacet
  facet normal 0.206918 0.978327 -0.00782121
    outer loop
      vertex 9.26304 37.2927 29.7893
      vertex 9.2423 37.2973 29.816
      vertex 9.48141 37.2476 29.9251
    endloop
  endfacet
  facet normal 0.306484 -0.783675 0.540297
    outer loop
      vertex 9.4206 34.0607 30.556
      vertex 9.58046 34.2165 30.6913
      vertex 9.34134 34.071 30.6159
    endloop
  endfacet
  facet normal 0.608642 0.135087 0.781861
    outer loop
      vertex 9.64572 34.9426 31.0004
      vertex 9.85106 36.5525 30.5624
      vertex 9.64572 36.5794 30.7176
    endloop
  endfacet
  facet normal 0.608882 0.135009 0.781687
    outer loop
      vertex 9.85106 36.5525 30.5624
      vertex 9.64572 34.9426 31.0004
      vertex 9.85106 34.9157 30.8451
    endloop
  endfacet
  facet normal -0.399131 -0.799481 0.448914
    outer loop
      vertex -11.4814 34.0472 30.4779
      vertex -11.4206 34.0607 30.556
      vertex -11.5805 34.2165 30.6913
    endloop
  endfacet
  facet normal -0.0655953 -0.766498 0.638888
    outer loop
      vertex -11.249 34.0775 30.6536
      vertex -11.15 34.2469 30.867
      vertex -11.3076 34.2433 30.8465
    endloop
  endfacet
  facet normal -0.271881 -0.582002 0.766391
    outer loop
      vertex -11.4544 34.233 30.7866
      vertex -11.3076 34.2433 30.8465
      vertex -11.3553 34.4556 30.9908
    endloop
  endfacet
  facet normal -0.158983 -0.916131 0.368005
    outer loop
      vertex -11.2423 33.9638 30.3918
      vertex -11.3413 34.071 30.6159
      vertex -11.4206 34.0607 30.556
    endloop
  endfacet
  facet normal -0.499894 -0.853448 0.147417
    outer loop
      vertex -11.7588 34.1432 30.2671
      vertex -11.5327 24.6871 -23.711
      vertex -11.5327 34.0146 30.2893
    endloop
  endfacet
  facet normal -0.500177 -0.853288 0.147387
    outer loop
      vertex -11.5327 24.6871 -23.711
      vertex -11.7588 34.1432 30.2671
      vertex -11.7588 24.8158 -23.7332
    endloop
  endfacet
  facet normal -0.65604 -0.647481 0.387789
    outer loop
      vertex -11.738 34.1701 30.4224
      vertex -11.6772 34.1951 30.567
      vertex -11.9163 34.3601 30.438
    endloop
  endfacet
  facet normal -0.464821 -0.818763 0.337
    outer loop
      vertex -11.5196 34.0315 30.3869
      vertex -11.6772 34.1951 30.567
      vertex -11.738 34.1701 30.4224
    endloop
  endfacet
  facet normal -0.766899 0.353106 0.535894
    outer loop
      vertex -11.9501 36.7603 30.2838
      vertex -12.0086 36.5176 30.36
      vertex -11.8033 36.7929 30.4724
    endloop
  endfacet
  facet normal -0.958263 0.274258 0.0807084
    outer loop
      vertex -12.0739 36.6817 29.8286
      vertex -12.1414 36.4332 29.8716
      vertex -12.0424 36.7224 30.0643
    endloop
  endfacet
  facet normal -0.563378 0.767492 0.305877
    outer loop
      vertex -11.8371 36.972 30.181
      vertex -11.711 37 30.343
      vertex -11.5805 37.1596 30.1829
    endloop
  endfacet
  facet normal -0.432038 -0.597886 0.675185
    outer loop
      vertex -11.5805 34.2165 30.6913
      vertex -11.4544 34.233 30.7866
      vertex -11.5467 34.4421 30.9127
    endloop
  endfacet
  facet normal -0.113562 -0.343296 0.932337
    outer loop
      vertex -11.3553 34.4556 30.9908
      vertex -11.15 34.4602 31.0175
      vertex -11.3891 34.6998 31.0766
    endloop
  endfacet
  facet normal 0.206975 0.978314 -0.00795241
    outer loop
      vertex 9.2423 37.2973 29.816
      vertex 9.4206 37.2611 30.0032
      vertex 9.48141 37.2476 29.9251
    endloop
  endfacet
  facet normal 0 0.995871 0.0907775
    outer loop
      vertex 9.15 37.3038 29.8536
      vertex -11.15 37.2801 30.1136
      vertex 9.15 37.2801 30.1136
    endloop
  endfacet
  facet normal 0 0.995871 0.0907775
    outer loop
      vertex -11.15 37.2801 30.1136
      vertex 9.15 37.3038 29.8536
      vertex -11.15 37.3038 29.8536
    endloop
  endfacet
  facet normal 0.271763 0.805503 0.526601
    outer loop
      vertex 9.45438 37.1761 30.2782
      vertex 9.35533 37.0349 30.5453
      vertex 9.54668 37.0214 30.4672
    endloop
  endfacet
  facet normal 0.0994265 0.992334 0.0733963
    outer loop
      vertex 9.21526 37.3008 29.8364
      vertex 9.18378 37.303 29.8493
      vertex 9.34134 37.2714 30.0631
    endloop
  endfacet
  facet normal -0.432296 0.789716 0.435281
    outer loop
      vertex -11.5805 37.1596 30.1829
      vertex -11.5467 37.0214 30.4672
      vertex -11.4544 37.1761 30.2782
    endloop
  endfacet
  facet normal -0.0350979 0.995258 0.0907216
    outer loop
      vertex -11.1838 37.303 29.8493
      vertex -11.15 37.2801 30.1136
      vertex -11.15 37.3038 29.8536
    endloop
  endfacet
  facet normal -0.306012 0.919422 0.247023
    outer loop
      vertex -11.4206 37.2611 30.0032
      vertex -11.5805 37.1596 30.1829
      vertex -11.3413 37.2714 30.0631
    endloop
  endfacet
  facet normal 0.11314 0.63598 0.763367
    outer loop
      vertex 9.35533 37.0349 30.5453
      vertex 9.15 37.0395 30.5719
      vertex 9.38912 36.8336 30.708
    endloop
  endfacet
  facet normal 0.113313 0.636099 0.763242
    outer loop
      vertex 9.15 37.0395 30.5719
      vertex 9.15 36.839 30.739
      vertex 9.38912 36.8336 30.708
    endloop
  endfacet
  facet normal 0.0925921 0.813575 0.574041
    outer loop
      vertex 9.15 37.19 30.3586
      vertex 9.15 37.0395 30.5719
      vertex 9.35533 37.0349 30.5453
    endloop
  endfacet
  facet normal 0.588449 0.383325 0.711892
    outer loop
      vertex 9.80328 36.7929 30.4724
      vertex 9.61194 36.8179 30.6171
      vertex 9.64572 36.5794 30.7176
    endloop
  endfacet
  facet normal -0.49882 0.862776 -0.0824423
    outer loop
      vertex -11.5327 37.215 29.7365
      vertex -11.7588 37.0864 29.7587
      vertex -11.5196 37.2319 29.8341
    endloop
  endfacet
  facet normal -0.241365 0.968143 -0.0666482
    outer loop
      vertex -11.2761 37.2873 29.7583
      vertex -11.4814 37.2476 29.9251
      vertex -11.263 37.2927 29.7893
    endloop
  endfacet
  facet normal -0.499076 -0.862716 0.0815136
    outer loop
      vertex -11.5196 24.6703 -23.8086
      vertex -11.5327 24.6871 -23.711
      vertex -11.7588 24.8158 -23.7332
    endloop
  endfacet
  facet normal -0.528391 -0.606622 -0.59398
    outer loop
      vertex -11.5467 24.8807 -24.4417
      vertex -11.711 24.9022 -24.3175
      vertex -11.8033 25.1093 -24.4469
    endloop
  endfacet
  facet normal -0.892858 -0.315965 -0.320892
    outer loop
      vertex -12.0086 25.3846 -24.3346
      vertex -11.9501 25.1418 -24.2583
      vertex -12.0424 25.1797 -24.0388
    endloop
  endfacet
  facet normal -0.588283 -0.383636 -0.711862
    outer loop
      vertex -11.6457 25.3228 -24.6922
      vertex -11.6119 25.0843 -24.5916
      vertex -11.8033 25.1093 -24.4469
    endloop
  endfacet
  facet normal -0.860324 0.470304 -0.196616
    outer loop
      vertex -12.0424 27.3135 -24.4073
      vertex -11.9434 27.577 -24.2102
      vertex -11.9163 27.542 -24.4125
    endloop
  endfacet
  facet normal -0.965997 0.254779 -0.044008
    outer loop
      vertex -12.0739 27.3542 -24.1717
      vertex -12.1414 36.4332 29.8716
      vertex -12.0739 36.6817 29.8286
    endloop
  endfacet
  facet normal -0.965993 0.254795 -0.0440107
    outer loop
      vertex -12.1414 36.4332 29.8716
      vertex -12.0739 27.3542 -24.1717
      vertex -12.1414 27.1057 -24.1288
    endloop
  endfacet
  facet normal 0 -0.817265 -0.576262
    outer loop
      vertex -11.15 24.8626 -24.5464
      vertex 9.15 24.7122 -24.3331
      vertex -11.15 24.7122 -24.3331
    endloop
  endfacet
  facet normal 0 -0.817265 -0.576262
    outer loop
      vertex 9.15 24.7122 -24.3331
      vertex -11.15 24.8626 -24.5464
      vertex 9.15 24.8626 -24.5464
    endloop
  endfacet
  facet normal -0.192296 -0.930673 -0.311239
    outer loop
      vertex -11.3076 24.7157 -24.3127
      vertex -11.249 24.6242 -24.0753
      vertex -11.4544 24.726 -24.2528
    endloop
  endfacet
  facet normal -0.498925 -0.862751 0.0820611
    outer loop
      vertex -11.738 24.789 -23.8885
      vertex -11.5196 24.6703 -23.8086
      vertex -11.7588 24.8158 -23.7332
    endloop
  endfacet
  facet normal -0.113172 -0.635795 -0.763516
    outer loop
      vertex -11.3891 25.0686 -24.6825
      vertex -11.15 24.8626 -24.5464
      vertex -11.3553 24.8672 -24.5198
    endloop
  endfacet
  facet normal -0.332035 -0.62585 -0.705737
    outer loop
      vertex -11.3891 25.0686 -24.6825
      vertex -11.3553 24.8672 -24.5198
      vertex -11.6119 25.0843 -24.5916
    endloop
  endfacet
  facet normal -0.766804 0.152803 -0.623429
    outer loop
      vertex -11.8511 26.9864 -24.8196
      vertex -12.0086 27.0214 -24.6173
      vertex -11.8033 27.243 -24.8155
    endloop
  endfacet
  facet normal -0.766831 -0.353247 -0.535898
    outer loop
      vertex -11.8511 25.3496 -24.5369
      vertex -11.8033 25.1093 -24.4469
      vertex -12.0086 25.3846 -24.3346
    endloop
  endfacet
  facet normal -0.369703 -0.405101 -0.83619
    outer loop
      vertex -11.3891 25.0686 -24.6825
      vertex -11.6119 25.0843 -24.5916
      vertex -11.6457 25.3228 -24.6922
    endloop
  endfacet
  facet normal -0.126091 0.090053 -0.987923
    outer loop
      vertex -11.15 26.937 -25.1058
      vertex -11.3891 27.2023 -25.0511
      vertex -11.15 27.197 -25.0821
    endloop
  endfacet
  facet normal -0.587989 0.122704 -0.799507
    outer loop
      vertex -11.6457 26.9596 -24.9749
      vertex -11.8033 27.243 -24.8155
      vertex -11.6119 27.218 -24.9601
    endloop
  endfacet
  facet normal -0.499894 0.853448 -0.147417
    outer loop
      vertex -11.5327 37.215 29.7365
      vertex -11.7588 27.7589 -24.2416
      vertex -11.7588 37.0864 29.7587
    endloop
  endfacet
  facet normal -0.499894 0.853448 -0.147417
    outer loop
      vertex -11.7588 27.7589 -24.2416
      vertex -11.5327 37.215 29.7365
      vertex -11.5327 27.8875 -24.2638
    endloop
  endfacet
  facet normal -0.704203 0.677831 -0.21129
    outer loop
      vertex -11.9163 27.542 -24.4125
      vertex -11.7588 27.7589 -24.2416
      vertex -11.738 27.7321 -24.3969
    endloop
  endfacet
  facet normal 0.370019 0.101265 -0.923489
    outer loop
      vertex 9.38912 27.2023 -25.0511
      vertex 9.61194 27.218 -24.9601
      vertex 9.64572 26.9596 -24.9749
    endloop
  endfacet
  facet normal 0.563293 0.620212 -0.545929
    outer loop
      vertex 9.71098 27.4815 -24.763
      vertex 9.58046 27.6856 -24.6658
      vertex 9.83706 27.5095 -24.6011
    endloop
  endfacet
  facet normal 0.588113 0.12267 -0.799422
    outer loop
      vertex 9.64572 26.9596 -24.9749
      vertex 9.61194 27.218 -24.9601
      vertex 9.80328 27.243 -24.8155
    endloop
  endfacet
  facet normal 0.588476 0.122346 -0.799205
    outer loop
      vertex 9.64572 26.9596 -24.9749
      vertex 9.80328 27.243 -24.8155
      vertex 9.85106 26.9864 -24.8196
    endloop
  endfacet
  facet normal 0.0655033 0.766697 -0.638659
    outer loop
      vertex 9.15 27.6553 -24.8415
      vertex 9.15 27.8224 -24.6409
      vertex 9.24905 27.8246 -24.6281
    endloop
  endfacet
  facet normal 0.332122 0.352919 -0.874725
    outer loop
      vertex 9.61194 27.218 -24.9601
      vertex 9.35533 27.4466 -24.9653
      vertex 9.54668 27.4601 -24.8872
    endloop
  endfacet
  facet normal -0.0660671 0.766544 -0.638784
    outer loop
      vertex -11.15 27.6553 -24.8415
      vertex -11.3076 27.6588 -24.821
      vertex -11.249 27.8246 -24.6281
    endloop
  endfacet
  facet normal 0.464895 0.818777 -0.336865
    outer loop
      vertex 9.6772 27.7071 -24.5416
      vertex 9.51964 27.8707 -24.3614
      vertex 9.73802 27.7321 -24.3969
    endloop
  endfacet
  facet normal 0.49896 0.840381 -0.211659
    outer loop
      vertex 9.73802 27.7321 -24.3969
      vertex 9.51964 27.8707 -24.3614
      vertex 9.75876 27.7589 -24.2416
    endloop
  endfacet
  facet normal 0.0340095 0.907295 -0.419116
    outer loop
      vertex 9.15 27.8224 -24.6409
      vertex 9.18378 27.9326 -24.3996
      vertex 9.24905 27.8246 -24.6281
    endloop
  endfacet
  facet normal 0.563261 0.620113 -0.546074
    outer loop
      vertex 9.58046 27.6856 -24.6658
      vertex 9.6772 27.7071 -24.5416
      vertex 9.83706 27.5095 -24.6011
    endloop
  endfacet
  facet normal 0.15923 0.916004 -0.368215
    outer loop
      vertex 9.34134 27.8311 -24.5904
      vertex 9.21526 27.9349 -24.3867
      vertex 9.2423 27.9384 -24.3663
    endloop
  endfacet
  facet normal 0.801719 0.546154 0.242822
    outer loop
      vertex 9.91632 36.9394 29.9925
      vertex 9.9501 36.7603 30.2838
      vertex 10.0424 36.7224 30.0643
    endloop
  endfacet
  facet normal 0.8604 0.508894 0.0271687
    outer loop
      vertex 9.94335 36.9045 29.7902
      vertex 9.91632 36.9394 29.9925
      vertex 10.0424 36.7224 30.0643
    endloop
  endfacet
  facet normal 0.528165 0.606638 0.594166
    outer loop
      vertex 9.71098 37 30.343
      vertex 9.54668 37.0214 30.4672
      vertex 9.80328 36.7929 30.4724
    endloop
  endfacet
  facet normal 0.892858 0.315963 0.320892
    outer loop
      vertex 10.0424 36.7224 30.0643
      vertex 9.9501 36.7603 30.2838
      vertex 10.0086 36.5176 30.36
    endloop
  endfacet
  facet normal 0.464941 -0.884309 -0.0427588
    outer loop
      vertex 9.6772 24.764 -24.0332
      vertex 9.51964 24.6703 -23.8086
      vertex 9.48141 24.6546 -23.8996
    endloop
  endfacet
  facet normal 0.399388 -0.903643 -0.154658
    outer loop
      vertex 9.58046 24.7425 -24.1574
      vertex 9.6772 24.764 -24.0332
      vertex 9.48141 24.6546 -23.8996
    endloop
  endfacet
  facet normal 0.113156 -0.635792 -0.763521
    outer loop
      vertex 9.38912 25.0686 -24.6825
      vertex 9.35533 24.8672 -24.5198
      vertex 9.15 24.8626 -24.5464
    endloop
  endfacet
  facet normal 0.271396 -0.805566 -0.526695
    outer loop
      vertex 9.35533 24.8672 -24.5198
      vertex 9.45438 24.726 -24.2528
      vertex 9.30756 24.7157 -24.3127
    endloop
  endfacet
  facet normal 0.0923834 -0.813681 -0.573923
    outer loop
      vertex 9.35533 24.8672 -24.5198
      vertex 9.30756 24.7157 -24.3127
      vertex 9.15 24.7122 -24.3331
    endloop
  endfacet
  facet normal 0.25863 -0.957161 0.130203
    outer loop
      vertex 9.51964 24.6703 -23.8086
      vertex 9.53268 24.6871 -23.711
      vertex 9.27608 24.6148 -23.7328
    endloop
  endfacet
  facet normal 0.241106 -0.968268 0.0657621
    outer loop
      vertex 9.48141 24.6546 -23.8996
      vertex 9.51964 24.6703 -23.8086
      vertex 9.27608 24.6148 -23.7328
    endloop
  endfacet
  facet normal 0.801937 0.432967 -0.411627
    outer loop
      vertex 9.9501 27.2756 -24.6269
      vertex 9.83706 27.5095 -24.6011
      vertex 9.91632 27.542 -24.4125
    endloop
  endfacet
  facet normal 0.688612 0.399542 -0.605128
    outer loop
      vertex 9.80328 27.243 -24.8155
      vertex 9.83706 27.5095 -24.6011
      vertex 9.9501 27.2756 -24.6269
    endloop
  endfacet
  facet normal 0.271725 -0.582108 0.766365
    outer loop
      vertex 9.45438 34.233 30.7866
      vertex 9.54668 34.4421 30.9127
      vertex 9.35533 34.4556 30.9908
    endloop
  endfacet
  facet normal 0.766856 -0.152939 0.623331
    outer loop
      vertex 9.9501 34.6266 30.6524
      vertex 10.0086 34.8808 30.6428
      vertex 9.80328 34.6591 30.841
    endloop
  endfacet
  facet normal 0 -0.576518 0.817085
    outer loop
      vertex -11.15 34.4602 31.0175
      vertex 9.15 34.2469 30.867
      vertex 9.15 34.4602 31.0175
    endloop
  endfacet
  facet normal 0 -0.576518 0.817085
    outer loop
      vertex 9.15 34.2469 30.867
      vertex -11.15 34.4602 31.0175
      vertex -11.15 34.2469 30.867
    endloop
  endfacet
  facet normal 0.70399 -0.678001 0.211455
    outer loop
      vertex 9.75876 34.1432 30.2671
      vertex 9.91632 34.3601 30.438
      vertex 9.73802 34.1701 30.4224
    endloop
  endfacet
  facet normal 0.656013 -0.647462 0.387865
    outer loop
      vertex 9.73802 34.1701 30.4224
      vertex 9.91632 34.3601 30.438
      vertex 9.6772 34.1951 30.567
    endloop
  endfacet
  facet normal 0.240213 -0.934195 0.263775
    outer loop
      vertex 9.27608 33.9538 30.3341
      vertex 9.48141 34.0472 30.4779
      vertex 9.26304 33.9592 30.3651
    endloop
  endfacet
  facet normal 0 -0.907791 0.419422
    outer loop
      vertex -11.15 33.9703 30.4294
      vertex 9.15 34.0798 30.6664
      vertex -11.15 34.0798 30.6664
    endloop
  endfacet
  facet normal 0 -0.907791 0.419422
    outer loop
      vertex 9.15 34.0798 30.6664
      vertex -11.15 33.9703 30.4294
      vertex 9.15 33.9703 30.4294
    endloop
  endfacet
  facet normal 0.465025 -0.884268 -0.0426825
    outer loop
      vertex 9.6772 24.764 -24.0332
      vertex 9.73802 24.789 -23.8885
      vertex 9.51964 24.6703 -23.8086
    endloop
  endfacet
  facet normal 0.499001 -0.862691 0.0822333
    outer loop
      vertex 9.73802 24.789 -23.8885
      vertex 9.75876 24.8158 -23.7332
      vertex 9.51964 24.6703 -23.8086
    endloop
  endfacet
  facet normal 0.464941 0.884309 0.0427588
    outer loop
      vertex 9.51964 37.2319 29.8341
      vertex 9.48141 37.2476 29.9251
      vertex 9.6772 37.1382 30.0587
    endloop
  endfacet
  facet normal 0.766861 0.353112 0.535944
    outer loop
      vertex 9.9501 36.7603 30.2838
      vertex 9.80328 36.7929 30.4724
      vertex 10.0086 36.5176 30.36
    endloop
  endfacet
  facet normal 0.80184 0.546019 0.242725
    outer loop
      vertex 9.91632 36.9394 29.9925
      vertex 9.83706 36.972 30.181
      vertex 9.9501 36.7603 30.2838
    endloop
  endfacet
  facet normal 0.688651 0.579406 0.435945
    outer loop
      vertex 9.83706 36.972 30.181
      vertex 9.80328 36.7929 30.4724
      vertex 9.9501 36.7603 30.2838
    endloop
  endfacet
  facet normal 0.240772 0.968341 -0.0659147
    outer loop
      vertex 9.27608 37.2873 29.7583
      vertex 9.48141 37.2476 29.9251
      vertex 9.51964 37.2319 29.8341
    endloop
  endfacet
  facet normal 0.65616 0.739981 0.147925
    outer loop
      vertex 9.91632 36.9394 29.9925
      vertex 9.6772 37.1382 30.0587
      vertex 9.83706 36.972 30.181
    endloop
  endfacet
  facet normal 0.258735 0.957258 -0.129279
    outer loop
      vertex 9.53268 37.215 29.7365
      vertex 9.28053 37.2816 29.725
      vertex 9.27608 37.2873 29.7583
    endloop
  endfacet
  facet normal 0.241601 0.96806 -0.0670017
    outer loop
      vertex 9.27608 37.2873 29.7583
      vertex 9.26304 37.2927 29.7893
      vertex 9.48141 37.2476 29.9251
    endloop
  endfacet
  facet normal -0.130599 0.168795 0.976961
    outer loop
      vertex -11.4066 36.5962 30.8152
      vertex -11.15 34.9652 31.1313
      vertex -11.15 36.602 30.8485
    endloop
  endfacet
  facet normal -0.130599 0.168795 0.976961
    outer loop
      vertex -11.15 34.9652 31.1313
      vertex -11.4066 36.5962 30.8152
      vertex -11.4066 34.9594 31.098
    endloop
  endfacet
  facet normal -0.126174 -0.0899444 0.987922
    outer loop
      vertex -11.3891 34.6998 31.0766
      vertex -11.15 34.9652 31.1313
      vertex -11.4066 34.9594 31.098
    endloop
  endfacet
  facet normal -0.306369 -0.783683 0.540351
    outer loop
      vertex -11.4206 34.0607 30.556
      vertex -11.3413 34.071 30.6159
      vertex -11.5805 34.2165 30.6913
    endloop
  endfacet
  facet normal -0.192781 -0.772329 0.605263
    outer loop
      vertex -11.249 34.0775 30.6536
      vertex -11.3076 34.2433 30.8465
      vertex -11.4544 34.233 30.7866
    endloop
  endfacet
  facet normal -0.892858 0.315963 0.320892
    outer loop
      vertex -12.0424 36.7224 30.0643
      vertex -12.0086 36.5176 30.36
      vertex -11.9501 36.7603 30.2838
    endloop
  endfacet
  facet normal -0.860324 -0.470304 0.196616
    outer loop
      vertex -11.9434 34.3251 30.2357
      vertex -11.9163 34.3601 30.438
      vertex -12.0424 34.5886 30.4328
    endloop
  endfacet
  facet normal -0.656014 -0.647714 0.387443
    outer loop
      vertex -11.9163 34.3601 30.438
      vertex -11.6772 34.1951 30.567
      vertex -11.8371 34.3927 30.6266
    endloop
  endfacet
  facet normal -0.707088 -0.696807 0.120358
    outer loop
      vertex -11.9434 24.9977 -23.7647
      vertex -11.7588 34.1432 30.2671
      vertex -11.9434 34.3251 30.2357
    endloop
  endfacet
  facet normal -0.707121 -0.696775 0.120353
    outer loop
      vertex -11.7588 34.1432 30.2671
      vertex -11.9434 24.9977 -23.7647
      vertex -11.7588 24.8158 -23.7332
    endloop
  endfacet
  facet normal -0.704011 -0.677934 0.211599
    outer loop
      vertex -11.7588 34.1432 30.2671
      vertex -11.9163 34.3601 30.438
      vertex -11.9434 34.3251 30.2357
    endloop
  endfacet
  facet normal -0.563291 0.767368 0.306349
    outer loop
      vertex -11.6772 37.1382 30.0587
      vertex -11.8371 36.972 30.181
      vertex -11.5805 37.1596 30.1829
    endloop
  endfacet
  facet normal -0 0.419422 0.907791
    outer loop
      vertex -11.15 36.839 30.739
      vertex 9.15 36.602 30.8485
      vertex 9.15 36.839 30.739
    endloop
  endfacet
  facet normal 0 0.419422 0.907791
    outer loop
      vertex 9.15 36.602 30.8485
      vertex -11.15 36.839 30.739
      vertex -11.15 36.602 30.8485
    endloop
  endfacet
  facet normal -0.399129 0.90369 0.155047
    outer loop
      vertex -11.4814 37.2476 29.9251
      vertex -11.6772 37.1382 30.0587
      vertex -11.5805 37.1596 30.1829
    endloop
  endfacet
  facet normal -0.369804 0.404877 0.836253
    outer loop
      vertex -11.6457 36.5794 30.7176
      vertex -11.4066 36.5962 30.8152
      vertex -11.3891 36.8336 30.708
    endloop
  endfacet
  facet normal -0.528165 0.606638 0.594166
    outer loop
      vertex -11.711 37 30.343
      vertex -11.8033 36.7929 30.4724
      vertex -11.5467 37.0214 30.4672
    endloop
  endfacet
  facet normal -0.126273 0.415968 0.90057
    outer loop
      vertex -11.3891 36.8336 30.708
      vertex -11.4066 36.5962 30.8152
      vertex -11.15 36.602 30.8485
    endloop
  endfacet
  facet normal -0.793538 0.103567 0.599643
    outer loop
      vertex -12.0086 36.5176 30.36
      vertex -11.8511 34.9157 30.8451
      vertex -11.8511 36.5525 30.5624
    endloop
  endfacet
  facet normal -0.793397 0.103634 0.599818
    outer loop
      vertex -11.8511 34.9157 30.8451
      vertex -12.0086 36.5176 30.36
      vertex -12.0086 34.8808 30.6428
    endloop
  endfacet
  facet normal 0.0653099 0.936542 0.344418
    outer loop
      vertex 9.24905 37.2779 30.1008
      vertex 9.15 37.2801 30.1136
      vertex 9.15 37.19 30.3586
    endloop
  endfacet
  facet normal 0.0351186 0.995257 0.0907215
    outer loop
      vertex 9.18378 37.303 29.8493
      vertex 9.15 37.3038 29.8536
      vertex 9.15 37.2801 30.1136
    endloop
  endfacet
  facet normal 0.399543 0.903531 0.154911
    outer loop
      vertex 9.48141 37.2476 29.9251
      vertex 9.4206 37.2611 30.0032
      vertex 9.58046 37.1596 30.1829
    endloop
  endfacet
  facet normal 0.306126 0.919397 0.246975
    outer loop
      vertex 9.4206 37.2611 30.0032
      vertex 9.34134 37.2714 30.0631
      vertex 9.58046 37.1596 30.1829
    endloop
  endfacet
  facet normal 0.0654009 0.936525 0.344447
    outer loop
      vertex 9.24905 37.2779 30.1008
      vertex 9.15 37.19 30.3586
      vertex 9.30756 37.1865 30.3382
    endloop
  endfacet
  facet normal 0.192928 0.930698 0.310773
    outer loop
      vertex 9.24905 37.2779 30.1008
      vertex 9.30756 37.1865 30.3382
      vertex 9.45438 37.1761 30.2782
    endloop
  endfacet
  facet normal 0.332105 0.62614 0.705446
    outer loop
      vertex 9.54668 37.0214 30.4672
      vertex 9.35533 37.0349 30.5453
      vertex 9.61194 36.8179 30.6171
    endloop
  endfacet
  facet normal 0.331966 0.62603 0.70561
    outer loop
      vertex 9.35533 37.0349 30.5453
      vertex 9.38912 36.8336 30.708
      vertex 9.61194 36.8179 30.6171
    endloop
  endfacet
  facet normal -0.399528 0.903549 0.154845
    outer loop
      vertex -11.4814 37.2476 29.9251
      vertex -11.5805 37.1596 30.1829
      vertex -11.4206 37.2611 30.0032
    endloop
  endfacet
  facet normal 0 0.938546 0.345155
    outer loop
      vertex 9.15 37.2801 30.1136
      vertex -11.15 37.19 30.3586
      vertex 9.15 37.19 30.3586
    endloop
  endfacet
  facet normal 0 0.938546 0.345155
    outer loop
      vertex -11.15 37.19 30.3586
      vertex 9.15 37.2801 30.1136
      vertex -11.15 37.2801 30.1136
    endloop
  endfacet
  facet normal -0.258536 0.957075 -0.131022
    outer loop
      vertex -11.5327 37.215 29.7365
      vertex -11.5196 37.2319 29.8341
      vertex -11.2761 37.2873 29.7583
    endloop
  endfacet
  facet normal -0.240841 0.96832 -0.0659615
    outer loop
      vertex -11.2761 37.2873 29.7583
      vertex -11.5196 37.2319 29.8341
      vertex -11.4814 37.2476 29.9251
    endloop
  endfacet
  facet normal -0.991488 -0.0221593 -0.1283
    outer loop
      vertex -12.1077 27.0621 -24.3817
      vertex -12.1414 25.4689 -23.8461
      vertex -12.1414 27.1057 -24.1288
    endloop
  endfacet
  facet normal -0.991483 -0.0221725 -0.128339
    outer loop
      vertex -12.1414 25.4689 -23.8461
      vertex -12.1077 27.0621 -24.3817
      vertex -12.1077 25.4252 -24.0989
    endloop
  endfacet
  facet normal -0.892811 -0.316046 -0.320942
    outer loop
      vertex -12.0086 25.3846 -24.3346
      vertex -12.0424 25.1797 -24.0388
      vertex -12.1077 25.4252 -24.0989
    endloop
  endfacet
  facet normal -0.958222 -0.274529 -0.0802815
    outer loop
      vertex -12.1077 25.4252 -24.0989
      vertex -12.0424 25.1797 -24.0388
      vertex -12.1414 25.4689 -23.8461
    endloop
  endfacet
  facet normal -0.958263 -0.274258 -0.0807084
    outer loop
      vertex -12.0424 25.1797 -24.0388
      vertex -12.0739 25.2204 -23.8031
      vertex -12.1414 25.4689 -23.8461
    endloop
  endfacet
  facet normal -0.656015 -0.740106 -0.147948
    outer loop
      vertex -11.8371 24.9302 -24.1556
      vertex -11.6772 24.764 -24.0332
      vertex -11.9163 24.9627 -23.967
    endloop
  endfacet
  facet normal -0.656003 -0.740153 -0.147762
    outer loop
      vertex -11.6772 24.764 -24.0332
      vertex -11.738 24.789 -23.8885
      vertex -11.9163 24.9627 -23.967
    endloop
  endfacet
  facet normal -0.588284 -0.383635 -0.711861
    outer loop
      vertex -11.6457 25.3228 -24.6922
      vertex -11.8033 25.1093 -24.4469
      vertex -11.8511 25.3496 -24.5369
    endloop
  endfacet
  facet normal -0.528348 -0.606576 -0.594066
    outer loop
      vertex -11.6119 25.0843 -24.5916
      vertex -11.5467 24.8807 -24.4417
      vertex -11.8033 25.1093 -24.4469
    endloop
  endfacet
  facet normal -0.89275 0.190301 -0.40839
    outer loop
      vertex -12.0086 27.0214 -24.6173
      vertex -12.1077 27.0621 -24.3817
      vertex -12.0424 27.3135 -24.4073
    endloop
  endfacet
  facet normal -0.688399 0.399653 -0.605296
    outer loop
      vertex -11.8033 27.243 -24.8155
      vertex -11.8371 27.5095 -24.6011
      vertex -11.711 27.4815 -24.763
    endloop
  endfacet
  facet normal -0.0654229 -0.936406 -0.344766
    outer loop
      vertex -11.15 24.7122 -24.3331
      vertex -11.249 24.6242 -24.0753
      vertex -11.3076 24.7157 -24.3127
    endloop
  endfacet
  facet normal 0.113329 -0.63591 -0.763397
    outer loop
      vertex 9.15 25.0632 -24.7135
      vertex 9.38912 25.0686 -24.6825
      vertex 9.15 24.8626 -24.5464
    endloop
  endfacet
  facet normal 0 -0.640034 -0.768347
    outer loop
      vertex -11.15 24.8626 -24.5464
      vertex 9.15 25.0632 -24.7135
      vertex 9.15 24.8626 -24.5464
    endloop
  endfacet
  facet normal -0 -0.640034 -0.768347
    outer loop
      vertex 9.15 25.0632 -24.7135
      vertex -11.15 24.8626 -24.5464
      vertex -11.15 25.0632 -24.7135
    endloop
  endfacet
  facet normal -0.0997678 -0.992317 -0.0731701
    outer loop
      vertex -11.249 24.6242 -24.0753
      vertex -11.1838 24.5991 -23.8238
      vertex -11.3413 24.6307 -24.0376
    endloop
  endfacet
  facet normal -0.271448 -0.805519 -0.526741
    outer loop
      vertex -11.3553 24.8672 -24.5198
      vertex -11.3076 24.7157 -24.3127
      vertex -11.4544 24.726 -24.2528
    endloop
  endfacet
  facet normal -0.0653833 -0.936414 -0.344753
    outer loop
      vertex -11.15 24.7122 -24.3331
      vertex -11.15 24.622 -24.0881
      vertex -11.249 24.6242 -24.0753
    endloop
  endfacet
  facet normal -0.1133 0.342932 -0.932502
    outer loop
      vertex -11.15 27.197 -25.0821
      vertex -11.3891 27.2023 -25.0511
      vertex -11.15 27.442 -24.992
    endloop
  endfacet
  facet normal -0.158324 0.915991 -0.368638
    outer loop
      vertex -11.3413 27.8311 -24.5904
      vertex -11.4206 27.8415 -24.5305
      vertex -11.2423 27.9384 -24.3663
    endloop
  endfacet
  facet normal -0.306402 0.783709 -0.540295
    outer loop
      vertex -11.4544 27.6692 -24.7611
      vertex -11.5805 27.6856 -24.6658
      vertex -11.3413 27.8311 -24.5904
    endloop
  endfacet
  facet normal -0.0655363 0.766695 -0.638658
    outer loop
      vertex -11.15 27.6553 -24.8415
      vertex -11.249 27.8246 -24.6281
      vertex -11.15 27.8224 -24.6409
    endloop
  endfacet
  facet normal -0.192314 0.772332 -0.605408
    outer loop
      vertex -11.3076 27.6588 -24.821
      vertex -11.4544 27.6692 -24.7611
      vertex -11.249 27.8246 -24.6281
    endloop
  endfacet
  facet normal 0.369834 0.101038 -0.923588
    outer loop
      vertex 9.4066 26.9427 -25.0725
      vertex 9.38912 27.2023 -25.0511
      vertex 9.64572 26.9596 -24.9749
    endloop
  endfacet
  facet normal 0.0929297 0.574023 -0.813549
    outer loop
      vertex 9.15 27.442 -24.992
      vertex 9.15 27.6553 -24.8415
      vertex 9.35533 27.4466 -24.9653
    endloop
  endfacet
  facet normal 0.113554 0.343167 -0.932385
    outer loop
      vertex 9.38912 27.2023 -25.0511
      vertex 9.15 27.442 -24.992
      vertex 9.35533 27.4466 -24.9653
    endloop
  endfacet
  facet normal 0.399907 0.799317 -0.448517
    outer loop
      vertex 9.58046 27.6856 -24.6658
      vertex 9.4206 27.8415 -24.5305
      vertex 9.48141 27.8549 -24.4524
    endloop
  endfacet
  facet normal 0.528294 0.372413 -0.76303
    outer loop
      vertex 9.54668 27.4601 -24.8872
      vertex 9.71098 27.4815 -24.763
      vertex 9.80328 27.243 -24.8155
    endloop
  endfacet
  facet normal -0.0345375 0.90725 -0.419172
    outer loop
      vertex -11.15 27.8224 -24.6409
      vertex -11.1838 27.9326 -24.3996
      vertex -11.15 27.9319 -24.4039
    endloop
  endfacet
  facet normal -0.258691 0.945277 -0.198824
    outer loop
      vertex -11.2761 27.9483 -24.3086
      vertex -11.5327 27.8875 -24.2638
      vertex -11.2805 27.9541 -24.2753
    endloop
  endfacet
  facet normal 0.306067 0.783354 -0.540998
    outer loop
      vertex 9.58046 27.6856 -24.6658
      vertex 9.34134 27.8311 -24.5904
      vertex 9.4206 27.8415 -24.5305
    endloop
  endfacet
  facet normal 0.464465 0.818841 -0.337299
    outer loop
      vertex 9.6772 27.7071 -24.5416
      vertex 9.48141 27.8549 -24.4524
      vertex 9.51964 27.8707 -24.3614
    endloop
  endfacet
  facet normal 0.192313 0.77229 -0.605461
    outer loop
      vertex 9.30756 27.6588 -24.821
      vertex 9.24905 27.8246 -24.6281
      vertex 9.45438 27.6692 -24.7611
    endloop
  endfacet
  facet normal 0.271725 0.582108 -0.766365
    outer loop
      vertex 9.35533 27.4466 -24.9653
      vertex 9.45438 27.6692 -24.7611
      vertex 9.54668 27.4601 -24.8872
    endloop
  endfacet
  facet normal 0.271421 0.582246 -0.766368
    outer loop
      vertex 9.35533 27.4466 -24.9653
      vertex 9.30756 27.6588 -24.821
      vertex 9.45438 27.6692 -24.7611
    endloop
  endfacet
  facet normal 0.192749 0.772509 -0.605043
    outer loop
      vertex 9.45438 27.6692 -24.7611
      vertex 9.24905 27.8246 -24.6281
      vertex 9.34134 27.8311 -24.5904
    endloop
  endfacet
  facet normal 0.192587 -0.930696 -0.310991
    outer loop
      vertex 9.45438 24.726 -24.2528
      vertex 9.34134 24.6307 -24.0376
      vertex 9.24905 24.6242 -24.0753
    endloop
  endfacet
  facet normal 0.206975 -0.978314 0.00795241
    outer loop
      vertex 9.4206 24.6411 -23.9777
      vertex 9.48141 24.6546 -23.8996
      vertex 9.2423 24.6049 -23.7905
    endloop
  endfacet
  facet normal 0.588406 -0.383575 -0.711792
    outer loop
      vertex 9.64572 25.3228 -24.6922
      vertex 9.80328 25.1093 -24.4469
      vertex 9.61194 25.0843 -24.5916
    endloop
  endfacet
  facet normal 0.369677 -0.405076 -0.836213
    outer loop
      vertex 9.38912 25.0686 -24.6825
      vertex 9.64572 25.3228 -24.6922
      vertex 9.61194 25.0843 -24.5916
    endloop
  endfacet
  facet normal 0.0997676 -0.992319 -0.0731426
    outer loop
      vertex 9.24905 24.6242 -24.0753
      vertex 9.34134 24.6307 -24.0376
      vertex 9.18378 24.5991 -23.8238
    endloop
  endfacet
  facet normal 0.192295 -0.930652 -0.311303
    outer loop
      vertex 9.30756 24.7157 -24.3127
      vertex 9.45438 24.726 -24.2528
      vertex 9.24905 24.6242 -24.0753
    endloop
  endfacet
  facet normal 0.240189 -0.968577 0.0645608
    outer loop
      vertex 9.48141 24.6546 -23.8996
      vertex 9.27608 24.6148 -23.7328
      vertex 9.26304 24.6095 -23.7638
    endloop
  endfacet
  facet normal 0.801851 -0.432946 0.411817
    outer loop
      vertex 9.91632 34.3601 30.438
      vertex 9.9501 34.6266 30.6524
      vertex 9.83706 34.3927 30.6266
    endloop
  endfacet
  facet normal 0.655996 -0.647622 0.387628
    outer loop
      vertex 9.91632 34.3601 30.438
      vertex 9.83706 34.3927 30.6266
      vertex 9.6772 34.1951 30.567
    endloop
  endfacet
  facet normal 0.332272 -0.353246 0.874536
    outer loop
      vertex 9.35533 34.4556 30.9908
      vertex 9.61194 34.6841 30.9856
      vertex 9.38912 34.6998 31.0766
    endloop
  endfacet
  facet normal 0.528118 -0.372322 0.763196
    outer loop
      vertex 9.80328 34.6591 30.841
      vertex 9.61194 34.6841 30.9856
      vertex 9.54668 34.4421 30.9127
    endloop
  endfacet
  facet normal 0.031875 -0.90733 0.419209
    outer loop
      vertex 9.18378 33.9695 30.4251
      vertex 9.15 34.0798 30.6664
      vertex 9.15 33.9703 30.4294
    endloop
  endfacet
  facet normal 0.332096 -0.353046 0.874683
    outer loop
      vertex 9.54668 34.4421 30.9127
      vertex 9.61194 34.6841 30.9856
      vertex 9.35533 34.4556 30.9908
    endloop
  endfacet
  facet normal 0 -0.0907775 0.995871
    outer loop
      vertex -11.15 34.9652 31.1313
      vertex 9.15 34.7052 31.1076
      vertex 9.15 34.9652 31.1313
    endloop
  endfacet
  facet normal 0 -0.0907775 0.995871
    outer loop
      vertex 9.15 34.7052 31.1076
      vertex -11.15 34.9652 31.1313
      vertex -11.15 34.7052 31.1076
    endloop
  endfacet
  facet normal 0.126043 -0.0900535 0.987929
    outer loop
      vertex 9.38912 34.6998 31.0766
      vertex 9.15 34.9652 31.1313
      vertex 9.15 34.7052 31.1076
    endloop
  endfacet
  facet normal 0.241155 -0.93431 0.262506
    outer loop
      vertex 9.27608 33.9538 30.3341
      vertex 9.51964 34.0315 30.3869
      vertex 9.48141 34.0472 30.4779
    endloop
  endfacet
  facet normal 0.464833 -0.81873 0.337064
    outer loop
      vertex 9.51964 34.0315 30.3869
      vertex 9.73802 34.1701 30.4224
      vertex 9.6772 34.1951 30.567
    endloop
  endfacet
  facet normal 0.0647325 -0.766735 0.638691
    outer loop
      vertex 9.24905 34.0775 30.6536
      vertex 9.15 34.2469 30.867
      vertex 9.15 34.0798 30.6664
    endloop
  endfacet
  facet normal 0.192848 -0.772321 0.605252
    outer loop
      vertex 9.34134 34.071 30.6159
      vertex 9.45438 34.233 30.7866
      vertex 9.24905 34.0775 30.6536
    endloop
  endfacet
  facet normal 0.704116 0.709516 -0.0284074
    outer loop
      vertex 9.75876 37.0864 29.7587
      vertex 9.73802 37.1132 29.914
      vertex 9.91632 36.9394 29.9925
    endloop
  endfacet
  facet normal 0.656161 0.739975 0.14795
    outer loop
      vertex 9.73802 37.1132 29.914
      vertex 9.6772 37.1382 30.0587
      vertex 9.91632 36.9394 29.9925
    endloop
  endfacet
  facet normal -0.0647651 -0.766734 0.63869
    outer loop
      vertex -11.249 34.0775 30.6536
      vertex -11.15 34.0798 30.6664
      vertex -11.15 34.2469 30.867
    endloop
  endfacet
  facet normal -0.0331409 -0.907224 0.419341
    outer loop
      vertex -11.1838 33.9695 30.4251
      vertex -11.15 34.0798 30.6664
      vertex -11.249 34.0775 30.6536
    endloop
  endfacet
  facet normal -0.241224 -0.934307 0.262455
    outer loop
      vertex -11.2761 33.9538 30.3341
      vertex -11.4814 34.0472 30.4779
      vertex -11.5196 34.0315 30.3869
    endloop
  endfacet
  facet normal -0.3997 -0.799387 0.448575
    outer loop
      vertex -11.4814 34.0472 30.4779
      vertex -11.5805 34.2165 30.6913
      vertex -11.6772 34.1951 30.567
    endloop
  endfacet
  facet normal -0.271666 -0.582099 0.766393
    outer loop
      vertex -11.4544 34.233 30.7866
      vertex -11.3553 34.4556 30.9908
      vertex -11.5467 34.4421 30.9127
    endloop
  endfacet
  facet normal -0.30614 -0.783507 0.540736
    outer loop
      vertex -11.3413 34.071 30.6159
      vertex -11.4544 34.233 30.7866
      vertex -11.5805 34.2165 30.6913
    endloop
  endfacet
  facet normal -0.688783 -0.39949 0.604967
    outer loop
      vertex -11.8371 34.3927 30.6266
      vertex -11.8033 34.6591 30.841
      vertex -11.9501 34.6266 30.6524
    endloop
  endfacet
  facet normal -0.892864 -0.190109 0.408232
    outer loop
      vertex -12.0424 34.5886 30.4328
      vertex -12.0086 34.8808 30.6428
      vertex -12.1077 34.8401 30.4071
    endloop
  endfacet
  facet normal -0.0929431 -0.574022 0.813548
    outer loop
      vertex -11.15 34.2469 30.867
      vertex -11.15 34.4602 31.0175
      vertex -11.3553 34.4556 30.9908
    endloop
  endfacet
  facet normal -0.0927299 -0.573885 0.813669
    outer loop
      vertex -11.3076 34.2433 30.8465
      vertex -11.15 34.2469 30.867
      vertex -11.3553 34.4556 30.9908
    endloop
  endfacet
  facet normal -0.465261 -0.818696 0.336555
    outer loop
      vertex -11.5196 34.0315 30.3869
      vertex -11.4814 34.0472 30.4779
      vertex -11.6772 34.1951 30.567
    endloop
  endfacet
  facet normal -0.703938 -0.677973 0.211715
    outer loop
      vertex -11.7588 34.1432 30.2671
      vertex -11.738 34.1701 30.4224
      vertex -11.9163 34.3601 30.438
    endloop
  endfacet
  facet normal -0.766902 0.35311 0.535887
    outer loop
      vertex -12.0086 36.5176 30.36
      vertex -11.8511 36.5525 30.5624
      vertex -11.8033 36.7929 30.4724
    endloop
  endfacet
  facet normal -0.92379 0.0651902 0.37731
    outer loop
      vertex -12.1077 36.4769 30.1244
      vertex -12.0086 34.8808 30.6428
      vertex -12.0086 36.5176 30.36
    endloop
  endfacet
  facet normal -0.923845 0.0651449 0.377181
    outer loop
      vertex -12.0086 34.8808 30.6428
      vertex -12.1077 36.4769 30.1244
      vertex -12.1077 34.8401 30.4071
    endloop
  endfacet
  facet normal -0.801993 0.545868 0.24256
    outer loop
      vertex -11.9163 36.9394 29.9925
      vertex -11.9501 36.7603 30.2838
      vertex -11.8371 36.972 30.181
    endloop
  endfacet
  facet normal -0.801691 0.546204 0.242801
    outer loop
      vertex -11.9163 36.9394 29.9925
      vertex -12.0424 36.7224 30.0643
      vertex -11.9501 36.7603 30.2838
    endloop
  endfacet
  facet normal -0.113323 0.636098 0.763241
    outer loop
      vertex -11.15 37.0395 30.5719
      vertex -11.3891 36.8336 30.708
      vertex -11.15 36.839 30.739
    endloop
  endfacet
  facet normal -0.588207 0.383509 0.711993
    outer loop
      vertex -11.8033 36.7929 30.4724
      vertex -11.8511 36.5525 30.5624
      vertex -11.6457 36.5794 30.7176
    endloop
  endfacet
  facet normal -0.587997 -0.122658 0.799509
    outer loop
      vertex -11.8033 34.6591 30.841
      vertex -11.6119 34.6841 30.9856
      vertex -11.6457 34.9426 31.0004
    endloop
  endfacet
  facet normal -0.688726 0.579316 0.435945
    outer loop
      vertex -11.8371 36.972 30.181
      vertex -11.9501 36.7603 30.2838
      vertex -11.8033 36.7929 30.4724
    endloop
  endfacet
  facet normal -0.369894 -0.101068 0.92356
    outer loop
      vertex -11.6457 34.9426 31.0004
      vertex -11.3891 34.6998 31.0766
      vertex -11.4066 34.9594 31.098
    endloop
  endfacet
  facet normal -0.382673 0.157295 0.910395
    outer loop
      vertex -11.6457 36.5794 30.7176
      vertex -11.4066 34.9594 31.098
      vertex -11.4066 36.5962 30.8152
    endloop
  endfacet
  facet normal -0.382673 0.157295 0.910395
    outer loop
      vertex -11.4066 34.9594 31.098
      vertex -11.6457 36.5794 30.7176
      vertex -11.6457 34.9426 31.0004
    endloop
  endfacet
  facet normal 0.157962 0.986631 0.040102
    outer loop
      vertex 9.2423 37.2973 29.816
      vertex 9.21526 37.3008 29.8364
      vertex 9.34134 37.2714 30.0631
    endloop
  endfacet
  facet normal 0.0338098 0.995317 0.0905594
    outer loop
      vertex 9.18378 37.303 29.8493
      vertex 9.15 37.2801 30.1136
      vertex 9.24905 37.2779 30.1008
    endloop
  endfacet
  facet normal 0.0997676 0.992319 0.0731426
    outer loop
      vertex 9.18378 37.303 29.8493
      vertex 9.24905 37.2779 30.1008
      vertex 9.34134 37.2714 30.0631
    endloop
  endfacet
  facet normal -0.20699 0.978311 -0.00796697
    outer loop
      vertex -11.2423 37.2973 29.816
      vertex -11.4814 37.2476 29.9251
      vertex -11.4206 37.2611 30.0032
    endloop
  endfacet
  facet normal -0.207024 0.978303 -0.00804504
    outer loop
      vertex -11.263 37.2927 29.7893
      vertex -11.4814 37.2476 29.9251
      vertex -11.2423 37.2973 29.816
    endloop
  endfacet
  facet normal -0.158152 0.986602 0.0400485
    outer loop
      vertex -11.2423 37.2973 29.816
      vertex -11.3413 37.2714 30.0631
      vertex -11.2153 37.3008 29.8364
    endloop
  endfacet
  facet normal -0.0993868 0.992334 0.0734534
    outer loop
      vertex -11.2153 37.3008 29.8364
      vertex -11.3413 37.2714 30.0631
      vertex -11.1838 37.303 29.8493
    endloop
  endfacet
  facet normal -0.703874 -0.709765 0.0282107
    outer loop
      vertex -11.9163 24.9627 -23.967
      vertex -11.738 24.789 -23.8885
      vertex -11.7588 24.8158 -23.7332
    endloop
  endfacet
  facet normal -0.464993 -0.884288 -0.0426309
    outer loop
      vertex -11.6772 24.764 -24.0332
      vertex -11.4814 24.6546 -23.8996
      vertex -11.5196 24.6703 -23.8086
    endloop
  endfacet
  facet normal -0.801691 -0.546204 -0.242801
    outer loop
      vertex -11.9501 25.1418 -24.2583
      vertex -11.9163 24.9627 -23.967
      vertex -12.0424 25.1797 -24.0388
    endloop
  endfacet
  facet normal -0.801879 -0.545995 -0.242651
    outer loop
      vertex -11.9501 25.1418 -24.2583
      vertex -11.8371 24.9302 -24.1556
      vertex -11.9163 24.9627 -23.967
    endloop
  endfacet
  facet normal -0.258648 -0.957178 0.130044
    outer loop
      vertex -11.5196 24.6703 -23.8086
      vertex -11.2761 24.6148 -23.7328
      vertex -11.5327 24.6871 -23.711
    endloop
  endfacet
  facet normal -0.241175 -0.968248 0.0658089
    outer loop
      vertex -11.4814 24.6546 -23.8996
      vertex -11.2761 24.6148 -23.7328
      vertex -11.5196 24.6703 -23.8086
    endloop
  endfacet
  facet normal -0.3065 -0.919501 -0.246121
    outer loop
      vertex -11.5805 24.7425 -24.1574
      vertex -11.3413 24.6307 -24.0376
      vertex -11.4206 24.6411 -23.9777
    endloop
  endfacet
  facet normal -0.306507 -0.919502 -0.246109
    outer loop
      vertex -11.4544 24.726 -24.2528
      vertex -11.3413 24.6307 -24.0376
      vertex -11.5805 24.7425 -24.1574
    endloop
  endfacet
  facet normal -0.766797 -0.353186 -0.535987
    outer loop
      vertex -11.8033 25.1093 -24.4469
      vertex -11.9501 25.1418 -24.2583
      vertex -12.0086 25.3846 -24.3346
    endloop
  endfacet
  facet normal -0.688565 -0.57938 -0.436116
    outer loop
      vertex -11.8033 25.1093 -24.4469
      vertex -11.8371 24.9302 -24.1556
      vertex -11.9501 25.1418 -24.2583
    endloop
  endfacet
  facet normal -0.588361 0.122372 -0.799285
    outer loop
      vertex -11.6457 26.9596 -24.9749
      vertex -11.8511 26.9864 -24.8196
      vertex -11.8033 27.243 -24.8155
    endloop
  endfacet
  facet normal -0.369857 0.101067 -0.923575
    outer loop
      vertex -11.4066 26.9427 -25.0725
      vertex -11.6457 26.9596 -24.9749
      vertex -11.3891 27.2023 -25.0511
    endloop
  endfacet
  facet normal 0.33215 -0.625954 -0.705591
    outer loop
      vertex 9.61194 25.0843 -24.5916
      vertex 9.54668 24.8807 -24.4417
      vertex 9.35533 24.8672 -24.5198
    endloop
  endfacet
  facet normal 0.332011 -0.625843 -0.705754
    outer loop
      vertex 9.38912 25.0686 -24.6825
      vertex 9.61194 25.0843 -24.5916
      vertex 9.35533 24.8672 -24.5198
    endloop
  endfacet
  facet normal -0.399431 -0.90364 -0.154563
    outer loop
      vertex -11.5805 24.7425 -24.1574
      vertex -11.4814 24.6546 -23.8996
      vertex -11.6772 24.764 -24.0332
    endloop
  endfacet
  facet normal -0.399289 -0.90369 -0.154635
    outer loop
      vertex -11.5805 24.7425 -24.1574
      vertex -11.4206 24.6411 -23.9777
      vertex -11.4814 24.6546 -23.8996
    endloop
  endfacet
  facet normal -0.0993868 -0.992334 -0.0734534
    outer loop
      vertex -11.3413 24.6307 -24.0376
      vertex -11.1838 24.5991 -23.8238
      vertex -11.2153 24.6013 -23.8109
    endloop
  endfacet
  facet normal 0 -0.938422 -0.345492
    outer loop
      vertex -11.15 24.7122 -24.3331
      vertex 9.15 24.622 -24.0881
      vertex -11.15 24.622 -24.0881
    endloop
  endfacet
  facet normal 0 -0.938422 -0.345492
    outer loop
      vertex 9.15 24.622 -24.0881
      vertex -11.15 24.7122 -24.3331
      vertex 9.15 24.7122 -24.3331
    endloop
  endfacet
  facet normal -0.0925768 -0.813755 -0.573787
    outer loop
      vertex -11.15 24.8626 -24.5464
      vertex -11.15 24.7122 -24.3331
      vertex -11.3553 24.8672 -24.5198
    endloop
  endfacet
  facet normal -0.370044 0.101296 -0.923475
    outer loop
      vertex -11.3891 27.2023 -25.0511
      vertex -11.6457 26.9596 -24.9749
      vertex -11.6119 27.218 -24.9601
    endloop
  endfacet
  facet normal 0 0.576518 -0.817085
    outer loop
      vertex -11.15 27.442 -24.992
      vertex 9.15 27.6553 -24.8415
      vertex 9.15 27.442 -24.992
    endloop
  endfacet
  facet normal 0 0.576518 -0.817085
    outer loop
      vertex 9.15 27.6553 -24.8415
      vertex -11.15 27.442 -24.992
      vertex -11.15 27.6553 -24.8415
    endloop
  endfacet
  facet normal -0.0929431 0.574022 -0.813548
    outer loop
      vertex -11.15 27.442 -24.992
      vertex -11.3553 27.4466 -24.9653
      vertex -11.15 27.6553 -24.8415
    endloop
  endfacet
  facet normal -0.305953 0.783362 -0.541052
    outer loop
      vertex -11.5805 27.6856 -24.6658
      vertex -11.4206 27.8415 -24.5305
      vertex -11.3413 27.8311 -24.5904
    endloop
  endfacet
  facet normal -0.271473 0.582187 -0.766395
    outer loop
      vertex -11.3553 27.4466 -24.9653
      vertex -11.4544 27.6692 -24.7611
      vertex -11.3076 27.6588 -24.821
    endloop
  endfacet
  facet normal -0.399892 0.799355 -0.448461
    outer loop
      vertex -11.5805 27.6856 -24.6658
      vertex -11.4814 27.8549 -24.4524
      vertex -11.4206 27.8415 -24.5305
    endloop
  endfacet
  facet normal -0.766856 0.152939 -0.623331
    outer loop
      vertex -11.8033 27.243 -24.8155
      vertex -12.0086 27.0214 -24.6173
      vertex -11.9501 27.2756 -24.6269
    endloop
  endfacet
  facet normal -0.528294 0.372413 -0.76303
    outer loop
      vertex -11.5467 27.4601 -24.8872
      vertex -11.8033 27.243 -24.8155
      vertex -11.711 27.4815 -24.763
    endloop
  endfacet
  facet normal -0.86051 0.47011 -0.196263
    outer loop
      vertex -12.0424 27.3135 -24.4073
      vertex -12.0739 27.3542 -24.1717
      vertex -11.9434 27.577 -24.2102
    endloop
  endfacet
  facet normal -0.704011 0.677934 -0.211599
    outer loop
      vertex -11.9163 27.542 -24.4125
      vertex -11.9434 27.577 -24.2102
      vertex -11.7588 27.7589 -24.2416
    endloop
  endfacet
  facet normal 0.13016 -0.168805 -0.977017
    outer loop
      vertex 9.15 26.937 -25.1058
      vertex 9.4066 25.3059 -24.7898
      vertex 9.15 25.3002 -24.823
    endloop
  endfacet
  facet normal 0.130535 -0.168739 -0.976979
    outer loop
      vertex 9.4066 25.3059 -24.7898
      vertex 9.15 26.937 -25.1058
      vertex 9.4066 26.9427 -25.0725
    endloop
  endfacet
  facet normal 0 -0.170254 -0.9854
    outer loop
      vertex -11.15 25.3002 -24.823
      vertex 9.15 26.937 -25.1058
      vertex 9.15 25.3002 -24.823
    endloop
  endfacet
  facet normal -0 -0.170254 -0.9854
    outer loop
      vertex 9.15 26.937 -25.1058
      vertex -11.15 25.3002 -24.823
      vertex -11.15 26.937 -25.1058
    endloop
  endfacet
  facet normal 0.306472 0.783666 -0.540316
    outer loop
      vertex 9.45438 27.6692 -24.7611
      vertex 9.34134 27.8311 -24.5904
      vertex 9.58046 27.6856 -24.6658
    endloop
  endfacet
  facet normal 0.432397 0.597899 -0.674944
    outer loop
      vertex 9.54668 27.4601 -24.8872
      vertex 9.45438 27.6692 -24.7611
      vertex 9.58046 27.6856 -24.6658
    endloop
  endfacet
  facet normal 0.0660859 0.766531 -0.638798
    outer loop
      vertex 9.15 27.6553 -24.8415
      vertex 9.24905 27.8246 -24.6281
      vertex 9.30756 27.6588 -24.821
    endloop
  endfacet
  facet normal 0.0930852 0.574123 -0.81346
    outer loop
      vertex 9.35533 27.4466 -24.9653
      vertex 9.15 27.6553 -24.8415
      vertex 9.30756 27.6588 -24.821
    endloop
  endfacet
  facet normal 0.159091 -0.986484 -0.0392346
    outer loop
      vertex 9.34134 24.6307 -24.0376
      vertex 9.4206 24.6411 -23.9777
      vertex 9.2423 24.6049 -23.7905
    endloop
  endfacet
  facet normal 0.306615 -0.919476 -0.246073
    outer loop
      vertex 9.58046 24.7425 -24.1574
      vertex 9.4206 24.6411 -23.9777
      vertex 9.34134 24.6307 -24.0376
    endloop
  endfacet
  facet normal 0.688564 -0.399673 0.605096
    outer loop
      vertex 9.83706 34.3927 30.6266
      vertex 9.80328 34.6591 30.841
      vertex 9.71098 34.4206 30.7885
    endloop
  endfacet
  facet normal 0.688708 -0.399575 0.604997
    outer loop
      vertex 9.83706 34.3927 30.6266
      vertex 9.9501 34.6266 30.6524
      vertex 9.80328 34.6591 30.841
    endloop
  endfacet
  facet normal 0.271829 -0.582061 0.766364
    outer loop
      vertex 9.45438 34.233 30.7866
      vertex 9.35533 34.4556 30.9908
      vertex 9.30756 34.2433 30.8465
    endloop
  endfacet
  facet normal 0.432084 -0.597888 0.675155
    outer loop
      vertex 9.58046 34.2165 30.6913
      vertex 9.54668 34.4421 30.9127
      vertex 9.45438 34.233 30.7866
    endloop
  endfacet
  facet normal 0 -0.345155 0.938546
    outer loop
      vertex -11.15 34.7052 31.1076
      vertex 9.15 34.4602 31.0175
      vertex 9.15 34.7052 31.1076
    endloop
  endfacet
  facet normal 0 -0.345155 0.938546
    outer loop
      vertex 9.15 34.4602 31.0175
      vertex -11.15 34.7052 31.1076
      vertex -11.15 34.4602 31.0175
    endloop
  endfacet
  facet normal 0.113149 -0.342938 0.932518
    outer loop
      vertex 9.15 34.4602 31.0175
      vertex 9.38912 34.6998 31.0766
      vertex 9.15 34.7052 31.1076
    endloop
  endfacet
  facet normal 0.207147 -0.924435 0.320173
    outer loop
      vertex 9.26304 33.9592 30.3651
      vertex 9.48141 34.0472 30.4779
      vertex 9.2423 33.9638 30.3918
    endloop
  endfacet
  facet normal 0.206855 -0.924273 0.320827
    outer loop
      vertex 9.2423 33.9638 30.3918
      vertex 9.48141 34.0472 30.4779
      vertex 9.4206 34.0607 30.556
    endloop
  endfacet
  facet normal 0.432127 -0.59787 0.675143
    outer loop
      vertex 9.58046 34.2165 30.6913
      vertex 9.71098 34.4206 30.7885
      vertex 9.54668 34.4421 30.9127
    endloop
  endfacet
  facet normal 0.563491 -0.620231 0.545703
    outer loop
      vertex 9.83706 34.3927 30.6266
      vertex 9.71098 34.4206 30.7885
      vertex 9.58046 34.2165 30.6913
    endloop
  endfacet
  facet normal 0.499001 0.862691 -0.0822333
    outer loop
      vertex 9.75876 37.0864 29.7587
      vertex 9.51964 37.2319 29.8341
      vertex 9.73802 37.1132 29.914
    endloop
  endfacet
  facet normal 0.465025 0.884268 0.0426825
    outer loop
      vertex 9.51964 37.2319 29.8341
      vertex 9.6772 37.1382 30.0587
      vertex 9.73802 37.1132 29.914
    endloop
  endfacet
  facet normal -0.192816 -0.772347 0.60523
    outer loop
      vertex -11.3413 34.071 30.6159
      vertex -11.249 34.0775 30.6536
      vertex -11.4544 34.233 30.7866
    endloop
  endfacet
  facet normal -0.0999774 -0.910289 0.401719
    outer loop
      vertex -11.1838 33.9695 30.4251
      vertex -11.249 34.0775 30.6536
      vertex -11.3413 34.071 30.6159
    endloop
  endfacet
  facet normal -0.239978 -0.934154 0.264134
    outer loop
      vertex -11.2761 33.9538 30.3341
      vertex -11.263 33.9592 30.3651
      vertex -11.4814 34.0472 30.4779
    endloop
  endfacet
  facet normal -0.207253 -0.924487 0.319954
    outer loop
      vertex -11.263 33.9592 30.3651
      vertex -11.2423 33.9638 30.3918
      vertex -11.4814 34.0472 30.4779
    endloop
  endfacet
  facet normal -0.258643 -0.945376 0.198413
    outer loop
      vertex -11.5327 34.0146 30.2893
      vertex -11.2761 33.9538 30.3341
      vertex -11.5196 34.0315 30.3869
    endloop
  endfacet
  facet normal -0.498791 -0.840282 0.212448
    outer loop
      vertex -11.5327 34.0146 30.2893
      vertex -11.5196 34.0315 30.3869
      vertex -11.7588 34.1432 30.2671
    endloop
  endfacet
  facet normal -0.801733 -0.43307 0.411915
    outer loop
      vertex -11.9163 34.3601 30.438
      vertex -11.9501 34.6266 30.6524
      vertex -12.0424 34.5886 30.4328
    endloop
  endfacet
  facet normal -0.802003 -0.43286 0.411611
    outer loop
      vertex -11.9163 34.3601 30.438
      vertex -11.8371 34.3927 30.6266
      vertex -11.9501 34.6266 30.6524
    endloop
  endfacet
  facet normal -0.892895 -0.19007 0.408182
    outer loop
      vertex -12.0424 34.5886 30.4328
      vertex -11.9501 34.6266 30.6524
      vertex -12.0086 34.8808 30.6428
    endloop
  endfacet
  facet normal -0.766894 -0.15295 0.623282
    outer loop
      vertex -11.9501 34.6266 30.6524
      vertex -11.8033 34.6591 30.841
      vertex -12.0086 34.8808 30.6428
    endloop
  endfacet
  facet normal -0.528154 -0.372384 0.76314
    outer loop
      vertex -11.711 34.4206 30.7885
      vertex -11.5467 34.4421 30.9127
      vertex -11.8033 34.6591 30.841
    endloop
  endfacet
  facet normal -0.432142 -0.597843 0.675157
    outer loop
      vertex -11.5805 34.2165 30.6913
      vertex -11.5467 34.4421 30.9127
      vertex -11.711 34.4206 30.7885
    endloop
  endfacet
  facet normal -0.89281 0.316046 0.320944
    outer loop
      vertex -12.0424 36.7224 30.0643
      vertex -12.1077 36.4769 30.1244
      vertex -12.0086 36.5176 30.36
    endloop
  endfacet
  facet normal -0.656188 0.739967 0.147872
    outer loop
      vertex -11.738 37.1132 29.914
      vertex -11.9163 36.9394 29.9925
      vertex -11.6772 37.1382 30.0587
    endloop
  endfacet
  facet normal -0.464993 0.884288 0.0426309
    outer loop
      vertex -11.5196 37.2319 29.8341
      vertex -11.6772 37.1382 30.0587
      vertex -11.4814 37.2476 29.9251
    endloop
  endfacet
  facet normal -0.60853 0.135101 0.781945
    outer loop
      vertex -11.8511 36.5525 30.5624
      vertex -11.6457 34.9426 31.0004
      vertex -11.6457 36.5794 30.7176
    endloop
  endfacet
  facet normal -0.60877 0.135024 0.781772
    outer loop
      vertex -11.6457 34.9426 31.0004
      vertex -11.8511 36.5525 30.5624
      vertex -11.8511 34.9157 30.8451
    endloop
  endfacet
  facet normal -0.588324 -0.122366 0.799313
    outer loop
      vertex -11.8033 34.6591 30.841
      vertex -11.6457 34.9426 31.0004
      vertex -11.8511 34.9157 30.8451
    endloop
  endfacet
  facet normal -0.588325 0.383386 0.711961
    outer loop
      vertex -11.8033 36.7929 30.4724
      vertex -11.6457 36.5794 30.7176
      vertex -11.6119 36.8179 30.6171
    endloop
  endfacet
  facet normal -0.688706 0.579334 0.435954
    outer loop
      vertex -11.8371 36.972 30.181
      vertex -11.8033 36.7929 30.4724
      vertex -11.711 37 30.343
    endloop
  endfacet
  facet normal -0.332295 -0.353258 0.874522
    outer loop
      vertex -11.3553 34.4556 30.9908
      vertex -11.3891 34.6998 31.0766
      vertex -11.6119 34.6841 30.9856
    endloop
  endfacet
  facet normal -0.370048 -0.101258 0.923478
    outer loop
      vertex -11.6119 34.6841 30.9856
      vertex -11.3891 34.6998 31.0766
      vertex -11.6457 34.9426 31.0004
    endloop
  endfacet
  facet normal -0.0338274 0.995316 0.0905641
    outer loop
      vertex -11.1838 37.303 29.8493
      vertex -11.249 37.2779 30.1008
      vertex -11.15 37.2801 30.1136
    endloop
  endfacet
  facet normal -0.0653427 0.93654 0.344417
    outer loop
      vertex -11.249 37.2779 30.1008
      vertex -11.15 37.19 30.3586
      vertex -11.15 37.2801 30.1136
    endloop
  endfacet
  facet normal -0.801796 0.433109 -0.411751
    outer loop
      vertex -11.9501 27.2756 -24.6269
      vertex -12.0424 27.3135 -24.4073
      vertex -11.9163 27.542 -24.4125
    endloop
  endfacet
  facet normal -0.892925 0.19008 -0.40811
    outer loop
      vertex -12.0086 27.0214 -24.6173
      vertex -12.0424 27.3135 -24.4073
      vertex -11.9501 27.2756 -24.6269
    endloop
  endfacet
  facet normal -0.159046 -0.98649 -0.0392793
    outer loop
      vertex -11.3413 24.6307 -24.0376
      vertex -11.2423 24.6049 -23.7905
      vertex -11.4206 24.6411 -23.9777
    endloop
  endfacet
  facet normal -0.20699 -0.978311 0.00796697
    outer loop
      vertex -11.4206 24.6411 -23.9777
      vertex -11.2423 24.6049 -23.7905
      vertex -11.4814 24.6546 -23.8996
    endloop
  endfacet
  facet normal -0.432373 -0.789679 -0.435272
    outer loop
      vertex -11.5467 24.8807 -24.4417
      vertex -11.5805 24.7425 -24.1574
      vertex -11.711 24.9022 -24.3175
    endloop
  endfacet
  facet normal -0.563445 -0.767336 -0.306146
    outer loop
      vertex -11.711 24.9022 -24.3175
      vertex -11.5805 24.7425 -24.1574
      vertex -11.8371 24.9302 -24.1556
    endloop
  endfacet
  facet normal -0.032109 -0.995392 -0.090351
    outer loop
      vertex -11.15 24.622 -24.0881
      vertex -11.15 24.5984 -23.8281
      vertex -11.1838 24.5991 -23.8238
    endloop
  endfacet
  facet normal -0.192555 -0.930712 -0.310961
    outer loop
      vertex -11.4544 24.726 -24.2528
      vertex -11.249 24.6242 -24.0753
      vertex -11.3413 24.6307 -24.0376
    endloop
  endfacet
  facet normal -0.0338274 -0.995316 -0.0905641
    outer loop
      vertex -11.15 24.622 -24.0881
      vertex -11.1838 24.5991 -23.8238
      vertex -11.249 24.6242 -24.0753
    endloop
  endfacet
  facet normal -0.0923628 -0.813666 -0.573948
    outer loop
      vertex -11.3553 24.8672 -24.5198
      vertex -11.15 24.7122 -24.3331
      vertex -11.3076 24.7157 -24.3127
    endloop
  endfacet
  facet normal -0.332321 0.353131 -0.874563
    outer loop
      vertex -11.3891 27.2023 -25.0511
      vertex -11.6119 27.218 -24.9601
      vertex -11.3553 27.4466 -24.9653
    endloop
  endfacet
  facet normal -0.332064 0.352838 -0.87478
    outer loop
      vertex -11.6119 27.218 -24.9601
      vertex -11.5467 27.4601 -24.8872
      vertex -11.3553 27.4466 -24.9653
    endloop
  endfacet
  facet normal -0.0340273 0.907293 -0.419121
    outer loop
      vertex -11.15 27.8224 -24.6409
      vertex -11.249 27.8246 -24.6281
      vertex -11.1838 27.9326 -24.3996
    endloop
  endfacet
  facet normal -0.192717 0.772535 -0.605021
    outer loop
      vertex -11.4544 27.6692 -24.7611
      vertex -11.3413 27.8311 -24.5904
      vertex -11.249 27.8246 -24.6281
    endloop
  endfacet
  facet normal -0.432359 0.597894 -0.674972
    outer loop
      vertex -11.5467 27.4601 -24.8872
      vertex -11.711 27.4815 -24.763
      vertex -11.5805 27.6856 -24.6658
    endloop
  endfacet
  facet normal -0.464883 0.818809 -0.336801
    outer loop
      vertex -11.6772 27.7071 -24.5416
      vertex -11.738 27.7321 -24.3969
      vertex -11.5196 27.8707 -24.3614
    endloop
  endfacet
  facet normal -0.207523 0.924358 -0.320151
    outer loop
      vertex -11.4206 27.8415 -24.5305
      vertex -11.4814 27.8549 -24.4524
      vertex -11.2423 27.9384 -24.3663
    endloop
  endfacet
  facet normal -0.24065 0.934237 -0.263228
    outer loop
      vertex -11.4814 27.8549 -24.4524
      vertex -11.5196 27.8707 -24.3614
      vertex -11.2761 27.9483 -24.3086
    endloop
  endfacet
  facet normal 0 -0.419422 -0.907791
    outer loop
      vertex -11.15 25.0632 -24.7135
      vertex 9.15 25.3002 -24.823
      vertex 9.15 25.0632 -24.7135
    endloop
  endfacet
  facet normal -0 -0.419422 -0.907791
    outer loop
      vertex 9.15 25.3002 -24.823
      vertex -11.15 25.0632 -24.7135
      vertex -11.15 25.3002 -24.823
    endloop
  endfacet
  facet normal 0.126144 -0.416072 -0.90054
    outer loop
      vertex 9.15 25.3002 -24.823
      vertex 9.38912 25.0686 -24.6825
      vertex 9.15 25.0632 -24.7135
    endloop
  endfacet
  facet normal 0.0994265 -0.992334 -0.0733963
    outer loop
      vertex 9.34134 24.6307 -24.0376
      vertex 9.21526 24.6013 -23.8109
      vertex 9.18378 24.5991 -23.8238
    endloop
  endfacet
  facet normal 0.0929297 -0.574023 0.813549
    outer loop
      vertex 9.15 34.2469 30.867
      vertex 9.35533 34.4556 30.9908
      vertex 9.15 34.4602 31.0175
    endloop
  endfacet
  facet normal 0.113546 -0.34329 0.932341
    outer loop
      vertex 9.35533 34.4556 30.9908
      vertex 9.38912 34.6998 31.0766
      vertex 9.15 34.4602 31.0175
    endloop
  endfacet
  facet normal 0.399657 -0.799358 0.448666
    outer loop
      vertex 9.48141 34.0472 30.4779
      vertex 9.6772 34.1951 30.567
      vertex 9.58046 34.2165 30.6913
    endloop
  endfacet
  facet normal 0.399146 -0.799443 0.44897
    outer loop
      vertex 9.48141 34.0472 30.4779
      vertex 9.58046 34.2165 30.6913
      vertex 9.4206 34.0607 30.556
    endloop
  endfacet
  facet normal -0.159214 -0.916132 0.367904
    outer loop
      vertex -11.2423 33.9638 30.3918
      vertex -11.2153 33.9673 30.4122
      vertex -11.3413 34.071 30.6159
    endloop
  endfacet
  facet normal -0.100712 -0.91044 0.401193
    outer loop
      vertex -11.2153 33.9673 30.4122
      vertex -11.1838 33.9695 30.4251
      vertex -11.3413 34.071 30.6159
    endloop
  endfacet
  facet normal -0.563479 -0.620194 0.545757
    outer loop
      vertex -11.8371 34.3927 30.6266
      vertex -11.5805 34.2165 30.6913
      vertex -11.711 34.4206 30.7885
    endloop
  endfacet
  facet normal -0.688522 -0.399668 0.605147
    outer loop
      vertex -11.8371 34.3927 30.6266
      vertex -11.711 34.4206 30.7885
      vertex -11.8033 34.6591 30.841
    endloop
  endfacet
  facet normal -0.704064 0.709578 -0.0281529
    outer loop
      vertex -11.7588 37.0864 29.7587
      vertex -11.9163 36.9394 29.9925
      vertex -11.738 37.1132 29.914
    endloop
  endfacet
  facet normal -0.498925 0.862751 -0.0820611
    outer loop
      vertex -11.7588 37.0864 29.7587
      vertex -11.738 37.1132 29.914
      vertex -11.5196 37.2319 29.8341
    endloop
  endfacet
  facet normal -0.192929 0.93072 0.310708
    outer loop
      vertex -11.249 37.2779 30.1008
      vertex -11.4544 37.1761 30.2782
      vertex -11.3076 37.1865 30.3382
    endloop
  endfacet
  facet normal -0.528277 0.606759 0.593941
    outer loop
      vertex -11.8033 36.7929 30.4724
      vertex -11.6119 36.8179 30.6171
      vertex -11.5467 37.0214 30.4672
    endloop
  endfacet
  facet normal -0.431955 0.78988 0.43532
    outer loop
      vertex -11.5805 37.1596 30.1829
      vertex -11.711 37 30.343
      vertex -11.5467 37.0214 30.4672
    endloop
  endfacet
  facet normal -0.0926055 0.813574 0.57404
    outer loop
      vertex -11.15 37.19 30.3586
      vertex -11.3553 37.0349 30.5453
      vertex -11.15 37.0395 30.5719
    endloop
  endfacet
  facet normal -0.332038 -0.352964 0.874738
    outer loop
      vertex -11.5467 34.4421 30.9127
      vertex -11.3553 34.4556 30.9908
      vertex -11.6119 34.6841 30.9856
    endloop
  endfacet
  facet normal -0.528048 -0.372204 0.763302
    outer loop
      vertex -11.8033 34.6591 30.841
      vertex -11.5467 34.4421 30.9127
      vertex -11.6119 34.6841 30.9856
    endloop
  endfacet
  facet normal -0.113158 -0.342938 0.932517
    outer loop
      vertex -11.15 34.4602 31.0175
      vertex -11.15 34.7052 31.1076
      vertex -11.3891 34.6998 31.0766
    endloop
  endfacet
  facet normal -0.126054 -0.0900534 0.987928
    outer loop
      vertex -11.3891 34.6998 31.0766
      vertex -11.15 34.7052 31.1076
      vertex -11.15 34.9652 31.1313
    endloop
  endfacet
  facet normal -0.306425 0.919489 0.24626
    outer loop
      vertex -11.3413 37.2714 30.0631
      vertex -11.5805 37.1596 30.1829
      vertex -11.4544 37.1761 30.2782
    endloop
  endfacet
  facet normal -0.0997678 0.992317 0.0731701
    outer loop
      vertex -11.1838 37.303 29.8493
      vertex -11.3413 37.2714 30.0631
      vertex -11.249 37.2779 30.1008
    endloop
  endfacet
  facet normal -0.95826 0.231276 -0.168074
    outer loop
      vertex -12.0424 27.3135 -24.4073
      vertex -12.1414 27.1057 -24.1288
      vertex -12.0739 27.3542 -24.1717
    endloop
  endfacet
  facet normal -0.958204 0.231817 -0.16765
    outer loop
      vertex -12.1077 27.0621 -24.3817
      vertex -12.1414 27.1057 -24.1288
      vertex -12.0424 27.3135 -24.4073
    endloop
  endfacet
  facet normal -0.0999774 0.910289 -0.401719
    outer loop
      vertex -11.249 27.8246 -24.6281
      vertex -11.3413 27.8311 -24.5904
      vertex -11.1838 27.9326 -24.3996
    endloop
  endfacet
  facet normal -0.159421 0.915995 -0.368155
    outer loop
      vertex -11.3413 27.8311 -24.5904
      vertex -11.2423 27.9384 -24.3663
      vertex -11.2153 27.9349 -24.3867
    endloop
  endfacet
  facet normal -0.65628 0.647351 -0.387599
    outer loop
      vertex -11.6772 27.7071 -24.5416
      vertex -11.9163 27.542 -24.4125
      vertex -11.738 27.7321 -24.3969
    endloop
  endfacet
  facet normal -0.498884 0.84038 -0.211841
    outer loop
      vertex -11.738 27.7321 -24.3969
      vertex -11.7588 27.7589 -24.2416
      vertex -11.5196 27.8707 -24.3614
    endloop
  endfacet
  facet normal -0.432352 0.597897 -0.674975
    outer loop
      vertex -11.5467 27.4601 -24.8872
      vertex -11.5805 27.6856 -24.6658
      vertex -11.4544 27.6692 -24.7611
    endloop
  endfacet
  facet normal -0.656249 0.64763 -0.387184
    outer loop
      vertex -11.8371 27.5095 -24.6011
      vertex -11.9163 27.542 -24.4125
      vertex -11.6772 27.7071 -24.5416
    endloop
  endfacet
  facet normal -0.207527 0.924359 -0.320144
    outer loop
      vertex -11.4814 27.8549 -24.4524
      vertex -11.263 27.943 -24.3396
      vertex -11.2423 27.9384 -24.3663
    endloop
  endfacet
  facet normal -0.563292 0.620209 -0.545933
    outer loop
      vertex -11.5805 27.6856 -24.6658
      vertex -11.8371 27.5095 -24.6011
      vertex -11.6772 27.7071 -24.5416
    endloop
  endfacet
  facet normal 0.30621 -0.783465 0.540757
    outer loop
      vertex 9.34134 34.071 30.6159
      vertex 9.58046 34.2165 30.6913
      vertex 9.45438 34.233 30.7866
    endloop
  endfacet
  facet normal 0.0331236 -0.907226 0.419337
    outer loop
      vertex 9.18378 33.9695 30.4251
      vertex 9.24905 34.0775 30.6536
      vertex 9.15 34.0798 30.6664
    endloop
  endfacet
  facet normal 0.065614 -0.766485 0.638902
    outer loop
      vertex 9.24905 34.0775 30.6536
      vertex 9.30756 34.2433 30.8465
      vertex 9.15 34.2469 30.867
    endloop
  endfacet
  facet normal 0.19278 -0.772287 0.605317
    outer loop
      vertex 9.24905 34.0775 30.6536
      vertex 9.45438 34.233 30.7866
      vertex 9.30756 34.2433 30.8465
    endloop
  endfacet
  facet normal 0.100752 -0.91046 0.401138
    outer loop
      vertex 9.21526 33.9673 30.4122
      vertex 9.34134 34.071 30.6159
      vertex 9.18378 33.9695 30.4251
    endloop
  endfacet
  facet normal 0.159023 -0.916141 0.367964
    outer loop
      vertex 9.2423 33.9638 30.3918
      vertex 9.34134 34.071 30.6159
      vertex 9.21526 33.9673 30.4122
    endloop
  endfacet
  facet normal -0.331989 0.626037 0.705593
    outer loop
      vertex -11.3553 37.0349 30.5453
      vertex -11.6119 36.8179 30.6171
      vertex -11.3891 36.8336 30.708
    endloop
  endfacet
  facet normal -0.369734 0.404809 0.836317
    outer loop
      vertex -11.6119 36.8179 30.6171
      vertex -11.6457 36.5794 30.7176
      vertex -11.3891 36.8336 30.708
    endloop
  endfacet
  facet normal -0.192595 0.930669 0.311066
    outer loop
      vertex -11.3413 37.2714 30.0631
      vertex -11.4544 37.1761 30.2782
      vertex -11.249 37.2779 30.1008
    endloop
  endfacet
  facet normal -0.0653822 0.936533 0.34443
    outer loop
      vertex -11.249 37.2779 30.1008
      vertex -11.3076 37.1865 30.3382
      vertex -11.15 37.19 30.3586
    endloop
  endfacet
  facet normal -0.0985022 0.909984 -0.402774
    outer loop
      vertex -11.3413 27.8311 -24.5904
      vertex -11.2153 27.9349 -24.3867
      vertex -11.1838 27.9326 -24.3996
    endloop
  endfacet
  facet normal -0.24166 0.934359 -0.261866
    outer loop
      vertex -11.4814 27.8549 -24.4524
      vertex -11.2761 27.9483 -24.3086
      vertex -11.263 27.943 -24.3396
    endloop
  endfacet
  facet normal -0.258532 0.945604 -0.197468
    outer loop
      vertex -11.5196 27.8707 -24.3614
      vertex -11.5327 27.8875 -24.2638
      vertex -11.2761 27.9483 -24.3086
    endloop
  endfacet
  facet normal -0.271704 0.805504 0.526631
    outer loop
      vertex -11.4544 37.1761 30.2782
      vertex -11.5467 37.0214 30.4672
      vertex -11.3553 37.0349 30.5453
    endloop
  endfacet
  facet normal -0.332046 0.626082 0.705526
    outer loop
      vertex -11.5467 37.0214 30.4672
      vertex -11.6119 36.8179 30.6171
      vertex -11.3553 37.0349 30.5453
    endloop
  endfacet
  facet normal -0.0923915 0.813484 0.574201
    outer loop
      vertex -11.3076 37.1865 30.3382
      vertex -11.3553 37.0349 30.5453
      vertex -11.15 37.19 30.3586
    endloop
  endfacet
  facet normal -0.272327 0.805235 0.52672
    outer loop
      vertex -11.4544 37.1761 30.2782
      vertex -11.3553 37.0349 30.5453
      vertex -11.3076 37.1865 30.3382
    endloop
  endfacet
  facet normal -0.464517 0.818865 -0.337172
    outer loop
      vertex -11.6772 27.7071 -24.5416
      vertex -11.5196 27.8707 -24.3614
      vertex -11.4814 27.8549 -24.4524
    endloop
  endfacet
  facet normal -0.398953 0.799511 -0.44902
    outer loop
      vertex -11.5805 27.6856 -24.6658
      vertex -11.6772 27.7071 -24.5416
      vertex -11.4814 27.8549 -24.4524
    endloop
  endfacet
endsolid OpenSCAD_Model
