solid OpenSCAD_Model
  facet normal -0.801928 0.332006 0.496673
    outer loop
      vertex -13.7371 43.5699 32.7088
      vertex -13.8501 43.6352 32.4827
      vertex -13.8163 43.3786 32.7088
    endloop
  endfacet
  facet normal -0.965988 0 0.258588
    outer loop
      vertex -14 10 32.3852
      vertex -13.9739 43.1732 32.4827
      vertex -14 43.1732 32.3852
    endloop
  endfacet
  facet normal -0.965988 0 0.258588
    outer loop
      vertex -13.9739 43.1732 32.4827
      vertex -14 10 32.3852
      vertex -13.9739 10 32.4827
    endloop
  endfacet
  facet normal -0.563408 0.432415 0.703981
    outer loop
      vertex -13.611 43.7342 32.7088
      vertex -13.7371 43.5699 32.7088
      vertex -13.4805 43.6037 32.8934
    endloop
  endfacet
  facet normal 0 0 1
    outer loop
      vertex 11.9195 43.3037 33.0914
      vertex 12.25 43.8786 33.0914
      vertex 11.9195 43.8786 33.0914
    endloop
  endfacet
  facet normal 0 0 1
    outer loop
      vertex 12.25 43.8786 33.0914
      vertex 11.9195 43.3037 33.0914
      vertex 12.25 10 33.0914
    endloop
  endfacet
  facet normal 0 0 1
    outer loop
      vertex -13.1805 43.1732 33.0914
      vertex 11.9195 43.3037 33.0914
      vertex -13.05 43.3037 33.0914
    endloop
  endfacet
  facet normal 0 0 1
    outer loop
      vertex -13.1805 43.1732 33.0914
      vertex -13.05 43.3037 33.0914
      vertex -13.0838 43.2993 33.0914
    endloop
  endfacet
  facet normal 0 0 1
    outer loop
      vertex -13.1805 43.1732 33.0914
      vertex -13.0838 43.2993 33.0914
      vertex -13.1153 43.2863 33.0914
    endloop
  endfacet
  facet normal 0 0 1
    outer loop
      vertex -13.1805 43.1732 33.0914
      vertex -13.1153 43.2863 33.0914
      vertex -13.1423 43.2655 33.0914
    endloop
  endfacet
  facet normal 0 0 1
    outer loop
      vertex -13.1805 43.1732 33.0914
      vertex -13.1423 43.2655 33.0914
      vertex -13.163 43.2385 33.0914
    endloop
  endfacet
  facet normal 0 0 1
    outer loop
      vertex -13.1805 43.1732 33.0914
      vertex -13.163 43.2385 33.0914
      vertex -13.1761 43.207 33.0914
    endloop
  endfacet
  facet normal 0 0 1
    outer loop
      vertex 11.9195 43.3037 33.0914
      vertex -13.1805 43.1732 33.0914
      vertex 12.25 10 33.0914
    endloop
  endfacet
  facet normal 0 0 1
    outer loop
      vertex 12.25 10 33.0914
      vertex -13.1805 43.1732 33.0914
      vertex -13.1805 10 33.0914
    endloop
  endfacet
  facet normal -0.56347 0.432098 0.704125
    outer loop
      vertex -13.4805 43.6037 32.8934
      vertex -13.7371 43.5699 32.7088
      vertex -13.5772 43.4776 32.8934
    endloop
  endfacet
  facet normal -0.258545 0 0.965999
    outer loop
      vertex -13.4327 43.1732 33.0239
      vertex -13.1805 10 33.0914
      vertex -13.1805 43.1732 33.0914
    endloop
  endfacet
  facet normal -0.258545 0 0.965999
    outer loop
      vertex -13.1805 10 33.0914
      vertex -13.4327 43.1732 33.0239
      vertex -13.4327 10 33.0239
    endloop
  endfacet
  facet normal 0 0.499888 0.86609
    outer loop
      vertex -13.05 43.5559 33.0239
      vertex 11.4412 43.782 32.8934
      vertex -13.05 43.782 32.8934
    endloop
  endfacet
  facet normal 0 0.499888 0.86609
    outer loop
      vertex 11.4412 43.782 32.8934
      vertex -13.05 43.5559 33.0239
      vertex 11.6673 43.5559 33.0239
    endloop
  endfacet
  facet normal -0.499888 0 0.86609
    outer loop
      vertex -13.6588 43.1732 32.8934
      vertex -13.4327 10 33.0239
      vertex -13.4327 43.1732 33.0239
    endloop
  endfacet
  facet normal -0.499888 0 0.86609
    outer loop
      vertex -13.4327 10 33.0239
      vertex -13.6588 43.1732 32.8934
      vertex -13.6588 10 32.8934
    endloop
  endfacet
  facet normal -0.528443 0.688393 0.496852
    outer loop
      vertex -13.509 43.8125 32.7088
      vertex -13.666 43.7892 32.5741
      vertex -13.611 43.7342 32.7088
    endloop
  endfacet
  facet normal -0.794025 0.607885 0
    outer loop
      vertex -13.8619 43.7299 32.2305
      vertex -13.9086 43.6689 31.8779
      vertex -13.9086 43.6689 32.2305
    endloop
  endfacet
  facet normal -0.093727 0.703994 0.703994
    outer loop
      vertex -13.05 43.8352 32.8402
      vertex -13.1176 43.8338 32.8326
      vertex -13.05 43.782 32.8934
    endloop
  endfacet
  facet normal 0 0.258545 0.965999
    outer loop
      vertex -13.05 43.3037 33.0914
      vertex 11.6673 43.5559 33.0239
      vertex -13.05 43.5559 33.0239
    endloop
  endfacet
  facet normal 0 0.258545 0.965999
    outer loop
      vertex 11.6673 43.5559 33.0239
      vertex -13.05 43.3037 33.0914
      vertex 11.9195 43.3037 33.0914
    endloop
  endfacet
  facet normal -0.801883 0.332049 0.496716
    outer loop
      vertex -13.8501 43.6352 32.4827
      vertex -13.9424 43.4123 32.4827
      vertex -13.8163 43.3786 32.7088
    endloop
  endfacet
  facet normal -0.86609 0 0.499888
    outer loop
      vertex -13.9739 10 32.4827
      vertex -13.8434 43.1732 32.7088
      vertex -13.9739 43.1732 32.4827
    endloop
  endfacet
  facet normal -0.86609 0 0.499888
    outer loop
      vertex -13.8434 43.1732 32.7088
      vertex -13.9739 10 32.4827
      vertex -13.8434 10 32.7088
    endloop
  endfacet
  facet normal -0.958279 0.126084 0.256524
    outer loop
      vertex -13.9739 43.1732 32.4827
      vertex -14 43.2733 32.336
      vertex -14 43.1732 32.3852
    endloop
  endfacet
  facet normal -0.958232 0.126241 0.256623
    outer loop
      vertex -14 43.2733 32.336
      vertex -13.9739 43.1732 32.4827
      vertex -13.9424 43.4123 32.4827
    endloop
  endfacet
  facet normal -0.860415 0.113521 0.496789
    outer loop
      vertex -13.8163 43.3786 32.7088
      vertex -13.9424 43.4123 32.4827
      vertex -13.8434 43.1732 32.7088
    endloop
  endfacet
  facet normal -0.258398 0.0336376 0.965453
    outer loop
      vertex -13.1761 43.207 33.0914
      vertex -13.4327 43.1732 33.0239
      vertex -13.1805 43.1732 33.0914
    endloop
  endfacet
  facet normal -0.399276 0.306185 0.864193
    outer loop
      vertex -13.4805 43.6037 32.8934
      vertex -13.5772 43.4776 32.8934
      vertex -13.3814 43.3646 33.0239
    endloop
  endfacet
  facet normal -0.258459 0.0341656 0.965418
    outer loop
      vertex -13.4196 43.2723 33.0239
      vertex -13.4327 43.1732 33.0239
      vertex -13.1761 43.207 33.0914
    endloop
  endfacet
  facet normal -0.707107 0 0.707107
    outer loop
      vertex -13.8434 10 32.7088
      vertex -13.6588 43.1732 32.8934
      vertex -13.8434 43.1732 32.7088
    endloop
  endfacet
  facet normal -0.707107 0 0.707107
    outer loop
      vertex -13.6588 43.1732 32.8934
      vertex -13.8434 10 32.7088
      vertex -13.6588 10 32.8934
    endloop
  endfacet
  facet normal -0.704049 0.0928907 0.704049
    outer loop
      vertex -13.8163 43.3786 32.7088
      vertex -13.8434 43.1732 32.7088
      vertex -13.6588 43.1732 32.8934
    endloop
  endfacet
  facet normal -0.892998 0.369779 0.25655
    outer loop
      vertex -13.9086 43.6689 32.2305
      vertex -13.9424 43.4123 32.4827
      vertex -13.8501 43.6352 32.4827
    endloop
  endfacet
  facet normal -0.860506 0.113367 0.496666
    outer loop
      vertex -13.9424 43.4123 32.4827
      vertex -13.9739 43.1732 32.4827
      vertex -13.8434 43.1732 32.7088
    endloop
  endfacet
  facet normal 0 0.707107 0.707107
    outer loop
      vertex 11.3881 43.8352 32.8402
      vertex -13.05 43.782 32.8934
      vertex 11.4412 43.782 32.8934
    endloop
  endfacet
  facet normal 0 0.707107 0.707107
    outer loop
      vertex -13.05 43.782 32.8934
      vertex 11.3881 43.8352 32.8402
      vertex -13.05 43.8352 32.8402
    endloop
  endfacet
  facet normal -0.68925 0.528123 0.496004
    outer loop
      vertex -13.7371 43.5699 32.7088
      vertex -13.666 43.7892 32.5741
      vertex -13.7093 43.7804 32.5233
    endloop
  endfacet
  facet normal -0.688445 0.52838 0.496848
    outer loop
      vertex -13.666 43.7892 32.5741
      vertex -13.7371 43.5699 32.7088
      vertex -13.611 43.7342 32.7088
    endloop
  endfacet
  facet normal -0.688242 0.528383 0.497126
    outer loop
      vertex -13.8501 43.6352 32.4827
      vertex -13.7093 43.7804 32.5233
      vertex -13.744 43.7734 32.4827
    endloop
  endfacet
  facet normal -0.688366 0.528621 0.496702
    outer loop
      vertex -13.7093 43.7804 32.5233
      vertex -13.8501 43.6352 32.4827
      vertex -13.7371 43.5699 32.7088
    endloop
  endfacet
  facet normal -0.0336376 0.258398 0.965453
    outer loop
      vertex -13.05 43.5559 33.0239
      vertex -13.0838 43.2993 33.0914
      vertex -13.05 43.3037 33.0914
    endloop
  endfacet
  facet normal -0.192806 0.464648 0.86425
    outer loop
      vertex -13.149 43.5429 33.0239
      vertex -13.3544 43.7004 32.8934
      vertex -13.2413 43.5046 33.0239
    endloop
  endfacet
  facet normal -0.306123 0.399195 0.864252
    outer loop
      vertex -13.3544 43.7004 32.8934
      vertex -13.4805 43.6037 32.8934
      vertex -13.2413 43.5046 33.0239
    endloop
  endfacet
  facet normal -0.923843 0.382771 0
    outer loop
      vertex -14 43.4483 32.2305
      vertex -13.9086 43.6689 31.8779
      vertex -14 43.4483 30.6006
    endloop
  endfacet
  facet normal -0.923843 0.382771 0
    outer loop
      vertex -13.9086 43.6689 31.8779
      vertex -14 43.4483 32.2305
      vertex -13.9086 43.6689 32.2305
    endloop
  endfacet
  facet normal -0.767214 0.587359 0.257667
    outer loop
      vertex -13.8619 43.7299 32.2305
      vertex -13.9086 43.6689 32.2305
      vertex -13.7989 43.7531 32.3652
    endloop
  endfacet
  facet normal -0.0929792 0.704496 0.703591
    outer loop
      vertex -13.1176 43.8338 32.8326
      vertex -13.2076 43.7612 32.8934
      vertex -13.05 43.782 32.8934
    endloop
  endfacet
  facet normal -0.0925257 0.704218 0.703929
    outer loop
      vertex -13.2076 43.7612 32.8934
      vertex -13.1176 43.8338 32.8326
      vertex -13.2264 43.8317 32.8204
    endloop
  endfacet
  facet normal -0.271572 0.656255 0.703973
    outer loop
      vertex -13.3018 43.8274 32.7953
      vertex -13.4237 43.8204 32.7548
      vertex -13.3544 43.7004 32.8934
    endloop
  endfacet
  facet normal -0.431738 0.563653 0.7042
    outer loop
      vertex -13.509 43.8125 32.7088
      vertex -13.4805 43.6037 32.8934
      vertex -13.4523 43.8177 32.7394
    endloop
  endfacet
  facet normal -0.432465 0.563364 0.703985
    outer loop
      vertex -13.4805 43.6037 32.8934
      vertex -13.509 43.8125 32.7088
      vertex -13.611 43.7342 32.7088
    endloop
  endfacet
  facet normal -0.656085 0.271625 0.704111
    outer loop
      vertex -13.7371 43.5699 32.7088
      vertex -13.8163 43.3786 32.7088
      vertex -13.5772 43.4776 32.8934
    endloop
  endfacet
  facet normal -0.4988 0.0659363 0.864205
    outer loop
      vertex -13.4196 43.2723 33.0239
      vertex -13.6588 43.1732 32.8934
      vertex -13.4327 43.1732 33.0239
    endloop
  endfacet
  facet normal -0.20683 0.15857 0.965441
    outer loop
      vertex -13.1423 43.2655 33.0914
      vertex -13.3814 43.3646 33.0239
      vertex -13.163 43.2385 33.0914
    endloop
  endfacet
  facet normal -0.399027 0.306324 0.864258
    outer loop
      vertex -13.3206 43.4438 33.0239
      vertex -13.4805 43.6037 32.8934
      vertex -13.3814 43.3646 33.0239
    endloop
  endfacet
  facet normal -0.958218 0.126122 0.256731
    outer loop
      vertex -14 43.4278 32.2601
      vertex -14 43.2733 32.336
      vertex -13.9424 43.4123 32.4827
    endloop
  endfacet
  facet normal -0.892998 0.369991 0.256244
    outer loop
      vertex -14 43.4278 32.2601
      vertex -13.9086 43.6689 32.2305
      vertex -14 43.4483 32.2305
    endloop
  endfacet
  facet normal -0.892837 0.369998 0.256794
    outer loop
      vertex -13.9086 43.6689 32.2305
      vertex -14 43.4278 32.2601
      vertex -13.9424 43.4123 32.4827
    endloop
  endfacet
  facet normal -0.464928 0.192419 0.864186
    outer loop
      vertex -13.3814 43.3646 33.0239
      vertex -13.5772 43.4776 32.8934
      vertex -13.4196 43.2723 33.0239
    endloop
  endfacet
  facet normal -0.766687 0.588562 0.256486
    outer loop
      vertex -13.8501 43.6352 32.4827
      vertex -13.7989 43.7531 32.3652
      vertex -13.9086 43.6689 32.2305
    endloop
  endfacet
  facet normal -0.766658 0.588585 0.256521
    outer loop
      vertex -13.7989 43.7531 32.3652
      vertex -13.8501 43.6352 32.4827
      vertex -13.744 43.7734 32.4827
    endloop
  endfacet
  facet normal -0.0994934 0.24108 0.965392
    outer loop
      vertex -13.0838 43.2993 33.0914
      vertex -13.2413 43.5046 33.0239
      vertex -13.1153 43.2863 33.0914
    endloop
  endfacet
  facet normal -0.432275 0.563486 0.704004
    outer loop
      vertex -13.4523 43.8177 32.7394
      vertex -13.3544 43.7004 32.8934
      vertex -13.4237 43.8204 32.7548
    endloop
  endfacet
  facet normal -0.432173 0.563568 0.704001
    outer loop
      vertex -13.3544 43.7004 32.8934
      vertex -13.4523 43.8177 32.7394
      vertex -13.4805 43.6037 32.8934
    endloop
  endfacet
  facet normal -0.240612 0.100064 0.96545
    outer loop
      vertex -13.163 43.2385 33.0914
      vertex -13.3814 43.3646 33.0239
      vertex -13.1761 43.207 33.0914
    endloop
  endfacet
  facet normal -0.240886 0.099695 0.96542
    outer loop
      vertex -13.3814 43.3646 33.0239
      vertex -13.4196 43.2723 33.0239
      vertex -13.1761 43.207 33.0914
    endloop
  endfacet
  facet normal -0.0658463 0.498913 0.864147
    outer loop
      vertex -13.05 43.782 32.8934
      vertex -13.2076 43.7612 32.8934
      vertex -13.149 43.5429 33.0239
    endloop
  endfacet
  facet normal -0.271732 0.656334 0.703837
    outer loop
      vertex -13.3018 43.8274 32.7953
      vertex -13.2076 43.7612 32.8934
      vertex -13.2264 43.8317 32.8204
    endloop
  endfacet
  facet normal -0.271807 0.656271 0.703867
    outer loop
      vertex -13.2076 43.7612 32.8934
      vertex -13.3018 43.8274 32.7953
      vertex -13.3544 43.7004 32.8934
    endloop
  endfacet
  facet normal -0.464827 0.192517 0.864218
    outer loop
      vertex -13.5772 43.4776 32.8934
      vertex -13.638 43.3308 32.8934
      vertex -13.4196 43.2723 33.0239
    endloop
  endfacet
  facet normal -0.656092 0.271733 0.704063
    outer loop
      vertex -13.5772 43.4776 32.8934
      vertex -13.8163 43.3786 32.7088
      vertex -13.638 43.3308 32.8934
    endloop
  endfacet
  facet normal -0.192552 0.464911 0.864165
    outer loop
      vertex -13.2076 43.7612 32.8934
      vertex -13.3544 43.7004 32.8934
      vertex -13.149 43.5429 33.0239
    endloop
  endfacet
  facet normal -0.0999088 0.240772 0.965426
    outer loop
      vertex -13.149 43.5429 33.0239
      vertex -13.2413 43.5046 33.0239
      vertex -13.0838 43.2993 33.0914
    endloop
  endfacet
  facet normal -0.206762 0.158726 0.96543
    outer loop
      vertex -13.3206 43.4438 33.0239
      vertex -13.3814 43.3646 33.0239
      vertex -13.1423 43.2655 33.0914
    endloop
  endfacet
  facet normal -0.15918 0.206628 0.965384
    outer loop
      vertex -13.1153 43.2863 33.0914
      vertex -13.2413 43.5046 33.0239
      vertex -13.1423 43.2655 33.0914
    endloop
  endfacet
  facet normal -0.704031 0.0929178 0.704064
    outer loop
      vertex -13.638 43.3308 32.8934
      vertex -13.8163 43.3786 32.7088
      vertex -13.6588 43.1732 32.8934
    endloop
  endfacet
  facet normal -0.49877 0.0658275 0.864231
    outer loop
      vertex -13.638 43.3308 32.8934
      vertex -13.6588 43.1732 32.8934
      vertex -13.4196 43.2723 33.0239
    endloop
  endfacet
  facet normal -0.0339356 0.258432 0.965433
    outer loop
      vertex -13.05 43.5559 33.0239
      vertex -13.149 43.5429 33.0239
      vertex -13.0838 43.2993 33.0914
    endloop
  endfacet
  facet normal -0.0655009 0.498815 0.86423
    outer loop
      vertex -13.05 43.782 32.8934
      vertex -13.149 43.5429 33.0239
      vertex -13.05 43.5559 33.0239
    endloop
  endfacet
  facet normal -0.158612 0.206874 0.965425
    outer loop
      vertex -13.2413 43.5046 33.0239
      vertex -13.3206 43.4438 33.0239
      vertex -13.1423 43.2655 33.0914
    endloop
  endfacet
  facet normal -0.306099 0.399238 0.864241
    outer loop
      vertex -13.2413 43.5046 33.0239
      vertex -13.4805 43.6037 32.8934
      vertex -13.3206 43.4438 33.0239
    endloop
  endfacet
  facet normal 0 0.7185 -0.695527
    outer loop
      vertex 12.25 32.6894 -24.4
      vertex 11.9614 34.2214 -22.8174
      vertex 12.25 34.2214 -22.8174
    endloop
  endfacet
  facet normal 0 0.7185 -0.695527
    outer loop
      vertex 11.9614 34.2214 -22.8174
      vertex 12.25 32.6894 -24.4
      vertex 11.9614 32.6894 -24.4
    endloop
  endfacet
  facet normal 1 0 0
    outer loop
      vertex 11.9614 34.2214 -22.8174
      vertex 11.9614 32.6894 -24.4
      vertex 11.9614 33.9481 -24.4
    endloop
  endfacet
  facet normal -0.707772 0 0.706441
    outer loop
      vertex 11.4412 43.8443 32.8934
      vertex 11.3881 43.8352 32.8402
      vertex 11.4412 43.782 32.8934
    endloop
  endfacet
  facet normal -0.258545 0 0.965999
    outer loop
      vertex 11.6673 43.5559 33.0239
      vertex 11.9195 43.8786 33.0914
      vertex 11.6673 43.8669 33.0239
    endloop
  endfacet
  facet normal -0.258545 0 0.965999
    outer loop
      vertex 11.9195 43.8786 33.0914
      vertex 11.6673 43.5559 33.0239
      vertex 11.9195 43.3037 33.0914
    endloop
  endfacet
  facet normal -0.499888 0 0.86609
    outer loop
      vertex 11.4412 43.782 32.8934
      vertex 11.6673 43.8669 33.0239
      vertex 11.4412 43.8443 32.8934
    endloop
  endfacet
  facet normal -0.499888 0 0.86609
    outer loop
      vertex 11.6673 43.8669 33.0239
      vertex 11.4412 43.782 32.8934
      vertex 11.6673 43.5559 33.0239
    endloop
  endfacet
  facet normal -0.896898 -0.442237 0
    outer loop
      vertex 0.524401 15.4899 -9.5
      vertex 0.428942 15.6835 -9.1
      vertex 0.428942 15.6835 -9.5
    endloop
  endfacet
  facet normal -0.896898 -0.442237 0
    outer loop
      vertex 0.428942 15.6835 -9.1
      vertex 0.524401 15.4899 -9.5
      vertex 0.524401 15.4899 -9.1
    endloop
  endfacet
  facet normal -0.896898 -0.442237 0
    outer loop
      vertex 0.524401 15.4899 -24.4
      vertex 0.428942 15.6835 -13.1
      vertex 0.428942 15.6835 -24.4
    endloop
  endfacet
  facet normal -0.896898 -0.442237 0
    outer loop
      vertex 0.428942 15.6835 -13.1
      vertex 0.524401 15.4899 -24.4
      vertex 0.524401 15.4899 -13.1
    endloop
  endfacet
  facet normal -0.831387 -0.555694 0
    outer loop
      vertex 0.428942 15.6835 -9.5
      vertex 0.309032 15.8629 -9.1
      vertex 0.309032 15.8629 -9.5
    endloop
  endfacet
  facet normal -0.831387 -0.555694 0
    outer loop
      vertex 0.309032 15.8629 -9.1
      vertex 0.428942 15.6835 -9.5
      vertex 0.428942 15.6835 -9.1
    endloop
  endfacet
  facet normal -0.831387 -0.555694 0
    outer loop
      vertex 0.428942 15.6835 -24.4
      vertex 0.309032 15.8629 -13.1
      vertex 0.309032 15.8629 -24.4
    endloop
  endfacet
  facet normal -0.831387 -0.555694 0
    outer loop
      vertex 0.309032 15.8629 -13.1
      vertex 0.428942 15.6835 -24.4
      vertex 0.428942 15.6835 -13.1
    endloop
  endfacet
  facet normal -0.195061 -0.980791 0
    outer loop
      vertex -0.784632 16.4944 -9.5
      vertex -0.572948 16.4523 -9.1
      vertex -0.784632 16.4944 -9.1
    endloop
  endfacet
  facet normal -0.195061 -0.980791 -0
    outer loop
      vertex -0.572948 16.4523 -9.1
      vertex -0.784632 16.4944 -9.5
      vertex -0.572948 16.4523 -9.5
    endloop
  endfacet
  facet normal -0.195061 -0.980791 0
    outer loop
      vertex -0.784632 16.4944 -24.4
      vertex -0.572948 16.4523 -13.1
      vertex -0.784632 16.4944 -13.1
    endloop
  endfacet
  facet normal -0.195061 -0.980791 -0
    outer loop
      vertex -0.572948 16.4523 -13.1
      vertex -0.784632 16.4944 -24.4
      vertex -0.572948 16.4523 -24.4
    endloop
  endfacet
  facet normal -0.321538 -0.946897 0
    outer loop
      vertex -0.572948 16.4523 -9.5
      vertex -0.368572 16.3829 -9.1
      vertex -0.572948 16.4523 -9.1
    endloop
  endfacet
  facet normal -0.321538 -0.946897 -0
    outer loop
      vertex -0.368572 16.3829 -9.1
      vertex -0.572948 16.4523 -9.5
      vertex -0.368572 16.3829 -9.5
    endloop
  endfacet
  facet normal -0.321538 -0.946897 0
    outer loop
      vertex -0.572948 16.4523 -24.4
      vertex -0.368572 16.3829 -13.1
      vertex -0.572948 16.4523 -13.1
    endloop
  endfacet
  facet normal -0.321538 -0.946897 -0
    outer loop
      vertex -0.368572 16.3829 -13.1
      vertex -0.572948 16.4523 -24.4
      vertex -0.368572 16.3829 -24.4
    endloop
  endfacet
  facet normal 0.321532 -0.946899 0
    outer loop
      vertex -1.63143 16.3829 -9.5
      vertex -1.42705 16.4523 -9.1
      vertex -1.63143 16.3829 -9.1
    endloop
  endfacet
  facet normal 0.321532 -0.946899 0
    outer loop
      vertex -1.42705 16.4523 -9.1
      vertex -1.63143 16.3829 -9.5
      vertex -1.42705 16.4523 -9.5
    endloop
  endfacet
  facet normal 0.321532 -0.946899 0
    outer loop
      vertex -1.63143 16.3829 -24.4
      vertex -1.42705 16.4523 -13.1
      vertex -1.63143 16.3829 -13.1
    endloop
  endfacet
  facet normal 0.321532 -0.946899 0
    outer loop
      vertex -1.42705 16.4523 -13.1
      vertex -1.63143 16.3829 -24.4
      vertex -1.42705 16.4523 -24.4
    endloop
  endfacet
  facet normal 0.896897 -0.44224 0
    outer loop
      vertex -2.5244 15.4899 -9.1
      vertex -2.42894 15.6835 -9.5
      vertex -2.42894 15.6835 -9.1
    endloop
  endfacet
  facet normal 0.896897 -0.44224 0
    outer loop
      vertex -2.42894 15.6835 -9.5
      vertex -2.5244 15.4899 -9.1
      vertex -2.5244 15.4899 -9.5
    endloop
  endfacet
  facet normal 0.896897 -0.44224 0
    outer loop
      vertex -2.5244 15.4899 -13.1
      vertex -2.42894 15.6835 -24.4
      vertex -2.42894 15.6835 -13.1
    endloop
  endfacet
  facet normal 0.896897 -0.44224 0
    outer loop
      vertex -2.42894 15.6835 -24.4
      vertex -2.5244 15.4899 -13.1
      vertex -2.5244 15.4899 -24.4
    endloop
  endfacet
  facet normal -0.997859 0.0653982 0
    outer loop
      vertex 0.635883 14.6431 -9.5
      vertex 0.65 14.8585 -9.1
      vertex 0.65 14.8585 -9.5
    endloop
  endfacet
  facet normal -0.997859 0.0653982 0
    outer loop
      vertex 0.65 14.8585 -9.1
      vertex 0.635883 14.6431 -9.5
      vertex 0.635883 14.6431 -9.1
    endloop
  endfacet
  facet normal -0.997859 0.0653982 0
    outer loop
      vertex 0.635883 14.6431 -24.4
      vertex 0.65 14.8585 -13.1
      vertex 0.65 14.8585 -24.4
    endloop
  endfacet
  facet normal -0.997859 0.0653982 0
    outer loop
      vertex 0.65 14.8585 -13.1
      vertex 0.635883 14.6431 -24.4
      vertex 0.635883 14.6431 -13.1
    endloop
  endfacet
  facet normal -0.442439 0.896799 0
    outer loop
      vertex -0.174999 13.4296 -9.5
      vertex -0.368572 13.3341 -9.1
      vertex -0.174999 13.4296 -9.1
    endloop
  endfacet
  facet normal -0.442439 0.896799 0
    outer loop
      vertex -0.368572 13.3341 -9.1
      vertex -0.174999 13.4296 -9.5
      vertex -0.368572 13.3341 -9.5
    endloop
  endfacet
  facet normal -0.442439 0.896799 0
    outer loop
      vertex -0.174999 13.4296 -24.4
      vertex -0.368572 13.3341 -13.1
      vertex -0.174999 13.4296 -13.1
    endloop
  endfacet
  facet normal -0.442439 0.896799 0
    outer loop
      vertex -0.368572 13.3341 -13.1
      vertex -0.174999 13.4296 -24.4
      vertex -0.368572 13.3341 -24.4
    endloop
  endfacet
  facet normal -0.659327 -0.751857 0
    outer loop
      vertex 0.00445557 16.1675 -9.5
      vertex 0.166726 16.0252 -9.1
      vertex 0.00445557 16.1675 -9.1
    endloop
  endfacet
  facet normal -0.659327 -0.751857 -0
    outer loop
      vertex 0.166726 16.0252 -9.1
      vertex 0.00445557 16.1675 -9.5
      vertex 0.166726 16.0252 -9.5
    endloop
  endfacet
  facet normal -0.659327 -0.751857 0
    outer loop
      vertex 0.00445557 16.1675 -24.4
      vertex 0.166726 16.0252 -13.1
      vertex 0.00445557 16.1675 -13.1
    endloop
  endfacet
  facet normal -0.659327 -0.751857 -0
    outer loop
      vertex 0.166726 16.0252 -13.1
      vertex 0.00445557 16.1675 -24.4
      vertex 0.166726 16.0252 -24.4
    endloop
  endfacet
  facet normal -0.0653295 -0.997864 0
    outer loop
      vertex -1 16.5085 -9.5
      vertex -0.784632 16.4944 -9.1
      vertex -1 16.5085 -9.1
    endloop
  endfacet
  facet normal -0.0653295 -0.997864 -0
    outer loop
      vertex -0.784632 16.4944 -9.1
      vertex -1 16.5085 -9.5
      vertex -0.784632 16.4944 -9.5
    endloop
  endfacet
  facet normal -0.0653295 -0.997864 0
    outer loop
      vertex -1 16.5085 -24.4
      vertex -0.784632 16.4944 -13.1
      vertex -1 16.5085 -13.1
    endloop
  endfacet
  facet normal -0.0653295 -0.997864 -0
    outer loop
      vertex -0.784632 16.4944 -13.1
      vertex -1 16.5085 -24.4
      vertex -0.784632 16.4944 -24.4
    endloop
  endfacet
  facet normal 0.997858 -0.0654121 0
    outer loop
      vertex -2.65 14.8585 -9.1
      vertex -2.63588 15.0739 -9.5
      vertex -2.63588 15.0739 -9.1
    endloop
  endfacet
  facet normal 0.997858 -0.0654121 0
    outer loop
      vertex -2.63588 15.0739 -9.5
      vertex -2.65 14.8585 -9.1
      vertex -2.65 14.8585 -9.5
    endloop
  endfacet
  facet normal 0.997858 -0.0654121 0
    outer loop
      vertex -2.65 14.8585 -13.1
      vertex -2.63588 15.0739 -24.4
      vertex -2.63588 15.0739 -13.1
    endloop
  endfacet
  facet normal 0.997858 -0.0654121 0
    outer loop
      vertex -2.63588 15.0739 -24.4
      vertex -2.65 14.8585 -13.1
      vertex -2.65 14.8585 -24.4
    endloop
  endfacet
  facet normal 0.980776 -0.195136 0
    outer loop
      vertex -2.63588 15.0739 -9.1
      vertex -2.59378 15.2855 -9.5
      vertex -2.59378 15.2855 -9.1
    endloop
  endfacet
  facet normal 0.980776 -0.195136 0
    outer loop
      vertex -2.59378 15.2855 -9.5
      vertex -2.63588 15.0739 -9.1
      vertex -2.63588 15.0739 -9.5
    endloop
  endfacet
  facet normal 0.980776 -0.195136 0
    outer loop
      vertex -2.63588 15.0739 -13.1
      vertex -2.59378 15.2855 -24.4
      vertex -2.59378 15.2855 -13.1
    endloop
  endfacet
  facet normal 0.980776 -0.195136 0
    outer loop
      vertex -2.59378 15.2855 -24.4
      vertex -2.63588 15.0739 -13.1
      vertex -2.63588 15.0739 -24.4
    endloop
  endfacet
  facet normal 0.751916 -0.659259 0
    outer loop
      vertex -2.30903 15.8629 -9.1
      vertex -2.16673 16.0252 -9.5
      vertex -2.16673 16.0252 -9.1
    endloop
  endfacet
  facet normal 0.751916 -0.659259 0
    outer loop
      vertex -2.16673 16.0252 -9.5
      vertex -2.30903 15.8629 -9.1
      vertex -2.30903 15.8629 -9.5
    endloop
  endfacet
  facet normal 0.751916 -0.659259 0
    outer loop
      vertex -2.30903 15.8629 -13.1
      vertex -2.16673 16.0252 -24.4
      vertex -2.16673 16.0252 -13.1
    endloop
  endfacet
  facet normal 0.751916 -0.659259 0
    outer loop
      vertex -2.16673 16.0252 -24.4
      vertex -2.30903 15.8629 -13.1
      vertex -2.30903 15.8629 -24.4
    endloop
  endfacet
  facet normal 0.195065 -0.98079 0
    outer loop
      vertex -1.42705 16.4523 -9.5
      vertex -1.21537 16.4944 -9.1
      vertex -1.42705 16.4523 -9.1
    endloop
  endfacet
  facet normal 0.195065 -0.98079 0
    outer loop
      vertex -1.21537 16.4944 -9.1
      vertex -1.42705 16.4523 -9.5
      vertex -1.21537 16.4944 -9.5
    endloop
  endfacet
  facet normal 0.195065 -0.98079 0
    outer loop
      vertex -1.42705 16.4523 -24.4
      vertex -1.21537 16.4944 -13.1
      vertex -1.42705 16.4523 -13.1
    endloop
  endfacet
  facet normal 0.195065 -0.98079 0
    outer loop
      vertex -1.21537 16.4944 -13.1
      vertex -1.42705 16.4523 -24.4
      vertex -1.21537 16.4944 -24.4
    endloop
  endfacet
  facet normal 0.659328 -0.751856 0
    outer loop
      vertex -2.16673 16.0252 -9.5
      vertex -2.00446 16.1675 -9.1
      vertex -2.16673 16.0252 -9.1
    endloop
  endfacet
  facet normal 0.659328 -0.751856 0
    outer loop
      vertex -2.00446 16.1675 -9.1
      vertex -2.16673 16.0252 -9.5
      vertex -2.00446 16.1675 -9.5
    endloop
  endfacet
  facet normal 0.659328 -0.751856 0
    outer loop
      vertex -2.16673 16.0252 -24.4
      vertex -2.00446 16.1675 -13.1
      vertex -2.16673 16.0252 -13.1
    endloop
  endfacet
  facet normal 0.659328 -0.751856 0
    outer loop
      vertex -2.00446 16.1675 -13.1
      vertex -2.16673 16.0252 -24.4
      vertex -2.00446 16.1675 -24.4
    endloop
  endfacet
  facet normal -0.997859 -0.0653982 0
    outer loop
      vertex 0.65 14.8585 -9.5
      vertex 0.635883 15.0739 -9.1
      vertex 0.635883 15.0739 -9.5
    endloop
  endfacet
  facet normal -0.997859 -0.0653982 0
    outer loop
      vertex 0.635883 15.0739 -9.1
      vertex 0.65 14.8585 -9.5
      vertex 0.65 14.8585 -9.1
    endloop
  endfacet
  facet normal -0.997859 -0.0653982 0
    outer loop
      vertex 0.65 14.8585 -24.4
      vertex 0.635883 15.0739 -13.1
      vertex 0.635883 15.0739 -24.4
    endloop
  endfacet
  facet normal -0.997859 -0.0653982 0
    outer loop
      vertex 0.635883 15.0739 -13.1
      vertex 0.65 14.8585 -24.4
      vertex 0.65 14.8585 -13.1
    endloop
  endfacet
  facet normal -0.896898 0.442237 0
    outer loop
      vertex 0.428942 14.0335 -9.5
      vertex 0.524401 14.2271 -9.1
      vertex 0.524401 14.2271 -9.5
    endloop
  endfacet
  facet normal -0.896898 0.442237 0
    outer loop
      vertex 0.524401 14.2271 -9.1
      vertex 0.428942 14.0335 -9.5
      vertex 0.428942 14.0335 -9.1
    endloop
  endfacet
  facet normal -0.896898 0.442237 0
    outer loop
      vertex 0.428942 14.0335 -24.4
      vertex 0.524401 14.2271 -13.1
      vertex 0.524401 14.2271 -24.4
    endloop
  endfacet
  facet normal -0.896898 0.442237 0
    outer loop
      vertex 0.524401 14.2271 -13.1
      vertex 0.428942 14.0335 -24.4
      vertex 0.428942 14.0335 -13.1
    endloop
  endfacet
  facet normal 0.0653289 0.997864 -0
    outer loop
      vertex -1 13.2085 -9.5
      vertex -1.21537 13.2226 -9.1
      vertex -1 13.2085 -9.1
    endloop
  endfacet
  facet normal 0.0653289 0.997864 0
    outer loop
      vertex -1.21537 13.2226 -9.1
      vertex -1 13.2085 -9.5
      vertex -1.21537 13.2226 -9.5
    endloop
  endfacet
  facet normal 0.0653289 0.997864 -0
    outer loop
      vertex -1 13.2085 -24.4
      vertex -1.21537 13.2226 -13.1
      vertex -1 13.2085 -13.1
    endloop
  endfacet
  facet normal 0.0653289 0.997864 0
    outer loop
      vertex -1.21537 13.2226 -13.1
      vertex -1 13.2085 -24.4
      vertex -1.21537 13.2226 -24.4
    endloop
  endfacet
  facet normal -0.321538 0.946897 0
    outer loop
      vertex -0.368572 13.3341 -9.5
      vertex -0.572948 13.2647 -9.1
      vertex -0.368572 13.3341 -9.1
    endloop
  endfacet
  facet normal -0.321538 0.946897 0
    outer loop
      vertex -0.572948 13.2647 -9.1
      vertex -0.368572 13.3341 -9.5
      vertex -0.572948 13.2647 -9.5
    endloop
  endfacet
  facet normal -0.321538 0.946897 0
    outer loop
      vertex -0.368572 13.3341 -24.4
      vertex -0.572948 13.2647 -13.1
      vertex -0.368572 13.3341 -13.1
    endloop
  endfacet
  facet normal -0.321538 0.946897 0
    outer loop
      vertex -0.572948 13.2647 -13.1
      vertex -0.368572 13.3341 -24.4
      vertex -0.572948 13.2647 -24.4
    endloop
  endfacet
  facet normal -0.946942 -0.321404 0
    outer loop
      vertex 0.593777 15.2855 -9.5
      vertex 0.524401 15.4899 -9.1
      vertex 0.524401 15.4899 -9.5
    endloop
  endfacet
  facet normal -0.946942 -0.321404 0
    outer loop
      vertex 0.524401 15.4899 -9.1
      vertex 0.593777 15.2855 -9.5
      vertex 0.593777 15.2855 -9.1
    endloop
  endfacet
  facet normal -0.946942 -0.321404 0
    outer loop
      vertex 0.593777 15.2855 -24.4
      vertex 0.524401 15.4899 -13.1
      vertex 0.524401 15.4899 -24.4
    endloop
  endfacet
  facet normal -0.946942 -0.321404 0
    outer loop
      vertex 0.524401 15.4899 -13.1
      vertex 0.593777 15.2855 -24.4
      vertex 0.593777 15.2855 -13.1
    endloop
  endfacet
  facet normal -0.751902 -0.659274 0
    outer loop
      vertex 0.309032 15.8629 -9.5
      vertex 0.166726 16.0252 -9.1
      vertex 0.166726 16.0252 -9.5
    endloop
  endfacet
  facet normal -0.751902 -0.659274 0
    outer loop
      vertex 0.166726 16.0252 -9.1
      vertex 0.309032 15.8629 -9.5
      vertex 0.309032 15.8629 -9.1
    endloop
  endfacet
  facet normal -0.751902 -0.659274 0
    outer loop
      vertex 0.309032 15.8629 -24.4
      vertex 0.166726 16.0252 -13.1
      vertex 0.166726 16.0252 -24.4
    endloop
  endfacet
  facet normal -0.751902 -0.659274 0
    outer loop
      vertex 0.166726 16.0252 -13.1
      vertex 0.309032 15.8629 -24.4
      vertex 0.309032 15.8629 -13.1
    endloop
  endfacet
  facet normal 0.0653289 -0.997864 0
    outer loop
      vertex -1.21537 16.4944 -9.5
      vertex -1 16.5085 -9.1
      vertex -1.21537 16.4944 -9.1
    endloop
  endfacet
  facet normal 0.0653289 -0.997864 0
    outer loop
      vertex -1 16.5085 -9.1
      vertex -1.21537 16.4944 -9.5
      vertex -1 16.5085 -9.5
    endloop
  endfacet
  facet normal 0.0653289 -0.997864 0
    outer loop
      vertex -1.21537 16.4944 -24.4
      vertex -1 16.5085 -13.1
      vertex -1.21537 16.4944 -13.1
    endloop
  endfacet
  facet normal 0.0653289 -0.997864 0
    outer loop
      vertex -1 16.5085 -13.1
      vertex -1.21537 16.4944 -24.4
      vertex -1 16.5085 -24.4
    endloop
  endfacet
  facet normal -0.555546 -0.831486 0
    outer loop
      vertex -0.174999 16.2874 -9.5
      vertex 0.00445557 16.1675 -9.1
      vertex -0.174999 16.2874 -9.1
    endloop
  endfacet
  facet normal -0.555546 -0.831486 -0
    outer loop
      vertex 0.00445557 16.1675 -9.1
      vertex -0.174999 16.2874 -9.5
      vertex 0.00445557 16.1675 -9.5
    endloop
  endfacet
  facet normal -0.555546 -0.831486 0
    outer loop
      vertex -0.174999 16.2874 -24.4
      vertex 0.00445557 16.1675 -13.1
      vertex -0.174999 16.2874 -13.1
    endloop
  endfacet
  facet normal -0.555546 -0.831486 -0
    outer loop
      vertex 0.00445557 16.1675 -13.1
      vertex -0.174999 16.2874 -24.4
      vertex 0.00445557 16.1675 -24.4
    endloop
  endfacet
  facet normal -0.442439 -0.896799 0
    outer loop
      vertex -0.368572 16.3829 -9.5
      vertex -0.174999 16.2874 -9.1
      vertex -0.368572 16.3829 -9.1
    endloop
  endfacet
  facet normal -0.442439 -0.896799 -0
    outer loop
      vertex -0.174999 16.2874 -9.1
      vertex -0.368572 16.3829 -9.5
      vertex -0.174999 16.2874 -9.5
    endloop
  endfacet
  facet normal -0.442439 -0.896799 0
    outer loop
      vertex -0.368572 16.3829 -24.4
      vertex -0.174999 16.2874 -13.1
      vertex -0.368572 16.3829 -13.1
    endloop
  endfacet
  facet normal -0.442439 -0.896799 -0
    outer loop
      vertex -0.174999 16.2874 -13.1
      vertex -0.368572 16.3829 -24.4
      vertex -0.174999 16.2874 -24.4
    endloop
  endfacet
  facet normal 0 0 -1
    outer loop
      vertex 0.635883 14.6431 -9.1
      vertex 0.635883 15.0739 -9.1
      vertex 0.65 14.8585 -9.1
    endloop
  endfacet
  facet normal 0 0 -1
    outer loop
      vertex 0.593777 14.4314 -9.1
      vertex 0.635883 15.0739 -9.1
      vertex 0.635883 14.6431 -9.1
    endloop
  endfacet
  facet normal 0 0 -1
    outer loop
      vertex 0.593777 14.4314 -9.1
      vertex 0.593777 15.2855 -9.1
      vertex 0.635883 15.0739 -9.1
    endloop
  endfacet
  facet normal 0 0 -1
    outer loop
      vertex 0.524401 14.2271 -9.1
      vertex 0.593777 15.2855 -9.1
      vertex 0.593777 14.4314 -9.1
    endloop
  endfacet
  facet normal 0 0 -1
    outer loop
      vertex 0.524401 14.2271 -9.1
      vertex 0.524401 15.4899 -9.1
      vertex 0.593777 15.2855 -9.1
    endloop
  endfacet
  facet normal 0 0 -1
    outer loop
      vertex 0.428942 14.0335 -9.1
      vertex 0.524401 15.4899 -9.1
      vertex 0.524401 14.2271 -9.1
    endloop
  endfacet
  facet normal 0 0 -1
    outer loop
      vertex 0.428942 14.0335 -9.1
      vertex 0.428942 15.6835 -9.1
      vertex 0.524401 15.4899 -9.1
    endloop
  endfacet
  facet normal 0 0 -1
    outer loop
      vertex 0.309032 13.854 -9.1
      vertex 0.428942 15.6835 -9.1
      vertex 0.428942 14.0335 -9.1
    endloop
  endfacet
  facet normal 0 0 -1
    outer loop
      vertex 0.309032 13.854 -9.1
      vertex 0.309032 15.8629 -9.1
      vertex 0.428942 15.6835 -9.1
    endloop
  endfacet
  facet normal 0 0 -1
    outer loop
      vertex 0.166726 13.6918 -9.1
      vertex 0.309032 15.8629 -9.1
      vertex 0.309032 13.854 -9.1
    endloop
  endfacet
  facet normal 0 0 -1
    outer loop
      vertex 0.166726 13.6918 -9.1
      vertex 0.166726 16.0252 -9.1
      vertex 0.309032 15.8629 -9.1
    endloop
  endfacet
  facet normal 0 0 -1
    outer loop
      vertex 0.00445557 13.5495 -9.1
      vertex 0.166726 16.0252 -9.1
      vertex 0.166726 13.6918 -9.1
    endloop
  endfacet
  facet normal 0 0 -1
    outer loop
      vertex 0.00445557 13.5495 -9.1
      vertex 0.00445557 16.1675 -9.1
      vertex 0.166726 16.0252 -9.1
    endloop
  endfacet
  facet normal 0 0 -1
    outer loop
      vertex -0.174999 13.4296 -9.1
      vertex 0.00445557 16.1675 -9.1
      vertex 0.00445557 13.5495 -9.1
    endloop
  endfacet
  facet normal 0 0 -1
    outer loop
      vertex -0.174999 13.4296 -9.1
      vertex -0.174999 16.2874 -9.1
      vertex 0.00445557 16.1675 -9.1
    endloop
  endfacet
  facet normal 0 0 -1
    outer loop
      vertex -0.368572 13.3341 -9.1
      vertex -0.174999 16.2874 -9.1
      vertex -0.174999 13.4296 -9.1
    endloop
  endfacet
  facet normal 0 0 -1
    outer loop
      vertex -0.368572 13.3341 -9.1
      vertex -0.368572 16.3829 -9.1
      vertex -0.174999 16.2874 -9.1
    endloop
  endfacet
  facet normal 0 0 -1
    outer loop
      vertex -0.572948 13.2647 -9.1
      vertex -0.368572 16.3829 -9.1
      vertex -0.368572 13.3341 -9.1
    endloop
  endfacet
  facet normal 0 0 -1
    outer loop
      vertex -0.572948 13.2647 -9.1
      vertex -0.572948 16.4523 -9.1
      vertex -0.368572 16.3829 -9.1
    endloop
  endfacet
  facet normal 0 0 -1
    outer loop
      vertex -0.784632 13.2226 -9.1
      vertex -0.572948 16.4523 -9.1
      vertex -0.572948 13.2647 -9.1
    endloop
  endfacet
  facet normal 0 0 -1
    outer loop
      vertex -0.784632 13.2226 -9.1
      vertex -0.784632 16.4944 -9.1
      vertex -0.572948 16.4523 -9.1
    endloop
  endfacet
  facet normal 0 0 -1
    outer loop
      vertex -1 13.2085 -9.1
      vertex -0.784632 16.4944 -9.1
      vertex -0.784632 13.2226 -9.1
    endloop
  endfacet
  facet normal 0 0 -1
    outer loop
      vertex -1 13.2085 -9.1
      vertex -1 16.5085 -9.1
      vertex -0.784632 16.4944 -9.1
    endloop
  endfacet
  facet normal 0 0 -1
    outer loop
      vertex -1.21537 13.2226 -9.1
      vertex -1 16.5085 -9.1
      vertex -1 13.2085 -9.1
    endloop
  endfacet
  facet normal 0 0 -1
    outer loop
      vertex -1.21537 13.2226 -9.1
      vertex -1.21537 16.4944 -9.1
      vertex -1 16.5085 -9.1
    endloop
  endfacet
  facet normal 0 0 -1
    outer loop
      vertex -1.42705 13.2647 -9.1
      vertex -1.21537 16.4944 -9.1
      vertex -1.21537 13.2226 -9.1
    endloop
  endfacet
  facet normal 0 0 -1
    outer loop
      vertex -1.42705 13.2647 -9.1
      vertex -1.42705 16.4523 -9.1
      vertex -1.21537 16.4944 -9.1
    endloop
  endfacet
  facet normal 0 0 -1
    outer loop
      vertex -1.63143 13.3341 -9.1
      vertex -1.42705 16.4523 -9.1
      vertex -1.42705 13.2647 -9.1
    endloop
  endfacet
  facet normal 0 0 -1
    outer loop
      vertex -1.63143 13.3341 -9.1
      vertex -1.63143 16.3829 -9.1
      vertex -1.42705 16.4523 -9.1
    endloop
  endfacet
  facet normal 0 0 -1
    outer loop
      vertex -1.825 13.4296 -9.1
      vertex -1.63143 16.3829 -9.1
      vertex -1.63143 13.3341 -9.1
    endloop
  endfacet
  facet normal 0 0 -1
    outer loop
      vertex -1.825 13.4296 -9.1
      vertex -1.825 16.2874 -9.1
      vertex -1.63143 16.3829 -9.1
    endloop
  endfacet
  facet normal 0 0 -1
    outer loop
      vertex -2.00446 13.5495 -9.1
      vertex -1.825 16.2874 -9.1
      vertex -1.825 13.4296 -9.1
    endloop
  endfacet
  facet normal 0 0 -1
    outer loop
      vertex -2.00446 13.5495 -9.1
      vertex -2.00446 16.1675 -9.1
      vertex -1.825 16.2874 -9.1
    endloop
  endfacet
  facet normal 0 0 -1
    outer loop
      vertex -2.16673 13.6918 -9.1
      vertex -2.00446 16.1675 -9.1
      vertex -2.00446 13.5495 -9.1
    endloop
  endfacet
  facet normal 0 0 -1
    outer loop
      vertex -2.16673 13.6918 -9.1
      vertex -2.16673 16.0252 -9.1
      vertex -2.00446 16.1675 -9.1
    endloop
  endfacet
  facet normal 0 0 -1
    outer loop
      vertex -2.30903 13.854 -9.1
      vertex -2.16673 16.0252 -9.1
      vertex -2.16673 13.6918 -9.1
    endloop
  endfacet
  facet normal 0 0 -1
    outer loop
      vertex -2.30903 13.854 -9.1
      vertex -2.30903 15.8629 -9.1
      vertex -2.16673 16.0252 -9.1
    endloop
  endfacet
  facet normal 0 0 -1
    outer loop
      vertex -2.42894 14.0335 -9.1
      vertex -2.30903 15.8629 -9.1
      vertex -2.30903 13.854 -9.1
    endloop
  endfacet
  facet normal 0 0 -1
    outer loop
      vertex -2.42894 14.0335 -9.1
      vertex -2.42894 15.6835 -9.1
      vertex -2.30903 15.8629 -9.1
    endloop
  endfacet
  facet normal 0 0 -1
    outer loop
      vertex -2.5244 14.2271 -9.1
      vertex -2.42894 15.6835 -9.1
      vertex -2.42894 14.0335 -9.1
    endloop
  endfacet
  facet normal 0 0 -1
    outer loop
      vertex -2.5244 14.2271 -9.1
      vertex -2.5244 15.4899 -9.1
      vertex -2.42894 15.6835 -9.1
    endloop
  endfacet
  facet normal 0 0 -1
    outer loop
      vertex -2.59378 14.4314 -9.1
      vertex -2.5244 15.4899 -9.1
      vertex -2.5244 14.2271 -9.1
    endloop
  endfacet
  facet normal 0 0 -1
    outer loop
      vertex -2.59378 14.4314 -9.1
      vertex -2.59378 15.2855 -9.1
      vertex -2.5244 15.4899 -9.1
    endloop
  endfacet
  facet normal 0 0 -1
    outer loop
      vertex -2.63588 14.6431 -9.1
      vertex -2.59378 15.2855 -9.1
      vertex -2.59378 14.4314 -9.1
    endloop
  endfacet
  facet normal 0 0 -1
    outer loop
      vertex -2.63588 14.6431 -9.1
      vertex -2.63588 15.0739 -9.1
      vertex -2.59378 15.2855 -9.1
    endloop
  endfacet
  facet normal 0 -0 -1
    outer loop
      vertex -2.63588 15.0739 -9.1
      vertex -2.63588 14.6431 -9.1
      vertex -2.65 14.8585 -9.1
    endloop
  endfacet
  facet normal 0.831387 -0.555694 0
    outer loop
      vertex -2.42894 15.6835 -9.1
      vertex -2.30903 15.8629 -9.5
      vertex -2.30903 15.8629 -9.1
    endloop
  endfacet
  facet normal 0.831387 -0.555694 0
    outer loop
      vertex -2.30903 15.8629 -9.5
      vertex -2.42894 15.6835 -9.1
      vertex -2.42894 15.6835 -9.5
    endloop
  endfacet
  facet normal 0.831387 -0.555694 0
    outer loop
      vertex -2.42894 15.6835 -13.1
      vertex -2.30903 15.8629 -24.4
      vertex -2.30903 15.8629 -13.1
    endloop
  endfacet
  facet normal 0.831387 -0.555694 0
    outer loop
      vertex -2.30903 15.8629 -24.4
      vertex -2.42894 15.6835 -13.1
      vertex -2.42894 15.6835 -24.4
    endloop
  endfacet
  facet normal 0.442445 -0.896796 0
    outer loop
      vertex -1.825 16.2874 -9.5
      vertex -1.63143 16.3829 -9.1
      vertex -1.825 16.2874 -9.1
    endloop
  endfacet
  facet normal 0.442445 -0.896796 0
    outer loop
      vertex -1.63143 16.3829 -9.1
      vertex -1.825 16.2874 -9.5
      vertex -1.63143 16.3829 -9.5
    endloop
  endfacet
  facet normal 0.442445 -0.896796 0
    outer loop
      vertex -1.825 16.2874 -24.4
      vertex -1.63143 16.3829 -13.1
      vertex -1.825 16.2874 -13.1
    endloop
  endfacet
  facet normal 0.442445 -0.896796 0
    outer loop
      vertex -1.63143 16.3829 -13.1
      vertex -1.825 16.2874 -24.4
      vertex -1.63143 16.3829 -24.4
    endloop
  endfacet
  facet normal 0.555534 -0.831494 0
    outer loop
      vertex -2.00446 16.1675 -9.5
      vertex -1.825 16.2874 -9.1
      vertex -2.00446 16.1675 -9.1
    endloop
  endfacet
  facet normal 0.555534 -0.831494 0
    outer loop
      vertex -1.825 16.2874 -9.1
      vertex -2.00446 16.1675 -9.5
      vertex -1.825 16.2874 -9.5
    endloop
  endfacet
  facet normal 0.555534 -0.831494 0
    outer loop
      vertex -2.00446 16.1675 -24.4
      vertex -1.825 16.2874 -13.1
      vertex -2.00446 16.1675 -13.1
    endloop
  endfacet
  facet normal 0.555534 -0.831494 0
    outer loop
      vertex -1.825 16.2874 -13.1
      vertex -2.00446 16.1675 -24.4
      vertex -1.825 16.2874 -24.4
    endloop
  endfacet
  facet normal -0.980789 0.195074 0
    outer loop
      vertex 0.593777 14.4314 -9.5
      vertex 0.635883 14.6431 -9.1
      vertex 0.635883 14.6431 -9.5
    endloop
  endfacet
  facet normal -0.980789 0.195074 0
    outer loop
      vertex 0.635883 14.6431 -9.1
      vertex 0.593777 14.4314 -9.5
      vertex 0.593777 14.4314 -9.1
    endloop
  endfacet
  facet normal -0.980789 0.195074 0
    outer loop
      vertex 0.593777 14.4314 -24.4
      vertex 0.635883 14.6431 -13.1
      vertex 0.635883 14.6431 -24.4
    endloop
  endfacet
  facet normal -0.980789 0.195074 0
    outer loop
      vertex 0.635883 14.6431 -13.1
      vertex 0.593777 14.4314 -24.4
      vertex 0.593777 14.4314 -13.1
    endloop
  endfacet
  facet normal 0.195065 0.98079 -0
    outer loop
      vertex -1.21537 13.2226 -9.5
      vertex -1.42705 13.2647 -9.1
      vertex -1.21537 13.2226 -9.1
    endloop
  endfacet
  facet normal 0.195065 0.98079 0
    outer loop
      vertex -1.42705 13.2647 -9.1
      vertex -1.21537 13.2226 -9.5
      vertex -1.42705 13.2647 -9.5
    endloop
  endfacet
  facet normal 0.195065 0.98079 -0
    outer loop
      vertex -1.21537 13.2226 -24.4
      vertex -1.42705 13.2647 -13.1
      vertex -1.21537 13.2226 -13.1
    endloop
  endfacet
  facet normal 0.195065 0.98079 0
    outer loop
      vertex -1.42705 13.2647 -13.1
      vertex -1.21537 13.2226 -24.4
      vertex -1.42705 13.2647 -24.4
    endloop
  endfacet
  facet normal 0.997858 0.0654121 0
    outer loop
      vertex -2.63588 14.6431 -9.1
      vertex -2.65 14.8585 -9.5
      vertex -2.65 14.8585 -9.1
    endloop
  endfacet
  facet normal 0.997858 0.0654121 0
    outer loop
      vertex -2.65 14.8585 -9.5
      vertex -2.63588 14.6431 -9.1
      vertex -2.63588 14.6431 -9.5
    endloop
  endfacet
  facet normal 0.997858 0.0654121 0
    outer loop
      vertex -2.63588 14.6431 -13.1
      vertex -2.65 14.8585 -24.4
      vertex -2.65 14.8585 -13.1
    endloop
  endfacet
  facet normal 0.997858 0.0654121 0
    outer loop
      vertex -2.65 14.8585 -24.4
      vertex -2.63588 14.6431 -13.1
      vertex -2.63588 14.6431 -24.4
    endloop
  endfacet
  facet normal 0.980794 0.195047 0
    outer loop
      vertex -2.59378 14.4314 -9.1
      vertex -2.63588 14.6431 -9.5
      vertex -2.63588 14.6431 -9.1
    endloop
  endfacet
  facet normal 0.980794 0.195047 0
    outer loop
      vertex -2.63588 14.6431 -9.5
      vertex -2.59378 14.4314 -9.1
      vertex -2.59378 14.4314 -9.5
    endloop
  endfacet
  facet normal 0.980794 0.195047 0
    outer loop
      vertex -2.59378 14.4314 -13.1
      vertex -2.63588 14.6431 -24.4
      vertex -2.63588 14.6431 -13.1
    endloop
  endfacet
  facet normal 0.980794 0.195047 0
    outer loop
      vertex -2.63588 14.6431 -24.4
      vertex -2.59378 14.4314 -13.1
      vertex -2.59378 14.4314 -24.4
    endloop
  endfacet
  facet normal 0.896897 0.44224 0
    outer loop
      vertex -2.42894 14.0335 -9.1
      vertex -2.5244 14.2271 -9.5
      vertex -2.5244 14.2271 -9.1
    endloop
  endfacet
  facet normal 0.896897 0.44224 0
    outer loop
      vertex -2.5244 14.2271 -9.5
      vertex -2.42894 14.0335 -9.1
      vertex -2.42894 14.0335 -9.5
    endloop
  endfacet
  facet normal 0.896897 0.44224 0
    outer loop
      vertex -2.42894 14.0335 -13.1
      vertex -2.5244 14.2271 -24.4
      vertex -2.5244 14.2271 -13.1
    endloop
  endfacet
  facet normal 0.896897 0.44224 0
    outer loop
      vertex -2.5244 14.2271 -24.4
      vertex -2.42894 14.0335 -13.1
      vertex -2.42894 14.0335 -24.4
    endloop
  endfacet
  facet normal -0.195061 0.980791 0
    outer loop
      vertex -0.572948 13.2647 -9.5
      vertex -0.784632 13.2226 -9.1
      vertex -0.572948 13.2647 -9.1
    endloop
  endfacet
  facet normal -0.195061 0.980791 0
    outer loop
      vertex -0.784632 13.2226 -9.1
      vertex -0.572948 13.2647 -9.5
      vertex -0.784632 13.2226 -9.5
    endloop
  endfacet
  facet normal -0.195061 0.980791 0
    outer loop
      vertex -0.572948 13.2647 -24.4
      vertex -0.784632 13.2226 -13.1
      vertex -0.572948 13.2647 -13.1
    endloop
  endfacet
  facet normal -0.195061 0.980791 0
    outer loop
      vertex -0.784632 13.2226 -13.1
      vertex -0.572948 13.2647 -24.4
      vertex -0.784632 13.2226 -24.4
    endloop
  endfacet
  facet normal -0.980771 -0.195162 0
    outer loop
      vertex 0.635883 15.0739 -9.5
      vertex 0.593777 15.2855 -9.1
      vertex 0.593777 15.2855 -9.5
    endloop
  endfacet
  facet normal -0.980771 -0.195162 0
    outer loop
      vertex 0.593777 15.2855 -9.1
      vertex 0.635883 15.0739 -9.5
      vertex 0.635883 15.0739 -9.1
    endloop
  endfacet
  facet normal -0.980771 -0.195162 0
    outer loop
      vertex 0.635883 15.0739 -24.4
      vertex 0.593777 15.2855 -13.1
      vertex 0.593777 15.2855 -24.4
    endloop
  endfacet
  facet normal -0.980771 -0.195162 0
    outer loop
      vertex 0.593777 15.2855 -13.1
      vertex 0.635883 15.0739 -24.4
      vertex 0.635883 15.0739 -13.1
    endloop
  endfacet
  facet normal 0.946936 -0.321421 0
    outer loop
      vertex -2.59378 15.2855 -9.1
      vertex -2.5244 15.4899 -9.5
      vertex -2.5244 15.4899 -9.1
    endloop
  endfacet
  facet normal 0.946936 -0.321421 0
    outer loop
      vertex -2.5244 15.4899 -9.5
      vertex -2.59378 15.2855 -9.1
      vertex -2.59378 15.2855 -9.5
    endloop
  endfacet
  facet normal 0.946936 -0.321421 0
    outer loop
      vertex -2.59378 15.2855 -13.1
      vertex -2.5244 15.4899 -24.4
      vertex -2.5244 15.4899 -13.1
    endloop
  endfacet
  facet normal 0.946936 -0.321421 0
    outer loop
      vertex -2.5244 15.4899 -24.4
      vertex -2.59378 15.2855 -13.1
      vertex -2.59378 15.2855 -24.4
    endloop
  endfacet
  facet normal -0.555546 0.831486 0
    outer loop
      vertex 0.00445557 13.5495 -9.5
      vertex -0.174999 13.4296 -9.1
      vertex 0.00445557 13.5495 -9.1
    endloop
  endfacet
  facet normal -0.555546 0.831486 0
    outer loop
      vertex -0.174999 13.4296 -9.1
      vertex 0.00445557 13.5495 -9.5
      vertex -0.174999 13.4296 -9.5
    endloop
  endfacet
  facet normal -0.555546 0.831486 0
    outer loop
      vertex 0.00445557 13.5495 -24.4
      vertex -0.174999 13.4296 -13.1
      vertex 0.00445557 13.5495 -13.1
    endloop
  endfacet
  facet normal -0.555546 0.831486 0
    outer loop
      vertex -0.174999 13.4296 -13.1
      vertex 0.00445557 13.5495 -24.4
      vertex -0.174999 13.4296 -24.4
    endloop
  endfacet
  facet normal -0.751701 0.659504 0
    outer loop
      vertex 0.166726 13.6918 -9.5
      vertex 0.309032 13.854 -9.1
      vertex 0.309032 13.854 -9.5
    endloop
  endfacet
  facet normal -0.751701 0.659504 0
    outer loop
      vertex 0.309032 13.854 -9.1
      vertex 0.166726 13.6918 -9.5
      vertex 0.166726 13.6918 -9.1
    endloop
  endfacet
  facet normal -0.751701 0.659504 0
    outer loop
      vertex 0.166726 13.6918 -24.4
      vertex 0.309032 13.854 -13.1
      vertex 0.309032 13.854 -24.4
    endloop
  endfacet
  facet normal -0.751701 0.659504 0
    outer loop
      vertex 0.309032 13.854 -13.1
      vertex 0.166726 13.6918 -24.4
      vertex 0.166726 13.6918 -13.1
    endloop
  endfacet
  facet normal -0.83153 0.55548 0
    outer loop
      vertex 0.309032 13.854 -9.5
      vertex 0.428942 14.0335 -9.1
      vertex 0.428942 14.0335 -9.5
    endloop
  endfacet
  facet normal -0.83153 0.55548 0
    outer loop
      vertex 0.428942 14.0335 -9.1
      vertex 0.309032 13.854 -9.5
      vertex 0.309032 13.854 -9.1
    endloop
  endfacet
  facet normal -0.83153 0.55548 0
    outer loop
      vertex 0.309032 13.854 -24.4
      vertex 0.428942 14.0335 -13.1
      vertex 0.428942 14.0335 -24.4
    endloop
  endfacet
  facet normal -0.83153 0.55548 0
    outer loop
      vertex 0.428942 14.0335 -13.1
      vertex 0.309032 13.854 -24.4
      vertex 0.309032 13.854 -13.1
    endloop
  endfacet
  facet normal 0.321532 0.946899 -0
    outer loop
      vertex -1.42705 13.2647 -9.5
      vertex -1.63143 13.3341 -9.1
      vertex -1.42705 13.2647 -9.1
    endloop
  endfacet
  facet normal 0.321532 0.946899 0
    outer loop
      vertex -1.63143 13.3341 -9.1
      vertex -1.42705 13.2647 -9.5
      vertex -1.63143 13.3341 -9.5
    endloop
  endfacet
  facet normal 0.321532 0.946899 -0
    outer loop
      vertex -1.42705 13.2647 -24.4
      vertex -1.63143 13.3341 -13.1
      vertex -1.42705 13.2647 -13.1
    endloop
  endfacet
  facet normal 0.321532 0.946899 0
    outer loop
      vertex -1.63143 13.3341 -13.1
      vertex -1.42705 13.2647 -24.4
      vertex -1.63143 13.3341 -24.4
    endloop
  endfacet
  facet normal 0.946889 0.321562 0
    outer loop
      vertex -2.5244 14.2271 -9.1
      vertex -2.59378 14.4314 -9.5
      vertex -2.59378 14.4314 -9.1
    endloop
  endfacet
  facet normal 0.946889 0.321562 0
    outer loop
      vertex -2.59378 14.4314 -9.5
      vertex -2.5244 14.2271 -9.1
      vertex -2.5244 14.2271 -9.5
    endloop
  endfacet
  facet normal 0.946889 0.321562 0
    outer loop
      vertex -2.5244 14.2271 -13.1
      vertex -2.59378 14.4314 -24.4
      vertex -2.59378 14.4314 -13.1
    endloop
  endfacet
  facet normal 0.946889 0.321562 0
    outer loop
      vertex -2.59378 14.4314 -24.4
      vertex -2.5244 14.2271 -13.1
      vertex -2.5244 14.2271 -24.4
    endloop
  endfacet
  facet normal -0.946894 0.321545 0
    outer loop
      vertex 0.524401 14.2271 -9.5
      vertex 0.593777 14.4314 -9.1
      vertex 0.593777 14.4314 -9.5
    endloop
  endfacet
  facet normal -0.946894 0.321545 0
    outer loop
      vertex 0.593777 14.4314 -9.1
      vertex 0.524401 14.2271 -9.5
      vertex 0.524401 14.2271 -9.1
    endloop
  endfacet
  facet normal -0.946894 0.321545 0
    outer loop
      vertex 0.524401 14.2271 -24.4
      vertex 0.593777 14.4314 -13.1
      vertex 0.593777 14.4314 -24.4
    endloop
  endfacet
  facet normal -0.946894 0.321545 0
    outer loop
      vertex 0.593777 14.4314 -13.1
      vertex 0.524401 14.2271 -24.4
      vertex 0.524401 14.2271 -13.1
    endloop
  endfacet
  facet normal -0.659327 0.751857 0
    outer loop
      vertex 0.166726 13.6918 -9.5
      vertex 0.00445557 13.5495 -9.1
      vertex 0.166726 13.6918 -9.1
    endloop
  endfacet
  facet normal -0.659327 0.751857 0
    outer loop
      vertex 0.00445557 13.5495 -9.1
      vertex 0.166726 13.6918 -9.5
      vertex 0.00445557 13.5495 -9.5
    endloop
  endfacet
  facet normal -0.659327 0.751857 0
    outer loop
      vertex 0.166726 13.6918 -24.4
      vertex 0.00445557 13.5495 -13.1
      vertex 0.166726 13.6918 -13.1
    endloop
  endfacet
  facet normal -0.659327 0.751857 0
    outer loop
      vertex 0.00445557 13.5495 -13.1
      vertex 0.166726 13.6918 -24.4
      vertex 0.00445557 13.5495 -24.4
    endloop
  endfacet
  facet normal 0.659328 0.751856 -0
    outer loop
      vertex -2.00446 13.5495 -9.5
      vertex -2.16673 13.6918 -9.1
      vertex -2.00446 13.5495 -9.1
    endloop
  endfacet
  facet normal 0.659328 0.751856 0
    outer loop
      vertex -2.16673 13.6918 -9.1
      vertex -2.00446 13.5495 -9.5
      vertex -2.16673 13.6918 -9.5
    endloop
  endfacet
  facet normal 0.659328 0.751856 -0
    outer loop
      vertex -2.00446 13.5495 -24.4
      vertex -2.16673 13.6918 -13.1
      vertex -2.00446 13.5495 -13.1
    endloop
  endfacet
  facet normal 0.659328 0.751856 0
    outer loop
      vertex -2.16673 13.6918 -13.1
      vertex -2.00446 13.5495 -24.4
      vertex -2.16673 13.6918 -24.4
    endloop
  endfacet
  facet normal -0.0653295 0.997864 0
    outer loop
      vertex -0.784632 13.2226 -9.5
      vertex -1 13.2085 -9.1
      vertex -0.784632 13.2226 -9.1
    endloop
  endfacet
  facet normal -0.0653295 0.997864 0
    outer loop
      vertex -1 13.2085 -9.1
      vertex -0.784632 13.2226 -9.5
      vertex -1 13.2085 -9.5
    endloop
  endfacet
  facet normal -0.0653295 0.997864 0
    outer loop
      vertex -0.784632 13.2226 -24.4
      vertex -1 13.2085 -13.1
      vertex -0.784632 13.2226 -13.1
    endloop
  endfacet
  facet normal -0.0653295 0.997864 0
    outer loop
      vertex -1 13.2085 -13.1
      vertex -0.784632 13.2226 -24.4
      vertex -1 13.2085 -24.4
    endloop
  endfacet
  facet normal 0.555534 0.831494 -0
    outer loop
      vertex -1.825 13.4296 -9.5
      vertex -2.00446 13.5495 -9.1
      vertex -1.825 13.4296 -9.1
    endloop
  endfacet
  facet normal 0.555534 0.831494 0
    outer loop
      vertex -2.00446 13.5495 -9.1
      vertex -1.825 13.4296 -9.5
      vertex -2.00446 13.5495 -9.5
    endloop
  endfacet
  facet normal 0.555534 0.831494 -0
    outer loop
      vertex -1.825 13.4296 -24.4
      vertex -2.00446 13.5495 -13.1
      vertex -1.825 13.4296 -13.1
    endloop
  endfacet
  facet normal 0.555534 0.831494 0
    outer loop
      vertex -2.00446 13.5495 -13.1
      vertex -1.825 13.4296 -24.4
      vertex -2.00446 13.5495 -24.4
    endloop
  endfacet
  facet normal 0.442445 0.896796 -0
    outer loop
      vertex -1.63143 13.3341 -9.5
      vertex -1.825 13.4296 -9.1
      vertex -1.63143 13.3341 -9.1
    endloop
  endfacet
  facet normal 0.442445 0.896796 0
    outer loop
      vertex -1.825 13.4296 -9.1
      vertex -1.63143 13.3341 -9.5
      vertex -1.825 13.4296 -9.5
    endloop
  endfacet
  facet normal 0.442445 0.896796 -0
    outer loop
      vertex -1.63143 13.3341 -24.4
      vertex -1.825 13.4296 -13.1
      vertex -1.63143 13.3341 -13.1
    endloop
  endfacet
  facet normal 0.442445 0.896796 0
    outer loop
      vertex -1.825 13.4296 -13.1
      vertex -1.63143 13.3341 -24.4
      vertex -1.825 13.4296 -24.4
    endloop
  endfacet
  facet normal 0.751715 0.659488 0
    outer loop
      vertex -2.16673 13.6918 -9.1
      vertex -2.30903 13.854 -9.5
      vertex -2.30903 13.854 -9.1
    endloop
  endfacet
  facet normal 0.751715 0.659488 0
    outer loop
      vertex -2.30903 13.854 -9.5
      vertex -2.16673 13.6918 -9.1
      vertex -2.16673 13.6918 -9.5
    endloop
  endfacet
  facet normal 0.751715 0.659488 0
    outer loop
      vertex -2.16673 13.6918 -13.1
      vertex -2.30903 13.854 -24.4
      vertex -2.30903 13.854 -13.1
    endloop
  endfacet
  facet normal 0.751715 0.659488 0
    outer loop
      vertex -2.30903 13.854 -24.4
      vertex -2.16673 13.6918 -13.1
      vertex -2.16673 13.6918 -24.4
    endloop
  endfacet
  facet normal 0.83153 0.55548 0
    outer loop
      vertex -2.30903 13.854 -9.1
      vertex -2.42894 14.0335 -9.5
      vertex -2.42894 14.0335 -9.1
    endloop
  endfacet
  facet normal 0.83153 0.55548 0
    outer loop
      vertex -2.42894 14.0335 -9.5
      vertex -2.30903 13.854 -9.1
      vertex -2.30903 13.854 -9.5
    endloop
  endfacet
  facet normal 0.83153 0.55548 0
    outer loop
      vertex -2.30903 13.854 -13.1
      vertex -2.42894 14.0335 -24.4
      vertex -2.42894 14.0335 -13.1
    endloop
  endfacet
  facet normal 0.83153 0.55548 0
    outer loop
      vertex -2.42894 14.0335 -24.4
      vertex -2.30903 13.854 -13.1
      vertex -2.30903 13.854 -24.4
    endloop
  endfacet
  facet normal -0.500012 -0.866019 0
    outer loop
      vertex -1 18.1494 -13.1
      vertex 1.85 16.5039 -12.6
      vertex -1 18.1494 -12.6
    endloop
  endfacet
  facet normal -0.500012 -0.866019 -0
    outer loop
      vertex 1.85 16.5039 -12.6
      vertex -1 18.1494 -13.1
      vertex 1.85 16.5039 -13.1
    endloop
  endfacet
  facet normal -0.500012 -0.866019 0
    outer loop
      vertex -1 18.1494 -10
      vertex 1.85 16.5039 -9.5
      vertex -1 18.1494 -9.5
    endloop
  endfacet
  facet normal -0.500012 -0.866019 -0
    outer loop
      vertex 1.85 16.5039 -9.5
      vertex -1 18.1494 -10
      vertex 1.85 16.5039 -10
    endloop
  endfacet
  facet normal 0.500012 -0.866019 0
    outer loop
      vertex -3.85 16.5039 -13.1
      vertex -1 18.1494 -12.6
      vertex -3.85 16.5039 -12.6
    endloop
  endfacet
  facet normal 0.500012 -0.866019 0
    outer loop
      vertex -1 18.1494 -12.6
      vertex -3.85 16.5039 -13.1
      vertex -1 18.1494 -13.1
    endloop
  endfacet
  facet normal 0.500012 -0.866019 0
    outer loop
      vertex -3.85 16.5039 -10
      vertex -1 18.1494 -9.5
      vertex -3.85 16.5039 -9.5
    endloop
  endfacet
  facet normal 0.500012 -0.866019 0
    outer loop
      vertex -1 18.1494 -9.5
      vertex -3.85 16.5039 -10
      vertex -1 18.1494 -10
    endloop
  endfacet
  facet normal 0 0 -1
    outer loop
      vertex 1.85 13.213 -9.5
      vertex 0.65 14.8585 -9.5
      vertex 1.85 16.5039 -9.5
    endloop
  endfacet
  facet normal 0 0 -1
    outer loop
      vertex 1.85 13.213 -9.5
      vertex 0.635883 14.6431 -9.5
      vertex 0.65 14.8585 -9.5
    endloop
  endfacet
  facet normal 0 0 -1
    outer loop
      vertex 1.85 13.213 -9.5
      vertex 0.593777 14.4314 -9.5
      vertex 0.635883 14.6431 -9.5
    endloop
  endfacet
  facet normal 0 0 -1
    outer loop
      vertex 1.85 13.213 -9.5
      vertex 0.524401 14.2271 -9.5
      vertex 0.593777 14.4314 -9.5
    endloop
  endfacet
  facet normal 0 0 -1
    outer loop
      vertex 1.85 13.213 -9.5
      vertex 0.428942 14.0335 -9.5
      vertex 0.524401 14.2271 -9.5
    endloop
  endfacet
  facet normal 0 0 -1
    outer loop
      vertex 1.85 13.213 -9.5
      vertex 0.309032 13.854 -9.5
      vertex 0.428942 14.0335 -9.5
    endloop
  endfacet
  facet normal 0 0 -1
    outer loop
      vertex 1.85 13.213 -9.5
      vertex 0.166726 13.6918 -9.5
      vertex 0.309032 13.854 -9.5
    endloop
  endfacet
  facet normal 0 0 -1
    outer loop
      vertex 1.85 13.213 -9.5
      vertex 0.00445557 13.5495 -9.5
      vertex 0.166726 13.6918 -9.5
    endloop
  endfacet
  facet normal 0 0 -1
    outer loop
      vertex 1.85 13.213 -9.5
      vertex -0.174999 13.4296 -9.5
      vertex 0.00445557 13.5495 -9.5
    endloop
  endfacet
  facet normal 0 0 -1
    outer loop
      vertex -1 11.5676 -9.5
      vertex -0.174999 13.4296 -9.5
      vertex 1.85 13.213 -9.5
    endloop
  endfacet
  facet normal 0 0 -1
    outer loop
      vertex -0.174999 13.4296 -9.5
      vertex -1 11.5676 -9.5
      vertex -0.368572 13.3341 -9.5
    endloop
  endfacet
  facet normal 0 0 -1
    outer loop
      vertex -0.368572 13.3341 -9.5
      vertex -1 11.5676 -9.5
      vertex -0.572948 13.2647 -9.5
    endloop
  endfacet
  facet normal 0 0 -1
    outer loop
      vertex -0.572948 13.2647 -9.5
      vertex -1 11.5676 -9.5
      vertex -0.784632 13.2226 -9.5
    endloop
  endfacet
  facet normal 0 0 -1
    outer loop
      vertex -1 11.5676 -9.5
      vertex -1 13.2085 -9.5
      vertex -0.784632 13.2226 -9.5
    endloop
  endfacet
  facet normal 0 0 -1
    outer loop
      vertex -1 11.5676 -9.5
      vertex -1.21537 13.2226 -9.5
      vertex -1 13.2085 -9.5
    endloop
  endfacet
  facet normal 0 0 -1
    outer loop
      vertex -1 11.5676 -9.5
      vertex -1.42705 13.2647 -9.5
      vertex -1.21537 13.2226 -9.5
    endloop
  endfacet
  facet normal 0 0 -1
    outer loop
      vertex -1 11.5676 -9.5
      vertex -1.63143 13.3341 -9.5
      vertex -1.42705 13.2647 -9.5
    endloop
  endfacet
  facet normal 0 0 -1
    outer loop
      vertex -1 11.5676 -9.5
      vertex -1.825 13.4296 -9.5
      vertex -1.63143 13.3341 -9.5
    endloop
  endfacet
  facet normal 0 0 -1
    outer loop
      vertex -3.85 13.213 -9.5
      vertex -1.825 13.4296 -9.5
      vertex -1 11.5676 -9.5
    endloop
  endfacet
  facet normal -0 0 -1
    outer loop
      vertex -1.825 13.4296 -9.5
      vertex -3.85 13.213 -9.5
      vertex -2.00446 13.5495 -9.5
    endloop
  endfacet
  facet normal -0 0 -1
    outer loop
      vertex -2.00446 13.5495 -9.5
      vertex -3.85 13.213 -9.5
      vertex -2.16673 13.6918 -9.5
    endloop
  endfacet
  facet normal -0 0 -1
    outer loop
      vertex -2.16673 13.6918 -9.5
      vertex -3.85 13.213 -9.5
      vertex -2.30903 13.854 -9.5
    endloop
  endfacet
  facet normal -0 0 -1
    outer loop
      vertex -2.63588 14.6431 -9.5
      vertex -3.85 13.213 -9.5
      vertex -2.65 14.8585 -9.5
    endloop
  endfacet
  facet normal -0 0 -1
    outer loop
      vertex -2.59378 14.4314 -9.5
      vertex -3.85 13.213 -9.5
      vertex -2.63588 14.6431 -9.5
    endloop
  endfacet
  facet normal -0 0 -1
    outer loop
      vertex -2.5244 14.2271 -9.5
      vertex -3.85 13.213 -9.5
      vertex -2.59378 14.4314 -9.5
    endloop
  endfacet
  facet normal -0 0 -1
    outer loop
      vertex -2.42894 14.0335 -9.5
      vertex -3.85 13.213 -9.5
      vertex -2.5244 14.2271 -9.5
    endloop
  endfacet
  facet normal -0 0 -1
    outer loop
      vertex -2.30903 13.854 -9.5
      vertex -3.85 13.213 -9.5
      vertex -2.42894 14.0335 -9.5
    endloop
  endfacet
  facet normal 0 0 -1
    outer loop
      vertex 0.635883 15.0739 -9.5
      vertex 1.85 16.5039 -9.5
      vertex 0.65 14.8585 -9.5
    endloop
  endfacet
  facet normal 0 0 -1
    outer loop
      vertex 0.593777 15.2855 -9.5
      vertex 1.85 16.5039 -9.5
      vertex 0.635883 15.0739 -9.5
    endloop
  endfacet
  facet normal 0 0 -1
    outer loop
      vertex 0.524401 15.4899 -9.5
      vertex 1.85 16.5039 -9.5
      vertex 0.593777 15.2855 -9.5
    endloop
  endfacet
  facet normal 0 0 -1
    outer loop
      vertex 0.428942 15.6835 -9.5
      vertex 1.85 16.5039 -9.5
      vertex 0.524401 15.4899 -9.5
    endloop
  endfacet
  facet normal 0 0 -1
    outer loop
      vertex 0.309032 15.8629 -9.5
      vertex 1.85 16.5039 -9.5
      vertex 0.428942 15.6835 -9.5
    endloop
  endfacet
  facet normal 0 0 -1
    outer loop
      vertex 0.166726 16.0252 -9.5
      vertex 1.85 16.5039 -9.5
      vertex 0.309032 15.8629 -9.5
    endloop
  endfacet
  facet normal 0 0 -1
    outer loop
      vertex 0.00445557 16.1675 -9.5
      vertex 1.85 16.5039 -9.5
      vertex 0.166726 16.0252 -9.5
    endloop
  endfacet
  facet normal 0 0 -1
    outer loop
      vertex -0.174999 16.2874 -9.5
      vertex 1.85 16.5039 -9.5
      vertex 0.00445557 16.1675 -9.5
    endloop
  endfacet
  facet normal 0 0 -1
    outer loop
      vertex -1 18.1494 -9.5
      vertex -0.174999 16.2874 -9.5
      vertex -0.368572 16.3829 -9.5
    endloop
  endfacet
  facet normal 0 0 -1
    outer loop
      vertex -1 18.1494 -9.5
      vertex -0.368572 16.3829 -9.5
      vertex -0.572948 16.4523 -9.5
    endloop
  endfacet
  facet normal 0 0 -1
    outer loop
      vertex -1 18.1494 -9.5
      vertex -0.572948 16.4523 -9.5
      vertex -0.784632 16.4944 -9.5
    endloop
  endfacet
  facet normal 0 0 -1
    outer loop
      vertex -1 18.1494 -9.5
      vertex -0.784632 16.4944 -9.5
      vertex -1 16.5085 -9.5
    endloop
  endfacet
  facet normal 0 0 -1
    outer loop
      vertex -0.174999 16.2874 -9.5
      vertex -1 18.1494 -9.5
      vertex 1.85 16.5039 -9.5
    endloop
  endfacet
  facet normal 0 0 -1
    outer loop
      vertex -1.21537 16.4944 -9.5
      vertex -1 18.1494 -9.5
      vertex -1 16.5085 -9.5
    endloop
  endfacet
  facet normal 0 0 -1
    outer loop
      vertex -1.42705 16.4523 -9.5
      vertex -1 18.1494 -9.5
      vertex -1.21537 16.4944 -9.5
    endloop
  endfacet
  facet normal 0 0 -1
    outer loop
      vertex -1.63143 16.3829 -9.5
      vertex -1 18.1494 -9.5
      vertex -1.42705 16.4523 -9.5
    endloop
  endfacet
  facet normal 0 0 -1
    outer loop
      vertex -1.825 16.2874 -9.5
      vertex -1 18.1494 -9.5
      vertex -1.63143 16.3829 -9.5
    endloop
  endfacet
  facet normal 0 0 -1
    outer loop
      vertex -3.85 16.5039 -9.5
      vertex -1.825 16.2874 -9.5
      vertex -2.00446 16.1675 -9.5
    endloop
  endfacet
  facet normal 0 0 -1
    outer loop
      vertex -3.85 16.5039 -9.5
      vertex -2.00446 16.1675 -9.5
      vertex -2.16673 16.0252 -9.5
    endloop
  endfacet
  facet normal 0 0 -1
    outer loop
      vertex -3.85 16.5039 -9.5
      vertex -2.16673 16.0252 -9.5
      vertex -2.30903 15.8629 -9.5
    endloop
  endfacet
  facet normal 0 0 -1
    outer loop
      vertex -3.85 16.5039 -9.5
      vertex -2.30903 15.8629 -9.5
      vertex -2.42894 15.6835 -9.5
    endloop
  endfacet
  facet normal 0 0 -1
    outer loop
      vertex -3.85 16.5039 -9.5
      vertex -2.65 14.8585 -9.5
      vertex -3.85 13.213 -9.5
    endloop
  endfacet
  facet normal 0 0 -1
    outer loop
      vertex -2.65 14.8585 -9.5
      vertex -3.85 16.5039 -9.5
      vertex -2.63588 15.0739 -9.5
    endloop
  endfacet
  facet normal 0 0 -1
    outer loop
      vertex -2.63588 15.0739 -9.5
      vertex -3.85 16.5039 -9.5
      vertex -2.59378 15.2855 -9.5
    endloop
  endfacet
  facet normal 0 0 -1
    outer loop
      vertex -2.59378 15.2855 -9.5
      vertex -3.85 16.5039 -9.5
      vertex -2.5244 15.4899 -9.5
    endloop
  endfacet
  facet normal 0 0 -1
    outer loop
      vertex -1.825 16.2874 -9.5
      vertex -3.85 16.5039 -9.5
      vertex -1 18.1494 -9.5
    endloop
  endfacet
  facet normal 0 0 -1
    outer loop
      vertex -2.5244 15.4899 -9.5
      vertex -3.85 16.5039 -9.5
      vertex -2.42894 15.6835 -9.5
    endloop
  endfacet
  facet normal 1 -0 0
    outer loop
      vertex -3.85 13.213 -9.5
      vertex -3.85 16.5039 -10
      vertex -3.85 16.5039 -9.5
    endloop
  endfacet
  facet normal 1 0 0
    outer loop
      vertex -3.85 16.5039 -10
      vertex -3.85 13.213 -9.5
      vertex -3.85 16.5039 -12.6
    endloop
  endfacet
  facet normal 1 0 0
    outer loop
      vertex -3.85 13.213 -13.1
      vertex -3.85 16.5039 -12.6
      vertex -3.85 13.213 -9.5
    endloop
  endfacet
  facet normal 1 0 0
    outer loop
      vertex -3.85 16.5039 -12.6
      vertex -3.85 13.213 -13.1
      vertex -3.85 16.5039 -13.1
    endloop
  endfacet
  facet normal 1 -0 0
    outer loop
      vertex -3.85 16.5039 -10
      vertex -3.85 19.931 -12.6
      vertex -3.85 20.3789 -10
    endloop
  endfacet
  facet normal 1 0 0
    outer loop
      vertex -3.85 19.931 -12.6
      vertex -3.85 16.5039 -10
      vertex -3.85 16.5039 -12.6
    endloop
  endfacet
  facet normal 0 0 1
    outer loop
      vertex 1.85 16.5039 -13.1
      vertex 0.65 14.8585 -13.1
      vertex 1.85 13.213 -13.1
    endloop
  endfacet
  facet normal 0 0 1
    outer loop
      vertex 1.85 16.5039 -13.1
      vertex 0.635883 15.0739 -13.1
      vertex 0.65 14.8585 -13.1
    endloop
  endfacet
  facet normal 0 0 1
    outer loop
      vertex 1.85 16.5039 -13.1
      vertex 0.593777 15.2855 -13.1
      vertex 0.635883 15.0739 -13.1
    endloop
  endfacet
  facet normal 0 0 1
    outer loop
      vertex 1.85 16.5039 -13.1
      vertex 0.524401 15.4899 -13.1
      vertex 0.593777 15.2855 -13.1
    endloop
  endfacet
  facet normal 0 0 1
    outer loop
      vertex 1.85 16.5039 -13.1
      vertex 0.428942 15.6835 -13.1
      vertex 0.524401 15.4899 -13.1
    endloop
  endfacet
  facet normal 0 0 1
    outer loop
      vertex 1.85 16.5039 -13.1
      vertex 0.309032 15.8629 -13.1
      vertex 0.428942 15.6835 -13.1
    endloop
  endfacet
  facet normal 0 0 1
    outer loop
      vertex 1.85 16.5039 -13.1
      vertex 0.166726 16.0252 -13.1
      vertex 0.309032 15.8629 -13.1
    endloop
  endfacet
  facet normal 0 0 1
    outer loop
      vertex 1.85 16.5039 -13.1
      vertex 0.00445557 16.1675 -13.1
      vertex 0.166726 16.0252 -13.1
    endloop
  endfacet
  facet normal 0 0 1
    outer loop
      vertex 1.85 16.5039 -13.1
      vertex -0.174999 16.2874 -13.1
      vertex 0.00445557 16.1675 -13.1
    endloop
  endfacet
  facet normal 0 0 1
    outer loop
      vertex -1 18.1494 -13.1
      vertex -0.174999 16.2874 -13.1
      vertex 1.85 16.5039 -13.1
    endloop
  endfacet
  facet normal 0 0 1
    outer loop
      vertex -0.174999 16.2874 -13.1
      vertex -1 18.1494 -13.1
      vertex -0.368572 16.3829 -13.1
    endloop
  endfacet
  facet normal 0 0 1
    outer loop
      vertex -0.368572 16.3829 -13.1
      vertex -1 18.1494 -13.1
      vertex -0.572948 16.4523 -13.1
    endloop
  endfacet
  facet normal 0 0 1
    outer loop
      vertex -0.572948 16.4523 -13.1
      vertex -1 18.1494 -13.1
      vertex -0.784632 16.4944 -13.1
    endloop
  endfacet
  facet normal 0 0 1
    outer loop
      vertex -1 18.1494 -13.1
      vertex -1 16.5085 -13.1
      vertex -0.784632 16.4944 -13.1
    endloop
  endfacet
  facet normal 0 0 1
    outer loop
      vertex -1 18.1494 -13.1
      vertex -1.21537 16.4944 -13.1
      vertex -1 16.5085 -13.1
    endloop
  endfacet
  facet normal 0 0 1
    outer loop
      vertex -1 18.1494 -13.1
      vertex -1.42705 16.4523 -13.1
      vertex -1.21537 16.4944 -13.1
    endloop
  endfacet
  facet normal 0 0 1
    outer loop
      vertex -1 18.1494 -13.1
      vertex -1.63143 16.3829 -13.1
      vertex -1.42705 16.4523 -13.1
    endloop
  endfacet
  facet normal 0 0 1
    outer loop
      vertex -1 18.1494 -13.1
      vertex -1.825 16.2874 -13.1
      vertex -1.63143 16.3829 -13.1
    endloop
  endfacet
  facet normal -0 0 1
    outer loop
      vertex -3.85 16.5039 -13.1
      vertex -1.825 16.2874 -13.1
      vertex -1 18.1494 -13.1
    endloop
  endfacet
  facet normal 0 0 1
    outer loop
      vertex -1.825 16.2874 -13.1
      vertex -3.85 16.5039 -13.1
      vertex -2.00446 16.1675 -13.1
    endloop
  endfacet
  facet normal 0 0 1
    outer loop
      vertex -2.00446 16.1675 -13.1
      vertex -3.85 16.5039 -13.1
      vertex -2.16673 16.0252 -13.1
    endloop
  endfacet
  facet normal 0 0 1
    outer loop
      vertex -2.16673 16.0252 -13.1
      vertex -3.85 16.5039 -13.1
      vertex -2.30903 15.8629 -13.1
    endloop
  endfacet
  facet normal 0 0 1
    outer loop
      vertex -2.63588 15.0739 -13.1
      vertex -3.85 16.5039 -13.1
      vertex -2.65 14.8585 -13.1
    endloop
  endfacet
  facet normal 0 0 1
    outer loop
      vertex -2.59378 15.2855 -13.1
      vertex -3.85 16.5039 -13.1
      vertex -2.63588 15.0739 -13.1
    endloop
  endfacet
  facet normal 0 0 1
    outer loop
      vertex -2.5244 15.4899 -13.1
      vertex -3.85 16.5039 -13.1
      vertex -2.59378 15.2855 -13.1
    endloop
  endfacet
  facet normal 0 0 1
    outer loop
      vertex -2.42894 15.6835 -13.1
      vertex -3.85 16.5039 -13.1
      vertex -2.5244 15.4899 -13.1
    endloop
  endfacet
  facet normal 0 0 1
    outer loop
      vertex -2.30903 15.8629 -13.1
      vertex -3.85 16.5039 -13.1
      vertex -2.42894 15.6835 -13.1
    endloop
  endfacet
  facet normal -0 0 1
    outer loop
      vertex 0.635883 14.6431 -13.1
      vertex 1.85 13.213 -13.1
      vertex 0.65 14.8585 -13.1
    endloop
  endfacet
  facet normal -0 0 1
    outer loop
      vertex 0.593777 14.4314 -13.1
      vertex 1.85 13.213 -13.1
      vertex 0.635883 14.6431 -13.1
    endloop
  endfacet
  facet normal -0 0 1
    outer loop
      vertex 0.524401 14.2271 -13.1
      vertex 1.85 13.213 -13.1
      vertex 0.593777 14.4314 -13.1
    endloop
  endfacet
  facet normal -0 0 1
    outer loop
      vertex 0.428942 14.0335 -13.1
      vertex 1.85 13.213 -13.1
      vertex 0.524401 14.2271 -13.1
    endloop
  endfacet
  facet normal -0 0 1
    outer loop
      vertex 0.309032 13.854 -13.1
      vertex 1.85 13.213 -13.1
      vertex 0.428942 14.0335 -13.1
    endloop
  endfacet
  facet normal -0 0 1
    outer loop
      vertex 0.166726 13.6918 -13.1
      vertex 1.85 13.213 -13.1
      vertex 0.309032 13.854 -13.1
    endloop
  endfacet
  facet normal -0 0 1
    outer loop
      vertex 0.00445557 13.5495 -13.1
      vertex 1.85 13.213 -13.1
      vertex 0.166726 13.6918 -13.1
    endloop
  endfacet
  facet normal -0 0 1
    outer loop
      vertex -0.174999 13.4296 -13.1
      vertex 1.85 13.213 -13.1
      vertex 0.00445557 13.5495 -13.1
    endloop
  endfacet
  facet normal 0 0 1
    outer loop
      vertex -1 11.5676 -13.1
      vertex -0.174999 13.4296 -13.1
      vertex -0.368572 13.3341 -13.1
    endloop
  endfacet
  facet normal 0 0 1
    outer loop
      vertex -1 11.5676 -13.1
      vertex -0.368572 13.3341 -13.1
      vertex -0.572948 13.2647 -13.1
    endloop
  endfacet
  facet normal 0 0 1
    outer loop
      vertex -1 11.5676 -13.1
      vertex -0.572948 13.2647 -13.1
      vertex -0.784632 13.2226 -13.1
    endloop
  endfacet
  facet normal 0 0 1
    outer loop
      vertex -1 11.5676 -13.1
      vertex -0.784632 13.2226 -13.1
      vertex -1 13.2085 -13.1
    endloop
  endfacet
  facet normal 0 0 1
    outer loop
      vertex -0.174999 13.4296 -13.1
      vertex -1 11.5676 -13.1
      vertex 1.85 13.213 -13.1
    endloop
  endfacet
  facet normal 0 0 1
    outer loop
      vertex -1.21537 13.2226 -13.1
      vertex -1 11.5676 -13.1
      vertex -1 13.2085 -13.1
    endloop
  endfacet
  facet normal 0 0 1
    outer loop
      vertex -1.42705 13.2647 -13.1
      vertex -1 11.5676 -13.1
      vertex -1.21537 13.2226 -13.1
    endloop
  endfacet
  facet normal 0 0 1
    outer loop
      vertex -1.63143 13.3341 -13.1
      vertex -1 11.5676 -13.1
      vertex -1.42705 13.2647 -13.1
    endloop
  endfacet
  facet normal 0 0 1
    outer loop
      vertex -1.825 13.4296 -13.1
      vertex -1 11.5676 -13.1
      vertex -1.63143 13.3341 -13.1
    endloop
  endfacet
  facet normal 0 0 1
    outer loop
      vertex -3.85 13.213 -13.1
      vertex -1.825 13.4296 -13.1
      vertex -2.00446 13.5495 -13.1
    endloop
  endfacet
  facet normal 0 0 1
    outer loop
      vertex -3.85 13.213 -13.1
      vertex -2.00446 13.5495 -13.1
      vertex -2.16673 13.6918 -13.1
    endloop
  endfacet
  facet normal 0 0 1
    outer loop
      vertex -3.85 13.213 -13.1
      vertex -2.16673 13.6918 -13.1
      vertex -2.30903 13.854 -13.1
    endloop
  endfacet
  facet normal 0 0 1
    outer loop
      vertex -3.85 13.213 -13.1
      vertex -2.30903 13.854 -13.1
      vertex -2.42894 14.0335 -13.1
    endloop
  endfacet
  facet normal 0 0 1
    outer loop
      vertex -3.85 13.213 -13.1
      vertex -2.65 14.8585 -13.1
      vertex -3.85 16.5039 -13.1
    endloop
  endfacet
  facet normal 0 0 1
    outer loop
      vertex -2.65 14.8585 -13.1
      vertex -3.85 13.213 -13.1
      vertex -2.63588 14.6431 -13.1
    endloop
  endfacet
  facet normal 0 0 1
    outer loop
      vertex -2.63588 14.6431 -13.1
      vertex -3.85 13.213 -13.1
      vertex -2.59378 14.4314 -13.1
    endloop
  endfacet
  facet normal 0 0 1
    outer loop
      vertex -2.59378 14.4314 -13.1
      vertex -3.85 13.213 -13.1
      vertex -2.5244 14.2271 -13.1
    endloop
  endfacet
  facet normal 0 0 1
    outer loop
      vertex -1.825 13.4296 -13.1
      vertex -3.85 13.213 -13.1
      vertex -1 11.5676 -13.1
    endloop
  endfacet
  facet normal 0 0 1
    outer loop
      vertex -2.5244 14.2271 -13.1
      vertex -3.85 13.213 -13.1
      vertex -2.42894 14.0335 -13.1
    endloop
  endfacet
  facet normal 0.499989 0.866032 -0
    outer loop
      vertex -1 11.5676 -13.1
      vertex -3.85 13.213 -9.5
      vertex -1 11.5676 -9.5
    endloop
  endfacet
  facet normal 0.499989 0.866032 0
    outer loop
      vertex -3.85 13.213 -9.5
      vertex -1 11.5676 -13.1
      vertex -3.85 13.213 -13.1
    endloop
  endfacet
  facet normal -1 0 0
    outer loop
      vertex 1.85 13.213 -13.1
      vertex 1.85 16.5039 -12.6
      vertex 1.85 16.5039 -13.1
    endloop
  endfacet
  facet normal -1 -0 0
    outer loop
      vertex 1.85 16.5039 -12.6
      vertex 1.85 13.213 -13.1
      vertex 1.85 16.5039 -10
    endloop
  endfacet
  facet normal -1 0 0
    outer loop
      vertex 1.85 13.213 -9.5
      vertex 1.85 16.5039 -10
      vertex 1.85 13.213 -13.1
    endloop
  endfacet
  facet normal -1 0 0
    outer loop
      vertex 1.85 16.5039 -10
      vertex 1.85 13.213 -9.5
      vertex 1.85 16.5039 -9.5
    endloop
  endfacet
  facet normal -1 0 0
    outer loop
      vertex 1.85 16.5039 -10
      vertex 1.85 19.931 -12.6
      vertex 1.85 16.5039 -12.6
    endloop
  endfacet
  facet normal -1 0 0
    outer loop
      vertex 1.85 19.931 -12.6
      vertex 1.85 16.5039 -10
      vertex 1.85 20.3789 -10
    endloop
  endfacet
  facet normal -0.499989 0.866032 0
    outer loop
      vertex 1.85 13.213 -13.1
      vertex -1 11.5676 -9.5
      vertex 1.85 13.213 -9.5
    endloop
  endfacet
  facet normal -0.499989 0.866032 0
    outer loop
      vertex -1 11.5676 -9.5
      vertex 1.85 13.213 -13.1
      vertex -1 11.5676 -13.1
    endloop
  endfacet
  facet normal 0 0 -1
    outer loop
      vertex -1 18.1494 -10
      vertex 1.85 20.3789 -10
      vertex 1.85 16.5039 -10
    endloop
  endfacet
  facet normal 0 0 -1
    outer loop
      vertex -3.85 20.3789 -10
      vertex -1 18.1494 -10
      vertex -3.85 16.5039 -10
    endloop
  endfacet
  facet normal 0 0 -1
    outer loop
      vertex -1 18.1494 -10
      vertex -3.85 20.3789 -10
      vertex 1.85 20.3789 -10
    endloop
  endfacet
  facet normal 0 0 1
    outer loop
      vertex 1.85 19.931 -12.6
      vertex -1 18.1494 -12.6
      vertex 1.85 16.5039 -12.6
    endloop
  endfacet
  facet normal -0 0 1
    outer loop
      vertex -3.85 19.931 -12.6
      vertex -1 18.1494 -12.6
      vertex 1.85 19.931 -12.6
    endloop
  endfacet
  facet normal 0 0 1
    outer loop
      vertex -1 18.1494 -12.6
      vertex -3.85 19.931 -12.6
      vertex -3.85 16.5039 -12.6
    endloop
  endfacet
  facet normal 0 0.985401 -0.170248
    outer loop
      vertex 11.3881 43.8352 32.8402
      vertex 11.9195 43.8786 33.0914
      vertex 12.25 43.8786 33.0914
    endloop
  endfacet
  facet normal -0.000342096 0.985522 -0.169546
    outer loop
      vertex 11.9195 43.8786 33.0914
      vertex 11.3881 43.8352 32.8402
      vertex 11.6673 43.8669 33.0239
    endloop
  endfacet
  facet normal -0.00285654 0.98615 -0.165832
    outer loop
      vertex 11.6673 43.8669 33.0239
      vertex 11.3881 43.8352 32.8402
      vertex 11.4412 43.8443 32.8934
    endloop
  endfacet
  facet normal 0 0.985406 -0.170223
    outer loop
      vertex 8.55 43.1511 28.88
      vertex -13.05 43.8352 32.8402
      vertex 11.3881 43.8352 32.8402
    endloop
  endfacet
  facet normal 0 0.985406 -0.170223
    outer loop
      vertex -10.55 43.1511 28.88
      vertex -13.05 43.8352 32.8402
      vertex 8.55 43.1511 28.88
    endloop
  endfacet
  facet normal -9.58121e-06 0.985405 -0.170229
    outer loop
      vertex -14 43.4483 30.6006
      vertex -13.05 43.8352 32.8402
      vertex -10.55 43.1511 28.88
    endloop
  endfacet
  facet normal -0.000128567 0.985413 -0.17018
    outer loop
      vertex -13.9086 43.6689 31.8779
      vertex -13.05 43.8352 32.8402
      vertex -14 43.4483 30.6006
    endloop
  endfacet
  facet normal 0.0001052 0.985394 -0.170289
    outer loop
      vertex -13.7989 43.7531 32.3652
      vertex -13.1176 43.8338 32.8326
      vertex -13.9086 43.6689 31.8779
    endloop
  endfacet
  facet normal 0.000304457 0.985345 -0.170571
    outer loop
      vertex -13.1176 43.8338 32.8326
      vertex -13.7989 43.7531 32.3652
      vertex -13.3018 43.8274 32.7953
    endloop
  endfacet
  facet normal 0.000112714 0.985383 -0.170356
    outer loop
      vertex -13.666 43.7892 32.5741
      vertex -13.3018 43.8274 32.7953
      vertex -13.7989 43.7531 32.3652
    endloop
  endfacet
  facet normal 0.00212204 0.984296 -0.176512
    outer loop
      vertex -13.3018 43.8274 32.7953
      vertex -13.4523 43.8177 32.7394
      vertex -13.4237 43.8204 32.7548
    endloop
  endfacet
  facet normal -0.00078199 0.985629 -0.168925
    outer loop
      vertex -13.3018 43.8274 32.7953
      vertex -13.666 43.7892 32.5741
      vertex -13.4523 43.8177 32.7394
    endloop
  endfacet
  facet normal 0.00435731 0.984492 -0.175373
    outer loop
      vertex -13.4523 43.8177 32.7394
      vertex -13.666 43.7892 32.5741
      vertex -13.509 43.8125 32.7088
    endloop
  endfacet
  facet normal -0.00190756 0.985596 -0.169107
    outer loop
      vertex -13.666 43.7892 32.5741
      vertex -13.7989 43.7531 32.3652
      vertex -13.7093 43.7804 32.5233
    endloop
  endfacet
  facet normal 0.000895605 0.985331 -0.17065
    outer loop
      vertex -13.7093 43.7804 32.5233
      vertex -13.7989 43.7531 32.3652
      vertex -13.744 43.7734 32.4827
    endloop
  endfacet
  facet normal 0.00225114 0.985311 -0.170757
    outer loop
      vertex -13.7989 43.7531 32.3652
      vertex -13.9086 43.6689 31.8779
      vertex -13.8619 43.7299 32.2305
    endloop
  endfacet
  facet normal -0.00140348 0.985602 -0.169075
    outer loop
      vertex -13.05 43.8352 32.8402
      vertex -13.9086 43.6689 31.8779
      vertex -13.1176 43.8338 32.8326
    endloop
  endfacet
  facet normal -9.76515e-06 0.985407 -0.170216
    outer loop
      vertex 12.25 43.8786 33.0914
      vertex 8.55 43.1511 28.88
      vertex 11.3881 43.8352 32.8402
    endloop
  endfacet
  facet normal -1.58147e-05 0.985408 -0.170211
    outer loop
      vertex 12.25 34.2214 -22.8174
      vertex 8.55 43.1511 28.88
      vertex 12.25 43.8786 33.0914
    endloop
  endfacet
  facet normal 0 0.985408 -0.17021
    outer loop
      vertex 11.9614 34.2214 -22.8174
      vertex 8.55 43.1511 28.88
      vertex 12.25 34.2214 -22.8174
    endloop
  endfacet
  facet normal 0 0.985414 -0.170172
    outer loop
      vertex 8.55 33.9481 -24.4
      vertex 11.9614 34.2214 -22.8174
      vertex 11.9614 33.9481 -24.4
    endloop
  endfacet
  facet normal 1.75863e-05 0.985408 -0.170209
    outer loop
      vertex 11.9614 34.2214 -22.8174
      vertex 8.55 33.9481 -24.4
      vertex 8.55 43.1511 28.88
    endloop
  endfacet
  facet normal -0.000136072 0.985709 -0.168458
    outer loop
      vertex -13.1176 43.8338 32.8326
      vertex -13.3018 43.8274 32.7953
      vertex -13.2264 43.8317 32.8204
    endloop
  endfacet
  facet normal 0 0.985408 -0.170209
    outer loop
      vertex -14 33.9481 -24.4
      vertex -10.55 43.1511 28.88
      vertex -10.55 33.9481 -24.4
    endloop
  endfacet
  facet normal 6.96919e-07 0.985408 -0.170209
    outer loop
      vertex -10.55 43.1511 28.88
      vertex -14 33.9481 -24.4
      vertex -14 43.4483 30.6006
    endloop
  endfacet
  facet normal 1 -0 0
    outer loop
      vertex -12.4 33.5168 30.73
      vertex -12.4 40.9768 30.23
      vertex -12.4 40.9768 30.73
    endloop
  endfacet
  facet normal 1 0 0
    outer loop
      vertex -12.4 33.5168 30.73
      vertex -12.4 31.5643 -24.4
      vertex -12.4 40.9768 30.23
    endloop
  endfacet
  facet normal 1 0 -0
    outer loop
      vertex -12.4 31.5643 -24.4
      vertex -12.4 33.5168 30.73
      vertex -12.4 24.0181 -24.4
    endloop
  endfacet
  facet normal 0 0.985484 -0.16977
    outer loop
      vertex 10.4 33.5168 30.73
      vertex 8.55 33.1981 28.88
      vertex -12.4 33.5168 30.73
    endloop
  endfacet
  facet normal 2.57408e-05 0.985479 -0.169795
    outer loop
      vertex 10.4 24.0181 -24.4
      vertex 8.55 33.1981 28.88
      vertex 10.4 33.5168 30.73
    endloop
  endfacet
  facet normal 0 0.985479 -0.169795
    outer loop
      vertex 8.55 33.1981 28.88
      vertex 10.4 24.0181 -24.4
      vertex 8.55 24.0181 -24.4
    endloop
  endfacet
  facet normal 0 0.985484 -0.16977
    outer loop
      vertex -10.55 33.1981 28.88
      vertex -12.4 33.5168 30.73
      vertex 8.55 33.1981 28.88
    endloop
  endfacet
  facet normal 0 0.985479 -0.169795
    outer loop
      vertex -12.4 24.0181 -24.4
      vertex -10.55 33.1981 28.88
      vertex -10.55 24.0181 -24.4
    endloop
  endfacet
  facet normal -2.57408e-05 0.985479 -0.169795
    outer loop
      vertex -10.55 33.1981 28.88
      vertex -12.4 24.0181 -24.4
      vertex -12.4 33.5168 30.73
    endloop
  endfacet
  facet normal 0 0 -1
    outer loop
      vertex -12.4 33.5168 30.73
      vertex 10.4 40.9768 30.73
      vertex 10.4 33.5168 30.73
    endloop
  endfacet
  facet normal -0 0 -1
    outer loop
      vertex 10.4 40.9768 30.73
      vertex -12.4 33.5168 30.73
      vertex -12.4 40.9768 30.73
    endloop
  endfacet
  facet normal 0 -0.985479 0.169794
    outer loop
      vertex -12.4 40.9768 30.23
      vertex -10.55 40.7442 28.88
      vertex 10.4 40.9768 30.23
    endloop
  endfacet
  facet normal -6.14307e-07 -0.98548 0.169794
    outer loop
      vertex -12.4 31.5643 -24.4
      vertex -10.55 40.7442 28.88
      vertex -12.4 40.9768 30.23
    endloop
  endfacet
  facet normal 0 -0.98548 0.169794
    outer loop
      vertex -10.55 40.7442 28.88
      vertex -12.4 31.5643 -24.4
      vertex -10.55 31.5643 -24.4
    endloop
  endfacet
  facet normal 0 -0.985479 0.169794
    outer loop
      vertex 8.55 40.7442 28.88
      vertex 10.4 40.9768 30.23
      vertex -10.55 40.7442 28.88
    endloop
  endfacet
  facet normal 0 -0.98548 0.169794
    outer loop
      vertex 10.4 31.5643 -24.4
      vertex 8.55 40.7442 28.88
      vertex 8.55 31.5643 -24.4
    endloop
  endfacet
  facet normal 6.14307e-07 -0.98548 0.169794
    outer loop
      vertex 8.55 40.7442 28.88
      vertex 10.4 31.5643 -24.4
      vertex 10.4 40.9768 30.23
    endloop
  endfacet
  facet normal -1 0 0
    outer loop
      vertex 10.4 40.9768 30.23
      vertex 10.4 33.5168 30.73
      vertex 10.4 40.9768 30.73
    endloop
  endfacet
  facet normal -1 0 0
    outer loop
      vertex 10.4 31.5643 -24.4
      vertex 10.4 33.5168 30.73
      vertex 10.4 40.9768 30.23
    endloop
  endfacet
  facet normal -1 0 0
    outer loop
      vertex 10.4 33.5168 30.73
      vertex 10.4 31.5643 -24.4
      vertex 10.4 24.0181 -24.4
    endloop
  endfacet
  facet normal 0 -1 0
    outer loop
      vertex -12.4 40.9768 30.23
      vertex 10.4 40.9768 30.73
      vertex -12.4 40.9768 30.73
    endloop
  endfacet
  facet normal 0 -1 -0
    outer loop
      vertex 10.4 40.9768 30.73
      vertex -12.4 40.9768 30.23
      vertex 10.4 40.9768 30.23
    endloop
  endfacet
  facet normal 1 -0 0
    outer loop
      vertex -10.55 40.7442 28.88
      vertex -10.55 33.9481 -24.4
      vertex -10.55 43.1511 28.88
    endloop
  endfacet
  facet normal 1 0 -0
    outer loop
      vertex -10.55 33.9481 -24.4
      vertex -10.55 40.7442 28.88
      vertex -10.55 31.5643 -24.4
    endloop
  endfacet
  facet normal 0 0 -1
    outer loop
      vertex -10.55 40.7442 28.88
      vertex 8.55 43.1511 28.88
      vertex 8.55 40.7442 28.88
    endloop
  endfacet
  facet normal -0 0 -1
    outer loop
      vertex 8.55 43.1511 28.88
      vertex -10.55 40.7442 28.88
      vertex -10.55 43.1511 28.88
    endloop
  endfacet
  facet normal -1 0 0
    outer loop
      vertex 8.55 33.9481 -24.4
      vertex 8.55 40.7442 28.88
      vertex 8.55 43.1511 28.88
    endloop
  endfacet
  facet normal -1 0 0
    outer loop
      vertex 8.55 40.7442 28.88
      vertex 8.55 33.9481 -24.4
      vertex 8.55 31.5643 -24.4
    endloop
  endfacet
  facet normal 1 -0 0
    outer loop
      vertex -10.55 27.0773 28.88
      vertex -10.55 24.0181 -24.4
      vertex -10.55 33.1981 28.88
    endloop
  endfacet
  facet normal 1 0 -0
    outer loop
      vertex -10.55 24.0181 -24.4
      vertex -10.55 27.0773 28.88
      vertex -10.55 17.898 -24.4
    endloop
  endfacet
  facet normal 0 0.985482 -0.169783
    outer loop
      vertex 8.55 27.0773 28.88
      vertex 1.85 20.3789 -10
      vertex -10.55 27.0773 28.88
    endloop
  endfacet
  facet normal 1.1926e-06 0.985481 -0.169783
    outer loop
      vertex 8.55 17.898 -24.4
      vertex 1.85 20.3789 -10
      vertex 8.55 27.0773 28.88
    endloop
  endfacet
  facet normal 0 0.985481 -0.169787
    outer loop
      vertex 1.85 19.931 -12.6
      vertex 8.55 17.898 -24.4
      vertex -3.85 19.931 -12.6
    endloop
  endfacet
  facet normal 3.28118e-05 0.985484 -0.169769
    outer loop
      vertex 1.85 20.3789 -10
      vertex 8.55 17.898 -24.4
      vertex 1.85 19.931 -12.6
    endloop
  endfacet
  facet normal 0 0.985482 -0.169783
    outer loop
      vertex -3.85 20.3789 -10
      vertex -10.55 27.0773 28.88
      vertex 1.85 20.3789 -10
    endloop
  endfacet
  facet normal -3.28118e-05 0.985484 -0.169769
    outer loop
      vertex -10.55 17.898 -24.4
      vertex -3.85 20.3789 -10
      vertex -3.85 19.931 -12.6
    endloop
  endfacet
  facet normal -1.1926e-06 0.985481 -0.169783
    outer loop
      vertex -3.85 20.3789 -10
      vertex -10.55 17.898 -24.4
      vertex -10.55 27.0773 28.88
    endloop
  endfacet
  facet normal 0 0.985481 -0.169787
    outer loop
      vertex -10.55 17.898 -24.4
      vertex -3.85 19.931 -12.6
      vertex 8.55 17.898 -24.4
    endloop
  endfacet
  facet normal 0 0 -1
    outer loop
      vertex -10.55 27.0773 28.88
      vertex 8.55 33.1981 28.88
      vertex 8.55 27.0773 28.88
    endloop
  endfacet
  facet normal -0 0 -1
    outer loop
      vertex 8.55 33.1981 28.88
      vertex -10.55 27.0773 28.88
      vertex -10.55 33.1981 28.88
    endloop
  endfacet
  facet normal -1 0 0
    outer loop
      vertex 8.55 24.0181 -24.4
      vertex 8.55 27.0773 28.88
      vertex 8.55 33.1981 28.88
    endloop
  endfacet
  facet normal -1 0 0
    outer loop
      vertex 8.55 27.0773 28.88
      vertex 8.55 24.0181 -24.4
      vertex 8.55 17.898 -24.4
    endloop
  endfacet
  facet normal 1 -0 0
    outer loop
      vertex 12.25 10 33.0914
      vertex 12.25 34.2214 -22.8174
      vertex 12.25 43.8786 33.0914
    endloop
  endfacet
  facet normal 1 0 0
    outer loop
      vertex 12.25 10 -24.4
      vertex 12.25 34.2214 -22.8174
      vertex 12.25 10 33.0914
    endloop
  endfacet
  facet normal 1 0 0
    outer loop
      vertex 12.25 34.2214 -22.8174
      vertex 12.25 10 -24.4
      vertex 12.25 32.6894 -24.4
    endloop
  endfacet
  facet normal 0 -1 0
    outer loop
      vertex -14 10 32.3852
      vertex -13.1805 10 33.0914
      vertex -13.4327 10 33.0239
    endloop
  endfacet
  facet normal 0 -1 0
    outer loop
      vertex -14 10 32.3852
      vertex -13.4327 10 33.0239
      vertex -13.6588 10 32.8934
    endloop
  endfacet
  facet normal 0 -1 0
    outer loop
      vertex -14 10 32.3852
      vertex -13.6588 10 32.8934
      vertex -13.8434 10 32.7088
    endloop
  endfacet
  facet normal 0 -1 0
    outer loop
      vertex -14 10 32.3852
      vertex -13.8434 10 32.7088
      vertex -13.9739 10 32.4827
    endloop
  endfacet
  facet normal 0 -1 -0
    outer loop
      vertex -13.1805 10 33.0914
      vertex -14 10 32.3852
      vertex 12.25 10 33.0914
    endloop
  endfacet
  facet normal 0 -1 0
    outer loop
      vertex 12.25 10 -24.4
      vertex -14 10 32.3852
      vertex -14 10 -24.4
    endloop
  endfacet
  facet normal 0 -1 0
    outer loop
      vertex -14 10 32.3852
      vertex 12.25 10 -24.4
      vertex 12.25 10 33.0914
    endloop
  endfacet
  facet normal -1 0 0
    outer loop
      vertex -14 43.2733 32.336
      vertex -14 43.4483 32.2305
      vertex -14 43.4483 30.6006
    endloop
  endfacet
  facet normal -1 0 0
    outer loop
      vertex -14 43.4483 32.2305
      vertex -14 43.2733 32.336
      vertex -14 43.4278 32.2601
    endloop
  endfacet
  facet normal -1 0 0
    outer loop
      vertex -14 43.4483 30.6006
      vertex -14 43.1732 32.3852
      vertex -14 43.2733 32.336
    endloop
  endfacet
  facet normal -1 0 0
    outer loop
      vertex -14 10 32.3852
      vertex -14 43.4483 30.6006
      vertex -14 33.9481 -24.4
    endloop
  endfacet
  facet normal -1 0 0
    outer loop
      vertex -14 10 32.3852
      vertex -14 33.9481 -24.4
      vertex -14 10 -24.4
    endloop
  endfacet
  facet normal -1 0 0
    outer loop
      vertex -14 43.4483 30.6006
      vertex -14 10 32.3852
      vertex -14 43.1732 32.3852
    endloop
  endfacet
  facet normal 0 0 -1
    outer loop
      vertex 10.4 24.0181 -24.4
      vertex 12.25 32.6894 -24.4
      vertex 12.25 10 -24.4
    endloop
  endfacet
  facet normal -0 0 -1
    outer loop
      vertex 12.25 32.6894 -24.4
      vertex 10.4 31.5643 -24.4
      vertex 11.9614 32.6894 -24.4
    endloop
  endfacet
  facet normal 0 0 -1
    outer loop
      vertex 10.4 31.5643 -24.4
      vertex 12.25 32.6894 -24.4
      vertex 10.4 24.0181 -24.4
    endloop
  endfacet
  facet normal 0 0 -1
    outer loop
      vertex 12.25 10 -24.4
      vertex 8.55 17.898 -24.4
      vertex 10.4 24.0181 -24.4
    endloop
  endfacet
  facet normal 0 0 -1
    outer loop
      vertex 0.524401 14.2271 -24.4
      vertex 8.55 17.898 -24.4
      vertex 12.25 10 -24.4
    endloop
  endfacet
  facet normal 0 0 -1
    outer loop
      vertex 8.55 17.898 -24.4
      vertex 0.635883 14.6431 -24.4
      vertex 0.65 14.8585 -24.4
    endloop
  endfacet
  facet normal 0 0 -1
    outer loop
      vertex 8.55 17.898 -24.4
      vertex 0.593777 14.4314 -24.4
      vertex 0.635883 14.6431 -24.4
    endloop
  endfacet
  facet normal 0 0 -1
    outer loop
      vertex 8.55 17.898 -24.4
      vertex 0.524401 14.2271 -24.4
      vertex 0.593777 14.4314 -24.4
    endloop
  endfacet
  facet normal 0 0 -1
    outer loop
      vertex 12.25 10 -24.4
      vertex 0.428942 14.0335 -24.4
      vertex 0.524401 14.2271 -24.4
    endloop
  endfacet
  facet normal 0 0 -1
    outer loop
      vertex 12.25 10 -24.4
      vertex 0.309032 13.854 -24.4
      vertex 0.428942 14.0335 -24.4
    endloop
  endfacet
  facet normal 0 0 -1
    outer loop
      vertex 12.25 10 -24.4
      vertex 0.166726 13.6918 -24.4
      vertex 0.309032 13.854 -24.4
    endloop
  endfacet
  facet normal 0 0 -1
    outer loop
      vertex 12.25 10 -24.4
      vertex 0.00445557 13.5495 -24.4
      vertex 0.166726 13.6918 -24.4
    endloop
  endfacet
  facet normal 0 0 -1
    outer loop
      vertex 12.25 10 -24.4
      vertex -0.174999 13.4296 -24.4
      vertex 0.00445557 13.5495 -24.4
    endloop
  endfacet
  facet normal 0 0 -1
    outer loop
      vertex 12.25 10 -24.4
      vertex -0.368572 13.3341 -24.4
      vertex -0.174999 13.4296 -24.4
    endloop
  endfacet
  facet normal 0 0 -1
    outer loop
      vertex 12.25 10 -24.4
      vertex -0.572948 13.2647 -24.4
      vertex -0.368572 13.3341 -24.4
    endloop
  endfacet
  facet normal 0 0 -1
    outer loop
      vertex 12.25 10 -24.4
      vertex -0.784632 13.2226 -24.4
      vertex -0.572948 13.2647 -24.4
    endloop
  endfacet
  facet normal 0 0 -1
    outer loop
      vertex 12.25 10 -24.4
      vertex -1 13.2085 -24.4
      vertex -0.784632 13.2226 -24.4
    endloop
  endfacet
  facet normal 0 0 -1
    outer loop
      vertex -14 10 -24.4
      vertex -1 13.2085 -24.4
      vertex 12.25 10 -24.4
    endloop
  endfacet
  facet normal -0 0 -1
    outer loop
      vertex -1 13.2085 -24.4
      vertex -14 10 -24.4
      vertex -1.21537 13.2226 -24.4
    endloop
  endfacet
  facet normal 0 0 -1
    outer loop
      vertex -2.63588 14.6431 -24.4
      vertex -10.55 17.898 -24.4
      vertex -2.65 14.8585 -24.4
    endloop
  endfacet
  facet normal 0 0 -1
    outer loop
      vertex -2.59378 14.4314 -24.4
      vertex -10.55 17.898 -24.4
      vertex -2.63588 14.6431 -24.4
    endloop
  endfacet
  facet normal 0 0 -1
    outer loop
      vertex -2.5244 14.2271 -24.4
      vertex -10.55 17.898 -24.4
      vertex -2.59378 14.4314 -24.4
    endloop
  endfacet
  facet normal 0 0 -1
    outer loop
      vertex -14 10 -24.4
      vertex -2.5244 14.2271 -24.4
      vertex -2.42894 14.0335 -24.4
    endloop
  endfacet
  facet normal 0 0 -1
    outer loop
      vertex -14 10 -24.4
      vertex -2.42894 14.0335 -24.4
      vertex -2.30903 13.854 -24.4
    endloop
  endfacet
  facet normal 0 0 -1
    outer loop
      vertex -14 10 -24.4
      vertex -2.30903 13.854 -24.4
      vertex -2.16673 13.6918 -24.4
    endloop
  endfacet
  facet normal 0 0 -1
    outer loop
      vertex -14 10 -24.4
      vertex -2.16673 13.6918 -24.4
      vertex -2.00446 13.5495 -24.4
    endloop
  endfacet
  facet normal 0 0 -1
    outer loop
      vertex -14 10 -24.4
      vertex -2.00446 13.5495 -24.4
      vertex -1.825 13.4296 -24.4
    endloop
  endfacet
  facet normal 0 0 -1
    outer loop
      vertex -10.55 17.898 -24.4
      vertex -12.4 24.0181 -24.4
      vertex -10.55 24.0181 -24.4
    endloop
  endfacet
  facet normal 0 0 -1
    outer loop
      vertex -14 33.9481 -24.4
      vertex -12.4 24.0181 -24.4
      vertex -14 10 -24.4
    endloop
  endfacet
  facet normal -0 0 -1
    outer loop
      vertex -10.55 17.898 -24.4
      vertex -14 10 -24.4
      vertex -12.4 24.0181 -24.4
    endloop
  endfacet
  facet normal -0 0 -1
    outer loop
      vertex -2.5244 14.2271 -24.4
      vertex -14 10 -24.4
      vertex -10.55 17.898 -24.4
    endloop
  endfacet
  facet normal -0 0 -1
    outer loop
      vertex -1.63143 13.3341 -24.4
      vertex -14 10 -24.4
      vertex -1.825 13.4296 -24.4
    endloop
  endfacet
  facet normal -0 0 -1
    outer loop
      vertex -1.42705 13.2647 -24.4
      vertex -14 10 -24.4
      vertex -1.63143 13.3341 -24.4
    endloop
  endfacet
  facet normal -0 0 -1
    outer loop
      vertex -1.21537 13.2226 -24.4
      vertex -14 10 -24.4
      vertex -1.42705 13.2647 -24.4
    endloop
  endfacet
  facet normal -0 0 -1
    outer loop
      vertex 11.9614 32.6894 -24.4
      vertex 10.4 31.5643 -24.4
      vertex 11.9614 33.9481 -24.4
    endloop
  endfacet
  facet normal 0 0 -1
    outer loop
      vertex 8.55 33.9481 -24.4
      vertex 10.4 31.5643 -24.4
      vertex 8.55 31.5643 -24.4
    endloop
  endfacet
  facet normal 0 0 -1
    outer loop
      vertex 10.4 31.5643 -24.4
      vertex 8.55 33.9481 -24.4
      vertex 11.9614 33.9481 -24.4
    endloop
  endfacet
  facet normal -0 0 -1
    outer loop
      vertex 10.4 24.0181 -24.4
      vertex 8.55 17.898 -24.4
      vertex 8.55 24.0181 -24.4
    endloop
  endfacet
  facet normal 0 0 -1
    outer loop
      vertex 0.635883 15.0739 -24.4
      vertex 8.55 17.898 -24.4
      vertex 0.65 14.8585 -24.4
    endloop
  endfacet
  facet normal 0 0 -1
    outer loop
      vertex 0.593777 15.2855 -24.4
      vertex 8.55 17.898 -24.4
      vertex 0.635883 15.0739 -24.4
    endloop
  endfacet
  facet normal 0 0 -1
    outer loop
      vertex 0.524401 15.4899 -24.4
      vertex 8.55 17.898 -24.4
      vertex 0.593777 15.2855 -24.4
    endloop
  endfacet
  facet normal 0 0 -1
    outer loop
      vertex 0.428942 15.6835 -24.4
      vertex 8.55 17.898 -24.4
      vertex 0.524401 15.4899 -24.4
    endloop
  endfacet
  facet normal 0 0 -1
    outer loop
      vertex 0.309032 15.8629 -24.4
      vertex 8.55 17.898 -24.4
      vertex 0.428942 15.6835 -24.4
    endloop
  endfacet
  facet normal 0 0 -1
    outer loop
      vertex 0.166726 16.0252 -24.4
      vertex 8.55 17.898 -24.4
      vertex 0.309032 15.8629 -24.4
    endloop
  endfacet
  facet normal 0 0 -1
    outer loop
      vertex 0.00445557 16.1675 -24.4
      vertex 8.55 17.898 -24.4
      vertex 0.166726 16.0252 -24.4
    endloop
  endfacet
  facet normal 0 0 -1
    outer loop
      vertex -0.174999 16.2874 -24.4
      vertex 8.55 17.898 -24.4
      vertex 0.00445557 16.1675 -24.4
    endloop
  endfacet
  facet normal 0 0 -1
    outer loop
      vertex -0.368572 16.3829 -24.4
      vertex 8.55 17.898 -24.4
      vertex -0.174999 16.2874 -24.4
    endloop
  endfacet
  facet normal 0 0 -1
    outer loop
      vertex -0.572948 16.4523 -24.4
      vertex 8.55 17.898 -24.4
      vertex -0.368572 16.3829 -24.4
    endloop
  endfacet
  facet normal 0 0 -1
    outer loop
      vertex -0.784632 16.4944 -24.4
      vertex 8.55 17.898 -24.4
      vertex -0.572948 16.4523 -24.4
    endloop
  endfacet
  facet normal 0 0 -1
    outer loop
      vertex -1 16.5085 -24.4
      vertex 8.55 17.898 -24.4
      vertex -0.784632 16.4944 -24.4
    endloop
  endfacet
  facet normal 0 0 -1
    outer loop
      vertex -10.55 17.898 -24.4
      vertex -1 16.5085 -24.4
      vertex -1.21537 16.4944 -24.4
    endloop
  endfacet
  facet normal 0 0 -1
    outer loop
      vertex -1 16.5085 -24.4
      vertex -10.55 17.898 -24.4
      vertex 8.55 17.898 -24.4
    endloop
  endfacet
  facet normal 0 0 -1
    outer loop
      vertex -1.42705 16.4523 -24.4
      vertex -10.55 17.898 -24.4
      vertex -1.21537 16.4944 -24.4
    endloop
  endfacet
  facet normal 0 0 -1
    outer loop
      vertex -1.63143 16.3829 -24.4
      vertex -10.55 17.898 -24.4
      vertex -1.42705 16.4523 -24.4
    endloop
  endfacet
  facet normal 0 0 -1
    outer loop
      vertex -1.825 16.2874 -24.4
      vertex -10.55 17.898 -24.4
      vertex -1.63143 16.3829 -24.4
    endloop
  endfacet
  facet normal 0 0 -1
    outer loop
      vertex -2.00446 16.1675 -24.4
      vertex -10.55 17.898 -24.4
      vertex -1.825 16.2874 -24.4
    endloop
  endfacet
  facet normal 0 0 -1
    outer loop
      vertex -2.16673 16.0252 -24.4
      vertex -10.55 17.898 -24.4
      vertex -2.00446 16.1675 -24.4
    endloop
  endfacet
  facet normal 0 0 -1
    outer loop
      vertex -2.30903 15.8629 -24.4
      vertex -10.55 17.898 -24.4
      vertex -2.16673 16.0252 -24.4
    endloop
  endfacet
  facet normal 0 0 -1
    outer loop
      vertex -2.42894 15.6835 -24.4
      vertex -10.55 17.898 -24.4
      vertex -2.30903 15.8629 -24.4
    endloop
  endfacet
  facet normal 0 0 -1
    outer loop
      vertex -2.5244 15.4899 -24.4
      vertex -10.55 17.898 -24.4
      vertex -2.42894 15.6835 -24.4
    endloop
  endfacet
  facet normal 0 0 -1
    outer loop
      vertex -2.59378 15.2855 -24.4
      vertex -10.55 17.898 -24.4
      vertex -2.5244 15.4899 -24.4
    endloop
  endfacet
  facet normal 0 0 -1
    outer loop
      vertex -2.63588 15.0739 -24.4
      vertex -10.55 17.898 -24.4
      vertex -2.59378 15.2855 -24.4
    endloop
  endfacet
  facet normal 0 0 -1
    outer loop
      vertex -10.55 17.898 -24.4
      vertex -2.63588 15.0739 -24.4
      vertex -2.65 14.8585 -24.4
    endloop
  endfacet
  facet normal 0 0 -1
    outer loop
      vertex -12.4 31.5643 -24.4
      vertex -10.55 33.9481 -24.4
      vertex -10.55 31.5643 -24.4
    endloop
  endfacet
  facet normal 0 0 -1
    outer loop
      vertex -12.4 31.5643 -24.4
      vertex -14 33.9481 -24.4
      vertex -10.55 33.9481 -24.4
    endloop
  endfacet
  facet normal 0 0 -1
    outer loop
      vertex -12.4 24.0181 -24.4
      vertex -14 33.9481 -24.4
      vertex -12.4 31.5643 -24.4
    endloop
  endfacet
endsolid OpenSCAD_Model
