solid OpenSCAD_Model
  facet normal -0.979788 -0.0474025 0.194339
    outer loop
      vertex 25.72 8.25 6.03202
      vertex 25.7344 8.34696 6.12827
      vertex 25.7154 8.34508 6.03202
    endloop
  endfacet
  facet normal -0.61564 -0.15524 0.772585
    outer loop
      vertex 25.3343 8.36621 5.47179
      vertex 25.4087 8.38101 5.53405
      vertex 25.32 8.42292 5.47179
    endloop
  endfacet
  facet normal -0.32251 -0.901057 0.289971
    outer loop
      vertex 25.1103 9.11987 5.93811
      vertex 25.1212 9.14619 6.03202
      vertex 25.0316 9.17826 6.03202
    endloop
  endfacet
  facet normal -0.658812 -0.726517 0.195292
    outer loop
      vertex 25.4359 8.93591 6.03202
      vertex 25.4495 8.94945 6.12827
      vertex 25.3654 8.99984 6.03202
    endloop
  endfacet
  facet normal -0 0.29031 0.956933
    outer loop
      vertex 23.75 -8.49298 5.30497
      vertex 24.75 -8.58689 5.33346
      vertex 24.75 -8.49298 5.30497
    endloop
  endfacet
  facet normal 0 0.29031 0.956933
    outer loop
      vertex 24.75 -8.58689 5.33346
      vertex 23.75 -8.49298 5.30497
      vertex 23.75 -8.58689 5.33346
    endloop
  endfacet
  facet normal -0.232409 -0.928429 0.289837
    outer loop
      vertex 25.0316 9.17826 6.03202
      vertex 24.9392 9.20139 6.03202
      vertex 24.9337 9.17345 5.93811
    endloop
  endfacet
  facet normal -0.0836745 0.176586 0.980722
    outer loop
      vertex 24.8645 -8.46429 5.30497
      vertex 24.8192 -8.3794 5.28582
      vertex 24.8062 -8.38556 5.28582
    endloop
  endfacet
  facet normal -0.50449 -0.84116 0.19478
    outer loop
      vertex 25.2889 9.05655 6.03202
      vertex 25.2163 9.12238 6.12827
      vertex 25.2073 9.10549 6.03202
    endloop
  endfacet
  facet normal -0.214496 -0.855595 0.471115
    outer loop
      vertex 25.0124 9.11506 5.84744
      vertex 24.9264 9.13662 5.84744
      vertex 24.9173 9.09125 5.7609
    endloop
  endfacet
  facet normal -0.0453144 -0.922955 0.382232
    outer loop
      vertex 24.8386 9.14964 5.84744
      vertex 24.75 9.19154 5.93811
      vertex 24.75 9.15399 5.84744
    endloop
  endfacet
  facet normal -0.081646 -0.550016 0.831153
    outer loop
      vertex 24.8662 8.83425 5.47179
      vertex 24.8084 8.84283 5.47179
      vertex 24.8004 8.76163 5.41727
    endloop
  endfacet
  facet normal -0.9988 -0.0489708 0
    outer loop
      vertex 25.7488 8.25 6.22593
      vertex 25.744 8.3479 8.17259
      vertex 25.744 8.3479 6.22593
    endloop
  endfacet
  facet normal -0.9988 -0.0489708 0
    outer loop
      vertex 25.744 8.3479 8.17259
      vertex 25.7488 8.25 6.22593
      vertex 25.7488 8.25 8.17259
    endloop
  endfacet
  facet normal 0 -0.831486 0.555546
    outer loop
      vertex 23.75 9.05321 5.6793
      vertex 24.75 9.10773 5.7609
      vertex 23.75 9.10773 5.7609
    endloop
  endfacet
  facet normal 0 -0.831486 0.555546
    outer loop
      vertex 24.75 9.10773 5.7609
      vertex 23.75 9.05321 5.6793
      vertex 24.75 9.05321 5.6793
    endloop
  endfacet
  facet normal -0.0932219 -0.627998 0.772611
    outer loop
      vertex 24.8662 8.83425 5.47179
      vertex 24.881 8.90865 5.53405
      vertex 24.8084 8.84283 5.47179
    endloop
  endfacet
  facet normal -0.00482842 0.0979285 0.995182
    outer loop
      vertex 24.7644 -8.39602 5.28582
      vertex 24.75 -8.29907 5.27621
      vertex 24.75 -8.39673 5.28582
    endloop
  endfacet
  facet normal 0 0.995193 0.0979296
    outer loop
      vertex 24.75 -9.23918 6.12827
      vertex 23.75 -9.24879 6.22593
      vertex 24.75 -9.24879 6.22593
    endloop
  endfacet
  facet normal 0 0.995193 0.0979296
    outer loop
      vertex 23.75 -9.24879 6.22593
      vertex 24.75 -9.23918 6.12827
      vertex 23.75 -9.23918 6.12827
    endloop
  endfacet
  facet normal -0.382643 -0.0191732 0.923697
    outer loop
      vertex 25.1776 8.25 5.37101
      vertex 25.1755 8.29191 5.37101
      vertex 25.0853 8.28302 5.33346
    endloop
  endfacet
  facet normal -0.0241745 -0.095045 0.995179
    outer loop
      vertex 24.7642 8.29695 5.27621
      vertex 24.7786 8.39391 5.28582
      vertex 24.7596 8.29812 5.27621
    endloop
  endfacet
  facet normal -0.0693069 0.466723 0.881684
    outer loop
      vertex 24.8503 -8.75422 5.41727
      vertex 24.8334 -8.66934 5.37101
      vertex 24.8004 -8.76163 5.41727
    endloop
  endfacet
  facet normal -0.96537 -0.241958 0.0975521
    outer loop
      vertex 25.7202 8.44298 6.12827
      vertex 25.7296 8.44485 6.22593
      vertex 25.6966 8.53714 6.12827
    endloop
  endfacet
  facet normal -0.951546 0.238041 0.194668
    outer loop
      vertex 25.6966 -8.53714 6.12827
      vertex 25.7014 -8.43924 6.03202
      vertex 25.6783 -8.53158 6.03202
    endloop
  endfacet
  facet normal -0.371751 -0.093166 0.923646
    outer loop
      vertex 25.1693 8.33341 5.37101
      vertex 25.1591 8.37411 5.37101
      vertex 25.0724 8.34779 5.33346
    endloop
  endfacet
  facet normal -0.00489593 0.0979185 0.995182
    outer loop
      vertex 24.7644 -8.39602 5.28582
      vertex 24.7548 -8.29883 5.27621
      vertex 24.75 -8.29907 5.27621
    endloop
  endfacet
  facet normal 0 -0.634413 0.772994
    outer loop
      vertex 23.75 8.92156 5.53405
      vertex 24.75 8.8457 5.47179
      vertex 24.75 8.92156 5.53405
    endloop
  endfacet
  facet normal 0 -0.634413 0.772994
    outer loop
      vertex 24.75 8.8457 5.47179
      vertex 23.75 8.92156 5.53405
      vertex 23.75 8.8457 5.47179
    endloop
  endfacet
  facet normal -0.0657162 0.0727159 0.995185
    outer loop
      vertex 24.8431 -8.36342 5.28582
      vertex 24.8538 -8.35375 5.28582
      vertex 24.7811 -8.28793 5.27621
    endloop
  endfacet
  facet normal -0.0693069 -0.466723 0.881684
    outer loop
      vertex 24.8334 8.66934 5.37101
      vertex 24.8503 8.75422 5.41727
      vertex 24.8004 8.76163 5.41727
    endloop
  endfacet
  facet normal -0.280234 -0.783176 0.555071
    outer loop
      vertex 25.0574 8.99207 5.6793
      vertex 24.999 9.0708 5.7609
      vertex 24.9832 9.01862 5.6793
    endloop
  endfacet
  facet normal -0.03475 -0.70668 0.70668
    outer loop
      vertex 24.8226 8.98738 5.60344
      vertex 24.75 8.99095 5.60344
      vertex 24.75 8.92156 5.53405
    endloop
  endfacet
  facet normal -0.853562 0.511711 0.0979012
    outer loop
      vertex 25.5805 -8.8049 6.22593
      vertex 25.6309 -8.72083 6.22593
      vertex 25.5725 -8.79956 6.12827
    endloop
  endfacet
  facet normal -0.273937 -0.0976168 0.956781
    outer loop
      vertex 24.9825 8.32053 5.30497
      vertex 25.0612 8.37892 5.33346
      vertex 24.9745 8.34298 5.30497
    endloop
  endfacet
  facet normal -0.946495 0.140728 0.290417
    outer loop
      vertex 25.7014 -8.43924 6.03202
      vertex 25.7154 -8.34508 6.03202
      vertex 25.687 -8.34229 5.93811
    endloop
  endfacet
  facet normal -0.0489708 -0.9988 0
    outer loop
      vertex 24.75 9.24879 6.22593
      vertex 24.8479 9.24399 8.17259
      vertex 24.75 9.24879 8.17259
    endloop
  endfacet
  facet normal -0.0489708 -0.9988 -0
    outer loop
      vertex 24.8479 9.24399 8.17259
      vertex 24.75 9.24879 6.22593
      vertex 24.8479 9.24399 6.22593
    endloop
  endfacet
  facet normal -0.0481739 -0.979637 0.19491
    outer loop
      vertex 24.847 9.23441 6.12827
      vertex 24.75 9.23918 6.12827
      vertex 24.75 9.22003 6.03202
    endloop
  endfacet
  facet normal -0.195039 0 0.980796
    outer loop
      vertex 24.8967 8.25 5.28582
      vertex 24.993 -8.25 5.30497
      vertex 24.993 8.25 5.30497
    endloop
  endfacet
  facet normal -0.195039 0 0.980796
    outer loop
      vertex 24.993 -8.25 5.30497
      vertex 24.8967 8.25 5.28582
      vertex 24.8967 -8.25 5.28582
    endloop
  endfacet
  facet normal -0.555348 -0.0275819 0.831161
    outer loop
      vertex 25.3457 8.25 5.47179
      vertex 25.3428 8.30839 5.47179
      vertex 25.2616 8.30039 5.41727
    endloop
  endfacet
  facet normal -0.242494 -0.404719 0.881702
    outer loop
      vertex 24.9875 8.6055 5.37101
      vertex 25.0356 8.67746 5.41727
      vertex 24.9515 8.62707 5.37101
    endloop
  endfacet
  facet normal -0.154237 -0.615861 0.77261
    outer loop
      vertex 24.9229 8.82005 5.47179
      vertex 24.881 8.90865 5.53405
      vertex 24.8662 8.83425 5.47179
    endloop
  endfacet
  facet normal -0.297413 -0.830575 0.470841
    outer loop
      vertex 25.0782 9.04244 5.7609
      vertex 25.0124 9.11506 5.84744
      vertex 24.999 9.0708 5.7609
    endloop
  endfacet
  facet normal -0.271343 -0.573884 0.772677
    outer loop
      vertex 25.0308 8.77536 5.47179
      vertex 25.0666 8.84226 5.53405
      vertex 25.007 8.87044 5.53405
    endloop
  endfacet
  facet normal -0.0924603 -0.0327293 0.995178
    outer loop
      vertex 24.8904 8.29259 5.28582
      vertex 24.8856 8.30615 5.28582
      vertex 24.797 8.26424 5.27621
    endloop
  endfacet
  facet normal -0.979525 -0.0484913 0.195396
    outer loop
      vertex 25.7392 8.25 6.12827
      vertex 25.7344 8.34696 6.12827
      vertex 25.72 8.25 6.03202
    endloop
  endfacet
  facet normal -0.513971 -0.857808 0
    outer loop
      vertex 25.2208 9.13086 6.22593
      vertex 25.3049 9.08047 8.17259
      vertex 25.2208 9.13086 8.17259
    endloop
  endfacet
  facet normal -0.513971 -0.857808 -0
    outer loop
      vertex 25.3049 9.08047 8.17259
      vertex 25.2208 9.13086 6.22593
      vertex 25.3049 9.08047 6.22593
    endloop
  endfacet
  facet normal -0.749978 -0.188328 0.634086
    outer loop
      vertex 25.5378 8.4067 5.6793
      vertex 25.5186 8.48316 5.6793
      vertex 25.459 8.46509 5.60344
    endloop
  endfacet
  facet normal -0.56991 -0.768791 0.290109
    outer loop
      vertex 25.3473 8.97782 5.93811
      vertex 25.3654 8.99984 6.03202
      vertex 25.2889 9.05655 6.03202
    endloop
  endfacet
  facet normal -0.146745 -0.989174 0
    outer loop
      vertex 24.8479 9.24399 6.22593
      vertex 24.9449 9.2296 8.17259
      vertex 24.8479 9.24399 8.17259
    endloop
  endfacet
  facet normal -0.146745 -0.989174 -0
    outer loop
      vertex 24.9449 9.2296 8.17259
      vertex 24.8479 9.24399 6.22593
      vertex 24.9449 9.2296 6.22593
    endloop
  endfacet
  facet normal -0.335219 -0.93703 0.0979982
    outer loop
      vertex 25.1285 9.16388 6.12827
      vertex 25.1322 9.17277 6.22593
      vertex 25.0399 9.20579 6.22593
    endloop
  endfacet
  facet normal -0.923432 -0.330717 0.194676
    outer loop
      vertex 25.6783 8.53158 6.03202
      vertex 25.6966 8.53714 6.12827
      vertex 25.6462 8.62121 6.03202
    endloop
  endfacet
  facet normal -0.50449 0.84116 0.19478
    outer loop
      vertex 25.2163 -9.12238 6.12827
      vertex 25.2889 -9.05655 6.03202
      vertex 25.2073 -9.10549 6.03202
    endloop
  endfacet
  facet normal -0.0272161 0.555341 0.831178
    outer loop
      vertex 24.8004 -8.76163 5.41727
      vertex 24.75 -8.7641 5.41727
      vertex 24.75 -8.8457 5.47179
    endloop
  endfacet
  facet normal -0.0452975 0.92295 0.382246
    outer loop
      vertex 24.8423 -9.18701 5.93811
      vertex 24.8386 -9.14964 5.84744
      vertex 24.75 -9.19154 5.93811
    endloop
  endfacet
  facet normal 0 -1 0
    outer loop
      vertex 23.75 9.24879 6.22593
      vertex 24.75 9.24879 8.17259
      vertex 23.75 9.24879 8.17259
    endloop
  endfacet
  facet normal 0 -1 -0
    outer loop
      vertex 24.75 9.24879 8.17259
      vertex 23.75 9.24879 6.22593
      vertex 24.75 9.24879 6.22593
    endloop
  endfacet
  facet normal -0.592099 -0.653698 0.471273
    outer loop
      vertex 25.3565 8.85651 5.7609
      vertex 25.3235 8.94879 5.84744
      vertex 25.2941 8.91303 5.7609
    endloop
  endfacet
  facet normal -0.0432585 -0.881081 0.470982
    outer loop
      vertex 24.8386 9.14964 5.84744
      vertex 24.75 9.15399 5.84744
      vertex 24.75 9.10773 5.7609
    endloop
  endfacet
  facet normal 0 -0.881907 0.471424
    outer loop
      vertex 23.75 9.10773 5.7609
      vertex 24.75 9.15399 5.84744
      vertex 23.75 9.15399 5.84744
    endloop
  endfacet
  facet normal 0 -0.881907 0.471424
    outer loop
      vertex 24.75 9.15399 5.84744
      vertex 23.75 9.10773 5.7609
      vertex 24.75 9.10773 5.7609
    endloop
  endfacet
  facet normal -0.426504 -0.470392 0.772545
    outer loop
      vertex 25.1712 8.67122 5.47179
      vertex 25.176 8.76912 5.53405
      vertex 25.1279 8.71048 5.47179
    endloop
  endfacet
  facet normal -0.290338 0 0.956924
    outer loop
      vertex 24.993 8.25 5.30497
      vertex 25.0869 -8.25 5.33346
      vertex 25.0869 8.25 5.33346
    endloop
  endfacet
  facet normal -0.290338 0 0.956924
    outer loop
      vertex 25.0869 -8.25 5.33346
      vertex 24.993 8.25 5.30497
      vertex 24.993 -8.25 5.30497
    endloop
  endfacet
  facet normal -0.0237761 0.0951045 0.995183
    outer loop
      vertex 24.7786 -8.39391 5.28582
      vertex 24.7926 -8.39041 5.28582
      vertex 24.7642 -8.29695 5.27621
    endloop
  endfacet
  facet normal -0 0.195136 0.980776
    outer loop
      vertex 23.75 -8.39673 5.28582
      vertex 24.75 -8.49298 5.30497
      vertex 24.75 -8.39673 5.28582
    endloop
  endfacet
  facet normal 0 0.195136 0.980776
    outer loop
      vertex 24.75 -8.49298 5.30497
      vertex 23.75 -8.39673 5.28582
      vertex 23.75 -8.49298 5.30497
    endloop
  endfacet
  facet normal -0.0591398 0.0783035 0.995174
    outer loop
      vertex 24.8315 -8.372 5.28582
      vertex 24.7811 -8.28793 5.27621
      vertex 24.7773 -8.2908 5.27621
    endloop
  endfacet
  facet normal -0.122046 -0.822782 0.555099
    outer loop
      vertex 24.9067 9.03777 5.6793
      vertex 24.9173 9.09125 5.7609
      vertex 24.8287 9.04934 5.6793
    endloop
  endfacet
  facet normal -0.154306 -0.615875 0.772585
    outer loop
      vertex 24.9229 8.82005 5.47179
      vertex 24.9449 8.89264 5.53405
      vertex 24.881 8.90865 5.53405
    endloop
  endfacet
  facet normal -0.667989 -0.7377 0.0979236
    outer loop
      vertex 25.4563 8.95625 6.22593
      vertex 25.3836 9.02208 6.22593
      vertex 25.3775 9.01464 6.12827
    endloop
  endfacet
  facet normal -0.0407988 -0.830793 0.555084
    outer loop
      vertex 24.8341 9.1036 5.7609
      vertex 24.75 9.10773 5.7609
      vertex 24.75 9.05321 5.6793
    endloop
  endfacet
  facet normal -0.419177 -0.886759 0.194805
    outer loop
      vertex 25.2073 9.10549 6.03202
      vertex 25.2163 9.12238 6.12827
      vertex 25.1212 9.14619 6.03202
    endloop
  endfacet
  facet normal -0.709276 -0.642603 0.289808
    outer loop
      vertex 25.4778 8.84731 5.93811
      vertex 25.4998 8.86538 6.03202
      vertex 25.4359 8.93591 6.03202
    endloop
  endfacet
  facet normal -0.558224 -0.616851 0.55487
    outer loop
      vertex 25.318 8.81795 5.6793
      vertex 25.3565 8.85651 5.7609
      vertex 25.2595 8.87089 5.6793
    endloop
  endfacet
  facet normal -0.9988 0.0489708 0
    outer loop
      vertex 25.744 -8.3479 6.22593
      vertex 25.7488 -8.25 8.17259
      vertex 25.7488 -8.25 6.22593
    endloop
  endfacet
  facet normal -0.9988 0.0489708 0
    outer loop
      vertex 25.7488 -8.25 8.17259
      vertex 25.744 -8.3479 6.22593
      vertex 25.744 -8.3479 8.17259
    endloop
  endfacet
  facet normal -0.951359 -0.238446 0.195089
    outer loop
      vertex 25.7014 8.43924 6.03202
      vertex 25.7202 8.44298 6.12827
      vertex 25.6966 8.53714 6.12827
    endloop
  endfacet
  facet normal -0.970266 -0.144262 0.194351
    outer loop
      vertex 25.7154 8.34508 6.03202
      vertex 25.7344 8.34696 6.12827
      vertex 25.7014 8.43924 6.03202
    endloop
  endfacet
  facet normal -0.364078 -0.606796 0.706573
    outer loop
      vertex 25.1231 8.80838 5.53405
      vertex 25.1616 8.86608 5.60344
      vertex 25.0993 8.90346 5.60344
    endloop
  endfacet
  facet normal -0.955864 -0.0466073 0.290088
    outer loop
      vertex 25.6915 8.25 5.93811
      vertex 25.72 8.25 6.03202
      vertex 25.687 8.34229 5.93811
    endloop
  endfacet
  facet normal -0.653568 -0.592526 0.470917
    outer loop
      vertex 25.4488 8.82348 5.84744
      vertex 25.3892 8.88922 5.84744
      vertex 25.3565 8.85651 5.7609
    endloop
  endfacet
  facet normal -0.765376 0.112887 0.633606
    outer loop
      vertex 25.5378 -8.4067 5.6793
      vertex 25.5493 -8.32873 5.6793
      vertex 25.4874 -8.32263 5.60344
    endloop
  endfacet
  facet normal -0.511507 -0.853707 0.0976983
    outer loop
      vertex 25.2996 9.07247 6.12827
      vertex 25.2208 9.13086 6.22593
      vertex 25.2163 9.12238 6.12827
    endloop
  endfacet
  facet normal -0.0329246 0.0923247 0.995184
    outer loop
      vertex 24.7926 -8.39041 5.28582
      vertex 24.8062 -8.38556 5.28582
      vertex 24.7642 -8.29695 5.27621
    endloop
  endfacet
  facet normal -0.0286602 0.193252 0.980731
    outer loop
      vertex 24.7738 -8.49181 5.30497
      vertex 24.7974 -8.48831 5.30497
      vertex 24.7644 -8.39602 5.28582
    endloop
  endfacet
  facet normal -0.984371 0.146209 0.0981711
    outer loop
      vertex 25.744 -8.3479 6.22593
      vertex 25.7344 -8.34696 6.12827
      vertex 25.7296 -8.44485 6.22593
    endloop
  endfacet
  facet normal -0.980679 0 0.195626
    outer loop
      vertex 25.72 -8.25 6.03202
      vertex 25.7392 8.25 6.12827
      vertex 25.72 8.25 6.03202
    endloop
  endfacet
  facet normal -0.980679 0 0.195626
    outer loop
      vertex 25.7392 8.25 6.12827
      vertex 25.72 -8.25 6.03202
      vertex 25.7392 -8.25 6.12827
    endloop
  endfacet
  facet normal -1 0 0
    outer loop
      vertex 25.7488 8.25 6.22593
      vertex 25.7488 7.25 7.175
      vertex 25.7488 8.25 8.17259
    endloop
  endfacet
  facet normal -1 0 0
    outer loop
      vertex 25.7488 8.25 6.22593
      vertex 25.7488 -7.25 7.175
      vertex 25.7488 7.25 7.175
    endloop
  endfacet
  facet normal -1 0 0
    outer loop
      vertex 25.7488 -8.25 6.22593
      vertex 25.7488 -7.25 7.175
      vertex 25.7488 8.25 6.22593
    endloop
  endfacet
  facet normal -1 0 0
    outer loop
      vertex 25.7488 -8.25 8.17259
      vertex 25.7488 -7.25 7.175
      vertex 25.7488 -8.25 6.22593
    endloop
  endfacet
  facet normal -1 0 0
    outer loop
      vertex 25.7488 -7.25 7.175
      vertex 25.7488 -8.25 8.17259
      vertex 25.7488 -7.25 8.17259
    endloop
  endfacet
  facet normal -1 -0 0
    outer loop
      vertex 25.7488 8.25 8.17259
      vertex 25.7488 7.25 7.175
      vertex 25.7488 7.25 8.17259
    endloop
  endfacet
  facet normal -0.869981 0.311414 0.382302
    outer loop
      vertex 25.6199 -8.61031 5.93811
      vertex 25.6151 -8.51241 5.84744
      vertex 25.5852 -8.59594 5.84744
    endloop
  endfacet
  facet normal -0.0978112 0.273725 0.956821
    outer loop
      vertex 24.8789 -8.56124 5.33346
      vertex 24.843 -8.47448 5.30497
      vertex 24.8205 -8.48252 5.30497
    endloop
  endfacet
  facet normal -0.737453 0.668196 0.0983708
    outer loop
      vertex 25.5221 -8.88363 6.22593
      vertex 25.5146 -8.87753 6.12827
      vertex 25.4563 -8.95625 6.22593
    endloop
  endfacet
  facet normal -0.360272 -0.129619 0.923798
    outer loop
      vertex 25.0724 8.34779 5.33346
      vertex 25.145 8.41362 5.37101
      vertex 25.0612 8.37892 5.33346
    endloop
  endfacet
  facet normal -0.116547 0.156764 0.980735
    outer loop
      vertex 24.885 -8.45203 5.30497
      vertex 24.9041 -8.43783 5.30497
      vertex 24.8315 -8.372 5.28582
    endloop
  endfacet
  facet normal -0.330542 -0.923498 0.194664
    outer loop
      vertex 25.1212 9.14619 6.03202
      vertex 25.0371 9.19658 6.12827
      vertex 25.0316 9.17826 6.03202
    endloop
  endfacet
  facet normal 0 -0.923904 0.382625
    outer loop
      vertex 23.75 9.15399 5.84744
      vertex 24.75 9.19154 5.93811
      vertex 23.75 9.19154 5.93811
    endloop
  endfacet
  facet normal 0 -0.923904 0.382625
    outer loop
      vertex 24.75 9.19154 5.93811
      vertex 23.75 9.15399 5.84744
      vertex 24.75 9.15399 5.84744
    endloop
  endfacet
  facet normal 0 -0.980776 0.195136
    outer loop
      vertex 23.75 9.22003 6.03202
      vertex 24.75 9.23918 6.12827
      vertex 23.75 9.23918 6.12827
    endloop
  endfacet
  facet normal 0 -0.980776 0.195136
    outer loop
      vertex 24.75 9.23918 6.12827
      vertex 23.75 9.22003 6.03202
      vertex 24.75 9.22003 6.03202
    endloop
  endfacet
  facet normal 0 -0.707107 0.707107
    outer loop
      vertex 23.75 8.92156 5.53405
      vertex 24.75 8.99095 5.60344
      vertex 23.75 8.99095 5.60344
    endloop
  endfacet
  facet normal 0 -0.707107 0.707107
    outer loop
      vertex 24.75 8.99095 5.60344
      vertex 23.75 8.92156 5.53405
      vertex 24.75 8.92156 5.53405
    endloop
  endfacet
  facet normal -0.103711 -0.699829 0.706742
    outer loop
      vertex 24.881 8.90865 5.53405
      vertex 24.8946 8.97671 5.60344
      vertex 24.8226 8.98738 5.60344
    endloop
  endfacet
  facet normal -0.0469137 -0.955879 0.28999
    outer loop
      vertex 24.8423 9.18701 5.93811
      vertex 24.75 9.22003 6.03202
      vertex 24.75 9.19154 5.93811
    endloop
  endfacet
  facet normal 0 -0.772994 0.634413
    outer loop
      vertex 23.75 8.99095 5.60344
      vertex 24.75 9.05321 5.6793
      vertex 23.75 9.05321 5.6793
    endloop
  endfacet
  facet normal 0 -0.772994 0.634413
    outer loop
      vertex 24.75 9.05321 5.6793
      vertex 23.75 8.99095 5.60344
      vertex 24.75 8.99095 5.60344
    endloop
  endfacet
  facet normal -0.0969921 0.0142635 0.995183
    outer loop
      vertex 24.8939 -8.27863 5.28582
      vertex 24.7988 -8.25481 5.27621
      vertex 24.7981 -8.25957 5.27621
    endloop
  endfacet
  facet normal -0.287326 -0.0430549 0.956865
    outer loop
      vertex 25.0853 8.28302 5.33346
      vertex 25.0804 8.31572 5.33346
      vertex 24.9918 8.27382 5.30497
    endloop
  endfacet
  facet normal -0.21535 -0.195133 0.956842
    outer loop
      vertex 25.0104 8.46372 5.33346
      vertex 24.9882 8.48822 5.33346
      vertex 24.9378 8.40414 5.30497
    endloop
  endfacet
  facet normal -0.382451 -0.0185318 0.92379
    outer loop
      vertex 25.0869 8.25 5.33346
      vertex 25.1776 8.25 5.37101
      vertex 25.0853 8.28302 5.33346
    endloop
  endfacet
  facet normal -0.0287128 0.193233 0.980733
    outer loop
      vertex 24.7974 -8.48831 5.30497
      vertex 24.7786 -8.39391 5.28582
      vertex 24.7644 -8.39602 5.28582
    endloop
  endfacet
  facet normal -0.0241745 0.095045 0.995179
    outer loop
      vertex 24.7786 -8.39391 5.28582
      vertex 24.7642 -8.29695 5.27621
      vertex 24.7596 -8.29812 5.27621
    endloop
  endfacet
  facet normal -0.382517 0 0.923949
    outer loop
      vertex 25.0869 8.25 5.33346
      vertex 25.1776 -8.25 5.37101
      vertex 25.1776 8.25 5.37101
    endloop
  endfacet
  facet normal -0.382517 0 0.923949
    outer loop
      vertex 25.1776 -8.25 5.37101
      vertex 25.0869 8.25 5.33346
      vertex 25.0869 -8.25 5.33346
    endloop
  endfacet
  facet normal -0.857682 -0.514181 0
    outer loop
      vertex 25.6309 8.72083 6.22593
      vertex 25.5805 8.8049 8.17259
      vertex 25.5805 8.8049 6.22593
    endloop
  endfacet
  facet normal -0.857682 -0.514181 0
    outer loop
      vertex 25.5805 8.8049 8.17259
      vertex 25.6309 8.72083 6.22593
      vertex 25.6309 8.72083 8.17259
    endloop
  endfacet
  facet normal -0.989149 -0.146918 0
    outer loop
      vertex 25.744 8.3479 6.22593
      vertex 25.7296 8.44485 8.17259
      vertex 25.7296 8.44485 6.22593
    endloop
  endfacet
  facet normal -0.989149 -0.146918 0
    outer loop
      vertex 25.7296 8.44485 8.17259
      vertex 25.744 8.3479 6.22593
      vertex 25.744 8.3479 8.17259
    endloop
  endfacet
  facet normal -0.238125 -0.666108 0.706822
    outer loop
      vertex 25.007 8.87044 5.53405
      vertex 24.9651 8.95905 5.60344
      vertex 24.9449 8.89264 5.53405
    endloop
  endfacet
  facet normal -0.187804 -0.750234 0.63394
    outer loop
      vertex 24.9651 8.95905 5.60344
      vertex 24.9832 9.01862 5.6793
      vertex 24.9067 9.03777 5.6793
    endloop
  endfacet
  facet normal -0.171896 -0.686221 0.706791
    outer loop
      vertex 24.9449 8.89264 5.53405
      vertex 24.9651 8.95905 5.60344
      vertex 24.8946 8.97671 5.60344
    endloop
  endfacet
  facet normal -0.171933 -0.686229 0.706774
    outer loop
      vertex 24.9449 8.89264 5.53405
      vertex 24.8946 8.97671 5.60344
      vertex 24.881 8.90865 5.53405
    endloop
  endfacet
  facet normal -0.0481071 -0.979654 0.194845
    outer loop
      vertex 24.8451 9.21536 6.03202
      vertex 24.847 9.23441 6.12827
      vertex 24.75 9.22003 6.03202
    endloop
  endfacet
  facet normal -0.232598 -0.928322 0.290029
    outer loop
      vertex 25.0233 9.151 5.93811
      vertex 25.0316 9.17826 6.03202
      vertex 24.9337 9.17345 5.93811
    endloop
  endfacet
  facet normal -0.122124 -0.822731 0.555157
    outer loop
      vertex 24.9173 9.09125 5.7609
      vertex 24.8341 9.1036 5.7609
      vertex 24.8287 9.04934 5.6793
    endloop
  endfacet
  facet normal -0.42767 -0.713442 0.555066
    outer loop
      vertex 25.2265 8.96317 5.7609
      vertex 25.1543 9.00645 5.7609
      vertex 25.1286 8.95837 5.6793
    endloop
  endfacet
  facet normal -0.421513 -0.567958 0.706931
    outer loop
      vertex 25.176 8.76912 5.53405
      vertex 25.2201 8.82276 5.60344
      vertex 25.1231 8.80838 5.53405
    endloop
  endfacet
  facet normal -0.78331 -0.280707 0.554643
    outer loop
      vertex 25.5708 8.49899 5.7609
      vertex 25.5424 8.57824 5.7609
      vertex 25.4921 8.55737 5.6793
    endloop
  endfacet
  facet normal -0.330898 -0.699107 0.633842
    outer loop
      vertex 25.0993 8.90346 5.60344
      vertex 25.1286 8.95837 5.6793
      vertex 25.0574 8.99207 5.6793
    endloop
  endfacet
  facet normal -0.49551 -0.668068 0.555116
    outer loop
      vertex 25.2595 8.87089 5.6793
      vertex 25.2265 8.96317 5.7609
      vertex 25.1962 8.91784 5.6793
    endloop
  endfacet
  facet normal -0.0311624 -0.634105 0.772619
    outer loop
      vertex 24.8084 8.84283 5.47179
      vertex 24.75 8.92156 5.53405
      vertex 24.75 8.8457 5.47179
    endloop
  endfacet
  facet normal -0.373421 -0.411848 0.831227
    outer loop
      vertex 25.1712 8.67122 5.47179
      vertex 25.1279 8.71048 5.47179
      vertex 25.0761 8.64741 5.41727
    endloop
  endfacet
  facet normal -0.993975 -0.0487342 0.098177
    outer loop
      vertex 25.7488 8.25 6.22593
      vertex 25.744 8.3479 6.22593
      vertex 25.7344 8.34696 6.12827
    endloop
  endfacet
  facet normal -0.993998 -0.0492078 0.0977102
    outer loop
      vertex 25.7392 8.25 6.12827
      vertex 25.7488 8.25 6.22593
      vertex 25.7344 8.34696 6.12827
    endloop
  endfacet
  facet normal -0.835127 -0.394918 0.382886
    outer loop
      vertex 25.6199 8.61031 5.93811
      vertex 25.5804 8.69384 5.93811
      vertex 25.5472 8.67614 5.84744
    endloop
  endfacet
  facet normal -0.922862 0.0449981 0.382493
    outer loop
      vertex 25.687 -8.34229 5.93811
      vertex 25.6915 -8.25 5.93811
      vertex 25.6496 -8.33861 5.84744
    endloop
  endfacet
  facet normal -0.395145 0.835307 0.382259
    outer loop
      vertex 25.1938 -9.08037 5.93811
      vertex 25.1761 -9.04725 5.84744
      vertex 25.1103 -9.11987 5.93811
    endloop
  endfacet
  facet normal -0.538872 0.135882 0.831356
    outer loop
      vertex 25.32 -8.42292 5.47179
      vertex 25.3343 -8.36621 5.47179
      vertex 25.2542 -8.3503 5.41727
    endloop
  endfacet
  facet normal -0.752205 -0.35573 0.554657
    outer loop
      vertex 25.4921 8.55737 5.6793
      vertex 25.5424 8.57824 5.7609
      vertex 25.4584 8.62863 5.6793
    endloop
  endfacet
  facet normal -0.470531 -0.425916 0.772785
    outer loop
      vertex 25.2691 8.67603 5.53405
      vertex 25.2249 8.72486 5.53405
      vertex 25.1712 8.67122 5.47179
    endloop
  endfacet
  facet normal -0.460412 -0.621748 0.633601
    outer loop
      vertex 25.2201 8.82276 5.60344
      vertex 25.2595 8.87089 5.6793
      vertex 25.1616 8.86608 5.60344
    endloop
  endfacet
  facet normal -0.616567 -0.558538 0.554869
    outer loop
      vertex 25.3709 8.75955 5.6793
      vertex 25.413 8.79414 5.7609
      vertex 25.3565 8.85651 5.7609
    endloop
  endfacet
  facet normal -0.853562 -0.511711 0.0979012
    outer loop
      vertex 25.6309 8.72083 6.22593
      vertex 25.5805 8.8049 6.22593
      vertex 25.5725 8.79956 6.12827
    endloop
  endfacet
  facet normal -0.787476 -0.584774 0.194731
    outer loop
      vertex 25.5566 8.78892 6.03202
      vertex 25.5725 8.79956 6.12827
      vertex 25.5146 8.87753 6.12827
    endloop
  endfacet
  facet normal -0.923483 -0.330393 0.194986
    outer loop
      vertex 25.6966 8.53714 6.12827
      vertex 25.6639 8.62854 6.12827
      vertex 25.6462 8.62121 6.03202
    endloop
  endfacet
  facet normal -0.427599 -0.903968 0
    outer loop
      vertex 25.1322 9.17277 6.22593
      vertex 25.2208 9.13086 8.17259
      vertex 25.1322 9.17277 8.17259
    endloop
  endfacet
  facet normal -0.427599 -0.903968 -0
    outer loop
      vertex 25.2208 9.13086 8.17259
      vertex 25.1322 9.17277 6.22593
      vertex 25.2208 9.13086 6.22593
    endloop
  endfacet
  facet normal -0.491874 -0.820999 0.289863
    outer loop
      vertex 25.2731 9.03286 5.93811
      vertex 25.2889 9.05655 6.03202
      vertex 25.1938 9.08037 5.93811
    endloop
  endfacet
  facet normal -0.143912 -0.970191 0.194982
    outer loop
      vertex 24.9392 9.20139 6.03202
      vertex 24.943 9.22017 6.12827
      vertex 24.847 9.23441 6.12827
    endloop
  endfacet
  facet normal -0.00962052 0.19512 0.980732
    outer loop
      vertex 24.7738 -8.49181 5.30497
      vertex 24.7644 -8.39602 5.28582
      vertex 24.75 -8.39673 5.28582
    endloop
  endfacet
  facet normal -0.0816731 0.549998 0.831163
    outer loop
      vertex 24.8662 -8.83425 5.47179
      vertex 24.8503 -8.75422 5.41727
      vertex 24.8004 -8.76163 5.41727
    endloop
  endfacet
  facet normal -0.0657494 0.184 0.980725
    outer loop
      vertex 24.8205 -8.48252 5.30497
      vertex 24.843 -8.47448 5.30497
      vertex 24.8062 -8.38556 5.28582
    endloop
  endfacet
  facet normal 0 0.831486 0.555546
    outer loop
      vertex 24.75 -9.05321 5.6793
      vertex 23.75 -9.10773 5.7609
      vertex 24.75 -9.10773 5.7609
    endloop
  endfacet
  facet normal 0 0.831486 0.555546
    outer loop
      vertex 23.75 -9.10773 5.7609
      vertex 24.75 -9.05321 5.6793
      vertex 23.75 -9.05321 5.6793
    endloop
  endfacet
  facet normal -0 0.382625 0.923904
    outer loop
      vertex 23.75 -8.58689 5.33346
      vertex 24.75 -8.67756 5.37101
      vertex 24.75 -8.58689 5.33346
    endloop
  endfacet
  facet normal 0 0.382625 0.923904
    outer loop
      vertex 24.75 -8.67756 5.37101
      vertex 23.75 -8.58689 5.33346
      vertex 23.75 -8.67756 5.37101
    endloop
  endfacet
  facet normal -0.0931478 0.628049 0.772578
    outer loop
      vertex 24.8158 -8.91832 5.53405
      vertex 24.881 -8.90865 5.53405
      vertex 24.8084 -8.84283 5.47179
    endloop
  endfacet
  facet normal -0.881255 -0.0429778 0.470682
    outer loop
      vertex 25.6077 8.25 5.7609
      vertex 25.6496 8.33861 5.84744
      vertex 25.6036 8.33407 5.7609
    endloop
  endfacet
  facet normal -0.0453144 0.922955 0.382232
    outer loop
      vertex 24.8386 -9.14964 5.84744
      vertex 24.75 -9.15399 5.84744
      vertex 24.75 -9.19154 5.93811
    endloop
  endfacet
  facet normal -0.633899 0.0314833 0.772775
    outer loop
      vertex 25.4216 -8.25 5.53405
      vertex 25.3457 -8.25 5.47179
      vertex 25.3428 -8.30839 5.47179
    endloop
  endfacet
  facet normal -0.238184 0.951501 0.194717
    outer loop
      vertex 25.0371 -9.19658 6.12827
      vertex 25.0316 -9.17826 6.03202
      vertex 24.9392 -9.20139 6.03202
    endloop
  endfacet
  facet normal -0.124453 0.262586 0.956849
    outer loop
      vertex 24.9088 -8.54711 5.33346
      vertex 24.8645 -8.46429 5.30497
      vertex 24.843 -8.47448 5.30497
    endloop
  endfacet
  facet normal -0.146039 -0.984421 0.0979131
    outer loop
      vertex 24.9449 9.2296 6.22593
      vertex 24.8479 9.24399 6.22593
      vertex 24.847 9.23441 6.12827
    endloop
  endfacet
  facet normal -0.146023 -0.984425 0.0978965
    outer loop
      vertex 24.943 9.22017 6.12827
      vertex 24.9449 9.2296 6.22593
      vertex 24.847 9.23441 6.12827
    endloop
  endfacet
  facet normal -0.425553 -0.899641 0.0977262
    outer loop
      vertex 25.2163 9.12238 6.12827
      vertex 25.2208 9.13086 6.22593
      vertex 25.1322 9.17277 6.22593
    endloop
  endfacet
  facet normal -0.395057 -0.835316 0.382331
    outer loop
      vertex 25.1761 9.04725 5.84744
      vertex 25.1103 9.11987 5.93811
      vertex 25.0959 9.08518 5.84744
    endloop
  endfacet
  facet normal -0.0469399 -0.955885 0.289967
    outer loop
      vertex 24.8423 9.18701 5.93811
      vertex 24.8451 9.21536 6.03202
      vertex 24.75 9.22003 6.03202
    endloop
  endfacet
  facet normal -0.14054 -0.94666 0.289972
    outer loop
      vertex 24.9392 9.20139 6.03202
      vertex 24.8451 9.21536 6.03202
      vertex 24.8423 9.18701 5.93811
    endloop
  endfacet
  facet normal -0.103798 -0.699857 0.706701
    outer loop
      vertex 24.881 8.90865 5.53405
      vertex 24.8226 8.98738 5.60344
      vertex 24.8158 8.91832 5.53405
    endloop
  endfacet
  facet normal -0.187358 -0.523501 0.83117
    outer loop
      vertex 24.9467 8.72497 5.41727
      vertex 24.9229 8.82005 5.47179
      vertex 24.8992 8.74197 5.41727
    endloop
  endfacet
  facet normal 0 -0.382625 0.923904
    outer loop
      vertex 23.75 8.67756 5.37101
      vertex 24.75 8.58689 5.33346
      vertex 24.75 8.67756 5.37101
    endloop
  endfacet
  facet normal 0 -0.382625 0.923904
    outer loop
      vertex 24.75 8.58689 5.33346
      vertex 23.75 8.67756 5.37101
      vertex 23.75 8.58689 5.33346
    endloop
  endfacet
  facet normal -0.262981 -0.124056 0.956792
    outer loop
      vertex 25.0612 8.37892 5.33346
      vertex 25.0471 8.40881 5.33346
      vertex 24.9745 8.34298 5.30497
    endloop
  endfacet
  facet normal -0.144882 -0.131189 0.980713
    outer loop
      vertex 24.9378 8.40414 5.30497
      vertex 24.9218 8.42181 5.30497
      vertex 24.8538 8.35375 5.28582
    endloop
  endfacet
  facet normal -0.214213 -0.855805 0.470862
    outer loop
      vertex 24.999 9.0708 5.7609
      vertex 25.0124 9.11506 5.84744
      vertex 24.9173 9.09125 5.7609
    endloop
  endfacet
  facet normal -0.238248 -0.666122 0.706766
    outer loop
      vertex 25.007 8.87044 5.53405
      vertex 25.0336 8.93455 5.60344
      vertex 24.9651 8.95905 5.60344
    endloop
  endfacet
  facet normal -0.0379838 -0.772436 0.633955
    outer loop
      vertex 24.8226 8.98738 5.60344
      vertex 24.8287 9.04934 5.6793
      vertex 24.75 9.05321 5.6793
    endloop
  endfacet
  facet normal -0.187938 -0.750262 0.633866
    outer loop
      vertex 24.9651 8.95905 5.60344
      vertex 24.9067 9.03777 5.6793
      vertex 24.8946 8.97671 5.60344
    endloop
  endfacet
  facet normal -0.0408521 -0.830765 0.555122
    outer loop
      vertex 24.8287 9.04934 5.6793
      vertex 24.8341 9.1036 5.7609
      vertex 24.75 9.05321 5.6793
    endloop
  endfacet
  facet normal -0.129393 -0.87256 0.47106
    outer loop
      vertex 24.9173 9.09125 5.7609
      vertex 24.9264 9.13662 5.84744
      vertex 24.8386 9.14964 5.84744
    endloop
  endfacet
  facet normal 0 -0.956933 0.29031
    outer loop
      vertex 23.75 9.19154 5.93811
      vertex 24.75 9.22003 6.03202
      vertex 23.75 9.22003 6.03202
    endloop
  endfacet
  facet normal 0 -0.956933 0.29031
    outer loop
      vertex 24.75 9.22003 6.03202
      vertex 23.75 9.19154 5.93811
      vertex 24.75 9.19154 5.93811
    endloop
  endfacet
  facet normal -0.47504 -0.792601 0.382256
    outer loop
      vertex 25.2522 9.00164 5.84744
      vertex 25.1938 9.08037 5.93811
      vertex 25.1761 9.04725 5.84744
    endloop
  endfacet
  facet normal -0.570192 -0.768682 0.289843
    outer loop
      vertex 25.3473 8.97782 5.93811
      vertex 25.2889 9.05655 6.03202
      vertex 25.2731 9.03286 5.93811
    endloop
  endfacet
  facet normal -0.302436 -0.639646 0.706672
    outer loop
      vertex 25.0666 8.84226 5.53405
      vertex 25.0993 8.90346 5.60344
      vertex 25.007 8.87044 5.53405
    endloop
  endfacet
  facet normal -0.377144 -0.797462 0.470975
    outer loop
      vertex 25.1543 9.00645 5.7609
      vertex 25.1761 9.04725 5.84744
      vertex 25.0782 9.04244 5.7609
    endloop
  endfacet
  facet normal -0.302593 -0.639446 0.706786
    outer loop
      vertex 25.0993 8.90346 5.60344
      vertex 25.0336 8.93455 5.60344
      vertex 25.007 8.87044 5.53405
    endloop
  endfacet
  facet normal -0.330825 -0.699106 0.633881
    outer loop
      vertex 25.0993 8.90346 5.60344
      vertex 25.0574 8.99207 5.6793
      vertex 25.0336 8.93455 5.60344
    endloop
  endfacet
  facet normal -0.187358 0.523501 0.83117
    outer loop
      vertex 24.9229 -8.82005 5.47179
      vertex 24.9467 -8.72497 5.41727
      vertex 24.8992 -8.74197 5.41727
    endloop
  endfacet
  facet normal -0.706622 -0.0350246 0.706724
    outer loop
      vertex 25.491 8.25 5.60344
      vertex 25.4874 8.32263 5.60344
      vertex 25.4216 8.25 5.53405
    endloop
  endfacet
  facet normal -0.634214 0 0.773158
    outer loop
      vertex 25.3457 8.25 5.47179
      vertex 25.4216 -8.25 5.53405
      vertex 25.4216 8.25 5.53405
    endloop
  endfacet
  facet normal -0.634214 0 0.773158
    outer loop
      vertex 25.4216 -8.25 5.53405
      vertex 25.3457 8.25 5.47179
      vertex 25.3457 -8.25 5.47179
    endloop
  endfacet
  facet normal -0.290128 -0.014616 0.956876
    outer loop
      vertex 24.993 8.25 5.30497
      vertex 25.0853 8.28302 5.33346
      vertex 24.9918 8.27382 5.30497
    endloop
  endfacet
  facet normal -0.237815 -0.502467 0.831247
    outer loop
      vertex 25.0308 8.77536 5.47179
      vertex 24.978 8.80035 5.47179
      vertex 24.9467 8.72497 5.41727
    endloop
  endfacet
  facet normal -0.0231695 -0.471264 0.881688
    outer loop
      vertex 24.7919 8.6755 5.37101
      vertex 24.8004 8.76163 5.41727
      vertex 24.75 8.67756 5.37101
    endloop
  endfacet
  facet normal -0.955782 -0.046241 0.290419
    outer loop
      vertex 25.72 8.25 6.03202
      vertex 25.7154 8.34508 6.03202
      vertex 25.687 8.34229 5.93811
    endloop
  endfacet
  facet normal -0.946495 -0.140728 0.290417
    outer loop
      vertex 25.7154 8.34508 6.03202
      vertex 25.7014 8.43924 6.03202
      vertex 25.687 8.34229 5.93811
    endloop
  endfacet
  facet normal -0.970234 -0.143484 0.195086
    outer loop
      vertex 25.7344 8.34696 6.12827
      vertex 25.7202 8.44298 6.12827
      vertex 25.7014 8.43924 6.03202
    endloop
  endfacet
  facet normal -0.872676 -0.129969 0.470686
    outer loop
      vertex 25.6036 8.33407 5.7609
      vertex 25.6496 8.33861 5.84744
      vertex 25.5912 8.41733 5.7609
    endloop
  endfacet
  facet normal -0.956904 0 0.290403
    outer loop
      vertex 25.6915 -8.25 5.93811
      vertex 25.72 8.25 6.03202
      vertex 25.6915 8.25 5.93811
    endloop
  endfacet
  facet normal -0.956904 0 0.290403
    outer loop
      vertex 25.72 8.25 6.03202
      vertex 25.6915 -8.25 5.93811
      vertex 25.72 -8.25 6.03202
    endloop
  endfacet
  facet normal -0.476871 -0.286275 0.831048
    outer loop
      vertex 25.2754 8.53081 5.47179
      vertex 25.2453 8.58095 5.47179
      vertex 25.1775 8.53562 5.41727
    endloop
  endfacet
  facet normal -0.841446 -0.50394 0.194971
    outer loop
      vertex 25.6055 8.70727 6.03202
      vertex 25.6224 8.71629 6.12827
      vertex 25.5566 8.78892 6.03202
    endloop
  endfacet
  facet normal -0.772716 0.0382776 0.633596
    outer loop
      vertex 25.5493 -8.32873 5.6793
      vertex 25.5532 -8.25 5.6793
      vertex 25.4874 -8.32263 5.60344
    endloop
  endfacet
  facet normal -0.706401 0.0354167 0.706925
    outer loop
      vertex 25.4874 -8.32263 5.60344
      vertex 25.4216 -8.25 5.53405
      vertex 25.4183 -8.31582 5.53405
    endloop
  endfacet
  facet normal -0.425912 -0.470563 0.772767
    outer loop
      vertex 25.2249 8.72486 5.53405
      vertex 25.176 8.76912 5.53405
      vertex 25.1712 8.67122 5.47179
    endloop
  endfacet
  facet normal -0.397741 -0.663392 0.633808
    outer loop
      vertex 25.1962 8.91784 5.6793
      vertex 25.1286 8.95837 5.6793
      vertex 25.0993 8.90346 5.60344
    endloop
  endfacet
  facet normal -0.592997 -0.799261 0.0976548
    outer loop
      vertex 25.3836 9.02208 6.22593
      vertex 25.3049 9.08047 6.22593
      vertex 25.2996 9.07247 6.12827
    endloop
  endfacet
  facet normal -0.869981 -0.311414 0.382302
    outer loop
      vertex 25.6151 8.51241 5.84744
      vertex 25.6199 8.61031 5.93811
      vertex 25.5852 8.59594 5.84744
    endloop
  endfacet
  facet normal -0.756654 -0.453456 0.471012
    outer loop
      vertex 25.5064 8.65433 5.7609
      vertex 25.5472 8.67614 5.84744
      vertex 25.5016 8.75223 5.84744
    endloop
  endfacet
  facet normal -0.886649 -0.419327 0.194985
    outer loop
      vertex 25.6462 8.62121 6.03202
      vertex 25.6639 8.62854 6.12827
      vertex 25.6224 8.71629 6.12827
    endloop
  endfacet
  facet normal -0.787344 -0.584896 0.194901
    outer loop
      vertex 25.5566 8.78892 6.03202
      vertex 25.5146 8.87753 6.12827
      vertex 25.4998 8.86538 6.03202
    endloop
  endfacet
  facet normal -0.853639 -0.511548 0.0980786
    outer loop
      vertex 25.6224 8.71629 6.12827
      vertex 25.6309 8.72083 6.22593
      vertex 25.5725 8.79956 6.12827
    endloop
  endfacet
  facet normal -0.899668 -0.425416 0.0980807
    outer loop
      vertex 25.6728 8.63222 6.22593
      vertex 25.6309 8.72083 6.22593
      vertex 25.6224 8.71629 6.12827
    endloop
  endfacet
  facet normal -0.928136 -0.232992 0.290306
    outer loop
      vertex 25.6735 8.43369 5.93811
      vertex 25.6783 8.53158 6.03202
      vertex 25.651 8.52332 5.93811
    endloop
  endfacet
  facet normal -0.870223 -0.311116 0.381993
    outer loop
      vertex 25.651 8.52332 5.93811
      vertex 25.6199 8.61031 5.93811
      vertex 25.6151 8.51241 5.84744
    endloop
  endfacet
  facet normal -0.224712 -0.896347 0.382187
    outer loop
      vertex 25.0124 9.11506 5.84744
      vertex 24.9337 9.17345 5.93811
      vertex 24.9264 9.13662 5.84744
    endloop
  endfacet
  facet normal -0.144034 -0.970196 0.194867
    outer loop
      vertex 24.9392 9.20139 6.03202
      vertex 24.847 9.23441 6.12827
      vertex 24.8451 9.21536 6.03202
    endloop
  endfacet
  facet normal -0.803159 -0.595764 0
    outer loop
      vertex 25.5805 8.8049 6.22593
      vertex 25.5221 8.88363 8.17259
      vertex 25.5221 8.88363 6.22593
    endloop
  endfacet
  facet normal -0.803159 -0.595764 0
    outer loop
      vertex 25.5221 8.88363 8.17259
      vertex 25.5805 8.8049 6.22593
      vertex 25.5805 8.8049 8.17259
    endloop
  endfacet
  facet normal -0.584137 -0.787982 0.194599
    outer loop
      vertex 25.3654 8.99984 6.03202
      vertex 25.3775 9.01464 6.12827
      vertex 25.2889 9.05655 6.03202
    endloop
  endfacet
  facet normal -0.741047 -0.671453 0
    outer loop
      vertex 25.5221 8.88363 6.22593
      vertex 25.4563 8.95625 8.17259
      vertex 25.4563 8.95625 6.22593
    endloop
  endfacet
  facet normal -0.741047 -0.671453 0
    outer loop
      vertex 25.4563 8.95625 8.17259
      vertex 25.5221 8.88363 6.22593
      vertex 25.5221 8.88363 8.17259
    endloop
  endfacet
  facet normal -0.595845 -0.8031 0
    outer loop
      vertex 25.3049 9.08047 6.22593
      vertex 25.3836 9.02208 8.17259
      vertex 25.3049 9.08047 8.17259
    endloop
  endfacet
  facet normal -0.595845 -0.8031 -0
    outer loop
      vertex 25.3836 9.02208 8.17259
      vertex 25.3049 9.08047 6.22593
      vertex 25.3836 9.02208 6.22593
    endloop
  endfacet
  facet normal -0 0.0979296 0.995193
    outer loop
      vertex 23.75 -8.29907 5.27621
      vertex 24.75 -8.39673 5.28582
      vertex 24.75 -8.29907 5.27621
    endloop
  endfacet
  facet normal 0 0.0979296 0.995193
    outer loop
      vertex 24.75 -8.39673 5.28582
      vertex 23.75 -8.29907 5.27621
      vertex 23.75 -8.39673 5.28582
    endloop
  endfacet
  facet normal -0.0144102 0.0969787 0.995182
    outer loop
      vertex 24.7644 -8.39602 5.28582
      vertex 24.7786 -8.39391 5.28582
      vertex 24.7548 -8.29883 5.27621
    endloop
  endfacet
  facet normal -0.0143471 0.0969945 0.995182
    outer loop
      vertex 24.7786 -8.39391 5.28582
      vertex 24.7596 -8.29812 5.27621
      vertex 24.7548 -8.29883 5.27621
    endloop
  endfacet
  facet normal -0.28114 0.378908 0.881697
    outer loop
      vertex 25.0356 -8.67746 5.41727
      vertex 25.0761 -8.64741 5.41727
      vertex 25.0212 -8.5805 5.37101
    endloop
  endfacet
  facet normal -0.0474962 0.189493 0.980733
    outer loop
      vertex 24.7974 -8.48831 5.30497
      vertex 24.8205 -8.48252 5.30497
      vertex 24.7786 -8.39391 5.28582
    endloop
  endfacet
  facet normal -0.0187801 0.382557 0.923741
    outer loop
      vertex 24.783 -8.58527 5.33346
      vertex 24.75 -8.58689 5.33346
      vertex 24.75 -8.67756 5.37101
    endloop
  endfacet
  facet normal -0.00959239 0.195127 0.980731
    outer loop
      vertex 24.7738 -8.49181 5.30497
      vertex 24.75 -8.39673 5.28582
      vertex 24.75 -8.49298 5.30497
    endloop
  endfacet
  facet normal -0.0487353 0.993997 0.0979557
    outer loop
      vertex 24.8479 -9.24399 6.22593
      vertex 24.847 -9.23441 6.12827
      vertex 24.75 -9.24879 6.22593
    endloop
  endfacet
  facet normal -0.471464 -0.0233908 0.881575
    outer loop
      vertex 25.2641 8.25 5.41727
      vertex 25.2616 8.30039 5.41727
      vertex 25.1776 8.25 5.37101
    endloop
  endfacet
  facet normal -0.63403 -0.0317882 0.772655
    outer loop
      vertex 25.4216 8.25 5.53405
      vertex 25.4183 8.31582 5.53405
      vertex 25.3428 8.30839 5.47179
    endloop
  endfacet
  facet normal -0.709442 0.642498 0.289636
    outer loop
      vertex 25.4359 -8.93591 6.03202
      vertex 25.4778 -8.84731 5.93811
      vertex 25.4158 -8.91577 5.93811
    endloop
  endfacet
  facet normal -0.667957 0.737735 0.0978774
    outer loop
      vertex 25.4563 -8.95625 6.22593
      vertex 25.4495 -8.94945 6.12827
      vertex 25.3775 -9.01464 6.12827
    endloop
  endfacet
  facet normal -0.857682 0.514181 0
    outer loop
      vertex 25.5805 -8.8049 6.22593
      vertex 25.6309 -8.72083 8.17259
      vertex 25.6309 -8.72083 6.22593
    endloop
  endfacet
  facet normal -0.857682 0.514181 0
    outer loop
      vertex 25.6309 -8.72083 8.17259
      vertex 25.5805 -8.8049 6.22593
      vertex 25.5805 -8.8049 8.17259
    endloop
  endfacet
  facet normal -0.93708 0.33507 0.0980245
    outer loop
      vertex 25.6728 -8.63222 6.22593
      vertex 25.7058 -8.53993 6.22593
      vertex 25.6639 -8.62854 6.12827
    endloop
  endfacet
  facet normal -0.993975 0.0487342 0.098177
    outer loop
      vertex 25.744 -8.3479 6.22593
      vertex 25.7488 -8.25 6.22593
      vertex 25.7344 -8.34696 6.12827
    endloop
  endfacet
  facet normal -0.427712 0.713381 0.555113
    outer loop
      vertex 25.2265 -8.96317 5.7609
      vertex 25.1962 -8.91784 5.6793
      vertex 25.1286 -8.95837 5.6793
    endloop
  endfacet
  facet normal -0.757192 0.453057 0.470531
    outer loop
      vertex 25.5016 -8.75223 5.84744
      vertex 25.5064 -8.65433 5.7609
      vertex 25.4632 -8.72653 5.7609
    endloop
  endfacet
  facet normal -0.0407988 0.830793 0.555084
    outer loop
      vertex 24.8341 -9.1036 5.7609
      vertex 24.75 -9.05321 5.6793
      vertex 24.75 -9.10773 5.7609
    endloop
  endfacet
  facet normal -0.32251 0.901057 0.289971
    outer loop
      vertex 25.1212 -9.14619 6.03202
      vertex 25.1103 -9.11987 5.93811
      vertex 25.0316 -9.17826 6.03202
    endloop
  endfacet
  facet normal -0.0325729 0.092491 0.995181
    outer loop
      vertex 24.8062 -8.38556 5.28582
      vertex 24.7688 -8.29533 5.27621
      vertex 24.7642 -8.29695 5.27621
    endloop
  endfacet
  facet normal -0.21535 0.195133 0.956842
    outer loop
      vertex 24.9882 -8.48822 5.33346
      vertex 25.0104 -8.46372 5.33346
      vertex 24.9378 -8.40414 5.30497
    endloop
  endfacet
  facet normal -0.156966 0.116393 0.980721
    outer loop
      vertex 24.9378 -8.40414 5.30497
      vertex 24.952 -8.38499 5.30497
      vertex 24.872 -8.33152 5.28582
    endloop
  endfacet
  facet normal -0.471593 0 0.881816
    outer loop
      vertex 25.1776 8.25 5.37101
      vertex 25.2641 -8.25 5.41727
      vertex 25.2641 8.25 5.41727
    endloop
  endfacet
  facet normal -0.471593 0 0.881816
    outer loop
      vertex 25.2641 -8.25 5.41727
      vertex 25.1776 8.25 5.37101
      vertex 25.1776 -8.25 5.37101
    endloop
  endfacet
  facet normal -0.555546 0 0.831486
    outer loop
      vertex 25.2641 8.25 5.41727
      vertex 25.3457 -8.25 5.47179
      vertex 25.3457 8.25 5.47179
    endloop
  endfacet
  facet normal -0.555546 0 0.831486
    outer loop
      vertex 25.3457 -8.25 5.47179
      vertex 25.2641 8.25 5.41727
      vertex 25.2641 -8.25 5.41727
    endloop
  endfacet
  facet normal -0.146039 0.984421 0.0979131
    outer loop
      vertex 24.8479 -9.24399 6.22593
      vertex 24.9449 -9.2296 6.22593
      vertex 24.847 -9.23441 6.12827
    endloop
  endfacet
  facet normal -0.238496 0.951356 0.195042
    outer loop
      vertex 24.943 -9.22017 6.12827
      vertex 25.0371 -9.19658 6.12827
      vertex 24.9392 -9.20139 6.03202
    endloop
  endfacet
  facet normal -0.241998 -0.965323 0.0979192
    outer loop
      vertex 25.0371 9.19658 6.12827
      vertex 24.9449 9.2296 6.22593
      vertex 24.943 9.22017 6.12827
    endloop
  endfacet
  facet normal -0.0488804 -0.994004 0.0978126
    outer loop
      vertex 24.847 9.23441 6.12827
      vertex 24.75 9.24879 6.22593
      vertex 24.75 9.23918 6.12827
    endloop
  endfacet
  facet normal 0 -0.995193 0.0979296
    outer loop
      vertex 23.75 9.23918 6.12827
      vertex 24.75 9.24879 6.22593
      vertex 23.75 9.24879 6.22593
    endloop
  endfacet
  facet normal 0 -0.995193 0.0979296
    outer loop
      vertex 24.75 9.24879 6.22593
      vertex 23.75 9.23918 6.12827
      vertex 24.75 9.23918 6.12827
    endloop
  endfacet
  facet normal -0.13555 -0.914079 0.382211
    outer loop
      vertex 24.9264 9.13662 5.84744
      vertex 24.9337 9.17345 5.93811
      vertex 24.8386 9.14964 5.84744
    endloop
  endfacet
  facet normal -0.140451 -0.946699 0.289887
    outer loop
      vertex 24.9337 9.17345 5.93811
      vertex 24.9392 9.20139 6.03202
      vertex 24.8423 9.18701 5.93811
    endloop
  endfacet
  facet normal -0.0379834 -0.772436 0.633956
    outer loop
      vertex 24.8226 8.98738 5.60344
      vertex 24.75 9.05321 5.6793
      vertex 24.75 8.99095 5.60344
    endloop
  endfacet
  facet normal -0.0347957 -0.706654 0.706703
    outer loop
      vertex 24.8158 8.91832 5.53405
      vertex 24.8226 8.98738 5.60344
      vertex 24.75 8.92156 5.53405
    endloop
  endfacet
  facet normal 0 -0.555546 0.831486
    outer loop
      vertex 23.75 8.8457 5.47179
      vertex 24.75 8.7641 5.41727
      vertex 24.75 8.8457 5.47179
    endloop
  endfacet
  facet normal 0 -0.555546 0.831486
    outer loop
      vertex 24.75 8.7641 5.41727
      vertex 23.75 8.8457 5.47179
      vertex 23.75 8.7641 5.41727
    endloop
  endfacet
  facet normal -0.0230973 -0.471298 0.881672
    outer loop
      vertex 24.8004 8.76163 5.41727
      vertex 24.75 8.7641 5.41727
      vertex 24.75 8.67756 5.37101
    endloop
  endfacet
  facet normal -0.0312247 -0.634132 0.772594
    outer loop
      vertex 24.8084 8.84283 5.47179
      vertex 24.8158 8.91832 5.53405
      vertex 24.75 8.92156 5.53405
    endloop
  endfacet
  facet normal -0.0931478 -0.628049 0.772578
    outer loop
      vertex 24.881 8.90865 5.53405
      vertex 24.8158 8.91832 5.53405
      vertex 24.8084 8.84283 5.47179
    endloop
  endfacet
  facet normal 0 -0.29031 0.956933
    outer loop
      vertex 23.75 8.58689 5.33346
      vertex 24.75 8.49298 5.30497
      vertex 24.75 8.58689 5.33346
    endloop
  endfacet
  facet normal 0 -0.29031 0.956933
    outer loop
      vertex 24.75 8.49298 5.30497
      vertex 23.75 8.58689 5.33346
      vertex 23.75 8.49298 5.30497
    endloop
  endfacet
  facet normal -0.0582936 -0.0788119 0.995184
    outer loop
      vertex 24.8431 8.36342 5.28582
      vertex 24.8315 8.372 5.28582
      vertex 24.7811 8.28793 5.27621
    endloop
  endfacet
  facet normal -0.176341 -0.083972 0.980741
    outer loop
      vertex 24.8856 8.30615 5.28582
      vertex 24.9643 8.36454 5.30497
      vertex 24.8794 8.31917 5.28582
    endloop
  endfacet
  facet normal -0.0432681 -0.881077 0.47099
    outer loop
      vertex 24.8341 9.1036 5.7609
      vertex 24.8386 9.14964 5.84744
      vertex 24.75 9.10773 5.7609
    endloop
  endfacet
  facet normal -0.129525 -0.872593 0.470962
    outer loop
      vertex 24.9173 9.09125 5.7609
      vertex 24.8386 9.14964 5.84744
      vertex 24.8341 9.1036 5.7609
    endloop
  endfacet
  facet normal -0.135607 -0.914049 0.382263
    outer loop
      vertex 24.9337 9.17345 5.93811
      vertex 24.8423 9.18701 5.93811
      vertex 24.8386 9.14964 5.84744
    endloop
  endfacet
  facet normal -0.0452975 -0.92295 0.382246
    outer loop
      vertex 24.8386 9.14964 5.84744
      vertex 24.8423 9.18701 5.93811
      vertex 24.75 9.19154 5.93811
    endloop
  endfacet
  facet normal -0.727167 -0.658211 0.194902
    outer loop
      vertex 25.4998 8.86538 6.03202
      vertex 25.5146 8.87753 6.12827
      vertex 25.4495 8.94945 6.12827
    endloop
  endfacet
  facet normal -0.525288 -0.708667 0.471023
    outer loop
      vertex 25.3235 8.94879 5.84744
      vertex 25.2522 9.00164 5.84744
      vertex 25.2265 8.96317 5.7609
    endloop
  endfacet
  facet normal -0.460717 -0.621159 0.633957
    outer loop
      vertex 25.2595 8.87089 5.6793
      vertex 25.1962 8.91784 5.6793
      vertex 25.1616 8.86608 5.60344
    endloop
  endfacet
  facet normal -0.280447 -0.783195 0.554937
    outer loop
      vertex 25.0574 8.99207 5.6793
      vertex 25.0782 9.04244 5.7609
      vertex 24.999 9.0708 5.7609
    endloop
  endfacet
  facet normal -0.260563 -0.728202 0.633899
    outer loop
      vertex 25.0336 8.93455 5.60344
      vertex 25.0574 8.99207 5.6793
      vertex 24.9832 9.01862 5.6793
    endloop
  endfacet
  facet normal -0.260447 -0.728189 0.633962
    outer loop
      vertex 25.0336 8.93455 5.60344
      vertex 24.9832 9.01862 5.6793
      vertex 24.9651 8.95905 5.60344
    endloop
  endfacet
  facet normal -0.311328 -0.870009 0.382307
    outer loop
      vertex 25.0959 9.08518 5.84744
      vertex 25.1103 9.11987 5.93811
      vertex 25.0124 9.11506 5.84744
    endloop
  endfacet
  facet normal -0.322415 -0.901064 0.290055
    outer loop
      vertex 25.1103 9.11987 5.93811
      vertex 25.0316 9.17826 6.03202
      vertex 25.0233 9.151 5.93811
    endloop
  endfacet
  facet normal -0.371751 0.093166 0.923646
    outer loop
      vertex 25.1591 -8.37411 5.37101
      vertex 25.1693 -8.33341 5.37101
      vertex 25.0724 -8.34779 5.33346
    endloop
  endfacet
  facet normal -0.29031 -0.0140671 0.956829
    outer loop
      vertex 25.0869 8.25 5.33346
      vertex 25.0853 8.28302 5.33346
      vertex 24.993 8.25 5.30497
    endloop
  endfacet
  facet normal -0.471356 -0.0236184 0.881627
    outer loop
      vertex 25.1776 8.25 5.37101
      vertex 25.2616 8.30039 5.41727
      vertex 25.1755 8.29191 5.37101
    endloop
  endfacet
  facet normal -0.378948 -0.0566138 0.923685
    outer loop
      vertex 25.1755 8.29191 5.37101
      vertex 25.1693 8.33341 5.37101
      vertex 25.0853 8.28302 5.33346
    endloop
  endfacet
  facet normal -0.360934 -0.128807 0.923653
    outer loop
      vertex 25.1591 8.37411 5.37101
      vertex 25.145 8.41362 5.37101
      vertex 25.0724 8.34779 5.33346
    endloop
  endfacet
  facet normal -0.233378 -0.173166 0.956843
    outer loop
      vertex 25.0301 8.43717 5.33346
      vertex 25.0104 8.46372 5.33346
      vertex 24.9378 8.40414 5.30497
    endloop
  endfacet
  facet normal -0.156737 -0.116604 0.980733
    outer loop
      vertex 24.872 8.33152 5.28582
      vertex 24.9378 8.40414 5.30497
      vertex 24.8634 8.34308 5.28582
    endloop
  endfacet
  facet normal -0.213729 -0.597862 0.77258
    outer loop
      vertex 25.007 8.87044 5.53405
      vertex 24.9449 8.89264 5.53405
      vertex 24.9229 8.82005 5.47179
    endloop
  endfacet
  facet normal -0.187162 -0.523484 0.831225
    outer loop
      vertex 24.9467 8.72497 5.41727
      vertex 24.978 8.80035 5.47179
      vertex 24.9229 8.82005 5.47179
    endloop
  endfacet
  facet normal -0.899647 -0.425474 0.0980197
    outer loop
      vertex 25.6639 8.62854 6.12827
      vertex 25.6728 8.63222 6.22593
      vertex 25.6224 8.71629 6.12827
    endloop
  endfacet
  facet normal -0.928537 -0.232285 0.28959
    outer loop
      vertex 25.7014 8.43924 6.03202
      vertex 25.6783 8.53158 6.03202
      vertex 25.6735 8.43369 5.93811
    endloop
  endfacet
  facet normal -0.922862 -0.0449981 0.382493
    outer loop
      vertex 25.6915 8.25 5.93811
      vertex 25.687 8.34229 5.93811
      vertex 25.6496 8.33861 5.84744
    endloop
  endfacet
  facet normal -0.728058 -0.260553 0.634069
    outer loop
      vertex 25.459 8.46509 5.60344
      vertex 25.5186 8.48316 5.6793
      vertex 25.4345 8.53355 5.60344
    endloop
  endfacet
  facet normal -0.78322 -0.279684 0.555287
    outer loop
      vertex 25.5186 8.48316 5.6793
      vertex 25.5708 8.49899 5.7609
      vertex 25.4921 8.55737 5.6793
    endloop
  endfacet
  facet normal -0.492195 0.820661 0.290274
    outer loop
      vertex 25.2073 -9.10549 6.03202
      vertex 25.2889 -9.05655 6.03202
      vertex 25.1938 -9.08037 5.93811
    endloop
  endfacet
  facet normal -0.946882 0.139857 0.289577
    outer loop
      vertex 25.7014 -8.43924 6.03202
      vertex 25.687 -8.34229 5.93811
      vertex 25.6735 -8.43369 5.93811
    endloop
  endfacet
  facet normal -0.684639 0.620695 0.382108
    outer loop
      vertex 25.4778 -8.84731 5.93811
      vertex 25.4488 -8.82348 5.84744
      vertex 25.3892 -8.88922 5.84744
    endloop
  endfacet
  facet normal -0.830897 0.0405219 0.554949
    outer loop
      vertex 25.6036 -8.33407 5.7609
      vertex 25.6077 -8.25 5.7609
      vertex 25.5532 -8.25 5.6793
    endloop
  endfacet
  facet normal -0.615595 0.15503 0.772663
    outer loop
      vertex 25.3926 -8.44494 5.53405
      vertex 25.4087 -8.38101 5.53405
      vertex 25.32 -8.42292 5.47179
    endloop
  endfacet
  facet normal -0.830572 -0.0411435 0.555389
    outer loop
      vertex 25.5532 8.25 5.6793
      vertex 25.6036 8.33407 5.7609
      vertex 25.5493 8.32873 5.6793
    endloop
  endfacet
  facet normal -0.6864 -0.172862 0.706381
    outer loop
      vertex 25.4087 8.38101 5.53405
      vertex 25.4767 8.39455 5.60344
      vertex 25.3926 8.44494 5.53405
    endloop
  endfacet
  facet normal -0.326027 -0.544644 0.772703
    outer loop
      vertex 25.081 8.74531 5.47179
      vertex 25.0666 8.84226 5.53405
      vertex 25.0308 8.77536 5.47179
    endloop
  endfacet
  facet normal -0.3784 -0.509867 0.77256
    outer loop
      vertex 25.1279 8.71048 5.47179
      vertex 25.176 8.76912 5.53405
      vertex 25.1231 8.80838 5.53405
    endloop
  endfacet
  facet normal -0.797384 -0.377262 0.471012
    outer loop
      vertex 25.5424 8.57824 5.7609
      vertex 25.5472 8.67614 5.84744
      vertex 25.5064 8.65433 5.7609
    endloop
  endfacet
  facet normal -0.757192 -0.453057 0.470531
    outer loop
      vertex 25.5064 8.65433 5.7609
      vertex 25.5016 8.75223 5.84744
      vertex 25.4632 8.72653 5.7609
    endloop
  endfacet
  facet normal -0.822535 -0.122501 0.555365
    outer loop
      vertex 25.6036 8.33407 5.7609
      vertex 25.5912 8.41733 5.7609
      vertex 25.5493 8.32873 5.6793
    endloop
  endfacet
  facet normal -0.539911 -0.134592 0.830892
    outer loop
      vertex 25.2542 8.3503 5.41727
      vertex 25.32 8.42292 5.47179
      vertex 25.242 8.39924 5.41727
    endloop
  endfacet
  facet normal -0.257163 -0.283911 0.923721
    outer loop
      vertex 25.0523 8.55233 5.37101
      vertex 25.0212 8.5805 5.37101
      vertex 24.9882 8.48822 5.33346
    endloop
  endfacet
  facet normal -0.504079 -0.841311 0.195193
    outer loop
      vertex 25.2889 9.05655 6.03202
      vertex 25.2996 9.07247 6.12827
      vertex 25.2163 9.12238 6.12827
    endloop
  endfacet
  facet normal -0.511512 -0.853705 0.0976925
    outer loop
      vertex 25.2996 9.07247 6.12827
      vertex 25.3049 9.08047 6.22593
      vertex 25.2208 9.13086 6.22593
    endloop
  endfacet
  facet normal -0.642571 -0.709365 0.289663
    outer loop
      vertex 25.4158 8.91577 5.93811
      vertex 25.4359 8.93591 6.03202
      vertex 25.3473 8.97782 5.93811
    endloop
  endfacet
  facet normal -0.737825 -0.667858 0.0978768
    outer loop
      vertex 25.5146 8.87753 6.12827
      vertex 25.4563 8.95625 6.22593
      vertex 25.4495 8.94945 6.12827
    endloop
  endfacet
  facet normal -0.792396 -0.474938 0.382808
    outer loop
      vertex 25.5804 8.69384 5.93811
      vertex 25.5329 8.77309 5.93811
      vertex 25.5016 8.75223 5.84744
    endloop
  endfacet
  facet normal -0.820849 -0.491991 0.29009
    outer loop
      vertex 25.5804 8.69384 5.93811
      vertex 25.5566 8.78892 6.03202
      vertex 25.5329 8.77309 5.93811
    endloop
  endfacet
  facet normal -0.799302 -0.592902 0.0978959
    outer loop
      vertex 25.5725 8.79956 6.12827
      vertex 25.5805 8.8049 6.22593
      vertex 25.5221 8.88363 6.22593
    endloop
  endfacet
  facet normal -0.886653 -0.419321 0.194979
    outer loop
      vertex 25.6462 8.62121 6.03202
      vertex 25.6224 8.71629 6.12827
      vertex 25.6055 8.70727 6.03202
    endloop
  endfacet
  facet normal -0.841355 -0.504187 0.194723
    outer loop
      vertex 25.6224 8.71629 6.12827
      vertex 25.5725 8.79956 6.12827
      vertex 25.5566 8.78892 6.03202
    endloop
  endfacet
  facet normal -0.914037 -0.135005 0.382506
    outer loop
      vertex 25.687 8.34229 5.93811
      vertex 25.6735 8.43369 5.93811
      vertex 25.6496 8.33861 5.84744
    endloop
  endfacet
  facet normal -0.896257 -0.223934 0.382853
    outer loop
      vertex 25.6366 8.42636 5.84744
      vertex 25.6735 8.43369 5.93811
      vertex 25.6151 8.51241 5.84744
    endloop
  endfacet
  facet normal -0.951546 -0.238041 0.194668
    outer loop
      vertex 25.7014 8.43924 6.03202
      vertex 25.6966 8.53714 6.12827
      vertex 25.6783 8.53158 6.03202
    endloop
  endfacet
  facet normal -0.946882 -0.139857 0.289577
    outer loop
      vertex 25.687 8.34229 5.93811
      vertex 25.7014 8.43924 6.03202
      vertex 25.6735 8.43369 5.93811
    endloop
  endfacet
  facet normal -0.855708 -0.213803 0.471225
    outer loop
      vertex 25.6366 8.42636 5.84744
      vertex 25.6151 8.51241 5.84744
      vertex 25.5912 8.41733 5.7609
    endloop
  endfacet
  facet normal -0.896359 -0.225015 0.381981
    outer loop
      vertex 25.6735 8.43369 5.93811
      vertex 25.651 8.52332 5.93811
      vertex 25.6151 8.51241 5.84744
    endloop
  endfacet
  facet normal -0.425276 -0.899741 0.0980157
    outer loop
      vertex 25.2163 9.12238 6.12827
      vertex 25.1322 9.17277 6.22593
      vertex 25.1285 9.16388 6.12827
    endloop
  endfacet
  facet normal -0.41915 -0.886779 0.194773
    outer loop
      vertex 25.2163 9.12238 6.12827
      vertex 25.1285 9.16388 6.12827
      vertex 25.1212 9.14619 6.03202
    endloop
  endfacet
  facet normal -0.0656246 0.18402 0.980729
    outer loop
      vertex 24.8205 -8.48252 5.30497
      vertex 24.8062 -8.38556 5.28582
      vertex 24.7926 -8.39041 5.28582
    endloop
  endfacet
  facet normal -0.0473859 0.189544 0.980728
    outer loop
      vertex 24.8205 -8.48252 5.30497
      vertex 24.7926 -8.39041 5.28582
      vertex 24.7786 -8.39391 5.28582
    endloop
  endfacet
  facet normal -0.213729 0.597862 0.77258
    outer loop
      vertex 24.9449 -8.89264 5.53405
      vertex 25.007 -8.87044 5.53405
      vertex 24.9229 -8.82005 5.47179
    endloop
  endfacet
  facet normal -0.0311624 0.634105 0.772619
    outer loop
      vertex 24.8084 -8.84283 5.47179
      vertex 24.75 -8.8457 5.47179
      vertex 24.75 -8.92156 5.53405
    endloop
  endfacet
  facet normal -0.0839143 0.0507956 0.995177
    outer loop
      vertex 24.8794 -8.31917 5.28582
      vertex 24.7933 -8.27313 5.27621
      vertex 24.7908 -8.27726 5.27621
    endloop
  endfacet
  facet normal -0.0272931 0.555372 0.831154
    outer loop
      vertex 24.8084 -8.84283 5.47179
      vertex 24.8004 -8.76163 5.41727
      vertex 24.75 -8.8457 5.47179
    endloop
  endfacet
  facet normal -0.154237 0.615861 0.77261
    outer loop
      vertex 24.881 -8.90865 5.53405
      vertex 24.9229 -8.82005 5.47179
      vertex 24.8662 -8.83425 5.47179
    endloop
  endfacet
  facet normal -0.513971 0.857808 0
    outer loop
      vertex 25.3049 -9.08047 6.22593
      vertex 25.2208 -9.13086 8.17259
      vertex 25.3049 -9.08047 8.17259
    endloop
  endfacet
  facet normal -0.513971 0.857808 0
    outer loop
      vertex 25.2208 -9.13086 8.17259
      vertex 25.3049 -9.08047 6.22593
      vertex 25.2208 -9.13086 6.22593
    endloop
  endfacet
  facet normal -0.56991 0.768791 0.290109
    outer loop
      vertex 25.3654 -8.99984 6.03202
      vertex 25.3473 -8.97782 5.93811
      vertex 25.2889 -9.05655 6.03202
    endloop
  endfacet
  facet normal -0.896359 0.225015 0.381981
    outer loop
      vertex 25.651 -8.52332 5.93811
      vertex 25.6735 -8.43369 5.93811
      vertex 25.6151 -8.51241 5.84744
    endloop
  endfacet
  facet normal -0.737825 0.667858 0.0978768
    outer loop
      vertex 25.4563 -8.95625 6.22593
      vertex 25.5146 -8.87753 6.12827
      vertex 25.4495 -8.94945 6.12827
    endloop
  endfacet
  facet normal -0.995203 0 0.0978287
    outer loop
      vertex 25.7392 -8.25 6.12827
      vertex 25.7488 8.25 6.22593
      vertex 25.7392 8.25 6.12827
    endloop
  endfacet
  facet normal -0.995203 0 0.0978287
    outer loop
      vertex 25.7488 8.25 6.22593
      vertex 25.7392 -8.25 6.12827
      vertex 25.7488 -8.25 6.22593
    endloop
  endfacet
  facet normal -0.941615 0.336692 0
    outer loop
      vertex 25.6728 -8.63222 6.22593
      vertex 25.7058 -8.53993 8.17259
      vertex 25.7058 -8.53993 6.22593
    endloop
  endfacet
  facet normal -0.941615 0.336692 0
    outer loop
      vertex 25.7058 -8.53993 8.17259
      vertex 25.6728 -8.63222 6.22593
      vertex 25.6728 -8.63222 8.17259
    endloop
  endfacet
  facet normal -0.951359 0.238446 0.195089
    outer loop
      vertex 25.7202 -8.44298 6.12827
      vertex 25.7014 -8.43924 6.03202
      vertex 25.6966 -8.53714 6.12827
    endloop
  endfacet
  facet normal -0.979788 0.0474025 0.194339
    outer loop
      vertex 25.7344 -8.34696 6.12827
      vertex 25.72 -8.25 6.03202
      vertex 25.7154 -8.34508 6.03202
    endloop
  endfacet
  facet normal -0.989149 0.146918 0
    outer loop
      vertex 25.7296 -8.44485 6.22593
      vertex 25.744 -8.3479 8.17259
      vertex 25.744 -8.3479 6.22593
    endloop
  endfacet
  facet normal -0.989149 0.146918 0
    outer loop
      vertex 25.744 -8.3479 8.17259
      vertex 25.7296 -8.44485 6.22593
      vertex 25.7296 -8.44485 8.17259
    endloop
  endfacet
  facet normal -0.642571 0.709365 0.289663
    outer loop
      vertex 25.4359 -8.93591 6.03202
      vertex 25.4158 -8.91577 5.93811
      vertex 25.3473 -8.97782 5.93811
    endloop
  endfacet
  facet normal -0.330542 0.923498 0.194664
    outer loop
      vertex 25.0371 -9.19658 6.12827
      vertex 25.1212 -9.14619 6.03202
      vertex 25.0316 -9.17826 6.03202
    endloop
  endfacet
  facet normal -0 0.634413 0.772994
    outer loop
      vertex 23.75 -8.8457 5.47179
      vertex 24.75 -8.92156 5.53405
      vertex 24.75 -8.8457 5.47179
    endloop
  endfacet
  facet normal 0 0.634413 0.772994
    outer loop
      vertex 24.75 -8.92156 5.53405
      vertex 23.75 -8.8457 5.47179
      vertex 23.75 -8.92156 5.53405
    endloop
  endfacet
  facet normal -0.518774 0.573258 0.634231
    outer loop
      vertex 25.318 -8.81795 5.6793
      vertex 25.2739 -8.77393 5.60344
      vertex 25.2595 -8.87089 5.6793
    endloop
  endfacet
  facet normal -0.0419791 0.0885924 0.995183
    outer loop
      vertex 24.8062 -8.38556 5.28582
      vertex 24.8192 -8.3794 5.28582
      vertex 24.7688 -8.29533 5.27621
    endloop
  endfacet
  facet normal -0.176341 0.083972 0.980741
    outer loop
      vertex 24.9643 -8.36454 5.30497
      vertex 24.8856 -8.30615 5.28582
      vertex 24.8794 -8.31917 5.28582
    endloop
  endfacet
  facet normal -0.0979893 0 0.995187
    outer loop
      vertex 24.7991 8.25 5.27621
      vertex 24.8967 -8.25 5.28582
      vertex 24.8967 8.25 5.28582
    endloop
  endfacet
  facet normal -0.0979893 0 0.995187
    outer loop
      vertex 24.8967 -8.25 5.28582
      vertex 24.7991 8.25 5.27621
      vertex 24.7991 -8.25 5.27621
    endloop
  endfacet
  facet normal -0.0884752 0.042131 0.995187
    outer loop
      vertex 24.8794 -8.31917 5.28582
      vertex 24.8856 -8.30615 5.28582
      vertex 24.7953 -8.26878 5.27621
    endloop
  endfacet
  facet normal -0.0979881 0.00476994 0.995176
    outer loop
      vertex 24.896 -8.26438 5.28582
      vertex 24.8967 -8.25 5.28582
      vertex 24.7991 -8.25 5.27621
    endloop
  endfacet
  facet normal -0.273937 0.0976168 0.956781
    outer loop
      vertex 25.0612 -8.37892 5.33346
      vertex 24.9825 -8.32053 5.30497
      vertex 24.9745 -8.34298 5.30497
    endloop
  endfacet
  facet normal -0.167406 0.100689 0.980733
    outer loop
      vertex 24.952 -8.38499 5.30497
      vertex 24.9643 -8.36454 5.30497
      vertex 24.8794 -8.31917 5.28582
    endloop
  endfacet
  facet normal -0.667989 0.7377 0.0979236
    outer loop
      vertex 25.3836 -9.02208 6.22593
      vertex 25.4563 -8.95625 6.22593
      vertex 25.3775 -9.01464 6.12827
    endloop
  endfacet
  facet normal -0.741047 0.671453 0
    outer loop
      vertex 25.4563 -8.95625 6.22593
      vertex 25.5221 -8.88363 8.17259
      vertex 25.5221 -8.88363 6.22593
    endloop
  endfacet
  facet normal -0.741047 0.671453 0
    outer loop
      vertex 25.5221 -8.88363 8.17259
      vertex 25.4563 -8.95625 6.22593
      vertex 25.4563 -8.95625 8.17259
    endloop
  endfacet
  facet normal -0.511507 0.853707 0.0976983
    outer loop
      vertex 25.2208 -9.13086 6.22593
      vertex 25.2996 -9.07247 6.12827
      vertex 25.2163 -9.12238 6.12827
    endloop
  endfacet
  facet normal -0.491874 0.820999 0.289863
    outer loop
      vertex 25.2889 -9.05655 6.03202
      vertex 25.2731 -9.03286 5.93811
      vertex 25.1938 -9.08037 5.93811
    endloop
  endfacet
  facet normal -0.0487353 -0.993997 0.0979557
    outer loop
      vertex 24.847 9.23441 6.12827
      vertex 24.8479 9.24399 6.22593
      vertex 24.75 9.24879 6.22593
    endloop
  endfacet
  facet normal -0.241943 -0.965331 0.097974
    outer loop
      vertex 25.0371 9.19658 6.12827
      vertex 25.0399 9.20579 6.22593
      vertex 24.9449 9.2296 6.22593
    endloop
  endfacet
  facet normal -0.243112 -0.969998 0
    outer loop
      vertex 24.9449 9.2296 6.22593
      vertex 25.0399 9.20579 8.17259
      vertex 24.9449 9.2296 8.17259
    endloop
  endfacet
  facet normal -0.243112 -0.969998 -0
    outer loop
      vertex 25.0399 9.20579 8.17259
      vertex 24.9449 9.2296 6.22593
      vertex 25.0399 9.20579 6.22593
    endloop
  endfacet
  facet normal -0.238184 -0.951501 0.194717
    outer loop
      vertex 25.0316 9.17826 6.03202
      vertex 25.0371 9.19658 6.12827
      vertex 24.9392 9.20139 6.03202
    endloop
  endfacet
  facet normal -0.238496 -0.951356 0.195042
    outer loop
      vertex 25.0371 9.19658 6.12827
      vertex 24.943 9.22017 6.12827
      vertex 24.9392 9.20139 6.03202
    endloop
  endfacet
  facet normal -0.113475 -0.765001 0.633953
    outer loop
      vertex 24.9067 9.03777 5.6793
      vertex 24.8287 9.04934 5.6793
      vertex 24.8226 8.98738 5.60344
    endloop
  endfacet
  facet normal -0.113379 -0.765068 0.63389
    outer loop
      vertex 24.8946 8.97671 5.60344
      vertex 24.9067 9.03777 5.6793
      vertex 24.8226 8.98738 5.60344
    endloop
  endfacet
  facet normal -0.00959239 -0.195127 0.980731
    outer loop
      vertex 24.7738 8.49181 5.30497
      vertex 24.75 8.49298 5.30497
      vertex 24.75 8.39673 5.28582
    endloop
  endfacet
  facet normal -0.0969849 0.0142925 0.995183
    outer loop
      vertex 24.8939 -8.27863 5.28582
      vertex 24.896 -8.26438 5.28582
      vertex 24.7988 -8.25481 5.27621
    endloop
  endfacet
  facet normal -0.189503 -0.047519 0.98073
    outer loop
      vertex 24.9883 8.2974 5.30497
      vertex 24.9825 8.32053 5.30497
      vertex 24.8939 8.27863 5.28582
    endloop
  endfacet
  facet normal -0.0272931 -0.555372 0.831154
    outer loop
      vertex 24.8004 8.76163 5.41727
      vertex 24.8084 8.84283 5.47179
      vertex 24.75 8.8457 5.47179
    endloop
  endfacet
  facet normal -0.0272161 -0.555341 0.831178
    outer loop
      vertex 24.8004 8.76163 5.41727
      vertex 24.75 8.8457 5.47179
      vertex 24.75 8.7641 5.41727
    endloop
  endfacet
  facet normal -0.129023 -0.360679 0.923723
    outer loop
      vertex 24.9136 8.64501 5.37101
      vertex 24.8741 8.65914 5.37101
      vertex 24.8478 8.57238 5.33346
    endloop
  endfacet
  facet normal -0.0891565 -0.0409915 0.995174
    outer loop
      vertex 24.7953 8.26878 5.27621
      vertex 24.8794 8.31917 5.28582
      vertex 24.7933 8.27313 5.27621
    endloop
  endfacet
  facet normal -0.0977921 0.0060993 0.995188
    outer loop
      vertex 24.896 -8.26438 5.28582
      vertex 24.7991 -8.25 5.27621
      vertex 24.7988 -8.25481 5.27621
    endloop
  endfacet
  facet normal -0.941615 -0.336692 0
    outer loop
      vertex 25.7058 8.53993 6.22593
      vertex 25.6728 8.63222 8.17259
      vertex 25.6728 8.63222 6.22593
    endloop
  endfacet
  facet normal -0.941615 -0.336692 0
    outer loop
      vertex 25.6728 8.63222 8.17259
      vertex 25.7058 8.53993 6.22593
      vertex 25.7058 8.53993 8.17259
    endloop
  endfacet
  facet normal -0.904026 -0.427477 0
    outer loop
      vertex 25.6728 8.63222 6.22593
      vertex 25.6309 8.72083 8.17259
      vertex 25.6309 8.72083 6.22593
    endloop
  endfacet
  facet normal -0.904026 -0.427477 0
    outer loop
      vertex 25.6309 8.72083 8.17259
      vertex 25.6728 8.63222 6.22593
      vertex 25.6728 8.63222 8.17259
    endloop
  endfacet
  facet normal -0.550482 -0.74211 0.382417
    outer loop
      vertex 25.3473 8.97782 5.93811
      vertex 25.2731 9.03286 5.93811
      vertex 25.2522 9.00164 5.84744
    endloop
  endfacet
  facet normal -0.474881 -0.792634 0.382387
    outer loop
      vertex 25.2522 9.00164 5.84744
      vertex 25.2731 9.03286 5.93811
      vertex 25.1938 9.08037 5.93811
    endloop
  endfacet
  facet normal -0.709442 -0.642498 0.289636
    outer loop
      vertex 25.4778 8.84731 5.93811
      vertex 25.4359 8.93591 6.03202
      vertex 25.4158 8.91577 5.93811
    endloop
  endfacet
  facet normal -0.726805 -0.658484 0.195329
    outer loop
      vertex 25.4998 8.86538 6.03202
      vertex 25.4495 8.94945 6.12827
      vertex 25.4359 8.93591 6.03202
    endloop
  endfacet
  facet normal -0.427712 -0.713381 0.555113
    outer loop
      vertex 25.1962 8.91784 5.6793
      vertex 25.2265 8.96317 5.7609
      vertex 25.1286 8.95837 5.6793
    endloop
  endfacet
  facet normal -0.525441 -0.708412 0.471236
    outer loop
      vertex 25.2941 8.91303 5.7609
      vertex 25.3235 8.94879 5.84744
      vertex 25.2265 8.96317 5.7609
    endloop
  endfacet
  facet normal -0.201987 -0.806895 0.555088
    outer loop
      vertex 24.9832 9.01862 5.6793
      vertex 24.999 9.0708 5.7609
      vertex 24.9067 9.03777 5.6793
    endloop
  endfacet
  facet normal -0.201973 -0.806906 0.555076
    outer loop
      vertex 24.999 9.0708 5.7609
      vertex 24.9173 9.09125 5.7609
      vertex 24.9067 9.03777 5.6793
    endloop
  endfacet
  facet normal -0.355622 -0.751954 0.555066
    outer loop
      vertex 25.1286 8.95837 5.6793
      vertex 25.1543 9.00645 5.7609
      vertex 25.0782 9.04244 5.7609
    endloop
  endfacet
  facet normal -0.355909 -0.751951 0.554886
    outer loop
      vertex 25.1286 8.95837 5.6793
      vertex 25.0782 9.04244 5.7609
      vertex 25.0574 8.99207 5.6793
    endloop
  endfacet
  facet normal -0.409249 -0.865121 0.289967
    outer loop
      vertex 25.1938 9.08037 5.93811
      vertex 25.1212 9.14619 6.03202
      vertex 25.1103 9.11987 5.93811
    endloop
  endfacet
  facet normal -0.395145 -0.835307 0.382259
    outer loop
      vertex 25.1761 9.04725 5.84744
      vertex 25.1938 9.08037 5.93811
      vertex 25.1103 9.11987 5.93811
    endloop
  endfacet
  facet normal -0.555348 0.0275819 0.831161
    outer loop
      vertex 25.3428 -8.30839 5.47179
      vertex 25.3457 -8.25 5.47179
      vertex 25.2616 -8.30039 5.41727
    endloop
  endfacet
  facet normal -0.196762 0.328708 0.923708
    outer loop
      vertex 24.9515 -8.62707 5.37101
      vertex 24.9372 -8.53011 5.33346
      vertex 24.9088 -8.54711 5.33346
    endloop
  endfacet
  facet normal -0.686253 -0.172196 0.706686
    outer loop
      vertex 25.4767 8.39455 5.60344
      vertex 25.459 8.46509 5.60344
      vertex 25.3926 8.44494 5.53405
    endloop
  endfacet
  facet normal -0.772726 -0.0383012 0.633583
    outer loop
      vertex 25.491 8.25 5.60344
      vertex 25.5532 8.25 5.6793
      vertex 25.4874 8.32263 5.60344
    endloop
  endfacet
  facet normal -0.195029 -0.00982516 0.980748
    outer loop
      vertex 24.993 8.25 5.30497
      vertex 24.9918 8.27382 5.30497
      vertex 24.8967 8.25 5.28582
    endloop
  endfacet
  facet normal -0.371709 -0.0927244 0.923707
    outer loop
      vertex 25.0804 8.31572 5.33346
      vertex 25.1693 8.33341 5.37101
      vertex 25.0724 8.34779 5.33346
    endloop
  endfacet
  facet normal -0.549692 -0.081501 0.831382
    outer loop
      vertex 25.2616 8.30039 5.41727
      vertex 25.3343 8.36621 5.47179
      vertex 25.2542 8.3503 5.41727
    endloop
  endfacet
  facet normal -0.378864 -0.0567717 0.923709
    outer loop
      vertex 25.0853 8.28302 5.33346
      vertex 25.1693 8.33341 5.37101
      vertex 25.0804 8.31572 5.33346
    endloop
  endfacet
  facet normal -0.158932 -0.444291 0.881672
    outer loop
      vertex 24.9136 8.64501 5.37101
      vertex 24.9467 8.72497 5.41727
      vertex 24.8741 8.65914 5.37101
    endloop
  endfacet
  facet normal -0.184081 -0.065597 0.98072
    outer loop
      vertex 24.9825 8.32053 5.30497
      vertex 24.9745 8.34298 5.30497
      vertex 24.8856 8.30615 5.28582
    endloop
  endfacet
  facet normal -0.15899 -0.444238 0.881688
    outer loop
      vertex 24.9467 8.72497 5.41727
      vertex 24.8992 8.74197 5.41727
      vertex 24.8741 8.65914 5.37101
    endloop
  endfacet
  facet normal -0.215438 -0.195077 0.956834
    outer loop
      vertex 24.9378 8.40414 5.30497
      vertex 24.9882 8.48822 5.33346
      vertex 24.9218 8.42181 5.30497
    endloop
  endfacet
  facet normal -0.213748 -0.597843 0.77259
    outer loop
      vertex 24.978 8.80035 5.47179
      vertex 25.007 8.87044 5.53405
      vertex 24.9229 8.82005 5.47179
    endloop
  endfacet
  facet normal -0.271618 -0.573887 0.772578
    outer loop
      vertex 25.0308 8.77536 5.47179
      vertex 25.007 8.87044 5.53405
      vertex 24.978 8.80035 5.47179
    endloop
  endfacet
  facet normal -0.97007 -0.242824 0
    outer loop
      vertex 25.7296 8.44485 6.22593
      vertex 25.7058 8.53993 8.17259
      vertex 25.7058 8.53993 6.22593
    endloop
  endfacet
  facet normal -0.97007 -0.242824 0
    outer loop
      vertex 25.7058 8.53993 8.17259
      vertex 25.7296 8.44485 6.22593
      vertex 25.7296 8.44485 8.17259
    endloop
  endfacet
  facet normal -0.965415 -0.241658 0.0978502
    outer loop
      vertex 25.7296 8.44485 6.22593
      vertex 25.7058 8.53993 6.22593
      vertex 25.6966 8.53714 6.12827
    endloop
  endfacet
  facet normal -0.924084 0 0.38219
    outer loop
      vertex 25.654 -8.25 5.84744
      vertex 25.6915 8.25 5.93811
      vertex 25.654 8.25 5.84744
    endloop
  endfacet
  facet normal -0.924084 0 0.38219
    outer loop
      vertex 25.6915 8.25 5.93811
      vertex 25.654 -8.25 5.84744
      vertex 25.6915 -8.25 5.93811
    endloop
  endfacet
  facet normal -0.830897 -0.0405219 0.554949
    outer loop
      vertex 25.6077 8.25 5.7609
      vertex 25.6036 8.33407 5.7609
      vertex 25.5532 8.25 5.6793
    endloop
  endfacet
  facet normal -0.773294 0 0.634048
    outer loop
      vertex 25.491 -8.25 5.60344
      vertex 25.5532 8.25 5.6793
      vertex 25.491 8.25 5.60344
    endloop
  endfacet
  facet normal -0.773294 0 0.634048
    outer loop
      vertex 25.5532 8.25 5.6793
      vertex 25.491 -8.25 5.60344
      vertex 25.5532 -8.25 5.6793
    endloop
  endfacet
  facet normal -0.408971 0.865169 0.290216
    outer loop
      vertex 25.2073 -9.10549 6.03202
      vertex 25.1938 -9.08037 5.93811
      vertex 25.1212 -9.14619 6.03202
    endloop
  endfacet
  facet normal -0.409249 0.865121 0.289967
    outer loop
      vertex 25.1212 -9.14619 6.03202
      vertex 25.1938 -9.08037 5.93811
      vertex 25.1103 -9.11987 5.93811
    endloop
  endfacet
  facet normal -0.404925 0.242375 0.881641
    outer loop
      vertex 25.1775 -8.53562 5.41727
      vertex 25.2034 -8.49235 5.41727
      vertex 25.1271 -8.45155 5.37101
    endloop
  endfacet
  facet normal -0.853639 0.511548 0.0980786
    outer loop
      vertex 25.6309 -8.72083 6.22593
      vertex 25.6224 -8.71629 6.12827
      vertex 25.5725 -8.79956 6.12827
    endloop
  endfacet
  facet normal -0.904026 0.427477 0
    outer loop
      vertex 25.6309 -8.72083 6.22593
      vertex 25.6728 -8.63222 8.17259
      vertex 25.6728 -8.63222 6.22593
    endloop
  endfacet
  facet normal -0.904026 0.427477 0
    outer loop
      vertex 25.6728 -8.63222 8.17259
      vertex 25.6309 -8.72083 6.22593
      vertex 25.6309 -8.72083 8.17259
    endloop
  endfacet
  facet normal -0.870223 0.311116 0.381993
    outer loop
      vertex 25.6199 -8.61031 5.93811
      vertex 25.651 -8.52332 5.93811
      vertex 25.6151 -8.51241 5.84744
    endloop
  endfacet
  facet normal -0.666177 0.238342 0.706683
    outer loop
      vertex 25.459 -8.46509 5.60344
      vertex 25.3926 -8.44494 5.53405
      vertex 25.3704 -8.50699 5.53405
    endloop
  endfacet
  facet normal -0.502374 0.237914 0.831275
    outer loop
      vertex 25.2754 -8.53081 5.47179
      vertex 25.225 -8.44674 5.41727
      vertex 25.2034 -8.49235 5.41727
    endloop
  endfacet
  facet normal -0.913837 0.135383 0.382849
    outer loop
      vertex 25.6735 -8.43369 5.93811
      vertex 25.6496 -8.33861 5.84744
      vertex 25.6366 -8.42636 5.84744
    endloop
  endfacet
  facet normal -0.901085 0.322149 0.290284
    outer loop
      vertex 25.6783 -8.53158 6.03202
      vertex 25.651 -8.52332 5.93811
      vertex 25.6199 -8.61031 5.93811
    endloop
  endfacet
  facet normal -0.666185 -0.23841 0.706653
    outer loop
      vertex 25.459 8.46509 5.60344
      vertex 25.4345 8.53355 5.60344
      vertex 25.3704 8.50699 5.53405
    endloop
  endfacet
  facet normal -0.699151 -0.329738 0.634398
    outer loop
      vertex 25.4345 8.53355 5.60344
      vertex 25.4921 8.55737 5.6793
      vertex 25.4035 8.59928 5.60344
    endloop
  endfacet
  facet normal -0.378619 -0.509826 0.77248
    outer loop
      vertex 25.1279 8.71048 5.47179
      vertex 25.1231 8.80838 5.53405
      vertex 25.081 8.74531 5.47179
    endloop
  endfacet
  facet normal -0.363872 -0.606812 0.706666
    outer loop
      vertex 25.1231 8.80838 5.53405
      vertex 25.0993 8.90346 5.60344
      vertex 25.0666 8.84226 5.53405
    endloop
  endfacet
  facet normal -0.411932 -0.373482 0.831157
    outer loop
      vertex 25.1474 8.57614 5.41727
      vertex 25.1712 8.67122 5.47179
      vertex 25.1135 8.61353 5.41727
    endloop
  endfacet
  facet normal -0.196762 -0.328708 0.923708
    outer loop
      vertex 24.9372 8.53011 5.33346
      vertex 24.9515 8.62707 5.37101
      vertex 24.9088 8.54711 5.33346
    endloop
  endfacet
  facet normal -0.495516 -0.668067 0.555113
    outer loop
      vertex 25.2595 8.87089 5.6793
      vertex 25.2941 8.91303 5.7609
      vertex 25.2265 8.96317 5.7609
    endloop
  endfacet
  facet normal -0.307598 -0.228189 0.923749
    outer loop
      vertex 25.1055 8.48754 5.37101
      vertex 25.0805 8.52124 5.37101
      vertex 25.0301 8.43717 5.33346
    endloop
  endfacet
  facet normal -0.550289 -0.742396 0.38214
    outer loop
      vertex 25.3235 8.94879 5.84744
      vertex 25.3473 8.97782 5.93811
      vertex 25.2522 9.00164 5.84744
    endloop
  endfacet
  facet normal -0.663051 -0.398164 0.6339
    outer loop
      vertex 25.4584 8.62863 5.6793
      vertex 25.4178 8.69624 5.6793
      vertex 25.4035 8.59928 5.60344
    endloop
  endfacet
  facet normal -0.492195 -0.820661 0.290274
    outer loop
      vertex 25.2889 9.05655 6.03202
      vertex 25.2073 9.10549 6.03202
      vertex 25.1938 9.08037 5.93811
    endloop
  endfacet
  facet normal -0.408971 -0.865169 0.290216
    outer loop
      vertex 25.1938 9.08037 5.93811
      vertex 25.2073 9.10549 6.03202
      vertex 25.1212 9.14619 6.03202
    endloop
  endfacet
  facet normal -0.593203 -0.799075 0.0979281
    outer loop
      vertex 25.3775 9.01464 6.12827
      vertex 25.3836 9.02208 6.22593
      vertex 25.2996 9.07247 6.12827
    endloop
  endfacet
  facet normal -0.584597 -0.787482 0.19524
    outer loop
      vertex 25.3775 9.01464 6.12827
      vertex 25.2996 9.07247 6.12827
      vertex 25.2889 9.05655 6.03202
    endloop
  endfacet
  facet normal -0.821098 -0.491754 0.289786
    outer loop
      vertex 25.5804 8.69384 5.93811
      vertex 25.6055 8.70727 6.03202
      vertex 25.5566 8.78892 6.03202
    endloop
  endfacet
  facet normal -0.865218 -0.409184 0.28977
    outer loop
      vertex 25.6462 8.62121 6.03202
      vertex 25.6055 8.70727 6.03202
      vertex 25.5804 8.69384 5.93811
    endloop
  endfacet
  facet normal -0.830309 -0.297214 0.471434
    outer loop
      vertex 25.6151 8.51241 5.84744
      vertex 25.5852 8.59594 5.84744
      vertex 25.5424 8.57824 5.7609
    endloop
  endfacet
  facet normal -0.523768 -0.475357 0.706897
    outer loop
      vertex 25.3228 8.72005 5.60344
      vertex 25.2739 8.77393 5.60344
      vertex 25.2691 8.67603 5.53405
    endloop
  endfacet
  facet normal -0.737453 -0.668196 0.0983708
    outer loop
      vertex 25.5146 8.87753 6.12827
      vertex 25.5221 8.88363 6.22593
      vertex 25.4563 8.95625 6.22593
    endloop
  endfacet
  facet normal -0.798948 -0.593293 0.0984149
    outer loop
      vertex 25.5725 8.79956 6.12827
      vertex 25.5221 8.88363 6.22593
      vertex 25.5146 8.87753 6.12827
    endloop
  endfacet
  facet normal -0.93708 -0.33507 0.0980245
    outer loop
      vertex 25.7058 8.53993 6.22593
      vertex 25.6728 8.63222 6.22593
      vertex 25.6639 8.62854 6.12827
    endloop
  endfacet
  facet normal -0.937037 -0.335242 0.0978503
    outer loop
      vertex 25.6966 8.53714 6.12827
      vertex 25.7058 8.53993 6.22593
      vertex 25.6639 8.62854 6.12827
    endloop
  endfacet
  facet normal -0.830326 -0.297555 0.471189
    outer loop
      vertex 25.5708 8.49899 5.7609
      vertex 25.6151 8.51241 5.84744
      vertex 25.5424 8.57824 5.7609
    endloop
  endfacet
  facet normal -0.855728 -0.213775 0.4712
    outer loop
      vertex 25.5912 8.41733 5.7609
      vertex 25.6151 8.51241 5.84744
      vertex 25.5708 8.49899 5.7609
    endloop
  endfacet
  facet normal -0.913837 -0.135383 0.382849
    outer loop
      vertex 25.6496 8.33861 5.84744
      vertex 25.6735 8.43369 5.93811
      vertex 25.6366 8.42636 5.84744
    endloop
  endfacet
  facet normal -0.872498 -0.129259 0.471211
    outer loop
      vertex 25.6496 8.33861 5.84744
      vertex 25.6366 8.42636 5.84744
      vertex 25.5912 8.41733 5.7609
    endloop
  endfacet
  facet normal -0.33684 -0.941562 0
    outer loop
      vertex 25.0399 9.20579 6.22593
      vertex 25.1322 9.17277 8.17259
      vertex 25.0399 9.20579 8.17259
    endloop
  endfacet
  facet normal -0.33684 -0.941562 -0
    outer loop
      vertex 25.1322 9.17277 8.17259
      vertex 25.0399 9.20579 6.22593
      vertex 25.1322 9.17277 6.22593
    endloop
  endfacet
  facet normal -0.135607 0.914049 0.382263
    outer loop
      vertex 24.8423 -9.18701 5.93811
      vertex 24.9337 -9.17345 5.93811
      vertex 24.8386 -9.14964 5.84744
    endloop
  endfacet
  facet normal 0 1 -0
    outer loop
      vertex 24.75 -9.24879 6.22593
      vertex 23.75 -9.24879 8.17259
      vertex 24.75 -9.24879 8.17259
    endloop
  endfacet
  facet normal 0 1 0
    outer loop
      vertex 23.75 -9.24879 8.17259
      vertex 24.75 -9.24879 6.22593
      vertex 23.75 -9.24879 6.22593
    endloop
  endfacet
  facet normal -0.0312247 0.634132 0.772594
    outer loop
      vertex 24.8158 -8.91832 5.53405
      vertex 24.8084 -8.84283 5.47179
      vertex 24.75 -8.92156 5.53405
    endloop
  endfacet
  facet normal -0.271343 0.573884 0.772677
    outer loop
      vertex 25.0666 -8.84226 5.53405
      vertex 25.0308 -8.77536 5.47179
      vertex 25.007 -8.87044 5.53405
    endloop
  endfacet
  facet normal -0.0980004 0.273592 0.95684
    outer loop
      vertex 24.8478 -8.57238 5.33346
      vertex 24.8789 -8.56124 5.33346
      vertex 24.8205 -8.48252 5.30497
    endloop
  endfacet
  facet normal -0.237729 0.50257 0.831209
    outer loop
      vertex 25.0308 -8.77536 5.47179
      vertex 24.9923 -8.7034 5.41727
      vertex 24.9467 -8.72497 5.41727
    endloop
  endfacet
  facet normal -0.0426387 0.287481 0.956837
    outer loop
      vertex 24.783 -8.58527 5.33346
      vertex 24.8157 -8.58042 5.33346
      vertex 24.7738 -8.49181 5.30497
    endloop
  endfacet
  facet normal -0.835051 0.39566 0.382286
    outer loop
      vertex 25.6199 -8.61031 5.93811
      vertex 25.5852 -8.59594 5.84744
      vertex 25.5472 -8.67614 5.84744
    endloop
  endfacet
  facet normal -0.799302 0.592902 0.0978959
    outer loop
      vertex 25.5805 -8.8049 6.22593
      vertex 25.5725 -8.79956 6.12827
      vertex 25.5221 -8.88363 6.22593
    endloop
  endfacet
  facet normal -0.671215 0.741263 0
    outer loop
      vertex 25.4563 -8.95625 6.22593
      vertex 25.3836 -9.02208 8.17259
      vertex 25.4563 -8.95625 8.17259
    endloop
  endfacet
  facet normal -0.671215 0.741263 0
    outer loop
      vertex 25.3836 -9.02208 8.17259
      vertex 25.4563 -8.95625 6.22593
      vertex 25.3836 -9.02208 6.22593
    endloop
  endfacet
  facet normal -0.593203 0.799075 0.0979281
    outer loop
      vertex 25.3836 -9.02208 6.22593
      vertex 25.3775 -9.01464 6.12827
      vertex 25.2996 -9.07247 6.12827
    endloop
  endfacet
  facet normal -0.592997 0.799261 0.0976548
    outer loop
      vertex 25.3049 -9.08047 6.22593
      vertex 25.3836 -9.02208 6.22593
      vertex 25.2996 -9.07247 6.12827
    endloop
  endfacet
  facet normal -0.820849 0.491991 0.29009
    outer loop
      vertex 25.5566 -8.78892 6.03202
      vertex 25.5804 -8.69384 5.93811
      vertex 25.5329 -8.77309 5.93811
    endloop
  endfacet
  facet normal -0.821098 0.491754 0.289786
    outer loop
      vertex 25.6055 -8.70727 6.03202
      vertex 25.5804 -8.69384 5.93811
      vertex 25.5566 -8.78892 6.03202
    endloop
  endfacet
  facet normal -0.97007 0.242824 0
    outer loop
      vertex 25.7058 -8.53993 6.22593
      vertex 25.7296 -8.44485 8.17259
      vertex 25.7296 -8.44485 6.22593
    endloop
  endfacet
  facet normal -0.97007 0.242824 0
    outer loop
      vertex 25.7296 -8.44485 8.17259
      vertex 25.7058 -8.53993 6.22593
      vertex 25.7058 -8.53993 8.17259
    endloop
  endfacet
  facet normal -0.0408521 0.830765 0.555122
    outer loop
      vertex 24.8341 -9.1036 5.7609
      vertex 24.8287 -9.04934 5.6793
      vertex 24.75 -9.05321 5.6793
    endloop
  endfacet
  facet normal 0 0.881907 0.471424
    outer loop
      vertex 24.75 -9.10773 5.7609
      vertex 23.75 -9.15399 5.84744
      vertex 24.75 -9.15399 5.84744
    endloop
  endfacet
  facet normal 0 0.881907 0.471424
    outer loop
      vertex 23.75 -9.15399 5.84744
      vertex 24.75 -9.10773 5.7609
      vertex 23.75 -9.10773 5.7609
    endloop
  endfacet
  facet normal -0.124196 0.262808 0.956821
    outer loop
      vertex 24.8789 -8.56124 5.33346
      vertex 24.9088 -8.54711 5.33346
      vertex 24.843 -8.47448 5.30497
    endloop
  endfacet
  facet normal -0.173308 0.233248 0.956849
    outer loop
      vertex 24.9372 -8.53011 5.33346
      vertex 24.9637 -8.51042 5.33346
      vertex 24.9041 -8.43783 5.30497
    endloop
  endfacet
  facet normal -0.100691 0.167365 0.98074
    outer loop
      vertex 24.885 -8.45203 5.30497
      vertex 24.8315 -8.372 5.28582
      vertex 24.8192 -8.3794 5.28582
    endloop
  endfacet
  facet normal -0.382451 0.0185318 0.92379
    outer loop
      vertex 25.1776 -8.25 5.37101
      vertex 25.0869 -8.25 5.33346
      vertex 25.0853 -8.28302 5.33346
    endloop
  endfacet
  facet normal -0.184081 0.065597 0.98072
    outer loop
      vertex 24.9745 -8.34298 5.30497
      vertex 24.9825 -8.32053 5.30497
      vertex 24.8856 -8.30615 5.28582
    endloop
  endfacet
  facet normal -0.19503 0.215483 0.956834
    outer loop
      vertex 24.9882 -8.48822 5.33346
      vertex 24.9218 -8.42181 5.30497
      vertex 24.9041 -8.43783 5.30497
    endloop
  endfacet
  facet normal -0.283807 0.257164 0.923753
    outer loop
      vertex 25.0805 -8.52124 5.37101
      vertex 25.0104 -8.46372 5.33346
      vertex 24.9882 -8.48822 5.33346
    endloop
  endfacet
  facet normal -0.283728 0.257353 0.923725
    outer loop
      vertex 25.0523 -8.55233 5.37101
      vertex 25.0805 -8.52124 5.37101
      vertex 24.9882 -8.48822 5.33346
    endloop
  endfacet
  facet normal -0.426518 0.20199 0.881636
    outer loop
      vertex 25.2034 -8.49235 5.41727
      vertex 25.225 -8.44674 5.41727
      vertex 25.1271 -8.45155 5.37101
    endloop
  endfacet
  facet normal -0.595845 0.8031 0
    outer loop
      vertex 25.3836 -9.02208 6.22593
      vertex 25.3049 -9.08047 8.17259
      vertex 25.3836 -9.02208 8.17259
    endloop
  endfacet
  facet normal -0.595845 0.8031 0
    outer loop
      vertex 25.3049 -9.08047 8.17259
      vertex 25.3836 -9.02208 6.22593
      vertex 25.3049 -9.08047 6.22593
    endloop
  endfacet
  facet normal -0.335219 0.93703 0.0979982
    outer loop
      vertex 25.1322 -9.17277 6.22593
      vertex 25.1285 -9.16388 6.12827
      vertex 25.0399 -9.20579 6.22593
    endloop
  endfacet
  facet normal -0.425276 0.899741 0.0980157
    outer loop
      vertex 25.1322 -9.17277 6.22593
      vertex 25.2163 -9.12238 6.12827
      vertex 25.1285 -9.16388 6.12827
    endloop
  endfacet
  facet normal -0.511512 0.853705 0.0976925
    outer loop
      vertex 25.3049 -9.08047 6.22593
      vertex 25.2996 -9.07247 6.12827
      vertex 25.2208 -9.13086 6.22593
    endloop
  endfacet
  facet normal -0.425553 0.899641 0.0977262
    outer loop
      vertex 25.2208 -9.13086 6.22593
      vertex 25.2163 -9.12238 6.12827
      vertex 25.1322 -9.17277 6.22593
    endloop
  endfacet
  facet normal -0.335238 -0.937025 0.0979794
    outer loop
      vertex 25.1285 9.16388 6.12827
      vertex 25.0399 9.20579 6.22593
      vertex 25.0371 9.19658 6.12827
    endloop
  endfacet
  facet normal -0.330406 -0.923519 0.194795
    outer loop
      vertex 25.1212 9.14619 6.03202
      vertex 25.1285 9.16388 6.12827
      vertex 25.0371 9.19658 6.12827
    endloop
  endfacet
  facet normal -0.0816731 -0.549998 0.831163
    outer loop
      vertex 24.8503 8.75422 5.41727
      vertex 24.8662 8.83425 5.47179
      vertex 24.8004 8.76163 5.41727
    endloop
  endfacet
  facet normal -0.135083 -0.539382 0.831155
    outer loop
      vertex 24.9229 8.82005 5.47179
      vertex 24.8662 8.83425 5.47179
      vertex 24.8503 8.75422 5.41727
    endloop
  endfacet
  facet normal 0 -0.471424 0.881907
    outer loop
      vertex 23.75 8.7641 5.41727
      vertex 24.75 8.67756 5.37101
      vertex 24.75 8.7641 5.41727
    endloop
  endfacet
  facet normal 0 -0.471424 0.881907
    outer loop
      vertex 24.75 8.67756 5.37101
      vertex 23.75 8.7641 5.41727
      vertex 23.75 8.67756 5.37101
    endloop
  endfacet
  facet normal -0.0419791 -0.0885924 0.995183
    outer loop
      vertex 24.8192 8.3794 5.28582
      vertex 24.8062 8.38556 5.28582
      vertex 24.7688 8.29533 5.27621
    endloop
  endfacet
  facet normal -0.0432585 0.881081 0.470982
    outer loop
      vertex 24.8386 -9.14964 5.84744
      vertex 24.75 -9.10773 5.7609
      vertex 24.75 -9.15399 5.84744
    endloop
  endfacet
  facet normal -0.0953616 -0.022462 0.995189
    outer loop
      vertex 24.7981 8.25957 5.27621
      vertex 24.8939 8.27863 5.28582
      vertex 24.797 8.26424 5.27621
    endloop
  endfacet
  facet normal -0.453539 -0.756598 0.471022
    outer loop
      vertex 25.2265 8.96317 5.7609
      vertex 25.2522 9.00164 5.84744
      vertex 25.1543 9.00645 5.7609
    endloop
  endfacet
  facet normal -0.453496 -0.756656 0.47097
    outer loop
      vertex 25.2522 9.00164 5.84744
      vertex 25.1761 9.04725 5.84744
      vertex 25.1543 9.00645 5.7609
    endloop
  endfacet
  facet normal -0.768289 -0.57074 0.289806
    outer loop
      vertex 25.5566 8.78892 6.03202
      vertex 25.4998 8.86538 6.03202
      vertex 25.4778 8.84731 5.93811
    endloop
  endfacet
  facet normal -0.642853 -0.708918 0.290129
    outer loop
      vertex 25.4359 8.93591 6.03202
      vertex 25.3654 8.99984 6.03202
      vertex 25.3473 8.97782 5.93811
    endloop
  endfacet
  facet normal -0.768401 -0.570451 0.290079
    outer loop
      vertex 25.5329 8.77309 5.93811
      vertex 25.5566 8.78892 6.03202
      vertex 25.4778 8.84731 5.93811
    endloop
  endfacet
  facet normal -0.741779 -0.550688 0.382762
    outer loop
      vertex 25.5016 8.75223 5.84744
      vertex 25.5329 8.77309 5.93811
      vertex 25.4778 8.84731 5.93811
    endloop
  endfacet
  facet normal -0.421133 -0.568705 0.706556
    outer loop
      vertex 25.2201 8.82276 5.60344
      vertex 25.1616 8.86608 5.60344
      vertex 25.1231 8.80838 5.53405
    endloop
  endfacet
  facet normal -0.397894 -0.663157 0.633959
    outer loop
      vertex 25.1616 8.86608 5.60344
      vertex 25.1962 8.91784 5.6793
      vertex 25.0993 8.90346 5.60344
    endloop
  endfacet
  facet normal -0.297213 -0.830565 0.470985
    outer loop
      vertex 25.0782 9.04244 5.7609
      vertex 25.0959 9.08518 5.84744
      vertex 25.0124 9.11506 5.84744
    endloop
  endfacet
  facet normal -0.37715 -0.797455 0.470982
    outer loop
      vertex 25.1761 9.04725 5.84744
      vertex 25.0959 9.08518 5.84744
      vertex 25.0782 9.04244 5.7609
    endloop
  endfacet
  facet normal -0.311309 -0.870025 0.382287
    outer loop
      vertex 25.1103 9.11987 5.93811
      vertex 25.0233 9.151 5.93811
      vertex 25.0124 9.11506 5.84744
    endloop
  endfacet
  facet normal -0.224584 -0.896335 0.38229
    outer loop
      vertex 25.0124 9.11506 5.84744
      vertex 25.0233 9.151 5.93811
      vertex 24.9337 9.17345 5.93811
    endloop
  endfacet
  facet normal -0.764763 0.113779 0.634187
    outer loop
      vertex 25.5378 -8.4067 5.6793
      vertex 25.4874 -8.32263 5.60344
      vertex 25.4767 -8.39455 5.60344
    endloop
  endfacet
  facet normal -0.749978 0.188328 0.634086
    outer loop
      vertex 25.5186 -8.48316 5.6793
      vertex 25.5378 -8.4067 5.6793
      vertex 25.459 -8.46509 5.60344
    endloop
  endfacet
  facet normal -0.555336 -0.0275519 0.83117
    outer loop
      vertex 25.2641 8.25 5.41727
      vertex 25.3457 8.25 5.47179
      vertex 25.2616 8.30039 5.41727
    endloop
  endfacet
  facet normal -0.466665 -0.069191 0.881723
    outer loop
      vertex 25.2616 8.30039 5.41727
      vertex 25.2542 8.3503 5.41727
      vertex 25.1693 8.33341 5.37101
    endloop
  endfacet
  facet normal -0.466803 -0.0697393 0.881607
    outer loop
      vertex 25.1755 8.29191 5.37101
      vertex 25.2616 8.30039 5.41727
      vertex 25.1693 8.33341 5.37101
    endloop
  endfacet
  facet normal -0.281912 -0.0703242 0.95686
    outer loop
      vertex 25.0804 8.31572 5.33346
      vertex 25.0724 8.34779 5.33346
      vertex 24.9825 8.32053 5.30497
    endloop
  endfacet
  facet normal -0.273407 -0.098367 0.956855
    outer loop
      vertex 25.0724 8.34779 5.33346
      vertex 25.0612 8.37892 5.33346
      vertex 24.9825 8.32053 5.30497
    endloop
  endfacet
  facet normal -0.0969921 -0.0142635 0.995183
    outer loop
      vertex 24.7988 8.25481 5.27621
      vertex 24.8939 8.27863 5.28582
      vertex 24.7981 8.25957 5.27621
    endloop
  endfacet
  facet normal -0.281921 -0.0706937 0.95683
    outer loop
      vertex 24.9883 8.2974 5.30497
      vertex 25.0804 8.31572 5.33346
      vertex 24.9825 8.32053 5.30497
    endloop
  endfacet
  facet normal 0 -0.195136 0.980776
    outer loop
      vertex 23.75 8.49298 5.30497
      vertex 24.75 8.39673 5.28582
      vertex 24.75 8.49298 5.30497
    endloop
  endfacet
  facet normal 0 -0.195136 0.980776
    outer loop
      vertex 24.75 8.39673 5.28582
      vertex 23.75 8.49298 5.30497
      vertex 23.75 8.39673 5.28582
    endloop
  endfacet
  facet normal -0.0786571 -0.0585165 0.995183
    outer loop
      vertex 24.872 8.33152 5.28582
      vertex 24.8634 8.34308 5.28582
      vertex 24.7879 8.28113 5.27621
    endloop
  endfacet
  facet normal -0.249113 -0.149833 0.956814
    outer loop
      vertex 24.9643 8.36454 5.30497
      vertex 25.0471 8.40881 5.33346
      vertex 24.952 8.38499 5.30497
    endloop
  endfacet
  facet normal -0.281097 -0.378918 0.881706
    outer loop
      vertex 25.0212 8.5805 5.37101
      vertex 25.0356 8.67746 5.41727
      vertex 24.9875 8.6055 5.37101
    endloop
  endfacet
  facet normal -0.0505566 -0.0840333 0.99518
    outer loop
      vertex 24.8315 8.372 5.28582
      vertex 24.8192 8.3794 5.28582
      vertex 24.7773 8.2908 5.27621
    endloop
  endfacet
  facet normal -0.285706 -0.476911 0.831221
    outer loop
      vertex 25.0356 8.67746 5.41727
      vertex 25.0308 8.77536 5.47179
      vertex 24.9923 8.7034 5.41727
    endloop
  endfacet
  facet normal -0.163901 -0.346258 0.923711
    outer loop
      vertex 24.9515 8.62707 5.37101
      vertex 24.9136 8.64501 5.37101
      vertex 24.9088 8.54711 5.33346
    endloop
  endfacet
  facet normal -0.984371 -0.146209 0.0981711
    outer loop
      vertex 25.7344 8.34696 6.12827
      vertex 25.744 8.3479 6.22593
      vertex 25.7296 8.44485 6.22593
    endloop
  endfacet
  facet normal -0.984523 -0.145597 0.0975505
    outer loop
      vertex 25.7344 8.34696 6.12827
      vertex 25.7296 8.44485 6.22593
      vertex 25.7202 8.44298 6.12827
    endloop
  endfacet
  facet normal -0.881737 0 0.471741
    outer loop
      vertex 25.6077 -8.25 5.7609
      vertex 25.654 8.25 5.84744
      vertex 25.6077 8.25 5.7609
    endloop
  endfacet
  facet normal -0.881737 0 0.471741
    outer loop
      vertex 25.654 8.25 5.84744
      vertex 25.6077 -8.25 5.7609
      vertex 25.654 -8.25 5.84744
    endloop
  endfacet
  facet normal -0.880893 -0.0437415 0.471289
    outer loop
      vertex 25.654 8.25 5.84744
      vertex 25.6496 8.33861 5.84744
      vertex 25.6077 8.25 5.7609
    endloop
  endfacet
  facet normal -0.923113 -0.0458379 0.381788
    outer loop
      vertex 25.654 8.25 5.84744
      vertex 25.6915 8.25 5.93811
      vertex 25.6496 8.33861 5.84744
    endloop
  endfacet
  facet normal -0.772716 -0.0382776 0.633596
    outer loop
      vertex 25.5532 8.25 5.6793
      vertex 25.5493 8.32873 5.6793
      vertex 25.4874 8.32263 5.60344
    endloop
  endfacet
  facet normal -0.633899 -0.0314833 0.772775
    outer loop
      vertex 25.3457 8.25 5.47179
      vertex 25.4216 8.25 5.53405
      vertex 25.3428 8.30839 5.47179
    endloop
  endfacet
  facet normal -0.311309 0.870025 0.382287
    outer loop
      vertex 25.0233 -9.151 5.93811
      vertex 25.1103 -9.11987 5.93811
      vertex 25.0124 -9.11506 5.84744
    endloop
  endfacet
  facet normal -0.621323 0.460673 0.633828
    outer loop
      vertex 25.3709 -8.75955 5.6793
      vertex 25.3661 -8.66165 5.60344
      vertex 25.3228 -8.72005 5.60344
    endloop
  endfacet
  facet normal -0.474881 0.792634 0.382387
    outer loop
      vertex 25.2731 -9.03286 5.93811
      vertex 25.2522 -9.00164 5.84744
      vertex 25.1938 -9.08037 5.93811
    endloop
  endfacet
  facet normal -0.550289 0.742396 0.38214
    outer loop
      vertex 25.3473 -8.97782 5.93811
      vertex 25.3235 -8.94879 5.84744
      vertex 25.2522 -9.00164 5.84744
    endloop
  endfacet
  facet normal -0.896257 0.223934 0.382853
    outer loop
      vertex 25.6735 -8.43369 5.93811
      vertex 25.6366 -8.42636 5.84744
      vertex 25.6151 -8.51241 5.84744
    endloop
  endfacet
  facet normal -0.830309 0.297214 0.471434
    outer loop
      vertex 25.5852 -8.59594 5.84744
      vertex 25.6151 -8.51241 5.84744
      vertex 25.5424 -8.57824 5.7609
    endloop
  endfacet
  facet normal -0.865224 0.40915 0.2898
    outer loop
      vertex 25.6462 -8.62121 6.03202
      vertex 25.6199 -8.61031 5.93811
      vertex 25.5804 -8.69384 5.93811
    endloop
  endfacet
  facet normal -0.768401 0.570451 0.290079
    outer loop
      vertex 25.5566 -8.78892 6.03202
      vertex 25.5329 -8.77309 5.93811
      vertex 25.4778 -8.84731 5.93811
    endloop
  endfacet
  facet normal -0.979525 0.0484913 0.195396
    outer loop
      vertex 25.7344 -8.34696 6.12827
      vertex 25.7392 -8.25 6.12827
      vertex 25.72 -8.25 6.03202
    endloop
  endfacet
  facet normal -0.993998 0.0492078 0.0977102
    outer loop
      vertex 25.7488 -8.25 6.22593
      vertex 25.7392 -8.25 6.12827
      vertex 25.7344 -8.34696 6.12827
    endloop
  endfacet
  facet normal -0.772726 0.0383012 0.633583
    outer loop
      vertex 25.5532 -8.25 5.6793
      vertex 25.491 -8.25 5.60344
      vertex 25.4874 -8.32263 5.60344
    endloop
  endfacet
  facet normal -0.706622 0.0350246 0.706724
    outer loop
      vertex 25.4874 -8.32263 5.60344
      vertex 25.491 -8.25 5.60344
      vertex 25.4216 -8.25 5.53405
    endloop
  endfacet
  facet normal -0.830572 0.0411435 0.555389
    outer loop
      vertex 25.6036 -8.33407 5.7609
      vertex 25.5532 -8.25 5.6793
      vertex 25.5493 -8.32873 5.6793
    endloop
  endfacet
  facet normal -0.807314 0.20168 0.554589
    outer loop
      vertex 25.5708 -8.49899 5.7609
      vertex 25.5912 -8.41733 5.7609
      vertex 25.5378 -8.4067 5.6793
    endloop
  endfacet
  facet normal -0.83158 0 0.555406
    outer loop
      vertex 25.5532 -8.25 5.6793
      vertex 25.6077 8.25 5.7609
      vertex 25.5532 8.25 5.6793
    endloop
  endfacet
  facet normal -0.83158 0 0.555406
    outer loop
      vertex 25.6077 8.25 5.7609
      vertex 25.5532 -8.25 5.6793
      vertex 25.6077 -8.25 5.7609
    endloop
  endfacet
  facet normal -0.923113 0.0458379 0.381788
    outer loop
      vertex 25.6915 -8.25 5.93811
      vertex 25.654 -8.25 5.84744
      vertex 25.6496 -8.33861 5.84744
    endloop
  endfacet
  facet normal -0.523779 -0.18652 0.831183
    outer loop
      vertex 25.32 8.42292 5.47179
      vertex 25.3004 8.47796 5.47179
      vertex 25.225 8.44674 5.41727
    endloop
  endfacet
  facet normal -0.752203 -0.355885 0.554559
    outer loop
      vertex 25.5424 8.57824 5.7609
      vertex 25.5064 8.65433 5.7609
      vertex 25.4584 8.62863 5.6793
    endloop
  endfacet
  facet normal -0.749946 -0.188178 0.634169
    outer loop
      vertex 25.4767 8.39455 5.60344
      vertex 25.5378 8.4067 5.6793
      vertex 25.459 8.46509 5.60344
    endloop
  endfacet
  facet normal -0.764763 -0.113779 0.634187
    outer loop
      vertex 25.4874 8.32263 5.60344
      vertex 25.5378 8.4067 5.6793
      vertex 25.4767 8.39455 5.60344
    endloop
  endfacet
  facet normal -0.707056 0 0.707158
    outer loop
      vertex 25.4216 8.25 5.53405
      vertex 25.491 -8.25 5.60344
      vertex 25.491 8.25 5.60344
    endloop
  endfacet
  facet normal -0.707056 0 0.707158
    outer loop
      vertex 25.491 -8.25 5.60344
      vertex 25.4216 8.25 5.53405
      vertex 25.4216 -8.25 5.53405
    endloop
  endfacet
  facet normal -0.373314 -0.4121 0.83115
    outer loop
      vertex 25.1135 8.61353 5.41727
      vertex 25.1712 8.67122 5.47179
      vertex 25.0761 8.64741 5.41727
    endloop
  endfacet
  facet normal -0.326566 -0.544599 0.772507
    outer loop
      vertex 25.081 8.74531 5.47179
      vertex 25.1231 8.80838 5.53405
      vertex 25.0666 8.84226 5.53405
    endloop
  endfacet
  facet normal -0.544369 -0.326448 0.772719
    outer loop
      vertex 25.3423 8.56657 5.53405
      vertex 25.3084 8.6231 5.53405
      vertex 25.2453 8.58095 5.47179
    endloop
  endfacet
  facet normal -0.446648 -0.330991 0.831234
    outer loop
      vertex 25.2453 8.58095 5.47179
      vertex 25.2105 8.62791 5.47179
      vertex 25.1474 8.57614 5.41727
    endloop
  endfacet
  facet normal -0.474944 -0.524735 0.706457
    outer loop
      vertex 25.2249 8.72486 5.53405
      vertex 25.2739 8.77393 5.60344
      vertex 25.176 8.76912 5.53405
    endloop
  endfacet
  facet normal -0.524735 -0.474981 0.706432
    outer loop
      vertex 25.2691 8.67603 5.53405
      vertex 25.2739 8.77393 5.60344
      vertex 25.2249 8.72486 5.53405
    endloop
  endfacet
  facet normal -0.558384 -0.616475 0.555127
    outer loop
      vertex 25.3565 8.85651 5.7609
      vertex 25.2941 8.91303 5.7609
      vertex 25.2595 8.87089 5.6793
    endloop
  endfacet
  facet normal -0.475339 -0.52372 0.706944
    outer loop
      vertex 25.2739 8.77393 5.60344
      vertex 25.2201 8.82276 5.60344
      vertex 25.176 8.76912 5.53405
    endloop
  endfacet
  facet normal -0.572756 -0.519817 0.63383
    outer loop
      vertex 25.3228 8.72005 5.60344
      vertex 25.3709 8.75955 5.6793
      vertex 25.2739 8.77393 5.60344
    endloop
  endfacet
  facet normal -0.621323 -0.460673 0.633828
    outer loop
      vertex 25.3661 8.66165 5.60344
      vertex 25.3709 8.75955 5.6793
      vertex 25.3228 8.72005 5.60344
    endloop
  endfacet
  facet normal -0.653694 -0.592171 0.471187
    outer loop
      vertex 25.413 8.79414 5.7609
      vertex 25.4488 8.82348 5.84744
      vertex 25.3565 8.85651 5.7609
    endloop
  endfacet
  facet normal -0.663506 -0.397869 0.633609
    outer loop
      vertex 25.4035 8.59928 5.60344
      vertex 25.4178 8.69624 5.6793
      vertex 25.3661 8.66165 5.60344
    endloop
  endfacet
  facet normal -0.684639 -0.620695 0.382108
    outer loop
      vertex 25.4488 8.82348 5.84744
      vertex 25.4778 8.84731 5.93811
      vertex 25.3892 8.88922 5.84744
    endloop
  endfacet
  facet normal -0.742479 -0.550216 0.382084
    outer loop
      vertex 25.5016 8.75223 5.84744
      vertex 25.4778 8.84731 5.93811
      vertex 25.4488 8.82348 5.84744
    endloop
  endfacet
  facet normal -0.667957 -0.737735 0.0978774
    outer loop
      vertex 25.4495 8.94945 6.12827
      vertex 25.4563 8.95625 6.22593
      vertex 25.3775 9.01464 6.12827
    endloop
  endfacet
  facet normal -0.658353 -0.727127 0.194572
    outer loop
      vertex 25.4495 8.94945 6.12827
      vertex 25.3775 9.01464 6.12827
      vertex 25.3654 8.99984 6.03202
    endloop
  endfacet
  facet normal -0.865224 -0.40915 0.2898
    outer loop
      vertex 25.6199 8.61031 5.93811
      vertex 25.6462 8.62121 6.03202
      vertex 25.5804 8.69384 5.93811
    endloop
  endfacet
  facet normal -0.792408 -0.474882 0.382854
    outer loop
      vertex 25.5472 8.67614 5.84744
      vertex 25.5804 8.69384 5.93811
      vertex 25.5016 8.75223 5.84744
    endloop
  endfacet
  facet normal -0.671215 -0.741263 0
    outer loop
      vertex 25.3836 9.02208 6.22593
      vertex 25.4563 8.95625 8.17259
      vertex 25.3836 9.02208 8.17259
    endloop
  endfacet
  facet normal -0.671215 -0.741263 -0
    outer loop
      vertex 25.4563 8.95625 8.17259
      vertex 25.3836 9.02208 6.22593
      vertex 25.4563 8.95625 6.22593
    endloop
  endfacet
  facet normal -0.322415 0.901064 0.290055
    outer loop
      vertex 25.0316 -9.17826 6.03202
      vertex 25.1103 -9.11987 5.93811
      vertex 25.0233 -9.151 5.93811
    endloop
  endfacet
  facet normal -0.0488804 0.994004 0.0978126
    outer loop
      vertex 24.847 -9.23441 6.12827
      vertex 24.75 -9.23918 6.12827
      vertex 24.75 -9.24879 6.22593
    endloop
  endfacet
  facet normal -0.0932219 0.627998 0.772611
    outer loop
      vertex 24.881 -8.90865 5.53405
      vertex 24.8662 -8.83425 5.47179
      vertex 24.8084 -8.84283 5.47179
    endloop
  endfacet
  facet normal -0 0.555546 0.831486
    outer loop
      vertex 23.75 -8.7641 5.41727
      vertex 24.75 -8.8457 5.47179
      vertex 24.75 -8.7641 5.41727
    endloop
  endfacet
  facet normal 0 0.555546 0.831486
    outer loop
      vertex 24.75 -8.8457 5.47179
      vertex 23.75 -8.7641 5.41727
      vertex 23.75 -8.8457 5.47179
    endloop
  endfacet
  facet normal -0 0.471424 0.881907
    outer loop
      vertex 23.75 -8.67756 5.37101
      vertex 24.75 -8.7641 5.41727
      vertex 24.75 -8.67756 5.37101
    endloop
  endfacet
  facet normal 0 0.471424 0.881907
    outer loop
      vertex 24.75 -8.7641 5.41727
      vertex 23.75 -8.67756 5.37101
      vertex 23.75 -8.7641 5.41727
    endloop
  endfacet
  facet normal -0.257232 0.283883 0.923711
    outer loop
      vertex 25.0212 -8.5805 5.37101
      vertex 24.9882 -8.48822 5.33346
      vertex 24.9637 -8.51042 5.33346
    endloop
  endfacet
  facet normal -0.0561971 0.378896 0.923731
    outer loop
      vertex 24.8334 -8.66934 5.37101
      vertex 24.8157 -8.58042 5.33346
      vertex 24.783 -8.58527 5.33346
    endloop
  endfacet
  facet normal -0.0426352 0.287483 0.956836
    outer loop
      vertex 24.8157 -8.58042 5.33346
      vertex 24.7974 -8.48831 5.30497
      vertex 24.7738 -8.49181 5.30497
    endloop
  endfacet
  facet normal -0.0706616 0.281914 0.956834
    outer loop
      vertex 24.8157 -8.58042 5.33346
      vertex 24.8205 -8.48252 5.30497
      vertex 24.7974 -8.48831 5.30497
    endloop
  endfacet
  facet normal -0.787476 0.584774 0.194731
    outer loop
      vertex 25.5725 -8.79956 6.12827
      vertex 25.5566 -8.78892 6.03202
      vertex 25.5146 -8.87753 6.12827
    endloop
  endfacet
  facet normal -0.798948 0.593293 0.0984149
    outer loop
      vertex 25.5221 -8.88363 6.22593
      vertex 25.5725 -8.79956 6.12827
      vertex 25.5146 -8.87753 6.12827
    endloop
  endfacet
  facet normal -0.803159 0.595764 0
    outer loop
      vertex 25.5221 -8.88363 6.22593
      vertex 25.5805 -8.8049 8.17259
      vertex 25.5805 -8.8049 6.22593
    endloop
  endfacet
  facet normal -0.803159 0.595764 0
    outer loop
      vertex 25.5805 -8.8049 8.17259
      vertex 25.5221 -8.88363 6.22593
      vertex 25.5221 -8.88363 8.17259
    endloop
  endfacet
  facet normal -0.727167 0.658211 0.194902
    outer loop
      vertex 25.5146 -8.87753 6.12827
      vertex 25.4998 -8.86538 6.03202
      vertex 25.4495 -8.94945 6.12827
    endloop
  endfacet
  facet normal -0.620726 0.684602 0.382125
    outer loop
      vertex 25.3473 -8.97782 5.93811
      vertex 25.3892 -8.88922 5.84744
      vertex 25.3235 -8.94879 5.84744
    endloop
  endfacet
  facet normal -0.653694 0.592171 0.471187
    outer loop
      vertex 25.4488 -8.82348 5.84744
      vertex 25.413 -8.79414 5.7609
      vertex 25.3565 -8.85651 5.7609
    endloop
  endfacet
  facet normal -0.741779 0.550688 0.382762
    outer loop
      vertex 25.5329 -8.77309 5.93811
      vertex 25.5016 -8.75223 5.84744
      vertex 25.4778 -8.84731 5.93811
    endloop
  endfacet
  facet normal -0.346298 0.163359 0.923792
    outer loop
      vertex 25.145 -8.41362 5.37101
      vertex 25.0612 -8.37892 5.33346
      vertex 25.0471 -8.40881 5.33346
    endloop
  endfacet
  facet normal -0.0930632 0.371558 0.923734
    outer loop
      vertex 24.8334 -8.66934 5.37101
      vertex 24.8478 -8.57238 5.33346
      vertex 24.8157 -8.58042 5.33346
    endloop
  endfacet
  facet normal -0.144882 0.131189 0.980713
    outer loop
      vertex 24.9218 -8.42181 5.30497
      vertex 24.9378 -8.40414 5.30497
      vertex 24.8538 -8.35375 5.28582
    endloop
  endfacet
  facet normal -0.131152 0.144906 0.980715
    outer loop
      vertex 24.9041 -8.43783 5.30497
      vertex 24.9218 -8.42181 5.30497
      vertex 24.8538 -8.35375 5.28582
    endloop
  endfacet
  facet normal -0.193287 0.0284844 0.980729
    outer loop
      vertex 24.9883 -8.2974 5.30497
      vertex 24.896 -8.26438 5.28582
      vertex 24.8939 -8.27863 5.28582
    endloop
  endfacet
  facet normal -0.290128 0.014616 0.956876
    outer loop
      vertex 25.0853 -8.28302 5.33346
      vertex 24.993 -8.25 5.30497
      vertex 24.9918 -8.27382 5.30497
    endloop
  endfacet
  facet normal -0.176637 0.0835668 0.980722
    outer loop
      vertex 24.9643 -8.36454 5.30497
      vertex 24.9745 -8.34298 5.30497
      vertex 24.8856 -8.30615 5.28582
    endloop
  endfacet
  facet normal -0.249113 0.149833 0.956814
    outer loop
      vertex 25.0471 -8.40881 5.33346
      vertex 24.9643 -8.36454 5.30497
      vertex 24.952 -8.38499 5.30497
    endloop
  endfacet
  facet normal -0.26276 0.124311 0.95682
    outer loop
      vertex 25.0471 -8.40881 5.33346
      vertex 24.9745 -8.34298 5.30497
      vertex 24.9643 -8.36454 5.30497
    endloop
  endfacet
  facet normal -0.335238 0.937025 0.0979794
    outer loop
      vertex 25.0399 -9.20579 6.22593
      vertex 25.1285 -9.16388 6.12827
      vertex 25.0371 -9.19658 6.12827
    endloop
  endfacet
  facet normal -0.419177 0.886759 0.194805
    outer loop
      vertex 25.2163 -9.12238 6.12827
      vertex 25.2073 -9.10549 6.03202
      vertex 25.1212 -9.14619 6.03202
    endloop
  endfacet
  facet normal -0.195109 -0.00949765 0.980736
    outer loop
      vertex 24.8967 8.25 5.28582
      vertex 24.9918 8.27382 5.30497
      vertex 24.896 8.26438 5.28582
    endloop
  endfacet
  facet normal -0.0188087 -0.382566 0.923737
    outer loop
      vertex 24.783 8.58527 5.33346
      vertex 24.7919 8.6755 5.37101
      vertex 24.75 8.67756 5.37101
    endloop
  endfacet
  facet normal -0.135115 -0.539357 0.831167
    outer loop
      vertex 24.8992 8.74197 5.41727
      vertex 24.9229 8.82005 5.47179
      vertex 24.8503 8.75422 5.41727
    endloop
  endfacet
  facet normal -0.0347957 0.706654 0.706703
    outer loop
      vertex 24.8226 -8.98738 5.60344
      vertex 24.8158 -8.91832 5.53405
      vertex 24.75 -8.92156 5.53405
    endloop
  endfacet
  facet normal -0.355909 0.751951 0.554886
    outer loop
      vertex 25.0782 -9.04244 5.7609
      vertex 25.1286 -8.95837 5.6793
      vertex 25.0574 -8.99207 5.6793
    endloop
  endfacet
  facet normal -0.0951533 -0.0238565 0.995177
    outer loop
      vertex 24.8939 8.27863 5.28582
      vertex 24.8904 8.29259 5.28582
      vertex 24.797 8.26424 5.27621
    endloop
  endfacet
  facet normal -0.0423388 0.0883772 0.995187
    outer loop
      vertex 24.8192 -8.3794 5.28582
      vertex 24.7731 -8.29327 5.27621
      vertex 24.7688 -8.29533 5.27621
    endloop
  endfacet
  facet normal -0.0884752 -0.042131 0.995187
    outer loop
      vertex 24.8856 8.30615 5.28582
      vertex 24.8794 8.31917 5.28582
      vertex 24.7953 8.26878 5.27621
    endloop
  endfacet
  facet normal -0.0143471 -0.0969945 0.995182
    outer loop
      vertex 24.7596 8.29812 5.27621
      vertex 24.7786 8.39391 5.28582
      vertex 24.7548 8.29883 5.27621
    endloop
  endfacet
  facet normal -0.0496675 -0.0844548 0.995189
    outer loop
      vertex 24.7773 8.2908 5.27621
      vertex 24.8192 8.3794 5.28582
      vertex 24.7731 8.29327 5.27621
    endloop
  endfacet
  facet normal -0.0917013 -0.0343375 0.995194
    outer loop
      vertex 24.797 8.26424 5.27621
      vertex 24.8856 8.30615 5.28582
      vertex 24.7953 8.26878 5.27621
    endloop
  endfacet
  facet normal -0.620726 -0.684602 0.382125
    outer loop
      vertex 25.3892 8.88922 5.84744
      vertex 25.3473 8.97782 5.93811
      vertex 25.3235 8.94879 5.84744
    endloop
  endfacet
  facet normal -0.592557 -0.653534 0.470924
    outer loop
      vertex 25.3565 8.85651 5.7609
      vertex 25.3892 8.88922 5.84744
      vertex 25.3235 8.94879 5.84744
    endloop
  endfacet
  facet normal -0.68484 -0.620217 0.382525
    outer loop
      vertex 25.4778 8.84731 5.93811
      vertex 25.4158 8.91577 5.93811
      vertex 25.3892 8.88922 5.84744
    endloop
  endfacet
  facet normal -0.620301 -0.68478 0.382496
    outer loop
      vertex 25.3892 8.88922 5.84744
      vertex 25.4158 8.91577 5.93811
      vertex 25.3473 8.97782 5.93811
    endloop
  endfacet
  facet normal -0.518774 -0.573258 0.634231
    outer loop
      vertex 25.2739 8.77393 5.60344
      vertex 25.318 8.81795 5.6793
      vertex 25.2595 8.87089 5.6793
    endloop
  endfacet
  facet normal -0.519984 -0.572909 0.633555
    outer loop
      vertex 25.2739 8.77393 5.60344
      vertex 25.2595 8.87089 5.6793
      vertex 25.2201 8.82276 5.60344
    endloop
  endfacet
  facet normal -0.34957 0.316941 0.881674
    outer loop
      vertex 25.1135 -8.61353 5.41727
      vertex 25.1474 -8.57614 5.41727
      vertex 25.0805 -8.52124 5.37101
    endloop
  endfacet
  facet normal -0.163901 0.346258 0.923711
    outer loop
      vertex 24.9136 -8.64501 5.37101
      vertex 24.9515 -8.62707 5.37101
      vertex 24.9088 -8.54711 5.33346
    endloop
  endfacet
  facet normal -0.471464 0.0233908 0.881575
    outer loop
      vertex 25.2616 -8.30039 5.41727
      vertex 25.2641 -8.25 5.41727
      vertex 25.1776 -8.25 5.37101
    endloop
  endfacet
  facet normal -0.555336 0.0275519 0.83117
    outer loop
      vertex 25.3457 -8.25 5.47179
      vertex 25.2641 -8.25 5.41727
      vertex 25.2616 -8.30039 5.41727
    endloop
  endfacet
  facet normal -0.78331 0.280707 0.554643
    outer loop
      vertex 25.5424 -8.57824 5.7609
      vertex 25.5708 -8.49899 5.7609
      vertex 25.4921 -8.55737 5.6793
    endloop
  endfacet
  facet normal -0.606782 0.363855 0.7067
    outer loop
      vertex 25.3661 -8.66165 5.60344
      vertex 25.4035 -8.59928 5.60344
      vertex 25.3084 -8.6231 5.53405
    endloop
  endfacet
  facet normal -0.0969849 -0.0142925 0.995183
    outer loop
      vertex 24.896 8.26438 5.28582
      vertex 24.8939 8.27863 5.28582
      vertex 24.7988 8.25481 5.27621
    endloop
  endfacet
  facet normal -0.193287 -0.0284844 0.980729
    outer loop
      vertex 24.896 8.26438 5.28582
      vertex 24.9883 8.2974 5.30497
      vertex 24.8939 8.27863 5.28582
    endloop
  endfacet
  facet normal -0.19693 -0.328674 0.923684
    outer loop
      vertex 24.9875 8.6055 5.37101
      vertex 24.9515 8.62707 5.37101
      vertex 24.9372 8.53011 5.33346
    endloop
  endfacet
  facet normal 0 -0.0979296 0.995193
    outer loop
      vertex 23.75 8.39673 5.28582
      vertex 24.75 8.29907 5.27621
      vertex 24.75 8.39673 5.28582
    endloop
  endfacet
  facet normal 0 -0.0979296 0.995193
    outer loop
      vertex 24.75 8.29907 5.27621
      vertex 23.75 8.39673 5.28582
      vertex 23.75 8.29907 5.27621
    endloop
  endfacet
  facet normal -0.163645 -0.346284 0.923747
    outer loop
      vertex 24.9088 8.54711 5.33346
      vertex 24.9136 8.64501 5.37101
      vertex 24.8789 8.56124 5.33346
    endloop
  endfacet
  facet normal -0.176637 -0.0835668 0.980722
    outer loop
      vertex 24.9745 8.34298 5.30497
      vertex 24.9643 8.36454 5.30497
      vertex 24.8856 8.30615 5.28582
    endloop
  endfacet
  facet normal -0.249232 -0.149399 0.956851
    outer loop
      vertex 25.0471 8.40881 5.33346
      vertex 25.0301 8.43717 5.33346
      vertex 24.952 8.38499 5.30497
    endloop
  endfacet
  facet normal -0.0505566 0.0840333 0.99518
    outer loop
      vertex 24.8192 -8.3794 5.28582
      vertex 24.8315 -8.372 5.28582
      vertex 24.7773 -8.2908 5.27621
    endloop
  endfacet
  facet normal -0.065478 -0.0729785 0.995182
    outer loop
      vertex 24.7847 8.2847 5.27621
      vertex 24.8538 8.35375 5.28582
      vertex 24.7811 8.28793 5.27621
    endloop
  endfacet
  facet normal -0.0784809 -0.05881 0.995179
    outer loop
      vertex 24.7908 8.27726 5.27621
      vertex 24.872 8.33152 5.28582
      vertex 24.7879 8.28113 5.27621
    endloop
  endfacet
  facet normal -0.34957 -0.316941 0.881674
    outer loop
      vertex 25.1474 8.57614 5.41727
      vertex 25.1135 8.61353 5.41727
      vertex 25.0805 8.52124 5.37101
    endloop
  endfacet
  facet normal -0.26276 -0.124311 0.95682
    outer loop
      vertex 24.9745 8.34298 5.30497
      vertex 25.0471 8.40881 5.33346
      vertex 24.9643 8.36454 5.30497
    endloop
  endfacet
  facet normal -0.0730089 -0.0654422 0.995182
    outer loop
      vertex 24.7879 8.28113 5.27621
      vertex 24.8538 8.35375 5.28582
      vertex 24.7847 8.2847 5.27621
    endloop
  endfacet
  facet normal -0.00482842 -0.0979285 0.995182
    outer loop
      vertex 24.7644 8.39602 5.28582
      vertex 24.75 8.39673 5.28582
      vertex 24.75 8.29907 5.27621
    endloop
  endfacet
  facet normal -0.349472 -0.316987 0.881696
    outer loop
      vertex 25.0805 8.52124 5.37101
      vertex 25.1135 8.61353 5.41727
      vertex 25.0523 8.55233 5.37101
    endloop
  endfacet
  facet normal -0.283807 -0.257164 0.923753
    outer loop
      vertex 25.0104 8.46372 5.33346
      vertex 25.0805 8.52124 5.37101
      vertex 24.9882 8.48822 5.33346
    endloop
  endfacet
  facet normal -0.242474 -0.404746 0.881695
    outer loop
      vertex 25.0356 8.67746 5.41727
      vertex 24.9923 8.7034 5.41727
      vertex 24.9515 8.62707 5.37101
    endloop
  endfacet
  facet normal -0.237729 -0.50257 0.831209
    outer loop
      vertex 24.9923 8.7034 5.41727
      vertex 25.0308 8.77536 5.47179
      vertex 24.9467 8.72497 5.41727
    endloop
  endfacet
  facet normal -0.970266 0.144262 0.194351
    outer loop
      vertex 25.7344 -8.34696 6.12827
      vertex 25.7154 -8.34508 6.03202
      vertex 25.7014 -8.43924 6.03202
    endloop
  endfacet
  facet normal -0.914037 0.135005 0.382506
    outer loop
      vertex 25.6735 -8.43369 5.93811
      vertex 25.687 -8.34229 5.93811
      vertex 25.6496 -8.33861 5.84744
    endloop
  endfacet
  facet normal -0.872676 0.129969 0.470686
    outer loop
      vertex 25.6496 -8.33861 5.84744
      vertex 25.6036 -8.33407 5.7609
      vertex 25.5912 -8.41733 5.7609
    endloop
  endfacet
  facet normal -0.830326 0.297555 0.471189
    outer loop
      vertex 25.6151 -8.51241 5.84744
      vertex 25.5708 -8.49899 5.7609
      vertex 25.5424 -8.57824 5.7609
    endloop
  endfacet
  facet normal -0.280447 0.783195 0.554937
    outer loop
      vertex 25.0782 -9.04244 5.7609
      vertex 25.0574 -8.99207 5.6793
      vertex 24.999 -9.0708 5.7609
    endloop
  endfacet
  facet normal -0.271618 0.573887 0.772578
    outer loop
      vertex 25.007 -8.87044 5.53405
      vertex 25.0308 -8.77536 5.47179
      vertex 24.978 -8.80035 5.47179
    endloop
  endfacet
  facet normal -0.525441 0.708412 0.471236
    outer loop
      vertex 25.3235 -8.94879 5.84744
      vertex 25.2941 -8.91303 5.7609
      vertex 25.2265 -8.96317 5.7609
    endloop
  endfacet
  facet normal -0.395057 0.835316 0.382331
    outer loop
      vertex 25.1103 -9.11987 5.93811
      vertex 25.1761 -9.04725 5.84744
      vertex 25.0959 -9.08518 5.84744
    endloop
  endfacet
  facet normal -0.584597 0.787482 0.19524
    outer loop
      vertex 25.2996 -9.07247 6.12827
      vertex 25.3775 -9.01464 6.12827
      vertex 25.2889 -9.05655 6.03202
    endloop
  endfacet
  facet normal -0.504079 0.841311 0.195193
    outer loop
      vertex 25.2996 -9.07247 6.12827
      vertex 25.2889 -9.05655 6.03202
      vertex 25.2163 -9.12238 6.12827
    endloop
  endfacet
  facet normal -0.668162 0.494974 0.555482
    outer loop
      vertex 25.4632 -8.72653 5.7609
      vertex 25.4178 -8.69624 5.6793
      vertex 25.3709 -8.75955 5.6793
    endloop
  endfacet
  facet normal -0.855728 0.213775 0.4712
    outer loop
      vertex 25.6151 -8.51241 5.84744
      vertex 25.5912 -8.41733 5.7609
      vertex 25.5708 -8.49899 5.7609
    endloop
  endfacet
  facet normal -0.841355 0.504187 0.194723
    outer loop
      vertex 25.5725 -8.79956 6.12827
      vertex 25.6224 -8.71629 6.12827
      vertex 25.5566 -8.78892 6.03202
    endloop
  endfacet
  facet normal -0.742479 0.550216 0.382084
    outer loop
      vertex 25.4778 -8.84731 5.93811
      vertex 25.5016 -8.75223 5.84744
      vertex 25.4488 -8.82348 5.84744
    endloop
  endfacet
  facet normal -0.970234 0.143484 0.195086
    outer loop
      vertex 25.7202 -8.44298 6.12827
      vertex 25.7344 -8.34696 6.12827
      vertex 25.7014 -8.43924 6.03202
    endloop
  endfacet
  facet normal -0.965415 0.241658 0.0978502
    outer loop
      vertex 25.7058 -8.53993 6.22593
      vertex 25.7296 -8.44485 6.22593
      vertex 25.6966 -8.53714 6.12827
    endloop
  endfacet
  facet normal -0.841446 0.50394 0.194971
    outer loop
      vertex 25.6224 -8.71629 6.12827
      vertex 25.6055 -8.70727 6.03202
      vertex 25.5566 -8.78892 6.03202
    endloop
  endfacet
  facet normal -0.865218 0.409184 0.28977
    outer loop
      vertex 25.6055 -8.70727 6.03202
      vertex 25.6462 -8.62121 6.03202
      vertex 25.5804 -8.69384 5.93811
    endloop
  endfacet
  facet normal -0.880893 0.0437415 0.471289
    outer loop
      vertex 25.6496 -8.33861 5.84744
      vertex 25.654 -8.25 5.84744
      vertex 25.6077 -8.25 5.7609
    endloop
  endfacet
  facet normal -0.881255 0.0429778 0.470682
    outer loop
      vertex 25.6496 -8.33861 5.84744
      vertex 25.6077 -8.25 5.7609
      vertex 25.6036 -8.33407 5.7609
    endloop
  endfacet
  facet normal -0.666177 -0.238342 0.706683
    outer loop
      vertex 25.3926 8.44494 5.53405
      vertex 25.459 8.46509 5.60344
      vertex 25.3704 8.50699 5.53405
    endloop
  endfacet
  facet normal -0.615595 -0.15503 0.772663
    outer loop
      vertex 25.4087 8.38101 5.53405
      vertex 25.3926 8.44494 5.53405
      vertex 25.32 8.42292 5.47179
    endloop
  endfacet
  facet normal -0.283728 -0.257353 0.923725
    outer loop
      vertex 25.0805 8.52124 5.37101
      vertex 25.0523 8.55233 5.37101
      vertex 24.9882 8.48822 5.33346
    endloop
  endfacet
  facet normal -0.444246 -0.158539 0.881766
    outer loop
      vertex 25.1591 8.37411 5.37101
      vertex 25.225 8.44674 5.41727
      vertex 25.145 8.41362 5.37101
    endloop
  endfacet
  facet normal -0.82324 -0.121422 0.554556
    outer loop
      vertex 25.5493 8.32873 5.6793
      vertex 25.5912 8.41733 5.7609
      vertex 25.5378 8.4067 5.6793
    endloop
  endfacet
  facet normal -0.765376 -0.112887 0.633606
    outer loop
      vertex 25.5493 8.32873 5.6793
      vertex 25.5378 8.4067 5.6793
      vertex 25.4874 8.32263 5.60344
    endloop
  endfacet
  facet normal -0.628055 -0.0924886 0.772653
    outer loop
      vertex 25.4183 8.31582 5.53405
      vertex 25.4087 8.38101 5.53405
      vertex 25.3428 8.30839 5.47179
    endloop
  endfacet
  facet normal -0.706401 -0.0354167 0.706925
    outer loop
      vertex 25.4216 8.25 5.53405
      vertex 25.4874 8.32263 5.60344
      vertex 25.4183 8.31582 5.53405
    endloop
  endfacet
  facet normal -0.28114 -0.378908 0.881697
    outer loop
      vertex 25.0761 8.64741 5.41727
      vertex 25.0356 8.67746 5.41727
      vertex 25.0212 8.5805 5.37101
    endloop
  endfacet
  facet normal -0.285495 -0.476933 0.83128
    outer loop
      vertex 25.0356 8.67746 5.41727
      vertex 25.081 8.74531 5.47179
      vertex 25.0308 8.77536 5.47179
    endloop
  endfacet
  facet normal -0.331196 -0.446371 0.831302
    outer loop
      vertex 25.0761 8.64741 5.41727
      vertex 25.081 8.74531 5.47179
      vertex 25.0356 8.67746 5.41727
    endloop
  endfacet
  facet normal -0.331454 -0.446317 0.831228
    outer loop
      vertex 25.1279 8.71048 5.47179
      vertex 25.081 8.74531 5.47179
      vertex 25.0761 8.64741 5.41727
    endloop
  endfacet
  facet normal -0.502582 -0.23774 0.831198
    outer loop
      vertex 25.3004 8.47796 5.47179
      vertex 25.2754 8.53081 5.47179
      vertex 25.225 8.44674 5.41727
    endloop
  endfacet
  facet normal -0.60678 -0.363875 0.706691
    outer loop
      vertex 25.3423 8.56657 5.53405
      vertex 25.4035 8.59928 5.60344
      vertex 25.3084 8.6231 5.53405
    endloop
  endfacet
  facet normal -0.4117 -0.373581 0.831228
    outer loop
      vertex 25.2105 8.62791 5.47179
      vertex 25.1712 8.67122 5.47179
      vertex 25.1474 8.57614 5.41727
    endloop
  endfacet
  facet normal -0.470291 -0.426747 0.772472
    outer loop
      vertex 25.2105 8.62791 5.47179
      vertex 25.2691 8.67603 5.53405
      vertex 25.1712 8.67122 5.47179
    endloop
  endfacet
  facet normal -0.606782 -0.363855 0.7067
    outer loop
      vertex 25.4035 8.59928 5.60344
      vertex 25.3661 8.66165 5.60344
      vertex 25.3084 8.6231 5.53405
    endloop
  endfacet
  facet normal -0.667957 -0.495954 0.554854
    outer loop
      vertex 25.4632 8.72653 5.7609
      vertex 25.413 8.79414 5.7609
      vertex 25.3709 8.75955 5.6793
    endloop
  endfacet
  facet normal -0.901045 -0.322699 0.289798
    outer loop
      vertex 25.6783 8.53158 6.03202
      vertex 25.6462 8.62121 6.03202
      vertex 25.6199 8.61031 5.93811
    endloop
  endfacet
  facet normal -0.901085 -0.322149 0.290284
    outer loop
      vertex 25.651 8.52332 5.93811
      vertex 25.6783 8.53158 6.03202
      vertex 25.6199 8.61031 5.93811
    endloop
  endfacet
  facet normal -0.129525 0.872593 0.470962
    outer loop
      vertex 24.8386 -9.14964 5.84744
      vertex 24.9173 -9.09125 5.7609
      vertex 24.8341 -9.1036 5.7609
    endloop
  endfacet
  facet normal -0.13555 0.914079 0.382211
    outer loop
      vertex 24.9337 -9.17345 5.93811
      vertex 24.9264 -9.13662 5.84744
      vertex 24.8386 -9.14964 5.84744
    endloop
  endfacet
  facet normal -0.241943 0.965331 0.097974
    outer loop
      vertex 25.0399 -9.20579 6.22593
      vertex 25.0371 -9.19658 6.12827
      vertex 24.9449 -9.2296 6.22593
    endloop
  endfacet
  facet normal -0.129393 0.87256 0.47106
    outer loop
      vertex 24.9264 -9.13662 5.84744
      vertex 24.9173 -9.09125 5.7609
      vertex 24.8386 -9.14964 5.84744
    endloop
  endfacet
  facet normal -0.214496 0.855595 0.471115
    outer loop
      vertex 24.9264 -9.13662 5.84744
      vertex 25.0124 -9.11506 5.84744
      vertex 24.9173 -9.09125 5.7609
    endloop
  endfacet
  facet normal -0.0379838 0.772436 0.633955
    outer loop
      vertex 24.8287 -9.04934 5.6793
      vertex 24.8226 -8.98738 5.60344
      vertex 24.75 -9.05321 5.6793
    endloop
  endfacet
  facet normal -0.081646 0.550016 0.831153
    outer loop
      vertex 24.8084 -8.84283 5.47179
      vertex 24.8662 -8.83425 5.47179
      vertex 24.8004 -8.76163 5.41727
    endloop
  endfacet
  facet normal -0.297413 0.830575 0.470841
    outer loop
      vertex 25.0124 -9.11506 5.84744
      vertex 25.0782 -9.04244 5.7609
      vertex 24.999 -9.0708 5.7609
    endloop
  endfacet
  facet normal -0.187162 0.523484 0.831225
    outer loop
      vertex 24.978 -8.80035 5.47179
      vertex 24.9467 -8.72497 5.41727
      vertex 24.9229 -8.82005 5.47179
    endloop
  endfacet
  facet normal -0.103798 0.699857 0.706701
    outer loop
      vertex 24.8226 -8.98738 5.60344
      vertex 24.881 -8.90865 5.53405
      vertex 24.8158 -8.91832 5.53405
    endloop
  endfacet
  facet normal -0.0836886 0.176576 0.980723
    outer loop
      vertex 24.843 -8.47448 5.30497
      vertex 24.8645 -8.46429 5.30497
      vertex 24.8062 -8.38556 5.28582
    endloop
  endfacet
  facet normal -0.154306 0.615875 0.772585
    outer loop
      vertex 24.9449 -8.89264 5.53405
      vertex 24.9229 -8.82005 5.47179
      vertex 24.881 -8.90865 5.53405
    endloop
  endfacet
  facet normal -0.0706099 0.281913 0.956838
    outer loop
      vertex 24.8478 -8.57238 5.33346
      vertex 24.8205 -8.48252 5.30497
      vertex 24.8157 -8.58042 5.33346
    endloop
  endfacet
  facet normal -0.0142501 0.290281 0.956835
    outer loop
      vertex 24.783 -8.58527 5.33346
      vertex 24.75 -8.49298 5.30497
      vertex 24.75 -8.58689 5.33346
    endloop
  endfacet
  facet normal -0.0142698 0.290274 0.956837
    outer loop
      vertex 24.783 -8.58527 5.33346
      vertex 24.7738 -8.49181 5.30497
      vertex 24.75 -8.49298 5.30497
    endloop
  endfacet
  facet normal -0.658812 0.726517 0.195292
    outer loop
      vertex 25.4495 -8.94945 6.12827
      vertex 25.4359 -8.93591 6.03202
      vertex 25.3654 -8.99984 6.03202
    endloop
  endfacet
  facet normal -0.642853 0.708918 0.290129
    outer loop
      vertex 25.3654 -8.99984 6.03202
      vertex 25.4359 -8.93591 6.03202
      vertex 25.3473 -8.97782 5.93811
    endloop
  endfacet
  facet normal -0.616567 0.558538 0.554869
    outer loop
      vertex 25.413 -8.79414 5.7609
      vertex 25.3709 -8.75955 5.6793
      vertex 25.3565 -8.85651 5.7609
    endloop
  endfacet
  facet normal -0.792408 0.474882 0.382854
    outer loop
      vertex 25.5804 -8.69384 5.93811
      vertex 25.5472 -8.67614 5.84744
      vertex 25.5016 -8.75223 5.84744
    endloop
  endfacet
  facet normal -0.620301 0.68478 0.382496
    outer loop
      vertex 25.4158 -8.91577 5.93811
      vertex 25.3892 -8.88922 5.84744
      vertex 25.3473 -8.97782 5.93811
    endloop
  endfacet
  facet normal -0.68484 0.620217 0.382525
    outer loop
      vertex 25.4158 -8.91577 5.93811
      vertex 25.4778 -8.84731 5.93811
      vertex 25.3892 -8.88922 5.84744
    endloop
  endfacet
  facet normal -0.592099 0.653698 0.471273
    outer loop
      vertex 25.3235 -8.94879 5.84744
      vertex 25.3565 -8.85651 5.7609
      vertex 25.2941 -8.91303 5.7609
    endloop
  endfacet
  facet normal -0.663051 0.398164 0.6339
    outer loop
      vertex 25.4178 -8.69624 5.6793
      vertex 25.4584 -8.62863 5.6793
      vertex 25.4035 -8.59928 5.60344
    endloop
  endfacet
  facet normal -0.899668 0.425416 0.0980807
    outer loop
      vertex 25.6309 -8.72083 6.22593
      vertex 25.6728 -8.63222 6.22593
      vertex 25.6224 -8.71629 6.12827
    endloop
  endfacet
  facet normal -0.886649 0.419327 0.194985
    outer loop
      vertex 25.6639 -8.62854 6.12827
      vertex 25.6462 -8.62121 6.03202
      vertex 25.6224 -8.71629 6.12827
    endloop
  endfacet
  facet normal -0.0692762 0.466715 0.88169
    outer loop
      vertex 24.8004 -8.76163 5.41727
      vertex 24.8334 -8.66934 5.37101
      vertex 24.7919 -8.6755 5.37101
    endloop
  endfacet
  facet normal -0.129023 0.360679 0.923723
    outer loop
      vertex 24.8741 -8.65914 5.37101
      vertex 24.9136 -8.64501 5.37101
      vertex 24.8478 -8.57238 5.33346
    endloop
  endfacet
  facet normal -0.0728733 0.0655655 0.995184
    outer loop
      vertex 24.8538 -8.35375 5.28582
      vertex 24.8634 -8.34308 5.28582
      vertex 24.7879 -8.28113 5.27621
    endloop
  endfacet
  facet normal -0.189506 0.0475122 0.980729
    outer loop
      vertex 24.9825 -8.32053 5.30497
      vertex 24.8939 -8.27863 5.28582
      vertex 24.8904 -8.29259 5.28582
    endloop
  endfacet
  facet normal -0.184146 0.0651843 0.980735
    outer loop
      vertex 24.9825 -8.32053 5.30497
      vertex 24.8904 -8.29259 5.28582
      vertex 24.8856 -8.30615 5.28582
    endloop
  endfacet
  facet normal -0.195109 0.00949765 0.980736
    outer loop
      vertex 24.9918 -8.27382 5.30497
      vertex 24.8967 -8.25 5.28582
      vertex 24.896 -8.26438 5.28582
    endloop
  endfacet
  facet normal -0.195029 0.00982516 0.980748
    outer loop
      vertex 24.9918 -8.27382 5.30497
      vertex 24.993 -8.25 5.30497
      vertex 24.8967 -8.25 5.28582
    endloop
  endfacet
  facet normal -0.549692 0.081501 0.831382
    outer loop
      vertex 25.3343 -8.36621 5.47179
      vertex 25.2616 -8.30039 5.41727
      vertex 25.2542 -8.3503 5.41727
    endloop
  endfacet
  facet normal -0.262981 0.124056 0.956792
    outer loop
      vertex 25.0471 -8.40881 5.33346
      vertex 25.0612 -8.37892 5.33346
      vertex 24.9745 -8.34298 5.30497
    endloop
  endfacet
  facet normal -0.427599 0.903968 0
    outer loop
      vertex 25.2208 -9.13086 6.22593
      vertex 25.1322 -9.17277 8.17259
      vertex 25.2208 -9.13086 8.17259
    endloop
  endfacet
  facet normal -0.427599 0.903968 0
    outer loop
      vertex 25.1322 -9.17277 8.17259
      vertex 25.2208 -9.13086 6.22593
      vertex 25.1322 -9.17277 6.22593
    endloop
  endfacet
  facet normal -0.243112 0.969998 0
    outer loop
      vertex 25.0399 -9.20579 6.22593
      vertex 24.9449 -9.2296 8.17259
      vertex 25.0399 -9.20579 8.17259
    endloop
  endfacet
  facet normal -0.243112 0.969998 0
    outer loop
      vertex 24.9449 -9.2296 8.17259
      vertex 25.0399 -9.20579 6.22593
      vertex 24.9449 -9.2296 6.22593
    endloop
  endfacet
  facet normal -0.330406 0.923519 0.194795
    outer loop
      vertex 25.1285 -9.16388 6.12827
      vertex 25.1212 -9.14619 6.03202
      vertex 25.0371 -9.19658 6.12827
    endloop
  endfacet
  facet normal -0.41915 0.886779 0.194773
    outer loop
      vertex 25.1285 -9.16388 6.12827
      vertex 25.2163 -9.12238 6.12827
      vertex 25.1212 -9.14619 6.03202
    endloop
  endfacet
  facet normal -0.100691 -0.167365 0.98074
    outer loop
      vertex 24.8315 8.372 5.28582
      vertex 24.885 8.45203 5.30497
      vertex 24.8192 8.3794 5.28582
    endloop
  endfacet
  facet normal -0.131152 -0.144906 0.980715
    outer loop
      vertex 24.9218 8.42181 5.30497
      vertex 24.9041 8.43783 5.30497
      vertex 24.8538 8.35375 5.28582
    endloop
  endfacet
  facet normal -0.285495 0.476933 0.83128
    outer loop
      vertex 25.081 -8.74531 5.47179
      vertex 25.0356 -8.67746 5.41727
      vertex 25.0308 -8.77536 5.47179
    endloop
  endfacet
  facet normal -0.228468 0.307487 0.923718
    outer loop
      vertex 25.0212 -8.5805 5.37101
      vertex 24.9637 -8.51042 5.33346
      vertex 24.9372 -8.53011 5.33346
    endloop
  endfacet
  facet normal -0.201887 0.426506 0.881666
    outer loop
      vertex 24.9467 -8.72497 5.41727
      vertex 24.9515 -8.62707 5.37101
      vertex 24.9136 -8.64501 5.37101
    endloop
  endfacet
  facet normal -0.328424 0.196869 0.923786
    outer loop
      vertex 25.1271 -8.45155 5.37101
      vertex 25.0471 -8.40881 5.33346
      vertex 25.0301 -8.43717 5.33346
    endloop
  endfacet
  facet normal -0.509863 0.378568 0.772481
    outer loop
      vertex 25.2691 -8.67603 5.53405
      vertex 25.3084 -8.6231 5.53405
      vertex 25.2105 -8.62791 5.47179
    endloop
  endfacet
  facet normal -0.558224 0.616851 0.55487
    outer loop
      vertex 25.3565 -8.85651 5.7609
      vertex 25.318 -8.81795 5.6793
      vertex 25.2595 -8.87089 5.6793
    endloop
  endfacet
  facet normal -0.544369 0.326448 0.772719
    outer loop
      vertex 25.3084 -8.6231 5.53405
      vertex 25.3423 -8.56657 5.53405
      vertex 25.2453 -8.58095 5.47179
    endloop
  endfacet
  facet normal -0.539911 0.134592 0.830892
    outer loop
      vertex 25.32 -8.42292 5.47179
      vertex 25.2542 -8.3503 5.41727
      vertex 25.242 -8.39924 5.41727
    endloop
  endfacet
  facet normal -0.752205 0.35573 0.554657
    outer loop
      vertex 25.5424 -8.57824 5.7609
      vertex 25.4921 -8.55737 5.6793
      vertex 25.4584 -8.62863 5.6793
    endloop
  endfacet
  facet normal -0.4117 0.373581 0.831228
    outer loop
      vertex 25.1712 -8.67122 5.47179
      vertex 25.2105 -8.62791 5.47179
      vertex 25.1474 -8.57614 5.41727
    endloop
  endfacet
  facet normal -0.287496 -0.0426732 0.956831
    outer loop
      vertex 24.9918 8.27382 5.30497
      vertex 25.0804 8.31572 5.33346
      vertex 24.9883 8.2974 5.30497
    endloop
  endfacet
  facet normal -0.193219 -0.0286796 0.980736
    outer loop
      vertex 24.9918 8.27382 5.30497
      vertex 24.9883 8.2974 5.30497
      vertex 24.896 8.26438 5.28582
    endloop
  endfacet
  facet normal -0.0979881 -0.00476994 0.995176
    outer loop
      vertex 24.8967 8.25 5.28582
      vertex 24.896 8.26438 5.28582
      vertex 24.7991 8.25 5.27621
    endloop
  endfacet
  facet normal -0.0977921 -0.0060993 0.995188
    outer loop
      vertex 24.7991 8.25 5.27621
      vertex 24.896 8.26438 5.28582
      vertex 24.7988 8.25481 5.27621
    endloop
  endfacet
  facet normal -0.0692762 -0.466715 0.88169
    outer loop
      vertex 24.8334 8.66934 5.37101
      vertex 24.8004 8.76163 5.41727
      vertex 24.7919 8.6755 5.37101
    endloop
  endfacet
  facet normal -0.114653 -0.457677 0.881695
    outer loop
      vertex 24.8741 8.65914 5.37101
      vertex 24.8992 8.74197 5.41727
      vertex 24.8503 8.75422 5.41727
    endloop
  endfacet
  facet normal -0.257232 -0.283883 0.923711
    outer loop
      vertex 24.9882 8.48822 5.33346
      vertex 25.0212 8.5805 5.37101
      vertex 24.9637 8.51042 5.33346
    endloop
  endfacet
  facet normal -0.19503 -0.215483 0.956834
    outer loop
      vertex 24.9218 8.42181 5.30497
      vertex 24.9882 8.48822 5.33346
      vertex 24.9041 8.43783 5.30497
    endloop
  endfacet
  facet normal -0.0474962 -0.189493 0.980733
    outer loop
      vertex 24.8205 8.48252 5.30497
      vertex 24.7974 8.48831 5.30497
      vertex 24.7786 8.39391 5.28582
    endloop
  endfacet
  facet normal -0.184146 -0.0651843 0.980735
    outer loop
      vertex 24.8904 8.29259 5.28582
      vertex 24.9825 8.32053 5.30497
      vertex 24.8856 8.30615 5.28582
    endloop
  endfacet
  facet normal -0.189506 -0.0475122 0.980729
    outer loop
      vertex 24.8939 8.27863 5.28582
      vertex 24.9825 8.32053 5.30497
      vertex 24.8904 8.29259 5.28582
    endloop
  endfacet
  facet normal -0.0839143 -0.0507956 0.995177
    outer loop
      vertex 24.7933 8.27313 5.27621
      vertex 24.8794 8.31917 5.28582
      vertex 24.7908 8.27726 5.27621
    endloop
  endfacet
  facet normal -0.0841045 -0.0503946 0.995182
    outer loop
      vertex 24.8794 8.31917 5.28582
      vertex 24.872 8.33152 5.28582
      vertex 24.7908 8.27726 5.27621
    endloop
  endfacet
  facet normal -0.116217 0.157123 0.980717
    outer loop
      vertex 24.9041 -8.43783 5.30497
      vertex 24.8431 -8.36342 5.28582
      vertex 24.8315 -8.372 5.28582
    endloop
  endfacet
  facet normal -0.0953616 0.022462 0.995189
    outer loop
      vertex 24.8939 -8.27863 5.28582
      vertex 24.7981 -8.25957 5.27621
      vertex 24.797 -8.26424 5.27621
    endloop
  endfacet
  facet normal -0.523866 -0.187489 0.830911
    outer loop
      vertex 25.242 8.39924 5.41727
      vertex 25.32 8.42292 5.47179
      vertex 25.225 8.44674 5.41727
    endloop
  endfacet
  facet normal -0.346298 -0.163359 0.923792
    outer loop
      vertex 25.0612 8.37892 5.33346
      vertex 25.145 8.41362 5.37101
      vertex 25.0471 8.40881 5.33346
    endloop
  endfacet
  facet normal -0.307564 -0.228212 0.923755
    outer loop
      vertex 25.0301 8.43717 5.33346
      vertex 25.0805 8.52124 5.37101
      vertex 25.0104 8.46372 5.33346
    endloop
  endfacet
  facet normal -0.443935 -0.158882 0.881861
    outer loop
      vertex 25.242 8.39924 5.41727
      vertex 25.225 8.44674 5.41727
      vertex 25.1591 8.37411 5.37101
    endloop
  endfacet
  facet normal -0.0423388 -0.0883772 0.995187
    outer loop
      vertex 24.7731 8.29327 5.27621
      vertex 24.8192 8.3794 5.28582
      vertex 24.7688 8.29533 5.27621
    endloop
  endfacet
  facet normal -0.0836886 -0.176576 0.980723
    outer loop
      vertex 24.8645 8.46429 5.30497
      vertex 24.843 8.47448 5.30497
      vertex 24.8062 8.38556 5.28582
    endloop
  endfacet
  facet normal -0.316765 -0.349676 0.881695
    outer loop
      vertex 25.1135 8.61353 5.41727
      vertex 25.0761 8.64741 5.41727
      vertex 25.0212 8.5805 5.37101
    endloop
  endfacet
  facet normal -0.316754 -0.3497 0.88169
    outer loop
      vertex 25.0523 8.55233 5.37101
      vertex 25.1135 8.61353 5.41727
      vertex 25.0212 8.5805 5.37101
    endloop
  endfacet
  facet normal -0.346292 -0.163423 0.923783
    outer loop
      vertex 25.145 8.41362 5.37101
      vertex 25.1271 8.45155 5.37101
      vertex 25.0471 8.40881 5.33346
    endloop
  endfacet
  facet normal -0.328424 -0.196869 0.923786
    outer loop
      vertex 25.0471 8.40881 5.33346
      vertex 25.1271 8.45155 5.37101
      vertex 25.0301 8.43717 5.33346
    endloop
  endfacet
  facet normal -0.955864 0.0466073 0.290088
    outer loop
      vertex 25.72 -8.25 6.03202
      vertex 25.6915 -8.25 5.93811
      vertex 25.687 -8.34229 5.93811
    endloop
  endfacet
  facet normal -0.955782 0.046241 0.290419
    outer loop
      vertex 25.7154 -8.34508 6.03202
      vertex 25.72 -8.25 6.03202
      vertex 25.687 -8.34229 5.93811
    endloop
  endfacet
  facet normal -0.855708 0.213803 0.471225
    outer loop
      vertex 25.6151 -8.51241 5.84744
      vertex 25.6366 -8.42636 5.84744
      vertex 25.5912 -8.41733 5.7609
    endloop
  endfacet
  facet normal -0.872498 0.129259 0.471211
    outer loop
      vertex 25.6366 -8.42636 5.84744
      vertex 25.6496 -8.33861 5.84744
      vertex 25.5912 -8.41733 5.7609
    endloop
  endfacet
  facet normal -0.377144 0.797462 0.470975
    outer loop
      vertex 25.1761 -9.04725 5.84744
      vertex 25.1543 -9.00645 5.7609
      vertex 25.0782 -9.04244 5.7609
    endloop
  endfacet
  facet normal -0.37715 0.797455 0.470982
    outer loop
      vertex 25.0959 -9.08518 5.84744
      vertex 25.1761 -9.04725 5.84744
      vertex 25.0782 -9.04244 5.7609
    endloop
  endfacet
  facet normal -0.237815 0.502467 0.831247
    outer loop
      vertex 24.978 -8.80035 5.47179
      vertex 25.0308 -8.77536 5.47179
      vertex 24.9467 -8.72497 5.41727
    endloop
  endfacet
  facet normal -0.213748 0.597843 0.77259
    outer loop
      vertex 25.007 -8.87044 5.53405
      vertex 24.978 -8.80035 5.47179
      vertex 24.9229 -8.82005 5.47179
    endloop
  endfacet
  facet normal -0.550482 0.74211 0.382417
    outer loop
      vertex 25.2731 -9.03286 5.93811
      vertex 25.3473 -8.97782 5.93811
      vertex 25.2522 -9.00164 5.84744
    endloop
  endfacet
  facet normal -0.570192 0.768682 0.289843
    outer loop
      vertex 25.2889 -9.05655 6.03202
      vertex 25.3473 -8.97782 5.93811
      vertex 25.2731 -9.03286 5.93811
    endloop
  endfacet
  facet normal -0.928136 0.232992 0.290306
    outer loop
      vertex 25.6783 -8.53158 6.03202
      vertex 25.6735 -8.43369 5.93811
      vertex 25.651 -8.52332 5.93811
    endloop
  endfacet
  facet normal -0.928537 0.232285 0.28959
    outer loop
      vertex 25.6783 -8.53158 6.03202
      vertex 25.7014 -8.43924 6.03202
      vertex 25.6735 -8.43369 5.93811
    endloop
  endfacet
  facet normal -0.984523 0.145597 0.0975505
    outer loop
      vertex 25.7296 -8.44485 6.22593
      vertex 25.7344 -8.34696 6.12827
      vertex 25.7202 -8.44298 6.12827
    endloop
  endfacet
  facet normal -0.96537 0.241958 0.0975521
    outer loop
      vertex 25.7296 -8.44485 6.22593
      vertex 25.7202 -8.44298 6.12827
      vertex 25.6966 -8.53714 6.12827
    endloop
  endfacet
  facet normal -0.792396 0.474938 0.382808
    outer loop
      vertex 25.5329 -8.77309 5.93811
      vertex 25.5804 -8.69384 5.93811
      vertex 25.5016 -8.75223 5.84744
    endloop
  endfacet
  facet normal -0.835127 0.394918 0.382886
    outer loop
      vertex 25.5804 -8.69384 5.93811
      vertex 25.6199 -8.61031 5.93811
      vertex 25.5472 -8.67614 5.84744
    endloop
  endfacet
  facet normal -0.628155 -0.0923438 0.772589
    outer loop
      vertex 25.3428 8.30839 5.47179
      vertex 25.4087 8.38101 5.53405
      vertex 25.3343 8.36621 5.47179
    endloop
  endfacet
  facet normal -0.426551 -0.201299 0.881778
    outer loop
      vertex 25.145 8.41362 5.37101
      vertex 25.225 8.44674 5.41727
      vertex 25.1271 8.45155 5.37101
    endloop
  endfacet
  facet normal -0.404925 -0.242375 0.881641
    outer loop
      vertex 25.2034 8.49235 5.41727
      vertex 25.1775 8.53562 5.41727
      vertex 25.1271 8.45155 5.37101
    endloop
  endfacet
  facet normal -0.544341 -0.326778 0.772599
    outer loop
      vertex 25.2754 8.53081 5.47179
      vertex 25.3423 8.56657 5.53405
      vertex 25.2453 8.58095 5.47179
    endloop
  endfacet
  facet normal -0.699739 -0.103045 0.706928
    outer loop
      vertex 25.4183 8.31582 5.53405
      vertex 25.4874 8.32263 5.60344
      vertex 25.4087 8.38101 5.53405
    endloop
  endfacet
  facet normal -0.700103 -0.104159 0.706404
    outer loop
      vertex 25.4874 8.32263 5.60344
      vertex 25.4767 8.39455 5.60344
      vertex 25.4087 8.38101 5.53405
    endloop
  endfacet
  facet normal -0.806614 -0.20255 0.55529
    outer loop
      vertex 25.5378 8.4067 5.6793
      vertex 25.5708 8.49899 5.7609
      vertex 25.5186 8.48316 5.6793
    endloop
  endfacet
  facet normal -0.807314 -0.20168 0.554589
    outer loop
      vertex 25.5912 8.41733 5.7609
      vertex 25.5708 8.49899 5.7609
      vertex 25.5378 8.4067 5.6793
    endloop
  endfacet
  facet normal -0.597736 -0.213856 0.772643
    outer loop
      vertex 25.3926 8.44494 5.53405
      vertex 25.3704 8.50699 5.53405
      vertex 25.32 8.42292 5.47179
    endloop
  endfacet
  facet normal -0.598488 -0.213124 0.772263
    outer loop
      vertex 25.32 8.42292 5.47179
      vertex 25.3704 8.50699 5.53405
      vertex 25.3004 8.47796 5.47179
    endloop
  endfacet
  facet normal -0.57424 -0.270832 0.772592
    outer loop
      vertex 25.3704 8.50699 5.53405
      vertex 25.3423 8.56657 5.53405
      vertex 25.2754 8.53081 5.47179
    endloop
  endfacet
  facet normal -0.574251 -0.271642 0.772299
    outer loop
      vertex 25.3004 8.47796 5.47179
      vertex 25.3704 8.50699 5.53405
      vertex 25.2754 8.53081 5.47179
    endloop
  endfacet
  facet normal -0.621639 -0.460509 0.633637
    outer loop
      vertex 25.4178 8.69624 5.6793
      vertex 25.3709 8.75955 5.6793
      vertex 25.3661 8.66165 5.60344
    endloop
  endfacet
  facet normal -0.567861 -0.421631 0.706937
    outer loop
      vertex 25.3084 8.6231 5.53405
      vertex 25.3228 8.72005 5.60344
      vertex 25.2691 8.67603 5.53405
    endloop
  endfacet
  facet normal -0.727992 -0.259962 0.634387
    outer loop
      vertex 25.5186 8.48316 5.6793
      vertex 25.4921 8.55737 5.6793
      vertex 25.4345 8.53355 5.60344
    endloop
  endfacet
  facet normal -0.699164 -0.330646 0.633912
    outer loop
      vertex 25.4921 8.55737 5.6793
      vertex 25.4584 8.62863 5.6793
      vertex 25.4035 8.59928 5.60344
    endloop
  endfacet
  facet normal -0.796984 -0.377623 0.471399
    outer loop
      vertex 25.5852 8.59594 5.84744
      vertex 25.5472 8.67614 5.84744
      vertex 25.5424 8.57824 5.7609
    endloop
  endfacet
  facet normal -0.835051 -0.39566 0.382286
    outer loop
      vertex 25.5852 8.59594 5.84744
      vertex 25.6199 8.61031 5.93811
      vertex 25.5472 8.67614 5.84744
    endloop
  endfacet
  facet normal -0.0562377 0.378874 0.923738
    outer loop
      vertex 24.7919 -8.6755 5.37101
      vertex 24.8334 -8.66934 5.37101
      vertex 24.783 -8.58527 5.33346
    endloop
  endfacet
  facet normal -0.0230973 0.471298 0.881672
    outer loop
      vertex 24.8004 -8.76163 5.41727
      vertex 24.75 -8.67756 5.37101
      vertex 24.75 -8.7641 5.41727
    endloop
  endfacet
  facet normal -0.122124 0.822731 0.555157
    outer loop
      vertex 24.8341 -9.1036 5.7609
      vertex 24.9173 -9.09125 5.7609
      vertex 24.8287 -9.04934 5.6793
    endloop
  endfacet
  facet normal -0.0432681 0.881077 0.47099
    outer loop
      vertex 24.8386 -9.14964 5.84744
      vertex 24.8341 -9.1036 5.7609
      vertex 24.75 -9.10773 5.7609
    endloop
  endfacet
  facet normal -0.0469399 0.955885 0.289967
    outer loop
      vertex 24.8451 -9.21536 6.03202
      vertex 24.8423 -9.18701 5.93811
      vertex 24.75 -9.22003 6.03202
    endloop
  endfacet
  facet normal -0.143912 0.970191 0.194982
    outer loop
      vertex 24.943 -9.22017 6.12827
      vertex 24.9392 -9.20139 6.03202
      vertex 24.847 -9.23441 6.12827
    endloop
  endfacet
  facet normal -0.0481739 0.979637 0.19491
    outer loop
      vertex 24.847 -9.23441 6.12827
      vertex 24.75 -9.22003 6.03202
      vertex 24.75 -9.23918 6.12827
    endloop
  endfacet
  facet normal -0.475339 0.52372 0.706944
    outer loop
      vertex 25.2201 -8.82276 5.60344
      vertex 25.2739 -8.77393 5.60344
      vertex 25.176 -8.76912 5.53405
    endloop
  endfacet
  facet normal -0.187804 0.750234 0.63394
    outer loop
      vertex 24.9832 -9.01862 5.6793
      vertex 24.9651 -8.95905 5.60344
      vertex 24.9067 -9.03777 5.6793
    endloop
  endfacet
  facet normal -0.149258 0.249349 0.956842
    outer loop
      vertex 24.9088 -8.54711 5.33346
      vertex 24.9372 -8.53011 5.33346
      vertex 24.885 -8.45203 5.30497
    endloop
  endfacet
  facet normal -0.173387 0.233218 0.956842
    outer loop
      vertex 24.9372 -8.53011 5.33346
      vertex 24.9041 -8.43783 5.30497
      vertex 24.885 -8.45203 5.30497
    endloop
  endfacet
  facet normal -0.100301 0.167713 0.98072
    outer loop
      vertex 24.8645 -8.46429 5.30497
      vertex 24.885 -8.45203 5.30497
      vertex 24.8192 -8.3794 5.28582
    endloop
  endfacet
  facet normal -0.149142 0.249381 0.956852
    outer loop
      vertex 24.9088 -8.54711 5.33346
      vertex 24.885 -8.45203 5.30497
      vertex 24.8645 -8.46429 5.30497
    endloop
  endfacet
  facet normal -0.658353 0.727127 0.194572
    outer loop
      vertex 25.3775 -9.01464 6.12827
      vertex 25.4495 -8.94945 6.12827
      vertex 25.3654 -8.99984 6.03202
    endloop
  endfacet
  facet normal -0.584137 0.787982 0.194599
    outer loop
      vertex 25.3775 -9.01464 6.12827
      vertex 25.3654 -8.99984 6.03202
      vertex 25.2889 -9.05655 6.03202
    endloop
  endfacet
  facet normal -0.752203 0.355885 0.554559
    outer loop
      vertex 25.5064 -8.65433 5.7609
      vertex 25.5424 -8.57824 5.7609
      vertex 25.4584 -8.62863 5.6793
    endloop
  endfacet
  facet normal -0.708919 0.525346 0.470579
    outer loop
      vertex 25.5016 -8.75223 5.84744
      vertex 25.4632 -8.72653 5.7609
      vertex 25.4488 -8.82348 5.84744
    endloop
  endfacet
  facet normal -0.592557 0.653534 0.470924
    outer loop
      vertex 25.3892 -8.88922 5.84744
      vertex 25.3565 -8.85651 5.7609
      vertex 25.3235 -8.94879 5.84744
    endloop
  endfacet
  facet normal -0.653568 0.592526 0.470917
    outer loop
      vertex 25.3892 -8.88922 5.84744
      vertex 25.4488 -8.82348 5.84744
      vertex 25.3565 -8.85651 5.7609
    endloop
  endfacet
  facet normal -0.768289 0.57074 0.289806
    outer loop
      vertex 25.4998 -8.86538 6.03202
      vertex 25.5566 -8.78892 6.03202
      vertex 25.4778 -8.84731 5.93811
    endloop
  endfacet
  facet normal -0.787344 0.584896 0.194901
    outer loop
      vertex 25.5146 -8.87753 6.12827
      vertex 25.5566 -8.78892 6.03202
      vertex 25.4998 -8.86538 6.03202
    endloop
  endfacet
  facet normal -0.886653 0.419321 0.194979
    outer loop
      vertex 25.6224 -8.71629 6.12827
      vertex 25.6462 -8.62121 6.03202
      vertex 25.6055 -8.70727 6.03202
    endloop
  endfacet
  facet normal -0.899647 0.425474 0.0980197
    outer loop
      vertex 25.6728 -8.63222 6.22593
      vertex 25.6639 -8.62854 6.12827
      vertex 25.6224 -8.71629 6.12827
    endloop
  endfacet
  facet normal -0.285706 0.476911 0.831221
    outer loop
      vertex 25.0308 -8.77536 5.47179
      vertex 25.0356 -8.67746 5.41727
      vertex 24.9923 -8.7034 5.41727
    endloop
  endfacet
  facet normal -0.114653 0.457677 0.881695
    outer loop
      vertex 24.8992 -8.74197 5.41727
      vertex 24.8741 -8.65914 5.37101
      vertex 24.8503 -8.75422 5.41727
    endloop
  endfacet
  facet normal -0.0144102 -0.0969787 0.995182
    outer loop
      vertex 24.7786 8.39391 5.28582
      vertex 24.7644 8.39602 5.28582
      vertex 24.7548 8.29883 5.27621
    endloop
  endfacet
  facet normal -0.0891565 0.0409915 0.995174
    outer loop
      vertex 24.8794 -8.31917 5.28582
      vertex 24.7953 -8.26878 5.27621
      vertex 24.7933 -8.27313 5.27621
    endloop
  endfacet
  facet normal -0.167628 0.100441 0.98072
    outer loop
      vertex 24.952 -8.38499 5.30497
      vertex 24.8794 -8.31917 5.28582
      vertex 24.872 -8.33152 5.28582
    endloop
  endfacet
  facet normal -0.0951533 0.0238565 0.995177
    outer loop
      vertex 24.8904 -8.29259 5.28582
      vertex 24.8939 -8.27863 5.28582
      vertex 24.797 -8.26424 5.27621
    endloop
  endfacet
  facet normal -0.0924603 0.0327293 0.995178
    outer loop
      vertex 24.8856 -8.30615 5.28582
      vertex 24.8904 -8.29259 5.28582
      vertex 24.797 -8.26424 5.27621
    endloop
  endfacet
  facet normal -0.287496 0.0426732 0.956831
    outer loop
      vertex 25.0804 -8.31572 5.33346
      vertex 24.9918 -8.27382 5.30497
      vertex 24.9883 -8.2974 5.30497
    endloop
  endfacet
  facet normal -0.193219 0.0286796 0.980736
    outer loop
      vertex 24.9883 -8.2974 5.30497
      vertex 24.9918 -8.27382 5.30497
      vertex 24.896 -8.26438 5.28582
    endloop
  endfacet
  facet normal -0.29031 0.0140671 0.956829
    outer loop
      vertex 25.0853 -8.28302 5.33346
      vertex 25.0869 -8.25 5.33346
      vertex 24.993 -8.25 5.30497
    endloop
  endfacet
  facet normal -0.281912 0.0703242 0.95686
    outer loop
      vertex 25.0724 -8.34779 5.33346
      vertex 25.0804 -8.31572 5.33346
      vertex 24.9825 -8.32053 5.30497
    endloop
  endfacet
  facet normal -0.33684 0.941562 0
    outer loop
      vertex 25.1322 -9.17277 6.22593
      vertex 25.0399 -9.20579 8.17259
      vertex 25.1322 -9.17277 8.17259
    endloop
  endfacet
  facet normal -0.33684 0.941562 0
    outer loop
      vertex 25.0399 -9.20579 8.17259
      vertex 25.1322 -9.17277 6.22593
      vertex 25.0399 -9.20579 6.22593
    endloop
  endfacet
  facet normal -0.146745 0.989174 0
    outer loop
      vertex 24.9449 -9.2296 6.22593
      vertex 24.8479 -9.24399 8.17259
      vertex 24.9449 -9.2296 8.17259
    endloop
  endfacet
  facet normal -0.146745 0.989174 0
    outer loop
      vertex 24.8479 -9.24399 8.17259
      vertex 24.9449 -9.2296 6.22593
      vertex 24.8479 -9.24399 6.22593
    endloop
  endfacet
  facet normal -0.0187801 -0.382557 0.923741
    outer loop
      vertex 24.783 8.58527 5.33346
      vertex 24.75 8.67756 5.37101
      vertex 24.75 8.58689 5.33346
    endloop
  endfacet
  facet normal -0.0142501 -0.290281 0.956835
    outer loop
      vertex 24.783 8.58527 5.33346
      vertex 24.75 8.58689 5.33346
      vertex 24.75 8.49298 5.30497
    endloop
  endfacet
  facet normal -0.0784809 0.05881 0.995179
    outer loop
      vertex 24.872 -8.33152 5.28582
      vertex 24.7908 -8.27726 5.27621
      vertex 24.7879 -8.28113 5.27621
    endloop
  endfacet
  facet normal -0.00489593 -0.0979185 0.995182
    outer loop
      vertex 24.7548 8.29883 5.27621
      vertex 24.7644 8.39602 5.28582
      vertex 24.75 8.29907 5.27621
    endloop
  endfacet
  facet normal -0.0496675 0.0844548 0.995189
    outer loop
      vertex 24.8192 -8.3794 5.28582
      vertex 24.7773 -8.2908 5.27621
      vertex 24.7731 -8.29327 5.27621
    endloop
  endfacet
  facet normal 0 0.707107 0.707107
    outer loop
      vertex 24.75 -8.92156 5.53405
      vertex 23.75 -8.99095 5.60344
      vertex 24.75 -8.99095 5.60344
    endloop
  endfacet
  facet normal 0 0.707107 0.707107
    outer loop
      vertex 23.75 -8.99095 5.60344
      vertex 24.75 -8.92156 5.53405
      vertex 23.75 -8.92156 5.53405
    endloop
  endfacet
  facet normal -0.03475 0.70668 0.70668
    outer loop
      vertex 24.8226 -8.98738 5.60344
      vertex 24.75 -8.92156 5.53405
      vertex 24.75 -8.99095 5.60344
    endloop
  endfacet
  facet normal -0.242494 0.404719 0.881702
    outer loop
      vertex 25.0356 -8.67746 5.41727
      vertex 24.9875 -8.6055 5.37101
      vertex 24.9515 -8.62707 5.37101
    endloop
  endfacet
  facet normal -0.316765 0.349676 0.881695
    outer loop
      vertex 25.0761 -8.64741 5.41727
      vertex 25.1135 -8.61353 5.41727
      vertex 25.0212 -8.5805 5.37101
    endloop
  endfacet
  facet normal -0.307598 0.228189 0.923749
    outer loop
      vertex 25.0805 -8.52124 5.37101
      vertex 25.1055 -8.48754 5.37101
      vertex 25.0301 -8.43717 5.33346
    endloop
  endfacet
  facet normal -0.307564 0.228212 0.923755
    outer loop
      vertex 25.0805 -8.52124 5.37101
      vertex 25.0301 -8.43717 5.33346
      vertex 25.0104 -8.46372 5.33346
    endloop
  endfacet
  facet normal -0.426504 0.470392 0.772545
    outer loop
      vertex 25.176 -8.76912 5.53405
      vertex 25.1712 -8.67122 5.47179
      vertex 25.1279 -8.71048 5.47179
    endloop
  endfacet
  facet normal -0.411932 0.373482 0.831157
    outer loop
      vertex 25.1712 -8.67122 5.47179
      vertex 25.1474 -8.57614 5.41727
      vertex 25.1135 -8.61353 5.41727
    endloop
  endfacet
  facet normal -0.373314 0.4121 0.83115
    outer loop
      vertex 25.1712 -8.67122 5.47179
      vertex 25.1135 -8.61353 5.41727
      vertex 25.0761 -8.64741 5.41727
    endloop
  endfacet
  facet normal -0.373421 0.411848 0.831227
    outer loop
      vertex 25.1279 -8.71048 5.47179
      vertex 25.1712 -8.67122 5.47179
      vertex 25.0761 -8.64741 5.41727
    endloop
  endfacet
  facet normal -0.233378 0.173166 0.956843
    outer loop
      vertex 25.0104 -8.46372 5.33346
      vertex 25.0301 -8.43717 5.33346
      vertex 24.9378 -8.40414 5.30497
    endloop
  endfacet
  facet normal -0.328381 0.197083 0.923755
    outer loop
      vertex 25.1055 -8.48754 5.37101
      vertex 25.1271 -8.45155 5.37101
      vertex 25.0301 -8.43717 5.33346
    endloop
  endfacet
  facet normal -0.57424 0.270832 0.772592
    outer loop
      vertex 25.3423 -8.56657 5.53405
      vertex 25.3704 -8.50699 5.53405
      vertex 25.2754 -8.53081 5.47179
    endloop
  endfacet
  facet normal -0.699151 0.329738 0.634398
    outer loop
      vertex 25.4921 -8.55737 5.6793
      vertex 25.4345 -8.53355 5.60344
      vertex 25.4035 -8.59928 5.60344
    endloop
  endfacet
  facet normal -0.550104 0.0808697 0.831171
    outer loop
      vertex 25.3343 -8.36621 5.47179
      vertex 25.3428 -8.30839 5.47179
      vertex 25.2616 -8.30039 5.41727
    endloop
  endfacet
  facet normal -0.700103 0.104159 0.706404
    outer loop
      vertex 25.4767 -8.39455 5.60344
      vertex 25.4874 -8.32263 5.60344
      vertex 25.4087 -8.38101 5.53405
    endloop
  endfacet
  facet normal -0.61564 0.15524 0.772585
    outer loop
      vertex 25.4087 -8.38101 5.53405
      vertex 25.3343 -8.36621 5.47179
      vertex 25.32 -8.42292 5.47179
    endloop
  endfacet
  facet normal -0.806614 0.20255 0.55529
    outer loop
      vertex 25.5708 -8.49899 5.7609
      vertex 25.5378 -8.4067 5.6793
      vertex 25.5186 -8.48316 5.6793
    endloop
  endfacet
  facet normal -0.228468 -0.307487 0.923718
    outer loop
      vertex 24.9637 8.51042 5.33346
      vertex 25.0212 8.5805 5.37101
      vertex 24.9372 8.53011 5.33346
    endloop
  endfacet
  facet normal -0.129156 -0.36057 0.923747
    outer loop
      vertex 24.8789 8.56124 5.33346
      vertex 24.9136 8.64501 5.37101
      vertex 24.8478 8.57238 5.33346
    endloop
  endfacet
  facet normal -0.114702 -0.457685 0.881685
    outer loop
      vertex 24.8741 8.65914 5.37101
      vertex 24.8503 8.75422 5.41727
      vertex 24.8334 8.66934 5.37101
    endloop
  endfacet
  facet normal -0.0931192 -0.371564 0.923726
    outer loop
      vertex 24.8478 8.57238 5.33346
      vertex 24.8741 8.65914 5.37101
      vertex 24.8334 8.66934 5.37101
    endloop
  endfacet
  facet normal -0.149258 -0.249349 0.956842
    outer loop
      vertex 24.9372 8.53011 5.33346
      vertex 24.9088 8.54711 5.33346
      vertex 24.885 8.45203 5.30497
    endloop
  endfacet
  facet normal -0.173387 -0.233218 0.956842
    outer loop
      vertex 24.9041 8.43783 5.30497
      vertex 24.9372 8.53011 5.33346
      vertex 24.885 8.45203 5.30497
    endloop
  endfacet
  facet normal -0.0730089 0.0654422 0.995182
    outer loop
      vertex 24.8538 -8.35375 5.28582
      vertex 24.7879 -8.28113 5.27621
      vertex 24.7847 -8.2847 5.27621
    endloop
  endfacet
  facet normal -0.0582936 0.0788119 0.995184
    outer loop
      vertex 24.8315 -8.372 5.28582
      vertex 24.8431 -8.36342 5.28582
      vertex 24.7811 -8.28793 5.27621
    endloop
  endfacet
  facet normal -0.156966 -0.116393 0.980721
    outer loop
      vertex 24.952 8.38499 5.30497
      vertex 24.9378 8.40414 5.30497
      vertex 24.872 8.33152 5.28582
    endloop
  endfacet
  facet normal -0.233412 -0.173078 0.956851
    outer loop
      vertex 24.952 8.38499 5.30497
      vertex 25.0301 8.43717 5.33346
      vertex 24.9378 8.40414 5.30497
    endloop
  endfacet
  facet normal -0.476956 -0.28549 0.831269
    outer loop
      vertex 25.2034 8.49235 5.41727
      vertex 25.2754 8.53081 5.47179
      vertex 25.1775 8.53562 5.41727
    endloop
  endfacet
  facet normal -0.37885 -0.281046 0.881752
    outer loop
      vertex 25.1055 8.48754 5.37101
      vertex 25.1775 8.53562 5.41727
      vertex 25.0805 8.52124 5.37101
    endloop
  endfacet
  facet normal -0.0656246 -0.18402 0.980729
    outer loop
      vertex 24.8062 8.38556 5.28582
      vertex 24.8205 8.48252 5.30497
      vertex 24.7926 8.39041 5.28582
    endloop
  endfacet
  facet normal -0.0426352 -0.287483 0.956836
    outer loop
      vertex 24.7974 8.48831 5.30497
      vertex 24.8157 8.58042 5.33346
      vertex 24.7738 8.49181 5.30497
    endloop
  endfacet
  facet normal -0.195122 -0.215337 0.956848
    outer loop
      vertex 24.9882 8.48822 5.33346
      vertex 24.9637 8.51042 5.33346
      vertex 24.9041 8.43783 5.30497
    endloop
  endfacet
  facet normal -0.228296 -0.307743 0.923675
    outer loop
      vertex 25.0212 8.5805 5.37101
      vertex 24.9875 8.6055 5.37101
      vertex 24.9372 8.53011 5.33346
    endloop
  endfacet
  facet normal -0.82324 0.121422 0.554556
    outer loop
      vertex 25.5912 -8.41733 5.7609
      vertex 25.5493 -8.32873 5.6793
      vertex 25.5378 -8.4067 5.6793
    endloop
  endfacet
  facet normal -0.822535 0.122501 0.555365
    outer loop
      vertex 25.5912 -8.41733 5.7609
      vertex 25.6036 -8.33407 5.7609
      vertex 25.5493 -8.32873 5.6793
    endloop
  endfacet
  facet normal -0.42767 0.713442 0.555066
    outer loop
      vertex 25.1543 -9.00645 5.7609
      vertex 25.2265 -8.96317 5.7609
      vertex 25.1286 -8.95837 5.6793
    endloop
  endfacet
  facet normal -0.49551 0.668068 0.555116
    outer loop
      vertex 25.2265 -8.96317 5.7609
      vertex 25.2595 -8.87089 5.6793
      vertex 25.1962 -8.91784 5.6793
    endloop
  endfacet
  facet normal -0.260563 0.728202 0.633899
    outer loop
      vertex 25.0574 -8.99207 5.6793
      vertex 25.0336 -8.93455 5.60344
      vertex 24.9832 -9.01862 5.6793
    endloop
  endfacet
  facet normal -0.355622 0.751954 0.555066
    outer loop
      vertex 25.1543 -9.00645 5.7609
      vertex 25.1286 -8.95837 5.6793
      vertex 25.0782 -9.04244 5.7609
    endloop
  endfacet
  facet normal -0.331196 0.446371 0.831302
    outer loop
      vertex 25.081 -8.74531 5.47179
      vertex 25.0761 -8.64741 5.41727
      vertex 25.0356 -8.67746 5.41727
    endloop
  endfacet
  facet normal -0.331454 0.446317 0.831228
    outer loop
      vertex 25.081 -8.74531 5.47179
      vertex 25.1279 -8.71048 5.47179
      vertex 25.0761 -8.64741 5.41727
    endloop
  endfacet
  facet normal -0.923432 0.330717 0.194676
    outer loop
      vertex 25.6966 -8.53714 6.12827
      vertex 25.6783 -8.53158 6.03202
      vertex 25.6462 -8.62121 6.03202
    endloop
  endfacet
  facet normal -0.901045 0.322699 0.289798
    outer loop
      vertex 25.6462 -8.62121 6.03202
      vertex 25.6783 -8.53158 6.03202
      vertex 25.6199 -8.61031 5.93811
    endloop
  endfacet
  facet normal -0.714059 0.427249 0.554597
    outer loop
      vertex 25.4632 -8.72653 5.7609
      vertex 25.5064 -8.65433 5.7609
      vertex 25.4584 -8.62863 5.6793
    endloop
  endfacet
  facet normal -0.796984 0.377623 0.471399
    outer loop
      vertex 25.5472 -8.67614 5.84744
      vertex 25.5852 -8.59594 5.84744
      vertex 25.5424 -8.57824 5.7609
    endloop
  endfacet
  facet normal -0.550104 -0.0808697 0.831171
    outer loop
      vertex 25.3428 8.30839 5.47179
      vertex 25.3343 8.36621 5.47179
      vertex 25.2616 8.30039 5.41727
    endloop
  endfacet
  facet normal -0.538872 -0.135882 0.831356
    outer loop
      vertex 25.3343 8.36621 5.47179
      vertex 25.32 8.42292 5.47179
      vertex 25.2542 8.3503 5.41727
    endloop
  endfacet
  facet normal -0.37877 -0.281366 0.881684
    outer loop
      vertex 25.1775 8.53562 5.41727
      vertex 25.1474 8.57614 5.41727
      vertex 25.0805 8.52124 5.37101
    endloop
  endfacet
  facet normal -0.446504 -0.331682 0.831036
    outer loop
      vertex 25.1775 8.53562 5.41727
      vertex 25.2453 8.58095 5.47179
      vertex 25.1474 8.57614 5.41727
    endloop
  endfacet
  facet normal -0.714059 -0.427249 0.554597
    outer loop
      vertex 25.5064 8.65433 5.7609
      vertex 25.4632 8.72653 5.7609
      vertex 25.4584 8.62863 5.6793
    endloop
  endfacet
  facet normal -0.56834 -0.421389 0.706698
    outer loop
      vertex 25.3661 8.66165 5.60344
      vertex 25.3228 8.72005 5.60344
      vertex 25.3084 8.6231 5.53405
    endloop
  endfacet
  facet normal -0.708157 -0.525802 0.471216
    outer loop
      vertex 25.4632 8.72653 5.7609
      vertex 25.4488 8.82348 5.84744
      vertex 25.413 8.79414 5.7609
    endloop
  endfacet
  facet normal -0.708919 -0.525346 0.470579
    outer loop
      vertex 25.4632 8.72653 5.7609
      vertex 25.5016 8.75223 5.84744
      vertex 25.4488 8.82348 5.84744
    endloop
  endfacet
  facet normal -0.639938 -0.301812 0.706675
    outer loop
      vertex 25.4345 8.53355 5.60344
      vertex 25.4035 8.59928 5.60344
      vertex 25.3704 8.50699 5.53405
    endloop
  endfacet
  facet normal -0.639934 -0.301815 0.706677
    outer loop
      vertex 25.3704 8.50699 5.53405
      vertex 25.4035 8.59928 5.60344
      vertex 25.3423 8.56657 5.53405
    endloop
  endfacet
  facet normal -0.509981 -0.377925 0.772717
    outer loop
      vertex 25.2453 8.58095 5.47179
      vertex 25.3084 8.6231 5.53405
      vertex 25.2105 8.62791 5.47179
    endloop
  endfacet
  facet normal -0.509863 -0.378568 0.772481
    outer loop
      vertex 25.3084 8.6231 5.53405
      vertex 25.2691 8.67603 5.53405
      vertex 25.2105 8.62791 5.47179
    endloop
  endfacet
  facet normal -0.232409 0.928429 0.289837
    outer loop
      vertex 24.9392 -9.20139 6.03202
      vertex 25.0316 -9.17826 6.03202
      vertex 24.9337 -9.17345 5.93811
    endloop
  endfacet
  facet normal -0.103711 0.699829 0.706742
    outer loop
      vertex 24.8946 -8.97671 5.60344
      vertex 24.881 -8.90865 5.53405
      vertex 24.8226 -8.98738 5.60344
    endloop
  endfacet
  facet normal -0.232598 0.928322 0.290029
    outer loop
      vertex 25.0316 -9.17826 6.03202
      vertex 25.0233 -9.151 5.93811
      vertex 24.9337 -9.17345 5.93811
    endloop
  endfacet
  facet normal 0 0.980776 0.195136
    outer loop
      vertex 24.75 -9.22003 6.03202
      vertex 23.75 -9.23918 6.12827
      vertex 24.75 -9.23918 6.12827
    endloop
  endfacet
  facet normal 0 0.980776 0.195136
    outer loop
      vertex 23.75 -9.23918 6.12827
      vertex 24.75 -9.22003 6.03202
      vertex 23.75 -9.22003 6.03202
    endloop
  endfacet
  facet normal -0.241998 0.965323 0.0979192
    outer loop
      vertex 24.9449 -9.2296 6.22593
      vertex 25.0371 -9.19658 6.12827
      vertex 24.943 -9.22017 6.12827
    endloop
  endfacet
  facet normal -0.146023 0.984425 0.0978965
    outer loop
      vertex 24.9449 -9.2296 6.22593
      vertex 24.943 -9.22017 6.12827
      vertex 24.847 -9.23441 6.12827
    endloop
  endfacet
  facet normal 0 0.956933 0.29031
    outer loop
      vertex 24.75 -9.19154 5.93811
      vertex 23.75 -9.22003 6.03202
      vertex 24.75 -9.22003 6.03202
    endloop
  endfacet
  facet normal 0 0.956933 0.29031
    outer loop
      vertex 23.75 -9.22003 6.03202
      vertex 24.75 -9.19154 5.93811
      vertex 23.75 -9.19154 5.93811
    endloop
  endfacet
  facet normal -0.135083 0.539382 0.831155
    outer loop
      vertex 24.8662 -8.83425 5.47179
      vertex 24.9229 -8.82005 5.47179
      vertex 24.8503 -8.75422 5.41727
    endloop
  endfacet
  facet normal -0.135115 0.539357 0.831167
    outer loop
      vertex 24.9229 -8.82005 5.47179
      vertex 24.8992 -8.74197 5.41727
      vertex 24.8503 -8.75422 5.41727
    endloop
  endfacet
  facet normal -0.326027 0.544644 0.772703
    outer loop
      vertex 25.0666 -8.84226 5.53405
      vertex 25.081 -8.74531 5.47179
      vertex 25.0308 -8.77536 5.47179
    endloop
  endfacet
  facet normal -0.3784 0.509867 0.77256
    outer loop
      vertex 25.176 -8.76912 5.53405
      vertex 25.1279 -8.71048 5.47179
      vertex 25.1231 -8.80838 5.53405
    endloop
  endfacet
  facet normal -0.215438 0.195077 0.956834
    outer loop
      vertex 24.9882 -8.48822 5.33346
      vertex 24.9378 -8.40414 5.30497
      vertex 24.9218 -8.42181 5.30497
    endloop
  endfacet
  facet normal -0.349472 0.316987 0.881696
    outer loop
      vertex 25.1135 -8.61353 5.41727
      vertex 25.0805 -8.52124 5.37101
      vertex 25.0523 -8.55233 5.37101
    endloop
  endfacet
  facet normal -0.709276 0.642603 0.289808
    outer loop
      vertex 25.4998 -8.86538 6.03202
      vertex 25.4778 -8.84731 5.93811
      vertex 25.4359 -8.93591 6.03202
    endloop
  endfacet
  facet normal -0.726805 0.658484 0.195329
    outer loop
      vertex 25.4495 -8.94945 6.12827
      vertex 25.4998 -8.86538 6.03202
      vertex 25.4359 -8.93591 6.03202
    endloop
  endfacet
  facet normal -0.667957 0.495954 0.554854
    outer loop
      vertex 25.413 -8.79414 5.7609
      vertex 25.4632 -8.72653 5.7609
      vertex 25.3709 -8.75955 5.6793
    endloop
  endfacet
  facet normal -0.708157 0.525802 0.471216
    outer loop
      vertex 25.4488 -8.82348 5.84744
      vertex 25.4632 -8.72653 5.7609
      vertex 25.413 -8.79414 5.7609
    endloop
  endfacet
  facet normal -0.56834 0.421389 0.706698
    outer loop
      vertex 25.3228 -8.72005 5.60344
      vertex 25.3661 -8.66165 5.60344
      vertex 25.3084 -8.6231 5.53405
    endloop
  endfacet
  facet normal -0.639938 0.301812 0.706675
    outer loop
      vertex 25.4035 -8.59928 5.60344
      vertex 25.4345 -8.53355 5.60344
      vertex 25.3704 -8.50699 5.53405
    endloop
  endfacet
  facet normal -0.923483 0.330393 0.194986
    outer loop
      vertex 25.6639 -8.62854 6.12827
      vertex 25.6966 -8.53714 6.12827
      vertex 25.6462 -8.62121 6.03202
    endloop
  endfacet
  facet normal -0.937037 0.335242 0.0978503
    outer loop
      vertex 25.7058 -8.53993 6.22593
      vertex 25.6966 -8.53714 6.12827
      vertex 25.6639 -8.62854 6.12827
    endloop
  endfacet
  facet normal -0.0231695 0.471264 0.881688
    outer loop
      vertex 24.8004 -8.76163 5.41727
      vertex 24.7919 -8.6755 5.37101
      vertex 24.75 -8.67756 5.37101
    endloop
  endfacet
  facet normal -0.0188087 0.382566 0.923737
    outer loop
      vertex 24.7919 -8.6755 5.37101
      vertex 24.783 -8.58527 5.33346
      vertex 24.75 -8.67756 5.37101
    endloop
  endfacet
  facet normal -0.065478 0.0729785 0.995182
    outer loop
      vertex 24.8538 -8.35375 5.28582
      vertex 24.7847 -8.2847 5.27621
      vertex 24.7811 -8.28793 5.27621
    endloop
  endfacet
  facet normal -0.0786571 0.0585165 0.995183
    outer loop
      vertex 24.8634 -8.34308 5.28582
      vertex 24.872 -8.33152 5.28582
      vertex 24.7879 -8.28113 5.27621
    endloop
  endfacet
  facet normal -0.131027 0.144983 0.98072
    outer loop
      vertex 24.9041 -8.43783 5.30497
      vertex 24.8538 -8.35375 5.28582
      vertex 24.8431 -8.36342 5.28582
    endloop
  endfacet
  facet normal 0 0 1
    outer loop
      vertex 24.75 8.29907 5.27621
      vertex 24.7991 8.25 5.27621
      vertex 24.7988 8.25481 5.27621
    endloop
  endfacet
  facet normal 0 0 1
    outer loop
      vertex 24.7991 8.25 5.27621
      vertex 23.75 8.29907 5.27621
      vertex 24.7991 -8.25 5.27621
    endloop
  endfacet
  facet normal 0 0 1
    outer loop
      vertex 24.75 8.29907 5.27621
      vertex 24.7988 8.25481 5.27621
      vertex 24.7981 8.25957 5.27621
    endloop
  endfacet
  facet normal 0 0 1
    outer loop
      vertex 23.75 -8.29907 5.27621
      vertex 24.7991 -8.25 5.27621
      vertex 23.75 8.29907 5.27621
    endloop
  endfacet
  facet normal 0 0 1
    outer loop
      vertex 24.75 8.29907 5.27621
      vertex 24.7981 8.25957 5.27621
      vertex 24.797 8.26424 5.27621
    endloop
  endfacet
  facet normal 0 -0 1
    outer loop
      vertex 24.75 -8.29907 5.27621
      vertex 24.7991 -8.25 5.27621
      vertex 23.75 -8.29907 5.27621
    endloop
  endfacet
  facet normal 0 0 1
    outer loop
      vertex 24.75 8.29907 5.27621
      vertex 24.797 8.26424 5.27621
      vertex 24.7953 8.26878 5.27621
    endloop
  endfacet
  facet normal 0 0 1
    outer loop
      vertex 24.7991 -8.25 5.27621
      vertex 24.75 -8.29907 5.27621
      vertex 24.7988 -8.25481 5.27621
    endloop
  endfacet
  facet normal 0 0 1
    outer loop
      vertex 24.75 8.29907 5.27621
      vertex 24.7953 8.26878 5.27621
      vertex 24.7933 8.27313 5.27621
    endloop
  endfacet
  facet normal 0 0 1
    outer loop
      vertex 24.7988 -8.25481 5.27621
      vertex 24.75 -8.29907 5.27621
      vertex 24.7981 -8.25957 5.27621
    endloop
  endfacet
  facet normal 0 0 1
    outer loop
      vertex 24.75 8.29907 5.27621
      vertex 24.7933 8.27313 5.27621
      vertex 24.7908 8.27726 5.27621
    endloop
  endfacet
  facet normal 0 0 1
    outer loop
      vertex 24.7981 -8.25957 5.27621
      vertex 24.75 -8.29907 5.27621
      vertex 24.797 -8.26424 5.27621
    endloop
  endfacet
  facet normal 0 0 1
    outer loop
      vertex 24.75 8.29907 5.27621
      vertex 24.7908 8.27726 5.27621
      vertex 24.7879 8.28113 5.27621
    endloop
  endfacet
  facet normal 0 0 1
    outer loop
      vertex 24.797 -8.26424 5.27621
      vertex 24.75 -8.29907 5.27621
      vertex 24.7953 -8.26878 5.27621
    endloop
  endfacet
  facet normal 0 0 1
    outer loop
      vertex 24.75 8.29907 5.27621
      vertex 24.7879 8.28113 5.27621
      vertex 24.7847 8.2847 5.27621
    endloop
  endfacet
  facet normal 0 0 1
    outer loop
      vertex 24.7953 -8.26878 5.27621
      vertex 24.75 -8.29907 5.27621
      vertex 24.7933 -8.27313 5.27621
    endloop
  endfacet
  facet normal 0 0 1
    outer loop
      vertex 24.75 8.29907 5.27621
      vertex 24.7847 8.2847 5.27621
      vertex 24.7811 8.28793 5.27621
    endloop
  endfacet
  facet normal 0 0 1
    outer loop
      vertex 24.7933 -8.27313 5.27621
      vertex 24.75 -8.29907 5.27621
      vertex 24.7908 -8.27726 5.27621
    endloop
  endfacet
  facet normal 0 0 1
    outer loop
      vertex 24.75 8.29907 5.27621
      vertex 24.7811 8.28793 5.27621
      vertex 24.7773 8.2908 5.27621
    endloop
  endfacet
  facet normal 0 0 1
    outer loop
      vertex 24.7908 -8.27726 5.27621
      vertex 24.75 -8.29907 5.27621
      vertex 24.7879 -8.28113 5.27621
    endloop
  endfacet
  facet normal 0 0 1
    outer loop
      vertex 24.75 8.29907 5.27621
      vertex 24.7773 8.2908 5.27621
      vertex 24.7731 8.29327 5.27621
    endloop
  endfacet
  facet normal 0 0 1
    outer loop
      vertex 24.7879 -8.28113 5.27621
      vertex 24.75 -8.29907 5.27621
      vertex 24.7847 -8.2847 5.27621
    endloop
  endfacet
  facet normal 0 0 1
    outer loop
      vertex 24.75 8.29907 5.27621
      vertex 24.7731 8.29327 5.27621
      vertex 24.7688 8.29533 5.27621
    endloop
  endfacet
  facet normal 0 0 1
    outer loop
      vertex 24.7847 -8.2847 5.27621
      vertex 24.75 -8.29907 5.27621
      vertex 24.7811 -8.28793 5.27621
    endloop
  endfacet
  facet normal 0 0 1
    outer loop
      vertex 24.75 8.29907 5.27621
      vertex 24.7688 8.29533 5.27621
      vertex 24.7642 8.29695 5.27621
    endloop
  endfacet
  facet normal 0 0 1
    outer loop
      vertex 24.7811 -8.28793 5.27621
      vertex 24.75 -8.29907 5.27621
      vertex 24.7773 -8.2908 5.27621
    endloop
  endfacet
  facet normal 0 0 1
    outer loop
      vertex 24.75 8.29907 5.27621
      vertex 24.7642 8.29695 5.27621
      vertex 24.7596 8.29812 5.27621
    endloop
  endfacet
  facet normal 0 0 1
    outer loop
      vertex 24.7773 -8.2908 5.27621
      vertex 24.75 -8.29907 5.27621
      vertex 24.7731 -8.29327 5.27621
    endloop
  endfacet
  facet normal 0 0 1
    outer loop
      vertex 24.75 8.29907 5.27621
      vertex 24.7596 8.29812 5.27621
      vertex 24.7548 8.29883 5.27621
    endloop
  endfacet
  facet normal 0 0 1
    outer loop
      vertex 24.7991 8.25 5.27621
      vertex 24.75 8.29907 5.27621
      vertex 23.75 8.29907 5.27621
    endloop
  endfacet
  facet normal 0 0 1
    outer loop
      vertex 24.7731 -8.29327 5.27621
      vertex 24.75 -8.29907 5.27621
      vertex 24.7688 -8.29533 5.27621
    endloop
  endfacet
  facet normal 0 0 1
    outer loop
      vertex 24.7596 -8.29812 5.27621
      vertex 24.75 -8.29907 5.27621
      vertex 24.7548 -8.29883 5.27621
    endloop
  endfacet
  facet normal 0 0 1
    outer loop
      vertex 24.7688 -8.29533 5.27621
      vertex 24.75 -8.29907 5.27621
      vertex 24.7642 -8.29695 5.27621
    endloop
  endfacet
  facet normal 0 0 1
    outer loop
      vertex 24.7642 -8.29695 5.27621
      vertex 24.75 -8.29907 5.27621
      vertex 24.7596 -8.29812 5.27621
    endloop
  endfacet
  facet normal -0.0841045 0.0503946 0.995182
    outer loop
      vertex 24.872 -8.33152 5.28582
      vertex 24.8794 -8.31917 5.28582
      vertex 24.7908 -8.27726 5.27621
    endloop
  endfacet
  facet normal -0.156737 0.116604 0.980733
    outer loop
      vertex 24.9378 -8.40414 5.30497
      vertex 24.872 -8.33152 5.28582
      vertex 24.8634 -8.34308 5.28582
    endloop
  endfacet
  facet normal -0.145211 0.130649 0.980737
    outer loop
      vertex 24.9378 -8.40414 5.30497
      vertex 24.8634 -8.34308 5.28582
      vertex 24.8538 -8.35375 5.28582
    endloop
  endfacet
  facet normal -0.0917013 0.0343375 0.995194
    outer loop
      vertex 24.8856 -8.30615 5.28582
      vertex 24.797 -8.26424 5.27621
      vertex 24.7953 -8.26878 5.27621
    endloop
  endfacet
  facet normal -0.281921 0.0706937 0.95683
    outer loop
      vertex 25.0804 -8.31572 5.33346
      vertex 24.9883 -8.2974 5.30497
      vertex 24.9825 -8.32053 5.30497
    endloop
  endfacet
  facet normal -0.189503 0.047519 0.98073
    outer loop
      vertex 24.9825 -8.32053 5.30497
      vertex 24.9883 -8.2974 5.30497
      vertex 24.8939 -8.27863 5.28582
    endloop
  endfacet
  facet normal -0.273407 0.098367 0.956855
    outer loop
      vertex 25.0612 -8.37892 5.33346
      vertex 25.0724 -8.34779 5.33346
      vertex 24.9825 -8.32053 5.30497
    endloop
  endfacet
  facet normal -0.287326 0.0430549 0.956865
    outer loop
      vertex 25.0804 -8.31572 5.33346
      vertex 25.0853 -8.28302 5.33346
      vertex 24.9918 -8.27382 5.30497
    endloop
  endfacet
  facet normal -0.0489708 0.9988 0
    outer loop
      vertex 24.8479 -9.24399 6.22593
      vertex 24.75 -9.24879 8.17259
      vertex 24.8479 -9.24399 8.17259
    endloop
  endfacet
  facet normal -0.0489708 0.9988 0
    outer loop
      vertex 24.75 -9.24879 8.17259
      vertex 24.8479 -9.24399 6.22593
      vertex 24.75 -9.24879 6.22593
    endloop
  endfacet
  facet normal -0.0379834 0.772436 0.633956
    outer loop
      vertex 24.8226 -8.98738 5.60344
      vertex 24.75 -8.99095 5.60344
      vertex 24.75 -9.05321 5.6793
    endloop
  endfacet
  facet normal 0 0.772994 0.634413
    outer loop
      vertex 24.75 -8.99095 5.60344
      vertex 23.75 -9.05321 5.6793
      vertex 24.75 -9.05321 5.6793
    endloop
  endfacet
  facet normal 0 0.772994 0.634413
    outer loop
      vertex 23.75 -9.05321 5.6793
      vertex 24.75 -8.99095 5.60344
      vertex 23.75 -8.99095 5.60344
    endloop
  endfacet
  facet normal -0.114702 0.457685 0.881685
    outer loop
      vertex 24.8503 -8.75422 5.41727
      vertex 24.8741 -8.65914 5.37101
      vertex 24.8334 -8.66934 5.37101
    endloop
  endfacet
  facet normal -0.0931192 0.371564 0.923726
    outer loop
      vertex 24.8741 -8.65914 5.37101
      vertex 24.8478 -8.57238 5.33346
      vertex 24.8334 -8.66934 5.37101
    endloop
  endfacet
  facet normal -0.443935 0.158882 0.881861
    outer loop
      vertex 25.225 -8.44674 5.41727
      vertex 25.242 -8.39924 5.41727
      vertex 25.1591 -8.37411 5.37101
    endloop
  endfacet
  facet normal -0.346292 0.163423 0.923783
    outer loop
      vertex 25.1271 -8.45155 5.37101
      vertex 25.145 -8.41362 5.37101
      vertex 25.0471 -8.40881 5.33346
    endloop
  endfacet
  facet normal -0.446504 0.331682 0.831036
    outer loop
      vertex 25.2453 -8.58095 5.47179
      vertex 25.1775 -8.53562 5.41727
      vertex 25.1474 -8.57614 5.41727
    endloop
  endfacet
  facet normal -0.37877 0.281366 0.881684
    outer loop
      vertex 25.1474 -8.57614 5.41727
      vertex 25.1775 -8.53562 5.41727
      vertex 25.0805 -8.52124 5.37101
    endloop
  endfacet
  facet normal -0.233412 0.173078 0.956851
    outer loop
      vertex 25.0301 -8.43717 5.33346
      vertex 24.952 -8.38499 5.30497
      vertex 24.9378 -8.40414 5.30497
    endloop
  endfacet
  facet normal -0.249232 0.149399 0.956851
    outer loop
      vertex 25.0301 -8.43717 5.33346
      vertex 25.0471 -8.40881 5.33346
      vertex 24.952 -8.38499 5.30497
    endloop
  endfacet
  facet normal -0.446648 0.330991 0.831234
    outer loop
      vertex 25.2105 -8.62791 5.47179
      vertex 25.2453 -8.58095 5.47179
      vertex 25.1474 -8.57614 5.41727
    endloop
  endfacet
  facet normal -0.476956 0.28549 0.831269
    outer loop
      vertex 25.2754 -8.53081 5.47179
      vertex 25.2034 -8.49235 5.41727
      vertex 25.1775 -8.53562 5.41727
    endloop
  endfacet
  facet normal -0.421133 0.568705 0.706556
    outer loop
      vertex 25.1616 -8.86608 5.60344
      vertex 25.2201 -8.82276 5.60344
      vertex 25.1231 -8.80838 5.53405
    endloop
  endfacet
  facet normal -0.567861 0.421631 0.706937
    outer loop
      vertex 25.3228 -8.72005 5.60344
      vertex 25.3084 -8.6231 5.53405
      vertex 25.2691 -8.67603 5.53405
    endloop
  endfacet
  facet normal -0.628155 0.0923438 0.772589
    outer loop
      vertex 25.4087 -8.38101 5.53405
      vertex 25.3428 -8.30839 5.47179
      vertex 25.3343 -8.36621 5.47179
    endloop
  endfacet
  facet normal -0.699739 0.103045 0.706928
    outer loop
      vertex 25.4874 -8.32263 5.60344
      vertex 25.4183 -8.31582 5.53405
      vertex 25.4087 -8.38101 5.53405
    endloop
  endfacet
  facet normal -0.727992 0.259962 0.634387
    outer loop
      vertex 25.4921 -8.55737 5.6793
      vertex 25.5186 -8.48316 5.6793
      vertex 25.4345 -8.53355 5.60344
    endloop
  endfacet
  facet normal -0.78322 0.279684 0.555287
    outer loop
      vertex 25.5708 -8.49899 5.7609
      vertex 25.5186 -8.48316 5.6793
      vertex 25.4921 -8.55737 5.6793
    endloop
  endfacet
  facet normal -0.201887 -0.426506 0.881666
    outer loop
      vertex 24.9515 8.62707 5.37101
      vertex 24.9467 8.72497 5.41727
      vertex 24.9136 8.64501 5.37101
    endloop
  endfacet
  facet normal -0.201752 -0.426512 0.881694
    outer loop
      vertex 24.9515 8.62707 5.37101
      vertex 24.9923 8.7034 5.41727
      vertex 24.9467 8.72497 5.41727
    endloop
  endfacet
  facet normal -0.0980004 -0.273592 0.95684
    outer loop
      vertex 24.8789 8.56124 5.33346
      vertex 24.8478 8.57238 5.33346
      vertex 24.8205 8.48252 5.30497
    endloop
  endfacet
  facet normal -0.124196 -0.262808 0.956821
    outer loop
      vertex 24.9088 8.54711 5.33346
      vertex 24.8789 8.56124 5.33346
      vertex 24.843 8.47448 5.30497
    endloop
  endfacet
  facet normal -0.145211 -0.130649 0.980737
    outer loop
      vertex 24.8634 8.34308 5.28582
      vertex 24.9378 8.40414 5.30497
      vertex 24.8538 8.35375 5.28582
    endloop
  endfacet
  facet normal -0.0728733 -0.0655655 0.995184
    outer loop
      vertex 24.8634 8.34308 5.28582
      vertex 24.8538 8.35375 5.28582
      vertex 24.7879 8.28113 5.27621
    endloop
  endfacet
  facet normal -0.0142698 -0.290274 0.956837
    outer loop
      vertex 24.7738 8.49181 5.30497
      vertex 24.783 8.58527 5.33346
      vertex 24.75 8.49298 5.30497
    endloop
  endfacet
  facet normal -0.0287128 -0.193233 0.980733
    outer loop
      vertex 24.7786 8.39391 5.28582
      vertex 24.7974 8.48831 5.30497
      vertex 24.7644 8.39602 5.28582
    endloop
  endfacet
  facet normal -0.167406 -0.100689 0.980733
    outer loop
      vertex 24.9643 8.36454 5.30497
      vertex 24.952 8.38499 5.30497
      vertex 24.8794 8.31917 5.28582
    endloop
  endfacet
  facet normal -0.167628 -0.100441 0.98072
    outer loop
      vertex 24.8794 8.31917 5.28582
      vertex 24.952 8.38499 5.30497
      vertex 24.872 8.33152 5.28582
    endloop
  endfacet
  facet normal -0.0325729 -0.092491 0.995181
    outer loop
      vertex 24.7688 8.29533 5.27621
      vertex 24.8062 8.38556 5.28582
      vertex 24.7642 8.29695 5.27621
    endloop
  endfacet
  facet normal -0.0473859 -0.189544 0.980728
    outer loop
      vertex 24.7926 8.39041 5.28582
      vertex 24.8205 8.48252 5.30497
      vertex 24.7786 8.39391 5.28582
    endloop
  endfacet
  facet normal -0.0562377 -0.378874 0.923738
    outer loop
      vertex 24.8334 8.66934 5.37101
      vertex 24.7919 8.6755 5.37101
      vertex 24.783 8.58527 5.33346
    endloop
  endfacet
  facet normal -0.0426387 -0.287481 0.956837
    outer loop
      vertex 24.8157 8.58042 5.33346
      vertex 24.783 8.58527 5.33346
      vertex 24.7738 8.49181 5.30497
    endloop
  endfacet
  facet normal -0.173308 -0.233248 0.956849
    outer loop
      vertex 24.9637 8.51042 5.33346
      vertex 24.9372 8.53011 5.33346
      vertex 24.9041 8.43783 5.30497
    endloop
  endfacet
  facet normal -0.116547 -0.156764 0.980735
    outer loop
      vertex 24.9041 8.43783 5.30497
      vertex 24.885 8.45203 5.30497
      vertex 24.8315 8.372 5.28582
    endloop
  endfacet
  facet normal -0.460717 0.621159 0.633957
    outer loop
      vertex 25.1962 -8.91784 5.6793
      vertex 25.2595 -8.87089 5.6793
      vertex 25.1616 -8.86608 5.60344
    endloop
  endfacet
  facet normal -0.558384 0.616475 0.555127
    outer loop
      vertex 25.2941 -8.91303 5.7609
      vertex 25.3565 -8.85651 5.7609
      vertex 25.2595 -8.87089 5.6793
    endloop
  endfacet
  facet normal -0.364078 0.606796 0.706573
    outer loop
      vertex 25.1616 -8.86608 5.60344
      vertex 25.1231 -8.80838 5.53405
      vertex 25.0993 -8.90346 5.60344
    endloop
  endfacet
  facet normal -0.397894 0.663157 0.633959
    outer loop
      vertex 25.1962 -8.91784 5.6793
      vertex 25.1616 -8.86608 5.60344
      vertex 25.0993 -8.90346 5.60344
    endloop
  endfacet
  facet normal -0.457615 -0.114685 0.881723
    outer loop
      vertex 25.1693 8.33341 5.37101
      vertex 25.2542 8.3503 5.41727
      vertex 25.1591 8.37411 5.37101
    endloop
  endfacet
  facet normal -0.45752 -0.114053 0.881854
    outer loop
      vertex 25.2542 8.3503 5.41727
      vertex 25.242 8.39924 5.41727
      vertex 25.1591 8.37411 5.37101
    endloop
  endfacet
  facet normal -0.502374 -0.237914 0.831275
    outer loop
      vertex 25.225 8.44674 5.41727
      vertex 25.2754 8.53081 5.47179
      vertex 25.2034 8.49235 5.41727
    endloop
  endfacet
  facet normal -0.426518 -0.20199 0.881636
    outer loop
      vertex 25.225 8.44674 5.41727
      vertex 25.2034 8.49235 5.41727
      vertex 25.1271 8.45155 5.37101
    endloop
  endfacet
  facet normal -0.404442 -0.242733 0.881764
    outer loop
      vertex 25.1271 8.45155 5.37101
      vertex 25.1775 8.53562 5.41727
      vertex 25.1055 8.48754 5.37101
    endloop
  endfacet
  facet normal -0.328381 -0.197083 0.923755
    outer loop
      vertex 25.1271 8.45155 5.37101
      vertex 25.1055 8.48754 5.37101
      vertex 25.0301 8.43717 5.33346
    endloop
  endfacet
  facet normal -0.572985 -0.519023 0.634274
    outer loop
      vertex 25.3709 8.75955 5.6793
      vertex 25.318 8.81795 5.6793
      vertex 25.2739 8.77393 5.60344
    endloop
  endfacet
  facet normal -0.616596 -0.558526 0.554849
    outer loop
      vertex 25.3709 8.75955 5.6793
      vertex 25.3565 8.85651 5.7609
      vertex 25.318 8.81795 5.6793
    endloop
  endfacet
  facet normal 0 0.923904 0.382625
    outer loop
      vertex 24.75 -9.15399 5.84744
      vertex 23.75 -9.19154 5.93811
      vertex 24.75 -9.19154 5.93811
    endloop
  endfacet
  facet normal 0 0.923904 0.382625
    outer loop
      vertex 23.75 -9.19154 5.93811
      vertex 24.75 -9.15399 5.84744
      vertex 23.75 -9.15399 5.84744
    endloop
  endfacet
  facet normal -0.0481071 0.979654 0.194845
    outer loop
      vertex 24.847 -9.23441 6.12827
      vertex 24.8451 -9.21536 6.03202
      vertex 24.75 -9.22003 6.03202
    endloop
  endfacet
  facet normal -0.0469137 0.955879 0.28999
    outer loop
      vertex 24.8423 -9.18701 5.93811
      vertex 24.75 -9.19154 5.93811
      vertex 24.75 -9.22003 6.03202
    endloop
  endfacet
  facet normal -0.214213 0.855805 0.470862
    outer loop
      vertex 25.0124 -9.11506 5.84744
      vertex 24.999 -9.0708 5.7609
      vertex 24.9173 -9.09125 5.7609
    endloop
  endfacet
  facet normal -0.140451 0.946699 0.289887
    outer loop
      vertex 24.9392 -9.20139 6.03202
      vertex 24.9337 -9.17345 5.93811
      vertex 24.8423 -9.18701 5.93811
    endloop
  endfacet
  facet normal -0.19693 0.328674 0.923684
    outer loop
      vertex 24.9515 -8.62707 5.37101
      vertex 24.9875 -8.6055 5.37101
      vertex 24.9372 -8.53011 5.33346
    endloop
  endfacet
  facet normal -0.195122 0.215337 0.956848
    outer loop
      vertex 24.9637 -8.51042 5.33346
      vertex 24.9882 -8.48822 5.33346
      vertex 24.9041 -8.43783 5.30497
    endloop
  endfacet
  facet normal -0.797384 0.377262 0.471012
    outer loop
      vertex 25.5472 -8.67614 5.84744
      vertex 25.5424 -8.57824 5.7609
      vertex 25.5064 -8.65433 5.7609
    endloop
  endfacet
  facet normal -0.756654 0.453456 0.471012
    outer loop
      vertex 25.5472 -8.67614 5.84744
      vertex 25.5064 -8.65433 5.7609
      vertex 25.5016 -8.75223 5.84744
    endloop
  endfacet
  facet normal -0.621639 0.460509 0.633637
    outer loop
      vertex 25.3709 -8.75955 5.6793
      vertex 25.4178 -8.69624 5.6793
      vertex 25.3661 -8.66165 5.60344
    endloop
  endfacet
  facet normal -0.712854 0.428071 0.555513
    outer loop
      vertex 25.4632 -8.72653 5.7609
      vertex 25.4584 -8.62863 5.6793
      vertex 25.4178 -8.69624 5.6793
    endloop
  endfacet
  facet normal -0.257163 0.283911 0.923721
    outer loop
      vertex 25.0212 -8.5805 5.37101
      vertex 25.0523 -8.55233 5.37101
      vertex 24.9882 -8.48822 5.33346
    endloop
  endfacet
  facet normal -0.316754 0.3497 0.88169
    outer loop
      vertex 25.1135 -8.61353 5.41727
      vertex 25.0523 -8.55233 5.37101
      vertex 25.0212 -8.5805 5.37101
    endloop
  endfacet
  facet normal -0.201752 0.426512 0.881694
    outer loop
      vertex 24.9923 -8.7034 5.41727
      vertex 24.9515 -8.62707 5.37101
      vertex 24.9467 -8.72497 5.41727
    endloop
  endfacet
  facet normal -0.242474 0.404746 0.881695
    outer loop
      vertex 24.9923 -8.7034 5.41727
      vertex 25.0356 -8.67746 5.41727
      vertex 24.9515 -8.62707 5.37101
    endloop
  endfacet
  facet normal -0.129156 0.36057 0.923747
    outer loop
      vertex 24.9136 -8.64501 5.37101
      vertex 24.8789 -8.56124 5.33346
      vertex 24.8478 -8.57238 5.33346
    endloop
  endfacet
  facet normal -0.163645 0.346284 0.923747
    outer loop
      vertex 24.9136 -8.64501 5.37101
      vertex 24.9088 -8.54711 5.33346
      vertex 24.8789 -8.56124 5.33346
    endloop
  endfacet
  facet normal -0.45752 0.114053 0.881854
    outer loop
      vertex 25.242 -8.39924 5.41727
      vertex 25.2542 -8.3503 5.41727
      vertex 25.1591 -8.37411 5.37101
    endloop
  endfacet
  facet normal -0.371709 0.0927244 0.923707
    outer loop
      vertex 25.1693 -8.33341 5.37101
      vertex 25.0804 -8.31572 5.33346
      vertex 25.0724 -8.34779 5.33346
    endloop
  endfacet
  facet normal -0.404442 0.242733 0.881764
    outer loop
      vertex 25.1775 -8.53562 5.41727
      vertex 25.1271 -8.45155 5.37101
      vertex 25.1055 -8.48754 5.37101
    endloop
  endfacet
  facet normal -0.37885 0.281046 0.881752
    outer loop
      vertex 25.1775 -8.53562 5.41727
      vertex 25.1055 -8.48754 5.37101
      vertex 25.0805 -8.52124 5.37101
    endloop
  endfacet
  facet normal -0.663506 0.397869 0.633609
    outer loop
      vertex 25.4178 -8.69624 5.6793
      vertex 25.4035 -8.59928 5.60344
      vertex 25.3661 -8.66165 5.60344
    endloop
  endfacet
  facet normal -0.699164 0.330646 0.633912
    outer loop
      vertex 25.4584 -8.62863 5.6793
      vertex 25.4921 -8.55737 5.6793
      vertex 25.4035 -8.59928 5.60344
    endloop
  endfacet
  facet normal -0.476871 0.286275 0.831048
    outer loop
      vertex 25.2453 -8.58095 5.47179
      vertex 25.2754 -8.53081 5.47179
      vertex 25.1775 -8.53562 5.41727
    endloop
  endfacet
  facet normal -0.544341 0.326778 0.772599
    outer loop
      vertex 25.3423 -8.56657 5.53405
      vertex 25.2754 -8.53081 5.47179
      vertex 25.2453 -8.58095 5.47179
    endloop
  endfacet
  facet normal -0.421513 0.567958 0.706931
    outer loop
      vertex 25.2201 -8.82276 5.60344
      vertex 25.176 -8.76912 5.53405
      vertex 25.1231 -8.80838 5.53405
    endloop
  endfacet
  facet normal -0.330898 0.699107 0.633842
    outer loop
      vertex 25.1286 -8.95837 5.6793
      vertex 25.0993 -8.90346 5.60344
      vertex 25.0574 -8.99207 5.6793
    endloop
  endfacet
  facet normal -0.572985 0.519023 0.634274
    outer loop
      vertex 25.318 -8.81795 5.6793
      vertex 25.3709 -8.75955 5.6793
      vertex 25.2739 -8.77393 5.60344
    endloop
  endfacet
  facet normal -0.616596 0.558526 0.554849
    outer loop
      vertex 25.3565 -8.85651 5.7609
      vertex 25.3709 -8.75955 5.6793
      vertex 25.318 -8.81795 5.6793
    endloop
  endfacet
  facet normal -0.519984 0.572909 0.633555
    outer loop
      vertex 25.2595 -8.87089 5.6793
      vertex 25.2739 -8.77393 5.60344
      vertex 25.2201 -8.82276 5.60344
    endloop
  endfacet
  facet normal -0.460412 0.621748 0.633601
    outer loop
      vertex 25.2595 -8.87089 5.6793
      vertex 25.2201 -8.82276 5.60344
      vertex 25.1616 -8.86608 5.60344
    endloop
  endfacet
  facet normal -0.628055 0.0924886 0.772653
    outer loop
      vertex 25.4087 -8.38101 5.53405
      vertex 25.4183 -8.31582 5.53405
      vertex 25.3428 -8.30839 5.47179
    endloop
  endfacet
  facet normal -0.63403 0.0317882 0.772655
    outer loop
      vertex 25.4183 -8.31582 5.53405
      vertex 25.4216 -8.25 5.53405
      vertex 25.3428 -8.30839 5.47179
    endloop
  endfacet
  facet normal -0.749946 0.188178 0.634169
    outer loop
      vertex 25.5378 -8.4067 5.6793
      vertex 25.4767 -8.39455 5.60344
      vertex 25.459 -8.46509 5.60344
    endloop
  endfacet
  facet normal -0.597736 0.213856 0.772643
    outer loop
      vertex 25.3704 -8.50699 5.53405
      vertex 25.3926 -8.44494 5.53405
      vertex 25.32 -8.42292 5.47179
    endloop
  endfacet
  facet normal -0.0657494 -0.184 0.980725
    outer loop
      vertex 24.843 8.47448 5.30497
      vertex 24.8205 8.48252 5.30497
      vertex 24.8062 8.38556 5.28582
    endloop
  endfacet
  facet normal -0.0978112 -0.273725 0.956821
    outer loop
      vertex 24.843 8.47448 5.30497
      vertex 24.8789 8.56124 5.33346
      vertex 24.8205 8.48252 5.30497
    endloop
  endfacet
  facet normal -0.116217 -0.157123 0.980717
    outer loop
      vertex 24.8431 8.36342 5.28582
      vertex 24.9041 8.43783 5.30497
      vertex 24.8315 8.372 5.28582
    endloop
  endfacet
  facet normal -0.0591398 -0.0783035 0.995174
    outer loop
      vertex 24.7811 8.28793 5.27621
      vertex 24.8315 8.372 5.28582
      vertex 24.7773 8.2908 5.27621
    endloop
  endfacet
  facet normal -0.0286602 -0.193252 0.980731
    outer loop
      vertex 24.7974 8.48831 5.30497
      vertex 24.7738 8.49181 5.30497
      vertex 24.7644 8.39602 5.28582
    endloop
  endfacet
  facet normal -0.00962052 -0.19512 0.980732
    outer loop
      vertex 24.7644 8.39602 5.28582
      vertex 24.7738 8.49181 5.30497
      vertex 24.75 8.39673 5.28582
    endloop
  endfacet
  facet normal -0.0329246 -0.0923247 0.995184
    outer loop
      vertex 24.8062 8.38556 5.28582
      vertex 24.7926 8.39041 5.28582
      vertex 24.7642 8.29695 5.27621
    endloop
  endfacet
  facet normal -0.0237761 -0.0951045 0.995183
    outer loop
      vertex 24.7926 8.39041 5.28582
      vertex 24.7786 8.39391 5.28582
      vertex 24.7642 8.29695 5.27621
    endloop
  endfacet
  facet normal -0.0561971 -0.378896 0.923731
    outer loop
      vertex 24.8157 8.58042 5.33346
      vertex 24.8334 8.66934 5.37101
      vertex 24.783 8.58527 5.33346
    endloop
  endfacet
  facet normal -0.0930632 -0.371558 0.923734
    outer loop
      vertex 24.8478 8.57238 5.33346
      vertex 24.8334 8.66934 5.37101
      vertex 24.8157 8.58042 5.33346
    endloop
  endfacet
  facet normal -0.47504 0.792601 0.382256
    outer loop
      vertex 25.1938 -9.08037 5.93811
      vertex 25.2522 -9.00164 5.84744
      vertex 25.1761 -9.04725 5.84744
    endloop
  endfacet
  facet normal -0.453496 0.756656 0.47097
    outer loop
      vertex 25.1761 -9.04725 5.84744
      vertex 25.2522 -9.00164 5.84744
      vertex 25.1543 -9.00645 5.7609
    endloop
  endfacet
  facet normal -0.495516 0.668067 0.555113
    outer loop
      vertex 25.2941 -8.91303 5.7609
      vertex 25.2595 -8.87089 5.6793
      vertex 25.2265 -8.96317 5.7609
    endloop
  endfacet
  facet normal -0.302593 0.639446 0.706786
    outer loop
      vertex 25.0336 -8.93455 5.60344
      vertex 25.0993 -8.90346 5.60344
      vertex 25.007 -8.87044 5.53405
    endloop
  endfacet
  facet normal -0.260447 0.728189 0.633962
    outer loop
      vertex 24.9832 -9.01862 5.6793
      vertex 25.0336 -8.93455 5.60344
      vertex 24.9651 -8.95905 5.60344
    endloop
  endfacet
  facet normal -0.238125 0.666108 0.706822
    outer loop
      vertex 24.9651 -8.95905 5.60344
      vertex 25.007 -8.87044 5.53405
      vertex 24.9449 -8.89264 5.53405
    endloop
  endfacet
  facet normal -0.668162 -0.494974 0.555482
    outer loop
      vertex 25.4178 8.69624 5.6793
      vertex 25.4632 8.72653 5.7609
      vertex 25.3709 8.75955 5.6793
    endloop
  endfacet
  facet normal -0.712854 -0.428071 0.555513
    outer loop
      vertex 25.4584 8.62863 5.6793
      vertex 25.4632 8.72653 5.7609
      vertex 25.4178 8.69624 5.6793
    endloop
  endfacet
  facet normal -0.14054 0.94666 0.289972
    outer loop
      vertex 24.8451 -9.21536 6.03202
      vertex 24.9392 -9.20139 6.03202
      vertex 24.8423 -9.18701 5.93811
    endloop
  endfacet
  facet normal -0.144034 0.970196 0.194867
    outer loop
      vertex 24.847 -9.23441 6.12827
      vertex 24.9392 -9.20139 6.03202
      vertex 24.8451 -9.21536 6.03202
    endloop
  endfacet
  facet normal -0.297213 0.830565 0.470985
    outer loop
      vertex 25.0959 -9.08518 5.84744
      vertex 25.0782 -9.04244 5.7609
      vertex 25.0124 -9.11506 5.84744
    endloop
  endfacet
  facet normal -0.311328 0.870009 0.382307
    outer loop
      vertex 25.1103 -9.11987 5.93811
      vertex 25.0959 -9.08518 5.84744
      vertex 25.0124 -9.11506 5.84744
    endloop
  endfacet
  facet normal -0.224712 0.896347 0.382187
    outer loop
      vertex 24.9337 -9.17345 5.93811
      vertex 25.0124 -9.11506 5.84744
      vertex 24.9264 -9.13662 5.84744
    endloop
  endfacet
  facet normal -0.224584 0.896335 0.38229
    outer loop
      vertex 25.0233 -9.151 5.93811
      vertex 25.0124 -9.11506 5.84744
      vertex 24.9337 -9.17345 5.93811
    endloop
  endfacet
  facet normal -0.228296 0.307743 0.923675
    outer loop
      vertex 24.9875 -8.6055 5.37101
      vertex 25.0212 -8.5805 5.37101
      vertex 24.9372 -8.53011 5.33346
    endloop
  endfacet
  facet normal -0.281097 0.378918 0.881706
    outer loop
      vertex 25.0356 -8.67746 5.41727
      vertex 25.0212 -8.5805 5.37101
      vertex 24.9875 -8.6055 5.37101
    endloop
  endfacet
  facet normal -0.158932 0.444291 0.881672
    outer loop
      vertex 24.9467 -8.72497 5.41727
      vertex 24.9136 -8.64501 5.37101
      vertex 24.8741 -8.65914 5.37101
    endloop
  endfacet
  facet normal -0.15899 0.444238 0.881688
    outer loop
      vertex 24.8992 -8.74197 5.41727
      vertex 24.9467 -8.72497 5.41727
      vertex 24.8741 -8.65914 5.37101
    endloop
  endfacet
  facet normal -0.444246 0.158539 0.881766
    outer loop
      vertex 25.225 -8.44674 5.41727
      vertex 25.1591 -8.37411 5.37101
      vertex 25.145 -8.41362 5.37101
    endloop
  endfacet
  facet normal -0.378864 0.0567717 0.923709
    outer loop
      vertex 25.1693 -8.33341 5.37101
      vertex 25.0853 -8.28302 5.33346
      vertex 25.0804 -8.31572 5.33346
    endloop
  endfacet
  facet normal -0.360934 0.128807 0.923653
    outer loop
      vertex 25.145 -8.41362 5.37101
      vertex 25.1591 -8.37411 5.37101
      vertex 25.0724 -8.34779 5.33346
    endloop
  endfacet
  facet normal -0.360272 0.129619 0.923798
    outer loop
      vertex 25.145 -8.41362 5.37101
      vertex 25.0724 -8.34779 5.33346
      vertex 25.0612 -8.37892 5.33346
    endloop
  endfacet
  facet normal -0.466803 0.0697393 0.881607
    outer loop
      vertex 25.2616 -8.30039 5.41727
      vertex 25.1755 -8.29191 5.37101
      vertex 25.1693 -8.33341 5.37101
    endloop
  endfacet
  facet normal -0.378948 0.0566138 0.923685
    outer loop
      vertex 25.1693 -8.33341 5.37101
      vertex 25.1755 -8.29191 5.37101
      vertex 25.0853 -8.28302 5.33346
    endloop
  endfacet
  facet normal -0.60678 0.363875 0.706691
    outer loop
      vertex 25.4035 -8.59928 5.60344
      vertex 25.3423 -8.56657 5.53405
      vertex 25.3084 -8.6231 5.53405
    endloop
  endfacet
  facet normal -0.639934 0.301815 0.706677
    outer loop
      vertex 25.4035 -8.59928 5.60344
      vertex 25.3704 -8.50699 5.53405
      vertex 25.3423 -8.56657 5.53405
    endloop
  endfacet
  facet normal -0.572756 0.519817 0.63383
    outer loop
      vertex 25.3709 -8.75955 5.6793
      vertex 25.3228 -8.72005 5.60344
      vertex 25.2739 -8.77393 5.60344
    endloop
  endfacet
  facet normal -0.524735 0.474981 0.706432
    outer loop
      vertex 25.2739 -8.77393 5.60344
      vertex 25.2691 -8.67603 5.53405
      vertex 25.2249 -8.72486 5.53405
    endloop
  endfacet
  facet normal -0.426551 0.201299 0.881778
    outer loop
      vertex 25.225 -8.44674 5.41727
      vertex 25.145 -8.41362 5.37101
      vertex 25.1271 -8.45155 5.37101
    endloop
  endfacet
  facet normal -0.523779 0.18652 0.831183
    outer loop
      vertex 25.3004 -8.47796 5.47179
      vertex 25.32 -8.42292 5.47179
      vertex 25.225 -8.44674 5.41727
    endloop
  endfacet
  facet normal -0.509981 0.377925 0.772717
    outer loop
      vertex 25.3084 -8.6231 5.53405
      vertex 25.2453 -8.58095 5.47179
      vertex 25.2105 -8.62791 5.47179
    endloop
  endfacet
  facet normal -0.523768 0.475357 0.706897
    outer loop
      vertex 25.2739 -8.77393 5.60344
      vertex 25.3228 -8.72005 5.60344
      vertex 25.2691 -8.67603 5.53405
    endloop
  endfacet
  facet normal -0.474944 0.524735 0.706457
    outer loop
      vertex 25.2739 -8.77393 5.60344
      vertex 25.2249 -8.72486 5.53405
      vertex 25.176 -8.76912 5.53405
    endloop
  endfacet
  facet normal -0.470291 0.426747 0.772472
    outer loop
      vertex 25.2691 -8.67603 5.53405
      vertex 25.2105 -8.62791 5.47179
      vertex 25.1712 -8.67122 5.47179
    endloop
  endfacet
  facet normal -0.326566 0.544599 0.772507
    outer loop
      vertex 25.1231 -8.80838 5.53405
      vertex 25.081 -8.74531 5.47179
      vertex 25.0666 -8.84226 5.53405
    endloop
  endfacet
  facet normal -0.378619 0.509826 0.77248
    outer loop
      vertex 25.1231 -8.80838 5.53405
      vertex 25.1279 -8.71048 5.47179
      vertex 25.081 -8.74531 5.47179
    endloop
  endfacet
  facet normal -0.728058 0.260553 0.634069
    outer loop
      vertex 25.5186 -8.48316 5.6793
      vertex 25.459 -8.46509 5.60344
      vertex 25.4345 -8.53355 5.60344
    endloop
  endfacet
  facet normal -0.666185 0.23841 0.706653
    outer loop
      vertex 25.4345 -8.53355 5.60344
      vertex 25.459 -8.46509 5.60344
      vertex 25.3704 -8.50699 5.53405
    endloop
  endfacet
  facet normal -0.0706616 -0.281914 0.956834
    outer loop
      vertex 24.8205 8.48252 5.30497
      vertex 24.8157 8.58042 5.33346
      vertex 24.7974 8.48831 5.30497
    endloop
  endfacet
  facet normal -0.0706099 -0.281913 0.956838
    outer loop
      vertex 24.8205 8.48252 5.30497
      vertex 24.8478 8.57238 5.33346
      vertex 24.8157 8.58042 5.33346
    endloop
  endfacet
  facet normal -0.100301 -0.167713 0.98072
    outer loop
      vertex 24.885 8.45203 5.30497
      vertex 24.8645 8.46429 5.30497
      vertex 24.8192 8.3794 5.28582
    endloop
  endfacet
  facet normal -0.0836745 -0.176586 0.980722
    outer loop
      vertex 24.8192 8.3794 5.28582
      vertex 24.8645 8.46429 5.30497
      vertex 24.8062 8.38556 5.28582
    endloop
  endfacet
  facet normal -0.131027 -0.144983 0.98072
    outer loop
      vertex 24.8538 8.35375 5.28582
      vertex 24.9041 8.43783 5.30497
      vertex 24.8431 8.36342 5.28582
    endloop
  endfacet
  facet normal -0.0657162 -0.0727159 0.995185
    outer loop
      vertex 24.8538 8.35375 5.28582
      vertex 24.8431 8.36342 5.28582
      vertex 24.7811 8.28793 5.27621
    endloop
  endfacet
  facet normal -0.525288 0.708667 0.471023
    outer loop
      vertex 25.2522 -9.00164 5.84744
      vertex 25.3235 -8.94879 5.84744
      vertex 25.2265 -8.96317 5.7609
    endloop
  endfacet
  facet normal -0.453539 0.756598 0.471022
    outer loop
      vertex 25.2522 -9.00164 5.84744
      vertex 25.2265 -8.96317 5.7609
      vertex 25.1543 -9.00645 5.7609
    endloop
  endfacet
  facet normal -0.113475 0.765001 0.633953
    outer loop
      vertex 24.8287 -9.04934 5.6793
      vertex 24.9067 -9.03777 5.6793
      vertex 24.8226 -8.98738 5.60344
    endloop
  endfacet
  facet normal -0.201987 0.806895 0.555088
    outer loop
      vertex 24.999 -9.0708 5.7609
      vertex 24.9832 -9.01862 5.6793
      vertex 24.9067 -9.03777 5.6793
    endloop
  endfacet
  facet normal -0.457615 0.114685 0.881723
    outer loop
      vertex 25.2542 -8.3503 5.41727
      vertex 25.1693 -8.33341 5.37101
      vertex 25.1591 -8.37411 5.37101
    endloop
  endfacet
  facet normal -0.466665 0.069191 0.881723
    outer loop
      vertex 25.2542 -8.3503 5.41727
      vertex 25.2616 -8.30039 5.41727
      vertex 25.1693 -8.33341 5.37101
    endloop
  endfacet
  facet normal -0.523866 0.187489 0.830911
    outer loop
      vertex 25.32 -8.42292 5.47179
      vertex 25.242 -8.39924 5.41727
      vertex 25.225 -8.44674 5.41727
    endloop
  endfacet
  facet normal -0.502582 0.23774 0.831198
    outer loop
      vertex 25.2754 -8.53081 5.47179
      vertex 25.3004 -8.47796 5.47179
      vertex 25.225 -8.44674 5.41727
    endloop
  endfacet
  facet normal -0.382643 0.0191732 0.923697
    outer loop
      vertex 25.1755 -8.29191 5.37101
      vertex 25.1776 -8.25 5.37101
      vertex 25.0853 -8.28302 5.33346
    endloop
  endfacet
  facet normal -0.471356 0.0236184 0.881627
    outer loop
      vertex 25.2616 -8.30039 5.41727
      vertex 25.1776 -8.25 5.37101
      vertex 25.1755 -8.29191 5.37101
    endloop
  endfacet
  facet normal -0.425912 0.470563 0.772767
    outer loop
      vertex 25.176 -8.76912 5.53405
      vertex 25.2249 -8.72486 5.53405
      vertex 25.1712 -8.67122 5.47179
    endloop
  endfacet
  facet normal -0.470531 0.425916 0.772785
    outer loop
      vertex 25.2249 -8.72486 5.53405
      vertex 25.2691 -8.67603 5.53405
      vertex 25.1712 -8.67122 5.47179
    endloop
  endfacet
  facet normal -0.6864 0.172862 0.706381
    outer loop
      vertex 25.4767 -8.39455 5.60344
      vertex 25.4087 -8.38101 5.53405
      vertex 25.3926 -8.44494 5.53405
    endloop
  endfacet
  facet normal -0.686253 0.172196 0.706686
    outer loop
      vertex 25.459 -8.46509 5.60344
      vertex 25.4767 -8.39455 5.60344
      vertex 25.3926 -8.44494 5.53405
    endloop
  endfacet
  facet normal -0.124453 -0.262586 0.956849
    outer loop
      vertex 24.8645 8.46429 5.30497
      vertex 24.9088 8.54711 5.33346
      vertex 24.843 8.47448 5.30497
    endloop
  endfacet
  facet normal -0.149142 -0.249381 0.956852
    outer loop
      vertex 24.885 8.45203 5.30497
      vertex 24.9088 8.54711 5.33346
      vertex 24.8645 8.46429 5.30497
    endloop
  endfacet
  facet normal -0.171933 0.686229 0.706774
    outer loop
      vertex 24.8946 -8.97671 5.60344
      vertex 24.9449 -8.89264 5.53405
      vertex 24.881 -8.90865 5.53405
    endloop
  endfacet
  facet normal -0.171896 0.686221 0.706791
    outer loop
      vertex 24.9651 -8.95905 5.60344
      vertex 24.9449 -8.89264 5.53405
      vertex 24.8946 -8.97671 5.60344
    endloop
  endfacet
  facet normal -0.330825 0.699106 0.633881
    outer loop
      vertex 25.0574 -8.99207 5.6793
      vertex 25.0993 -8.90346 5.60344
      vertex 25.0336 -8.93455 5.60344
    endloop
  endfacet
  facet normal -0.280234 0.783176 0.555071
    outer loop
      vertex 24.999 -9.0708 5.7609
      vertex 25.0574 -8.99207 5.6793
      vertex 24.9832 -9.01862 5.6793
    endloop
  endfacet
  facet normal -0.201973 0.806906 0.555076
    outer loop
      vertex 24.9173 -9.09125 5.7609
      vertex 24.999 -9.0708 5.7609
      vertex 24.9067 -9.03777 5.6793
    endloop
  endfacet
  facet normal -0.122046 0.822782 0.555099
    outer loop
      vertex 24.9173 -9.09125 5.7609
      vertex 24.9067 -9.03777 5.6793
      vertex 24.8287 -9.04934 5.6793
    endloop
  endfacet
  facet normal -0.598488 0.213124 0.772263
    outer loop
      vertex 25.3704 -8.50699 5.53405
      vertex 25.32 -8.42292 5.47179
      vertex 25.3004 -8.47796 5.47179
    endloop
  endfacet
  facet normal -0.574251 0.271642 0.772299
    outer loop
      vertex 25.3704 -8.50699 5.53405
      vertex 25.3004 -8.47796 5.47179
      vertex 25.2754 -8.53081 5.47179
    endloop
  endfacet
  facet normal -0.397741 0.663392 0.633808
    outer loop
      vertex 25.1286 -8.95837 5.6793
      vertex 25.1962 -8.91784 5.6793
      vertex 25.0993 -8.90346 5.60344
    endloop
  endfacet
  facet normal -0.238248 0.666122 0.706766
    outer loop
      vertex 25.0336 -8.93455 5.60344
      vertex 25.007 -8.87044 5.53405
      vertex 24.9651 -8.95905 5.60344
    endloop
  endfacet
  facet normal -0.302436 0.639646 0.706672
    outer loop
      vertex 25.0993 -8.90346 5.60344
      vertex 25.0666 -8.84226 5.53405
      vertex 25.007 -8.87044 5.53405
    endloop
  endfacet
  facet normal -0.363872 0.606812 0.706666
    outer loop
      vertex 25.0993 -8.90346 5.60344
      vertex 25.1231 -8.80838 5.53405
      vertex 25.0666 -8.84226 5.53405
    endloop
  endfacet
  facet normal -0.113379 0.765068 0.63389
    outer loop
      vertex 24.9067 -9.03777 5.6793
      vertex 24.8946 -8.97671 5.60344
      vertex 24.8226 -8.98738 5.60344
    endloop
  endfacet
  facet normal -0.187938 0.750262 0.633866
    outer loop
      vertex 24.9067 -9.03777 5.6793
      vertex 24.9651 -8.95905 5.60344
      vertex 24.8946 -8.97671 5.60344
    endloop
  endfacet
  facet normal -1 0 0
    outer loop
      vertex 25.75 -9.25 -1.82621
      vertex 25.75 9.25 -1.825
      vertex 25.75 9.25 -1.82621
    endloop
  endfacet
  facet normal -1 -0 0
    outer loop
      vertex 25.75 9.25 -1.825
      vertex 25.75 -9.25 -1.82621
      vertex 25.75 -9.25 -1.825
    endloop
  endfacet
  facet normal -1 0 0
    outer loop
      vertex 25.75 -9.25 -8.17259
      vertex 25.75 9.25 -5.41129
      vertex 25.75 9.25 -8.17259
    endloop
  endfacet
  facet normal -1 -0 0
    outer loop
      vertex 25.75 9.25 -5.41129
      vertex 25.75 -9.25 -8.17259
      vertex 25.75 -9.25 -5.41129
    endloop
  endfacet
  facet normal 0 0 -1
    outer loop
      vertex 23.75 -9.25 -1.825
      vertex 25.75 9.25 -1.825
      vertex 25.75 -9.25 -1.825
    endloop
  endfacet
  facet normal -0 0 -1
    outer loop
      vertex 25.75 9.25 -1.825
      vertex 23.75 -9.25 -1.825
      vertex 23.75 9.25 -1.825
    endloop
  endfacet
  facet normal 0 1 0
    outer loop
      vertex 23.75 9.25 8.17259
      vertex 26.7991 9.25 -1.82621
      vertex 25.75 9.25 -1.825
    endloop
  endfacet
  facet normal 0 1 0
    outer loop
      vertex 31.8481 9.25 8.17259
      vertex 26.8967 9.25 -1.83582
      vertex 26.7991 9.25 -1.82621
    endloop
  endfacet
  facet normal 0 1 0
    outer loop
      vertex 31.8481 9.25 8.17259
      vertex 26.993 9.25 -1.85497
      vertex 26.8967 9.25 -1.83582
    endloop
  endfacet
  facet normal 0 1 0
    outer loop
      vertex 31.8481 9.25 8.17259
      vertex 27.0869 9.25 -1.88346
      vertex 26.993 9.25 -1.85497
    endloop
  endfacet
  facet normal 0 1 0
    outer loop
      vertex 33.7476 9.25 6.27313
      vertex 27.1776 9.25 -1.92101
      vertex 27.0869 9.25 -1.88346
    endloop
  endfacet
  facet normal 0 1 0
    outer loop
      vertex 33.7476 9.25 6.27313
      vertex 27.2641 9.25 -1.96727
      vertex 27.1776 9.25 -1.92101
    endloop
  endfacet
  facet normal 0 1 0
    outer loop
      vertex 33.7476 9.25 6.27313
      vertex 27.3457 9.25 -2.02179
      vertex 27.2641 9.25 -1.96727
    endloop
  endfacet
  facet normal 0 1 0
    outer loop
      vertex 33.7476 9.25 6.27313
      vertex 27.4216 9.25 -2.08405
      vertex 27.3457 9.25 -2.02179
    endloop
  endfacet
  facet normal 0 1 0
    outer loop
      vertex 33.7476 9.25 6.27313
      vertex 27.491 9.25 -2.15344
      vertex 27.4216 9.25 -2.08405
    endloop
  endfacet
  facet normal 0 1 0
    outer loop
      vertex 33.7476 9.25 6.27313
      vertex 27.5532 9.25 -2.2293
      vertex 27.491 9.25 -2.15344
    endloop
  endfacet
  facet normal 0 1 0
    outer loop
      vertex 33.7476 9.25 6.27313
      vertex 27.6077 9.25 -2.3109
      vertex 27.5532 9.25 -2.2293
    endloop
  endfacet
  facet normal 0 1 0
    outer loop
      vertex 33.7476 9.25 6.27313
      vertex 27.654 9.25 -2.39744
      vertex 27.6077 9.25 -2.3109
    endloop
  endfacet
  facet normal 0 1 0
    outer loop
      vertex 33.7476 9.25 6.27313
      vertex 27.6915 9.25 -2.48811
      vertex 27.654 9.25 -2.39744
    endloop
  endfacet
  facet normal 0 1 -0
    outer loop
      vertex 33.7476 9.25 -6.27313
      vertex 27.6915 9.25 -2.48811
      vertex 33.7476 9.25 6.27313
    endloop
  endfacet
  facet normal 0 1 0
    outer loop
      vertex 27.6915 9.25 -2.48811
      vertex 33.7476 9.25 -6.27313
      vertex 27.72 9.25 -2.58202
    endloop
  endfacet
  facet normal 0 1 0
    outer loop
      vertex 27.72 9.25 -2.58202
      vertex 33.7476 9.25 -6.27313
      vertex 27.7392 9.25 -2.67827
    endloop
  endfacet
  facet normal 0 1 0
    outer loop
      vertex 27.7392 9.25 -2.67827
      vertex 33.7476 9.25 -6.27313
      vertex 27.7488 9.25 -2.77593
    endloop
  endfacet
  facet normal 0 1 0
    outer loop
      vertex 27.7488 9.25 -2.77593
      vertex 33.7476 9.25 -6.27313
      vertex 27.7488 9.25 -4.46157
    endloop
  endfacet
  facet normal 0 1 0
    outer loop
      vertex 27.7488 9.25 -4.46157
      vertex 33.7476 9.25 -6.27313
      vertex 27.7392 9.25 -4.55923
    endloop
  endfacet
  facet normal 0 1 0
    outer loop
      vertex 27.7392 9.25 -4.55923
      vertex 33.7476 9.25 -6.27313
      vertex 27.72 9.25 -4.65548
    endloop
  endfacet
  facet normal 0 1 -0
    outer loop
      vertex 31.8481 9.25 -8.17259
      vertex 27.72 9.25 -4.65548
      vertex 33.7476 9.25 -6.27313
    endloop
  endfacet
  facet normal 0 1 0
    outer loop
      vertex 27.72 9.25 -4.65548
      vertex 31.8481 9.25 -8.17259
      vertex 27.6915 9.25 -4.74939
    endloop
  endfacet
  facet normal 0 1 0
    outer loop
      vertex 27.6915 9.25 -4.74939
      vertex 31.8481 9.25 -8.17259
      vertex 27.654 9.25 -4.84005
    endloop
  endfacet
  facet normal 0 1 0
    outer loop
      vertex 27.654 9.25 -4.84005
      vertex 31.8481 9.25 -8.17259
      vertex 27.6077 9.25 -4.9266
    endloop
  endfacet
  facet normal 0 1 0
    outer loop
      vertex 27.6077 9.25 -4.9266
      vertex 31.8481 9.25 -8.17259
      vertex 27.5532 9.25 -5.0082
    endloop
  endfacet
  facet normal 0 1 0
    outer loop
      vertex 27.5532 9.25 -5.0082
      vertex 31.8481 9.25 -8.17259
      vertex 27.491 9.25 -5.08406
    endloop
  endfacet
  facet normal 0 1 0
    outer loop
      vertex 27.491 9.25 -5.08406
      vertex 31.8481 9.25 -8.17259
      vertex 27.4216 9.25 -5.15345
    endloop
  endfacet
  facet normal 0 1 0
    outer loop
      vertex 27.4216 9.25 -5.15345
      vertex 31.8481 9.25 -8.17259
      vertex 27.3457 9.25 -5.21571
    endloop
  endfacet
  facet normal 0 1 0
    outer loop
      vertex 27.3457 9.25 -5.21571
      vertex 31.8481 9.25 -8.17259
      vertex 27.2641 9.25 -5.27023
    endloop
  endfacet
  facet normal 0 1 0
    outer loop
      vertex 25.75 9.25 -8.17259
      vertex 27.2641 9.25 -5.27023
      vertex 31.8481 9.25 -8.17259
    endloop
  endfacet
  facet normal 0 1 0
    outer loop
      vertex 27.2641 9.25 -5.27023
      vertex 25.75 9.25 -8.17259
      vertex 27.1776 9.25 -5.31649
    endloop
  endfacet
  facet normal 0 1 0
    outer loop
      vertex 27.1776 9.25 -5.31649
      vertex 25.75 9.25 -8.17259
      vertex 27.0869 9.25 -5.35404
    endloop
  endfacet
  facet normal 0 1 0
    outer loop
      vertex 27.0869 9.25 -5.35404
      vertex 25.75 9.25 -8.17259
      vertex 26.993 9.25 -5.38253
    endloop
  endfacet
  facet normal 0 1 0
    outer loop
      vertex 26.993 9.25 -5.38253
      vertex 25.75 9.25 -8.17259
      vertex 26.8967 9.25 -5.40168
    endloop
  endfacet
  facet normal 0 1 0
    outer loop
      vertex 31.8481 9.25 -8.17259
      vertex 33.7476 9.25 -6.27313
      vertex 33.7284 9.25 -6.46846
    endloop
  endfacet
  facet normal 0 1 0
    outer loop
      vertex 31.8481 9.25 -8.17259
      vertex 33.7284 9.25 -6.46846
      vertex 33.6901 9.25 -6.66096
    endloop
  endfacet
  facet normal 0 1 0
    outer loop
      vertex 31.8481 9.25 -8.17259
      vertex 33.6901 9.25 -6.66096
      vertex 33.6331 9.25 -6.84878
    endloop
  endfacet
  facet normal 0 1 0
    outer loop
      vertex 31.8481 9.25 -8.17259
      vertex 33.6331 9.25 -6.84878
      vertex 33.558 9.25 -7.03011
    endloop
  endfacet
  facet normal 0 1 0
    outer loop
      vertex 31.8481 9.25 -8.17259
      vertex 33.558 9.25 -7.03011
      vertex 33.4655 9.25 -7.2032
    endloop
  endfacet
  facet normal 0 1 0
    outer loop
      vertex 31.8481 9.25 -8.17259
      vertex 33.4655 9.25 -7.2032
      vertex 33.3564 9.25 -7.3664
    endloop
  endfacet
  facet normal 0 1 0
    outer loop
      vertex 31.8481 9.25 -8.17259
      vertex 33.3564 9.25 -7.3664
      vertex 33.2319 9.25 -7.51812
    endloop
  endfacet
  facet normal 0 1 0
    outer loop
      vertex 31.8481 9.25 -8.17259
      vertex 33.2319 9.25 -7.51812
      vertex 33.0931 9.25 -7.6569
    endloop
  endfacet
  facet normal 0 1 0
    outer loop
      vertex 31.8481 9.25 -8.17259
      vertex 33.0931 9.25 -7.6569
      vertex 32.9414 9.25 -7.78141
    endloop
  endfacet
  facet normal 0 1 0
    outer loop
      vertex 31.8481 9.25 -8.17259
      vertex 32.9414 9.25 -7.78141
      vertex 32.7782 9.25 -7.89046
    endloop
  endfacet
  facet normal 0 1 0
    outer loop
      vertex 31.8481 9.25 -8.17259
      vertex 32.7782 9.25 -7.89046
      vertex 32.6051 9.25 -7.98298
    endloop
  endfacet
  facet normal 0 1 0
    outer loop
      vertex 31.8481 9.25 -8.17259
      vertex 32.6051 9.25 -7.98298
      vertex 32.4238 9.25 -8.05809
    endloop
  endfacet
  facet normal 0 1 0
    outer loop
      vertex 31.8481 9.25 -8.17259
      vertex 32.4238 9.25 -8.05809
      vertex 32.236 9.25 -8.11506
    endloop
  endfacet
  facet normal 0 1 0
    outer loop
      vertex 31.8481 9.25 -8.17259
      vertex 32.236 9.25 -8.11506
      vertex 32.0435 9.25 -8.15335
    endloop
  endfacet
  facet normal 0 1 0
    outer loop
      vertex 26.8967 9.25 -5.40168
      vertex 25.75 9.25 -8.17259
      vertex 26.7991 9.25 -5.41129
    endloop
  endfacet
  facet normal 0 1 0
    outer loop
      vertex 26.7991 9.25 -5.41129
      vertex 25.75 9.25 -8.17259
      vertex 25.75 9.25 -5.41129
    endloop
  endfacet
  facet normal 0 1 0
    outer loop
      vertex 33.7476 9.25 6.27313
      vertex 31.8481 9.25 8.17259
      vertex 32.0435 9.25 8.15335
    endloop
  endfacet
  facet normal 0 1 0
    outer loop
      vertex 33.7476 9.25 6.27313
      vertex 32.0435 9.25 8.15335
      vertex 32.236 9.25 8.11506
    endloop
  endfacet
  facet normal 0 1 0
    outer loop
      vertex 33.7476 9.25 6.27313
      vertex 32.236 9.25 8.11506
      vertex 32.4238 9.25 8.05809
    endloop
  endfacet
  facet normal 0 1 0
    outer loop
      vertex 33.7476 9.25 6.27313
      vertex 32.4238 9.25 8.05809
      vertex 32.6051 9.25 7.98298
    endloop
  endfacet
  facet normal 0 1 0
    outer loop
      vertex 33.7476 9.25 6.27313
      vertex 32.6051 9.25 7.98298
      vertex 32.7782 9.25 7.89046
    endloop
  endfacet
  facet normal 0 1 0
    outer loop
      vertex 33.7476 9.25 6.27313
      vertex 32.7782 9.25 7.89046
      vertex 32.9414 9.25 7.78141
    endloop
  endfacet
  facet normal 0 1 0
    outer loop
      vertex 33.7476 9.25 6.27313
      vertex 32.9414 9.25 7.78141
      vertex 33.0931 9.25 7.6569
    endloop
  endfacet
  facet normal 0 1 0
    outer loop
      vertex 33.7476 9.25 6.27313
      vertex 33.0931 9.25 7.6569
      vertex 33.2319 9.25 7.51812
    endloop
  endfacet
  facet normal 0 1 0
    outer loop
      vertex 33.7476 9.25 6.27313
      vertex 33.2319 9.25 7.51812
      vertex 33.3564 9.25 7.3664
    endloop
  endfacet
  facet normal 0 1 0
    outer loop
      vertex 33.7476 9.25 6.27313
      vertex 33.3564 9.25 7.3664
      vertex 33.4655 9.25 7.2032
    endloop
  endfacet
  facet normal 0 1 0
    outer loop
      vertex 33.7476 9.25 6.27313
      vertex 33.4655 9.25 7.2032
      vertex 33.558 9.25 7.03011
    endloop
  endfacet
  facet normal 0 1 0
    outer loop
      vertex 33.7476 9.25 6.27313
      vertex 33.558 9.25 7.03011
      vertex 33.6331 9.25 6.84878
    endloop
  endfacet
  facet normal 0 1 0
    outer loop
      vertex 33.7476 9.25 6.27313
      vertex 33.6331 9.25 6.84878
      vertex 33.6901 9.25 6.66096
    endloop
  endfacet
  facet normal 0 1 0
    outer loop
      vertex 33.7476 9.25 6.27313
      vertex 33.6901 9.25 6.66096
      vertex 33.7284 9.25 6.46846
    endloop
  endfacet
  facet normal 0 1 0
    outer loop
      vertex 27.0869 9.25 -1.88346
      vertex 31.8481 9.25 8.17259
      vertex 33.7476 9.25 6.27313
    endloop
  endfacet
  facet normal 0 1 -0
    outer loop
      vertex 26.7991 9.25 -1.82621
      vertex 23.75 9.25 8.17259
      vertex 31.8481 9.25 8.17259
    endloop
  endfacet
  facet normal 0 1 0
    outer loop
      vertex 23.75 9.25 8.17259
      vertex 25.75 9.25 -1.825
      vertex 23.75 9.25 -1.825
    endloop
  endfacet
  facet normal 0 1 0
    outer loop
      vertex 25.75 9.25 -1.825
      vertex 26.7991 9.25 -1.82621
      vertex 25.75 9.25 -1.82621
    endloop
  endfacet
  facet normal 0 -1 0
    outer loop
      vertex 25.75 -9.25 -8.17259
      vertex 26.7991 -9.25 -5.41129
      vertex 25.75 -9.25 -5.41129
    endloop
  endfacet
  facet normal 0 -1 0
    outer loop
      vertex 26.7991 -9.25 -5.41129
      vertex 31.8481 -9.25 -8.17259
      vertex 33.7476 -9.25 -6.27313
    endloop
  endfacet
  facet normal 0 -1 0
    outer loop
      vertex 33.7476 -9.25 -6.27313
      vertex 31.8481 -9.25 -8.17259
      vertex 33.7284 -9.25 -6.46846
    endloop
  endfacet
  facet normal 0 -1 0
    outer loop
      vertex 33.7284 -9.25 -6.46846
      vertex 31.8481 -9.25 -8.17259
      vertex 33.6901 -9.25 -6.66096
    endloop
  endfacet
  facet normal 0 -1 0
    outer loop
      vertex 33.6901 -9.25 -6.66096
      vertex 31.8481 -9.25 -8.17259
      vertex 33.6331 -9.25 -6.84878
    endloop
  endfacet
  facet normal 0 -1 0
    outer loop
      vertex 33.6331 -9.25 -6.84878
      vertex 31.8481 -9.25 -8.17259
      vertex 33.558 -9.25 -7.03011
    endloop
  endfacet
  facet normal 0 -1 0
    outer loop
      vertex 33.558 -9.25 -7.03011
      vertex 31.8481 -9.25 -8.17259
      vertex 33.4655 -9.25 -7.2032
    endloop
  endfacet
  facet normal 0 -1 0
    outer loop
      vertex 33.4655 -9.25 -7.2032
      vertex 31.8481 -9.25 -8.17259
      vertex 33.3564 -9.25 -7.3664
    endloop
  endfacet
  facet normal 0 -1 0
    outer loop
      vertex 33.3564 -9.25 -7.3664
      vertex 31.8481 -9.25 -8.17259
      vertex 33.2319 -9.25 -7.51812
    endloop
  endfacet
  facet normal 0 -1 0
    outer loop
      vertex 33.2319 -9.25 -7.51812
      vertex 31.8481 -9.25 -8.17259
      vertex 33.0931 -9.25 -7.6569
    endloop
  endfacet
  facet normal 0 -1 0
    outer loop
      vertex 33.0931 -9.25 -7.6569
      vertex 31.8481 -9.25 -8.17259
      vertex 32.9414 -9.25 -7.78141
    endloop
  endfacet
  facet normal 0 -1 0
    outer loop
      vertex 32.9414 -9.25 -7.78141
      vertex 31.8481 -9.25 -8.17259
      vertex 32.7782 -9.25 -7.89046
    endloop
  endfacet
  facet normal 0 -1 0
    outer loop
      vertex 32.7782 -9.25 -7.89046
      vertex 31.8481 -9.25 -8.17259
      vertex 32.6051 -9.25 -7.98298
    endloop
  endfacet
  facet normal 0 -1 0
    outer loop
      vertex 32.6051 -9.25 -7.98298
      vertex 31.8481 -9.25 -8.17259
      vertex 32.4238 -9.25 -8.05809
    endloop
  endfacet
  facet normal 0 -1 0
    outer loop
      vertex 32.4238 -9.25 -8.05809
      vertex 31.8481 -9.25 -8.17259
      vertex 32.236 -9.25 -8.11506
    endloop
  endfacet
  facet normal 0 -1 -0
    outer loop
      vertex 26.7991 -9.25 -5.41129
      vertex 25.75 -9.25 -8.17259
      vertex 31.8481 -9.25 -8.17259
    endloop
  endfacet
  facet normal 0 -1 0
    outer loop
      vertex 32.236 -9.25 -8.11506
      vertex 31.8481 -9.25 -8.17259
      vertex 32.0435 -9.25 -8.15335
    endloop
  endfacet
  facet normal 0 -1 0
    outer loop
      vertex 26.8967 -9.25 -1.83582
      vertex 31.8481 -9.25 8.17259
      vertex 23.75 -9.25 8.17259
    endloop
  endfacet
  facet normal 0 -1 0
    outer loop
      vertex 26.993 -9.25 -1.85497
      vertex 31.8481 -9.25 8.17259
      vertex 26.8967 -9.25 -1.83582
    endloop
  endfacet
  facet normal 0 -1 0
    outer loop
      vertex 27.0869 -9.25 -1.88346
      vertex 31.8481 -9.25 8.17259
      vertex 26.993 -9.25 -1.85497
    endloop
  endfacet
  facet normal -0 -1 0
    outer loop
      vertex 33.7476 -9.25 6.27313
      vertex 31.8481 -9.25 8.17259
      vertex 27.0869 -9.25 -1.88346
    endloop
  endfacet
  facet normal 0 -1 0
    outer loop
      vertex 32.0435 -9.25 8.15335
      vertex 33.7476 -9.25 6.27313
      vertex 32.236 -9.25 8.11506
    endloop
  endfacet
  facet normal 0 -1 0
    outer loop
      vertex 32.6051 -9.25 7.98298
      vertex 33.7476 -9.25 6.27313
      vertex 32.7782 -9.25 7.89046
    endloop
  endfacet
  facet normal 0 -1 0
    outer loop
      vertex 32.7782 -9.25 7.89046
      vertex 33.7476 -9.25 6.27313
      vertex 32.9414 -9.25 7.78141
    endloop
  endfacet
  facet normal 0 -1 0
    outer loop
      vertex 32.9414 -9.25 7.78141
      vertex 33.7476 -9.25 6.27313
      vertex 33.0931 -9.25 7.6569
    endloop
  endfacet
  facet normal 0 -1 0
    outer loop
      vertex 33.0931 -9.25 7.6569
      vertex 33.7476 -9.25 6.27313
      vertex 33.2319 -9.25 7.51812
    endloop
  endfacet
  facet normal 0 -1 0
    outer loop
      vertex 33.2319 -9.25 7.51812
      vertex 33.7476 -9.25 6.27313
      vertex 33.3564 -9.25 7.3664
    endloop
  endfacet
  facet normal 0 -1 0
    outer loop
      vertex 33.3564 -9.25 7.3664
      vertex 33.7476 -9.25 6.27313
      vertex 33.4655 -9.25 7.2032
    endloop
  endfacet
  facet normal 0 -1 0
    outer loop
      vertex 33.4655 -9.25 7.2032
      vertex 33.7476 -9.25 6.27313
      vertex 33.558 -9.25 7.03011
    endloop
  endfacet
  facet normal 0 -1 0
    outer loop
      vertex 33.558 -9.25 7.03011
      vertex 33.7476 -9.25 6.27313
      vertex 33.6331 -9.25 6.84878
    endloop
  endfacet
  facet normal 0 -1 0
    outer loop
      vertex 33.6331 -9.25 6.84878
      vertex 33.7476 -9.25 6.27313
      vertex 33.6901 -9.25 6.66096
    endloop
  endfacet
  facet normal 0 -1 0
    outer loop
      vertex 33.6901 -9.25 6.66096
      vertex 33.7476 -9.25 6.27313
      vertex 33.7284 -9.25 6.46846
    endloop
  endfacet
  facet normal 0 -1 0
    outer loop
      vertex 25.75 -9.25 -1.825
      vertex 23.75 -9.25 8.17259
      vertex 23.75 -9.25 -1.825
    endloop
  endfacet
  facet normal 0 -1 0
    outer loop
      vertex 26.7991 -9.25 -1.82621
      vertex 23.75 -9.25 8.17259
      vertex 25.75 -9.25 -1.825
    endloop
  endfacet
  facet normal 0 -1 0
    outer loop
      vertex 26.7991 -9.25 -1.82621
      vertex 25.75 -9.25 -1.825
      vertex 25.75 -9.25 -1.82621
    endloop
  endfacet
  facet normal 0 -1 0
    outer loop
      vertex 26.8967 -9.25 -1.83582
      vertex 23.75 -9.25 8.17259
      vertex 26.7991 -9.25 -1.82621
    endloop
  endfacet
  facet normal 0 -1 0
    outer loop
      vertex 32.236 -9.25 8.11506
      vertex 33.7476 -9.25 6.27313
      vertex 32.4238 -9.25 8.05809
    endloop
  endfacet
  facet normal 0 -1 0
    outer loop
      vertex 32.4238 -9.25 8.05809
      vertex 33.7476 -9.25 6.27313
      vertex 32.6051 -9.25 7.98298
    endloop
  endfacet
  facet normal 0 -1 0
    outer loop
      vertex 31.8481 -9.25 8.17259
      vertex 33.7476 -9.25 6.27313
      vertex 32.0435 -9.25 8.15335
    endloop
  endfacet
  facet normal 0 -1 0
    outer loop
      vertex 27.1776 -9.25 -1.92101
      vertex 33.7476 -9.25 6.27313
      vertex 27.0869 -9.25 -1.88346
    endloop
  endfacet
  facet normal 0 -1 0
    outer loop
      vertex 27.2641 -9.25 -1.96727
      vertex 33.7476 -9.25 6.27313
      vertex 27.1776 -9.25 -1.92101
    endloop
  endfacet
  facet normal 0 -1 0
    outer loop
      vertex 27.3457 -9.25 -2.02179
      vertex 33.7476 -9.25 6.27313
      vertex 27.2641 -9.25 -1.96727
    endloop
  endfacet
  facet normal 0 -1 0
    outer loop
      vertex 27.4216 -9.25 -2.08405
      vertex 33.7476 -9.25 6.27313
      vertex 27.3457 -9.25 -2.02179
    endloop
  endfacet
  facet normal 0 -1 0
    outer loop
      vertex 27.491 -9.25 -2.15344
      vertex 33.7476 -9.25 6.27313
      vertex 27.4216 -9.25 -2.08405
    endloop
  endfacet
  facet normal 0 -1 0
    outer loop
      vertex 27.5532 -9.25 -2.2293
      vertex 33.7476 -9.25 6.27313
      vertex 27.491 -9.25 -2.15344
    endloop
  endfacet
  facet normal 0 -1 0
    outer loop
      vertex 27.6077 -9.25 -2.3109
      vertex 33.7476 -9.25 6.27313
      vertex 27.5532 -9.25 -2.2293
    endloop
  endfacet
  facet normal 0 -1 0
    outer loop
      vertex 27.654 -9.25 -2.39744
      vertex 33.7476 -9.25 6.27313
      vertex 27.6077 -9.25 -2.3109
    endloop
  endfacet
  facet normal 0 -1 0
    outer loop
      vertex 27.6915 -9.25 -2.48811
      vertex 33.7476 -9.25 6.27313
      vertex 27.654 -9.25 -2.39744
    endloop
  endfacet
  facet normal 0 -1 0
    outer loop
      vertex 33.7476 -9.25 -6.27313
      vertex 27.6915 -9.25 -2.48811
      vertex 27.72 -9.25 -2.58202
    endloop
  endfacet
  facet normal 0 -1 0
    outer loop
      vertex 33.7476 -9.25 -6.27313
      vertex 27.72 -9.25 -2.58202
      vertex 27.7392 -9.25 -2.67827
    endloop
  endfacet
  facet normal 0 -1 0
    outer loop
      vertex 33.7476 -9.25 -6.27313
      vertex 27.7392 -9.25 -2.67827
      vertex 27.7488 -9.25 -2.77593
    endloop
  endfacet
  facet normal 0 -1 0
    outer loop
      vertex 33.7476 -9.25 -6.27313
      vertex 27.7488 -9.25 -2.77593
      vertex 27.7488 -9.25 -4.46157
    endloop
  endfacet
  facet normal 0 -1 0
    outer loop
      vertex 33.7476 -9.25 -6.27313
      vertex 27.7488 -9.25 -4.46157
      vertex 27.7392 -9.25 -4.55923
    endloop
  endfacet
  facet normal 0 -1 0
    outer loop
      vertex 33.7476 -9.25 -6.27313
      vertex 27.7392 -9.25 -4.55923
      vertex 27.72 -9.25 -4.65548
    endloop
  endfacet
  facet normal 0 -1 0
    outer loop
      vertex 33.7476 -9.25 -6.27313
      vertex 27.72 -9.25 -4.65548
      vertex 27.6915 -9.25 -4.74939
    endloop
  endfacet
  facet normal 0 -1 0
    outer loop
      vertex 33.7476 -9.25 -6.27313
      vertex 27.6915 -9.25 -4.74939
      vertex 27.654 -9.25 -4.84005
    endloop
  endfacet
  facet normal 0 -1 0
    outer loop
      vertex 33.7476 -9.25 -6.27313
      vertex 27.654 -9.25 -4.84005
      vertex 27.6077 -9.25 -4.9266
    endloop
  endfacet
  facet normal 0 -1 0
    outer loop
      vertex 27.6915 -9.25 -2.48811
      vertex 33.7476 -9.25 -6.27313
      vertex 33.7476 -9.25 6.27313
    endloop
  endfacet
  facet normal 0 -1 0
    outer loop
      vertex 27.5532 -9.25 -5.0082
      vertex 33.7476 -9.25 -6.27313
      vertex 27.6077 -9.25 -4.9266
    endloop
  endfacet
  facet normal 0 -1 0
    outer loop
      vertex 27.491 -9.25 -5.08406
      vertex 33.7476 -9.25 -6.27313
      vertex 27.5532 -9.25 -5.0082
    endloop
  endfacet
  facet normal 0 -1 0
    outer loop
      vertex 27.4216 -9.25 -5.15345
      vertex 33.7476 -9.25 -6.27313
      vertex 27.491 -9.25 -5.08406
    endloop
  endfacet
  facet normal 0 -1 0
    outer loop
      vertex 27.3457 -9.25 -5.21571
      vertex 33.7476 -9.25 -6.27313
      vertex 27.4216 -9.25 -5.15345
    endloop
  endfacet
  facet normal 0 -1 0
    outer loop
      vertex 27.2641 -9.25 -5.27023
      vertex 33.7476 -9.25 -6.27313
      vertex 27.3457 -9.25 -5.21571
    endloop
  endfacet
  facet normal 0 -1 0
    outer loop
      vertex 27.1776 -9.25 -5.31649
      vertex 33.7476 -9.25 -6.27313
      vertex 27.2641 -9.25 -5.27023
    endloop
  endfacet
  facet normal 0 -1 0
    outer loop
      vertex 27.0869 -9.25 -5.35404
      vertex 33.7476 -9.25 -6.27313
      vertex 27.1776 -9.25 -5.31649
    endloop
  endfacet
  facet normal 0 -1 0
    outer loop
      vertex 26.993 -9.25 -5.38253
      vertex 33.7476 -9.25 -6.27313
      vertex 27.0869 -9.25 -5.35404
    endloop
  endfacet
  facet normal 0 -1 0
    outer loop
      vertex 26.8967 -9.25 -5.40168
      vertex 33.7476 -9.25 -6.27313
      vertex 26.993 -9.25 -5.38253
    endloop
  endfacet
  facet normal 0 -1 0
    outer loop
      vertex 33.7476 -9.25 -6.27313
      vertex 26.8967 -9.25 -5.40168
      vertex 26.7991 -9.25 -5.41129
    endloop
  endfacet
  facet normal -1 0 0
    outer loop
      vertex 27.7488 -9.25 -4.46157
      vertex 27.7488 9.25 -2.77593
      vertex 27.7488 9.25 -4.46157
    endloop
  endfacet
  facet normal -1 -0 0
    outer loop
      vertex 27.7488 9.25 -2.77593
      vertex 27.7488 -9.25 -4.46157
      vertex 27.7488 -9.25 -2.77593
    endloop
  endfacet
  facet normal -0.195039 0 -0.980796
    outer loop
      vertex 26.8967 -9.25 -1.83582
      vertex 26.993 9.25 -1.85497
      vertex 26.993 -9.25 -1.85497
    endloop
  endfacet
  facet normal -0.195039 0 -0.980796
    outer loop
      vertex 26.993 9.25 -1.85497
      vertex 26.8967 -9.25 -1.83582
      vertex 26.8967 9.25 -1.83582
    endloop
  endfacet
  facet normal -0.995203 0 -0.0978287
    outer loop
      vertex 27.7488 -9.25 -2.77593
      vertex 27.7392 9.25 -2.67827
      vertex 27.7488 9.25 -2.77593
    endloop
  endfacet
  facet normal -0.995203 -0 -0.0978287
    outer loop
      vertex 27.7392 9.25 -2.67827
      vertex 27.7488 -9.25 -2.77593
      vertex 27.7392 -9.25 -2.67827
    endloop
  endfacet
  facet normal -0.634214 0 -0.773158
    outer loop
      vertex 27.3457 -9.25 -2.02179
      vertex 27.4216 9.25 -2.08405
      vertex 27.4216 -9.25 -2.08405
    endloop
  endfacet
  facet normal -0.634214 0 -0.773158
    outer loop
      vertex 27.4216 9.25 -2.08405
      vertex 27.3457 -9.25 -2.02179
      vertex 27.3457 9.25 -2.02179
    endloop
  endfacet
  facet normal -0.471593 0 -0.881816
    outer loop
      vertex 27.1776 -9.25 -1.92101
      vertex 27.2641 9.25 -1.96727
      vertex 27.2641 -9.25 -1.96727
    endloop
  endfacet
  facet normal -0.471593 0 -0.881816
    outer loop
      vertex 27.2641 9.25 -1.96727
      vertex 27.1776 -9.25 -1.92101
      vertex 27.1776 9.25 -1.92101
    endloop
  endfacet
  facet normal -0.195039 0 0.980796
    outer loop
      vertex 26.8967 9.25 -5.40168
      vertex 26.993 -9.25 -5.38253
      vertex 26.993 9.25 -5.38253
    endloop
  endfacet
  facet normal -0.195039 0 0.980796
    outer loop
      vertex 26.993 -9.25 -5.38253
      vertex 26.8967 9.25 -5.40168
      vertex 26.8967 -9.25 -5.40168
    endloop
  endfacet
  facet normal -0.924084 0 -0.38219
    outer loop
      vertex 27.6915 -9.25 -2.48811
      vertex 27.654 9.25 -2.39744
      vertex 27.6915 9.25 -2.48811
    endloop
  endfacet
  facet normal -0.924084 -0 -0.38219
    outer loop
      vertex 27.654 9.25 -2.39744
      vertex 27.6915 -9.25 -2.48811
      vertex 27.654 -9.25 -2.39744
    endloop
  endfacet
  facet normal -0.881737 0 -0.471741
    outer loop
      vertex 27.654 -9.25 -2.39744
      vertex 27.6077 9.25 -2.3109
      vertex 27.654 9.25 -2.39744
    endloop
  endfacet
  facet normal -0.881737 -0 -0.471741
    outer loop
      vertex 27.6077 9.25 -2.3109
      vertex 27.654 -9.25 -2.39744
      vertex 27.6077 -9.25 -2.3109
    endloop
  endfacet
  facet normal -0.0979893 0 -0.995187
    outer loop
      vertex 26.7991 -9.25 -1.82621
      vertex 26.8967 9.25 -1.83582
      vertex 26.8967 -9.25 -1.83582
    endloop
  endfacet
  facet normal -0.0979893 0 -0.995187
    outer loop
      vertex 26.8967 9.25 -1.83582
      vertex 26.7991 -9.25 -1.82621
      vertex 26.7991 9.25 -1.82621
    endloop
  endfacet
  facet normal -0.956904 0 0.290403
    outer loop
      vertex 27.6915 -9.25 -4.74939
      vertex 27.72 9.25 -4.65548
      vertex 27.6915 9.25 -4.74939
    endloop
  endfacet
  facet normal -0.956904 0 0.290403
    outer loop
      vertex 27.72 9.25 -4.65548
      vertex 27.6915 -9.25 -4.74939
      vertex 27.72 -9.25 -4.65548
    endloop
  endfacet
  facet normal -0.83158 0 -0.555406
    outer loop
      vertex 27.6077 -9.25 -2.3109
      vertex 27.5532 9.25 -2.2293
      vertex 27.6077 9.25 -2.3109
    endloop
  endfacet
  facet normal -0.83158 -0 -0.555406
    outer loop
      vertex 27.5532 9.25 -2.2293
      vertex 27.6077 -9.25 -2.3109
      vertex 27.5532 -9.25 -2.2293
    endloop
  endfacet
  facet normal -0.382517 0 -0.923949
    outer loop
      vertex 27.0869 -9.25 -1.88346
      vertex 27.1776 9.25 -1.92101
      vertex 27.1776 -9.25 -1.92101
    endloop
  endfacet
  facet normal -0.382517 0 -0.923949
    outer loop
      vertex 27.1776 9.25 -1.92101
      vertex 27.0869 -9.25 -1.88346
      vertex 27.0869 9.25 -1.88346
    endloop
  endfacet
  facet normal -0.555546 0 -0.831486
    outer loop
      vertex 27.2641 -9.25 -1.96727
      vertex 27.3457 9.25 -2.02179
      vertex 27.3457 -9.25 -2.02179
    endloop
  endfacet
  facet normal -0.555546 0 -0.831486
    outer loop
      vertex 27.3457 9.25 -2.02179
      vertex 27.2641 -9.25 -1.96727
      vertex 27.2641 9.25 -1.96727
    endloop
  endfacet
  facet normal 0 0 -1
    outer loop
      vertex 25.75 -9.25 -1.82621
      vertex 26.7991 9.25 -1.82621
      vertex 26.7991 -9.25 -1.82621
    endloop
  endfacet
  facet normal -0 0 -1
    outer loop
      vertex 26.7991 9.25 -1.82621
      vertex 25.75 -9.25 -1.82621
      vertex 25.75 9.25 -1.82621
    endloop
  endfacet
  facet normal -0.924069 0 0.382226
    outer loop
      vertex 27.654 -9.25 -4.84005
      vertex 27.6915 9.25 -4.74939
      vertex 27.654 9.25 -4.84005
    endloop
  endfacet
  facet normal -0.924069 0 0.382226
    outer loop
      vertex 27.6915 9.25 -4.74939
      vertex 27.654 -9.25 -4.84005
      vertex 27.6915 -9.25 -4.74939
    endloop
  endfacet
  facet normal -0.634214 0 0.773158
    outer loop
      vertex 27.3457 9.25 -5.21571
      vertex 27.4216 -9.25 -5.15345
      vertex 27.4216 9.25 -5.15345
    endloop
  endfacet
  facet normal -0.634214 0 0.773158
    outer loop
      vertex 27.4216 -9.25 -5.15345
      vertex 27.3457 9.25 -5.21571
      vertex 27.3457 -9.25 -5.21571
    endloop
  endfacet
  facet normal -0.88176 0 0.471698
    outer loop
      vertex 27.6077 -9.25 -4.9266
      vertex 27.654 9.25 -4.84005
      vertex 27.6077 9.25 -4.9266
    endloop
  endfacet
  facet normal -0.88176 0 0.471698
    outer loop
      vertex 27.654 9.25 -4.84005
      vertex 27.6077 -9.25 -4.9266
      vertex 27.654 -9.25 -4.84005
    endloop
  endfacet
  facet normal -0.956904 0 -0.290403
    outer loop
      vertex 27.72 -9.25 -2.58202
      vertex 27.6915 9.25 -2.48811
      vertex 27.72 9.25 -2.58202
    endloop
  endfacet
  facet normal -0.956904 -0 -0.290403
    outer loop
      vertex 27.6915 9.25 -2.48811
      vertex 27.72 -9.25 -2.58202
      vertex 27.6915 -9.25 -2.48811
    endloop
  endfacet
  facet normal -0.773294 0 -0.634048
    outer loop
      vertex 27.5532 -9.25 -2.2293
      vertex 27.491 9.25 -2.15344
      vertex 27.5532 9.25 -2.2293
    endloop
  endfacet
  facet normal -0.773294 -0 -0.634048
    outer loop
      vertex 27.491 9.25 -2.15344
      vertex 27.5532 -9.25 -2.2293
      vertex 27.491 -9.25 -2.15344
    endloop
  endfacet
  facet normal -0.290338 0 -0.956924
    outer loop
      vertex 26.993 -9.25 -1.85497
      vertex 27.0869 9.25 -1.88346
      vertex 27.0869 -9.25 -1.88346
    endloop
  endfacet
  facet normal -0.290338 0 -0.956924
    outer loop
      vertex 27.0869 9.25 -1.88346
      vertex 26.993 -9.25 -1.85497
      vertex 26.993 9.25 -1.85497
    endloop
  endfacet
  facet normal -0.555546 0 0.831486
    outer loop
      vertex 27.2641 9.25 -5.27023
      vertex 27.3457 -9.25 -5.21571
      vertex 27.3457 9.25 -5.21571
    endloop
  endfacet
  facet normal -0.555546 0 0.831486
    outer loop
      vertex 27.3457 -9.25 -5.21571
      vertex 27.2641 9.25 -5.27023
      vertex 27.2641 -9.25 -5.27023
    endloop
  endfacet
  facet normal -0.980679 0 0.195626
    outer loop
      vertex 27.72 -9.25 -4.65548
      vertex 27.7392 9.25 -4.55923
      vertex 27.72 9.25 -4.65548
    endloop
  endfacet
  facet normal -0.980679 0 0.195626
    outer loop
      vertex 27.7392 9.25 -4.55923
      vertex 27.72 -9.25 -4.65548
      vertex 27.7392 -9.25 -4.55923
    endloop
  endfacet
  facet normal -0.83158 0 0.555406
    outer loop
      vertex 27.5532 -9.25 -5.0082
      vertex 27.6077 9.25 -4.9266
      vertex 27.5532 9.25 -5.0082
    endloop
  endfacet
  facet normal -0.83158 0 0.555406
    outer loop
      vertex 27.6077 9.25 -4.9266
      vertex 27.5532 -9.25 -5.0082
      vertex 27.6077 -9.25 -4.9266
    endloop
  endfacet
  facet normal -0.773294 0 0.634048
    outer loop
      vertex 27.491 -9.25 -5.08406
      vertex 27.5532 9.25 -5.0082
      vertex 27.491 9.25 -5.08406
    endloop
  endfacet
  facet normal -0.773294 0 0.634048
    outer loop
      vertex 27.5532 9.25 -5.0082
      vertex 27.491 -9.25 -5.08406
      vertex 27.5532 -9.25 -5.0082
    endloop
  endfacet
  facet normal -0.0979893 0 0.995187
    outer loop
      vertex 26.7991 9.25 -5.41129
      vertex 26.8967 -9.25 -5.40168
      vertex 26.8967 9.25 -5.40168
    endloop
  endfacet
  facet normal -0.0979893 0 0.995187
    outer loop
      vertex 26.8967 -9.25 -5.40168
      vertex 26.7991 9.25 -5.41129
      vertex 26.7991 -9.25 -5.41129
    endloop
  endfacet
  facet normal -0.707056 0 0.707158
    outer loop
      vertex 27.4216 9.25 -5.15345
      vertex 27.491 -9.25 -5.08406
      vertex 27.491 9.25 -5.08406
    endloop
  endfacet
  facet normal -0.707056 0 0.707158
    outer loop
      vertex 27.491 -9.25 -5.08406
      vertex 27.4216 9.25 -5.15345
      vertex 27.4216 -9.25 -5.15345
    endloop
  endfacet
  facet normal -0.707056 0 -0.707158
    outer loop
      vertex 27.4216 -9.25 -2.08405
      vertex 27.491 9.25 -2.15344
      vertex 27.491 -9.25 -2.15344
    endloop
  endfacet
  facet normal -0.707056 0 -0.707158
    outer loop
      vertex 27.491 9.25 -2.15344
      vertex 27.4216 -9.25 -2.08405
      vertex 27.4216 9.25 -2.08405
    endloop
  endfacet
  facet normal -0.980679 0 -0.195626
    outer loop
      vertex 27.7392 -9.25 -2.67827
      vertex 27.72 9.25 -2.58202
      vertex 27.7392 9.25 -2.67827
    endloop
  endfacet
  facet normal -0.980679 -0 -0.195626
    outer loop
      vertex 27.72 9.25 -2.58202
      vertex 27.7392 -9.25 -2.67827
      vertex 27.72 -9.25 -2.58202
    endloop
  endfacet
  facet normal -0.471593 0 0.881816
    outer loop
      vertex 27.1776 9.25 -5.31649
      vertex 27.2641 -9.25 -5.27023
      vertex 27.2641 9.25 -5.27023
    endloop
  endfacet
  facet normal -0.471593 0 0.881816
    outer loop
      vertex 27.2641 -9.25 -5.27023
      vertex 27.1776 9.25 -5.31649
      vertex 27.1776 -9.25 -5.31649
    endloop
  endfacet
  facet normal -0.382517 0 0.923949
    outer loop
      vertex 27.0869 9.25 -5.35404
      vertex 27.1776 -9.25 -5.31649
      vertex 27.1776 9.25 -5.31649
    endloop
  endfacet
  facet normal -0.382517 0 0.923949
    outer loop
      vertex 27.1776 -9.25 -5.31649
      vertex 27.0869 9.25 -5.35404
      vertex 27.0869 -9.25 -5.35404
    endloop
  endfacet
  facet normal -0.290338 0 0.956924
    outer loop
      vertex 26.993 9.25 -5.38253
      vertex 27.0869 -9.25 -5.35404
      vertex 27.0869 9.25 -5.35404
    endloop
  endfacet
  facet normal -0.290338 0 0.956924
    outer loop
      vertex 27.0869 -9.25 -5.35404
      vertex 26.993 9.25 -5.38253
      vertex 26.993 -9.25 -5.38253
    endloop
  endfacet
  facet normal -0.995203 0 0.0978287
    outer loop
      vertex 27.7392 -9.25 -4.55923
      vertex 27.7488 9.25 -4.46157
      vertex 27.7392 9.25 -4.55923
    endloop
  endfacet
  facet normal -0.995203 0 0.0978287
    outer loop
      vertex 27.7488 9.25 -4.46157
      vertex 27.7392 -9.25 -4.55923
      vertex 27.7488 -9.25 -4.46157
    endloop
  endfacet
  facet normal -0 0 1
    outer loop
      vertex 25.75 9.25 -5.41129
      vertex 26.7991 -9.25 -5.41129
      vertex 26.7991 9.25 -5.41129
    endloop
  endfacet
  facet normal 0 0 1
    outer loop
      vertex 26.7991 -9.25 -5.41129
      vertex 25.75 9.25 -5.41129
      vertex 25.75 -9.25 -5.41129
    endloop
  endfacet
  facet normal 0.881961 0 -0.471323
    outer loop
      vertex 33.558 -9.25 -7.03011
      vertex 33.4655 9.25 -7.2032
      vertex 33.558 9.25 -7.03011
    endloop
  endfacet
  facet normal 0.881961 0 -0.471323
    outer loop
      vertex 33.4655 9.25 -7.2032
      vertex 33.558 -9.25 -7.03011
      vertex 33.4655 -9.25 -7.2032
    endloop
  endfacet
  facet normal 0.831344 0 -0.555758
    outer loop
      vertex 33.4655 -9.25 -7.2032
      vertex 33.3564 9.25 -7.3664
      vertex 33.4655 9.25 -7.2032
    endloop
  endfacet
  facet normal 0.831344 0 -0.555758
    outer loop
      vertex 33.3564 9.25 -7.3664
      vertex 33.4655 -9.25 -7.2032
      vertex 33.3564 -9.25 -7.3664
    endloop
  endfacet
  facet normal 0.0979908 0 -0.995187
    outer loop
      vertex 31.8481 -9.25 -8.17259
      vertex 32.0435 9.25 -8.15335
      vertex 32.0435 -9.25 -8.15335
    endloop
  endfacet
  facet normal 0.0979908 0 -0.995187
    outer loop
      vertex 32.0435 9.25 -8.15335
      vertex 31.8481 -9.25 -8.17259
      vertex 31.8481 9.25 -8.17259
    endloop
  endfacet
  facet normal 0.995204 -0 0.0978237
    outer loop
      vertex 33.7284 -9.25 6.46846
      vertex 33.7476 9.25 6.27313
      vertex 33.7284 9.25 6.46846
    endloop
  endfacet
  facet normal 0.995204 0 0.0978237
    outer loop
      vertex 33.7476 9.25 6.27313
      vertex 33.7284 -9.25 6.46846
      vertex 33.7476 -9.25 6.27313
    endloop
  endfacet
  facet normal 0.0979908 0 0.995187
    outer loop
      vertex 31.8481 9.25 8.17259
      vertex 32.0435 -9.25 8.15335
      vertex 32.0435 9.25 8.15335
    endloop
  endfacet
  facet normal 0.0979908 0 0.995187
    outer loop
      vertex 32.0435 -9.25 8.15335
      vertex 31.8481 9.25 8.17259
      vertex 31.8481 -9.25 8.17259
    endloop
  endfacet
  facet normal 0.956904 0 -0.290403
    outer loop
      vertex 33.6901 -9.25 -6.66096
      vertex 33.6331 9.25 -6.84878
      vertex 33.6901 9.25 -6.66096
    endloop
  endfacet
  facet normal 0.956904 0 -0.290403
    outer loop
      vertex 33.6331 9.25 -6.84878
      vertex 33.6901 -9.25 -6.66096
      vertex 33.6331 -9.25 -6.84878
    endloop
  endfacet
  facet normal 1 0 0
    outer loop
      vertex 33.7476 2.88603 1.41575
      vertex 33.7476 9.25 6.27313
      vertex 33.7476 2.9 1.7
    endloop
  endfacet
  facet normal 1 0 0
    outer loop
      vertex 33.7476 9.25 6.27313
      vertex 33.7476 2.88603 1.98425
      vertex 33.7476 2.9 1.7
    endloop
  endfacet
  facet normal 1 0 0
    outer loop
      vertex 33.7476 9.25 6.27313
      vertex 33.7476 2.84428 2.26576
      vertex 33.7476 2.88603 1.98425
    endloop
  endfacet
  facet normal 1 0 0
    outer loop
      vertex 33.7476 9.25 6.27313
      vertex 33.7476 2.77513 2.54183
      vertex 33.7476 2.84428 2.26576
    endloop
  endfacet
  facet normal 1 0 0
    outer loop
      vertex 33.7476 9.25 6.27313
      vertex 33.7476 2.67925 2.80978
      vertex 33.7476 2.77513 2.54183
    endloop
  endfacet
  facet normal 1 0 0
    outer loop
      vertex 33.7476 9.25 6.27313
      vertex 33.7476 2.55757 3.06705
      vertex 33.7476 2.67925 2.80978
    endloop
  endfacet
  facet normal 1 0 0
    outer loop
      vertex 33.7476 9.25 6.27313
      vertex 33.7476 2.41126 3.31115
      vertex 33.7476 2.55757 3.06705
    endloop
  endfacet
  facet normal 1 0 0
    outer loop
      vertex 33.7476 9.25 6.27313
      vertex 33.7476 2.24173 3.53974
      vertex 33.7476 2.41126 3.31115
    endloop
  endfacet
  facet normal 1 0 0
    outer loop
      vertex 33.7476 9.25 6.27313
      vertex 33.7476 2.05061 3.75061
      vertex 33.7476 2.24173 3.53974
    endloop
  endfacet
  facet normal 1 0 0
    outer loop
      vertex 33.7476 9.25 6.27313
      vertex 33.7476 1.83974 3.94173
      vertex 33.7476 2.05061 3.75061
    endloop
  endfacet
  facet normal 1 0 0
    outer loop
      vertex 33.7476 9.25 6.27313
      vertex 33.7476 1.61115 4.11126
      vertex 33.7476 1.83974 3.94173
    endloop
  endfacet
  facet normal 1 0 0
    outer loop
      vertex 33.7476 9.25 6.27313
      vertex 33.7476 1.36705 4.25757
      vertex 33.7476 1.61115 4.11126
    endloop
  endfacet
  facet normal 1 0 0
    outer loop
      vertex 33.7476 9.25 6.27313
      vertex 33.7476 1.10978 4.37925
      vertex 33.7476 1.36705 4.25757
    endloop
  endfacet
  facet normal 1 0 0
    outer loop
      vertex 33.7476 9.25 6.27313
      vertex 33.7476 0.841825 4.47513
      vertex 33.7476 1.10978 4.37925
    endloop
  endfacet
  facet normal 1 0 0
    outer loop
      vertex 33.7476 9.25 6.27313
      vertex 33.7476 0.565762 4.54428
      vertex 33.7476 0.841825 4.47513
    endloop
  endfacet
  facet normal 1 0 0
    outer loop
      vertex 33.7476 9.25 6.27313
      vertex 33.7476 0.284249 4.58603
      vertex 33.7476 0.565762 4.54428
    endloop
  endfacet
  facet normal 1 0 0
    outer loop
      vertex 33.7476 9.25 6.27313
      vertex 33.7476 0 4.6
      vertex 33.7476 0.284249 4.58603
    endloop
  endfacet
  facet normal 1 -0 0
    outer loop
      vertex 33.7476 -9.25 6.27313
      vertex 33.7476 0 4.6
      vertex 33.7476 9.25 6.27313
    endloop
  endfacet
  facet normal 1 0 0
    outer loop
      vertex 33.7476 0 4.6
      vertex 33.7476 -9.25 6.27313
      vertex 33.7476 -0.284249 4.58603
    endloop
  endfacet
  facet normal 1 0 0
    outer loop
      vertex 33.7476 -2.88603 1.98425
      vertex 33.7476 -9.25 6.27313
      vertex 33.7476 -2.9 1.7
    endloop
  endfacet
  facet normal 1 0 0
    outer loop
      vertex 33.7476 -2.84428 2.26576
      vertex 33.7476 -9.25 6.27313
      vertex 33.7476 -2.88603 1.98425
    endloop
  endfacet
  facet normal 1 0 0
    outer loop
      vertex 33.7476 -2.77513 2.54183
      vertex 33.7476 -9.25 6.27313
      vertex 33.7476 -2.84428 2.26576
    endloop
  endfacet
  facet normal 1 0 0
    outer loop
      vertex 33.7476 -2.67925 2.80978
      vertex 33.7476 -9.25 6.27313
      vertex 33.7476 -2.77513 2.54183
    endloop
  endfacet
  facet normal 1 0 0
    outer loop
      vertex 33.7476 -2.55757 3.06705
      vertex 33.7476 -9.25 6.27313
      vertex 33.7476 -2.67925 2.80978
    endloop
  endfacet
  facet normal 1 0 0
    outer loop
      vertex 33.7476 -2.41126 3.31115
      vertex 33.7476 -9.25 6.27313
      vertex 33.7476 -2.55757 3.06705
    endloop
  endfacet
  facet normal 1 0 0
    outer loop
      vertex 33.7476 -2.24173 3.53974
      vertex 33.7476 -9.25 6.27313
      vertex 33.7476 -2.41126 3.31115
    endloop
  endfacet
  facet normal 1 0 0
    outer loop
      vertex 33.7476 -2.05061 3.75061
      vertex 33.7476 -9.25 6.27313
      vertex 33.7476 -2.24173 3.53974
    endloop
  endfacet
  facet normal 1 0 0
    outer loop
      vertex 33.7476 -1.83974 3.94173
      vertex 33.7476 -9.25 6.27313
      vertex 33.7476 -2.05061 3.75061
    endloop
  endfacet
  facet normal 1 0 0
    outer loop
      vertex 33.7476 -1.61115 4.11126
      vertex 33.7476 -9.25 6.27313
      vertex 33.7476 -1.83974 3.94173
    endloop
  endfacet
  facet normal 1 0 0
    outer loop
      vertex 33.7476 -1.36705 4.25757
      vertex 33.7476 -9.25 6.27313
      vertex 33.7476 -1.61115 4.11126
    endloop
  endfacet
  facet normal 1 0 0
    outer loop
      vertex 33.7476 -1.10978 4.37925
      vertex 33.7476 -9.25 6.27313
      vertex 33.7476 -1.36705 4.25757
    endloop
  endfacet
  facet normal 1 0 0
    outer loop
      vertex 33.7476 -0.841825 4.47513
      vertex 33.7476 -9.25 6.27313
      vertex 33.7476 -1.10978 4.37925
    endloop
  endfacet
  facet normal 1 0 0
    outer loop
      vertex 33.7476 -0.565762 4.54428
      vertex 33.7476 -9.25 6.27313
      vertex 33.7476 -0.841825 4.47513
    endloop
  endfacet
  facet normal 1 0 0
    outer loop
      vertex 33.7476 -0.284249 4.58603
      vertex 33.7476 -9.25 6.27313
      vertex 33.7476 -0.565762 4.54428
    endloop
  endfacet
  facet normal 1 0 0
    outer loop
      vertex 33.7476 2.84428 1.13424
      vertex 33.7476 9.25 6.27313
      vertex 33.7476 2.88603 1.41575
    endloop
  endfacet
  facet normal 1 0 0
    outer loop
      vertex 33.7476 9.25 6.27313
      vertex 33.7476 2.84428 1.13424
      vertex 33.7476 9.25 -6.27313
    endloop
  endfacet
  facet normal 1 -0 0
    outer loop
      vertex 33.7476 2.77513 0.858174
      vertex 33.7476 9.25 -6.27313
      vertex 33.7476 2.84428 1.13424
    endloop
  endfacet
  facet normal 1 -0 0
    outer loop
      vertex 33.7476 2.67925 0.590218
      vertex 33.7476 9.25 -6.27313
      vertex 33.7476 2.77513 0.858174
    endloop
  endfacet
  facet normal 1 -0 0
    outer loop
      vertex 33.7476 2.55757 0.332949
      vertex 33.7476 9.25 -6.27313
      vertex 33.7476 2.67925 0.590218
    endloop
  endfacet
  facet normal 1 -0 0
    outer loop
      vertex 33.7476 2.41126 0.0888462
      vertex 33.7476 9.25 -6.27313
      vertex 33.7476 2.55757 0.332949
    endloop
  endfacet
  facet normal 1 -0 0
    outer loop
      vertex 33.7476 2.24173 -0.13974
      vertex 33.7476 9.25 -6.27313
      vertex 33.7476 2.41126 0.0888462
    endloop
  endfacet
  facet normal 1 -0 0
    outer loop
      vertex 33.7476 2.05061 -0.350609
      vertex 33.7476 9.25 -6.27313
      vertex 33.7476 2.24173 -0.13974
    endloop
  endfacet
  facet normal 1 -0 0
    outer loop
      vertex 33.7476 1.83974 -0.54173
      vertex 33.7476 9.25 -6.27313
      vertex 33.7476 2.05061 -0.350609
    endloop
  endfacet
  facet normal 1 -0 0
    outer loop
      vertex 33.7476 1.61115 -0.711262
      vertex 33.7476 9.25 -6.27313
      vertex 33.7476 1.83974 -0.54173
    endloop
  endfacet
  facet normal 1 -0 0
    outer loop
      vertex 33.7476 1.36705 -0.857572
      vertex 33.7476 9.25 -6.27313
      vertex 33.7476 1.61115 -0.711262
    endloop
  endfacet
  facet normal 1 -0 0
    outer loop
      vertex 33.7476 1.10978 -0.97925
      vertex 33.7476 9.25 -6.27313
      vertex 33.7476 1.36705 -0.857572
    endloop
  endfacet
  facet normal 1 -0 0
    outer loop
      vertex 33.7476 0.841825 -1.07513
      vertex 33.7476 9.25 -6.27313
      vertex 33.7476 1.10978 -0.97925
    endloop
  endfacet
  facet normal 1 -0 0
    outer loop
      vertex 33.7476 0.565762 -1.14428
      vertex 33.7476 9.25 -6.27313
      vertex 33.7476 0.841825 -1.07513
    endloop
  endfacet
  facet normal 1 -0 0
    outer loop
      vertex 33.7476 0.284249 -1.18604
      vertex 33.7476 9.25 -6.27313
      vertex 33.7476 0.565762 -1.14428
    endloop
  endfacet
  facet normal 1 -0 0
    outer loop
      vertex 33.7476 0 -1.2
      vertex 33.7476 9.25 -6.27313
      vertex 33.7476 0.284249 -1.18604
    endloop
  endfacet
  facet normal 1 0 0
    outer loop
      vertex 33.7476 -9.25 -6.27313
      vertex 33.7476 0 -1.2
      vertex 33.7476 -0.284249 -1.18604
    endloop
  endfacet
  facet normal 1 0 0
    outer loop
      vertex 33.7476 -9.25 -6.27313
      vertex 33.7476 -0.284249 -1.18604
      vertex 33.7476 -0.565762 -1.14428
    endloop
  endfacet
  facet normal 1 0 0
    outer loop
      vertex 33.7476 -9.25 -6.27313
      vertex 33.7476 -0.565762 -1.14428
      vertex 33.7476 -0.841825 -1.07513
    endloop
  endfacet
  facet normal 1 0 0
    outer loop
      vertex 33.7476 -9.25 -6.27313
      vertex 33.7476 -0.841825 -1.07513
      vertex 33.7476 -1.10978 -0.97925
    endloop
  endfacet
  facet normal 1 0 0
    outer loop
      vertex 33.7476 -9.25 -6.27313
      vertex 33.7476 -1.10978 -0.97925
      vertex 33.7476 -1.36705 -0.857572
    endloop
  endfacet
  facet normal 1 0 0
    outer loop
      vertex 33.7476 -9.25 6.27313
      vertex 33.7476 -2.88603 1.41575
      vertex 33.7476 -2.9 1.7
    endloop
  endfacet
  facet normal 1 0 0
    outer loop
      vertex 33.7476 -9.25 6.27313
      vertex 33.7476 -2.84428 1.13424
      vertex 33.7476 -2.88603 1.41575
    endloop
  endfacet
  facet normal 1 0 0
    outer loop
      vertex 33.7476 -9.25 -6.27313
      vertex 33.7476 -2.84428 1.13424
      vertex 33.7476 -9.25 6.27313
    endloop
  endfacet
  facet normal 1 0 0
    outer loop
      vertex 33.7476 -2.84428 1.13424
      vertex 33.7476 -9.25 -6.27313
      vertex 33.7476 -2.77513 0.858174
    endloop
  endfacet
  facet normal 1 0 0
    outer loop
      vertex 33.7476 -2.77513 0.858174
      vertex 33.7476 -9.25 -6.27313
      vertex 33.7476 -2.67925 0.590218
    endloop
  endfacet
  facet normal 1 0 0
    outer loop
      vertex 33.7476 -2.67925 0.590218
      vertex 33.7476 -9.25 -6.27313
      vertex 33.7476 -2.55757 0.332949
    endloop
  endfacet
  facet normal 1 0 0
    outer loop
      vertex 33.7476 -2.55757 0.332949
      vertex 33.7476 -9.25 -6.27313
      vertex 33.7476 -2.41126 0.0888462
    endloop
  endfacet
  facet normal 1 0 0
    outer loop
      vertex 33.7476 -2.41126 0.0888462
      vertex 33.7476 -9.25 -6.27313
      vertex 33.7476 -2.24173 -0.13974
    endloop
  endfacet
  facet normal 1 0 0
    outer loop
      vertex 33.7476 0 -1.2
      vertex 33.7476 -9.25 -6.27313
      vertex 33.7476 9.25 -6.27313
    endloop
  endfacet
  facet normal 1 0 0
    outer loop
      vertex 33.7476 -1.61115 -0.711262
      vertex 33.7476 -9.25 -6.27313
      vertex 33.7476 -1.36705 -0.857572
    endloop
  endfacet
  facet normal 1 0 0
    outer loop
      vertex 33.7476 -1.83974 -0.54173
      vertex 33.7476 -9.25 -6.27313
      vertex 33.7476 -1.61115 -0.711262
    endloop
  endfacet
  facet normal 1 0 0
    outer loop
      vertex 33.7476 -2.05061 -0.350609
      vertex 33.7476 -9.25 -6.27313
      vertex 33.7476 -1.83974 -0.54173
    endloop
  endfacet
  facet normal 1 0 0
    outer loop
      vertex 33.7476 -2.24173 -0.13974
      vertex 33.7476 -9.25 -6.27313
      vertex 33.7476 -2.05061 -0.350609
    endloop
  endfacet
  facet normal 0.995204 0 -0.0978237
    outer loop
      vertex 33.7476 -9.25 -6.27313
      vertex 33.7284 9.25 -6.46846
      vertex 33.7476 9.25 -6.27313
    endloop
  endfacet
  facet normal 0.995204 0 -0.0978237
    outer loop
      vertex 33.7284 9.25 -6.46846
      vertex 33.7476 -9.25 -6.27313
      vertex 33.7284 -9.25 -6.46846
    endloop
  endfacet
  facet normal 0.290292 0 0.956938
    outer loop
      vertex 32.236 9.25 8.11506
      vertex 32.4238 -9.25 8.05809
      vertex 32.4238 9.25 8.05809
    endloop
  endfacet
  facet normal 0.290292 0 0.956938
    outer loop
      vertex 32.4238 -9.25 8.05809
      vertex 32.236 9.25 8.11506
      vertex 32.236 -9.25 8.11506
    endloop
  endfacet
  facet normal 0.195087 0 0.980786
    outer loop
      vertex 32.0435 9.25 8.15335
      vertex 32.236 -9.25 8.11506
      vertex 32.236 9.25 8.11506
    endloop
  endfacet
  facet normal 0.195087 0 0.980786
    outer loop
      vertex 32.236 -9.25 8.11506
      vertex 32.0435 9.25 8.15335
      vertex 32.0435 -9.25 8.15335
    endloop
  endfacet
  facet normal 0.634433 0 0.772978
    outer loop
      vertex 32.9414 9.25 7.78141
      vertex 33.0931 -9.25 7.6569
      vertex 33.0931 9.25 7.6569
    endloop
  endfacet
  facet normal 0.634433 0 0.772978
    outer loop
      vertex 33.0931 -9.25 7.6569
      vertex 32.9414 9.25 7.78141
      vertex 32.9414 -9.25 7.78141
    endloop
  endfacet
  facet normal 0.980776 -0 0.195136
    outer loop
      vertex 33.6901 -9.25 6.66096
      vertex 33.7284 9.25 6.46846
      vertex 33.6901 9.25 6.66096
    endloop
  endfacet
  facet normal 0.980776 0 0.195136
    outer loop
      vertex 33.7284 9.25 6.46846
      vertex 33.6901 -9.25 6.66096
      vertex 33.7284 -9.25 6.46846
    endloop
  endfacet
  facet normal 0.923896 -0 0.382643
    outer loop
      vertex 33.558 -9.25 7.03011
      vertex 33.6331 9.25 6.84878
      vertex 33.558 9.25 7.03011
    endloop
  endfacet
  facet normal 0.923896 0 0.382643
    outer loop
      vertex 33.6331 9.25 6.84878
      vertex 33.558 -9.25 7.03011
      vertex 33.6331 -9.25 6.84878
    endloop
  endfacet
  facet normal 0.707056 0 0.707158
    outer loop
      vertex 33.0931 9.25 7.6569
      vertex 33.2319 -9.25 7.51812
      vertex 33.2319 9.25 7.51812
    endloop
  endfacet
  facet normal 0.707056 0 0.707158
    outer loop
      vertex 33.2319 -9.25 7.51812
      vertex 33.0931 9.25 7.6569
      vertex 33.0931 -9.25 7.6569
    endloop
  endfacet
  facet normal 0.956904 -0 0.290403
    outer loop
      vertex 33.6331 -9.25 6.84878
      vertex 33.6901 9.25 6.66096
      vertex 33.6331 9.25 6.84878
    endloop
  endfacet
  facet normal 0.956904 0 0.290403
    outer loop
      vertex 33.6901 9.25 6.66096
      vertex 33.6331 -9.25 6.84878
      vertex 33.6901 -9.25 6.66096
    endloop
  endfacet
  facet normal 0.773044 0 -0.634353
    outer loop
      vertex 33.3564 -9.25 -7.3664
      vertex 33.2319 9.25 -7.51812
      vertex 33.3564 9.25 -7.3664
    endloop
  endfacet
  facet normal 0.773044 0 -0.634353
    outer loop
      vertex 33.2319 9.25 -7.51812
      vertex 33.3564 -9.25 -7.3664
      vertex 33.2319 -9.25 -7.51812
    endloop
  endfacet
  facet normal 0.980776 0 -0.195136
    outer loop
      vertex 33.7284 -9.25 -6.46846
      vertex 33.6901 9.25 -6.66096
      vertex 33.7284 9.25 -6.46846
    endloop
  endfacet
  facet normal 0.980776 0 -0.195136
    outer loop
      vertex 33.6901 9.25 -6.66096
      vertex 33.7284 -9.25 -6.46846
      vertex 33.6901 -9.25 -6.66096
    endloop
  endfacet
  facet normal 0.923896 0 -0.382643
    outer loop
      vertex 33.6331 -9.25 -6.84878
      vertex 33.558 9.25 -7.03011
      vertex 33.6331 9.25 -6.84878
    endloop
  endfacet
  facet normal 0.923896 0 -0.382643
    outer loop
      vertex 33.558 9.25 -7.03011
      vertex 33.6331 -9.25 -6.84878
      vertex 33.558 -9.25 -7.03011
    endloop
  endfacet
  facet normal 0.471381 0 -0.881929
    outer loop
      vertex 32.6051 -9.25 -7.98298
      vertex 32.7782 9.25 -7.89046
      vertex 32.7782 -9.25 -7.89046
    endloop
  endfacet
  facet normal 0.471381 0 -0.881929
    outer loop
      vertex 32.7782 9.25 -7.89046
      vertex 32.6051 -9.25 -7.98298
      vertex 32.6051 9.25 -7.98298
    endloop
  endfacet
  facet normal 0.555582 0 -0.831462
    outer loop
      vertex 32.7782 -9.25 -7.89046
      vertex 32.9414 9.25 -7.78141
      vertex 32.9414 -9.25 -7.78141
    endloop
  endfacet
  facet normal 0.555582 0 -0.831462
    outer loop
      vertex 32.9414 9.25 -7.78141
      vertex 32.7782 -9.25 -7.89046
      vertex 32.7782 9.25 -7.89046
    endloop
  endfacet
  facet normal 0.707056 0 -0.707158
    outer loop
      vertex 33.0931 -9.25 -7.6569
      vertex 33.2319 9.25 -7.51812
      vertex 33.2319 -9.25 -7.51812
    endloop
  endfacet
  facet normal 0.707056 0 -0.707158
    outer loop
      vertex 33.2319 9.25 -7.51812
      vertex 33.0931 -9.25 -7.6569
      vertex 33.0931 9.25 -7.6569
    endloop
  endfacet
  facet normal 0.634433 0 -0.772978
    outer loop
      vertex 32.9414 -9.25 -7.78141
      vertex 33.0931 9.25 -7.6569
      vertex 33.0931 -9.25 -7.6569
    endloop
  endfacet
  facet normal 0.634433 0 -0.772978
    outer loop
      vertex 33.0931 9.25 -7.6569
      vertex 32.9414 -9.25 -7.78141
      vertex 32.9414 9.25 -7.78141
    endloop
  endfacet
  facet normal 0.773044 -0 0.634353
    outer loop
      vertex 33.2319 -9.25 7.51812
      vertex 33.3564 9.25 7.3664
      vertex 33.2319 9.25 7.51812
    endloop
  endfacet
  facet normal 0.773044 0 0.634353
    outer loop
      vertex 33.3564 9.25 7.3664
      vertex 33.2319 -9.25 7.51812
      vertex 33.3564 -9.25 7.3664
    endloop
  endfacet
  facet normal 0.881961 -0 0.471323
    outer loop
      vertex 33.4655 -9.25 7.2032
      vertex 33.558 9.25 7.03011
      vertex 33.4655 9.25 7.2032
    endloop
  endfacet
  facet normal 0.881961 0 0.471323
    outer loop
      vertex 33.558 9.25 7.03011
      vertex 33.4655 -9.25 7.2032
      vertex 33.558 -9.25 7.03011
    endloop
  endfacet
  facet normal 0.38274 0 -0.923856
    outer loop
      vertex 32.4238 -9.25 -8.05809
      vertex 32.6051 9.25 -7.98298
      vertex 32.6051 -9.25 -7.98298
    endloop
  endfacet
  facet normal 0.38274 0 -0.923856
    outer loop
      vertex 32.6051 9.25 -7.98298
      vertex 32.4238 -9.25 -8.05809
      vertex 32.4238 9.25 -8.05809
    endloop
  endfacet
  facet normal 0.831344 -0 0.555758
    outer loop
      vertex 33.3564 -9.25 7.3664
      vertex 33.4655 9.25 7.2032
      vertex 33.3564 9.25 7.3664
    endloop
  endfacet
  facet normal 0.831344 0 0.555758
    outer loop
      vertex 33.4655 9.25 7.2032
      vertex 33.3564 -9.25 7.3664
      vertex 33.4655 -9.25 7.2032
    endloop
  endfacet
  facet normal 0.555582 0 0.831462
    outer loop
      vertex 32.7782 9.25 7.89046
      vertex 32.9414 -9.25 7.78141
      vertex 32.9414 9.25 7.78141
    endloop
  endfacet
  facet normal 0.555582 0 0.831462
    outer loop
      vertex 32.9414 -9.25 7.78141
      vertex 32.7782 9.25 7.89046
      vertex 32.7782 -9.25 7.89046
    endloop
  endfacet
  facet normal 0.290292 0 -0.956938
    outer loop
      vertex 32.236 -9.25 -8.11506
      vertex 32.4238 9.25 -8.05809
      vertex 32.4238 -9.25 -8.05809
    endloop
  endfacet
  facet normal 0.290292 0 -0.956938
    outer loop
      vertex 32.4238 9.25 -8.05809
      vertex 32.236 -9.25 -8.11506
      vertex 32.236 9.25 -8.11506
    endloop
  endfacet
  facet normal 0 0 -1
    outer loop
      vertex 25.75 -9.25 -8.17259
      vertex 31.8481 9.25 -8.17259
      vertex 31.8481 -9.25 -8.17259
    endloop
  endfacet
  facet normal -0 0 -1
    outer loop
      vertex 31.8481 9.25 -8.17259
      vertex 25.75 -9.25 -8.17259
      vertex 25.75 9.25 -8.17259
    endloop
  endfacet
  facet normal 0.195087 0 -0.980786
    outer loop
      vertex 32.0435 -9.25 -8.15335
      vertex 32.236 9.25 -8.11506
      vertex 32.236 -9.25 -8.11506
    endloop
  endfacet
  facet normal 0.195087 0 -0.980786
    outer loop
      vertex 32.236 9.25 -8.11506
      vertex 32.0435 -9.25 -8.15335
      vertex 32.0435 9.25 -8.15335
    endloop
  endfacet
  facet normal 0.38274 0 0.923856
    outer loop
      vertex 32.4238 9.25 8.05809
      vertex 32.6051 -9.25 7.98298
      vertex 32.6051 9.25 7.98298
    endloop
  endfacet
  facet normal 0.38274 0 0.923856
    outer loop
      vertex 32.6051 -9.25 7.98298
      vertex 32.4238 9.25 8.05809
      vertex 32.4238 -9.25 8.05809
    endloop
  endfacet
  facet normal 0.471381 0 0.881929
    outer loop
      vertex 32.6051 9.25 7.98298
      vertex 32.7782 -9.25 7.89046
      vertex 32.7782 9.25 7.89046
    endloop
  endfacet
  facet normal 0.471381 0 0.881929
    outer loop
      vertex 32.7782 -9.25 7.89046
      vertex 32.6051 9.25 7.98298
      vertex 32.6051 -9.25 7.98298
    endloop
  endfacet
  facet normal 0 0 1
    outer loop
      vertex 31.8481 9.25 8.17259
      vertex 30.7488 7.25 8.17259
      vertex 31.8481 -9.25 8.17259
    endloop
  endfacet
  facet normal -0 0 1
    outer loop
      vertex 25.7058 8.53993 8.17259
      vertex 30.7488 7.25 8.17259
      vertex 31.8481 9.25 8.17259
    endloop
  endfacet
  facet normal 0 0 1
    outer loop
      vertex 30.7488 7.25 8.17259
      vertex 25.744 8.3479 8.17259
      vertex 25.7488 8.25 8.17259
    endloop
  endfacet
  facet normal 0 0 1
    outer loop
      vertex 30.7488 7.25 8.17259
      vertex 25.7296 8.44485 8.17259
      vertex 25.744 8.3479 8.17259
    endloop
  endfacet
  facet normal 0 0 1
    outer loop
      vertex 30.7488 7.25 8.17259
      vertex 25.7058 8.53993 8.17259
      vertex 25.7296 8.44485 8.17259
    endloop
  endfacet
  facet normal 0 0 1
    outer loop
      vertex 31.8481 9.25 8.17259
      vertex 25.6728 8.63222 8.17259
      vertex 25.7058 8.53993 8.17259
    endloop
  endfacet
  facet normal 0 0 1
    outer loop
      vertex 31.8481 9.25 8.17259
      vertex 25.6309 8.72083 8.17259
      vertex 25.6728 8.63222 8.17259
    endloop
  endfacet
  facet normal 0 0 1
    outer loop
      vertex 31.8481 9.25 8.17259
      vertex 25.5805 8.8049 8.17259
      vertex 25.6309 8.72083 8.17259
    endloop
  endfacet
  facet normal 0 0 1
    outer loop
      vertex 31.8481 9.25 8.17259
      vertex 25.5221 8.88363 8.17259
      vertex 25.5805 8.8049 8.17259
    endloop
  endfacet
  facet normal 0 0 1
    outer loop
      vertex 31.8481 9.25 8.17259
      vertex 25.4563 8.95625 8.17259
      vertex 25.5221 8.88363 8.17259
    endloop
  endfacet
  facet normal 0 0 1
    outer loop
      vertex 31.8481 9.25 8.17259
      vertex 25.3836 9.02208 8.17259
      vertex 25.4563 8.95625 8.17259
    endloop
  endfacet
  facet normal 0 0 1
    outer loop
      vertex 31.8481 9.25 8.17259
      vertex 25.3049 9.08047 8.17259
      vertex 25.3836 9.02208 8.17259
    endloop
  endfacet
  facet normal 0 0 1
    outer loop
      vertex 31.8481 9.25 8.17259
      vertex 25.2208 9.13086 8.17259
      vertex 25.3049 9.08047 8.17259
    endloop
  endfacet
  facet normal 0 0 1
    outer loop
      vertex 31.8481 9.25 8.17259
      vertex 25.1322 9.17277 8.17259
      vertex 25.2208 9.13086 8.17259
    endloop
  endfacet
  facet normal 0 0 1
    outer loop
      vertex 31.8481 9.25 8.17259
      vertex 25.0399 9.20579 8.17259
      vertex 25.1322 9.17277 8.17259
    endloop
  endfacet
  facet normal 0 0 1
    outer loop
      vertex 31.8481 9.25 8.17259
      vertex 24.9449 9.2296 8.17259
      vertex 25.0399 9.20579 8.17259
    endloop
  endfacet
  facet normal 0 0 1
    outer loop
      vertex 31.8481 9.25 8.17259
      vertex 24.8479 9.24399 8.17259
      vertex 24.9449 9.2296 8.17259
    endloop
  endfacet
  facet normal 0 0 1
    outer loop
      vertex 31.8481 9.25 8.17259
      vertex 24.75 9.24879 8.17259
      vertex 24.8479 9.24399 8.17259
    endloop
  endfacet
  facet normal -0 0 1
    outer loop
      vertex 23.75 9.25 8.17259
      vertex 24.75 9.24879 8.17259
      vertex 31.8481 9.25 8.17259
    endloop
  endfacet
  facet normal 0 0 1
    outer loop
      vertex 24.75 9.24879 8.17259
      vertex 23.75 9.25 8.17259
      vertex 23.75 9.24879 8.17259
    endloop
  endfacet
  facet normal -0 0 1
    outer loop
      vertex 30.7488 -7.25 8.17259
      vertex 31.8481 -9.25 8.17259
      vertex 30.7488 7.25 8.17259
    endloop
  endfacet
  facet normal 0 0 1
    outer loop
      vertex 25.7488 -8.25 8.17259
      vertex 30.7488 -7.25 8.17259
      vertex 25.7488 -7.25 8.17259
    endloop
  endfacet
  facet normal 0 0 1
    outer loop
      vertex 25.744 -8.3479 8.17259
      vertex 30.7488 -7.25 8.17259
      vertex 25.7488 -8.25 8.17259
    endloop
  endfacet
  facet normal 0 0 1
    outer loop
      vertex 25.7296 -8.44485 8.17259
      vertex 30.7488 -7.25 8.17259
      vertex 25.744 -8.3479 8.17259
    endloop
  endfacet
  facet normal 0 0 1
    outer loop
      vertex 25.7058 -8.53993 8.17259
      vertex 30.7488 -7.25 8.17259
      vertex 25.7296 -8.44485 8.17259
    endloop
  endfacet
  facet normal 0 0 1
    outer loop
      vertex 30.7488 -7.25 8.17259
      vertex 25.7058 -8.53993 8.17259
      vertex 31.8481 -9.25 8.17259
    endloop
  endfacet
  facet normal -0 0 1
    outer loop
      vertex 25.6728 -8.63222 8.17259
      vertex 31.8481 -9.25 8.17259
      vertex 25.7058 -8.53993 8.17259
    endloop
  endfacet
  facet normal -0 0 1
    outer loop
      vertex 25.6309 -8.72083 8.17259
      vertex 31.8481 -9.25 8.17259
      vertex 25.6728 -8.63222 8.17259
    endloop
  endfacet
  facet normal -0 0 1
    outer loop
      vertex 25.5805 -8.8049 8.17259
      vertex 31.8481 -9.25 8.17259
      vertex 25.6309 -8.72083 8.17259
    endloop
  endfacet
  facet normal -0 0 1
    outer loop
      vertex 25.5221 -8.88363 8.17259
      vertex 31.8481 -9.25 8.17259
      vertex 25.5805 -8.8049 8.17259
    endloop
  endfacet
  facet normal -0 0 1
    outer loop
      vertex 25.4563 -8.95625 8.17259
      vertex 31.8481 -9.25 8.17259
      vertex 25.5221 -8.88363 8.17259
    endloop
  endfacet
  facet normal -0 0 1
    outer loop
      vertex 25.3836 -9.02208 8.17259
      vertex 31.8481 -9.25 8.17259
      vertex 25.4563 -8.95625 8.17259
    endloop
  endfacet
  facet normal -0 0 1
    outer loop
      vertex 25.3049 -9.08047 8.17259
      vertex 31.8481 -9.25 8.17259
      vertex 25.3836 -9.02208 8.17259
    endloop
  endfacet
  facet normal -0 0 1
    outer loop
      vertex 25.2208 -9.13086 8.17259
      vertex 31.8481 -9.25 8.17259
      vertex 25.3049 -9.08047 8.17259
    endloop
  endfacet
  facet normal -0 0 1
    outer loop
      vertex 25.1322 -9.17277 8.17259
      vertex 31.8481 -9.25 8.17259
      vertex 25.2208 -9.13086 8.17259
    endloop
  endfacet
  facet normal -0 0 1
    outer loop
      vertex 25.0399 -9.20579 8.17259
      vertex 31.8481 -9.25 8.17259
      vertex 25.1322 -9.17277 8.17259
    endloop
  endfacet
  facet normal -0 0 1
    outer loop
      vertex 24.9449 -9.2296 8.17259
      vertex 31.8481 -9.25 8.17259
      vertex 25.0399 -9.20579 8.17259
    endloop
  endfacet
  facet normal -0 0 1
    outer loop
      vertex 24.8479 -9.24399 8.17259
      vertex 31.8481 -9.25 8.17259
      vertex 24.9449 -9.2296 8.17259
    endloop
  endfacet
  facet normal -0 0 1
    outer loop
      vertex 24.75 -9.24879 8.17259
      vertex 31.8481 -9.25 8.17259
      vertex 24.8479 -9.24399 8.17259
    endloop
  endfacet
  facet normal 0 0 1
    outer loop
      vertex 23.75 -9.25 8.17259
      vertex 24.75 -9.24879 8.17259
      vertex 23.75 -9.24879 8.17259
    endloop
  endfacet
  facet normal 0 0 1
    outer loop
      vertex 24.75 -9.24879 8.17259
      vertex 23.75 -9.25 8.17259
      vertex 31.8481 -9.25 8.17259
    endloop
  endfacet
  facet normal 0 0 1
    outer loop
      vertex 30.7488 7.25 8.17259
      vertex 25.7488 8.25 8.17259
      vertex 25.7488 7.25 8.17259
    endloop
  endfacet
  facet normal -1 0 0
    outer loop
      vertex 23.75 9.25 -1.825
      vertex 23.75 9.24879 6.22593
      vertex 23.75 9.25 8.17259
    endloop
  endfacet
  facet normal -1 0 0
    outer loop
      vertex 23.75 9.25 -1.825
      vertex 23.75 9.23918 6.12827
      vertex 23.75 9.24879 6.22593
    endloop
  endfacet
  facet normal -1 0 0
    outer loop
      vertex 23.75 9.25 -1.825
      vertex 23.75 9.22003 6.03202
      vertex 23.75 9.23918 6.12827
    endloop
  endfacet
  facet normal -1 0 0
    outer loop
      vertex 23.75 9.25 -1.825
      vertex 23.75 9.19154 5.93811
      vertex 23.75 9.22003 6.03202
    endloop
  endfacet
  facet normal -1 0 0
    outer loop
      vertex 23.75 9.25 -1.825
      vertex 23.75 9.15399 5.84744
      vertex 23.75 9.19154 5.93811
    endloop
  endfacet
  facet normal -1 0 0
    outer loop
      vertex 23.75 9.25 -1.825
      vertex 23.75 9.10773 5.7609
      vertex 23.75 9.15399 5.84744
    endloop
  endfacet
  facet normal -1 0 0
    outer loop
      vertex 23.75 9.25 -1.825
      vertex 23.75 9.05321 5.6793
      vertex 23.75 9.10773 5.7609
    endloop
  endfacet
  facet normal -1 0 0
    outer loop
      vertex 23.75 9.25 -1.825
      vertex 23.75 8.99095 5.60344
      vertex 23.75 9.05321 5.6793
    endloop
  endfacet
  facet normal -1 0 0
    outer loop
      vertex 23.75 9.25 -1.825
      vertex 23.75 8.92156 5.53405
      vertex 23.75 8.99095 5.60344
    endloop
  endfacet
  facet normal -1 0 0
    outer loop
      vertex 23.75 9.25 -1.825
      vertex 23.75 8.8457 5.47179
      vertex 23.75 8.92156 5.53405
    endloop
  endfacet
  facet normal -1 0 0
    outer loop
      vertex 23.75 9.25 -1.825
      vertex 23.75 8.7641 5.41727
      vertex 23.75 8.8457 5.47179
    endloop
  endfacet
  facet normal -1 0 0
    outer loop
      vertex 23.75 9.25 -1.825
      vertex 23.75 8.67756 5.37101
      vertex 23.75 8.7641 5.41727
    endloop
  endfacet
  facet normal -1 0 0
    outer loop
      vertex 23.75 9.25 -1.825
      vertex 23.75 8.58689 5.33346
      vertex 23.75 8.67756 5.37101
    endloop
  endfacet
  facet normal -1 0 0
    outer loop
      vertex 23.75 9.25 -1.825
      vertex 23.75 8.49298 5.30497
      vertex 23.75 8.58689 5.33346
    endloop
  endfacet
  facet normal -1 0 0
    outer loop
      vertex 23.75 5.625 1.7
      vertex 23.75 8.49298 5.30497
      vertex 23.75 9.25 -1.825
    endloop
  endfacet
  facet normal -1 0 0
    outer loop
      vertex 23.75 8.49298 5.30497
      vertex 23.75 5.625 1.7
      vertex 23.75 8.39673 5.28582
    endloop
  endfacet
  facet normal -1 0 0
    outer loop
      vertex 23.75 5.62018 1.79802
      vertex 23.75 8.39673 5.28582
      vertex 23.75 5.625 1.7
    endloop
  endfacet
  facet normal -1 0 0
    outer loop
      vertex 23.75 9.25 -1.825
      vertex 23.75 5.62018 1.60198
      vertex 23.75 5.625 1.7
    endloop
  endfacet
  facet normal -1 0 0
    outer loop
      vertex 23.75 9.25 -1.825
      vertex 23.75 5.60578 1.50491
      vertex 23.75 5.62018 1.60198
    endloop
  endfacet
  facet normal -1 0 0
    outer loop
      vertex 23.75 9.25 -1.825
      vertex 23.75 5.58194 1.40971
      vertex 23.75 5.60578 1.50491
    endloop
  endfacet
  facet normal -1 0 0
    outer loop
      vertex 23.75 9.25 -1.825
      vertex 23.75 5.54888 1.31732
      vertex 23.75 5.58194 1.40971
    endloop
  endfacet
  facet normal -1 0 0
    outer loop
      vertex 23.75 9.25 -1.825
      vertex 23.75 5.50692 1.2286
      vertex 23.75 5.54888 1.31732
    endloop
  endfacet
  facet normal -1 0 0
    outer loop
      vertex 23.75 9.25 -1.825
      vertex 23.75 5.45647 1.14443
      vertex 23.75 5.50692 1.2286
    endloop
  endfacet
  facet normal -1 0 0
    outer loop
      vertex 23.75 9.25 -1.825
      vertex 23.75 5.39801 1.06561
      vertex 23.75 5.45647 1.14443
    endloop
  endfacet
  facet normal -1 0 0
    outer loop
      vertex 23.75 9.25 -1.825
      vertex 23.75 5.33211 0.992892
      vertex 23.75 5.39801 1.06561
    endloop
  endfacet
  facet normal -1 0 0
    outer loop
      vertex 23.75 9.25 -1.825
      vertex 23.75 5.25939 0.926989
      vertex 23.75 5.33211 0.992892
    endloop
  endfacet
  facet normal -1 0 0
    outer loop
      vertex 23.75 9.25 -1.825
      vertex 23.75 5.18057 0.86853
      vertex 23.75 5.25939 0.926989
    endloop
  endfacet
  facet normal -1 0 0
    outer loop
      vertex 23.75 9.25 -1.825
      vertex 23.75 5.0964 0.818078
      vertex 23.75 5.18057 0.86853
    endloop
  endfacet
  facet normal -1 0 0
    outer loop
      vertex 23.75 9.25 -1.825
      vertex 23.75 5.00768 0.77612
      vertex 23.75 5.0964 0.818078
    endloop
  endfacet
  facet normal -1 0 0
    outer loop
      vertex 23.75 9.25 -1.825
      vertex 23.75 4.91528 0.743059
      vertex 23.75 5.00768 0.77612
    endloop
  endfacet
  facet normal -1 0 0
    outer loop
      vertex 23.75 9.25 -1.825
      vertex 23.75 4.82009 0.719214
      vertex 23.75 4.91528 0.743059
    endloop
  endfacet
  facet normal -1 0 0
    outer loop
      vertex 23.75 9.25 -1.825
      vertex 23.75 4.72302 0.704815
      vertex 23.75 4.82009 0.719214
    endloop
  endfacet
  facet normal -1 0 0
    outer loop
      vertex 23.75 9.25 -1.825
      vertex 23.75 4.625 0.7
      vertex 23.75 4.72302 0.704815
    endloop
  endfacet
  facet normal -1 0 0
    outer loop
      vertex 23.75 9.25 -1.825
      vertex 23.75 4.52698 0.704815
      vertex 23.75 4.625 0.7
    endloop
  endfacet
  facet normal -1 0 0
    outer loop
      vertex 23.75 0.650561 0.129404
      vertex 23.75 4.52698 0.704815
      vertex 23.75 9.25 -1.825
    endloop
  endfacet
  facet normal -1 -0 0
    outer loop
      vertex 23.75 4.52698 0.704815
      vertex 23.75 0.650561 0.129404
      vertex 23.75 4.42991 0.719214
    endloop
  endfacet
  facet normal -1 0 -0
    outer loop
      vertex 23.75 0.801374 0.200733
      vertex 23.75 4.42991 0.719214
      vertex 23.75 0.650561 0.129404
    endloop
  endfacet
  facet normal -1 -0 0
    outer loop
      vertex 23.75 4.42991 0.719214
      vertex 23.75 0.801374 0.200733
      vertex 23.75 4.33471 0.743059
    endloop
  endfacet
  facet normal -1 0 0
    outer loop
      vertex 23.75 3.62982 1.60198
      vertex 23.75 1.7 1.7
      vertex 23.75 3.625 1.7
    endloop
  endfacet
  facet normal -1 0 0
    outer loop
      vertex 23.75 1.69181 1.53337
      vertex 23.75 3.62982 1.60198
      vertex 23.75 3.64421 1.50491
    endloop
  endfacet
  facet normal -1 0 0
    outer loop
      vertex 23.75 1.66733 1.36835
      vertex 23.75 3.64421 1.50491
      vertex 23.75 3.66806 1.40971
    endloop
  endfacet
  facet normal -1 0 0
    outer loop
      vertex 23.75 1.6268 1.20652
      vertex 23.75 3.66806 1.40971
      vertex 23.75 3.70112 1.31732
    endloop
  endfacet
  facet normal -1 0 0
    outer loop
      vertex 23.75 1.6268 1.20652
      vertex 23.75 3.70112 1.31732
      vertex 23.75 3.74308 1.2286
    endloop
  endfacet
  facet normal -1 0 0
    outer loop
      vertex 23.75 1.57059 1.04944
      vertex 23.75 3.74308 1.2286
      vertex 23.75 3.79353 1.14443
    endloop
  endfacet
  facet normal -1 0 0
    outer loop
      vertex 23.75 1.49927 0.898625
      vertex 23.75 3.79353 1.14443
      vertex 23.75 3.85199 1.06561
    endloop
  endfacet
  facet normal -1 0 0
    outer loop
      vertex 23.75 1.4135 0.75553
      vertex 23.75 3.85199 1.06561
      vertex 23.75 3.91789 0.992892
    endloop
  endfacet
  facet normal -1 0 0
    outer loop
      vertex 23.75 1.4135 0.75553
      vertex 23.75 3.91789 0.992892
      vertex 23.75 3.99061 0.926989
    endloop
  endfacet
  facet normal -1 0 0
    outer loop
      vertex 23.75 1.31412 0.621531
      vertex 23.75 3.99061 0.926989
      vertex 23.75 4.06943 0.86853
    endloop
  endfacet
  facet normal -1 0 0
    outer loop
      vertex 23.75 1.20208 0.497918
      vertex 23.75 4.06943 0.86853
      vertex 23.75 4.1536 0.818078
    endloop
  endfacet
  facet normal -1 -0 0
    outer loop
      vertex 23.75 4.33471 0.743059
      vertex 23.75 0.944468 0.286501
      vertex 23.75 4.24232 0.77612
    endloop
  endfacet
  facet normal -1 -0 0
    outer loop
      vertex 23.75 3.62982 1.60198
      vertex 23.75 1.69181 1.53337
      vertex 23.75 1.7 1.7
    endloop
  endfacet
  facet normal -1 -0 0
    outer loop
      vertex 23.75 3.64421 1.50491
      vertex 23.75 1.66733 1.36835
      vertex 23.75 1.69181 1.53337
    endloop
  endfacet
  facet normal -1 0 0
    outer loop
      vertex 23.75 3.66806 1.40971
      vertex 23.75 1.6268 1.20652
      vertex 23.75 1.66733 1.36835
    endloop
  endfacet
  facet normal -1 0 0
    outer loop
      vertex 23.75 3.74308 1.2286
      vertex 23.75 1.57059 1.04944
      vertex 23.75 1.6268 1.20652
    endloop
  endfacet
  facet normal -1 0 0
    outer loop
      vertex 23.75 3.79353 1.14443
      vertex 23.75 1.49927 0.898625
      vertex 23.75 1.57059 1.04944
    endloop
  endfacet
  facet normal -1 0 0
    outer loop
      vertex 23.75 3.85199 1.06561
      vertex 23.75 1.4135 0.75553
      vertex 23.75 1.49927 0.898625
    endloop
  endfacet
  facet normal -1 0 0
    outer loop
      vertex 23.75 3.99061 0.926989
      vertex 23.75 1.31412 0.621531
      vertex 23.75 1.4135 0.75553
    endloop
  endfacet
  facet normal -1 0 0
    outer loop
      vertex 23.75 4.06943 0.86853
      vertex 23.75 1.20208 0.497918
      vertex 23.75 1.31412 0.621531
    endloop
  endfacet
  facet normal -1 0 0
    outer loop
      vertex 23.75 4.1536 0.818078
      vertex 23.75 1.07847 0.385881
      vertex 23.75 1.20208 0.497918
    endloop
  endfacet
  facet normal -1 -0 0
    outer loop
      vertex 23.75 4.24232 0.77612
      vertex 23.75 1.07847 0.385881
      vertex 23.75 4.1536 0.818078
    endloop
  endfacet
  facet normal -1 0 -0
    outer loop
      vertex 23.75 1.07847 0.385881
      vertex 23.75 4.24232 0.77612
      vertex 23.75 0.944468 0.286501
    endloop
  endfacet
  facet normal -1 0 -0
    outer loop
      vertex 23.75 0.944468 0.286501
      vertex 23.75 4.33471 0.743059
      vertex 23.75 0.801374 0.200733
    endloop
  endfacet
  facet normal -1 0 0
    outer loop
      vertex 23.75 9.25 -1.825
      vertex 23.75 0.493484 0.0732012
      vertex 23.75 0.650561 0.129404
    endloop
  endfacet
  facet normal -1 0 0
    outer loop
      vertex 23.75 9.25 -1.825
      vertex 23.75 0.331653 0.0326643
      vertex 23.75 0.493484 0.0732012
    endloop
  endfacet
  facet normal -1 0 0
    outer loop
      vertex 23.75 9.25 -1.825
      vertex 23.75 0.166629 0.00818539
      vertex 23.75 0.331653 0.0326643
    endloop
  endfacet
  facet normal -1 0 0
    outer loop
      vertex 23.75 9.25 -1.825
      vertex 23.75 0 0
      vertex 23.75 0.166629 0.00818539
    endloop
  endfacet
  facet normal -1 0 0
    outer loop
      vertex 23.75 -9.25 -1.825
      vertex 23.75 0 0
      vertex 23.75 9.25 -1.825
    endloop
  endfacet
  facet normal -1 -0 0
    outer loop
      vertex 23.75 0 0
      vertex 23.75 -9.25 -1.825
      vertex 23.75 -0.166629 0.00818539
    endloop
  endfacet
  facet normal -1 0 0
    outer loop
      vertex 23.75 -3.62982 1.60198
      vertex 23.75 -1.7 1.7
      vertex 23.75 -1.69181 1.53337
    endloop
  endfacet
  facet normal -1 0 0
    outer loop
      vertex 23.75 -3.64421 1.50491
      vertex 23.75 -1.69181 1.53337
      vertex 23.75 -1.66733 1.36835
    endloop
  endfacet
  facet normal -1 0 0
    outer loop
      vertex 23.75 -3.66806 1.40971
      vertex 23.75 -1.66733 1.36835
      vertex 23.75 -1.6268 1.20652
    endloop
  endfacet
  facet normal -1 0 0
    outer loop
      vertex 23.75 -3.74308 1.2286
      vertex 23.75 -1.6268 1.20652
      vertex 23.75 -1.57059 1.04944
    endloop
  endfacet
  facet normal -1 0 0
    outer loop
      vertex 23.75 -3.79353 1.14443
      vertex 23.75 -1.57059 1.04944
      vertex 23.75 -1.49927 0.898625
    endloop
  endfacet
  facet normal -1 0 0
    outer loop
      vertex 23.75 -3.85199 1.06561
      vertex 23.75 -1.49927 0.898625
      vertex 23.75 -1.4135 0.75553
    endloop
  endfacet
  facet normal -1 0 0
    outer loop
      vertex 23.75 -3.99061 0.926989
      vertex 23.75 -1.4135 0.75553
      vertex 23.75 -1.31412 0.621531
    endloop
  endfacet
  facet normal -1 0 0
    outer loop
      vertex 23.75 -4.06943 0.86853
      vertex 23.75 -1.31412 0.621531
      vertex 23.75 -1.20208 0.497918
    endloop
  endfacet
  facet normal -1 0 0
    outer loop
      vertex 23.75 -4.1536 0.818078
      vertex 23.75 -1.20208 0.497918
      vertex 23.75 -1.07847 0.385881
    endloop
  endfacet
  facet normal -1 0 0
    outer loop
      vertex 23.75 -4.24232 0.77612
      vertex 23.75 -1.07847 0.385881
      vertex 23.75 -0.944468 0.286501
    endloop
  endfacet
  facet normal -1 0 0
    outer loop
      vertex 23.75 -4.33471 0.743059
      vertex 23.75 -0.944468 0.286501
      vertex 23.75 -0.801374 0.200733
    endloop
  endfacet
  facet normal -1 -0 0
    outer loop
      vertex 23.75 -1.7 1.7
      vertex 23.75 -3.62982 1.60198
      vertex 23.75 -3.625 1.7
    endloop
  endfacet
  facet normal -1 -0 0
    outer loop
      vertex 23.75 -1.69181 1.53337
      vertex 23.75 -3.64421 1.50491
      vertex 23.75 -3.62982 1.60198
    endloop
  endfacet
  facet normal -1 0 0
    outer loop
      vertex 23.75 -4.42991 0.719214
      vertex 23.75 -0.801374 0.200733
      vertex 23.75 -0.650561 0.129404
    endloop
  endfacet
  facet normal -1 0 0
    outer loop
      vertex 23.75 -1.66733 1.36835
      vertex 23.75 -3.66806 1.40971
      vertex 23.75 -3.64421 1.50491
    endloop
  endfacet
  facet normal -1 0 0
    outer loop
      vertex 23.75 -1.6268 1.20652
      vertex 23.75 -3.70112 1.31732
      vertex 23.75 -3.66806 1.40971
    endloop
  endfacet
  facet normal -1 0 0
    outer loop
      vertex 23.75 -1.6268 1.20652
      vertex 23.75 -3.74308 1.2286
      vertex 23.75 -3.70112 1.31732
    endloop
  endfacet
  facet normal -1 0 0
    outer loop
      vertex 23.75 -9.25 -1.825
      vertex 23.75 -0.650561 0.129404
      vertex 23.75 -0.493484 0.0732012
    endloop
  endfacet
  facet normal -1 0 0
    outer loop
      vertex 23.75 -1.57059 1.04944
      vertex 23.75 -3.79353 1.14443
      vertex 23.75 -3.74308 1.2286
    endloop
  endfacet
  facet normal -1 0 0
    outer loop
      vertex 23.75 -1.49927 0.898625
      vertex 23.75 -3.85199 1.06561
      vertex 23.75 -3.79353 1.14443
    endloop
  endfacet
  facet normal -1 0 0
    outer loop
      vertex 23.75 -1.4135 0.75553
      vertex 23.75 -3.91789 0.992892
      vertex 23.75 -3.85199 1.06561
    endloop
  endfacet
  facet normal -1 0 0
    outer loop
      vertex 23.75 -1.4135 0.75553
      vertex 23.75 -3.99061 0.926989
      vertex 23.75 -3.91789 0.992892
    endloop
  endfacet
  facet normal -1 0 0
    outer loop
      vertex 23.75 -9.25 -1.825
      vertex 23.75 -0.493484 0.0732012
      vertex 23.75 -0.331653 0.0326643
    endloop
  endfacet
  facet normal -1 0 0
    outer loop
      vertex 23.75 -1.31412 0.621531
      vertex 23.75 -4.06943 0.86853
      vertex 23.75 -3.99061 0.926989
    endloop
  endfacet
  facet normal -1 0 0
    outer loop
      vertex 23.75 -1.20208 0.497918
      vertex 23.75 -4.1536 0.818078
      vertex 23.75 -4.06943 0.86853
    endloop
  endfacet
  facet normal -1 0 0
    outer loop
      vertex 23.75 -1.07847 0.385881
      vertex 23.75 -4.24232 0.77612
      vertex 23.75 -4.1536 0.818078
    endloop
  endfacet
  facet normal -1 -0 0
    outer loop
      vertex 23.75 -0.166629 0.00818539
      vertex 23.75 -9.25 -1.825
      vertex 23.75 -0.331653 0.0326643
    endloop
  endfacet
  facet normal -1 0 0
    outer loop
      vertex 23.75 -0.944468 0.286501
      vertex 23.75 -4.33471 0.743059
      vertex 23.75 -4.24232 0.77612
    endloop
  endfacet
  facet normal -1 -0 0
    outer loop
      vertex 23.75 -0.650561 0.129404
      vertex 23.75 -9.25 -1.825
      vertex 23.75 -4.52698 0.704815
    endloop
  endfacet
  facet normal -1 0 0
    outer loop
      vertex 23.75 -0.801374 0.200733
      vertex 23.75 -4.42991 0.719214
      vertex 23.75 -4.33471 0.743059
    endloop
  endfacet
  facet normal -1 0 0
    outer loop
      vertex 23.75 -0.650561 0.129404
      vertex 23.75 -4.52698 0.704815
      vertex 23.75 -4.42991 0.719214
    endloop
  endfacet
  facet normal -1 0 0
    outer loop
      vertex 23.75 -4.52698 0.704815
      vertex 23.75 -9.25 -1.825
      vertex 23.75 -4.625 0.7
    endloop
  endfacet
  facet normal -1 -0 0
    outer loop
      vertex 23.75 -4.625 0.7
      vertex 23.75 -9.25 -1.825
      vertex 23.75 -4.72302 0.704815
    endloop
  endfacet
  facet normal -1 0 0
    outer loop
      vertex 23.75 -9.25 -1.825
      vertex 23.75 -5.625 1.7
      vertex 23.75 -5.62018 1.60198
    endloop
  endfacet
  facet normal -1 0 0
    outer loop
      vertex 23.75 -9.25 -1.825
      vertex 23.75 -5.62018 1.60198
      vertex 23.75 -5.60578 1.50491
    endloop
  endfacet
  facet normal -1 0 0
    outer loop
      vertex 23.75 -9.25 -1.825
      vertex 23.75 -5.60578 1.50491
      vertex 23.75 -5.58194 1.40971
    endloop
  endfacet
  facet normal -1 0 0
    outer loop
      vertex 23.75 -9.25 -1.825
      vertex 23.75 -5.58194 1.40971
      vertex 23.75 -5.54888 1.31732
    endloop
  endfacet
  facet normal -1 0 0
    outer loop
      vertex 23.75 -9.25 -1.825
      vertex 23.75 -5.54888 1.31732
      vertex 23.75 -5.50692 1.2286
    endloop
  endfacet
  facet normal -1 0 0
    outer loop
      vertex 23.75 -9.25 -1.825
      vertex 23.75 -5.50692 1.2286
      vertex 23.75 -5.45647 1.14443
    endloop
  endfacet
  facet normal -1 0 0
    outer loop
      vertex 23.75 -5.625 1.7
      vertex 23.75 -8.39673 5.28582
      vertex 23.75 -8.29907 5.27621
    endloop
  endfacet
  facet normal -1 -0 0
    outer loop
      vertex 23.75 -5.625 1.7
      vertex 23.75 -9.25 -1.825
      vertex 23.75 -8.49298 5.30497
    endloop
  endfacet
  facet normal -1 0 0
    outer loop
      vertex 23.75 -5.625 1.7
      vertex 23.75 -8.49298 5.30497
      vertex 23.75 -8.39673 5.28582
    endloop
  endfacet
  facet normal -1 0 0
    outer loop
      vertex 23.75 -9.25 -1.825
      vertex 23.75 -5.45647 1.14443
      vertex 23.75 -5.39801 1.06561
    endloop
  endfacet
  facet normal -1 -0 0
    outer loop
      vertex 23.75 -8.49298 5.30497
      vertex 23.75 -9.25 -1.825
      vertex 23.75 -8.58689 5.33346
    endloop
  endfacet
  facet normal -1 -0 0
    outer loop
      vertex 23.75 -8.58689 5.33346
      vertex 23.75 -9.25 -1.825
      vertex 23.75 -8.67756 5.37101
    endloop
  endfacet
  facet normal -1 -0 0
    outer loop
      vertex 23.75 -8.67756 5.37101
      vertex 23.75 -9.25 -1.825
      vertex 23.75 -8.7641 5.41727
    endloop
  endfacet
  facet normal -1 -0 0
    outer loop
      vertex 23.75 -8.7641 5.41727
      vertex 23.75 -9.25 -1.825
      vertex 23.75 -8.8457 5.47179
    endloop
  endfacet
  facet normal -1 -0 0
    outer loop
      vertex 23.75 -8.8457 5.47179
      vertex 23.75 -9.25 -1.825
      vertex 23.75 -8.92156 5.53405
    endloop
  endfacet
  facet normal -1 -0 0
    outer loop
      vertex 23.75 -8.92156 5.53405
      vertex 23.75 -9.25 -1.825
      vertex 23.75 -8.99095 5.60344
    endloop
  endfacet
  facet normal -1 -0 0
    outer loop
      vertex 23.75 -4.72302 0.704815
      vertex 23.75 -9.25 -1.825
      vertex 23.75 -4.82009 0.719214
    endloop
  endfacet
  facet normal -1 0 0
    outer loop
      vertex 23.75 -9.25 -1.825
      vertex 23.75 -4.91528 0.743059
      vertex 23.75 -4.82009 0.719214
    endloop
  endfacet
  facet normal -1 0 0
    outer loop
      vertex 23.75 -9.25 -1.825
      vertex 23.75 -5.00768 0.77612
      vertex 23.75 -4.91528 0.743059
    endloop
  endfacet
  facet normal -1 0 0
    outer loop
      vertex 23.75 -9.25 -1.825
      vertex 23.75 -5.0964 0.818078
      vertex 23.75 -5.00768 0.77612
    endloop
  endfacet
  facet normal -1 0 0
    outer loop
      vertex 23.75 -9.25 -1.825
      vertex 23.75 -5.18057 0.86853
      vertex 23.75 -5.0964 0.818078
    endloop
  endfacet
  facet normal -1 0 0
    outer loop
      vertex 23.75 -9.25 -1.825
      vertex 23.75 -5.25939 0.926989
      vertex 23.75 -5.18057 0.86853
    endloop
  endfacet
  facet normal -1 0 0
    outer loop
      vertex 23.75 -9.25 -1.825
      vertex 23.75 -5.33211 0.992892
      vertex 23.75 -5.25939 0.926989
    endloop
  endfacet
  facet normal -1 0 0
    outer loop
      vertex 23.75 -9.25 -1.825
      vertex 23.75 -5.39801 1.06561
      vertex 23.75 -5.33211 0.992892
    endloop
  endfacet
  facet normal -1 -0 0
    outer loop
      vertex 23.75 -8.99095 5.60344
      vertex 23.75 -9.25 -1.825
      vertex 23.75 -9.05321 5.6793
    endloop
  endfacet
  facet normal -1 0 0
    outer loop
      vertex 23.75 -9.25 -1.825
      vertex 23.75 -9.10773 5.7609
      vertex 23.75 -9.05321 5.6793
    endloop
  endfacet
  facet normal -1 0 0
    outer loop
      vertex 23.75 -9.25 -1.825
      vertex 23.75 -9.15399 5.84744
      vertex 23.75 -9.10773 5.7609
    endloop
  endfacet
  facet normal -1 0 0
    outer loop
      vertex 23.75 -9.25 -1.825
      vertex 23.75 -9.19154 5.93811
      vertex 23.75 -9.15399 5.84744
    endloop
  endfacet
  facet normal -1 0 0
    outer loop
      vertex 23.75 -9.25 -1.825
      vertex 23.75 -9.22003 6.03202
      vertex 23.75 -9.19154 5.93811
    endloop
  endfacet
  facet normal -1 0 0
    outer loop
      vertex 23.75 -9.25 -1.825
      vertex 23.75 -9.23918 6.12827
      vertex 23.75 -9.22003 6.03202
    endloop
  endfacet
  facet normal -1 0 0
    outer loop
      vertex 23.75 -9.25 -1.825
      vertex 23.75 -9.24879 6.22593
      vertex 23.75 -9.23918 6.12827
    endloop
  endfacet
  facet normal -1 0 0
    outer loop
      vertex 23.75 -9.25 8.17259
      vertex 23.75 -9.24879 6.22593
      vertex 23.75 -9.25 -1.825
    endloop
  endfacet
  facet normal -1 0 0
    outer loop
      vertex 23.75 -9.24879 6.22593
      vertex 23.75 -9.25 8.17259
      vertex 23.75 -9.24879 8.17259
    endloop
  endfacet
  facet normal -1 -0 0
    outer loop
      vertex 23.75 9.25 8.17259
      vertex 23.75 9.24879 6.22593
      vertex 23.75 9.24879 8.17259
    endloop
  endfacet
  facet normal -1 0 0
    outer loop
      vertex 23.75 8.39673 5.28582
      vertex 23.75 5.62018 1.79802
      vertex 23.75 8.29907 5.27621
    endloop
  endfacet
  facet normal -1 0 0
    outer loop
      vertex 23.75 5.60578 1.89509
      vertex 23.75 8.29907 5.27621
      vertex 23.75 5.62018 1.79802
    endloop
  endfacet
  facet normal -1 0 0
    outer loop
      vertex 23.75 5.58194 1.99028
      vertex 23.75 8.29907 5.27621
      vertex 23.75 5.60578 1.89509
    endloop
  endfacet
  facet normal -1 0 0
    outer loop
      vertex 23.75 5.54888 2.08268
      vertex 23.75 8.29907 5.27621
      vertex 23.75 5.58194 1.99028
    endloop
  endfacet
  facet normal -1 0 0
    outer loop
      vertex 23.75 5.50692 2.1714
      vertex 23.75 8.29907 5.27621
      vertex 23.75 5.54888 2.08268
    endloop
  endfacet
  facet normal -1 0 0
    outer loop
      vertex 23.75 5.45647 2.25557
      vertex 23.75 8.29907 5.27621
      vertex 23.75 5.50692 2.1714
    endloop
  endfacet
  facet normal -1 0 0
    outer loop
      vertex 23.75 5.39801 2.33439
      vertex 23.75 8.29907 5.27621
      vertex 23.75 5.45647 2.25557
    endloop
  endfacet
  facet normal -1 0 0
    outer loop
      vertex 23.75 5.33211 2.40711
      vertex 23.75 8.29907 5.27621
      vertex 23.75 5.39801 2.33439
    endloop
  endfacet
  facet normal -1 0 0
    outer loop
      vertex 23.75 5.25939 2.47301
      vertex 23.75 8.29907 5.27621
      vertex 23.75 5.33211 2.40711
    endloop
  endfacet
  facet normal -1 0 0
    outer loop
      vertex 23.75 5.18057 2.53147
      vertex 23.75 8.29907 5.27621
      vertex 23.75 5.25939 2.47301
    endloop
  endfacet
  facet normal -1 0 0
    outer loop
      vertex 23.75 5.0964 2.58192
      vertex 23.75 8.29907 5.27621
      vertex 23.75 5.18057 2.53147
    endloop
  endfacet
  facet normal -1 0 0
    outer loop
      vertex 23.75 5.00768 2.62388
      vertex 23.75 8.29907 5.27621
      vertex 23.75 5.0964 2.58192
    endloop
  endfacet
  facet normal -1 0 0
    outer loop
      vertex 23.75 4.91528 2.65694
      vertex 23.75 8.29907 5.27621
      vertex 23.75 5.00768 2.62388
    endloop
  endfacet
  facet normal -1 0 0
    outer loop
      vertex 23.75 4.82009 2.68079
      vertex 23.75 8.29907 5.27621
      vertex 23.75 4.91528 2.65694
    endloop
  endfacet
  facet normal -1 0 0
    outer loop
      vertex 23.75 4.72302 2.69518
      vertex 23.75 8.29907 5.27621
      vertex 23.75 4.82009 2.68079
    endloop
  endfacet
  facet normal -1 0 0
    outer loop
      vertex 23.75 4.625 2.7
      vertex 23.75 8.29907 5.27621
      vertex 23.75 4.72302 2.69518
    endloop
  endfacet
  facet normal -1 0 0
    outer loop
      vertex 23.75 4.52698 2.69518
      vertex 23.75 8.29907 5.27621
      vertex 23.75 4.625 2.7
    endloop
  endfacet
  facet normal -1 0 0
    outer loop
      vertex 23.75 4.42991 2.68079
      vertex 23.75 8.29907 5.27621
      vertex 23.75 4.52698 2.69518
    endloop
  endfacet
  facet normal -1 0 0
    outer loop
      vertex 23.75 0.801374 3.19927
      vertex 23.75 4.42991 2.68079
      vertex 23.75 4.33471 2.65694
    endloop
  endfacet
  facet normal -1 0 0
    outer loop
      vertex 23.75 0.944468 3.1135
      vertex 23.75 4.33471 2.65694
      vertex 23.75 4.24232 2.62388
    endloop
  endfacet
  facet normal -1 0 0
    outer loop
      vertex 23.75 1.07847 3.01412
      vertex 23.75 4.24232 2.62388
      vertex 23.75 4.1536 2.58192
    endloop
  endfacet
  facet normal -1 0 0
    outer loop
      vertex 23.75 1.20208 2.90208
      vertex 23.75 4.1536 2.58192
      vertex 23.75 4.06943 2.53147
    endloop
  endfacet
  facet normal -1 0 0
    outer loop
      vertex 23.75 1.7 1.7
      vertex 23.75 3.62982 1.79802
      vertex 23.75 3.625 1.7
    endloop
  endfacet
  facet normal -1 0 0
    outer loop
      vertex 23.75 1.69181 1.86663
      vertex 23.75 3.62982 1.79802
      vertex 23.75 1.7 1.7
    endloop
  endfacet
  facet normal -1 0 0
    outer loop
      vertex 23.75 3.62982 1.79802
      vertex 23.75 1.69181 1.86663
      vertex 23.75 3.64421 1.89509
    endloop
  endfacet
  facet normal -1 0 0
    outer loop
      vertex 23.75 1.66733 2.03165
      vertex 23.75 3.64421 1.89509
      vertex 23.75 1.69181 1.86663
    endloop
  endfacet
  facet normal -1 0 0
    outer loop
      vertex 23.75 3.64421 1.89509
      vertex 23.75 1.66733 2.03165
      vertex 23.75 3.66806 1.99028
    endloop
  endfacet
  facet normal -1 0 0
    outer loop
      vertex 23.75 1.6268 2.19348
      vertex 23.75 3.66806 1.99028
      vertex 23.75 1.66733 2.03165
    endloop
  endfacet
  facet normal -1 0 0
    outer loop
      vertex 23.75 3.66806 1.99028
      vertex 23.75 1.6268 2.19348
      vertex 23.75 3.70112 2.08268
    endloop
  endfacet
  facet normal -1 0 0
    outer loop
      vertex 23.75 3.70112 2.08268
      vertex 23.75 1.6268 2.19348
      vertex 23.75 3.74308 2.1714
    endloop
  endfacet
  facet normal -1 0 0
    outer loop
      vertex 23.75 1.57059 2.35056
      vertex 23.75 3.74308 2.1714
      vertex 23.75 1.6268 2.19348
    endloop
  endfacet
  facet normal -1 0 0
    outer loop
      vertex 23.75 3.74308 2.1714
      vertex 23.75 1.57059 2.35056
      vertex 23.75 3.79353 2.25557
    endloop
  endfacet
  facet normal -1 0 0
    outer loop
      vertex 23.75 1.49927 2.50137
      vertex 23.75 3.79353 2.25557
      vertex 23.75 1.57059 2.35056
    endloop
  endfacet
  facet normal -1 0 0
    outer loop
      vertex 23.75 3.79353 2.25557
      vertex 23.75 1.49927 2.50137
      vertex 23.75 3.85199 2.33439
    endloop
  endfacet
  facet normal -1 0 0
    outer loop
      vertex 23.75 1.4135 2.64447
      vertex 23.75 3.85199 2.33439
      vertex 23.75 1.49927 2.50137
    endloop
  endfacet
  facet normal -1 0 0
    outer loop
      vertex 23.75 3.85199 2.33439
      vertex 23.75 1.4135 2.64447
      vertex 23.75 3.91789 2.40711
    endloop
  endfacet
  facet normal -1 0 0
    outer loop
      vertex 23.75 3.91789 2.40711
      vertex 23.75 1.4135 2.64447
      vertex 23.75 3.99061 2.47301
    endloop
  endfacet
  facet normal -1 0 0
    outer loop
      vertex 23.75 1.31412 2.77847
      vertex 23.75 3.99061 2.47301
      vertex 23.75 1.4135 2.64447
    endloop
  endfacet
  facet normal -1 0 0
    outer loop
      vertex 23.75 3.99061 2.47301
      vertex 23.75 1.31412 2.77847
      vertex 23.75 4.06943 2.53147
    endloop
  endfacet
  facet normal -1 0 0
    outer loop
      vertex 23.75 1.20208 2.90208
      vertex 23.75 4.06943 2.53147
      vertex 23.75 1.31412 2.77847
    endloop
  endfacet
  facet normal -1 0 0
    outer loop
      vertex 23.75 4.1536 2.58192
      vertex 23.75 1.20208 2.90208
      vertex 23.75 1.07847 3.01412
    endloop
  endfacet
  facet normal -1 0 0
    outer loop
      vertex 23.75 4.24232 2.62388
      vertex 23.75 1.07847 3.01412
      vertex 23.75 0.944468 3.1135
    endloop
  endfacet
  facet normal -1 0 0
    outer loop
      vertex 23.75 4.33471 2.65694
      vertex 23.75 0.944468 3.1135
      vertex 23.75 0.801374 3.19927
    endloop
  endfacet
  facet normal -1 0 0
    outer loop
      vertex 23.75 4.42991 2.68079
      vertex 23.75 0.801374 3.19927
      vertex 23.75 8.29907 5.27621
    endloop
  endfacet
  facet normal -1 0 0
    outer loop
      vertex 23.75 0.650561 3.27059
      vertex 23.75 8.29907 5.27621
      vertex 23.75 0.801374 3.19927
    endloop
  endfacet
  facet normal -1 0 0
    outer loop
      vertex 23.75 0.493484 3.3268
      vertex 23.75 8.29907 5.27621
      vertex 23.75 0.650561 3.27059
    endloop
  endfacet
  facet normal -1 0 0
    outer loop
      vertex 23.75 0.331653 3.36733
      vertex 23.75 8.29907 5.27621
      vertex 23.75 0.493484 3.3268
    endloop
  endfacet
  facet normal -1 0 0
    outer loop
      vertex 23.75 0.166629 3.39181
      vertex 23.75 8.29907 5.27621
      vertex 23.75 0.331653 3.36733
    endloop
  endfacet
  facet normal -1 0 0
    outer loop
      vertex 23.75 0 3.4
      vertex 23.75 8.29907 5.27621
      vertex 23.75 0.166629 3.39181
    endloop
  endfacet
  facet normal -1 0 0
    outer loop
      vertex 23.75 -8.29907 5.27621
      vertex 23.75 0 3.4
      vertex 23.75 -0.166629 3.39181
    endloop
  endfacet
  facet normal -1 0 0
    outer loop
      vertex 23.75 -8.29907 5.27621
      vertex 23.75 -0.166629 3.39181
      vertex 23.75 -0.331653 3.36733
    endloop
  endfacet
  facet normal -1 0 0
    outer loop
      vertex 23.75 -3.62982 1.79802
      vertex 23.75 -1.7 1.7
      vertex 23.75 -3.625 1.7
    endloop
  endfacet
  facet normal -1 0 0
    outer loop
      vertex 23.75 -1.7 1.7
      vertex 23.75 -3.62982 1.79802
      vertex 23.75 -1.69181 1.86663
    endloop
  endfacet
  facet normal -1 0 0
    outer loop
      vertex 23.75 -3.64421 1.89509
      vertex 23.75 -1.69181 1.86663
      vertex 23.75 -3.62982 1.79802
    endloop
  endfacet
  facet normal -1 0 0
    outer loop
      vertex 23.75 -1.69181 1.86663
      vertex 23.75 -3.64421 1.89509
      vertex 23.75 -1.66733 2.03165
    endloop
  endfacet
  facet normal -1 0 0
    outer loop
      vertex 23.75 -3.66806 1.99028
      vertex 23.75 -1.66733 2.03165
      vertex 23.75 -3.64421 1.89509
    endloop
  endfacet
  facet normal -1 -0 0
    outer loop
      vertex 23.75 -1.66733 2.03165
      vertex 23.75 -3.66806 1.99028
      vertex 23.75 -1.6268 2.19348
    endloop
  endfacet
  facet normal -1 0 0
    outer loop
      vertex 23.75 -3.70112 2.08268
      vertex 23.75 -1.6268 2.19348
      vertex 23.75 -3.66806 1.99028
    endloop
  endfacet
  facet normal -1 0 0
    outer loop
      vertex 23.75 -3.74308 2.1714
      vertex 23.75 -1.6268 2.19348
      vertex 23.75 -3.70112 2.08268
    endloop
  endfacet
  facet normal -1 -0 0
    outer loop
      vertex 23.75 -1.6268 2.19348
      vertex 23.75 -3.74308 2.1714
      vertex 23.75 -1.57059 2.35056
    endloop
  endfacet
  facet normal -1 0 0
    outer loop
      vertex 23.75 -3.79353 2.25557
      vertex 23.75 -1.57059 2.35056
      vertex 23.75 -3.74308 2.1714
    endloop
  endfacet
  facet normal -1 -0 0
    outer loop
      vertex 23.75 -1.57059 2.35056
      vertex 23.75 -3.79353 2.25557
      vertex 23.75 -1.49927 2.50137
    endloop
  endfacet
  facet normal -1 0 0
    outer loop
      vertex 23.75 -3.85199 2.33439
      vertex 23.75 -1.49927 2.50137
      vertex 23.75 -3.79353 2.25557
    endloop
  endfacet
  facet normal -1 -0 0
    outer loop
      vertex 23.75 -1.49927 2.50137
      vertex 23.75 -3.85199 2.33439
      vertex 23.75 -1.4135 2.64447
    endloop
  endfacet
  facet normal -1 0 0
    outer loop
      vertex 23.75 -3.91789 2.40711
      vertex 23.75 -1.4135 2.64447
      vertex 23.75 -3.85199 2.33439
    endloop
  endfacet
  facet normal -1 0 0
    outer loop
      vertex 23.75 -3.99061 2.47301
      vertex 23.75 -1.4135 2.64447
      vertex 23.75 -3.91789 2.40711
    endloop
  endfacet
  facet normal -1 -0 0
    outer loop
      vertex 23.75 -1.4135 2.64447
      vertex 23.75 -3.99061 2.47301
      vertex 23.75 -1.31412 2.77847
    endloop
  endfacet
  facet normal -1 0 0
    outer loop
      vertex 23.75 -4.06943 2.53147
      vertex 23.75 -1.31412 2.77847
      vertex 23.75 -3.99061 2.47301
    endloop
  endfacet
  facet normal -1 -0 0
    outer loop
      vertex 23.75 -1.31412 2.77847
      vertex 23.75 -4.06943 2.53147
      vertex 23.75 -1.20208 2.90208
    endloop
  endfacet
  facet normal -1 0 0
    outer loop
      vertex 23.75 -4.1536 2.58192
      vertex 23.75 -1.20208 2.90208
      vertex 23.75 -4.06943 2.53147
    endloop
  endfacet
  facet normal -1 -0 0
    outer loop
      vertex 23.75 -1.20208 2.90208
      vertex 23.75 -4.1536 2.58192
      vertex 23.75 -1.07847 3.01412
    endloop
  endfacet
  facet normal -1 0 0
    outer loop
      vertex 23.75 -4.24232 2.62388
      vertex 23.75 -1.07847 3.01412
      vertex 23.75 -4.1536 2.58192
    endloop
  endfacet
  facet normal -1 -0 0
    outer loop
      vertex 23.75 -1.07847 3.01412
      vertex 23.75 -4.24232 2.62388
      vertex 23.75 -0.944468 3.1135
    endloop
  endfacet
  facet normal -1 0 0
    outer loop
      vertex 23.75 -4.33471 2.65694
      vertex 23.75 -0.944468 3.1135
      vertex 23.75 -4.24232 2.62388
    endloop
  endfacet
  facet normal -1 -0 0
    outer loop
      vertex 23.75 -0.944468 3.1135
      vertex 23.75 -4.33471 2.65694
      vertex 23.75 -0.801374 3.19927
    endloop
  endfacet
  facet normal -1 0 0
    outer loop
      vertex 23.75 -4.42991 2.68079
      vertex 23.75 -0.801374 3.19927
      vertex 23.75 -4.33471 2.65694
    endloop
  endfacet
  facet normal -1 0 0
    outer loop
      vertex 23.75 -8.29907 5.27621
      vertex 23.75 -0.801374 3.19927
      vertex 23.75 -4.42991 2.68079
    endloop
  endfacet
  facet normal -1 0 0
    outer loop
      vertex 23.75 -0.801374 3.19927
      vertex 23.75 -8.29907 5.27621
      vertex 23.75 -0.650561 3.27059
    endloop
  endfacet
  facet normal -1 0 0
    outer loop
      vertex 23.75 -0.650561 3.27059
      vertex 23.75 -8.29907 5.27621
      vertex 23.75 -0.493484 3.3268
    endloop
  endfacet
  facet normal -1 0 0
    outer loop
      vertex 23.75 -0.493484 3.3268
      vertex 23.75 -8.29907 5.27621
      vertex 23.75 -0.331653 3.36733
    endloop
  endfacet
  facet normal -1 0 0
    outer loop
      vertex 23.75 -8.29907 5.27621
      vertex 23.75 -4.42991 2.68079
      vertex 23.75 -4.52698 2.69518
    endloop
  endfacet
  facet normal -1 0 0
    outer loop
      vertex 23.75 -8.29907 5.27621
      vertex 23.75 -4.52698 2.69518
      vertex 23.75 -4.625 2.7
    endloop
  endfacet
  facet normal -1 0 0
    outer loop
      vertex 23.75 -8.29907 5.27621
      vertex 23.75 -4.625 2.7
      vertex 23.75 -4.72302 2.69518
    endloop
  endfacet
  facet normal -1 0 0
    outer loop
      vertex 23.75 -8.29907 5.27621
      vertex 23.75 -4.72302 2.69518
      vertex 23.75 -4.82009 2.68079
    endloop
  endfacet
  facet normal -1 0 0
    outer loop
      vertex 23.75 0 3.4
      vertex 23.75 -8.29907 5.27621
      vertex 23.75 8.29907 5.27621
    endloop
  endfacet
  facet normal -1 0 0
    outer loop
      vertex 23.75 -4.91528 2.65694
      vertex 23.75 -8.29907 5.27621
      vertex 23.75 -4.82009 2.68079
    endloop
  endfacet
  facet normal -1 0 0
    outer loop
      vertex 23.75 -5.00768 2.62388
      vertex 23.75 -8.29907 5.27621
      vertex 23.75 -4.91528 2.65694
    endloop
  endfacet
  facet normal -1 0 0
    outer loop
      vertex 23.75 -5.0964 2.58192
      vertex 23.75 -8.29907 5.27621
      vertex 23.75 -5.00768 2.62388
    endloop
  endfacet
  facet normal -1 0 0
    outer loop
      vertex 23.75 -5.18057 2.53147
      vertex 23.75 -8.29907 5.27621
      vertex 23.75 -5.0964 2.58192
    endloop
  endfacet
  facet normal -1 0 0
    outer loop
      vertex 23.75 -5.25939 2.47301
      vertex 23.75 -8.29907 5.27621
      vertex 23.75 -5.18057 2.53147
    endloop
  endfacet
  facet normal -1 0 0
    outer loop
      vertex 23.75 -5.33211 2.40711
      vertex 23.75 -8.29907 5.27621
      vertex 23.75 -5.25939 2.47301
    endloop
  endfacet
  facet normal -1 0 0
    outer loop
      vertex 23.75 -5.39801 2.33439
      vertex 23.75 -8.29907 5.27621
      vertex 23.75 -5.33211 2.40711
    endloop
  endfacet
  facet normal -1 0 0
    outer loop
      vertex 23.75 -5.45647 2.25557
      vertex 23.75 -8.29907 5.27621
      vertex 23.75 -5.39801 2.33439
    endloop
  endfacet
  facet normal -1 0 0
    outer loop
      vertex 23.75 -5.50692 2.1714
      vertex 23.75 -8.29907 5.27621
      vertex 23.75 -5.45647 2.25557
    endloop
  endfacet
  facet normal -1 0 0
    outer loop
      vertex 23.75 -5.54888 2.08268
      vertex 23.75 -8.29907 5.27621
      vertex 23.75 -5.50692 2.1714
    endloop
  endfacet
  facet normal -1 0 0
    outer loop
      vertex 23.75 -5.58194 1.99028
      vertex 23.75 -8.29907 5.27621
      vertex 23.75 -5.54888 2.08268
    endloop
  endfacet
  facet normal -1 0 0
    outer loop
      vertex 23.75 -5.60578 1.89509
      vertex 23.75 -8.29907 5.27621
      vertex 23.75 -5.58194 1.99028
    endloop
  endfacet
  facet normal -1 0 0
    outer loop
      vertex 23.75 -5.62018 1.79802
      vertex 23.75 -8.29907 5.27621
      vertex 23.75 -5.60578 1.89509
    endloop
  endfacet
  facet normal -1 0 0
    outer loop
      vertex 23.75 -8.29907 5.27621
      vertex 23.75 -5.62018 1.79802
      vertex 23.75 -5.625 1.7
    endloop
  endfacet
  facet normal 0.0978883 0 0.995197
    outer loop
      vertex 29.7991 7.25 10.1738
      vertex 29.8967 -7.25 10.1642
      vertex 29.8967 7.25 10.1642
    endloop
  endfacet
  facet normal 0.0978883 0 0.995197
    outer loop
      vertex 29.8967 -7.25 10.1642
      vertex 29.7991 7.25 10.1738
      vertex 29.7991 -7.25 10.1738
    endloop
  endfacet
  facet normal 1 -0 0
    outer loop
      vertex 30.7488 -7.25 9.22407
      vertex 30.7488 7.25 8.17259
      vertex 30.7488 7.25 9.22407
    endloop
  endfacet
  facet normal 1 0 0
    outer loop
      vertex 30.7488 7.25 8.17259
      vertex 30.7488 -7.25 9.22407
      vertex 30.7488 -7.25 8.17259
    endloop
  endfacet
  facet normal -0 0 1
    outer loop
      vertex 23.75 7.25 10.1738
      vertex 29.7991 -7.25 10.1738
      vertex 29.7991 7.25 10.1738
    endloop
  endfacet
  facet normal 0 0 1
    outer loop
      vertex 29.7991 -7.25 10.1738
      vertex 23.75 7.25 10.1738
      vertex 23.75 -7.25 10.1738
    endloop
  endfacet
  facet normal 0.924084 -0 0.38219
    outer loop
      vertex 30.654 -7.25 9.60256
      vertex 30.6915 7.25 9.51189
      vertex 30.654 7.25 9.60256
    endloop
  endfacet
  facet normal 0.924084 0 0.38219
    outer loop
      vertex 30.6915 7.25 9.51189
      vertex 30.654 -7.25 9.60256
      vertex 30.6915 -7.25 9.51189
    endloop
  endfacet
  facet normal 0.290432 0 0.956896
    outer loop
      vertex 29.993 7.25 10.145
      vertex 30.0869 -7.25 10.1165
      vertex 30.0869 7.25 10.1165
    endloop
  endfacet
  facet normal 0.290432 0 0.956896
    outer loop
      vertex 30.0869 -7.25 10.1165
      vertex 29.993 7.25 10.145
      vertex 29.993 -7.25 10.145
    endloop
  endfacet
  facet normal 0.634214 0 0.773158
    outer loop
      vertex 30.3457 7.25 9.97821
      vertex 30.4216 -7.25 9.91595
      vertex 30.4216 7.25 9.91595
    endloop
  endfacet
  facet normal 0.634214 0 0.773158
    outer loop
      vertex 30.4216 -7.25 9.91595
      vertex 30.3457 7.25 9.97821
      vertex 30.3457 -7.25 9.97821
    endloop
  endfacet
  facet normal 0.881737 -0 0.471741
    outer loop
      vertex 30.6077 -7.25 9.6891
      vertex 30.654 7.25 9.60256
      vertex 30.6077 7.25 9.6891
    endloop
  endfacet
  facet normal 0.881737 0 0.471741
    outer loop
      vertex 30.654 7.25 9.60256
      vertex 30.6077 -7.25 9.6891
      vertex 30.654 -7.25 9.60256
    endloop
  endfacet
  facet normal 0.773294 -0 0.634048
    outer loop
      vertex 30.491 -7.25 9.84656
      vertex 30.5532 7.25 9.7707
      vertex 30.491 7.25 9.84656
    endloop
  endfacet
  facet normal 0.773294 0 0.634048
    outer loop
      vertex 30.5532 7.25 9.7707
      vertex 30.491 -7.25 9.84656
      vertex 30.5532 -7.25 9.7707
    endloop
  endfacet
  facet normal 0.956904 -0 0.290403
    outer loop
      vertex 30.6915 -7.25 9.51189
      vertex 30.72 7.25 9.41798
      vertex 30.6915 7.25 9.51189
    endloop
  endfacet
  facet normal 0.956904 0 0.290403
    outer loop
      vertex 30.72 7.25 9.41798
      vertex 30.6915 -7.25 9.51189
      vertex 30.72 -7.25 9.41798
    endloop
  endfacet
  facet normal 0.707056 0 0.707158
    outer loop
      vertex 30.4216 7.25 9.91595
      vertex 30.491 -7.25 9.84656
      vertex 30.491 7.25 9.84656
    endloop
  endfacet
  facet normal 0.707056 0 0.707158
    outer loop
      vertex 30.491 -7.25 9.84656
      vertex 30.4216 7.25 9.91595
      vertex 30.4216 -7.25 9.91595
    endloop
  endfacet
  facet normal 0.382082 0 0.924129
    outer loop
      vertex 30.0869 7.25 10.1165
      vertex 30.1776 -7.25 10.079
      vertex 30.1776 7.25 10.079
    endloop
  endfacet
  facet normal 0.382082 0 0.924129
    outer loop
      vertex 30.1776 -7.25 10.079
      vertex 30.0869 7.25 10.1165
      vertex 30.0869 -7.25 10.1165
    endloop
  endfacet
  facet normal 0.995203 -0 0.0978287
    outer loop
      vertex 30.7392 -7.25 9.32173
      vertex 30.7488 7.25 9.22407
      vertex 30.7392 7.25 9.32173
    endloop
  endfacet
  facet normal 0.995203 0 0.0978287
    outer loop
      vertex 30.7488 7.25 9.22407
      vertex 30.7392 -7.25 9.32173
      vertex 30.7488 -7.25 9.22407
    endloop
  endfacet
  facet normal 0.83158 -0 0.555406
    outer loop
      vertex 30.5532 -7.25 9.7707
      vertex 30.6077 7.25 9.6891
      vertex 30.5532 7.25 9.7707
    endloop
  endfacet
  facet normal 0.83158 0 0.555406
    outer loop
      vertex 30.6077 7.25 9.6891
      vertex 30.5532 -7.25 9.7707
      vertex 30.6077 -7.25 9.6891
    endloop
  endfacet
  facet normal 0.980679 -0 0.195626
    outer loop
      vertex 30.72 -7.25 9.41798
      vertex 30.7392 7.25 9.32173
      vertex 30.72 7.25 9.41798
    endloop
  endfacet
  facet normal 0.980679 0 0.195626
    outer loop
      vertex 30.7392 7.25 9.32173
      vertex 30.72 -7.25 9.41798
      vertex 30.7392 -7.25 9.32173
    endloop
  endfacet
  facet normal 0.195529 0 0.980698
    outer loop
      vertex 29.8967 7.25 10.1642
      vertex 29.993 -7.25 10.145
      vertex 29.993 7.25 10.145
    endloop
  endfacet
  facet normal 0.195529 0 0.980698
    outer loop
      vertex 29.993 -7.25 10.145
      vertex 29.8967 7.25 10.1642
      vertex 29.8967 -7.25 10.1642
    endloop
  endfacet
  facet normal 0.555335 0 0.831627
    outer loop
      vertex 30.2641 7.25 10.0327
      vertex 30.3457 -7.25 9.97821
      vertex 30.3457 7.25 9.97821
    endloop
  endfacet
  facet normal 0.555335 0 0.831627
    outer loop
      vertex 30.3457 -7.25 9.97821
      vertex 30.2641 7.25 10.0327
      vertex 30.2641 -7.25 10.0327
    endloop
  endfacet
  facet normal 0.47191 0 0.881647
    outer loop
      vertex 30.1776 7.25 10.079
      vertex 30.2641 -7.25 10.0327
      vertex 30.2641 7.25 10.0327
    endloop
  endfacet
  facet normal 0.47191 0 0.881647
    outer loop
      vertex 30.2641 -7.25 10.0327
      vertex 30.1776 7.25 10.079
      vertex 30.1776 -7.25 10.079
    endloop
  endfacet
  facet normal -1 0 0
    outer loop
      vertex 23.75 -7.25 7.17879
      vertex 23.75 7.25 10.1738
      vertex 23.75 7.25 7.17879
    endloop
  endfacet
  facet normal -1 -0 0
    outer loop
      vertex 23.75 7.25 10.1738
      vertex 23.75 -7.25 7.17879
      vertex 23.75 -7.25 10.1738
    endloop
  endfacet
  facet normal -0.097968 0 -0.99519
    outer loop
      vertex 24.7991 -7.25 7.17879
      vertex 24.8376 7.25 7.175
      vertex 24.8376 -7.25 7.175
    endloop
  endfacet
  facet normal -0.097968 0 -0.99519
    outer loop
      vertex 24.8376 7.25 7.175
      vertex 24.7991 -7.25 7.17879
      vertex 24.7991 7.25 7.17879
    endloop
  endfacet
  facet normal 0 0 -1
    outer loop
      vertex 23.75 -7.25 7.17879
      vertex 24.7991 7.25 7.17879
      vertex 24.7991 -7.25 7.17879
    endloop
  endfacet
  facet normal -0 0 -1
    outer loop
      vertex 24.7991 7.25 7.17879
      vertex 23.75 -7.25 7.17879
      vertex 23.75 7.25 7.17879
    endloop
  endfacet
  facet normal 0 0 -1
    outer loop
      vertex 24.8376 -7.25 7.175
      vertex 25.7488 7.25 7.175
      vertex 25.7488 -7.25 7.175
    endloop
  endfacet
  facet normal -0 0 -1
    outer loop
      vertex 25.7488 7.25 7.175
      vertex 24.8376 -7.25 7.175
      vertex 24.8376 7.25 7.175
    endloop
  endfacet
  facet normal 0 1 0
    outer loop
      vertex 24.8376 7.25 7.175
      vertex 25.7488 7.25 8.17259
      vertex 25.7488 7.25 7.175
    endloop
  endfacet
  facet normal 0 1 0
    outer loop
      vertex 25.7488 7.25 8.17259
      vertex 24.8376 7.25 7.175
      vertex 24.7991 7.25 7.17879
    endloop
  endfacet
  facet normal 0 1 0
    outer loop
      vertex 30.7488 7.25 9.22407
      vertex 29.7991 7.25 10.1738
      vertex 29.8967 7.25 10.1642
    endloop
  endfacet
  facet normal 0 1 0
    outer loop
      vertex 30.7488 7.25 9.22407
      vertex 29.8967 7.25 10.1642
      vertex 29.993 7.25 10.145
    endloop
  endfacet
  facet normal 0 1 0
    outer loop
      vertex 30.7488 7.25 9.22407
      vertex 29.993 7.25 10.145
      vertex 30.0869 7.25 10.1165
    endloop
  endfacet
  facet normal 0 1 0
    outer loop
      vertex 30.7488 7.25 9.22407
      vertex 30.0869 7.25 10.1165
      vertex 30.1776 7.25 10.079
    endloop
  endfacet
  facet normal 0 1 0
    outer loop
      vertex 30.7488 7.25 9.22407
      vertex 30.1776 7.25 10.079
      vertex 30.2641 7.25 10.0327
    endloop
  endfacet
  facet normal 0 1 0
    outer loop
      vertex 30.7488 7.25 9.22407
      vertex 30.2641 7.25 10.0327
      vertex 30.3457 7.25 9.97821
    endloop
  endfacet
  facet normal 0 1 0
    outer loop
      vertex 30.7488 7.25 9.22407
      vertex 30.3457 7.25 9.97821
      vertex 30.4216 7.25 9.91595
    endloop
  endfacet
  facet normal 0 1 0
    outer loop
      vertex 30.7488 7.25 9.22407
      vertex 30.4216 7.25 9.91595
      vertex 30.491 7.25 9.84656
    endloop
  endfacet
  facet normal 0 1 0
    outer loop
      vertex 30.7488 7.25 9.22407
      vertex 30.491 7.25 9.84656
      vertex 30.5532 7.25 9.7707
    endloop
  endfacet
  facet normal 0 1 0
    outer loop
      vertex 30.7488 7.25 9.22407
      vertex 30.5532 7.25 9.7707
      vertex 30.6077 7.25 9.6891
    endloop
  endfacet
  facet normal 0 1 0
    outer loop
      vertex 30.7488 7.25 9.22407
      vertex 30.6077 7.25 9.6891
      vertex 30.654 7.25 9.60256
    endloop
  endfacet
  facet normal 0 1 0
    outer loop
      vertex 30.7488 7.25 9.22407
      vertex 30.654 7.25 9.60256
      vertex 30.6915 7.25 9.51189
    endloop
  endfacet
  facet normal 0 1 0
    outer loop
      vertex 30.7488 7.25 9.22407
      vertex 30.6915 7.25 9.51189
      vertex 30.72 7.25 9.41798
    endloop
  endfacet
  facet normal 0 1 0
    outer loop
      vertex 30.7488 7.25 9.22407
      vertex 30.72 7.25 9.41798
      vertex 30.7392 7.25 9.32173
    endloop
  endfacet
  facet normal 0 1 0
    outer loop
      vertex 29.7991 7.25 10.1738
      vertex 30.7488 7.25 9.22407
      vertex 30.7488 7.25 8.17259
    endloop
  endfacet
  facet normal 0 1 0
    outer loop
      vertex 29.7991 7.25 10.1738
      vertex 30.7488 7.25 8.17259
      vertex 25.7488 7.25 8.17259
    endloop
  endfacet
  facet normal 0 1 0
    outer loop
      vertex 29.7991 7.25 10.1738
      vertex 25.7488 7.25 8.17259
      vertex 23.75 7.25 10.1738
    endloop
  endfacet
  facet normal 0 1 0
    outer loop
      vertex 23.75 7.25 7.17879
      vertex 25.7488 7.25 8.17259
      vertex 24.7991 7.25 7.17879
    endloop
  endfacet
  facet normal 0 1 0
    outer loop
      vertex 25.7488 7.25 8.17259
      vertex 23.75 7.25 7.17879
      vertex 23.75 7.25 10.1738
    endloop
  endfacet
  facet normal 0 -1 0
    outer loop
      vertex 25.7488 -7.25 8.17259
      vertex 29.7991 -7.25 10.1738
      vertex 23.75 -7.25 10.1738
    endloop
  endfacet
  facet normal 0 -1 0
    outer loop
      vertex 30.7488 -7.25 8.17259
      vertex 29.7991 -7.25 10.1738
      vertex 25.7488 -7.25 8.17259
    endloop
  endfacet
  facet normal -0 -1 -0
    outer loop
      vertex 30.7488 -7.25 9.22407
      vertex 29.7991 -7.25 10.1738
      vertex 30.7488 -7.25 8.17259
    endloop
  endfacet
  facet normal 0 -1 0
    outer loop
      vertex 29.7991 -7.25 10.1738
      vertex 30.7488 -7.25 9.22407
      vertex 29.8967 -7.25 10.1642
    endloop
  endfacet
  facet normal 0 -1 0
    outer loop
      vertex 29.8967 -7.25 10.1642
      vertex 30.7488 -7.25 9.22407
      vertex 29.993 -7.25 10.145
    endloop
  endfacet
  facet normal 0 -1 0
    outer loop
      vertex 29.993 -7.25 10.145
      vertex 30.7488 -7.25 9.22407
      vertex 30.0869 -7.25 10.1165
    endloop
  endfacet
  facet normal 0 -1 0
    outer loop
      vertex 30.0869 -7.25 10.1165
      vertex 30.7488 -7.25 9.22407
      vertex 30.1776 -7.25 10.079
    endloop
  endfacet
  facet normal 0 -1 0
    outer loop
      vertex 30.1776 -7.25 10.079
      vertex 30.7488 -7.25 9.22407
      vertex 30.2641 -7.25 10.0327
    endloop
  endfacet
  facet normal 0 -1 0
    outer loop
      vertex 30.2641 -7.25 10.0327
      vertex 30.7488 -7.25 9.22407
      vertex 30.3457 -7.25 9.97821
    endloop
  endfacet
  facet normal 0 -1 0
    outer loop
      vertex 30.3457 -7.25 9.97821
      vertex 30.7488 -7.25 9.22407
      vertex 30.4216 -7.25 9.91595
    endloop
  endfacet
  facet normal 0 -1 0
    outer loop
      vertex 30.4216 -7.25 9.91595
      vertex 30.7488 -7.25 9.22407
      vertex 30.491 -7.25 9.84656
    endloop
  endfacet
  facet normal 0 -1 0
    outer loop
      vertex 30.5532 -7.25 9.7707
      vertex 30.7488 -7.25 9.22407
      vertex 30.6077 -7.25 9.6891
    endloop
  endfacet
  facet normal 0 -1 0
    outer loop
      vertex 30.6077 -7.25 9.6891
      vertex 30.7488 -7.25 9.22407
      vertex 30.654 -7.25 9.60256
    endloop
  endfacet
  facet normal 0 -1 0
    outer loop
      vertex 30.654 -7.25 9.60256
      vertex 30.7488 -7.25 9.22407
      vertex 30.6915 -7.25 9.51189
    endloop
  endfacet
  facet normal 0 -1 0
    outer loop
      vertex 30.6915 -7.25 9.51189
      vertex 30.7488 -7.25 9.22407
      vertex 30.72 -7.25 9.41798
    endloop
  endfacet
  facet normal 0 -1 0
    outer loop
      vertex 30.72 -7.25 9.41798
      vertex 30.7488 -7.25 9.22407
      vertex 30.7392 -7.25 9.32173
    endloop
  endfacet
  facet normal 0 -1 0
    outer loop
      vertex 23.75 -7.25 7.17879
      vertex 25.7488 -7.25 8.17259
      vertex 23.75 -7.25 10.1738
    endloop
  endfacet
  facet normal 0 -1 0
    outer loop
      vertex 24.7991 -7.25 7.17879
      vertex 25.7488 -7.25 8.17259
      vertex 23.75 -7.25 7.17879
    endloop
  endfacet
  facet normal 0 -1 0
    outer loop
      vertex 24.8376 -7.25 7.175
      vertex 25.7488 -7.25 8.17259
      vertex 24.7991 -7.25 7.17879
    endloop
  endfacet
  facet normal 0 -1 -0
    outer loop
      vertex 25.7488 -7.25 8.17259
      vertex 24.8376 -7.25 7.175
      vertex 25.7488 -7.25 7.175
    endloop
  endfacet
  facet normal 0 -1 0
    outer loop
      vertex 30.491 -7.25 9.84656
      vertex 30.7488 -7.25 9.22407
      vertex 30.5532 -7.25 9.7707
    endloop
  endfacet
  facet normal 0 0.242991 -0.970028
    outer loop
      vertex 19.75 4.82009 0.719214
      vertex 23.75 4.91528 0.743059
      vertex 23.75 4.82009 0.719214
    endloop
  endfacet
  facet normal 0 0.242991 -0.970028
    outer loop
      vertex 23.75 4.91528 0.743059
      vertex 19.75 4.82009 0.719214
      vertex 19.75 4.91528 0.743059
    endloop
  endfacet
  facet normal 0 0.970041 0.242943
    outer loop
      vertex 23.75 5.60578 1.89509
      vertex 19.75 5.58194 1.99028
      vertex 23.75 5.58194 1.99028
    endloop
  endfacet
  facet normal 0 0.970041 0.242943
    outer loop
      vertex 19.75 5.58194 1.99028
      vertex 23.75 5.60578 1.89509
      vertex 19.75 5.60578 1.89509
    endloop
  endfacet
  facet normal 0 -0.903995 -0.427543
    outer loop
      vertex 19.75 3.74308 1.2286
      vertex 23.75 3.70112 1.31732
      vertex 19.75 3.70112 1.31732
    endloop
  endfacet
  facet normal 0 -0.903995 -0.427543
    outer loop
      vertex 23.75 3.70112 1.31732
      vertex 19.75 3.74308 1.2286
      vertex 23.75 3.74308 1.2286
    endloop
  endfacet
  facet normal 0 0.595713 -0.803197
    outer loop
      vertex 19.75 5.18057 0.86853
      vertex 23.75 5.25939 0.926989
      vertex 23.75 5.18057 0.86853
    endloop
  endfacet
  facet normal 0 0.595713 -0.803197
    outer loop
      vertex 23.75 5.25939 0.926989
      vertex 19.75 5.18057 0.86853
      vertex 19.75 5.25939 0.926989
    endloop
  endfacet
  facet normal 0 0.0490635 -0.998796
    outer loop
      vertex 19.75 4.625 0.7
      vertex 23.75 4.72302 0.704815
      vertex 23.75 4.625 0.7
    endloop
  endfacet
  facet normal 0 0.0490635 -0.998796
    outer loop
      vertex 23.75 4.72302 0.704815
      vertex 19.75 4.625 0.7
      vertex 19.75 4.72302 0.704815
    endloop
  endfacet
  facet normal 0 -0.857727 -0.514106
    outer loop
      vertex 19.75 3.79353 1.14443
      vertex 23.75 3.74308 1.2286
      vertex 19.75 3.74308 1.2286
    endloop
  endfacet
  facet normal 0 -0.857727 -0.514106
    outer loop
      vertex 23.75 3.74308 1.2286
      vertex 19.75 3.79353 1.14443
      vertex 23.75 3.79353 1.14443
    endloop
  endfacet
  facet normal 0 -0.941548 0.336879
    outer loop
      vertex 19.75 3.66806 1.99028
      vertex 23.75 3.70112 2.08268
      vertex 19.75 3.70112 2.08268
    endloop
  endfacet
  facet normal 0 -0.941548 0.336879
    outer loop
      vertex 23.75 3.70112 2.08268
      vertex 19.75 3.66806 1.99028
      vertex 23.75 3.66806 1.99028
    endloop
  endfacet
  facet normal 0 -0.941537 -0.336911
    outer loop
      vertex 19.75 3.70112 1.31732
      vertex 23.75 3.66806 1.40971
      vertex 19.75 3.66806 1.40971
    endloop
  endfacet
  facet normal 0 -0.941537 -0.336911
    outer loop
      vertex 23.75 3.66806 1.40971
      vertex 19.75 3.70112 1.31732
      vertex 23.75 3.70112 1.31732
    endloop
  endfacet
  facet normal 0 -0.857727 0.514106
    outer loop
      vertex 19.75 3.74308 2.1714
      vertex 23.75 3.79353 2.25557
      vertex 19.75 3.79353 2.25557
    endloop
  endfacet
  facet normal 0 -0.857727 0.514106
    outer loop
      vertex 23.75 3.79353 2.25557
      vertex 19.75 3.74308 2.1714
      vertex 23.75 3.74308 2.1714
    endloop
  endfacet
  facet normal 0 -0.514106 0.857727
    outer loop
      vertex 19.75 4.1536 2.58192
      vertex 23.75 4.06943 2.53147
      vertex 23.75 4.1536 2.58192
    endloop
  endfacet
  facet normal 0 -0.514106 0.857727
    outer loop
      vertex 23.75 4.06943 2.53147
      vertex 19.75 4.1536 2.58192
      vertex 19.75 4.06943 2.53147
    endloop
  endfacet
  facet normal 0 0.741 0.671505
    outer loop
      vertex 23.75 5.39801 2.33439
      vertex 19.75 5.33211 2.40711
      vertex 23.75 5.33211 2.40711
    endloop
  endfacet
  facet normal 0 0.741 0.671505
    outer loop
      vertex 19.75 5.33211 2.40711
      vertex 23.75 5.39801 2.33439
      vertex 19.75 5.39801 2.33439
    endloop
  endfacet
  facet normal 0 -0.970023 -0.243015
    outer loop
      vertex 19.75 3.66806 1.40971
      vertex 23.75 3.64421 1.50491
      vertex 19.75 3.64421 1.50491
    endloop
  endfacet
  facet normal 0 -0.970023 -0.243015
    outer loop
      vertex 23.75 3.64421 1.50491
      vertex 19.75 3.66806 1.40971
      vertex 23.75 3.66806 1.40971
    endloop
  endfacet
  facet normal -0 0.514106 0.857727
    outer loop
      vertex 19.75 5.18057 2.53147
      vertex 23.75 5.0964 2.58192
      vertex 23.75 5.18057 2.53147
    endloop
  endfacet
  facet normal 0 0.514106 0.857727
    outer loop
      vertex 23.75 5.0964 2.58192
      vertex 19.75 5.18057 2.53147
      vertex 19.75 5.0964 2.58192
    endloop
  endfacet
  facet normal -0 0.146641 0.98919
    outer loop
      vertex 19.75 4.82009 2.68079
      vertex 23.75 4.72302 2.69518
      vertex 23.75 4.82009 2.68079
    endloop
  endfacet
  facet normal 0 0.146641 0.98919
    outer loop
      vertex 23.75 4.72302 2.69518
      vertex 19.75 4.82009 2.68079
      vertex 19.75 4.72302 2.69518
    endloop
  endfacet
  facet normal 0 0.989175 -0.146741
    outer loop
      vertex 23.75 5.60578 1.50491
      vertex 19.75 5.62018 1.60198
      vertex 23.75 5.62018 1.60198
    endloop
  endfacet
  facet normal 0 0.989175 -0.146741
    outer loop
      vertex 19.75 5.62018 1.60198
      vertex 23.75 5.60578 1.50491
      vertex 19.75 5.60578 1.50491
    endloop
  endfacet
  facet normal 0 -0.595713 -0.803197
    outer loop
      vertex 19.75 3.99061 0.926989
      vertex 23.75 4.06943 0.86853
      vertex 23.75 3.99061 0.926989
    endloop
  endfacet
  facet normal -0 -0.595713 -0.803197
    outer loop
      vertex 23.75 4.06943 0.86853
      vertex 19.75 3.99061 0.926989
      vertex 19.75 4.06943 0.86853
    endloop
  endfacet
  facet normal 0 0.941537 -0.336911
    outer loop
      vertex 23.75 5.54888 1.31732
      vertex 19.75 5.58194 1.40971
      vertex 23.75 5.58194 1.40971
    endloop
  endfacet
  facet normal 0 0.941537 -0.336911
    outer loop
      vertex 19.75 5.58194 1.40971
      vertex 23.75 5.54888 1.31732
      vertex 19.75 5.54888 1.31732
    endloop
  endfacet
  facet normal 0 0.427526 -0.904003
    outer loop
      vertex 19.75 5.00768 0.77612
      vertex 23.75 5.0964 0.818078
      vertex 23.75 5.00768 0.77612
    endloop
  endfacet
  facet normal 0 0.427526 -0.904003
    outer loop
      vertex 23.75 5.0964 0.818078
      vertex 19.75 5.00768 0.77612
      vertex 19.75 5.0964 0.818078
    endloop
  endfacet
  facet normal 0 0.803192 0.59572
    outer loop
      vertex 23.75 5.45647 2.25557
      vertex 19.75 5.39801 2.33439
      vertex 23.75 5.39801 2.33439
    endloop
  endfacet
  facet normal 0 0.803192 0.59572
    outer loop
      vertex 19.75 5.39801 2.33439
      vertex 23.75 5.45647 2.25557
      vertex 19.75 5.45647 2.25557
    endloop
  endfacet
  facet normal 0 0.803192 -0.59572
    outer loop
      vertex 23.75 5.39801 1.06561
      vertex 19.75 5.45647 1.14443
      vertex 23.75 5.45647 1.14443
    endloop
  endfacet
  facet normal 0 0.803192 -0.59572
    outer loop
      vertex 19.75 5.45647 1.14443
      vertex 23.75 5.39801 1.06561
      vertex 19.75 5.39801 1.06561
    endloop
  endfacet
  facet normal 0 -0.970016 0.243039
    outer loop
      vertex 19.75 3.64421 1.89509
      vertex 23.75 3.66806 1.99028
      vertex 19.75 3.66806 1.99028
    endloop
  endfacet
  facet normal 0 -0.970016 0.243039
    outer loop
      vertex 23.75 3.66806 1.99028
      vertex 19.75 3.64421 1.89509
      vertex 23.75 3.64421 1.89509
    endloop
  endfacet
  facet normal 0 0.857727 0.514106
    outer loop
      vertex 23.75 5.50692 2.1714
      vertex 19.75 5.45647 2.25557
      vertex 23.75 5.45647 2.25557
    endloop
  endfacet
  facet normal 0 0.857727 0.514106
    outer loop
      vertex 19.75 5.45647 2.25557
      vertex 23.75 5.50692 2.1714
      vertex 19.75 5.50692 2.1714
    endloop
  endfacet
  facet normal 0 -0.998793 0.0491143
    outer loop
      vertex 19.75 3.625 1.7
      vertex 23.75 3.62982 1.79802
      vertex 19.75 3.62982 1.79802
    endloop
  endfacet
  facet normal 0 -0.998793 0.0491143
    outer loop
      vertex 23.75 3.62982 1.79802
      vertex 19.75 3.625 1.7
      vertex 23.75 3.625 1.7
    endloop
  endfacet
  facet normal 0 0.857727 -0.514106
    outer loop
      vertex 23.75 5.45647 1.14443
      vertex 19.75 5.50692 1.2286
      vertex 23.75 5.50692 1.2286
    endloop
  endfacet
  facet normal 0 0.857727 -0.514106
    outer loop
      vertex 19.75 5.50692 1.2286
      vertex 23.75 5.45647 1.14443
      vertex 19.75 5.45647 1.14443
    endloop
  endfacet
  facet normal 0 -0.336911 0.941537
    outer loop
      vertex 19.75 4.33471 2.65694
      vertex 23.75 4.24232 2.62388
      vertex 23.75 4.33471 2.65694
    endloop
  endfacet
  facet normal 0 -0.336911 0.941537
    outer loop
      vertex 23.75 4.24232 2.62388
      vertex 19.75 4.33471 2.65694
      vertex 19.75 4.24232 2.62388
    endloop
  endfacet
  facet normal 0 -0.0490635 -0.998796
    outer loop
      vertex 19.75 4.52698 0.704815
      vertex 23.75 4.625 0.7
      vertex 23.75 4.52698 0.704815
    endloop
  endfacet
  facet normal -0 -0.0490635 -0.998796
    outer loop
      vertex 23.75 4.625 0.7
      vertex 19.75 4.52698 0.704815
      vertex 19.75 4.625 0.7
    endloop
  endfacet
  facet normal 0 0.903995 0.427543
    outer loop
      vertex 23.75 5.54888 2.08268
      vertex 19.75 5.50692 2.1714
      vertex 23.75 5.50692 2.1714
    endloop
  endfacet
  facet normal 0 0.903995 0.427543
    outer loop
      vertex 19.75 5.50692 2.1714
      vertex 23.75 5.54888 2.08268
      vertex 19.75 5.54888 2.08268
    endloop
  endfacet
  facet normal 0 -0.427526 -0.904003
    outer loop
      vertex 19.75 4.1536 0.818078
      vertex 23.75 4.24232 0.77612
      vertex 23.75 4.1536 0.818078
    endloop
  endfacet
  facet normal -0 -0.427526 -0.904003
    outer loop
      vertex 23.75 4.24232 0.77612
      vertex 19.75 4.1536 0.818078
      vertex 19.75 4.24232 0.77612
    endloop
  endfacet
  facet normal 0 -0.803192 0.59572
    outer loop
      vertex 19.75 3.79353 2.25557
      vertex 23.75 3.85199 2.33439
      vertex 19.75 3.85199 2.33439
    endloop
  endfacet
  facet normal 0 -0.803192 0.59572
    outer loop
      vertex 23.75 3.85199 2.33439
      vertex 19.75 3.79353 2.25557
      vertex 23.75 3.79353 2.25557
    endloop
  endfacet
  facet normal -0 0.59572 0.803192
    outer loop
      vertex 19.75 5.25939 2.47301
      vertex 23.75 5.18057 2.53147
      vertex 23.75 5.25939 2.47301
    endloop
  endfacet
  facet normal 0 0.59572 0.803192
    outer loop
      vertex 23.75 5.18057 2.53147
      vertex 19.75 5.25939 2.47301
      vertex 19.75 5.18057 2.53147
    endloop
  endfacet
  facet normal 0 -0.427543 0.903995
    outer loop
      vertex 19.75 4.24232 2.62388
      vertex 23.75 4.1536 2.58192
      vertex 23.75 4.24232 2.62388
    endloop
  endfacet
  facet normal 0 -0.427543 0.903995
    outer loop
      vertex 23.75 4.1536 2.58192
      vertex 19.75 4.24232 2.62388
      vertex 19.75 4.1536 2.58192
    endloop
  endfacet
  facet normal 0 0.146731 -0.989176
    outer loop
      vertex 19.75 4.72302 0.704815
      vertex 23.75 4.82009 0.719214
      vertex 23.75 4.72302 0.704815
    endloop
  endfacet
  facet normal 0 0.146731 -0.989176
    outer loop
      vertex 23.75 4.82009 0.719214
      vertex 19.75 4.72302 0.704815
      vertex 19.75 4.82009 0.719214
    endloop
  endfacet
  facet normal -0 0.336879 0.941548
    outer loop
      vertex 19.75 5.00768 2.62388
      vertex 23.75 4.91528 2.65694
      vertex 23.75 5.00768 2.62388
    endloop
  endfacet
  facet normal 0 0.336879 0.941548
    outer loop
      vertex 23.75 4.91528 2.65694
      vertex 19.75 5.00768 2.62388
      vertex 19.75 4.91528 2.65694
    endloop
  endfacet
  facet normal 0 0.336888 -0.941545
    outer loop
      vertex 19.75 4.91528 0.743059
      vertex 23.75 5.00768 0.77612
      vertex 23.75 4.91528 0.743059
    endloop
  endfacet
  facet normal 0 0.336888 -0.941545
    outer loop
      vertex 23.75 5.00768 0.77612
      vertex 19.75 4.91528 0.743059
      vertex 19.75 5.00768 0.77612
    endloop
  endfacet
  facet normal 0 -0.741 0.671505
    outer loop
      vertex 19.75 3.85199 2.33439
      vertex 23.75 3.91789 2.40711
      vertex 19.75 3.91789 2.40711
    endloop
  endfacet
  facet normal 0 -0.741 0.671505
    outer loop
      vertex 23.75 3.91789 2.40711
      vertex 19.75 3.85199 2.33439
      vertex 23.75 3.85199 2.33439
    endloop
  endfacet
  facet normal 0 -0.242967 -0.970035
    outer loop
      vertex 19.75 4.33471 0.743059
      vertex 23.75 4.42991 0.719214
      vertex 23.75 4.33471 0.743059
    endloop
  endfacet
  facet normal -0 -0.242967 -0.970035
    outer loop
      vertex 23.75 4.42991 0.719214
      vertex 19.75 4.33471 0.743059
      vertex 19.75 4.42991 0.719214
    endloop
  endfacet
  facet normal 0 -0.146731 -0.989176
    outer loop
      vertex 19.75 4.42991 0.719214
      vertex 23.75 4.52698 0.704815
      vertex 23.75 4.42991 0.719214
    endloop
  endfacet
  facet normal -0 -0.146731 -0.989176
    outer loop
      vertex 23.75 4.52698 0.704815
      vertex 19.75 4.42991 0.719214
      vertex 19.75 4.52698 0.704815
    endloop
  endfacet
  facet normal 0 0.941548 0.336879
    outer loop
      vertex 23.75 5.58194 1.99028
      vertex 19.75 5.54888 2.08268
      vertex 23.75 5.54888 2.08268
    endloop
  endfacet
  facet normal 0 0.941548 0.336879
    outer loop
      vertex 19.75 5.54888 2.08268
      vertex 23.75 5.58194 1.99028
      vertex 19.75 5.58194 1.99028
    endloop
  endfacet
  facet normal 0 -0.98919 -0.146641
    outer loop
      vertex 19.75 3.64421 1.50491
      vertex 23.75 3.62982 1.60198
      vertex 19.75 3.62982 1.60198
    endloop
  endfacet
  facet normal 0 -0.98919 -0.146641
    outer loop
      vertex 23.75 3.62982 1.60198
      vertex 19.75 3.64421 1.50491
      vertex 23.75 3.64421 1.50491
    endloop
  endfacet
  facet normal 0 -0.514121 -0.857718
    outer loop
      vertex 19.75 4.06943 0.86853
      vertex 23.75 4.1536 0.818078
      vertex 23.75 4.06943 0.86853
    endloop
  endfacet
  facet normal -0 -0.514121 -0.857718
    outer loop
      vertex 23.75 4.1536 0.818078
      vertex 19.75 4.06943 0.86853
      vertex 19.75 4.1536 0.818078
    endloop
  endfacet
  facet normal 0 0.998793 0.0491143
    outer loop
      vertex 23.75 5.625 1.7
      vertex 19.75 5.62018 1.79802
      vertex 23.75 5.62018 1.79802
    endloop
  endfacet
  facet normal 0 0.998793 0.0491143
    outer loop
      vertex 19.75 5.62018 1.79802
      vertex 23.75 5.625 1.7
      vertex 19.75 5.625 1.7
    endloop
  endfacet
  facet normal 0 -0.0491143 0.998793
    outer loop
      vertex 19.75 4.625 2.7
      vertex 23.75 4.52698 2.69518
      vertex 23.75 4.625 2.7
    endloop
  endfacet
  facet normal 0 -0.0491143 0.998793
    outer loop
      vertex 23.75 4.52698 2.69518
      vertex 19.75 4.625 2.7
      vertex 19.75 4.52698 2.69518
    endloop
  endfacet
  facet normal 0 -0.33692 -0.941533
    outer loop
      vertex 19.75 4.24232 0.77612
      vertex 23.75 4.33471 0.743059
      vertex 23.75 4.24232 0.77612
    endloop
  endfacet
  facet normal -0 -0.33692 -0.941533
    outer loop
      vertex 23.75 4.33471 0.743059
      vertex 19.75 4.24232 0.77612
      vertex 19.75 4.33471 0.743059
    endloop
  endfacet
  facet normal 0 0.903995 -0.427543
    outer loop
      vertex 23.75 5.50692 1.2286
      vertex 19.75 5.54888 1.31732
      vertex 23.75 5.54888 1.31732
    endloop
  endfacet
  facet normal 0 0.903995 -0.427543
    outer loop
      vertex 19.75 5.54888 1.31732
      vertex 23.75 5.50692 1.2286
      vertex 19.75 5.50692 1.2286
    endloop
  endfacet
  facet normal 0 0.998793 -0.0491143
    outer loop
      vertex 23.75 5.62018 1.60198
      vertex 19.75 5.625 1.7
      vertex 23.75 5.625 1.7
    endloop
  endfacet
  facet normal 0 0.998793 -0.0491143
    outer loop
      vertex 19.75 5.625 1.7
      vertex 23.75 5.62018 1.60198
      vertex 19.75 5.62018 1.60198
    endloop
  endfacet
  facet normal 0 0.514121 -0.857718
    outer loop
      vertex 19.75 5.0964 0.818078
      vertex 23.75 5.18057 0.86853
      vertex 23.75 5.0964 0.818078
    endloop
  endfacet
  facet normal 0 0.514121 -0.857718
    outer loop
      vertex 23.75 5.18057 0.86853
      vertex 19.75 5.0964 0.818078
      vertex 19.75 5.18057 0.86853
    endloop
  endfacet
  facet normal 0 -0.98919 0.146641
    outer loop
      vertex 19.75 3.62982 1.79802
      vertex 23.75 3.64421 1.89509
      vertex 19.75 3.64421 1.89509
    endloop
  endfacet
  facet normal 0 -0.98919 0.146641
    outer loop
      vertex 23.75 3.64421 1.89509
      vertex 19.75 3.62982 1.79802
      vertex 23.75 3.62982 1.79802
    endloop
  endfacet
  facet normal 0 -0.74099 -0.671516
    outer loop
      vertex 19.75 3.91789 0.992892
      vertex 23.75 3.85199 1.06561
      vertex 19.75 3.85199 1.06561
    endloop
  endfacet
  facet normal 0 -0.74099 -0.671516
    outer loop
      vertex 23.75 3.85199 1.06561
      vertex 19.75 3.91789 0.992892
      vertex 23.75 3.91789 0.992892
    endloop
  endfacet
  facet normal -0 0.671505 0.741
    outer loop
      vertex 19.75 5.33211 2.40711
      vertex 23.75 5.25939 2.47301
      vertex 23.75 5.33211 2.40711
    endloop
  endfacet
  facet normal 0 0.671505 0.741
    outer loop
      vertex 23.75 5.25939 2.47301
      vertex 19.75 5.33211 2.40711
      vertex 19.75 5.25939 2.47301
    endloop
  endfacet
  facet normal 0 0.671522 -0.740984
    outer loop
      vertex 19.75 5.25939 0.926989
      vertex 23.75 5.33211 0.992892
      vertex 23.75 5.25939 0.926989
    endloop
  endfacet
  facet normal 0 0.671522 -0.740984
    outer loop
      vertex 23.75 5.33211 0.992892
      vertex 19.75 5.25939 0.926989
      vertex 19.75 5.33211 0.992892
    endloop
  endfacet
  facet normal 0 0.74099 -0.671516
    outer loop
      vertex 23.75 5.33211 0.992892
      vertex 19.75 5.39801 1.06561
      vertex 23.75 5.39801 1.06561
    endloop
  endfacet
  facet normal 0 0.74099 -0.671516
    outer loop
      vertex 19.75 5.39801 1.06561
      vertex 23.75 5.33211 0.992892
      vertex 19.75 5.33211 0.992892
    endloop
  endfacet
  facet normal 0 0.989175 0.146741
    outer loop
      vertex 23.75 5.62018 1.79802
      vertex 19.75 5.60578 1.89509
      vertex 23.75 5.60578 1.89509
    endloop
  endfacet
  facet normal 0 0.989175 0.146741
    outer loop
      vertex 19.75 5.60578 1.89509
      vertex 23.75 5.62018 1.79802
      vertex 19.75 5.62018 1.79802
    endloop
  endfacet
  facet normal 0 -0.243015 0.970023
    outer loop
      vertex 19.75 4.42991 2.68079
      vertex 23.75 4.33471 2.65694
      vertex 23.75 4.42991 2.68079
    endloop
  endfacet
  facet normal 0 -0.243015 0.970023
    outer loop
      vertex 23.75 4.33471 2.65694
      vertex 19.75 4.42991 2.68079
      vertex 19.75 4.33471 2.65694
    endloop
  endfacet
  facet normal -0 0.427543 0.903995
    outer loop
      vertex 19.75 5.0964 2.58192
      vertex 23.75 5.00768 2.62388
      vertex 23.75 5.0964 2.58192
    endloop
  endfacet
  facet normal 0 0.427543 0.903995
    outer loop
      vertex 23.75 5.00768 2.62388
      vertex 19.75 5.0964 2.58192
      vertex 19.75 5.00768 2.62388
    endloop
  endfacet
  facet normal 0 -0.903995 0.427543
    outer loop
      vertex 19.75 3.70112 2.08268
      vertex 23.75 3.74308 2.1714
      vertex 19.75 3.74308 2.1714
    endloop
  endfacet
  facet normal 0 -0.903995 0.427543
    outer loop
      vertex 23.75 3.74308 2.1714
      vertex 19.75 3.70112 2.08268
      vertex 23.75 3.70112 2.08268
    endloop
  endfacet
  facet normal -0 0.243039 0.970016
    outer loop
      vertex 19.75 4.91528 2.65694
      vertex 23.75 4.82009 2.68079
      vertex 23.75 4.91528 2.65694
    endloop
  endfacet
  facet normal 0 0.243039 0.970016
    outer loop
      vertex 23.75 4.82009 2.68079
      vertex 19.75 4.91528 2.65694
      vertex 19.75 4.82009 2.68079
    endloop
  endfacet
  facet normal 0 0.970047 -0.242919
    outer loop
      vertex 23.75 5.58194 1.40971
      vertex 19.75 5.60578 1.50491
      vertex 23.75 5.60578 1.50491
    endloop
  endfacet
  facet normal 0 0.970047 -0.242919
    outer loop
      vertex 19.75 5.60578 1.50491
      vertex 23.75 5.58194 1.40971
      vertex 19.75 5.58194 1.40971
    endloop
  endfacet
  facet normal -1 0 0
    outer loop
      vertex 19.75 5.62018 1.60198
      vertex 19.75 5.62018 1.79802
      vertex 19.75 5.625 1.7
    endloop
  endfacet
  facet normal -1 0 0
    outer loop
      vertex 19.75 5.60578 1.50491
      vertex 19.75 5.62018 1.79802
      vertex 19.75 5.62018 1.60198
    endloop
  endfacet
  facet normal -1 0 0
    outer loop
      vertex 19.75 5.60578 1.50491
      vertex 19.75 5.60578 1.89509
      vertex 19.75 5.62018 1.79802
    endloop
  endfacet
  facet normal -1 0 0
    outer loop
      vertex 19.75 5.58194 1.40971
      vertex 19.75 5.60578 1.89509
      vertex 19.75 5.60578 1.50491
    endloop
  endfacet
  facet normal -1 0 0
    outer loop
      vertex 19.75 5.58194 1.40971
      vertex 19.75 5.58194 1.99028
      vertex 19.75 5.60578 1.89509
    endloop
  endfacet
  facet normal -1 0 0
    outer loop
      vertex 19.75 5.54888 1.31732
      vertex 19.75 5.58194 1.99028
      vertex 19.75 5.58194 1.40971
    endloop
  endfacet
  facet normal -1 0 0
    outer loop
      vertex 19.75 5.54888 1.31732
      vertex 19.75 5.54888 2.08268
      vertex 19.75 5.58194 1.99028
    endloop
  endfacet
  facet normal -1 0 0
    outer loop
      vertex 19.75 5.50692 1.2286
      vertex 19.75 5.54888 2.08268
      vertex 19.75 5.54888 1.31732
    endloop
  endfacet
  facet normal -1 0 0
    outer loop
      vertex 19.75 5.50692 1.2286
      vertex 19.75 5.50692 2.1714
      vertex 19.75 5.54888 2.08268
    endloop
  endfacet
  facet normal -1 0 0
    outer loop
      vertex 19.75 5.45647 1.14443
      vertex 19.75 5.50692 2.1714
      vertex 19.75 5.50692 1.2286
    endloop
  endfacet
  facet normal -1 0 0
    outer loop
      vertex 19.75 5.45647 1.14443
      vertex 19.75 5.45647 2.25557
      vertex 19.75 5.50692 2.1714
    endloop
  endfacet
  facet normal -1 0 0
    outer loop
      vertex 19.75 5.39801 1.06561
      vertex 19.75 5.45647 2.25557
      vertex 19.75 5.45647 1.14443
    endloop
  endfacet
  facet normal -1 0 0
    outer loop
      vertex 19.75 5.39801 1.06561
      vertex 19.75 5.39801 2.33439
      vertex 19.75 5.45647 2.25557
    endloop
  endfacet
  facet normal -1 0 0
    outer loop
      vertex 19.75 5.33211 0.992892
      vertex 19.75 5.39801 2.33439
      vertex 19.75 5.39801 1.06561
    endloop
  endfacet
  facet normal -1 0 0
    outer loop
      vertex 19.75 5.33211 0.992892
      vertex 19.75 5.33211 2.40711
      vertex 19.75 5.39801 2.33439
    endloop
  endfacet
  facet normal -1 0 0
    outer loop
      vertex 19.75 5.25939 0.926989
      vertex 19.75 5.33211 2.40711
      vertex 19.75 5.33211 0.992892
    endloop
  endfacet
  facet normal -1 0 0
    outer loop
      vertex 19.75 5.25939 0.926989
      vertex 19.75 5.25939 2.47301
      vertex 19.75 5.33211 2.40711
    endloop
  endfacet
  facet normal -1 0 0
    outer loop
      vertex 19.75 5.18057 0.86853
      vertex 19.75 5.25939 2.47301
      vertex 19.75 5.25939 0.926989
    endloop
  endfacet
  facet normal -1 0 0
    outer loop
      vertex 19.75 5.18057 0.86853
      vertex 19.75 5.18057 2.53147
      vertex 19.75 5.25939 2.47301
    endloop
  endfacet
  facet normal -1 0 0
    outer loop
      vertex 19.75 5.0964 0.818078
      vertex 19.75 5.18057 2.53147
      vertex 19.75 5.18057 0.86853
    endloop
  endfacet
  facet normal -1 0 0
    outer loop
      vertex 19.75 5.0964 0.818078
      vertex 19.75 5.0964 2.58192
      vertex 19.75 5.18057 2.53147
    endloop
  endfacet
  facet normal -1 0 0
    outer loop
      vertex 19.75 5.00768 0.77612
      vertex 19.75 5.0964 2.58192
      vertex 19.75 5.0964 0.818078
    endloop
  endfacet
  facet normal -1 0 0
    outer loop
      vertex 19.75 5.00768 0.77612
      vertex 19.75 5.00768 2.62388
      vertex 19.75 5.0964 2.58192
    endloop
  endfacet
  facet normal -1 0 0
    outer loop
      vertex 19.75 4.91528 0.743059
      vertex 19.75 5.00768 2.62388
      vertex 19.75 5.00768 0.77612
    endloop
  endfacet
  facet normal -1 0 0
    outer loop
      vertex 19.75 4.91528 0.743059
      vertex 19.75 4.91528 2.65694
      vertex 19.75 5.00768 2.62388
    endloop
  endfacet
  facet normal -1 0 0
    outer loop
      vertex 19.75 4.82009 0.719214
      vertex 19.75 4.91528 2.65694
      vertex 19.75 4.91528 0.743059
    endloop
  endfacet
  facet normal -1 0 0
    outer loop
      vertex 19.75 4.82009 0.719214
      vertex 19.75 4.82009 2.68079
      vertex 19.75 4.91528 2.65694
    endloop
  endfacet
  facet normal -1 0 0
    outer loop
      vertex 19.75 4.72302 0.704815
      vertex 19.75 4.82009 2.68079
      vertex 19.75 4.82009 0.719214
    endloop
  endfacet
  facet normal -1 0 0
    outer loop
      vertex 19.75 4.72302 0.704815
      vertex 19.75 4.72302 2.69518
      vertex 19.75 4.82009 2.68079
    endloop
  endfacet
  facet normal -1 0 0
    outer loop
      vertex 19.75 4.625 0.7
      vertex 19.75 4.72302 2.69518
      vertex 19.75 4.72302 0.704815
    endloop
  endfacet
  facet normal -1 0 0
    outer loop
      vertex 19.75 4.625 0.7
      vertex 19.75 4.625 2.7
      vertex 19.75 4.72302 2.69518
    endloop
  endfacet
  facet normal -1 0 0
    outer loop
      vertex 19.75 4.52698 0.704815
      vertex 19.75 4.625 2.7
      vertex 19.75 4.625 0.7
    endloop
  endfacet
  facet normal -1 0 0
    outer loop
      vertex 19.75 4.52698 0.704815
      vertex 19.75 4.52698 2.69518
      vertex 19.75 4.625 2.7
    endloop
  endfacet
  facet normal -1 0 0
    outer loop
      vertex 19.75 4.42991 0.719214
      vertex 19.75 4.52698 2.69518
      vertex 19.75 4.52698 0.704815
    endloop
  endfacet
  facet normal -1 0 0
    outer loop
      vertex 19.75 4.42991 0.719214
      vertex 19.75 4.42991 2.68079
      vertex 19.75 4.52698 2.69518
    endloop
  endfacet
  facet normal -1 0 0
    outer loop
      vertex 19.75 4.33471 0.743059
      vertex 19.75 4.42991 2.68079
      vertex 19.75 4.42991 0.719214
    endloop
  endfacet
  facet normal -1 0 0
    outer loop
      vertex 19.75 4.33471 0.743059
      vertex 19.75 4.33471 2.65694
      vertex 19.75 4.42991 2.68079
    endloop
  endfacet
  facet normal -1 0 0
    outer loop
      vertex 19.75 4.24232 0.77612
      vertex 19.75 4.33471 2.65694
      vertex 19.75 4.33471 0.743059
    endloop
  endfacet
  facet normal -1 0 0
    outer loop
      vertex 19.75 4.24232 0.77612
      vertex 19.75 4.24232 2.62388
      vertex 19.75 4.33471 2.65694
    endloop
  endfacet
  facet normal -1 0 0
    outer loop
      vertex 19.75 4.1536 0.818078
      vertex 19.75 4.24232 2.62388
      vertex 19.75 4.24232 0.77612
    endloop
  endfacet
  facet normal -1 0 0
    outer loop
      vertex 19.75 4.1536 0.818078
      vertex 19.75 4.1536 2.58192
      vertex 19.75 4.24232 2.62388
    endloop
  endfacet
  facet normal -1 0 0
    outer loop
      vertex 19.75 4.06943 0.86853
      vertex 19.75 4.1536 2.58192
      vertex 19.75 4.1536 0.818078
    endloop
  endfacet
  facet normal -1 0 0
    outer loop
      vertex 19.75 4.06943 0.86853
      vertex 19.75 4.06943 2.53147
      vertex 19.75 4.1536 2.58192
    endloop
  endfacet
  facet normal -1 0 0
    outer loop
      vertex 19.75 3.99061 0.926989
      vertex 19.75 4.06943 2.53147
      vertex 19.75 4.06943 0.86853
    endloop
  endfacet
  facet normal -1 0 0
    outer loop
      vertex 19.75 3.99061 0.926989
      vertex 19.75 3.99061 2.47301
      vertex 19.75 4.06943 2.53147
    endloop
  endfacet
  facet normal -1 0 0
    outer loop
      vertex 19.75 3.91789 0.992892
      vertex 19.75 3.99061 2.47301
      vertex 19.75 3.99061 0.926989
    endloop
  endfacet
  facet normal -1 0 0
    outer loop
      vertex 19.75 3.91789 0.992892
      vertex 19.75 3.91789 2.40711
      vertex 19.75 3.99061 2.47301
    endloop
  endfacet
  facet normal -1 0 0
    outer loop
      vertex 19.75 3.85199 1.06561
      vertex 19.75 3.91789 2.40711
      vertex 19.75 3.91789 0.992892
    endloop
  endfacet
  facet normal -1 0 0
    outer loop
      vertex 19.75 3.85199 1.06561
      vertex 19.75 3.85199 2.33439
      vertex 19.75 3.91789 2.40711
    endloop
  endfacet
  facet normal -1 0 0
    outer loop
      vertex 19.75 3.79353 1.14443
      vertex 19.75 3.85199 2.33439
      vertex 19.75 3.85199 1.06561
    endloop
  endfacet
  facet normal -1 0 0
    outer loop
      vertex 19.75 3.79353 1.14443
      vertex 19.75 3.79353 2.25557
      vertex 19.75 3.85199 2.33439
    endloop
  endfacet
  facet normal -1 0 0
    outer loop
      vertex 19.75 3.74308 1.2286
      vertex 19.75 3.79353 2.25557
      vertex 19.75 3.79353 1.14443
    endloop
  endfacet
  facet normal -1 0 0
    outer loop
      vertex 19.75 3.74308 1.2286
      vertex 19.75 3.74308 2.1714
      vertex 19.75 3.79353 2.25557
    endloop
  endfacet
  facet normal -1 0 0
    outer loop
      vertex 19.75 3.70112 1.31732
      vertex 19.75 3.74308 2.1714
      vertex 19.75 3.74308 1.2286
    endloop
  endfacet
  facet normal -1 0 0
    outer loop
      vertex 19.75 3.70112 1.31732
      vertex 19.75 3.70112 2.08268
      vertex 19.75 3.74308 2.1714
    endloop
  endfacet
  facet normal -1 0 0
    outer loop
      vertex 19.75 3.66806 1.40971
      vertex 19.75 3.70112 2.08268
      vertex 19.75 3.70112 1.31732
    endloop
  endfacet
  facet normal -1 0 0
    outer loop
      vertex 19.75 3.66806 1.40971
      vertex 19.75 3.66806 1.99028
      vertex 19.75 3.70112 2.08268
    endloop
  endfacet
  facet normal -1 0 0
    outer loop
      vertex 19.75 3.64421 1.50491
      vertex 19.75 3.66806 1.99028
      vertex 19.75 3.66806 1.40971
    endloop
  endfacet
  facet normal -1 0 0
    outer loop
      vertex 19.75 3.64421 1.50491
      vertex 19.75 3.64421 1.89509
      vertex 19.75 3.66806 1.99028
    endloop
  endfacet
  facet normal -1 0 0
    outer loop
      vertex 19.75 3.62982 1.60198
      vertex 19.75 3.64421 1.89509
      vertex 19.75 3.64421 1.50491
    endloop
  endfacet
  facet normal -1 0 0
    outer loop
      vertex 19.75 3.62982 1.60198
      vertex 19.75 3.62982 1.79802
      vertex 19.75 3.64421 1.89509
    endloop
  endfacet
  facet normal -1 0 -0
    outer loop
      vertex 19.75 3.62982 1.79802
      vertex 19.75 3.62982 1.60198
      vertex 19.75 3.625 1.7
    endloop
  endfacet
  facet normal 0 -0.671505 0.741
    outer loop
      vertex 19.75 3.99061 2.47301
      vertex 23.75 3.91789 2.40711
      vertex 23.75 3.99061 2.47301
    endloop
  endfacet
  facet normal 0 -0.671505 0.741
    outer loop
      vertex 23.75 3.91789 2.40711
      vertex 19.75 3.99061 2.47301
      vertex 19.75 3.91789 2.40711
    endloop
  endfacet
  facet normal 0 -0.998793 -0.0491143
    outer loop
      vertex 19.75 3.62982 1.60198
      vertex 23.75 3.625 1.7
      vertex 19.75 3.625 1.7
    endloop
  endfacet
  facet normal 0 -0.998793 -0.0491143
    outer loop
      vertex 23.75 3.625 1.7
      vertex 19.75 3.62982 1.60198
      vertex 23.75 3.62982 1.60198
    endloop
  endfacet
  facet normal 0 -0.146641 0.98919
    outer loop
      vertex 19.75 4.52698 2.69518
      vertex 23.75 4.42991 2.68079
      vertex 23.75 4.52698 2.69518
    endloop
  endfacet
  facet normal 0 -0.146641 0.98919
    outer loop
      vertex 23.75 4.42991 2.68079
      vertex 19.75 4.52698 2.69518
      vertex 19.75 4.42991 2.68079
    endloop
  endfacet
  facet normal 0 -0.803192 -0.59572
    outer loop
      vertex 19.75 3.85199 1.06561
      vertex 23.75 3.79353 1.14443
      vertex 19.75 3.79353 1.14443
    endloop
  endfacet
  facet normal 0 -0.803192 -0.59572
    outer loop
      vertex 23.75 3.79353 1.14443
      vertex 19.75 3.85199 1.06561
      vertex 23.75 3.85199 1.06561
    endloop
  endfacet
  facet normal 0 -0.59572 0.803192
    outer loop
      vertex 19.75 4.06943 2.53147
      vertex 23.75 3.99061 2.47301
      vertex 23.75 4.06943 2.53147
    endloop
  endfacet
  facet normal 0 -0.59572 0.803192
    outer loop
      vertex 23.75 3.99061 2.47301
      vertex 19.75 4.06943 2.53147
      vertex 19.75 3.99061 2.47301
    endloop
  endfacet
  facet normal -0 0.0491143 0.998793
    outer loop
      vertex 19.75 4.72302 2.69518
      vertex 23.75 4.625 2.7
      vertex 23.75 4.72302 2.69518
    endloop
  endfacet
  facet normal 0 0.0491143 0.998793
    outer loop
      vertex 23.75 4.625 2.7
      vertex 19.75 4.72302 2.69518
      vertex 19.75 4.625 2.7
    endloop
  endfacet
  facet normal 0 -0.671522 -0.740984
    outer loop
      vertex 19.75 3.91789 0.992892
      vertex 23.75 3.99061 0.926989
      vertex 23.75 3.91789 0.992892
    endloop
  endfacet
  facet normal -0 -0.671522 -0.740984
    outer loop
      vertex 23.75 3.99061 0.926989
      vertex 19.75 3.91789 0.992892
      vertex 19.75 3.99061 0.926989
    endloop
  endfacet
  facet normal 0 0.242967 -0.970035
    outer loop
      vertex 19.75 -4.42991 0.719214
      vertex 23.75 -4.33471 0.743059
      vertex 23.75 -4.42991 0.719214
    endloop
  endfacet
  facet normal 0 0.242967 -0.970035
    outer loop
      vertex 23.75 -4.33471 0.743059
      vertex 19.75 -4.42991 0.719214
      vertex 19.75 -4.33471 0.743059
    endloop
  endfacet
  facet normal 0 0.74099 -0.671516
    outer loop
      vertex 23.75 -3.91789 0.992892
      vertex 19.75 -3.85199 1.06561
      vertex 23.75 -3.85199 1.06561
    endloop
  endfacet
  facet normal 0 0.74099 -0.671516
    outer loop
      vertex 19.75 -3.85199 1.06561
      vertex 23.75 -3.91789 0.992892
      vertex 19.75 -3.91789 0.992892
    endloop
  endfacet
  facet normal 0 0.0490635 -0.998796
    outer loop
      vertex 19.75 -4.625 0.7
      vertex 23.75 -4.52698 0.704815
      vertex 23.75 -4.625 0.7
    endloop
  endfacet
  facet normal 0 0.0490635 -0.998796
    outer loop
      vertex 23.75 -4.52698 0.704815
      vertex 19.75 -4.625 0.7
      vertex 19.75 -4.52698 0.704815
    endloop
  endfacet
  facet normal 0 0.941537 -0.336911
    outer loop
      vertex 23.75 -3.70112 1.31732
      vertex 19.75 -3.66806 1.40971
      vertex 23.75 -3.66806 1.40971
    endloop
  endfacet
  facet normal 0 0.941537 -0.336911
    outer loop
      vertex 19.75 -3.66806 1.40971
      vertex 23.75 -3.70112 1.31732
      vertex 19.75 -3.70112 1.31732
    endloop
  endfacet
  facet normal 0 -0.514121 -0.857718
    outer loop
      vertex 19.75 -5.18057 0.86853
      vertex 23.75 -5.0964 0.818078
      vertex 23.75 -5.18057 0.86853
    endloop
  endfacet
  facet normal -0 -0.514121 -0.857718
    outer loop
      vertex 23.75 -5.0964 0.818078
      vertex 19.75 -5.18057 0.86853
      vertex 19.75 -5.0964 0.818078
    endloop
  endfacet
  facet normal 0 -0.242991 -0.970028
    outer loop
      vertex 19.75 -4.91528 0.743059
      vertex 23.75 -4.82009 0.719214
      vertex 23.75 -4.91528 0.743059
    endloop
  endfacet
  facet normal -0 -0.242991 -0.970028
    outer loop
      vertex 23.75 -4.82009 0.719214
      vertex 19.75 -4.91528 0.743059
      vertex 19.75 -4.82009 0.719214
    endloop
  endfacet
  facet normal 0 -0.903995 -0.427543
    outer loop
      vertex 19.75 -5.50692 1.2286
      vertex 23.75 -5.54888 1.31732
      vertex 19.75 -5.54888 1.31732
    endloop
  endfacet
  facet normal 0 -0.903995 -0.427543
    outer loop
      vertex 23.75 -5.54888 1.31732
      vertex 19.75 -5.50692 1.2286
      vertex 23.75 -5.50692 1.2286
    endloop
  endfacet
  facet normal 0 0.857727 0.514106
    outer loop
      vertex 23.75 -3.74308 2.1714
      vertex 19.75 -3.79353 2.25557
      vertex 23.75 -3.79353 2.25557
    endloop
  endfacet
  facet normal 0 0.857727 0.514106
    outer loop
      vertex 19.75 -3.79353 2.25557
      vertex 23.75 -3.74308 2.1714
      vertex 19.75 -3.74308 2.1714
    endloop
  endfacet
  facet normal 0 -0.903995 0.427543
    outer loop
      vertex 19.75 -5.54888 2.08268
      vertex 23.75 -5.50692 2.1714
      vertex 19.75 -5.50692 2.1714
    endloop
  endfacet
  facet normal 0 -0.903995 0.427543
    outer loop
      vertex 23.75 -5.50692 2.1714
      vertex 19.75 -5.54888 2.08268
      vertex 23.75 -5.54888 2.08268
    endloop
  endfacet
  facet normal 0 0.98919 0.146641
    outer loop
      vertex 23.75 -3.62982 1.79802
      vertex 19.75 -3.64421 1.89509
      vertex 23.75 -3.64421 1.89509
    endloop
  endfacet
  facet normal 0 0.98919 0.146641
    outer loop
      vertex 19.75 -3.64421 1.89509
      vertex 23.75 -3.62982 1.79802
      vertex 19.75 -3.62982 1.79802
    endloop
  endfacet
  facet normal 0 -0.803192 -0.59572
    outer loop
      vertex 19.75 -5.39801 1.06561
      vertex 23.75 -5.45647 1.14443
      vertex 19.75 -5.45647 1.14443
    endloop
  endfacet
  facet normal 0 -0.803192 -0.59572
    outer loop
      vertex 23.75 -5.45647 1.14443
      vertex 19.75 -5.39801 1.06561
      vertex 23.75 -5.39801 1.06561
    endloop
  endfacet
  facet normal 0 -0.857727 0.514106
    outer loop
      vertex 19.75 -5.50692 2.1714
      vertex 23.75 -5.45647 2.25557
      vertex 19.75 -5.45647 2.25557
    endloop
  endfacet
  facet normal 0 -0.857727 0.514106
    outer loop
      vertex 23.75 -5.45647 2.25557
      vertex 19.75 -5.50692 2.1714
      vertex 23.75 -5.50692 2.1714
    endloop
  endfacet
  facet normal 0 -0.989175 0.146741
    outer loop
      vertex 19.75 -5.62018 1.79802
      vertex 23.75 -5.60578 1.89509
      vertex 19.75 -5.60578 1.89509
    endloop
  endfacet
  facet normal 0 -0.989175 0.146741
    outer loop
      vertex 23.75 -5.60578 1.89509
      vertex 19.75 -5.62018 1.79802
      vertex 23.75 -5.62018 1.79802
    endloop
  endfacet
  facet normal 0 -0.336879 0.941548
    outer loop
      vertex 19.75 -4.91528 2.65694
      vertex 23.75 -5.00768 2.62388
      vertex 23.75 -4.91528 2.65694
    endloop
  endfacet
  facet normal 0 -0.336879 0.941548
    outer loop
      vertex 23.75 -5.00768 2.62388
      vertex 19.75 -4.91528 2.65694
      vertex 19.75 -5.00768 2.62388
    endloop
  endfacet
  facet normal 0 0.998793 0.0491143
    outer loop
      vertex 23.75 -3.625 1.7
      vertex 19.75 -3.62982 1.79802
      vertex 23.75 -3.62982 1.79802
    endloop
  endfacet
  facet normal 0 0.998793 0.0491143
    outer loop
      vertex 19.75 -3.62982 1.79802
      vertex 23.75 -3.625 1.7
      vertex 19.75 -3.625 1.7
    endloop
  endfacet
  facet normal 0 -0.671505 0.741
    outer loop
      vertex 19.75 -5.25939 2.47301
      vertex 23.75 -5.33211 2.40711
      vertex 23.75 -5.25939 2.47301
    endloop
  endfacet
  facet normal 0 -0.671505 0.741
    outer loop
      vertex 23.75 -5.33211 2.40711
      vertex 19.75 -5.25939 2.47301
      vertex 19.75 -5.33211 2.40711
    endloop
  endfacet
  facet normal 0 -0.243039 0.970016
    outer loop
      vertex 19.75 -4.82009 2.68079
      vertex 23.75 -4.91528 2.65694
      vertex 23.75 -4.82009 2.68079
    endloop
  endfacet
  facet normal 0 -0.243039 0.970016
    outer loop
      vertex 23.75 -4.91528 2.65694
      vertex 19.75 -4.82009 2.68079
      vertex 19.75 -4.91528 2.65694
    endloop
  endfacet
  facet normal -0 0.59572 0.803192
    outer loop
      vertex 19.75 -3.99061 2.47301
      vertex 23.75 -4.06943 2.53147
      vertex 23.75 -3.99061 2.47301
    endloop
  endfacet
  facet normal 0 0.59572 0.803192
    outer loop
      vertex 23.75 -4.06943 2.53147
      vertex 19.75 -3.99061 2.47301
      vertex 19.75 -4.06943 2.53147
    endloop
  endfacet
  facet normal 0 -0.671522 -0.740984
    outer loop
      vertex 19.75 -5.33211 0.992892
      vertex 23.75 -5.25939 0.926989
      vertex 23.75 -5.33211 0.992892
    endloop
  endfacet
  facet normal -0 -0.671522 -0.740984
    outer loop
      vertex 23.75 -5.25939 0.926989
      vertex 19.75 -5.33211 0.992892
      vertex 19.75 -5.25939 0.926989
    endloop
  endfacet
  facet normal -0 0.336911 0.941537
    outer loop
      vertex 19.75 -4.24232 2.62388
      vertex 23.75 -4.33471 2.65694
      vertex 23.75 -4.24232 2.62388
    endloop
  endfacet
  facet normal 0 0.336911 0.941537
    outer loop
      vertex 23.75 -4.33471 2.65694
      vertex 19.75 -4.24232 2.62388
      vertex 19.75 -4.33471 2.65694
    endloop
  endfacet
  facet normal 0 -0.989175 -0.146741
    outer loop
      vertex 19.75 -5.60578 1.50491
      vertex 23.75 -5.62018 1.60198
      vertex 19.75 -5.62018 1.60198
    endloop
  endfacet
  facet normal 0 -0.989175 -0.146741
    outer loop
      vertex 23.75 -5.62018 1.60198
      vertex 19.75 -5.60578 1.50491
      vertex 23.75 -5.60578 1.50491
    endloop
  endfacet
  facet normal 0 0.803192 -0.59572
    outer loop
      vertex 23.75 -3.85199 1.06561
      vertex 19.75 -3.79353 1.14443
      vertex 23.75 -3.79353 1.14443
    endloop
  endfacet
  facet normal 0 0.803192 -0.59572
    outer loop
      vertex 19.75 -3.79353 1.14443
      vertex 23.75 -3.85199 1.06561
      vertex 19.75 -3.85199 1.06561
    endloop
  endfacet
  facet normal 0 0.427526 -0.904003
    outer loop
      vertex 19.75 -4.24232 0.77612
      vertex 23.75 -4.1536 0.818078
      vertex 23.75 -4.24232 0.77612
    endloop
  endfacet
  facet normal 0 0.427526 -0.904003
    outer loop
      vertex 23.75 -4.1536 0.818078
      vertex 19.75 -4.24232 0.77612
      vertex 19.75 -4.1536 0.818078
    endloop
  endfacet
  facet normal 0 -0.970047 -0.242919
    outer loop
      vertex 19.75 -5.58194 1.40971
      vertex 23.75 -5.60578 1.50491
      vertex 19.75 -5.60578 1.50491
    endloop
  endfacet
  facet normal 0 -0.970047 -0.242919
    outer loop
      vertex 23.75 -5.60578 1.50491
      vertex 19.75 -5.58194 1.40971
      vertex 23.75 -5.58194 1.40971
    endloop
  endfacet
  facet normal -0 0.243015 0.970023
    outer loop
      vertex 19.75 -4.33471 2.65694
      vertex 23.75 -4.42991 2.68079
      vertex 23.75 -4.33471 2.65694
    endloop
  endfacet
  facet normal 0 0.243015 0.970023
    outer loop
      vertex 23.75 -4.42991 2.68079
      vertex 19.75 -4.33471 2.65694
      vertex 19.75 -4.42991 2.68079
    endloop
  endfacet
  facet normal 0 0.595713 -0.803197
    outer loop
      vertex 19.75 -4.06943 0.86853
      vertex 23.75 -3.99061 0.926989
      vertex 23.75 -4.06943 0.86853
    endloop
  endfacet
  facet normal 0 0.595713 -0.803197
    outer loop
      vertex 23.75 -3.99061 0.926989
      vertex 19.75 -4.06943 0.86853
      vertex 19.75 -3.99061 0.926989
    endloop
  endfacet
  facet normal 0 0.857727 -0.514106
    outer loop
      vertex 23.75 -3.79353 1.14443
      vertex 19.75 -3.74308 1.2286
      vertex 23.75 -3.74308 1.2286
    endloop
  endfacet
  facet normal 0 0.857727 -0.514106
    outer loop
      vertex 19.75 -3.74308 1.2286
      vertex 23.75 -3.79353 1.14443
      vertex 19.75 -3.79353 1.14443
    endloop
  endfacet
  facet normal 0 -0.0491143 0.998793
    outer loop
      vertex 19.75 -4.625 2.7
      vertex 23.75 -4.72302 2.69518
      vertex 23.75 -4.625 2.7
    endloop
  endfacet
  facet normal 0 -0.0491143 0.998793
    outer loop
      vertex 23.75 -4.72302 2.69518
      vertex 19.75 -4.625 2.7
      vertex 19.75 -4.72302 2.69518
    endloop
  endfacet
  facet normal 0 0.803192 0.59572
    outer loop
      vertex 23.75 -3.79353 2.25557
      vertex 19.75 -3.85199 2.33439
      vertex 23.75 -3.85199 2.33439
    endloop
  endfacet
  facet normal 0 0.803192 0.59572
    outer loop
      vertex 19.75 -3.85199 2.33439
      vertex 23.75 -3.79353 2.25557
      vertex 19.75 -3.79353 2.25557
    endloop
  endfacet
  facet normal 0 0.941548 0.336879
    outer loop
      vertex 23.75 -3.66806 1.99028
      vertex 19.75 -3.70112 2.08268
      vertex 23.75 -3.70112 2.08268
    endloop
  endfacet
  facet normal 0 0.941548 0.336879
    outer loop
      vertex 19.75 -3.70112 2.08268
      vertex 23.75 -3.66806 1.99028
      vertex 19.75 -3.66806 1.99028
    endloop
  endfacet
  facet normal 0 0.146731 -0.989176
    outer loop
      vertex 19.75 -4.52698 0.704815
      vertex 23.75 -4.42991 0.719214
      vertex 23.75 -4.52698 0.704815
    endloop
  endfacet
  facet normal 0 0.146731 -0.989176
    outer loop
      vertex 23.75 -4.42991 0.719214
      vertex 19.75 -4.52698 0.704815
      vertex 19.75 -4.42991 0.719214
    endloop
  endfacet
  facet normal 0 -0.803192 0.59572
    outer loop
      vertex 19.75 -5.45647 2.25557
      vertex 23.75 -5.39801 2.33439
      vertex 19.75 -5.39801 2.33439
    endloop
  endfacet
  facet normal 0 -0.803192 0.59572
    outer loop
      vertex 23.75 -5.39801 2.33439
      vertex 19.75 -5.45647 2.25557
      vertex 23.75 -5.45647 2.25557
    endloop
  endfacet
  facet normal 0 -0.741 0.671505
    outer loop
      vertex 19.75 -5.39801 2.33439
      vertex 23.75 -5.33211 2.40711
      vertex 19.75 -5.33211 2.40711
    endloop
  endfacet
  facet normal 0 -0.741 0.671505
    outer loop
      vertex 23.75 -5.33211 2.40711
      vertex 19.75 -5.39801 2.33439
      vertex 23.75 -5.39801 2.33439
    endloop
  endfacet
  facet normal -0 0.146641 0.98919
    outer loop
      vertex 19.75 -4.42991 2.68079
      vertex 23.75 -4.52698 2.69518
      vertex 23.75 -4.42991 2.68079
    endloop
  endfacet
  facet normal 0 0.146641 0.98919
    outer loop
      vertex 23.75 -4.52698 2.69518
      vertex 19.75 -4.42991 2.68079
      vertex 19.75 -4.52698 2.69518
    endloop
  endfacet
  facet normal 0 -0.336888 -0.941545
    outer loop
      vertex 19.75 -5.00768 0.77612
      vertex 23.75 -4.91528 0.743059
      vertex 23.75 -5.00768 0.77612
    endloop
  endfacet
  facet normal -0 -0.336888 -0.941545
    outer loop
      vertex 23.75 -4.91528 0.743059
      vertex 19.75 -5.00768 0.77612
      vertex 19.75 -4.91528 0.743059
    endloop
  endfacet
  facet normal 0 0.33692 -0.941533
    outer loop
      vertex 19.75 -4.33471 0.743059
      vertex 23.75 -4.24232 0.77612
      vertex 23.75 -4.33471 0.743059
    endloop
  endfacet
  facet normal 0 0.33692 -0.941533
    outer loop
      vertex 23.75 -4.24232 0.77612
      vertex 19.75 -4.33471 0.743059
      vertex 19.75 -4.24232 0.77612
    endloop
  endfacet
  facet normal 0 -0.146731 -0.989176
    outer loop
      vertex 19.75 -4.82009 0.719214
      vertex 23.75 -4.72302 0.704815
      vertex 23.75 -4.82009 0.719214
    endloop
  endfacet
  facet normal -0 -0.146731 -0.989176
    outer loop
      vertex 23.75 -4.72302 0.704815
      vertex 19.75 -4.82009 0.719214
      vertex 19.75 -4.72302 0.704815
    endloop
  endfacet
  facet normal 0 -0.0490635 -0.998796
    outer loop
      vertex 19.75 -4.72302 0.704815
      vertex 23.75 -4.625 0.7
      vertex 23.75 -4.72302 0.704815
    endloop
  endfacet
  facet normal -0 -0.0490635 -0.998796
    outer loop
      vertex 23.75 -4.625 0.7
      vertex 19.75 -4.72302 0.704815
      vertex 19.75 -4.625 0.7
    endloop
  endfacet
  facet normal 0 -0.857727 -0.514106
    outer loop
      vertex 19.75 -5.45647 1.14443
      vertex 23.75 -5.50692 1.2286
      vertex 19.75 -5.50692 1.2286
    endloop
  endfacet
  facet normal 0 -0.857727 -0.514106
    outer loop
      vertex 23.75 -5.50692 1.2286
      vertex 19.75 -5.45647 1.14443
      vertex 23.75 -5.45647 1.14443
    endloop
  endfacet
  facet normal 0 -0.998793 -0.0491143
    outer loop
      vertex 19.75 -5.62018 1.60198
      vertex 23.75 -5.625 1.7
      vertex 19.75 -5.625 1.7
    endloop
  endfacet
  facet normal 0 -0.998793 -0.0491143
    outer loop
      vertex 23.75 -5.625 1.7
      vertex 19.75 -5.62018 1.60198
      vertex 23.75 -5.62018 1.60198
    endloop
  endfacet
  facet normal 0 0.998793 -0.0491143
    outer loop
      vertex 23.75 -3.62982 1.60198
      vertex 19.75 -3.625 1.7
      vertex 23.75 -3.625 1.7
    endloop
  endfacet
  facet normal 0 0.998793 -0.0491143
    outer loop
      vertex 19.75 -3.625 1.7
      vertex 23.75 -3.62982 1.60198
      vertex 19.75 -3.62982 1.60198
    endloop
  endfacet
  facet normal 0 0.970023 -0.243015
    outer loop
      vertex 23.75 -3.66806 1.40971
      vertex 19.75 -3.64421 1.50491
      vertex 23.75 -3.64421 1.50491
    endloop
  endfacet
  facet normal 0 0.970023 -0.243015
    outer loop
      vertex 19.75 -3.64421 1.50491
      vertex 23.75 -3.66806 1.40971
      vertex 19.75 -3.66806 1.40971
    endloop
  endfacet
  facet normal 0 0.903995 -0.427543
    outer loop
      vertex 23.75 -3.74308 1.2286
      vertex 19.75 -3.70112 1.31732
      vertex 23.75 -3.70112 1.31732
    endloop
  endfacet
  facet normal 0 0.903995 -0.427543
    outer loop
      vertex 19.75 -3.70112 1.31732
      vertex 23.75 -3.74308 1.2286
      vertex 19.75 -3.74308 1.2286
    endloop
  endfacet
  facet normal 0 -0.427526 -0.904003
    outer loop
      vertex 19.75 -5.0964 0.818078
      vertex 23.75 -5.00768 0.77612
      vertex 23.75 -5.0964 0.818078
    endloop
  endfacet
  facet normal -0 -0.427526 -0.904003
    outer loop
      vertex 23.75 -5.00768 0.77612
      vertex 19.75 -5.0964 0.818078
      vertex 19.75 -5.00768 0.77612
    endloop
  endfacet
  facet normal 0 -0.514106 0.857727
    outer loop
      vertex 19.75 -5.0964 2.58192
      vertex 23.75 -5.18057 2.53147
      vertex 23.75 -5.0964 2.58192
    endloop
  endfacet
  facet normal 0 -0.514106 0.857727
    outer loop
      vertex 23.75 -5.18057 2.53147
      vertex 19.75 -5.0964 2.58192
      vertex 19.75 -5.18057 2.53147
    endloop
  endfacet
  facet normal 0 -0.595713 -0.803197
    outer loop
      vertex 19.75 -5.25939 0.926989
      vertex 23.75 -5.18057 0.86853
      vertex 23.75 -5.25939 0.926989
    endloop
  endfacet
  facet normal -0 -0.595713 -0.803197
    outer loop
      vertex 23.75 -5.18057 0.86853
      vertex 19.75 -5.25939 0.926989
      vertex 19.75 -5.18057 0.86853
    endloop
  endfacet
  facet normal 0 0.514121 -0.857718
    outer loop
      vertex 19.75 -4.1536 0.818078
      vertex 23.75 -4.06943 0.86853
      vertex 23.75 -4.1536 0.818078
    endloop
  endfacet
  facet normal 0 0.514121 -0.857718
    outer loop
      vertex 23.75 -4.06943 0.86853
      vertex 19.75 -4.1536 0.818078
      vertex 19.75 -4.06943 0.86853
    endloop
  endfacet
  facet normal 0 0.741 0.671505
    outer loop
      vertex 23.75 -3.85199 2.33439
      vertex 19.75 -3.91789 2.40711
      vertex 23.75 -3.91789 2.40711
    endloop
  endfacet
  facet normal 0 0.741 0.671505
    outer loop
      vertex 19.75 -3.91789 2.40711
      vertex 23.75 -3.85199 2.33439
      vertex 19.75 -3.85199 2.33439
    endloop
  endfacet
  facet normal 0 0.903995 0.427543
    outer loop
      vertex 23.75 -3.70112 2.08268
      vertex 19.75 -3.74308 2.1714
      vertex 23.75 -3.74308 2.1714
    endloop
  endfacet
  facet normal 0 0.903995 0.427543
    outer loop
      vertex 19.75 -3.74308 2.1714
      vertex 23.75 -3.70112 2.08268
      vertex 19.75 -3.70112 2.08268
    endloop
  endfacet
  facet normal 0 0.98919 -0.146641
    outer loop
      vertex 23.75 -3.64421 1.50491
      vertex 19.75 -3.62982 1.60198
      vertex 23.75 -3.62982 1.60198
    endloop
  endfacet
  facet normal 0 0.98919 -0.146641
    outer loop
      vertex 19.75 -3.62982 1.60198
      vertex 23.75 -3.64421 1.50491
      vertex 19.75 -3.64421 1.50491
    endloop
  endfacet
  facet normal 0 -0.146641 0.98919
    outer loop
      vertex 19.75 -4.72302 2.69518
      vertex 23.75 -4.82009 2.68079
      vertex 23.75 -4.72302 2.69518
    endloop
  endfacet
  facet normal 0 -0.146641 0.98919
    outer loop
      vertex 23.75 -4.82009 2.68079
      vertex 19.75 -4.72302 2.69518
      vertex 19.75 -4.82009 2.68079
    endloop
  endfacet
  facet normal 0 -0.941537 -0.336911
    outer loop
      vertex 19.75 -5.54888 1.31732
      vertex 23.75 -5.58194 1.40971
      vertex 19.75 -5.58194 1.40971
    endloop
  endfacet
  facet normal 0 -0.941537 -0.336911
    outer loop
      vertex 23.75 -5.58194 1.40971
      vertex 19.75 -5.54888 1.31732
      vertex 23.75 -5.54888 1.31732
    endloop
  endfacet
  facet normal 0 0.970016 0.243039
    outer loop
      vertex 23.75 -3.64421 1.89509
      vertex 19.75 -3.66806 1.99028
      vertex 23.75 -3.66806 1.99028
    endloop
  endfacet
  facet normal 0 0.970016 0.243039
    outer loop
      vertex 19.75 -3.66806 1.99028
      vertex 23.75 -3.64421 1.89509
      vertex 19.75 -3.64421 1.89509
    endloop
  endfacet
  facet normal 0 -0.970041 0.242943
    outer loop
      vertex 19.75 -5.60578 1.89509
      vertex 23.75 -5.58194 1.99028
      vertex 19.75 -5.58194 1.99028
    endloop
  endfacet
  facet normal 0 -0.970041 0.242943
    outer loop
      vertex 23.75 -5.58194 1.99028
      vertex 19.75 -5.60578 1.89509
      vertex 23.75 -5.60578 1.89509
    endloop
  endfacet
  facet normal -0 0.0491143 0.998793
    outer loop
      vertex 19.75 -4.52698 2.69518
      vertex 23.75 -4.625 2.7
      vertex 23.75 -4.52698 2.69518
    endloop
  endfacet
  facet normal 0 0.0491143 0.998793
    outer loop
      vertex 23.75 -4.625 2.7
      vertex 19.75 -4.52698 2.69518
      vertex 19.75 -4.625 2.7
    endloop
  endfacet
  facet normal 0 -0.998793 0.0491143
    outer loop
      vertex 19.75 -5.625 1.7
      vertex 23.75 -5.62018 1.79802
      vertex 19.75 -5.62018 1.79802
    endloop
  endfacet
  facet normal 0 -0.998793 0.0491143
    outer loop
      vertex 23.75 -5.62018 1.79802
      vertex 19.75 -5.625 1.7
      vertex 23.75 -5.625 1.7
    endloop
  endfacet
  facet normal 0 0.671522 -0.740984
    outer loop
      vertex 19.75 -3.99061 0.926989
      vertex 23.75 -3.91789 0.992892
      vertex 23.75 -3.99061 0.926989
    endloop
  endfacet
  facet normal 0 0.671522 -0.740984
    outer loop
      vertex 23.75 -3.91789 0.992892
      vertex 19.75 -3.99061 0.926989
      vertex 19.75 -3.91789 0.992892
    endloop
  endfacet
  facet normal 0 -0.59572 0.803192
    outer loop
      vertex 19.75 -5.18057 2.53147
      vertex 23.75 -5.25939 2.47301
      vertex 23.75 -5.18057 2.53147
    endloop
  endfacet
  facet normal 0 -0.59572 0.803192
    outer loop
      vertex 23.75 -5.25939 2.47301
      vertex 19.75 -5.18057 2.53147
      vertex 19.75 -5.25939 2.47301
    endloop
  endfacet
  facet normal -1 0 0
    outer loop
      vertex 19.75 -3.62982 1.60198
      vertex 19.75 -3.62982 1.79802
      vertex 19.75 -3.625 1.7
    endloop
  endfacet
  facet normal -1 0 0
    outer loop
      vertex 19.75 -3.64421 1.50491
      vertex 19.75 -3.62982 1.79802
      vertex 19.75 -3.62982 1.60198
    endloop
  endfacet
  facet normal -1 0 0
    outer loop
      vertex 19.75 -3.64421 1.50491
      vertex 19.75 -3.64421 1.89509
      vertex 19.75 -3.62982 1.79802
    endloop
  endfacet
  facet normal -1 0 0
    outer loop
      vertex 19.75 -3.66806 1.40971
      vertex 19.75 -3.64421 1.89509
      vertex 19.75 -3.64421 1.50491
    endloop
  endfacet
  facet normal -1 0 0
    outer loop
      vertex 19.75 -3.66806 1.40971
      vertex 19.75 -3.66806 1.99028
      vertex 19.75 -3.64421 1.89509
    endloop
  endfacet
  facet normal -1 0 0
    outer loop
      vertex 19.75 -3.70112 1.31732
      vertex 19.75 -3.66806 1.99028
      vertex 19.75 -3.66806 1.40971
    endloop
  endfacet
  facet normal -1 0 0
    outer loop
      vertex 19.75 -3.70112 1.31732
      vertex 19.75 -3.70112 2.08268
      vertex 19.75 -3.66806 1.99028
    endloop
  endfacet
  facet normal -1 0 0
    outer loop
      vertex 19.75 -3.74308 1.2286
      vertex 19.75 -3.70112 2.08268
      vertex 19.75 -3.70112 1.31732
    endloop
  endfacet
  facet normal -1 0 0
    outer loop
      vertex 19.75 -3.74308 1.2286
      vertex 19.75 -3.74308 2.1714
      vertex 19.75 -3.70112 2.08268
    endloop
  endfacet
  facet normal -1 0 0
    outer loop
      vertex 19.75 -3.79353 1.14443
      vertex 19.75 -3.74308 2.1714
      vertex 19.75 -3.74308 1.2286
    endloop
  endfacet
  facet normal -1 0 0
    outer loop
      vertex 19.75 -3.79353 1.14443
      vertex 19.75 -3.79353 2.25557
      vertex 19.75 -3.74308 2.1714
    endloop
  endfacet
  facet normal -1 0 0
    outer loop
      vertex 19.75 -3.85199 1.06561
      vertex 19.75 -3.79353 2.25557
      vertex 19.75 -3.79353 1.14443
    endloop
  endfacet
  facet normal -1 0 0
    outer loop
      vertex 19.75 -3.85199 1.06561
      vertex 19.75 -3.85199 2.33439
      vertex 19.75 -3.79353 2.25557
    endloop
  endfacet
  facet normal -1 0 0
    outer loop
      vertex 19.75 -3.91789 0.992892
      vertex 19.75 -3.85199 2.33439
      vertex 19.75 -3.85199 1.06561
    endloop
  endfacet
  facet normal -1 0 0
    outer loop
      vertex 19.75 -3.91789 0.992892
      vertex 19.75 -3.91789 2.40711
      vertex 19.75 -3.85199 2.33439
    endloop
  endfacet
  facet normal -1 0 0
    outer loop
      vertex 19.75 -3.99061 0.926989
      vertex 19.75 -3.91789 2.40711
      vertex 19.75 -3.91789 0.992892
    endloop
  endfacet
  facet normal -1 0 0
    outer loop
      vertex 19.75 -3.99061 0.926989
      vertex 19.75 -3.99061 2.47301
      vertex 19.75 -3.91789 2.40711
    endloop
  endfacet
  facet normal -1 0 0
    outer loop
      vertex 19.75 -4.06943 0.86853
      vertex 19.75 -3.99061 2.47301
      vertex 19.75 -3.99061 0.926989
    endloop
  endfacet
  facet normal -1 0 0
    outer loop
      vertex 19.75 -4.06943 0.86853
      vertex 19.75 -4.06943 2.53147
      vertex 19.75 -3.99061 2.47301
    endloop
  endfacet
  facet normal -1 0 0
    outer loop
      vertex 19.75 -4.1536 0.818078
      vertex 19.75 -4.06943 2.53147
      vertex 19.75 -4.06943 0.86853
    endloop
  endfacet
  facet normal -1 0 0
    outer loop
      vertex 19.75 -4.1536 0.818078
      vertex 19.75 -4.1536 2.58192
      vertex 19.75 -4.06943 2.53147
    endloop
  endfacet
  facet normal -1 0 0
    outer loop
      vertex 19.75 -4.24232 0.77612
      vertex 19.75 -4.1536 2.58192
      vertex 19.75 -4.1536 0.818078
    endloop
  endfacet
  facet normal -1 0 0
    outer loop
      vertex 19.75 -4.24232 0.77612
      vertex 19.75 -4.24232 2.62388
      vertex 19.75 -4.1536 2.58192
    endloop
  endfacet
  facet normal -1 0 0
    outer loop
      vertex 19.75 -4.33471 0.743059
      vertex 19.75 -4.24232 2.62388
      vertex 19.75 -4.24232 0.77612
    endloop
  endfacet
  facet normal -1 0 0
    outer loop
      vertex 19.75 -4.33471 0.743059
      vertex 19.75 -4.33471 2.65694
      vertex 19.75 -4.24232 2.62388
    endloop
  endfacet
  facet normal -1 0 0
    outer loop
      vertex 19.75 -4.42991 0.719214
      vertex 19.75 -4.33471 2.65694
      vertex 19.75 -4.33471 0.743059
    endloop
  endfacet
  facet normal -1 0 0
    outer loop
      vertex 19.75 -4.42991 0.719214
      vertex 19.75 -4.42991 2.68079
      vertex 19.75 -4.33471 2.65694
    endloop
  endfacet
  facet normal -1 0 0
    outer loop
      vertex 19.75 -4.52698 0.704815
      vertex 19.75 -4.42991 2.68079
      vertex 19.75 -4.42991 0.719214
    endloop
  endfacet
  facet normal -1 0 0
    outer loop
      vertex 19.75 -4.52698 0.704815
      vertex 19.75 -4.52698 2.69518
      vertex 19.75 -4.42991 2.68079
    endloop
  endfacet
  facet normal -1 0 0
    outer loop
      vertex 19.75 -4.625 0.7
      vertex 19.75 -4.52698 2.69518
      vertex 19.75 -4.52698 0.704815
    endloop
  endfacet
  facet normal -1 0 0
    outer loop
      vertex 19.75 -4.625 0.7
      vertex 19.75 -4.625 2.7
      vertex 19.75 -4.52698 2.69518
    endloop
  endfacet
  facet normal -1 0 0
    outer loop
      vertex 19.75 -4.72302 0.704815
      vertex 19.75 -4.625 2.7
      vertex 19.75 -4.625 0.7
    endloop
  endfacet
  facet normal -1 0 0
    outer loop
      vertex 19.75 -4.72302 0.704815
      vertex 19.75 -4.72302 2.69518
      vertex 19.75 -4.625 2.7
    endloop
  endfacet
  facet normal -1 0 0
    outer loop
      vertex 19.75 -4.82009 0.719214
      vertex 19.75 -4.72302 2.69518
      vertex 19.75 -4.72302 0.704815
    endloop
  endfacet
  facet normal -1 0 0
    outer loop
      vertex 19.75 -4.82009 0.719214
      vertex 19.75 -4.82009 2.68079
      vertex 19.75 -4.72302 2.69518
    endloop
  endfacet
  facet normal -1 0 0
    outer loop
      vertex 19.75 -4.91528 0.743059
      vertex 19.75 -4.82009 2.68079
      vertex 19.75 -4.82009 0.719214
    endloop
  endfacet
  facet normal -1 0 0
    outer loop
      vertex 19.75 -4.91528 0.743059
      vertex 19.75 -4.91528 2.65694
      vertex 19.75 -4.82009 2.68079
    endloop
  endfacet
  facet normal -1 0 0
    outer loop
      vertex 19.75 -5.00768 0.77612
      vertex 19.75 -4.91528 2.65694
      vertex 19.75 -4.91528 0.743059
    endloop
  endfacet
  facet normal -1 0 0
    outer loop
      vertex 19.75 -5.00768 0.77612
      vertex 19.75 -5.00768 2.62388
      vertex 19.75 -4.91528 2.65694
    endloop
  endfacet
  facet normal -1 0 0
    outer loop
      vertex 19.75 -5.0964 0.818078
      vertex 19.75 -5.00768 2.62388
      vertex 19.75 -5.00768 0.77612
    endloop
  endfacet
  facet normal -1 0 0
    outer loop
      vertex 19.75 -5.0964 0.818078
      vertex 19.75 -5.0964 2.58192
      vertex 19.75 -5.00768 2.62388
    endloop
  endfacet
  facet normal -1 0 0
    outer loop
      vertex 19.75 -5.18057 0.86853
      vertex 19.75 -5.0964 2.58192
      vertex 19.75 -5.0964 0.818078
    endloop
  endfacet
  facet normal -1 0 0
    outer loop
      vertex 19.75 -5.18057 0.86853
      vertex 19.75 -5.18057 2.53147
      vertex 19.75 -5.0964 2.58192
    endloop
  endfacet
  facet normal -1 0 0
    outer loop
      vertex 19.75 -5.25939 0.926989
      vertex 19.75 -5.18057 2.53147
      vertex 19.75 -5.18057 0.86853
    endloop
  endfacet
  facet normal -1 0 0
    outer loop
      vertex 19.75 -5.25939 0.926989
      vertex 19.75 -5.25939 2.47301
      vertex 19.75 -5.18057 2.53147
    endloop
  endfacet
  facet normal -1 0 0
    outer loop
      vertex 19.75 -5.33211 0.992892
      vertex 19.75 -5.25939 2.47301
      vertex 19.75 -5.25939 0.926989
    endloop
  endfacet
  facet normal -1 0 0
    outer loop
      vertex 19.75 -5.33211 0.992892
      vertex 19.75 -5.33211 2.40711
      vertex 19.75 -5.25939 2.47301
    endloop
  endfacet
  facet normal -1 0 0
    outer loop
      vertex 19.75 -5.39801 1.06561
      vertex 19.75 -5.33211 2.40711
      vertex 19.75 -5.33211 0.992892
    endloop
  endfacet
  facet normal -1 0 0
    outer loop
      vertex 19.75 -5.39801 1.06561
      vertex 19.75 -5.39801 2.33439
      vertex 19.75 -5.33211 2.40711
    endloop
  endfacet
  facet normal -1 0 0
    outer loop
      vertex 19.75 -5.45647 1.14443
      vertex 19.75 -5.39801 2.33439
      vertex 19.75 -5.39801 1.06561
    endloop
  endfacet
  facet normal -1 0 0
    outer loop
      vertex 19.75 -5.45647 1.14443
      vertex 19.75 -5.45647 2.25557
      vertex 19.75 -5.39801 2.33439
    endloop
  endfacet
  facet normal -1 0 0
    outer loop
      vertex 19.75 -5.50692 1.2286
      vertex 19.75 -5.45647 2.25557
      vertex 19.75 -5.45647 1.14443
    endloop
  endfacet
  facet normal -1 0 0
    outer loop
      vertex 19.75 -5.50692 1.2286
      vertex 19.75 -5.50692 2.1714
      vertex 19.75 -5.45647 2.25557
    endloop
  endfacet
  facet normal -1 0 0
    outer loop
      vertex 19.75 -5.54888 1.31732
      vertex 19.75 -5.50692 2.1714
      vertex 19.75 -5.50692 1.2286
    endloop
  endfacet
  facet normal -1 0 0
    outer loop
      vertex 19.75 -5.54888 1.31732
      vertex 19.75 -5.54888 2.08268
      vertex 19.75 -5.50692 2.1714
    endloop
  endfacet
  facet normal -1 0 0
    outer loop
      vertex 19.75 -5.58194 1.40971
      vertex 19.75 -5.54888 2.08268
      vertex 19.75 -5.54888 1.31732
    endloop
  endfacet
  facet normal -1 0 0
    outer loop
      vertex 19.75 -5.58194 1.40971
      vertex 19.75 -5.58194 1.99028
      vertex 19.75 -5.54888 2.08268
    endloop
  endfacet
  facet normal -1 0 0
    outer loop
      vertex 19.75 -5.60578 1.50491
      vertex 19.75 -5.58194 1.99028
      vertex 19.75 -5.58194 1.40971
    endloop
  endfacet
  facet normal -1 0 0
    outer loop
      vertex 19.75 -5.60578 1.50491
      vertex 19.75 -5.60578 1.89509
      vertex 19.75 -5.58194 1.99028
    endloop
  endfacet
  facet normal -1 0 0
    outer loop
      vertex 19.75 -5.62018 1.60198
      vertex 19.75 -5.60578 1.89509
      vertex 19.75 -5.60578 1.50491
    endloop
  endfacet
  facet normal -1 0 0
    outer loop
      vertex 19.75 -5.62018 1.60198
      vertex 19.75 -5.62018 1.79802
      vertex 19.75 -5.60578 1.89509
    endloop
  endfacet
  facet normal -1 0 -0
    outer loop
      vertex 19.75 -5.62018 1.79802
      vertex 19.75 -5.62018 1.60198
      vertex 19.75 -5.625 1.7
    endloop
  endfacet
  facet normal -0 0.671505 0.741
    outer loop
      vertex 19.75 -3.91789 2.40711
      vertex 23.75 -3.99061 2.47301
      vertex 23.75 -3.91789 2.40711
    endloop
  endfacet
  facet normal 0 0.671505 0.741
    outer loop
      vertex 23.75 -3.99061 2.47301
      vertex 19.75 -3.91789 2.40711
      vertex 19.75 -3.99061 2.47301
    endloop
  endfacet
  facet normal 0 -0.427543 0.903995
    outer loop
      vertex 19.75 -5.00768 2.62388
      vertex 23.75 -5.0964 2.58192
      vertex 23.75 -5.00768 2.62388
    endloop
  endfacet
  facet normal 0 -0.427543 0.903995
    outer loop
      vertex 23.75 -5.0964 2.58192
      vertex 19.75 -5.00768 2.62388
      vertex 19.75 -5.0964 2.58192
    endloop
  endfacet
  facet normal -0 0.514106 0.857727
    outer loop
      vertex 19.75 -4.06943 2.53147
      vertex 23.75 -4.1536 2.58192
      vertex 23.75 -4.06943 2.53147
    endloop
  endfacet
  facet normal 0 0.514106 0.857727
    outer loop
      vertex 23.75 -4.1536 2.58192
      vertex 19.75 -4.06943 2.53147
      vertex 19.75 -4.1536 2.58192
    endloop
  endfacet
  facet normal 0 -0.941548 0.336879
    outer loop
      vertex 19.75 -5.58194 1.99028
      vertex 23.75 -5.54888 2.08268
      vertex 19.75 -5.54888 2.08268
    endloop
  endfacet
  facet normal 0 -0.941548 0.336879
    outer loop
      vertex 23.75 -5.54888 2.08268
      vertex 19.75 -5.58194 1.99028
      vertex 23.75 -5.58194 1.99028
    endloop
  endfacet
  facet normal -0 0.427543 0.903995
    outer loop
      vertex 19.75 -4.1536 2.58192
      vertex 23.75 -4.24232 2.62388
      vertex 23.75 -4.1536 2.58192
    endloop
  endfacet
  facet normal 0 0.427543 0.903995
    outer loop
      vertex 23.75 -4.24232 2.62388
      vertex 19.75 -4.1536 2.58192
      vertex 19.75 -4.24232 2.62388
    endloop
  endfacet
  facet normal 0 -0.74099 -0.671516
    outer loop
      vertex 19.75 -5.33211 0.992892
      vertex 23.75 -5.39801 1.06561
      vertex 19.75 -5.39801 1.06561
    endloop
  endfacet
  facet normal 0 -0.74099 -0.671516
    outer loop
      vertex 23.75 -5.39801 1.06561
      vertex 19.75 -5.33211 0.992892
      vertex 23.75 -5.33211 0.992892
    endloop
  endfacet
  facet normal 0 -0.595689 -0.803215
    outer loop
      vertex 23.75 0.944468 3.1135
      vertex 30.85 1.07847 3.01412
      vertex 30.85 0.944468 3.1135
    endloop
  endfacet
  facet normal -0 -0.595689 -0.803215
    outer loop
      vertex 30.85 1.07847 3.01412
      vertex 23.75 0.944468 3.1135
      vertex 23.75 1.07847 3.01412
    endloop
  endfacet
  facet normal -0 0.14673 0.989177
    outer loop
      vertex 23.75 -0.166629 0.00818539
      vertex 30.85 -0.331653 0.0326643
      vertex 30.85 -0.166629 0.00818539
    endloop
  endfacet
  facet normal 0 0.14673 0.989177
    outer loop
      vertex 30.85 -0.331653 0.0326643
      vertex 23.75 -0.166629 0.00818539
      vertex 23.75 -0.331653 0.0326643
    endloop
  endfacet
  facet normal 0 -0.941533 0.336921
    outer loop
      vertex 23.75 1.57059 1.04944
      vertex 30.85 1.6268 1.20652
      vertex 23.75 1.6268 1.20652
    endloop
  endfacet
  facet normal 0 -0.941533 0.336921
    outer loop
      vertex 30.85 1.6268 1.20652
      vertex 23.75 1.57059 1.04944
      vertex 30.85 1.57059 1.04944
    endloop
  endfacet
  facet normal 0 0.904013 0.427505
    outer loop
      vertex 30.85 -1.49927 0.898625
      vertex 23.75 -1.57059 1.04944
      vertex 30.85 -1.57059 1.04944
    endloop
  endfacet
  facet normal 0 0.904013 0.427505
    outer loop
      vertex 23.75 -1.57059 1.04944
      vertex 30.85 -1.49927 0.898625
      vertex 23.75 -1.49927 0.898625
    endloop
  endfacet
  facet normal -0 0.595689 0.803215
    outer loop
      vertex 23.75 -0.944468 0.286501
      vertex 30.85 -1.07847 0.385881
      vertex 30.85 -0.944468 0.286501
    endloop
  endfacet
  facet normal 0 0.595689 0.803215
    outer loop
      vertex 30.85 -1.07847 0.385881
      vertex 23.75 -0.944468 0.286501
      vertex 23.75 -1.07847 0.385881
    endloop
  endfacet
  facet normal 0 -0.514115 -0.857721
    outer loop
      vertex 23.75 0.801374 3.19927
      vertex 30.85 0.944468 3.1135
      vertex 30.85 0.801374 3.19927
    endloop
  endfacet
  facet normal -0 -0.514115 -0.857721
    outer loop
      vertex 30.85 0.944468 3.1135
      vertex 23.75 0.801374 3.19927
      vertex 23.75 0.944468 3.1135
    endloop
  endfacet
  facet normal 0 -0.42751 -0.904011
    outer loop
      vertex 23.75 0.650561 3.27059
      vertex 30.85 0.801374 3.19927
      vertex 30.85 0.650561 3.27059
    endloop
  endfacet
  facet normal -0 -0.42751 -0.904011
    outer loop
      vertex 30.85 0.801374 3.19927
      vertex 23.75 0.650561 3.27059
      vertex 23.75 0.801374 3.19927
    endloop
  endfacet
  facet normal 0 -0.14673 0.989177
    outer loop
      vertex 23.75 0.331653 0.0326643
      vertex 30.85 0.166629 0.00818539
      vertex 30.85 0.331653 0.0326643
    endloop
  endfacet
  facet normal 0 -0.14673 0.989177
    outer loop
      vertex 30.85 0.166629 0.00818539
      vertex 23.75 0.331653 0.0326643
      vertex 23.75 0.166629 0.00818539
    endloop
  endfacet
  facet normal 0 -0.998794 -0.0490916
    outer loop
      vertex 23.75 1.7 1.7
      vertex 30.85 1.69181 1.86663
      vertex 23.75 1.69181 1.86663
    endloop
  endfacet
  facet normal 0 -0.998794 -0.0490916
    outer loop
      vertex 30.85 1.69181 1.86663
      vertex 23.75 1.7 1.7
      vertex 30.85 1.7 1.7
    endloop
  endfacet
  facet normal 0 -0.941533 -0.336921
    outer loop
      vertex 23.75 1.6268 2.19348
      vertex 30.85 1.57059 2.35056
      vertex 23.75 1.57059 2.35056
    endloop
  endfacet
  facet normal 0 -0.941533 -0.336921
    outer loop
      vertex 30.85 1.57059 2.35056
      vertex 23.75 1.6268 2.19348
      vertex 30.85 1.6268 2.19348
    endloop
  endfacet
  facet normal 0 -0.803211 -0.595695
    outer loop
      vertex 23.75 1.4135 2.64447
      vertex 30.85 1.31412 2.77847
      vertex 23.75 1.31412 2.77847
    endloop
  endfacet
  facet normal 0 -0.803211 -0.595695
    outer loop
      vertex 30.85 1.31412 2.77847
      vertex 23.75 1.4135 2.64447
      vertex 30.85 1.4135 2.64447
    endloop
  endfacet
  facet normal -0 0.0490643 0.998796
    outer loop
      vertex 23.75 0 0
      vertex 30.85 -0.166629 0.00818539
      vertex 30.85 0 0
    endloop
  endfacet
  facet normal 0 0.0490643 0.998796
    outer loop
      vertex 30.85 -0.166629 0.00818539
      vertex 23.75 0 0
      vertex 23.75 -0.166629 0.00818539
    endloop
  endfacet
  facet normal 0 0.904007 -0.427517
    outer loop
      vertex 30.85 -1.57059 2.35056
      vertex 23.75 -1.49927 2.50137
      vertex 30.85 -1.49927 2.50137
    endloop
  endfacet
  facet normal 0 0.904007 -0.427517
    outer loop
      vertex 23.75 -1.49927 2.50137
      vertex 30.85 -1.57059 2.35056
      vertex 23.75 -1.57059 2.35056
    endloop
  endfacet
  facet normal 0 -0.97004 0.242945
    outer loop
      vertex 23.75 1.6268 1.20652
      vertex 30.85 1.66733 1.36835
      vertex 23.75 1.66733 1.36835
    endloop
  endfacet
  facet normal 0 -0.97004 0.242945
    outer loop
      vertex 30.85 1.66733 1.36835
      vertex 23.75 1.6268 1.20652
      vertex 30.85 1.6268 1.20652
    endloop
  endfacet
  facet normal 0 0.97004 0.242945
    outer loop
      vertex 30.85 -1.6268 1.20652
      vertex 23.75 -1.66733 1.36835
      vertex 30.85 -1.66733 1.36835
    endloop
  endfacet
  facet normal 0 0.97004 0.242945
    outer loop
      vertex 23.75 -1.66733 1.36835
      vertex 30.85 -1.6268 1.20652
      vertex 23.75 -1.6268 1.20652
    endloop
  endfacet
  facet normal 0 -0.336889 0.941545
    outer loop
      vertex 23.75 0.650561 0.129404
      vertex 30.85 0.493484 0.0732012
      vertex 30.85 0.650561 0.129404
    endloop
  endfacet
  facet normal 0 -0.336889 0.941545
    outer loop
      vertex 30.85 0.493484 0.0732012
      vertex 23.75 0.650561 0.129404
      vertex 23.75 0.493484 0.0732012
    endloop
  endfacet
  facet normal 0 0.998794 -0.0490916
    outer loop
      vertex 30.85 -1.7 1.7
      vertex 23.75 -1.69181 1.86663
      vertex 30.85 -1.69181 1.86663
    endloop
  endfacet
  facet normal 0 0.998794 -0.0490916
    outer loop
      vertex 23.75 -1.69181 1.86663
      vertex 30.85 -1.7 1.7
      vertex 23.75 -1.7 1.7
    endloop
  endfacet
  facet normal -0 0.67157 0.740941
    outer loop
      vertex 23.75 -1.07847 0.385881
      vertex 30.85 -1.20208 0.497918
      vertex 30.85 -1.07847 0.385881
    endloop
  endfacet
  facet normal 0 0.67157 0.740941
    outer loop
      vertex 30.85 -1.20208 0.497918
      vertex 23.75 -1.07847 0.385881
      vertex 23.75 -1.20208 0.497918
    endloop
  endfacet
  facet normal 0 0.0490918 -0.998794
    outer loop
      vertex 23.75 -0.166629 3.39181
      vertex 30.85 0 3.4
      vertex 30.85 -0.166629 3.39181
    endloop
  endfacet
  facet normal 0 0.0490918 -0.998794
    outer loop
      vertex 30.85 0 3.4
      vertex 23.75 -0.166629 3.39181
      vertex 23.75 0 3.4
    endloop
  endfacet
  facet normal 0 0.803209 0.595698
    outer loop
      vertex 30.85 -1.31412 0.621531
      vertex 23.75 -1.4135 0.75553
      vertex 30.85 -1.4135 0.75553
    endloop
  endfacet
  facet normal 0 0.803209 0.595698
    outer loop
      vertex 23.75 -1.4135 0.75553
      vertex 30.85 -1.31412 0.621531
      vertex 23.75 -1.31412 0.621531
    endloop
  endfacet
  facet normal 0 -0.0490643 0.998796
    outer loop
      vertex 23.75 0.166629 0.00818539
      vertex 30.85 0 0
      vertex 30.85 0.166629 0.00818539
    endloop
  endfacet
  facet normal 0 -0.0490643 0.998796
    outer loop
      vertex 30.85 0 0
      vertex 23.75 0.166629 0.00818539
      vertex 23.75 0 0
    endloop
  endfacet
  facet normal 0 -0.803209 0.595698
    outer loop
      vertex 23.75 1.31412 0.621531
      vertex 30.85 1.4135 0.75553
      vertex 23.75 1.4135 0.75553
    endloop
  endfacet
  facet normal 0 -0.803209 0.595698
    outer loop
      vertex 30.85 1.4135 0.75553
      vertex 23.75 1.31412 0.621531
      vertex 30.85 1.31412 0.621531
    endloop
  endfacet
  facet normal 0 -0.242982 0.970031
    outer loop
      vertex 23.75 0.493484 0.0732012
      vertex 30.85 0.331653 0.0326643
      vertex 30.85 0.493484 0.0732012
    endloop
  endfacet
  facet normal 0 -0.242982 0.970031
    outer loop
      vertex 30.85 0.331653 0.0326643
      vertex 23.75 0.493484 0.0732012
      vertex 23.75 0.331653 0.0326643
    endloop
  endfacet
  facet normal 0 -0.989175 -0.14674
    outer loop
      vertex 23.75 1.69181 1.86663
      vertex 30.85 1.66733 2.03165
      vertex 23.75 1.66733 2.03165
    endloop
  endfacet
  facet normal 0 -0.989175 -0.14674
    outer loop
      vertex 30.85 1.66733 2.03165
      vertex 23.75 1.69181 1.86663
      vertex 30.85 1.69181 1.86663
    endloop
  endfacet
  facet normal 0 -0.989175 0.14674
    outer loop
      vertex 23.75 1.66733 1.36835
      vertex 30.85 1.69181 1.53337
      vertex 23.75 1.69181 1.53337
    endloop
  endfacet
  facet normal 0 -0.989175 0.14674
    outer loop
      vertex 30.85 1.69181 1.53337
      vertex 23.75 1.66733 1.36835
      vertex 30.85 1.66733 1.36835
    endloop
  endfacet
  facet normal 0 -0.857731 -0.514099
    outer loop
      vertex 23.75 1.49927 2.50137
      vertex 30.85 1.4135 2.64447
      vertex 23.75 1.4135 2.64447
    endloop
  endfacet
  facet normal 0 -0.857731 -0.514099
    outer loop
      vertex 30.85 1.4135 2.64447
      vertex 23.75 1.49927 2.50137
      vertex 30.85 1.49927 2.50137
    endloop
  endfacet
  facet normal 0 0.42751 -0.904011
    outer loop
      vertex 23.75 -0.801374 3.19927
      vertex 30.85 -0.650561 3.27059
      vertex 30.85 -0.801374 3.19927
    endloop
  endfacet
  facet normal 0 0.42751 -0.904011
    outer loop
      vertex 30.85 -0.650561 3.27059
      vertex 23.75 -0.801374 3.19927
      vertex 23.75 -0.650561 3.27059
    endloop
  endfacet
  facet normal 0 -0.904007 -0.427517
    outer loop
      vertex 23.75 1.57059 2.35056
      vertex 30.85 1.49927 2.50137
      vertex 23.75 1.49927 2.50137
    endloop
  endfacet
  facet normal 0 -0.904007 -0.427517
    outer loop
      vertex 30.85 1.49927 2.50137
      vertex 23.75 1.57059 2.35056
      vertex 30.85 1.57059 2.35056
    endloop
  endfacet
  facet normal 0 -0.427554 0.90399
    outer loop
      vertex 23.75 0.801374 0.200733
      vertex 30.85 0.650561 0.129404
      vertex 30.85 0.801374 0.200733
    endloop
  endfacet
  facet normal 0 -0.427554 0.90399
    outer loop
      vertex 30.85 0.650561 0.129404
      vertex 23.75 0.801374 0.200733
      vertex 23.75 0.650561 0.129404
    endloop
  endfacet
  facet normal -0 0.336889 0.941545
    outer loop
      vertex 23.75 -0.493484 0.0732012
      vertex 30.85 -0.650561 0.129404
      vertex 30.85 -0.493484 0.0732012
    endloop
  endfacet
  facet normal 0 0.336889 0.941545
    outer loop
      vertex 30.85 -0.650561 0.129404
      vertex 23.75 -0.493484 0.0732012
      vertex 23.75 -0.650561 0.129404
    endloop
  endfacet
  facet normal 0 0.97004 -0.242945
    outer loop
      vertex 30.85 -1.66733 2.03165
      vertex 23.75 -1.6268 2.19348
      vertex 30.85 -1.6268 2.19348
    endloop
  endfacet
  facet normal 0 0.97004 -0.242945
    outer loop
      vertex 23.75 -1.6268 2.19348
      vertex 30.85 -1.66733 2.03165
      vertex 23.75 -1.66733 2.03165
    endloop
  endfacet
  facet normal -0 0.242982 0.970031
    outer loop
      vertex 23.75 -0.331653 0.0326643
      vertex 30.85 -0.493484 0.0732012
      vertex 30.85 -0.331653 0.0326643
    endloop
  endfacet
  facet normal 0 0.242982 0.970031
    outer loop
      vertex 30.85 -0.493484 0.0732012
      vertex 23.75 -0.331653 0.0326643
      vertex 23.75 -0.493484 0.0732012
    endloop
  endfacet
  facet normal 0 0.989175 0.14674
    outer loop
      vertex 30.85 -1.66733 1.36835
      vertex 23.75 -1.69181 1.53337
      vertex 30.85 -1.69181 1.53337
    endloop
  endfacet
  facet normal 0 0.989175 0.14674
    outer loop
      vertex 23.75 -1.69181 1.53337
      vertex 30.85 -1.66733 1.36835
      vertex 23.75 -1.66733 1.36835
    endloop
  endfacet
  facet normal 0 0.941533 0.336921
    outer loop
      vertex 30.85 -1.57059 1.04944
      vertex 23.75 -1.6268 1.20652
      vertex 30.85 -1.6268 1.20652
    endloop
  endfacet
  facet normal 0 0.941533 0.336921
    outer loop
      vertex 23.75 -1.6268 1.20652
      vertex 30.85 -1.57059 1.04944
      vertex 23.75 -1.57059 1.04944
    endloop
  endfacet
  facet normal 0 0.67158 -0.740932
    outer loop
      vertex 23.75 -1.20208 2.90208
      vertex 30.85 -1.07847 3.01412
      vertex 30.85 -1.20208 2.90208
    endloop
  endfacet
  facet normal 0 0.67158 -0.740932
    outer loop
      vertex 30.85 -1.07847 3.01412
      vertex 23.75 -1.20208 2.90208
      vertex 23.75 -1.07847 3.01412
    endloop
  endfacet
  facet normal 0 -0.857723 0.514112
    outer loop
      vertex 23.75 1.4135 0.75553
      vertex 30.85 1.49927 0.898625
      vertex 23.75 1.49927 0.898625
    endloop
  endfacet
  facet normal 0 -0.857723 0.514112
    outer loop
      vertex 30.85 1.49927 0.898625
      vertex 23.75 1.4135 0.75553
      vertex 30.85 1.4135 0.75553
    endloop
  endfacet
  facet normal 0 -0.904013 0.427505
    outer loop
      vertex 23.75 1.49927 0.898625
      vertex 30.85 1.57059 1.04944
      vertex 23.75 1.57059 1.04944
    endloop
  endfacet
  facet normal 0 -0.904013 0.427505
    outer loop
      vertex 30.85 1.57059 1.04944
      vertex 23.75 1.49927 0.898625
      vertex 30.85 1.49927 0.898625
    endloop
  endfacet
  facet normal -0 0.427554 0.90399
    outer loop
      vertex 23.75 -0.650561 0.129404
      vertex 30.85 -0.801374 0.200733
      vertex 30.85 -0.650561 0.129404
    endloop
  endfacet
  facet normal 0 0.427554 0.90399
    outer loop
      vertex 30.85 -0.801374 0.200733
      vertex 23.75 -0.650561 0.129404
      vertex 23.75 -0.801374 0.200733
    endloop
  endfacet
  facet normal 0 0.998794 0.0490916
    outer loop
      vertex 30.85 -1.69181 1.53337
      vertex 23.75 -1.7 1.7
      vertex 30.85 -1.7 1.7
    endloop
  endfacet
  facet normal 0 0.998794 0.0490916
    outer loop
      vertex 23.75 -1.7 1.7
      vertex 30.85 -1.69181 1.53337
      vertex 23.75 -1.69181 1.53337
    endloop
  endfacet
  facet normal 0 -0.0490918 -0.998794
    outer loop
      vertex 23.75 0 3.4
      vertex 30.85 0.166629 3.39181
      vertex 30.85 0 3.4
    endloop
  endfacet
  facet normal -0 -0.0490918 -0.998794
    outer loop
      vertex 30.85 0.166629 3.39181
      vertex 23.75 0 3.4
      vertex 23.75 0.166629 3.39181
    endloop
  endfacet
  facet normal 0 0.336927 -0.941531
    outer loop
      vertex 23.75 -0.650561 3.27059
      vertex 30.85 -0.493484 3.3268
      vertex 30.85 -0.650561 3.27059
    endloop
  endfacet
  facet normal 0 0.336927 -0.941531
    outer loop
      vertex 30.85 -0.493484 3.3268
      vertex 23.75 -0.650561 3.27059
      vertex 23.75 -0.493484 3.3268
    endloop
  endfacet
  facet normal 0 -0.146736 -0.989176
    outer loop
      vertex 23.75 0.166629 3.39181
      vertex 30.85 0.331653 3.36733
      vertex 30.85 0.166629 3.39181
    endloop
  endfacet
  facet normal -0 -0.146736 -0.989176
    outer loop
      vertex 30.85 0.331653 3.36733
      vertex 23.75 0.166629 3.39181
      vertex 23.75 0.331653 3.36733
    endloop
  endfacet
  facet normal 0 -0.740932 -0.67158
    outer loop
      vertex 23.75 1.31412 2.77847
      vertex 30.85 1.20208 2.90208
      vertex 23.75 1.20208 2.90208
    endloop
  endfacet
  facet normal 0 -0.740932 -0.67158
    outer loop
      vertex 30.85 1.20208 2.90208
      vertex 23.75 1.31412 2.77847
      vertex 30.85 1.31412 2.77847
    endloop
  endfacet
  facet normal 0 -0.67157 0.740941
    outer loop
      vertex 23.75 1.20208 0.497918
      vertex 30.85 1.07847 0.385881
      vertex 30.85 1.20208 0.497918
    endloop
  endfacet
  facet normal 0 -0.67157 0.740941
    outer loop
      vertex 30.85 1.07847 0.385881
      vertex 23.75 1.20208 0.497918
      vertex 23.75 1.07847 0.385881
    endloop
  endfacet
  facet normal 0 0.74094 0.671571
    outer loop
      vertex 30.85 -1.20208 0.497918
      vertex 23.75 -1.31412 0.621531
      vertex 30.85 -1.31412 0.621531
    endloop
  endfacet
  facet normal 0 0.74094 0.671571
    outer loop
      vertex 23.75 -1.31412 0.621531
      vertex 30.85 -1.20208 0.497918
      vertex 23.75 -1.20208 0.497918
    endloop
  endfacet
  facet normal 0 -0.242943 -0.970041
    outer loop
      vertex 23.75 0.331653 3.36733
      vertex 30.85 0.493484 3.3268
      vertex 30.85 0.331653 3.36733
    endloop
  endfacet
  facet normal -0 -0.242943 -0.970041
    outer loop
      vertex 30.85 0.493484 3.3268
      vertex 23.75 0.331653 3.36733
      vertex 23.75 0.493484 3.3268
    endloop
  endfacet
  facet normal 0 -0.514106 0.857727
    outer loop
      vertex 23.75 0.944468 0.286501
      vertex 30.85 0.801374 0.200733
      vertex 30.85 0.944468 0.286501
    endloop
  endfacet
  facet normal 0 -0.514106 0.857727
    outer loop
      vertex 30.85 0.801374 0.200733
      vertex 23.75 0.944468 0.286501
      vertex 23.75 0.801374 0.200733
    endloop
  endfacet
  facet normal 0 -0.998794 0.0490916
    outer loop
      vertex 23.75 1.69181 1.53337
      vertex 30.85 1.7 1.7
      vertex 23.75 1.7 1.7
    endloop
  endfacet
  facet normal 0 -0.998794 0.0490916
    outer loop
      vertex 30.85 1.7 1.7
      vertex 23.75 1.69181 1.53337
      vertex 30.85 1.69181 1.53337
    endloop
  endfacet
  facet normal 0 0.803211 -0.595695
    outer loop
      vertex 30.85 -1.4135 2.64447
      vertex 23.75 -1.31412 2.77847
      vertex 30.85 -1.31412 2.77847
    endloop
  endfacet
  facet normal 0 0.803211 -0.595695
    outer loop
      vertex 23.75 -1.31412 2.77847
      vertex 30.85 -1.4135 2.64447
      vertex 23.75 -1.4135 2.64447
    endloop
  endfacet
  facet normal 0 -0.595689 0.803215
    outer loop
      vertex 23.75 1.07847 0.385881
      vertex 30.85 0.944468 0.286501
      vertex 30.85 1.07847 0.385881
    endloop
  endfacet
  facet normal 0 -0.595689 0.803215
    outer loop
      vertex 30.85 0.944468 0.286501
      vertex 23.75 1.07847 0.385881
      vertex 23.75 0.944468 0.286501
    endloop
  endfacet
  facet normal 0 0.595689 -0.803215
    outer loop
      vertex 23.75 -1.07847 3.01412
      vertex 30.85 -0.944468 3.1135
      vertex 30.85 -1.07847 3.01412
    endloop
  endfacet
  facet normal 0 0.595689 -0.803215
    outer loop
      vertex 30.85 -0.944468 3.1135
      vertex 23.75 -1.07847 3.01412
      vertex 23.75 -0.944468 3.1135
    endloop
  endfacet
  facet normal 0 -0.336927 -0.941531
    outer loop
      vertex 23.75 0.493484 3.3268
      vertex 30.85 0.650561 3.27059
      vertex 30.85 0.493484 3.3268
    endloop
  endfacet
  facet normal -0 -0.336927 -0.941531
    outer loop
      vertex 30.85 0.650561 3.27059
      vertex 23.75 0.493484 3.3268
      vertex 23.75 0.650561 3.27059
    endloop
  endfacet
  facet normal 0 0.514115 -0.857721
    outer loop
      vertex 23.75 -0.944468 3.1135
      vertex 30.85 -0.801374 3.19927
      vertex 30.85 -0.944468 3.1135
    endloop
  endfacet
  facet normal 0 0.514115 -0.857721
    outer loop
      vertex 30.85 -0.801374 3.19927
      vertex 23.75 -0.944468 3.1135
      vertex 23.75 -0.801374 3.19927
    endloop
  endfacet
  facet normal 0 -0.97004 -0.242945
    outer loop
      vertex 23.75 1.66733 2.03165
      vertex 30.85 1.6268 2.19348
      vertex 23.75 1.6268 2.19348
    endloop
  endfacet
  facet normal 0 -0.97004 -0.242945
    outer loop
      vertex 30.85 1.6268 2.19348
      vertex 23.75 1.66733 2.03165
      vertex 30.85 1.66733 2.03165
    endloop
  endfacet
  facet normal 0 0.242943 -0.970041
    outer loop
      vertex 23.75 -0.493484 3.3268
      vertex 30.85 -0.331653 3.36733
      vertex 30.85 -0.493484 3.3268
    endloop
  endfacet
  facet normal 0 0.242943 -0.970041
    outer loop
      vertex 30.85 -0.331653 3.36733
      vertex 23.75 -0.493484 3.3268
      vertex 23.75 -0.331653 3.36733
    endloop
  endfacet
  facet normal 0 0.146736 -0.989176
    outer loop
      vertex 23.75 -0.331653 3.36733
      vertex 30.85 -0.166629 3.39181
      vertex 30.85 -0.331653 3.36733
    endloop
  endfacet
  facet normal 0 0.146736 -0.989176
    outer loop
      vertex 30.85 -0.166629 3.39181
      vertex 23.75 -0.331653 3.36733
      vertex 23.75 -0.166629 3.39181
    endloop
  endfacet
  facet normal 0 -0.74094 0.671571
    outer loop
      vertex 23.75 1.20208 0.497918
      vertex 30.85 1.31412 0.621531
      vertex 23.75 1.31412 0.621531
    endloop
  endfacet
  facet normal 0 -0.74094 0.671571
    outer loop
      vertex 30.85 1.31412 0.621531
      vertex 23.75 1.20208 0.497918
      vertex 30.85 1.20208 0.497918
    endloop
  endfacet
  facet normal 0 -0.67158 -0.740932
    outer loop
      vertex 23.75 1.07847 3.01412
      vertex 30.85 1.20208 2.90208
      vertex 30.85 1.07847 3.01412
    endloop
  endfacet
  facet normal -0 -0.67158 -0.740932
    outer loop
      vertex 30.85 1.20208 2.90208
      vertex 23.75 1.07847 3.01412
      vertex 23.75 1.20208 2.90208
    endloop
  endfacet
  facet normal 0 0.740932 -0.67158
    outer loop
      vertex 30.85 -1.31412 2.77847
      vertex 23.75 -1.20208 2.90208
      vertex 30.85 -1.20208 2.90208
    endloop
  endfacet
  facet normal 0 0.740932 -0.67158
    outer loop
      vertex 23.75 -1.20208 2.90208
      vertex 30.85 -1.31412 2.77847
      vertex 23.75 -1.31412 2.77847
    endloop
  endfacet
  facet normal -0 0.514106 0.857727
    outer loop
      vertex 23.75 -0.801374 0.200733
      vertex 30.85 -0.944468 0.286501
      vertex 30.85 -0.801374 0.200733
    endloop
  endfacet
  facet normal 0 0.514106 0.857727
    outer loop
      vertex 30.85 -0.944468 0.286501
      vertex 23.75 -0.801374 0.200733
      vertex 23.75 -0.944468 0.286501
    endloop
  endfacet
  facet normal 0 0.857723 0.514112
    outer loop
      vertex 30.85 -1.4135 0.75553
      vertex 23.75 -1.49927 0.898625
      vertex 30.85 -1.49927 0.898625
    endloop
  endfacet
  facet normal 0 0.857723 0.514112
    outer loop
      vertex 23.75 -1.49927 0.898625
      vertex 30.85 -1.4135 0.75553
      vertex 23.75 -1.4135 0.75553
    endloop
  endfacet
  facet normal 0 0.941533 -0.336921
    outer loop
      vertex 30.85 -1.6268 2.19348
      vertex 23.75 -1.57059 2.35056
      vertex 30.85 -1.57059 2.35056
    endloop
  endfacet
  facet normal 0 0.941533 -0.336921
    outer loop
      vertex 23.75 -1.57059 2.35056
      vertex 30.85 -1.6268 2.19348
      vertex 23.75 -1.6268 2.19348
    endloop
  endfacet
  facet normal 0 0.989175 -0.14674
    outer loop
      vertex 30.85 -1.69181 1.86663
      vertex 23.75 -1.66733 2.03165
      vertex 30.85 -1.66733 2.03165
    endloop
  endfacet
  facet normal 0 0.989175 -0.14674
    outer loop
      vertex 23.75 -1.66733 2.03165
      vertex 30.85 -1.69181 1.86663
      vertex 23.75 -1.69181 1.86663
    endloop
  endfacet
  facet normal 0 0.857731 -0.514099
    outer loop
      vertex 30.85 -1.49927 2.50137
      vertex 23.75 -1.4135 2.64447
      vertex 30.85 -1.4135 2.64447
    endloop
  endfacet
  facet normal 0 0.857731 -0.514099
    outer loop
      vertex 23.75 -1.4135 2.64447
      vertex 30.85 -1.49927 2.50137
      vertex 23.75 -1.49927 2.50137
    endloop
  endfacet
  facet normal 0 -0.146736 0.989176
    outer loop
      vertex 30.85 0.565762 -1.14428
      vertex 33.7476 0.284249 -1.18604
      vertex 33.7476 0.565762 -1.14428
    endloop
  endfacet
  facet normal 0 -0.146736 0.989176
    outer loop
      vertex 33.7476 0.284249 -1.18604
      vertex 30.85 0.565762 -1.14428
      vertex 30.85 0.284249 -1.18604
    endloop
  endfacet
  facet normal -0 0.336903 0.941539
    outer loop
      vertex 30.85 -0.841825 -1.07513
      vertex 33.7476 -1.10978 -0.97925
      vertex 33.7476 -0.841825 -1.07513
    endloop
  endfacet
  facet normal 0 0.336903 0.941539
    outer loop
      vertex 33.7476 -1.10978 -0.97925
      vertex 30.85 -0.841825 -1.07513
      vertex 30.85 -1.10978 -0.97925
    endloop
  endfacet
  facet normal 0 -0.740952 0.671558
    outer loop
      vertex 30.85 2.05061 -0.350609
      vertex 33.7476 2.24173 -0.13974
      vertex 30.85 2.24173 -0.13974
    endloop
  endfacet
  facet normal 0 -0.740952 0.671558
    outer loop
      vertex 33.7476 2.24173 -0.13974
      vertex 30.85 2.05061 -0.350609
      vertex 33.7476 2.05061 -0.350609
    endloop
  endfacet
  facet normal 0 -0.740954 -0.671556
    outer loop
      vertex 30.85 2.24173 3.53974
      vertex 33.7476 2.05061 3.75061
      vertex 30.85 2.05061 3.75061
    endloop
  endfacet
  facet normal 0 -0.740954 -0.671556
    outer loop
      vertex 33.7476 2.05061 3.75061
      vertex 30.85 2.24173 3.53974
      vertex 33.7476 2.24173 3.53974
    endloop
  endfacet
  facet normal 0 0.970032 0.242977
    outer loop
      vertex 33.7476 -2.77513 0.858174
      vertex 30.85 -2.84428 1.13424
      vertex 33.7476 -2.84428 1.13424
    endloop
  endfacet
  facet normal 0 0.970032 0.242977
    outer loop
      vertex 30.85 -2.84428 1.13424
      vertex 33.7476 -2.77513 0.858174
      vertex 30.85 -2.77513 0.858174
    endloop
  endfacet
  facet normal 0 -0.857728 0.514104
    outer loop
      vertex 30.85 2.41126 0.0888462
      vertex 33.7476 2.55757 0.332949
      vertex 30.85 2.55757 0.332949
    endloop
  endfacet
  facet normal 0 -0.857728 0.514104
    outer loop
      vertex 33.7476 2.55757 0.332949
      vertex 30.85 2.41126 0.0888462
      vertex 33.7476 2.41126 0.0888462
    endloop
  endfacet
  facet normal 0 -0.941537 -0.336908
    outer loop
      vertex 30.85 2.77513 2.54183
      vertex 33.7476 2.67925 2.80978
      vertex 30.85 2.67925 2.80978
    endloop
  endfacet
  facet normal 0 -0.941537 -0.336908
    outer loop
      vertex 33.7476 2.67925 2.80978
      vertex 30.85 2.77513 2.54183
      vertex 33.7476 2.77513 2.54183
    endloop
  endfacet
  facet normal 0 0.857728 0.514104
    outer loop
      vertex 33.7476 -2.41126 0.0888462
      vertex 30.85 -2.55757 0.332949
      vertex 33.7476 -2.55757 0.332949
    endloop
  endfacet
  facet normal 0 0.857728 0.514104
    outer loop
      vertex 30.85 -2.55757 0.332949
      vertex 33.7476 -2.41126 0.0888462
      vertex 30.85 -2.41126 0.0888462
    endloop
  endfacet
  facet normal -0 0.671558 0.740952
    outer loop
      vertex 30.85 -1.83974 -0.54173
      vertex 33.7476 -2.05061 -0.350609
      vertex 33.7476 -1.83974 -0.54173
    endloop
  endfacet
  facet normal 0 0.671558 0.740952
    outer loop
      vertex 33.7476 -2.05061 -0.350609
      vertex 30.85 -1.83974 -0.54173
      vertex 30.85 -2.05061 -0.350609
    endloop
  endfacet
  facet normal -0 0.146736 0.989176
    outer loop
      vertex 30.85 -0.284249 -1.18604
      vertex 33.7476 -0.565762 -1.14428
      vertex 33.7476 -0.284249 -1.18604
    endloop
  endfacet
  facet normal 0 0.146736 0.989176
    outer loop
      vertex 33.7476 -0.565762 -1.14428
      vertex 30.85 -0.284249 -1.18604
      vertex 30.85 -0.565762 -1.14428
    endloop
  endfacet
  facet normal 0 0.989181 0.146703
    outer loop
      vertex 33.7476 -2.84428 1.13424
      vertex 30.85 -2.88603 1.41575
      vertex 33.7476 -2.88603 1.41575
    endloop
  endfacet
  facet normal 0 0.989181 0.146703
    outer loop
      vertex 30.85 -2.88603 1.41575
      vertex 33.7476 -2.84428 1.13424
      vertex 30.85 -2.84428 1.13424
    endloop
  endfacet
  facet normal 0 -0.970033 -0.242974
    outer loop
      vertex 30.85 2.84428 2.26576
      vertex 33.7476 2.77513 2.54183
      vertex 30.85 2.77513 2.54183
    endloop
  endfacet
  facet normal 0 -0.970033 -0.242974
    outer loop
      vertex 33.7476 2.77513 2.54183
      vertex 30.85 2.84428 2.26576
      vertex 33.7476 2.84428 2.26576
    endloop
  endfacet
  facet normal 0 -0.803214 -0.59569
    outer loop
      vertex 30.85 2.41126 3.31115
      vertex 33.7476 2.24173 3.53974
      vertex 30.85 2.24173 3.53974
    endloop
  endfacet
  facet normal 0 -0.803214 -0.59569
    outer loop
      vertex 33.7476 2.24173 3.53974
      vertex 30.85 2.41126 3.31115
      vertex 33.7476 2.41126 3.31115
    endloop
  endfacet
  facet normal 0 -0.94154 0.336902
    outer loop
      vertex 30.85 2.67925 0.590218
      vertex 33.7476 2.77513 0.858174
      vertex 30.85 2.77513 0.858174
    endloop
  endfacet
  facet normal 0 -0.94154 0.336902
    outer loop
      vertex 33.7476 2.77513 0.858174
      vertex 30.85 2.67925 0.590218
      vertex 33.7476 2.67925 0.590218
    endloop
  endfacet
  facet normal 0 -0.595695 0.803211
    outer loop
      vertex 30.85 1.83974 -0.54173
      vertex 33.7476 1.61115 -0.711262
      vertex 33.7476 1.83974 -0.54173
    endloop
  endfacet
  facet normal 0 -0.595695 0.803211
    outer loop
      vertex 33.7476 1.61115 -0.711262
      vertex 30.85 1.83974 -0.54173
      vertex 30.85 1.61115 -0.711262
    endloop
  endfacet
  facet normal 0 0.903989 -0.427556
    outer loop
      vertex 33.7476 -2.67925 2.80978
      vertex 30.85 -2.55757 3.06705
      vertex 33.7476 -2.55757 3.06705
    endloop
  endfacet
  facet normal 0 0.903989 -0.427556
    outer loop
      vertex 30.85 -2.55757 3.06705
      vertex 33.7476 -2.67925 2.80978
      vertex 30.85 -2.67925 2.80978
    endloop
  endfacet
  facet normal 0 -0.0490527 0.998796
    outer loop
      vertex 30.85 0.284249 -1.18604
      vertex 33.7476 0 -1.2
      vertex 33.7476 0.284249 -1.18604
    endloop
  endfacet
  facet normal 0 -0.0490527 0.998796
    outer loop
      vertex 33.7476 0 -1.2
      vertex 30.85 0.284249 -1.18604
      vertex 30.85 0 -1.2
    endloop
  endfacet
  facet normal 0 0.24298 -0.970031
    outer loop
      vertex 30.85 -0.841825 4.47513
      vertex 33.7476 -0.565762 4.54428
      vertex 33.7476 -0.841825 4.47513
    endloop
  endfacet
  facet normal 0 0.24298 -0.970031
    outer loop
      vertex 33.7476 -0.565762 4.54428
      vertex 30.85 -0.841825 4.47513
      vertex 30.85 -0.565762 4.54428
    endloop
  endfacet
  facet normal 0 -0.989181 -0.146703
    outer loop
      vertex 30.85 2.88603 1.98425
      vertex 33.7476 2.84428 2.26576
      vertex 30.85 2.84428 2.26576
    endloop
  endfacet
  facet normal 0 -0.989181 -0.146703
    outer loop
      vertex 33.7476 2.84428 2.26576
      vertex 30.85 2.88603 1.98425
      vertex 33.7476 2.88603 1.98425
    endloop
  endfacet
  facet normal 0 -0.998794 -0.0490876
    outer loop
      vertex 30.85 2.9 1.7
      vertex 33.7476 2.88603 1.98425
      vertex 30.85 2.88603 1.98425
    endloop
  endfacet
  facet normal 0 -0.998794 -0.0490876
    outer loop
      vertex 33.7476 2.88603 1.98425
      vertex 30.85 2.9 1.7
      vertex 33.7476 2.9 1.7
    endloop
  endfacet
  facet normal 0 -0.42755 0.903992
    outer loop
      vertex 30.85 1.36705 -0.857572
      vertex 33.7476 1.10978 -0.97925
      vertex 33.7476 1.36705 -0.857572
    endloop
  endfacet
  facet normal 0 -0.42755 0.903992
    outer loop
      vertex 33.7476 1.10978 -0.97925
      vertex 30.85 1.36705 -0.857572
      vertex 30.85 1.10978 -0.97925
    endloop
  endfacet
  facet normal -0 0.0490527 0.998796
    outer loop
      vertex 30.85 0 -1.2
      vertex 33.7476 -0.284249 -1.18604
      vertex 33.7476 0 -1.2
    endloop
  endfacet
  facet normal 0 0.0490527 0.998796
    outer loop
      vertex 33.7476 -0.284249 -1.18604
      vertex 30.85 0 -1.2
      vertex 30.85 -0.284249 -1.18604
    endloop
  endfacet
  facet normal 0 -0.514108 0.857725
    outer loop
      vertex 30.85 1.61115 -0.711262
      vertex 33.7476 1.36705 -0.857572
      vertex 33.7476 1.61115 -0.711262
    endloop
  endfacet
  facet normal 0 -0.514108 0.857725
    outer loop
      vertex 33.7476 1.36705 -0.857572
      vertex 30.85 1.61115 -0.711262
      vertex 30.85 1.36705 -0.857572
    endloop
  endfacet
  facet normal 0 -0.24298 0.970031
    outer loop
      vertex 30.85 0.841825 -1.07513
      vertex 33.7476 0.565762 -1.14428
      vertex 33.7476 0.841825 -1.07513
    endloop
  endfacet
  facet normal 0 -0.24298 0.970031
    outer loop
      vertex 33.7476 0.565762 -1.14428
      vertex 30.85 0.841825 -1.07513
      vertex 30.85 0.565762 -1.14428
    endloop
  endfacet
  facet normal 0 -0.146701 -0.989181
    outer loop
      vertex 30.85 0.284249 4.58603
      vertex 33.7476 0.565762 4.54428
      vertex 33.7476 0.284249 4.58603
    endloop
  endfacet
  facet normal -0 -0.146701 -0.989181
    outer loop
      vertex 33.7476 0.565762 4.54428
      vertex 30.85 0.284249 4.58603
      vertex 30.85 0.565762 4.54428
    endloop
  endfacet
  facet normal 0 -0.989181 0.146703
    outer loop
      vertex 30.85 2.84428 1.13424
      vertex 33.7476 2.88603 1.41575
      vertex 30.85 2.88603 1.41575
    endloop
  endfacet
  facet normal 0 -0.989181 0.146703
    outer loop
      vertex 33.7476 2.88603 1.41575
      vertex 30.85 2.84428 1.13424
      vertex 33.7476 2.84428 1.13424
    endloop
  endfacet
  facet normal 0 -0.671558 0.740952
    outer loop
      vertex 30.85 2.05061 -0.350609
      vertex 33.7476 1.83974 -0.54173
      vertex 33.7476 2.05061 -0.350609
    endloop
  endfacet
  facet normal 0 -0.671558 0.740952
    outer loop
      vertex 33.7476 1.83974 -0.54173
      vertex 30.85 2.05061 -0.350609
      vertex 30.85 1.83974 -0.54173
    endloop
  endfacet
  facet normal 0 0.998794 0.0490876
    outer loop
      vertex 33.7476 -2.88603 1.41575
      vertex 30.85 -2.9 1.7
      vertex 33.7476 -2.9 1.7
    endloop
  endfacet
  facet normal 0 0.998794 0.0490876
    outer loop
      vertex 30.85 -2.9 1.7
      vertex 33.7476 -2.88603 1.41575
      vertex 30.85 -2.88603 1.41575
    endloop
  endfacet
  facet normal 0 -0.24298 -0.970031
    outer loop
      vertex 30.85 0.565762 4.54428
      vertex 33.7476 0.841825 4.47513
      vertex 33.7476 0.565762 4.54428
    endloop
  endfacet
  facet normal -0 -0.24298 -0.970031
    outer loop
      vertex 33.7476 0.841825 4.47513
      vertex 30.85 0.565762 4.54428
      vertex 30.85 0.841825 4.47513
    endloop
  endfacet
  facet normal 0 0.59569 -0.803214
    outer loop
      vertex 30.85 -1.83974 3.94173
      vertex 33.7476 -1.61115 4.11126
      vertex 33.7476 -1.83974 3.94173
    endloop
  endfacet
  facet normal 0 0.59569 -0.803214
    outer loop
      vertex 33.7476 -1.61115 4.11126
      vertex 30.85 -1.83974 3.94173
      vertex 30.85 -1.61115 4.11126
    endloop
  endfacet
  facet normal -0 0.514108 0.857725
    outer loop
      vertex 30.85 -1.36705 -0.857572
      vertex 33.7476 -1.61115 -0.711262
      vertex 33.7476 -1.36705 -0.857572
    endloop
  endfacet
  facet normal 0 0.514108 0.857725
    outer loop
      vertex 33.7476 -1.61115 -0.711262
      vertex 30.85 -1.36705 -0.857572
      vertex 30.85 -1.61115 -0.711262
    endloop
  endfacet
  facet normal 0 -0.903988 0.427557
    outer loop
      vertex 30.85 2.55757 0.332949
      vertex 33.7476 2.67925 0.590218
      vertex 30.85 2.67925 0.590218
    endloop
  endfacet
  facet normal 0 -0.903988 0.427557
    outer loop
      vertex 33.7476 2.67925 0.590218
      vertex 30.85 2.55757 0.332949
      vertex 33.7476 2.55757 0.332949
    endloop
  endfacet
  facet normal 0 -0.336903 0.941539
    outer loop
      vertex 30.85 1.10978 -0.97925
      vertex 33.7476 0.841825 -1.07513
      vertex 33.7476 1.10978 -0.97925
    endloop
  endfacet
  facet normal 0 -0.336903 0.941539
    outer loop
      vertex 33.7476 0.841825 -1.07513
      vertex 30.85 1.10978 -0.97925
      vertex 30.85 0.841825 -1.07513
    endloop
  endfacet
  facet normal 0 0.803209 0.595697
    outer loop
      vertex 33.7476 -2.24173 -0.13974
      vertex 30.85 -2.41126 0.0888462
      vertex 33.7476 -2.41126 0.0888462
    endloop
  endfacet
  facet normal 0 0.803209 0.595697
    outer loop
      vertex 30.85 -2.41126 0.0888462
      vertex 33.7476 -2.24173 -0.13974
      vertex 30.85 -2.24173 -0.13974
    endloop
  endfacet
  facet normal 0 0.989181 -0.146703
    outer loop
      vertex 33.7476 -2.88603 1.98425
      vertex 30.85 -2.84428 2.26576
      vertex 33.7476 -2.84428 2.26576
    endloop
  endfacet
  facet normal 0 0.989181 -0.146703
    outer loop
      vertex 30.85 -2.84428 2.26576
      vertex 33.7476 -2.88603 1.98425
      vertex 30.85 -2.88603 1.98425
    endloop
  endfacet
  facet normal 0 0.0490878 -0.998794
    outer loop
      vertex 30.85 -0.284249 4.58603
      vertex 33.7476 0 4.6
      vertex 33.7476 -0.284249 4.58603
    endloop
  endfacet
  facet normal 0 0.0490878 -0.998794
    outer loop
      vertex 33.7476 0 4.6
      vertex 30.85 -0.284249 4.58603
      vertex 30.85 0 4.6
    endloop
  endfacet
  facet normal 0 -0.427556 -0.903989
    outer loop
      vertex 30.85 1.10978 4.37925
      vertex 33.7476 1.36705 4.25757
      vertex 33.7476 1.10978 4.37925
    endloop
  endfacet
  facet normal -0 -0.427556 -0.903989
    outer loop
      vertex 33.7476 1.36705 4.25757
      vertex 30.85 1.10978 4.37925
      vertex 30.85 1.36705 4.25757
    endloop
  endfacet
  facet normal 0 -0.336903 -0.941539
    outer loop
      vertex 30.85 0.841825 4.47513
      vertex 33.7476 1.10978 4.37925
      vertex 33.7476 0.841825 4.47513
    endloop
  endfacet
  facet normal -0 -0.336903 -0.941539
    outer loop
      vertex 33.7476 1.10978 4.37925
      vertex 30.85 0.841825 4.47513
      vertex 30.85 1.10978 4.37925
    endloop
  endfacet
  facet normal 0 -0.998794 0.0490876
    outer loop
      vertex 30.85 2.88603 1.41575
      vertex 33.7476 2.9 1.7
      vertex 30.85 2.9 1.7
    endloop
  endfacet
  facet normal 0 -0.998794 0.0490876
    outer loop
      vertex 33.7476 2.9 1.7
      vertex 30.85 2.88603 1.41575
      vertex 33.7476 2.88603 1.41575
    endloop
  endfacet
  facet normal 0 0.857725 -0.514108
    outer loop
      vertex 33.7476 -2.55757 3.06705
      vertex 30.85 -2.41126 3.31115
      vertex 33.7476 -2.41126 3.31115
    endloop
  endfacet
  facet normal 0 0.857725 -0.514108
    outer loop
      vertex 30.85 -2.41126 3.31115
      vertex 33.7476 -2.55757 3.06705
      vertex 30.85 -2.55757 3.06705
    endloop
  endfacet
  facet normal 0 0.427556 -0.903989
    outer loop
      vertex 30.85 -1.36705 4.25757
      vertex 33.7476 -1.10978 4.37925
      vertex 33.7476 -1.36705 4.25757
    endloop
  endfacet
  facet normal 0 0.427556 -0.903989
    outer loop
      vertex 33.7476 -1.10978 4.37925
      vertex 30.85 -1.36705 4.25757
      vertex 30.85 -1.10978 4.37925
    endloop
  endfacet
  facet normal -0 0.42755 0.903992
    outer loop
      vertex 30.85 -1.10978 -0.97925
      vertex 33.7476 -1.36705 -0.857572
      vertex 33.7476 -1.10978 -0.97925
    endloop
  endfacet
  facet normal 0 0.42755 0.903992
    outer loop
      vertex 33.7476 -1.36705 -0.857572
      vertex 30.85 -1.10978 -0.97925
      vertex 30.85 -1.36705 -0.857572
    endloop
  endfacet
  facet normal 0 0.998794 -0.0490876
    outer loop
      vertex 33.7476 -2.9 1.7
      vertex 30.85 -2.88603 1.98425
      vertex 33.7476 -2.88603 1.98425
    endloop
  endfacet
  facet normal 0 0.998794 -0.0490876
    outer loop
      vertex 30.85 -2.88603 1.98425
      vertex 33.7476 -2.9 1.7
      vertex 30.85 -2.9 1.7
    endloop
  endfacet
  facet normal 0 -0.0490878 -0.998794
    outer loop
      vertex 30.85 0 4.6
      vertex 33.7476 0.284249 4.58603
      vertex 33.7476 0 4.6
    endloop
  endfacet
  facet normal -0 -0.0490878 -0.998794
    outer loop
      vertex 33.7476 0.284249 4.58603
      vertex 30.85 0 4.6
      vertex 30.85 0.284249 4.58603
    endloop
  endfacet
  facet normal 0 -0.803209 0.595697
    outer loop
      vertex 30.85 2.24173 -0.13974
      vertex 33.7476 2.41126 0.0888462
      vertex 30.85 2.41126 0.0888462
    endloop
  endfacet
  facet normal 0 -0.803209 0.595697
    outer loop
      vertex 33.7476 2.41126 0.0888462
      vertex 30.85 2.24173 -0.13974
      vertex 33.7476 2.24173 -0.13974
    endloop
  endfacet
  facet normal 1 0 0
    outer loop
      vertex 30.85 1.7 1.7
      vertex 30.85 2.9 1.7
      vertex 30.85 2.88603 1.98425
    endloop
  endfacet
  facet normal 1 0 0
    outer loop
      vertex 30.85 1.69181 1.86663
      vertex 30.85 2.88603 1.98425
      vertex 30.85 2.84428 2.26576
    endloop
  endfacet
  facet normal 1 0 0
    outer loop
      vertex 30.85 2.9 1.7
      vertex 30.85 1.7 1.7
      vertex 30.85 2.88603 1.41575
    endloop
  endfacet
  facet normal 1 0 0
    outer loop
      vertex 30.85 1.66733 2.03165
      vertex 30.85 2.84428 2.26576
      vertex 30.85 2.77513 2.54183
    endloop
  endfacet
  facet normal 1 -0 0
    outer loop
      vertex 30.85 1.69181 1.53337
      vertex 30.85 2.88603 1.41575
      vertex 30.85 1.7 1.7
    endloop
  endfacet
  facet normal 1 0 0
    outer loop
      vertex 30.85 1.6268 2.19348
      vertex 30.85 2.77513 2.54183
      vertex 30.85 2.67925 2.80978
    endloop
  endfacet
  facet normal 1 0 0
    outer loop
      vertex 30.85 2.88603 1.41575
      vertex 30.85 1.69181 1.53337
      vertex 30.85 2.84428 1.13424
    endloop
  endfacet
  facet normal 1 0 0
    outer loop
      vertex 30.85 1.57059 2.35056
      vertex 30.85 2.67925 2.80978
      vertex 30.85 2.55757 3.06705
    endloop
  endfacet
  facet normal 1 -0 0
    outer loop
      vertex 30.85 1.66733 1.36835
      vertex 30.85 2.84428 1.13424
      vertex 30.85 1.69181 1.53337
    endloop
  endfacet
  facet normal 1 0 0
    outer loop
      vertex 30.85 1.49927 2.50137
      vertex 30.85 2.55757 3.06705
      vertex 30.85 2.41126 3.31115
    endloop
  endfacet
  facet normal 1 0 0
    outer loop
      vertex 30.85 2.84428 1.13424
      vertex 30.85 1.66733 1.36835
      vertex 30.85 2.77513 0.858174
    endloop
  endfacet
  facet normal 1 0 0
    outer loop
      vertex 30.85 1.4135 2.64447
      vertex 30.85 2.41126 3.31115
      vertex 30.85 2.24173 3.53974
    endloop
  endfacet
  facet normal 1 -0 0
    outer loop
      vertex 30.85 1.6268 1.20652
      vertex 30.85 2.77513 0.858174
      vertex 30.85 1.66733 1.36835
    endloop
  endfacet
  facet normal 1 0 0
    outer loop
      vertex 30.85 1.31412 2.77847
      vertex 30.85 2.24173 3.53974
      vertex 30.85 2.05061 3.75061
    endloop
  endfacet
  facet normal 1 0 0
    outer loop
      vertex 30.85 2.77513 0.858174
      vertex 30.85 1.6268 1.20652
      vertex 30.85 2.67925 0.590218
    endloop
  endfacet
  facet normal 1 0 0
    outer loop
      vertex 30.85 1.20208 2.90208
      vertex 30.85 2.05061 3.75061
      vertex 30.85 1.83974 3.94173
    endloop
  endfacet
  facet normal 1 -0 0
    outer loop
      vertex 30.85 1.57059 1.04944
      vertex 30.85 2.67925 0.590218
      vertex 30.85 1.6268 1.20652
    endloop
  endfacet
  facet normal 1 0 0
    outer loop
      vertex 30.85 2.67925 0.590218
      vertex 30.85 1.57059 1.04944
      vertex 30.85 2.55757 0.332949
    endloop
  endfacet
  facet normal 1 0 0
    outer loop
      vertex 30.85 2.88603 1.98425
      vertex 30.85 1.69181 1.86663
      vertex 30.85 1.7 1.7
    endloop
  endfacet
  facet normal 1 0 0
    outer loop
      vertex 30.85 2.84428 2.26576
      vertex 30.85 1.66733 2.03165
      vertex 30.85 1.69181 1.86663
    endloop
  endfacet
  facet normal 1 0 0
    outer loop
      vertex 30.85 2.77513 2.54183
      vertex 30.85 1.6268 2.19348
      vertex 30.85 1.66733 2.03165
    endloop
  endfacet
  facet normal 1 0 0
    outer loop
      vertex 30.85 1.07847 3.01412
      vertex 30.85 1.83974 3.94173
      vertex 30.85 1.61115 4.11126
    endloop
  endfacet
  facet normal 1 0 0
    outer loop
      vertex 30.85 2.67925 2.80978
      vertex 30.85 1.57059 2.35056
      vertex 30.85 1.6268 2.19348
    endloop
  endfacet
  facet normal 1 0 0
    outer loop
      vertex 30.85 2.55757 3.06705
      vertex 30.85 1.49927 2.50137
      vertex 30.85 1.57059 2.35056
    endloop
  endfacet
  facet normal 1 0 0
    outer loop
      vertex 30.85 2.41126 3.31115
      vertex 30.85 1.4135 2.64447
      vertex 30.85 1.49927 2.50137
    endloop
  endfacet
  facet normal 1 0 0
    outer loop
      vertex 30.85 0.944468 3.1135
      vertex 30.85 1.61115 4.11126
      vertex 30.85 1.36705 4.25757
    endloop
  endfacet
  facet normal 1 0 0
    outer loop
      vertex 30.85 2.24173 3.53974
      vertex 30.85 1.31412 2.77847
      vertex 30.85 1.4135 2.64447
    endloop
  endfacet
  facet normal 1 0 0
    outer loop
      vertex 30.85 2.05061 3.75061
      vertex 30.85 1.20208 2.90208
      vertex 30.85 1.31412 2.77847
    endloop
  endfacet
  facet normal 1 0 0
    outer loop
      vertex 30.85 0.801374 3.19927
      vertex 30.85 1.36705 4.25757
      vertex 30.85 1.10978 4.37925
    endloop
  endfacet
  facet normal 1 0 0
    outer loop
      vertex 30.85 1.83974 3.94173
      vertex 30.85 1.07847 3.01412
      vertex 30.85 1.20208 2.90208
    endloop
  endfacet
  facet normal 1 0 0
    outer loop
      vertex 30.85 1.61115 4.11126
      vertex 30.85 0.944468 3.1135
      vertex 30.85 1.07847 3.01412
    endloop
  endfacet
  facet normal 1 0 0
    outer loop
      vertex 30.85 0.650561 3.27059
      vertex 30.85 1.10978 4.37925
      vertex 30.85 0.841825 4.47513
    endloop
  endfacet
  facet normal 1 0 0
    outer loop
      vertex 30.85 1.36705 4.25757
      vertex 30.85 0.801374 3.19927
      vertex 30.85 0.944468 3.1135
    endloop
  endfacet
  facet normal 1 0 0
    outer loop
      vertex 30.85 1.10978 4.37925
      vertex 30.85 0.650561 3.27059
      vertex 30.85 0.801374 3.19927
    endloop
  endfacet
  facet normal 1 0 0
    outer loop
      vertex 30.85 0.493484 3.3268
      vertex 30.85 0.841825 4.47513
      vertex 30.85 0.565762 4.54428
    endloop
  endfacet
  facet normal 1 0 0
    outer loop
      vertex 30.85 0.841825 4.47513
      vertex 30.85 0.493484 3.3268
      vertex 30.85 0.650561 3.27059
    endloop
  endfacet
  facet normal 1 0 0
    outer loop
      vertex 30.85 0.565762 4.54428
      vertex 30.85 0.331653 3.36733
      vertex 30.85 0.493484 3.3268
    endloop
  endfacet
  facet normal 1 0 0
    outer loop
      vertex 30.85 0.284249 4.58603
      vertex 30.85 0.331653 3.36733
      vertex 30.85 0.565762 4.54428
    endloop
  endfacet
  facet normal 1 0 0
    outer loop
      vertex 30.85 0.284249 4.58603
      vertex 30.85 0.166629 3.39181
      vertex 30.85 0.331653 3.36733
    endloop
  endfacet
  facet normal 1 0 0
    outer loop
      vertex 30.85 0 4.6
      vertex 30.85 0.166629 3.39181
      vertex 30.85 0.284249 4.58603
    endloop
  endfacet
  facet normal 1 0 0
    outer loop
      vertex 30.85 0 4.6
      vertex 30.85 0 3.4
      vertex 30.85 0.166629 3.39181
    endloop
  endfacet
  facet normal 1 0 0
    outer loop
      vertex 30.85 0 4.6
      vertex 30.85 -0.166629 3.39181
      vertex 30.85 0 3.4
    endloop
  endfacet
  facet normal 1 -0 0
    outer loop
      vertex 30.85 -0.284249 4.58603
      vertex 30.85 -0.166629 3.39181
      vertex 30.85 0 4.6
    endloop
  endfacet
  facet normal 1 0 0
    outer loop
      vertex 30.85 -0.284249 4.58603
      vertex 30.85 -0.331653 3.36733
      vertex 30.85 -0.166629 3.39181
    endloop
  endfacet
  facet normal 1 -0 0
    outer loop
      vertex 30.85 -0.565762 4.54428
      vertex 30.85 -0.331653 3.36733
      vertex 30.85 -0.284249 4.58603
    endloop
  endfacet
  facet normal 1 0 0
    outer loop
      vertex 30.85 -0.331653 3.36733
      vertex 30.85 -0.565762 4.54428
      vertex 30.85 -0.493484 3.3268
    endloop
  endfacet
  facet normal 1 -0 0
    outer loop
      vertex 30.85 -0.841825 4.47513
      vertex 30.85 -0.493484 3.3268
      vertex 30.85 -0.565762 4.54428
    endloop
  endfacet
  facet normal 1 0 0
    outer loop
      vertex 30.85 -0.493484 3.3268
      vertex 30.85 -0.841825 4.47513
      vertex 30.85 -0.650561 3.27059
    endloop
  endfacet
  facet normal 1 -0 0
    outer loop
      vertex 30.85 -1.10978 4.37925
      vertex 30.85 -0.650561 3.27059
      vertex 30.85 -0.841825 4.47513
    endloop
  endfacet
  facet normal 1 0 0
    outer loop
      vertex 30.85 -0.650561 3.27059
      vertex 30.85 -1.10978 4.37925
      vertex 30.85 -0.801374 3.19927
    endloop
  endfacet
  facet normal 1 -0 0
    outer loop
      vertex 30.85 -1.36705 4.25757
      vertex 30.85 -0.801374 3.19927
      vertex 30.85 -1.10978 4.37925
    endloop
  endfacet
  facet normal 1 0 0
    outer loop
      vertex 30.85 -0.801374 3.19927
      vertex 30.85 -1.36705 4.25757
      vertex 30.85 -0.944468 3.1135
    endloop
  endfacet
  facet normal 1 -0 0
    outer loop
      vertex 30.85 -1.61115 4.11126
      vertex 30.85 -0.944468 3.1135
      vertex 30.85 -1.36705 4.25757
    endloop
  endfacet
  facet normal 1 0 0
    outer loop
      vertex 30.85 -0.944468 3.1135
      vertex 30.85 -1.61115 4.11126
      vertex 30.85 -1.07847 3.01412
    endloop
  endfacet
  facet normal 1 -0 0
    outer loop
      vertex 30.85 -1.83974 3.94173
      vertex 30.85 -1.07847 3.01412
      vertex 30.85 -1.61115 4.11126
    endloop
  endfacet
  facet normal 1 0 0
    outer loop
      vertex 30.85 -1.07847 3.01412
      vertex 30.85 -1.83974 3.94173
      vertex 30.85 -1.20208 2.90208
    endloop
  endfacet
  facet normal 1 -0 0
    outer loop
      vertex 30.85 -2.05061 3.75061
      vertex 30.85 -1.20208 2.90208
      vertex 30.85 -1.83974 3.94173
    endloop
  endfacet
  facet normal 1 0 0
    outer loop
      vertex 30.85 -1.20208 2.90208
      vertex 30.85 -2.05061 3.75061
      vertex 30.85 -1.31412 2.77847
    endloop
  endfacet
  facet normal 1 -0 0
    outer loop
      vertex 30.85 -2.24173 3.53974
      vertex 30.85 -1.31412 2.77847
      vertex 30.85 -2.05061 3.75061
    endloop
  endfacet
  facet normal 1 0 0
    outer loop
      vertex 30.85 -1.31412 2.77847
      vertex 30.85 -2.24173 3.53974
      vertex 30.85 -1.4135 2.64447
    endloop
  endfacet
  facet normal 1 -0 0
    outer loop
      vertex 30.85 -2.41126 3.31115
      vertex 30.85 -1.4135 2.64447
      vertex 30.85 -2.24173 3.53974
    endloop
  endfacet
  facet normal 1 0 0
    outer loop
      vertex 30.85 -1.4135 2.64447
      vertex 30.85 -2.41126 3.31115
      vertex 30.85 -1.49927 2.50137
    endloop
  endfacet
  facet normal 1 -0 0
    outer loop
      vertex 30.85 -2.55757 3.06705
      vertex 30.85 -1.49927 2.50137
      vertex 30.85 -2.41126 3.31115
    endloop
  endfacet
  facet normal 1 0 0
    outer loop
      vertex 30.85 -1.49927 2.50137
      vertex 30.85 -2.55757 3.06705
      vertex 30.85 -1.57059 2.35056
    endloop
  endfacet
  facet normal 1 -0 0
    outer loop
      vertex 30.85 1.49927 0.898625
      vertex 30.85 2.55757 0.332949
      vertex 30.85 1.57059 1.04944
    endloop
  endfacet
  facet normal 1 0 0
    outer loop
      vertex 30.85 2.55757 0.332949
      vertex 30.85 1.49927 0.898625
      vertex 30.85 2.41126 0.0888462
    endloop
  endfacet
  facet normal 1 -0 0
    outer loop
      vertex 30.85 1.4135 0.75553
      vertex 30.85 2.41126 0.0888462
      vertex 30.85 1.49927 0.898625
    endloop
  endfacet
  facet normal 1 0 0
    outer loop
      vertex 30.85 2.41126 0.0888462
      vertex 30.85 1.4135 0.75553
      vertex 30.85 2.24173 -0.13974
    endloop
  endfacet
  facet normal 1 -0 0
    outer loop
      vertex 30.85 1.31412 0.621531
      vertex 30.85 2.24173 -0.13974
      vertex 30.85 1.4135 0.75553
    endloop
  endfacet
  facet normal 1 0 0
    outer loop
      vertex 30.85 2.24173 -0.13974
      vertex 30.85 1.31412 0.621531
      vertex 30.85 2.05061 -0.350609
    endloop
  endfacet
  facet normal 1 -0 0
    outer loop
      vertex 30.85 1.20208 0.497918
      vertex 30.85 2.05061 -0.350609
      vertex 30.85 1.31412 0.621531
    endloop
  endfacet
  facet normal 1 0 0
    outer loop
      vertex 30.85 2.05061 -0.350609
      vertex 30.85 1.20208 0.497918
      vertex 30.85 1.83974 -0.54173
    endloop
  endfacet
  facet normal 1 -0 0
    outer loop
      vertex 30.85 1.07847 0.385881
      vertex 30.85 1.83974 -0.54173
      vertex 30.85 1.20208 0.497918
    endloop
  endfacet
  facet normal 1 0 0
    outer loop
      vertex 30.85 1.83974 -0.54173
      vertex 30.85 1.07847 0.385881
      vertex 30.85 1.61115 -0.711262
    endloop
  endfacet
  facet normal 1 -0 0
    outer loop
      vertex 30.85 0.944468 0.286501
      vertex 30.85 1.61115 -0.711262
      vertex 30.85 1.07847 0.385881
    endloop
  endfacet
  facet normal 1 0 0
    outer loop
      vertex 30.85 1.61115 -0.711262
      vertex 30.85 0.944468 0.286501
      vertex 30.85 1.36705 -0.857572
    endloop
  endfacet
  facet normal 1 -0 0
    outer loop
      vertex 30.85 0.801374 0.200733
      vertex 30.85 1.36705 -0.857572
      vertex 30.85 0.944468 0.286501
    endloop
  endfacet
  facet normal 1 0 0
    outer loop
      vertex 30.85 1.36705 -0.857572
      vertex 30.85 0.801374 0.200733
      vertex 30.85 1.10978 -0.97925
    endloop
  endfacet
  facet normal 1 -0 0
    outer loop
      vertex 30.85 0.650561 0.129404
      vertex 30.85 1.10978 -0.97925
      vertex 30.85 0.801374 0.200733
    endloop
  endfacet
  facet normal 1 0 0
    outer loop
      vertex 30.85 1.10978 -0.97925
      vertex 30.85 0.650561 0.129404
      vertex 30.85 0.841825 -1.07513
    endloop
  endfacet
  facet normal 1 -0 0
    outer loop
      vertex 30.85 0.493484 0.0732012
      vertex 30.85 0.841825 -1.07513
      vertex 30.85 0.650561 0.129404
    endloop
  endfacet
  facet normal 1 0 0
    outer loop
      vertex 30.85 0.841825 -1.07513
      vertex 30.85 0.493484 0.0732012
      vertex 30.85 0.565762 -1.14428
    endloop
  endfacet
  facet normal 1 -0 0
    outer loop
      vertex 30.85 0.331653 0.0326643
      vertex 30.85 0.565762 -1.14428
      vertex 30.85 0.493484 0.0732012
    endloop
  endfacet
  facet normal 1 0 0
    outer loop
      vertex 30.85 0.331653 0.0326643
      vertex 30.85 0.284249 -1.18604
      vertex 30.85 0.565762 -1.14428
    endloop
  endfacet
  facet normal 1 -0 0
    outer loop
      vertex 30.85 0.166629 0.00818539
      vertex 30.85 0.284249 -1.18604
      vertex 30.85 0.331653 0.0326643
    endloop
  endfacet
  facet normal 1 -0 0
    outer loop
      vertex 30.85 0 0
      vertex 30.85 0.284249 -1.18604
      vertex 30.85 0.166629 0.00818539
    endloop
  endfacet
  facet normal 1 0 0
    outer loop
      vertex 30.85 0 0
      vertex 30.85 0 -1.2
      vertex 30.85 0.284249 -1.18604
    endloop
  endfacet
  facet normal 1 0 0
    outer loop
      vertex 30.85 -0.166629 0.00818539
      vertex 30.85 0 -1.2
      vertex 30.85 0 0
    endloop
  endfacet
  facet normal 1 0 0
    outer loop
      vertex 30.85 -0.166629 0.00818539
      vertex 30.85 -0.284249 -1.18604
      vertex 30.85 0 -1.2
    endloop
  endfacet
  facet normal 1 0 0
    outer loop
      vertex 30.85 -0.331653 0.0326643
      vertex 30.85 -0.284249 -1.18604
      vertex 30.85 -0.166629 0.00818539
    endloop
  endfacet
  facet normal 1 0 0
    outer loop
      vertex 30.85 -0.565762 -1.14428
      vertex 30.85 -0.331653 0.0326643
      vertex 30.85 -0.493484 0.0732012
    endloop
  endfacet
  facet normal 1 0 0
    outer loop
      vertex 30.85 -0.331653 0.0326643
      vertex 30.85 -0.565762 -1.14428
      vertex 30.85 -0.284249 -1.18604
    endloop
  endfacet
  facet normal 1 0 0
    outer loop
      vertex 30.85 -0.841825 -1.07513
      vertex 30.85 -0.493484 0.0732012
      vertex 30.85 -0.650561 0.129404
    endloop
  endfacet
  facet normal 1 0 0
    outer loop
      vertex 30.85 -1.10978 -0.97925
      vertex 30.85 -0.650561 0.129404
      vertex 30.85 -0.801374 0.200733
    endloop
  endfacet
  facet normal 1 0 0
    outer loop
      vertex 30.85 -0.493484 0.0732012
      vertex 30.85 -0.841825 -1.07513
      vertex 30.85 -0.565762 -1.14428
    endloop
  endfacet
  facet normal 1 0 0
    outer loop
      vertex 30.85 -1.36705 -0.857572
      vertex 30.85 -0.801374 0.200733
      vertex 30.85 -0.944468 0.286501
    endloop
  endfacet
  facet normal 1 0 0
    outer loop
      vertex 30.85 -1.61115 -0.711262
      vertex 30.85 -0.944468 0.286501
      vertex 30.85 -1.07847 0.385881
    endloop
  endfacet
  facet normal 1 0 0
    outer loop
      vertex 30.85 -0.650561 0.129404
      vertex 30.85 -1.10978 -0.97925
      vertex 30.85 -0.841825 -1.07513
    endloop
  endfacet
  facet normal 1 0 0
    outer loop
      vertex 30.85 -1.83974 -0.54173
      vertex 30.85 -1.07847 0.385881
      vertex 30.85 -1.20208 0.497918
    endloop
  endfacet
  facet normal 1 0 0
    outer loop
      vertex 30.85 -2.05061 -0.350609
      vertex 30.85 -1.20208 0.497918
      vertex 30.85 -1.31412 0.621531
    endloop
  endfacet
  facet normal 1 0 0
    outer loop
      vertex 30.85 -0.801374 0.200733
      vertex 30.85 -1.36705 -0.857572
      vertex 30.85 -1.10978 -0.97925
    endloop
  endfacet
  facet normal 1 0 0
    outer loop
      vertex 30.85 -2.24173 -0.13974
      vertex 30.85 -1.31412 0.621531
      vertex 30.85 -1.4135 0.75553
    endloop
  endfacet
  facet normal 1 0 0
    outer loop
      vertex 30.85 -2.41126 0.0888462
      vertex 30.85 -1.4135 0.75553
      vertex 30.85 -1.49927 0.898625
    endloop
  endfacet
  facet normal 1 0 0
    outer loop
      vertex 30.85 -2.55757 0.332949
      vertex 30.85 -1.49927 0.898625
      vertex 30.85 -1.57059 1.04944
    endloop
  endfacet
  facet normal 1 0 0
    outer loop
      vertex 30.85 -0.944468 0.286501
      vertex 30.85 -1.61115 -0.711262
      vertex 30.85 -1.36705 -0.857572
    endloop
  endfacet
  facet normal 1 0 0
    outer loop
      vertex 30.85 -2.67925 0.590218
      vertex 30.85 -1.57059 1.04944
      vertex 30.85 -1.6268 1.20652
    endloop
  endfacet
  facet normal 1 0 0
    outer loop
      vertex 30.85 -2.77513 0.858174
      vertex 30.85 -1.6268 1.20652
      vertex 30.85 -1.66733 1.36835
    endloop
  endfacet
  facet normal 1 0 0
    outer loop
      vertex 30.85 -2.84428 1.13424
      vertex 30.85 -1.66733 1.36835
      vertex 30.85 -1.69181 1.53337
    endloop
  endfacet
  facet normal 1 0 0
    outer loop
      vertex 30.85 -2.88603 1.41575
      vertex 30.85 -1.69181 1.53337
      vertex 30.85 -1.7 1.7
    endloop
  endfacet
  facet normal 1 -0 0
    outer loop
      vertex 30.85 -2.67925 2.80978
      vertex 30.85 -1.57059 2.35056
      vertex 30.85 -2.55757 3.06705
    endloop
  endfacet
  facet normal 1 0 0
    outer loop
      vertex 30.85 -1.07847 0.385881
      vertex 30.85 -1.83974 -0.54173
      vertex 30.85 -1.61115 -0.711262
    endloop
  endfacet
  facet normal 1 0 0
    outer loop
      vertex 30.85 -1.57059 2.35056
      vertex 30.85 -2.67925 2.80978
      vertex 30.85 -1.6268 2.19348
    endloop
  endfacet
  facet normal 1 0 0
    outer loop
      vertex 30.85 -1.20208 0.497918
      vertex 30.85 -2.05061 -0.350609
      vertex 30.85 -1.83974 -0.54173
    endloop
  endfacet
  facet normal 1 -0 0
    outer loop
      vertex 30.85 -2.77513 2.54183
      vertex 30.85 -1.6268 2.19348
      vertex 30.85 -2.67925 2.80978
    endloop
  endfacet
  facet normal 1 0 0
    outer loop
      vertex 30.85 -1.31412 0.621531
      vertex 30.85 -2.24173 -0.13974
      vertex 30.85 -2.05061 -0.350609
    endloop
  endfacet
  facet normal 1 0 0
    outer loop
      vertex 30.85 -1.6268 2.19348
      vertex 30.85 -2.77513 2.54183
      vertex 30.85 -1.66733 2.03165
    endloop
  endfacet
  facet normal 1 0 0
    outer loop
      vertex 30.85 -1.4135 0.75553
      vertex 30.85 -2.41126 0.0888462
      vertex 30.85 -2.24173 -0.13974
    endloop
  endfacet
  facet normal 1 -0 0
    outer loop
      vertex 30.85 -2.84428 2.26576
      vertex 30.85 -1.66733 2.03165
      vertex 30.85 -2.77513 2.54183
    endloop
  endfacet
  facet normal 1 0 0
    outer loop
      vertex 30.85 -1.49927 0.898625
      vertex 30.85 -2.55757 0.332949
      vertex 30.85 -2.41126 0.0888462
    endloop
  endfacet
  facet normal 1 0 0
    outer loop
      vertex 30.85 -1.66733 2.03165
      vertex 30.85 -2.84428 2.26576
      vertex 30.85 -1.69181 1.86663
    endloop
  endfacet
  facet normal 1 0 0
    outer loop
      vertex 30.85 -1.57059 1.04944
      vertex 30.85 -2.67925 0.590218
      vertex 30.85 -2.55757 0.332949
    endloop
  endfacet
  facet normal 1 -0 0
    outer loop
      vertex 30.85 -2.88603 1.98425
      vertex 30.85 -1.69181 1.86663
      vertex 30.85 -2.84428 2.26576
    endloop
  endfacet
  facet normal 1 0 0
    outer loop
      vertex 30.85 -1.6268 1.20652
      vertex 30.85 -2.77513 0.858174
      vertex 30.85 -2.67925 0.590218
    endloop
  endfacet
  facet normal 1 0 0
    outer loop
      vertex 30.85 -1.69181 1.86663
      vertex 30.85 -2.88603 1.98425
      vertex 30.85 -1.7 1.7
    endloop
  endfacet
  facet normal 1 0 0
    outer loop
      vertex 30.85 -1.66733 1.36835
      vertex 30.85 -2.84428 1.13424
      vertex 30.85 -2.77513 0.858174
    endloop
  endfacet
  facet normal 1 0 0
    outer loop
      vertex 30.85 -2.9 1.7
      vertex 30.85 -1.7 1.7
      vertex 30.85 -2.88603 1.98425
    endloop
  endfacet
  facet normal 1 0 0
    outer loop
      vertex 30.85 -1.69181 1.53337
      vertex 30.85 -2.88603 1.41575
      vertex 30.85 -2.84428 1.13424
    endloop
  endfacet
  facet normal 1 0 0
    outer loop
      vertex 30.85 -1.7 1.7
      vertex 30.85 -2.9 1.7
      vertex 30.85 -2.88603 1.41575
    endloop
  endfacet
  facet normal 0 0.336903 -0.941539
    outer loop
      vertex 30.85 -1.10978 4.37925
      vertex 33.7476 -0.841825 4.47513
      vertex 33.7476 -1.10978 4.37925
    endloop
  endfacet
  facet normal 0 0.336903 -0.941539
    outer loop
      vertex 33.7476 -0.841825 4.47513
      vertex 30.85 -1.10978 4.37925
      vertex 30.85 -0.841825 4.47513
    endloop
  endfacet
  facet normal 0 0.941537 -0.336908
    outer loop
      vertex 33.7476 -2.77513 2.54183
      vertex 30.85 -2.67925 2.80978
      vertex 33.7476 -2.67925 2.80978
    endloop
  endfacet
  facet normal 0 0.941537 -0.336908
    outer loop
      vertex 30.85 -2.67925 2.80978
      vertex 33.7476 -2.77513 2.54183
      vertex 30.85 -2.77513 2.54183
    endloop
  endfacet
  facet normal 0 0.671556 -0.740954
    outer loop
      vertex 30.85 -2.05061 3.75061
      vertex 33.7476 -1.83974 3.94173
      vertex 33.7476 -2.05061 3.75061
    endloop
  endfacet
  facet normal 0 0.671556 -0.740954
    outer loop
      vertex 33.7476 -1.83974 3.94173
      vertex 30.85 -2.05061 3.75061
      vertex 30.85 -1.83974 3.94173
    endloop
  endfacet
  facet normal 0 0.740952 0.671558
    outer loop
      vertex 33.7476 -2.05061 -0.350609
      vertex 30.85 -2.24173 -0.13974
      vertex 33.7476 -2.24173 -0.13974
    endloop
  endfacet
  facet normal 0 0.740952 0.671558
    outer loop
      vertex 30.85 -2.24173 -0.13974
      vertex 33.7476 -2.05061 -0.350609
      vertex 30.85 -2.05061 -0.350609
    endloop
  endfacet
  facet normal -0 0.24298 0.970031
    outer loop
      vertex 30.85 -0.565762 -1.14428
      vertex 33.7476 -0.841825 -1.07513
      vertex 33.7476 -0.565762 -1.14428
    endloop
  endfacet
  facet normal 0 0.24298 0.970031
    outer loop
      vertex 33.7476 -0.841825 -1.07513
      vertex 30.85 -0.565762 -1.14428
      vertex 30.85 -0.841825 -1.07513
    endloop
  endfacet
  facet normal 0 0.740954 -0.671556
    outer loop
      vertex 33.7476 -2.24173 3.53974
      vertex 30.85 -2.05061 3.75061
      vertex 33.7476 -2.05061 3.75061
    endloop
  endfacet
  facet normal 0 0.740954 -0.671556
    outer loop
      vertex 30.85 -2.05061 3.75061
      vertex 33.7476 -2.24173 3.53974
      vertex 30.85 -2.24173 3.53974
    endloop
  endfacet
  facet normal 0 -0.970032 0.242977
    outer loop
      vertex 30.85 2.77513 0.858174
      vertex 33.7476 2.84428 1.13424
      vertex 30.85 2.84428 1.13424
    endloop
  endfacet
  facet normal 0 -0.970032 0.242977
    outer loop
      vertex 33.7476 2.84428 1.13424
      vertex 30.85 2.77513 0.858174
      vertex 33.7476 2.77513 0.858174
    endloop
  endfacet
  facet normal 0 0.146701 -0.989181
    outer loop
      vertex 30.85 -0.565762 4.54428
      vertex 33.7476 -0.284249 4.58603
      vertex 33.7476 -0.565762 4.54428
    endloop
  endfacet
  facet normal 0 0.146701 -0.989181
    outer loop
      vertex 33.7476 -0.284249 4.58603
      vertex 30.85 -0.565762 4.54428
      vertex 30.85 -0.284249 4.58603
    endloop
  endfacet
  facet normal -0 0.595695 0.803211
    outer loop
      vertex 30.85 -1.61115 -0.711262
      vertex 33.7476 -1.83974 -0.54173
      vertex 33.7476 -1.61115 -0.711262
    endloop
  endfacet
  facet normal 0 0.595695 0.803211
    outer loop
      vertex 33.7476 -1.83974 -0.54173
      vertex 30.85 -1.61115 -0.711262
      vertex 30.85 -1.83974 -0.54173
    endloop
  endfacet
  facet normal 0 0.94154 0.336902
    outer loop
      vertex 33.7476 -2.67925 0.590218
      vertex 30.85 -2.77513 0.858174
      vertex 33.7476 -2.77513 0.858174
    endloop
  endfacet
  facet normal 0 0.94154 0.336902
    outer loop
      vertex 30.85 -2.77513 0.858174
      vertex 33.7476 -2.67925 0.590218
      vertex 30.85 -2.67925 0.590218
    endloop
  endfacet
  facet normal 0 -0.59569 -0.803214
    outer loop
      vertex 30.85 1.61115 4.11126
      vertex 33.7476 1.83974 3.94173
      vertex 33.7476 1.61115 4.11126
    endloop
  endfacet
  facet normal -0 -0.59569 -0.803214
    outer loop
      vertex 33.7476 1.83974 3.94173
      vertex 30.85 1.61115 4.11126
      vertex 30.85 1.83974 3.94173
    endloop
  endfacet
  facet normal 0 0.903988 0.427557
    outer loop
      vertex 33.7476 -2.55757 0.332949
      vertex 30.85 -2.67925 0.590218
      vertex 33.7476 -2.67925 0.590218
    endloop
  endfacet
  facet normal 0 0.903988 0.427557
    outer loop
      vertex 30.85 -2.67925 0.590218
      vertex 33.7476 -2.55757 0.332949
      vertex 30.85 -2.55757 0.332949
    endloop
  endfacet
  facet normal 0 -0.671556 -0.740954
    outer loop
      vertex 30.85 1.83974 3.94173
      vertex 33.7476 2.05061 3.75061
      vertex 33.7476 1.83974 3.94173
    endloop
  endfacet
  facet normal -0 -0.671556 -0.740954
    outer loop
      vertex 33.7476 2.05061 3.75061
      vertex 30.85 1.83974 3.94173
      vertex 30.85 2.05061 3.75061
    endloop
  endfacet
  facet normal 0 -0.857725 -0.514108
    outer loop
      vertex 30.85 2.55757 3.06705
      vertex 33.7476 2.41126 3.31115
      vertex 30.85 2.41126 3.31115
    endloop
  endfacet
  facet normal 0 -0.857725 -0.514108
    outer loop
      vertex 33.7476 2.41126 3.31115
      vertex 30.85 2.55757 3.06705
      vertex 33.7476 2.55757 3.06705
    endloop
  endfacet
  facet normal 0 0.514108 -0.857725
    outer loop
      vertex 30.85 -1.61115 4.11126
      vertex 33.7476 -1.36705 4.25757
      vertex 33.7476 -1.61115 4.11126
    endloop
  endfacet
  facet normal 0 0.514108 -0.857725
    outer loop
      vertex 33.7476 -1.36705 4.25757
      vertex 30.85 -1.61115 4.11126
      vertex 30.85 -1.36705 4.25757
    endloop
  endfacet
  facet normal 0 -0.903989 -0.427556
    outer loop
      vertex 30.85 2.67925 2.80978
      vertex 33.7476 2.55757 3.06705
      vertex 30.85 2.55757 3.06705
    endloop
  endfacet
  facet normal 0 -0.903989 -0.427556
    outer loop
      vertex 33.7476 2.55757 3.06705
      vertex 30.85 2.67925 2.80978
      vertex 33.7476 2.67925 2.80978
    endloop
  endfacet
  facet normal 0 0.970033 -0.242974
    outer loop
      vertex 33.7476 -2.84428 2.26576
      vertex 30.85 -2.77513 2.54183
      vertex 33.7476 -2.77513 2.54183
    endloop
  endfacet
  facet normal 0 0.970033 -0.242974
    outer loop
      vertex 30.85 -2.77513 2.54183
      vertex 33.7476 -2.84428 2.26576
      vertex 30.85 -2.84428 2.26576
    endloop
  endfacet
  facet normal 0 -0.514108 -0.857725
    outer loop
      vertex 30.85 1.36705 4.25757
      vertex 33.7476 1.61115 4.11126
      vertex 33.7476 1.36705 4.25757
    endloop
  endfacet
  facet normal -0 -0.514108 -0.857725
    outer loop
      vertex 33.7476 1.61115 4.11126
      vertex 30.85 1.36705 4.25757
      vertex 30.85 1.61115 4.11126
    endloop
  endfacet
  facet normal 0 0.803214 -0.59569
    outer loop
      vertex 33.7476 -2.41126 3.31115
      vertex 30.85 -2.24173 3.53974
      vertex 33.7476 -2.24173 3.53974
    endloop
  endfacet
  facet normal 0 0.803214 -0.59569
    outer loop
      vertex 30.85 -2.24173 3.53974
      vertex 33.7476 -2.41126 3.31115
      vertex 30.85 -2.41126 3.31115
    endloop
  endfacet
endsolid OpenSCAD_Model
