solid OpenSCAD_Model
  facet normal 0.704047 -0.0929355 0.704047
    outer loop
      vertex 18.6588 11.6135 75.9934
      vertex 18.8163 11.4082 75.8088
      vertex 18.8434 11.6135 75.8088
    endloop
  endfacet
  facet normal 0.95826 -0.126245 -0.256517
    outer loop
      vertex 18.9424 11.3744 0.617318
      vertex 18.9739 11.6135 0.617318
      vertex 19.0414 11.6135 0.869475
    endloop
  endfacet
  facet normal -0.860384 0.113572 0.49683
    outer loop
      vertex -38.9424 29.3256 75.5827
      vertex -38.8434 29.0865 75.8088
      vertex -38.8163 29.2918 75.8088
    endloop
  endfacet
  facet normal -0.130594 -0.991436 0
    outer loop
      vertex -38.3066 -51.8712 0.869475
      vertex -38.05 -51.905 75.3305
      vertex -38.3066 -51.8712 75.3305
    endloop
  endfacet
  facet normal -0.130594 -0.991436 -0
    outer loop
      vertex -38.05 -51.905 75.3305
      vertex -38.3066 -51.8712 0.869475
      vertex -38.05 -51.905 0.869475
    endloop
  endfacet
  facet normal -0.092484 0.704129 -0.704023
    outer loop
      vertex -38.2553 29.8528 0.39124
      vertex -38.05 29.6952 0.206647
      vertex -38.2076 29.6745 0.206647
    endloop
  endfacet
  facet normal 0.836519 -0.482964 -0.258809
    outer loop
      vertex 18.9086 11.1178 0.869475
      vertex -17.2499 -51.3755 0.617318
      vertex 18.8501 11.1516 0.617318
    endloop
  endfacet
  facet normal 0.83656 -0.482988 -0.25863
    outer loop
      vertex -17.2499 -51.3755 0.617318
      vertex 18.9086 11.1178 0.869475
      vertex -17.1914 -51.4092 0.869475
    endloop
  endfacet
  facet normal -0.258398 -0.0336376 0.965453
    outer loop
      vertex -38.4327 -50.9135 76.1239
      vertex -38.1761 -50.9473 76.1914
      vertex -38.1805 -50.9135 76.1914
    endloop
  endfacet
  facet normal -0.656135 0.271566 -0.704088
    outer loop
      vertex -38.8163 29.2918 0.39124
      vertex -38.5772 29.3909 0.206647
      vertex -38.638 29.244 0.206647
    endloop
  endfacet
  facet normal 0 -0.965904 0.258902
    outer loop
      vertex -38.05 -51.905 75.3305
      vertex -18.05 -51.8374 75.5827
      vertex -38.05 -51.8374 75.5827
    endloop
  endfacet
  facet normal 0 -0.965904 0.258902
    outer loop
      vertex -18.05 -51.8374 75.5827
      vertex -38.05 -51.905 75.3305
      vertex -18.05 -51.905 75.3305
    endloop
  endfacet
  facet normal 0.766784 -0.588416 -0.256533
    outer loop
      vertex -17.3967 -51.5668 0.617318
      vertex -17.2499 -51.3755 0.617318
      vertex -17.1914 -51.4092 0.869475
    endloop
  endfacet
  facet normal 0.766931 -0.58808 -0.256862
    outer loop
      vertex -17.3967 -51.5668 0.617318
      vertex -17.1914 -51.4092 0.869475
      vertex -17.3489 -51.6146 0.869475
    endloop
  endfacet
  facet normal 0.991486 -0.130215 0
    outer loop
      vertex 19.0077 11.3569 75.3305
      vertex 19.0414 11.6135 10.7438
      vertex 19.0414 11.6135 75.3305
    endloop
  endfacet
  facet normal 0.991486 -0.130215 0
    outer loop
      vertex 19.0077 11.3569 0.869475
      vertex 19.0414 11.6135 10.7438
      vertex 19.0077 11.3569 75.3305
    endloop
  endfacet
  facet normal 0.991486 -0.130215 0
    outer loop
      vertex 19.0414 11.6135 10.7438
      vertex 19.0077 11.3569 0.869475
      vertex 19.0414 11.6135 0.869475
    endloop
  endfacet
  facet normal -0.860415 -0.113521 0.496789
    outer loop
      vertex -38.9424 -51.1526 75.5827
      vertex -38.8163 -51.1189 75.8088
      vertex -38.8434 -50.9135 75.8088
    endloop
  endfacet
  facet normal 0.113367 -0.860506 0.496666
    outer loop
      vertex -18.05 -51.8374 75.5827
      vertex -17.8109 -51.8059 75.5827
      vertex -18.05 -51.7069 75.8088
    endloop
  endfacet
  facet normal 0.528245 -0.688734 -0.496592
    outer loop
      vertex -17.6533 -51.6006 0.39124
      vertex -17.3967 -51.5668 0.617318
      vertex -17.5881 -51.7136 0.617318
    endloop
  endfacet
  facet normal 0.399333 -0.306229 -0.864151
    outer loop
      vertex -17.7186 -51.1049 0.0761219
      vertex -17.5228 -51.2179 0.206647
      vertex -17.6195 -51.344 0.206647
    endloop
  endfacet
  facet normal -0.332178 0.801751 0.496843
    outer loop
      vertex -38.5119 29.8866 75.5827
      vertex -38.4467 29.7735 75.8088
      vertex -38.2553 29.8528 75.8088
    endloop
  endfacet
  facet normal -0.965999 0 0.258545
    outer loop
      vertex -39.0414 -50.9135 75.3305
      vertex -38.9739 29.0865 75.5827
      vertex -39.0414 29.0865 75.3305
    endloop
  endfacet
  facet normal -0.965999 0 0.258545
    outer loop
      vertex -38.9739 29.0865 75.5827
      vertex -39.0414 -50.9135 75.3305
      vertex -38.9739 -50.9135 75.5827
    endloop
  endfacet
  facet normal -0.207068 0.158166 0.965457
    outer loop
      vertex -38.3814 29.2778 76.1239
      vertex -38.163 29.1517 76.1914
      vertex -38.1423 29.1788 76.1914
    endloop
  endfacet
  facet normal 0 0.707107 0.707107
    outer loop
      vertex -18.8434 29.8798 75.8088
      vertex -38.05 29.6952 75.9934
      vertex -18.6588 29.6952 75.9934
    endloop
  endfacet
  facet normal 0 0.707107 0.707107
    outer loop
      vertex -38.05 29.6952 75.9934
      vertex -18.8434 29.8798 75.8088
      vertex -38.05 29.8798 75.8088
    endloop
  endfacet
  facet normal 0 0.500054 0.865994
    outer loop
      vertex -38.05 29.4692 76.1239
      vertex -18.6588 29.6952 75.9934
      vertex -38.05 29.6952 75.9934
    endloop
  endfacet
  facet normal 0 0.500054 0.865994
    outer loop
      vertex -18.6588 29.6952 75.9934
      vertex -38.05 29.4692 76.1239
      vertex -18.4327 29.4692 76.1239
    endloop
  endfacet
  facet normal -0.958226 -0.125847 0.256838
    outer loop
      vertex -39.0414 -50.9135 75.3305
      vertex -39.0077 -51.1701 75.3305
      vertex -38.9424 -51.1526 75.5827
    endloop
  endfacet
  facet normal 0.588192 -0.766894 0.256718
    outer loop
      vertex -17.5881 -51.7136 75.5827
      vertex -17.5543 -51.7721 75.3305
      vertex -17.3967 -51.5668 75.5827
    endloop
  endfacet
  facet normal -0.382557 0.923932 0
    outer loop
      vertex -38.3066 30.0441 0.869475
      vertex -38.5457 29.9451 75.3305
      vertex -38.3066 30.0441 75.3305
    endloop
  endfacet
  facet normal -0.382557 0.923932 0
    outer loop
      vertex -38.5457 29.9451 75.3305
      vertex -38.3066 30.0441 0.869475
      vertex -38.5457 29.9451 0.869475
    endloop
  endfacet
  facet normal 0.65613 -0.271502 -0.704116
    outer loop
      vertex 18.5772 11.3091 0.206647
      vertex 18.8163 11.4082 0.39124
      vertex 18.7371 11.2168 0.39124
    endloop
  endfacet
  facet normal 0.866039 -0.499977 2.27103e-05
    outer loop
      vertex 2.80534 -16.7739 37.7165
      vertex 18.9086 11.1178 0.869475
      vertex 2.81128 -16.7636 37.9584
    endloop
  endfacet
  facet normal 0.866045 -0.499966 9.91595e-05
    outer loop
      vertex 18.9086 11.1178 0.869475
      vertex 2.81128 -16.7636 13.5083
      vertex 2.81476 -16.7576 13.3667
    endloop
  endfacet
  facet normal 0.866048 -0.499962 3.82215e-05
    outer loop
      vertex 2.78757 -16.8047 37.477
      vertex 18.9086 11.1178 0.869475
      vertex 2.80534 -16.7739 37.7165
    endloop
  endfacet
  facet normal 0.866021 -0.500008 -2.44787e-05
    outer loop
      vertex 18.9086 11.1178 0.869475
      vertex 2.80534 -16.7739 13.7501
      vertex 2.81128 -16.7636 13.5083
    endloop
  endfacet
  facet normal 0.866003 -0.500039 -4.07963e-05
    outer loop
      vertex 2.77717 -16.8227 37.3368
      vertex 18.9086 11.1178 0.869475
      vertex 2.78757 -16.8047 37.477
    endloop
  endfacet
  facet normal 0.866016 -0.500016 -4.75154e-05
    outer loop
      vertex 18.9086 11.1178 0.869475
      vertex 2.78757 -16.8047 13.9897
      vertex 2.80534 -16.7739 13.7501
    endloop
  endfacet
  facet normal 0.865956 -0.500119 -0.000122606
    outer loop
      vertex 2.75994 -16.8525 37.1992
      vertex 18.9086 11.1178 0.869475
      vertex 2.77717 -16.8227 37.3368
    endloop
  endfacet
  facet normal 0.866036 -0.499981 5.07252e-05
    outer loop
      vertex 18.9086 11.1178 0.869475
      vertex 2.77717 -16.8227 14.1299
      vertex 2.78757 -16.8047 13.9897
    endloop
  endfacet
  facet normal 0.866082 -0.499902 0.000100266
    outer loop
      vertex 2.73053 -16.9035 36.9643
      vertex 18.9086 11.1178 0.869475
      vertex 2.75994 -16.8525 37.1992
    endloop
  endfacet
  facet normal 0.866062 -0.499937 0.000175299
    outer loop
      vertex 18.9086 11.1178 0.869475
      vertex 2.75994 -16.8525 14.2675
      vertex 2.77717 -16.8227 14.1299
    endloop
  endfacet
  facet normal 0.865908 -0.500203 -0.000210961
    outer loop
      vertex 2.70664 -16.9448 36.8308
      vertex 18.9086 11.1178 0.869475
      vertex 2.73053 -16.9035 36.9643
    endloop
  endfacet
  facet normal 0.865996 -0.500052 -0.000143516
    outer loop
      vertex 18.9086 11.1178 0.869475
      vertex 2.73053 -16.9035 14.5023
      vertex 2.75994 -16.8525 14.2675
    endloop
  endfacet
  facet normal 0.866069 -0.499925 7.79899e-05
    outer loop
      vertex 2.66585 -17.0155 36.6028
      vertex 18.9086 11.1178 0.869475
      vertex 2.70664 -16.9448 36.8308
    endloop
  endfacet
  facet normal 0.866099 -0.499872 0.000347378
    outer loop
      vertex 18.9086 11.1178 0.869475
      vertex 2.70664 -16.9448 14.6358
      vertex 2.73053 -16.9035 14.5023
    endloop
  endfacet
  facet normal 0.866066 -0.49993 7.35376e-05
    outer loop
      vertex 2.61409 -17.1052 36.3839
      vertex 18.9086 11.1178 0.869475
      vertex 2.66585 -17.0155 36.6028
    endloop
  endfacet
  facet normal 0.865998 -0.500048 -0.000128522
    outer loop
      vertex 18.9086 11.1178 0.869475
      vertex 2.66585 -17.0155 14.8638
      vertex 2.70664 -16.9448 14.6358
    endloop
  endfacet
  facet normal 0.866028 -0.499996 3.57877e-06
    outer loop
      vertex 2.58378 -17.1577 36.2558
      vertex 18.9086 11.1178 0.869475
      vertex 2.61409 -17.1052 36.3839
    endloop
  endfacet
  facet normal 0.865995 -0.500052 -0.000140427
    outer loop
      vertex 18.9086 11.1178 0.869475
      vertex 2.61409 -17.1052 15.0827
      vertex 2.66585 -17.0155 14.8638
    endloop
  endfacet
  facet normal 0.866026 -0.499999 0
    outer loop
      vertex 2.58378 -17.1577 15.2109
      vertex 18.9086 11.1178 0.869475
      vertex 2.58378 -17.1577 36.2558
    endloop
  endfacet
  facet normal 0.866025 -0.500002 -6.8284e-06
    outer loop
      vertex 18.9086 11.1178 0.869475
      vertex 2.58378 -17.1577 15.2109
      vertex 2.61409 -17.1052 15.0827
    endloop
  endfacet
  facet normal 0.865985 -0.50007 0
    outer loop
      vertex 2.52153 -17.2655 36.0481
      vertex 2.58378 -17.1577 15.2109
      vertex 2.58378 -17.1577 36.2558
    endloop
  endfacet
  facet normal 0.865985 -0.50007 0
    outer loop
      vertex 2.52153 -17.2655 36.0481
      vertex 2.52153 -17.2655 15.4186
      vertex 2.58378 -17.1577 15.2109
    endloop
  endfacet
  facet normal 0.865971 -0.500095 0
    outer loop
      vertex 2.48509 -17.3286 35.9265
      vertex 2.52153 -17.2655 15.4186
      vertex 2.52153 -17.2655 36.0481
    endloop
  endfacet
  facet normal 0.865971 -0.500095 0
    outer loop
      vertex 2.48509 -17.3286 35.9265
      vertex 2.48509 -17.3286 15.5402
      vertex 2.52153 -17.2655 15.4186
    endloop
  endfacet
  facet normal 0.865969 -0.500099 0
    outer loop
      vertex 2.41296 -17.4535 35.732
      vertex 2.48509 -17.3286 15.5402
      vertex 2.48509 -17.3286 35.9265
    endloop
  endfacet
  facet normal 0.865969 -0.500099 0
    outer loop
      vertex 2.41296 -17.4535 35.732
      vertex 2.41296 -17.4535 15.7347
      vertex 2.48509 -17.3286 15.5402
    endloop
  endfacet
  facet normal 0.86619 -0.499716 0
    outer loop
      vertex 2.37073 -17.5267 35.6181
      vertex 2.41296 -17.4535 15.7347
      vertex 2.41296 -17.4535 35.732
    endloop
  endfacet
  facet normal 0.86619 -0.499716 0
    outer loop
      vertex 2.37073 -17.5267 35.6181
      vertex 2.37073 -17.5267 15.8486
      vertex 2.41296 -17.4535 15.7347
    endloop
  endfacet
  facet normal 0.86586 -0.500286 0
    outer loop
      vertex 2.32312 -17.6091 35.513
      vertex 2.37073 -17.5267 15.8486
      vertex 2.37073 -17.5267 35.6181
    endloop
  endfacet
  facet normal 0.86586 -0.500286 0
    outer loop
      vertex 2.32312 -17.6091 35.513
      vertex 2.32312 -17.6091 15.9536
      vertex 2.37073 -17.5267 15.8486
    endloop
  endfacet
  facet normal 0.866001 -0.500042 0
    outer loop
      vertex 2.24182 -17.7499 35.3336
      vertex 2.32312 -17.6091 15.9536
      vertex 2.32312 -17.6091 35.513
    endloop
  endfacet
  facet normal 0.866001 -0.500042 0
    outer loop
      vertex 2.24182 -17.7499 35.3336
      vertex 2.24182 -17.7499 16.1331
      vertex 2.32312 -17.6091 15.9536
    endloop
  endfacet
  facet normal 0.86605 -0.499957 0
    outer loop
      vertex 2.15211 -17.9053 35.171
      vertex 2.24182 -17.7499 16.1331
      vertex 2.24182 -17.7499 35.3336
    endloop
  endfacet
  facet normal 0.86605 -0.499957 0
    outer loop
      vertex 2.15211 -17.9053 35.171
      vertex 2.15211 -17.9053 16.2957
      vertex 2.24182 -17.7499 16.1331
    endloop
  endfacet
  facet normal 0.866062 -0.499937 0
    outer loop
      vertex 2.09958 -17.9963 35.0758
      vertex 2.15211 -17.9053 16.2957
      vertex 2.15211 -17.9053 35.171
    endloop
  endfacet
  facet normal 0.866062 -0.499937 0
    outer loop
      vertex 2.09958 -17.9963 35.0758
      vertex 2.09958 -17.9963 16.3909
      vertex 2.15211 -17.9053 16.2957
    endloop
  endfacet
  facet normal 0.865975 -0.500087 0
    outer loop
      vertex 2.04264 -18.0949 34.9913
      vertex 2.09958 -17.9963 16.3909
      vertex 2.09958 -17.9963 35.0758
    endloop
  endfacet
  facet normal 0.865975 -0.500087 0
    outer loop
      vertex 2.04264 -18.0949 34.9913
      vertex 2.04264 -18.0949 16.4754
      vertex 2.09958 -17.9963 16.3909
    endloop
  endfacet
  facet normal 0.8661 -0.499871 0
    outer loop
      vertex 1.94539 -18.2634 34.8471
      vertex 2.04264 -18.0949 16.4754
      vertex 2.04264 -18.0949 34.9913
    endloop
  endfacet
  facet normal 0.8661 -0.499871 0
    outer loop
      vertex 1.94539 -18.2634 34.8471
      vertex 1.94539 -18.2634 16.6196
      vertex 2.04264 -18.0949 16.4754
    endloop
  endfacet
  facet normal 0.865972 -0.500093 0
    outer loop
      vertex 1.88458 -18.3687 34.7742
      vertex 1.94539 -18.2634 16.6196
      vertex 1.94539 -18.2634 34.8471
    endloop
  endfacet
  facet normal 0.865972 -0.500093 0
    outer loop
      vertex 1.88458 -18.3687 34.7742
      vertex 1.88458 -18.3687 16.6925
      vertex 1.94539 -18.2634 16.6196
    endloop
  endfacet
  facet normal 0.866057 -0.499945 0
    outer loop
      vertex 1.78073 -18.5486 34.6497
      vertex 1.88458 -18.3687 16.6925
      vertex 1.88458 -18.3687 34.7742
    endloop
  endfacet
  facet normal 0.866057 -0.499945 0
    outer loop
      vertex 1.78073 -18.5486 34.6497
      vertex 1.78073 -18.5486 16.817
      vertex 1.88458 -18.3687 16.6925
    endloop
  endfacet
  facet normal 0.866045 -0.499966 0
    outer loop
      vertex 1.71665 -18.6596 34.5891
      vertex 1.78073 -18.5486 16.817
      vertex 1.78073 -18.5486 34.6497
    endloop
  endfacet
  facet normal 0.866045 -0.499966 0
    outer loop
      vertex 1.71665 -18.6596 34.5891
      vertex 1.71665 -18.6596 16.8776
      vertex 1.78073 -18.5486 16.817
    endloop
  endfacet
  facet normal 0.865942 -0.500144 0
    outer loop
      vertex 1.6072 -18.8491 34.4855
      vertex 1.71665 -18.6596 16.8776
      vertex 1.71665 -18.6596 34.5891
    endloop
  endfacet
  facet normal 0.865942 -0.500144 0
    outer loop
      vertex 1.6072 -18.8491 34.4855
      vertex 1.6072 -18.8491 16.9811
      vertex 1.71665 -18.6596 16.8776
    endloop
  endfacet
  facet normal 0.866076 -0.499912 0
    outer loop
      vertex 1.4932 -19.0466 34.4039
      vertex 1.6072 -18.8491 16.9811
      vertex 1.6072 -18.8491 34.4855
    endloop
  endfacet
  facet normal 0.866076 -0.499912 0
    outer loop
      vertex 1.4932 -19.0466 34.4039
      vertex 1.4932 -19.0466 17.0627
      vertex 1.6072 -18.8491 16.9811
    endloop
  endfacet
  facet normal 0.865998 -0.500047 0
    outer loop
      vertex 1.42645 -19.1622 34.3562
      vertex 1.4932 -19.0466 17.0627
      vertex 1.4932 -19.0466 34.4039
    endloop
  endfacet
  facet normal 0.865998 -0.500047 0
    outer loop
      vertex 1.42645 -19.1622 34.3562
      vertex 1.42645 -19.1622 17.1105
      vertex 1.4932 -19.0466 17.0627
    endloop
  endfacet
  facet normal 0.866013 -0.500022 0
    outer loop
      vertex 1.30901 -19.3656 34.2973
      vertex 1.42645 -19.1622 17.1105
      vertex 1.42645 -19.1622 34.3562
    endloop
  endfacet
  facet normal 0.866013 -0.500022 0
    outer loop
      vertex 1.30901 -19.3656 34.2973
      vertex 1.30901 -19.3656 17.1693
      vertex 1.42645 -19.1622 17.1105
    endloop
  endfacet
  facet normal 0.866002 -0.500041 0
    outer loop
      vertex 1.24024 -19.4847 34.2629
      vertex 1.30901 -19.3656 17.1693
      vertex 1.30901 -19.3656 34.2973
    endloop
  endfacet
  facet normal 0.866002 -0.500041 0
    outer loop
      vertex 1.24024 -19.4847 34.2629
      vertex 1.24024 -19.4847 17.2038
      vertex 1.30901 -19.3656 17.1693
    endloop
  endfacet
  facet normal 0.866081 -0.499903 0
    outer loop
      vertex 1.17011 -19.6062 34.2421
      vertex 1.24024 -19.4847 17.2038
      vertex 1.24024 -19.4847 34.2629
    endloop
  endfacet
  facet normal 0.866081 -0.499903 0
    outer loop
      vertex 1.17011 -19.6062 34.2421
      vertex 1.17011 -19.6062 17.2246
      vertex 1.24024 -19.4847 17.2038
    endloop
  endfacet
  facet normal 0.865994 -0.500055 0
    outer loop
      vertex 1.05035 -19.8136 34.2066
      vertex 1.17011 -19.6062 17.2246
      vertex 1.17011 -19.6062 34.2421
    endloop
  endfacet
  facet normal 0.865994 -0.500055 0
    outer loop
      vertex 1.05035 -19.8136 34.2066
      vertex 1.05035 -19.8136 17.2601
      vertex 1.17011 -19.6062 17.2246
    endloop
  endfacet
  facet normal 0.866077 -0.49991 0
    outer loop
      vertex 0.929424 -20.0231 34.1947
      vertex 1.05035 -19.8136 17.2601
      vertex 1.05035 -19.8136 34.2066
    endloop
  endfacet
  facet normal 0.866077 -0.49991 0
    outer loop
      vertex 0.929424 -20.0231 34.1947
      vertex 0.929424 -20.0231 17.272
      vertex 1.05035 -19.8136 17.2601
    endloop
  endfacet
  facet normal 0.865949 -0.500132 0
    outer loop
      vertex 0.858616 -20.1457 34.1877
      vertex 0.929424 -20.0231 17.272
      vertex 0.929424 -20.0231 34.1947
    endloop
  endfacet
  facet normal 0.865949 -0.500132 0
    outer loop
      vertex 0.858616 -20.1457 34.1877
      vertex 0.858616 -20.1457 17.2789
      vertex 0.929424 -20.0231 17.272
    endloop
  endfacet
  facet normal 0.866126 -0.499826 0
    outer loop
      vertex 0.787808 -20.2684 34.1947
      vertex 0.858616 -20.1457 17.2789
      vertex 0.858616 -20.1457 34.1877
    endloop
  endfacet
  facet normal 0.866126 -0.499826 0
    outer loop
      vertex 0.787808 -20.2684 34.1947
      vertex 0.787808 -20.2684 17.272
      vertex 0.858616 -20.1457 17.2789
    endloop
  endfacet
  facet normal 0.865972 -0.500093 0
    outer loop
      vertex 0.666881 -20.4778 34.2066
      vertex 0.787808 -20.2684 17.272
      vertex 0.787808 -20.2684 34.1947
    endloop
  endfacet
  facet normal 0.865972 -0.500093 0
    outer loop
      vertex 0.666881 -20.4778 34.2066
      vertex 0.666881 -20.4778 17.2601
      vertex 0.787808 -20.2684 17.272
    endloop
  endfacet
  facet normal 0.866093 -0.499884 0
    outer loop
      vertex 0.547118 -20.6853 34.2421
      vertex 0.666881 -20.4778 17.2601
      vertex 0.666881 -20.4778 34.2066
    endloop
  endfacet
  facet normal 0.866093 -0.499884 0
    outer loop
      vertex 0.547118 -20.6853 34.2421
      vertex 0.547118 -20.6853 17.2246
      vertex 0.666881 -20.4778 17.2601
    endloop
  endfacet
  facet normal 0.865915 -0.500191 0
    outer loop
      vertex 0.476992 -20.8067 34.2629
      vertex 0.547118 -20.6853 17.2246
      vertex 0.547118 -20.6853 34.2421
    endloop
  endfacet
  facet normal 0.865915 -0.500191 0
    outer loop
      vertex 0.476992 -20.8067 34.2629
      vertex 0.476992 -20.8067 17.2038
      vertex 0.547118 -20.6853 17.2246
    endloop
  endfacet
  facet normal 0.866005 -0.500036 0
    outer loop
      vertex 0.408223 -20.9258 34.2973
      vertex 0.476992 -20.8067 17.2038
      vertex 0.476992 -20.8067 34.2629
    endloop
  endfacet
  facet normal 0.866005 -0.500036 0
    outer loop
      vertex 0.408223 -20.9258 34.2973
      vertex 0.408223 -20.9258 17.1693
      vertex 0.476992 -20.8067 17.2038
    endloop
  endfacet
  facet normal 0.866003 -0.500038 0
    outer loop
      vertex 0.290778 -21.1292 34.3562
      vertex 0.408223 -20.9258 17.1693
      vertex 0.408223 -20.9258 34.2973
    endloop
  endfacet
  facet normal 0.866003 -0.500038 0
    outer loop
      vertex 0.290778 -21.1292 34.3562
      vertex 0.290778 -21.1292 17.1105
      vertex 0.408223 -20.9258 17.1693
    endloop
  endfacet
  facet normal 0.866189 -0.499717 0
    outer loop
      vertex 0.224029 -21.2449 34.4039
      vertex 0.290778 -21.1292 17.1105
      vertex 0.290778 -21.1292 34.3562
    endloop
  endfacet
  facet normal 0.866189 -0.499717 0
    outer loop
      vertex 0.224029 -21.2449 34.4039
      vertex 0.224029 -21.2449 17.0627
      vertex 0.290778 -21.1292 17.1105
    endloop
  endfacet
  facet normal 0.865974 -0.500089 0
    outer loop
      vertex 0.110033 -21.4423 34.4855
      vertex 0.224029 -21.2449 17.0627
      vertex 0.224029 -21.2449 34.4039
    endloop
  endfacet
  facet normal 0.865974 -0.500089 0
    outer loop
      vertex 0.110033 -21.4423 34.4855
      vertex 0.110033 -21.4423 16.9811
      vertex 0.224029 -21.2449 17.0627
    endloop
  endfacet
  facet normal 0.866059 -0.499941 0
    outer loop
      vertex 0.000584579 -21.6319 34.5891
      vertex 0.110033 -21.4423 16.9811
      vertex 0.110033 -21.4423 34.4855
    endloop
  endfacet
  facet normal 0.866059 -0.499941 0
    outer loop
      vertex 0.000584579 -21.6319 34.5891
      vertex 0.000584579 -21.6319 16.8776
      vertex 0.110033 -21.4423 16.9811
    endloop
  endfacet
  facet normal 0.866022 -0.500006 0
    outer loop
      vertex -0.0635024 -21.7429 34.6497
      vertex 0.000584579 -21.6319 16.8776
      vertex 0.000584579 -21.6319 34.5891
    endloop
  endfacet
  facet normal 0.866022 -0.500006 0
    outer loop
      vertex -0.0635024 -21.7429 34.6497
      vertex -0.0635024 -21.7429 16.817
      vertex 0.000584579 -21.6319 16.8776
    endloop
  endfacet
  facet normal 0.865942 -0.500145 0
    outer loop
      vertex -0.16735 -21.9227 34.7742
      vertex -0.0635024 -21.7429 16.817
      vertex -0.0635024 -21.7429 34.6497
    endloop
  endfacet
  facet normal 0.865942 -0.500145 0
    outer loop
      vertex -0.16735 -21.9227 34.7742
      vertex -0.16735 -21.9227 16.6925
      vertex -0.0635024 -21.7429 16.817
    endloop
  endfacet
  facet normal 0.866184 -0.499724 0
    outer loop
      vertex -0.228158 -22.0281 34.8471
      vertex -0.16735 -21.9227 16.6925
      vertex -0.16735 -21.9227 34.7742
    endloop
  endfacet
  facet normal 0.866184 -0.499724 0
    outer loop
      vertex -0.228158 -22.0281 34.8471
      vertex -0.228158 -22.0281 16.6196
      vertex -0.16735 -21.9227 16.6925
    endloop
  endfacet
  facet normal 0.865978 -0.500082 0
    outer loop
      vertex -0.325405 -22.1965 34.9913
      vertex -0.228158 -22.0281 16.6196
      vertex -0.228158 -22.0281 34.8471
    endloop
  endfacet
  facet normal 0.865978 -0.500082 0
    outer loop
      vertex -0.325405 -22.1965 34.9913
      vertex -0.325405 -22.1965 16.4754
      vertex -0.228158 -22.0281 16.6196
    endloop
  endfacet
  facet normal 0.865967 -0.500101 0
    outer loop
      vertex -0.382347 -22.2951 35.0758
      vertex -0.325405 -22.1965 16.4754
      vertex -0.325405 -22.1965 34.9913
    endloop
  endfacet
  facet normal 0.865967 -0.500101 0
    outer loop
      vertex -0.382347 -22.2951 35.0758
      vertex -0.382347 -22.2951 16.3909
      vertex -0.325405 -22.1965 16.4754
    endloop
  endfacet
  facet normal 0.86607 -0.499922 0
    outer loop
      vertex -0.434875 -22.3861 35.171
      vertex -0.382347 -22.2951 16.3909
      vertex -0.382347 -22.2951 35.0758
    endloop
  endfacet
  facet normal 0.86607 -0.499922 0
    outer loop
      vertex -0.434875 -22.3861 35.171
      vertex -0.434875 -22.3861 16.2957
      vertex -0.382347 -22.2951 16.3909
    endloop
  endfacet
  facet normal 0.866053 -0.499953 0
    outer loop
      vertex -0.524584 -22.5415 35.3336
      vertex -0.434875 -22.3861 16.2957
      vertex -0.434875 -22.3861 35.171
    endloop
  endfacet
  facet normal 0.866053 -0.499953 0
    outer loop
      vertex -0.524584 -22.5415 35.3336
      vertex -0.524584 -22.5415 16.1331
      vertex -0.434875 -22.3861 16.2957
    endloop
  endfacet
  facet normal 0.86598 -0.500079 0
    outer loop
      vertex -0.605892 -22.6823 35.513
      vertex -0.524584 -22.5415 16.1331
      vertex -0.524584 -22.5415 35.3336
    endloop
  endfacet
  facet normal 0.86598 -0.500079 0
    outer loop
      vertex -0.605892 -22.6823 35.513
      vertex -0.605892 -22.6823 15.9536
      vertex -0.524584 -22.5415 16.1331
    endloop
  endfacet
  facet normal 0.866127 -0.499824 0
    outer loop
      vertex -0.653501 -22.7648 35.6181
      vertex -0.605892 -22.6823 15.9536
      vertex -0.605892 -22.6823 35.513
    endloop
  endfacet
  facet normal 0.866127 -0.499824 0
    outer loop
      vertex -0.653501 -22.7648 35.6181
      vertex -0.653501 -22.7648 15.8486
      vertex -0.605892 -22.6823 15.9536
    endloop
  endfacet
  facet normal 0.865883 -0.500246 0
    outer loop
      vertex -0.695733 -22.8379 35.732
      vertex -0.653501 -22.7648 15.8486
      vertex -0.653501 -22.7648 35.6181
    endloop
  endfacet
  facet normal 0.865883 -0.500246 0
    outer loop
      vertex -0.695733 -22.8379 35.732
      vertex -0.695733 -22.8379 15.7347
      vertex -0.653501 -22.7648 15.8486
    endloop
  endfacet
  facet normal 0.866163 -0.499762 0
    outer loop
      vertex -0.767856 -22.9629 35.9265
      vertex -0.695733 -22.8379 15.7347
      vertex -0.695733 -22.8379 35.732
    endloop
  endfacet
  facet normal 0.866163 -0.499762 0
    outer loop
      vertex -0.767856 -22.9629 35.9265
      vertex -0.767856 -22.9629 15.5402
      vertex -0.695733 -22.8379 15.7347
    endloop
  endfacet
  facet normal 0.865935 -0.500156 0
    outer loop
      vertex -0.804302 -23.026 36.0481
      vertex -0.767856 -22.9629 15.5402
      vertex -0.767856 -22.9629 35.9265
    endloop
  endfacet
  facet normal 0.865935 -0.500156 0
    outer loop
      vertex -0.804302 -23.026 36.0481
      vertex -0.804302 -23.026 15.4186
      vertex -0.767856 -22.9629 15.5402
    endloop
  endfacet
  facet normal 0.866006 -0.500034 0
    outer loop
      vertex -0.866546 -23.1338 36.2558
      vertex -0.804302 -23.026 15.4186
      vertex -0.804302 -23.026 36.0481
    endloop
  endfacet
  facet normal 0.866006 -0.500034 0
    outer loop
      vertex -0.866546 -23.1338 36.2558
      vertex -0.866546 -23.1338 15.2109
      vertex -0.804302 -23.026 15.4186
    endloop
  endfacet
  facet normal 0.866025 -0.500001 1.28706e-07
    outer loop
      vertex -17.1914 -51.4092 0.869475
      vertex -0.866546 -23.1338 36.2558
      vertex -0.896857 -23.1863 36.3839
    endloop
  endfacet
  facet normal 0.866025 -0.500001 0
    outer loop
      vertex -0.866546 -23.1338 36.2558
      vertex -17.1914 -51.4092 0.869475
      vertex -0.866546 -23.1338 15.2109
    endloop
  endfacet
  facet normal 0.866057 -0.499946 -5.86272e-05
    outer loop
      vertex -17.1914 -51.4092 0.869475
      vertex -0.896857 -23.1863 36.3839
      vertex -0.948623 -23.276 36.6028
    endloop
  endfacet
  facet normal 0.866025 -0.500001 -2.45576e-07
    outer loop
      vertex -0.866546 -23.1338 15.2109
      vertex -17.1914 -51.4092 0.869475
      vertex -0.896857 -23.1863 15.0827
    endloop
  endfacet
  facet normal 0.865984 -0.500071 7.3342e-05
    outer loop
      vertex -17.1914 -51.4092 0.869475
      vertex -0.948623 -23.276 36.6028
      vertex -0.989411 -23.3466 36.8308
    endloop
  endfacet
  facet normal 0.866 -0.500043 0.000111956
    outer loop
      vertex -0.896857 -23.1863 15.0827
      vertex -17.1914 -51.4092 0.869475
      vertex -0.948623 -23.276 14.8638
    endloop
  endfacet
  facet normal 0.866085 -0.499897 -0.000108447
    outer loop
      vertex -17.1914 -51.4092 0.869475
      vertex -0.989411 -23.3466 36.8308
      vertex -1.01329 -23.388 36.9643
    endloop
  endfacet
  facet normal 0.866051 -0.499956 -0.000120802
    outer loop
      vertex -0.948623 -23.276 14.8638
      vertex -17.1914 -51.4092 0.869475
      vertex -0.989411 -23.3466 14.6358
    endloop
  endfacet
  facet normal 0.865972 -0.500093 9.44104e-05
    outer loop
      vertex -17.1914 -51.4092 0.869475
      vertex -1.01329 -23.388 36.9643
      vertex -1.04271 -23.4389 37.1992
    endloop
  endfacet
  facet normal 0.865987 -0.500067 0.000178713
    outer loop
      vertex -0.989411 -23.3466 14.6358
      vertex -17.1914 -51.4092 0.869475
      vertex -1.01329 -23.388 14.5023
    endloop
  endfacet
  facet normal 0.866116 -0.499844 -0.000161037
    outer loop
      vertex -17.1914 -51.4092 0.869475
      vertex -1.04271 -23.4389 37.1992
      vertex -1.05994 -23.4688 37.3368
    endloop
  endfacet
  facet normal 0.866053 -0.499952 -0.000135071
    outer loop
      vertex -1.01329 -23.388 14.5023
      vertex -17.1914 -51.4092 0.869475
      vertex -1.04271 -23.4389 14.2675
    endloop
  endfacet
  facet normal 0.866002 -0.500041 4.04972e-05
    outer loop
      vertex -17.1914 -51.4092 0.869475
      vertex -1.05994 -23.4688 37.3368
      vertex -1.07034 -23.4868 37.477
    endloop
  endfacet
  facet normal 0.865977 -0.500083 0.000230441
    outer loop
      vertex -1.04271 -23.4389 14.2675
      vertex -17.1914 -51.4092 0.869475
      vertex -1.05994 -23.4688 14.1299
    endloop
  endfacet
  facet normal 0.865945 -0.500139 0.000140181
    outer loop
      vertex -17.1914 -51.4092 0.869475
      vertex -1.07034 -23.4868 37.477
      vertex -1.08811 -23.5175 37.7165
    endloop
  endfacet
  facet normal 0.866035 -0.499984 -5.03533e-05
    outer loop
      vertex -1.05994 -23.4688 14.1299
      vertex -17.1914 -51.4092 0.869475
      vertex -1.07034 -23.4868 13.9897
    endloop
  endfacet
  facet normal 0.866038 -0.499978 -2.27478e-05
    outer loop
      vertex -17.1914 -51.4092 0.869475
      vertex -1.08811 -23.5175 37.7165
      vertex -1.09405 -23.5278 37.9584
    endloop
  endfacet
  facet normal 0.86606 -0.49994 -0.000174179
    outer loop
      vertex -1.07034 -23.4868 13.9897
      vertex -17.1914 -51.4092 0.869475
      vertex -1.08811 -23.5175 13.7501
    endloop
  endfacet
  facet normal 0.866165 -0.499759 -0.000242064
    outer loop
      vertex -17.1914 -51.4092 0.869475
      vertex -1.09405 -23.5278 37.9584
      vertex -1.09753 -23.5339 38.1
    endloop
  endfacet
  facet normal 0.86602 -0.500009 2.45192e-05
    outer loop
      vertex -1.08811 -23.5175 13.7501
      vertex -17.1914 -51.4092 0.869475
      vertex -1.09405 -23.5278 13.5083
    endloop
  endfacet
  facet normal 0.866021 -0.500008 2.44787e-05
    outer loop
      vertex 2.80534 -16.7739 62.4499
      vertex 18.9086 11.1178 75.3305
      vertex 2.81128 -16.7636 62.6917
    endloop
  endfacet
  facet normal 0.865973 -0.500092 9.20578e-05
    outer loop
      vertex 18.9086 11.1178 75.3305
      vertex 2.81128 -16.7636 38.2416
      vertex 2.81476 -16.7576 38.1
    endloop
  endfacet
  facet normal 0.866016 -0.500016 4.75154e-05
    outer loop
      vertex 2.78757 -16.8047 62.2103
      vertex 18.9086 11.1178 75.3305
      vertex 2.80534 -16.7739 62.4499
    endloop
  endfacet
  facet normal 0.866039 -0.499977 -2.27103e-05
    outer loop
      vertex 18.9086 11.1178 75.3305
      vertex 2.80534 -16.7739 38.4835
      vertex 2.81128 -16.7636 38.2416
    endloop
  endfacet
  facet normal 0.866036 -0.499981 -5.07252e-05
    outer loop
      vertex 2.77717 -16.8227 62.0701
      vertex 18.9086 11.1178 75.3305
      vertex 2.78757 -16.8047 62.2103
    endloop
  endfacet
  facet normal 0.866048 -0.499962 -3.82215e-05
    outer loop
      vertex 18.9086 11.1178 75.3305
      vertex 2.78757 -16.8047 38.723
      vertex 2.80534 -16.7739 38.4835
    endloop
  endfacet
  facet normal 0.866062 -0.499937 -0.000175299
    outer loop
      vertex 2.75994 -16.8525 61.9325
      vertex 18.9086 11.1178 75.3305
      vertex 2.77717 -16.8227 62.0701
    endloop
  endfacet
  facet normal 0.866003 -0.500039 4.07963e-05
    outer loop
      vertex 18.9086 11.1178 75.3305
      vertex 2.77717 -16.8227 38.8632
      vertex 2.78757 -16.8047 38.723
    endloop
  endfacet
  facet normal 0.865996 -0.500052 0.000143516
    outer loop
      vertex 2.73053 -16.9035 61.6977
      vertex 18.9086 11.1178 75.3305
      vertex 2.75994 -16.8525 61.9325
    endloop
  endfacet
  facet normal 0.865956 -0.500119 0.000122606
    outer loop
      vertex 18.9086 11.1178 75.3305
      vertex 2.75994 -16.8525 39.0008
      vertex 2.77717 -16.8227 38.8632
    endloop
  endfacet
  facet normal 0.866099 -0.499872 -0.000347378
    outer loop
      vertex 2.70664 -16.9448 61.5642
      vertex 18.9086 11.1178 75.3305
      vertex 2.73053 -16.9035 61.6977
    endloop
  endfacet
  facet normal 0.866082 -0.499902 -0.000100266
    outer loop
      vertex 18.9086 11.1178 75.3305
      vertex 2.73053 -16.9035 39.2357
      vertex 2.75994 -16.8525 39.0008
    endloop
  endfacet
  facet normal 0.865998 -0.500048 0.000128522
    outer loop
      vertex 2.66585 -17.0155 61.3362
      vertex 18.9086 11.1178 75.3305
      vertex 2.70664 -16.9448 61.5642
    endloop
  endfacet
  facet normal 0.865908 -0.500203 0.000210961
    outer loop
      vertex 18.9086 11.1178 75.3305
      vertex 2.70664 -16.9448 39.3692
      vertex 2.73053 -16.9035 39.2357
    endloop
  endfacet
  facet normal 0.865995 -0.500052 0.000140427
    outer loop
      vertex 2.61409 -17.1052 61.1173
      vertex 18.9086 11.1178 75.3305
      vertex 2.66585 -17.0155 61.3362
    endloop
  endfacet
  facet normal 0.866069 -0.499925 -7.79899e-05
    outer loop
      vertex 18.9086 11.1178 75.3305
      vertex 2.66585 -17.0155 39.5972
      vertex 2.70664 -16.9448 39.3692
    endloop
  endfacet
  facet normal 0.866025 -0.500002 6.8284e-06
    outer loop
      vertex 2.58378 -17.1577 60.9891
      vertex 18.9086 11.1178 75.3305
      vertex 2.61409 -17.1052 61.1173
    endloop
  endfacet
  facet normal 0.866066 -0.49993 -7.35376e-05
    outer loop
      vertex 18.9086 11.1178 75.3305
      vertex 2.61409 -17.1052 39.8161
      vertex 2.66585 -17.0155 39.5972
    endloop
  endfacet
  facet normal 0.866026 -0.499999 0
    outer loop
      vertex 2.58378 -17.1577 39.9442
      vertex 18.9086 11.1178 75.3305
      vertex 2.58378 -17.1577 60.9891
    endloop
  endfacet
  facet normal 0.866028 -0.499996 -3.57877e-06
    outer loop
      vertex 18.9086 11.1178 75.3305
      vertex 2.58378 -17.1577 39.9442
      vertex 2.61409 -17.1052 39.8161
    endloop
  endfacet
  facet normal 0.865985 -0.50007 0
    outer loop
      vertex 2.52153 -17.2655 60.7814
      vertex 2.58378 -17.1577 39.9442
      vertex 2.58378 -17.1577 60.9891
    endloop
  endfacet
  facet normal 0.865985 -0.50007 0
    outer loop
      vertex 2.52153 -17.2655 60.7814
      vertex 2.52153 -17.2655 40.1519
      vertex 2.58378 -17.1577 39.9442
    endloop
  endfacet
  facet normal 0.865971 -0.500095 0
    outer loop
      vertex 2.48509 -17.3286 60.6598
      vertex 2.52153 -17.2655 40.1519
      vertex 2.52153 -17.2655 60.7814
    endloop
  endfacet
  facet normal 0.865971 -0.500095 0
    outer loop
      vertex 2.48509 -17.3286 60.6598
      vertex 2.48509 -17.3286 40.2735
      vertex 2.52153 -17.2655 40.1519
    endloop
  endfacet
  facet normal 0.865969 -0.500099 0
    outer loop
      vertex 2.41296 -17.4535 60.4653
      vertex 2.48509 -17.3286 40.2735
      vertex 2.48509 -17.3286 60.6598
    endloop
  endfacet
  facet normal 0.865969 -0.500099 0
    outer loop
      vertex 2.41296 -17.4535 60.4653
      vertex 2.41296 -17.4535 40.468
      vertex 2.48509 -17.3286 40.2735
    endloop
  endfacet
  facet normal 0.86619 -0.499716 0
    outer loop
      vertex 2.37073 -17.5267 60.3514
      vertex 2.41296 -17.4535 40.468
      vertex 2.41296 -17.4535 60.4653
    endloop
  endfacet
  facet normal 0.86619 -0.499716 0
    outer loop
      vertex 2.37073 -17.5267 60.3514
      vertex 2.37073 -17.5267 40.5819
      vertex 2.41296 -17.4535 40.468
    endloop
  endfacet
  facet normal 0.86586 -0.500286 0
    outer loop
      vertex 2.32312 -17.6091 60.2463
      vertex 2.37073 -17.5267 40.5819
      vertex 2.37073 -17.5267 60.3514
    endloop
  endfacet
  facet normal 0.86586 -0.500286 0
    outer loop
      vertex 2.32312 -17.6091 60.2463
      vertex 2.32312 -17.6091 40.687
      vertex 2.37073 -17.5267 40.5819
    endloop
  endfacet
  facet normal 0.866001 -0.500042 0
    outer loop
      vertex 2.24182 -17.7499 60.0669
      vertex 2.32312 -17.6091 40.687
      vertex 2.32312 -17.6091 60.2463
    endloop
  endfacet
  facet normal 0.866001 -0.500042 0
    outer loop
      vertex 2.24182 -17.7499 60.0669
      vertex 2.24182 -17.7499 40.8664
      vertex 2.32312 -17.6091 40.687
    endloop
  endfacet
  facet normal 0.86605 -0.499957 0
    outer loop
      vertex 2.15211 -17.9053 59.9043
      vertex 2.24182 -17.7499 40.8664
      vertex 2.24182 -17.7499 60.0669
    endloop
  endfacet
  facet normal 0.86605 -0.499957 0
    outer loop
      vertex 2.15211 -17.9053 59.9043
      vertex 2.15211 -17.9053 41.029
      vertex 2.24182 -17.7499 40.8664
    endloop
  endfacet
  facet normal 0.866062 -0.499937 0
    outer loop
      vertex 2.09958 -17.9963 59.8091
      vertex 2.15211 -17.9053 41.029
      vertex 2.15211 -17.9053 59.9043
    endloop
  endfacet
  facet normal 0.866062 -0.499937 0
    outer loop
      vertex 2.09958 -17.9963 59.8091
      vertex 2.09958 -17.9963 41.1242
      vertex 2.15211 -17.9053 41.029
    endloop
  endfacet
  facet normal 0.865975 -0.500087 0
    outer loop
      vertex 2.04264 -18.0949 59.7246
      vertex 2.09958 -17.9963 41.1242
      vertex 2.09958 -17.9963 59.8091
    endloop
  endfacet
  facet normal 0.865975 -0.500087 0
    outer loop
      vertex 2.04264 -18.0949 59.7246
      vertex 2.04264 -18.0949 41.2087
      vertex 2.09958 -17.9963 41.1242
    endloop
  endfacet
  facet normal 0.8661 -0.499871 0
    outer loop
      vertex 1.94539 -18.2634 59.5804
      vertex 2.04264 -18.0949 41.2087
      vertex 2.04264 -18.0949 59.7246
    endloop
  endfacet
  facet normal 0.8661 -0.499871 0
    outer loop
      vertex 1.94539 -18.2634 59.5804
      vertex 1.94539 -18.2634 41.3529
      vertex 2.04264 -18.0949 41.2087
    endloop
  endfacet
  facet normal 0.865972 -0.500093 0
    outer loop
      vertex 1.88458 -18.3687 59.5075
      vertex 1.94539 -18.2634 41.3529
      vertex 1.94539 -18.2634 59.5804
    endloop
  endfacet
  facet normal 0.865972 -0.500093 0
    outer loop
      vertex 1.88458 -18.3687 59.5075
      vertex 1.88458 -18.3687 41.4258
      vertex 1.94539 -18.2634 41.3529
    endloop
  endfacet
  facet normal 0.866057 -0.499945 0
    outer loop
      vertex 1.78073 -18.5486 59.383
      vertex 1.88458 -18.3687 41.4258
      vertex 1.88458 -18.3687 59.5075
    endloop
  endfacet
  facet normal 0.866057 -0.499945 0
    outer loop
      vertex 1.78073 -18.5486 59.383
      vertex 1.78073 -18.5486 41.5503
      vertex 1.88458 -18.3687 41.4258
    endloop
  endfacet
  facet normal 0.866045 -0.499966 0
    outer loop
      vertex 1.71665 -18.6596 59.3224
      vertex 1.78073 -18.5486 41.5503
      vertex 1.78073 -18.5486 59.383
    endloop
  endfacet
  facet normal 0.866045 -0.499966 0
    outer loop
      vertex 1.71665 -18.6596 59.3224
      vertex 1.71665 -18.6596 41.6109
      vertex 1.78073 -18.5486 41.5503
    endloop
  endfacet
  facet normal 0.865942 -0.500144 0
    outer loop
      vertex 1.6072 -18.8491 59.2189
      vertex 1.71665 -18.6596 41.6109
      vertex 1.71665 -18.6596 59.3224
    endloop
  endfacet
  facet normal 0.865942 -0.500144 0
    outer loop
      vertex 1.6072 -18.8491 59.2189
      vertex 1.6072 -18.8491 41.7145
      vertex 1.71665 -18.6596 41.6109
    endloop
  endfacet
  facet normal 0.866076 -0.499912 0
    outer loop
      vertex 1.4932 -19.0466 59.1373
      vertex 1.6072 -18.8491 41.7145
      vertex 1.6072 -18.8491 59.2189
    endloop
  endfacet
  facet normal 0.866076 -0.499912 0
    outer loop
      vertex 1.4932 -19.0466 59.1373
      vertex 1.4932 -19.0466 41.7961
      vertex 1.6072 -18.8491 41.7145
    endloop
  endfacet
  facet normal 0.865998 -0.500047 0
    outer loop
      vertex 1.42645 -19.1622 59.0895
      vertex 1.4932 -19.0466 41.7961
      vertex 1.4932 -19.0466 59.1373
    endloop
  endfacet
  facet normal 0.865998 -0.500047 0
    outer loop
      vertex 1.42645 -19.1622 59.0895
      vertex 1.42645 -19.1622 41.8438
      vertex 1.4932 -19.0466 41.7961
    endloop
  endfacet
  facet normal 0.866013 -0.500022 0
    outer loop
      vertex 1.30901 -19.3656 59.0307
      vertex 1.42645 -19.1622 41.8438
      vertex 1.42645 -19.1622 59.0895
    endloop
  endfacet
  facet normal 0.866013 -0.500022 0
    outer loop
      vertex 1.30901 -19.3656 59.0307
      vertex 1.30901 -19.3656 41.9027
      vertex 1.42645 -19.1622 41.8438
    endloop
  endfacet
  facet normal 0.866002 -0.500041 0
    outer loop
      vertex 1.24024 -19.4847 58.9962
      vertex 1.30901 -19.3656 41.9027
      vertex 1.30901 -19.3656 59.0307
    endloop
  endfacet
  facet normal 0.866002 -0.500041 0
    outer loop
      vertex 1.24024 -19.4847 58.9962
      vertex 1.24024 -19.4847 41.9371
      vertex 1.30901 -19.3656 41.9027
    endloop
  endfacet
  facet normal 0.866081 -0.499903 0
    outer loop
      vertex 1.17011 -19.6062 58.9754
      vertex 1.24024 -19.4847 41.9371
      vertex 1.24024 -19.4847 58.9962
    endloop
  endfacet
  facet normal 0.866081 -0.499903 0
    outer loop
      vertex 1.17011 -19.6062 58.9754
      vertex 1.17011 -19.6062 41.9579
      vertex 1.24024 -19.4847 41.9371
    endloop
  endfacet
  facet normal 0.865994 -0.500055 0
    outer loop
      vertex 1.05035 -19.8136 58.9399
      vertex 1.17011 -19.6062 41.9579
      vertex 1.17011 -19.6062 58.9754
    endloop
  endfacet
  facet normal 0.865994 -0.500055 0
    outer loop
      vertex 1.05035 -19.8136 58.9399
      vertex 1.05035 -19.8136 41.9934
      vertex 1.17011 -19.6062 41.9579
    endloop
  endfacet
  facet normal 0.866077 -0.49991 0
    outer loop
      vertex 0.929424 -20.0231 58.928
      vertex 1.05035 -19.8136 41.9934
      vertex 1.05035 -19.8136 58.9399
    endloop
  endfacet
  facet normal 0.866077 -0.49991 0
    outer loop
      vertex 0.929424 -20.0231 58.928
      vertex 0.929424 -20.0231 42.0053
      vertex 1.05035 -19.8136 41.9934
    endloop
  endfacet
  facet normal 0.865949 -0.500132 0
    outer loop
      vertex 0.858616 -20.1457 58.9211
      vertex 0.929424 -20.0231 42.0053
      vertex 0.929424 -20.0231 58.928
    endloop
  endfacet
  facet normal 0.865949 -0.500132 0
    outer loop
      vertex 0.858616 -20.1457 58.9211
      vertex 0.858616 -20.1457 42.0123
      vertex 0.929424 -20.0231 42.0053
    endloop
  endfacet
  facet normal 0.866126 -0.499826 0
    outer loop
      vertex 0.787808 -20.2684 58.928
      vertex 0.858616 -20.1457 42.0123
      vertex 0.858616 -20.1457 58.9211
    endloop
  endfacet
  facet normal 0.866126 -0.499826 0
    outer loop
      vertex 0.787808 -20.2684 58.928
      vertex 0.787808 -20.2684 42.0053
      vertex 0.858616 -20.1457 42.0123
    endloop
  endfacet
  facet normal 0.865972 -0.500093 0
    outer loop
      vertex 0.666881 -20.4778 58.9399
      vertex 0.787808 -20.2684 42.0053
      vertex 0.787808 -20.2684 58.928
    endloop
  endfacet
  facet normal 0.865972 -0.500093 0
    outer loop
      vertex 0.666881 -20.4778 58.9399
      vertex 0.666881 -20.4778 41.9934
      vertex 0.787808 -20.2684 42.0053
    endloop
  endfacet
  facet normal 0.866093 -0.499884 0
    outer loop
      vertex 0.547118 -20.6853 58.9754
      vertex 0.666881 -20.4778 41.9934
      vertex 0.666881 -20.4778 58.9399
    endloop
  endfacet
  facet normal 0.866093 -0.499884 0
    outer loop
      vertex 0.547118 -20.6853 58.9754
      vertex 0.547118 -20.6853 41.9579
      vertex 0.666881 -20.4778 41.9934
    endloop
  endfacet
  facet normal 0.865915 -0.500191 0
    outer loop
      vertex 0.476992 -20.8067 58.9962
      vertex 0.547118 -20.6853 41.9579
      vertex 0.547118 -20.6853 58.9754
    endloop
  endfacet
  facet normal 0.865915 -0.500191 0
    outer loop
      vertex 0.476992 -20.8067 58.9962
      vertex 0.476992 -20.8067 41.9371
      vertex 0.547118 -20.6853 41.9579
    endloop
  endfacet
  facet normal 0.866005 -0.500036 0
    outer loop
      vertex 0.408223 -20.9258 59.0307
      vertex 0.476992 -20.8067 41.9371
      vertex 0.476992 -20.8067 58.9962
    endloop
  endfacet
  facet normal 0.866005 -0.500036 0
    outer loop
      vertex 0.408223 -20.9258 59.0307
      vertex 0.408223 -20.9258 41.9027
      vertex 0.476992 -20.8067 41.9371
    endloop
  endfacet
  facet normal 0.866003 -0.500038 0
    outer loop
      vertex 0.290778 -21.1292 59.0895
      vertex 0.408223 -20.9258 41.9027
      vertex 0.408223 -20.9258 59.0307
    endloop
  endfacet
  facet normal 0.866003 -0.500038 0
    outer loop
      vertex 0.290778 -21.1292 59.0895
      vertex 0.290778 -21.1292 41.8438
      vertex 0.408223 -20.9258 41.9027
    endloop
  endfacet
  facet normal 0.866189 -0.499717 0
    outer loop
      vertex 0.224029 -21.2449 59.1373
      vertex 0.290778 -21.1292 41.8438
      vertex 0.290778 -21.1292 59.0895
    endloop
  endfacet
  facet normal 0.866189 -0.499717 0
    outer loop
      vertex 0.224029 -21.2449 59.1373
      vertex 0.224029 -21.2449 41.7961
      vertex 0.290778 -21.1292 41.8438
    endloop
  endfacet
  facet normal 0.865974 -0.500089 0
    outer loop
      vertex 0.110033 -21.4423 59.2189
      vertex 0.224029 -21.2449 41.7961
      vertex 0.224029 -21.2449 59.1373
    endloop
  endfacet
  facet normal 0.865974 -0.500089 0
    outer loop
      vertex 0.110033 -21.4423 59.2189
      vertex 0.110033 -21.4423 41.7145
      vertex 0.224029 -21.2449 41.7961
    endloop
  endfacet
  facet normal 0.866059 -0.499941 0
    outer loop
      vertex 0.000584579 -21.6319 59.3224
      vertex 0.110033 -21.4423 41.7145
      vertex 0.110033 -21.4423 59.2189
    endloop
  endfacet
  facet normal 0.866059 -0.499941 0
    outer loop
      vertex 0.000584579 -21.6319 59.3224
      vertex 0.000584579 -21.6319 41.6109
      vertex 0.110033 -21.4423 41.7145
    endloop
  endfacet
  facet normal 0.866022 -0.500006 0
    outer loop
      vertex -0.0635024 -21.7429 59.383
      vertex 0.000584579 -21.6319 41.6109
      vertex 0.000584579 -21.6319 59.3224
    endloop
  endfacet
  facet normal 0.866022 -0.500006 0
    outer loop
      vertex -0.0635024 -21.7429 59.383
      vertex -0.0635024 -21.7429 41.5503
      vertex 0.000584579 -21.6319 41.6109
    endloop
  endfacet
  facet normal 0.865942 -0.500145 0
    outer loop
      vertex -0.16735 -21.9227 59.5075
      vertex -0.0635024 -21.7429 41.5503
      vertex -0.0635024 -21.7429 59.383
    endloop
  endfacet
  facet normal 0.865942 -0.500145 0
    outer loop
      vertex -0.16735 -21.9227 59.5075
      vertex -0.16735 -21.9227 41.4258
      vertex -0.0635024 -21.7429 41.5503
    endloop
  endfacet
  facet normal 0.866184 -0.499724 0
    outer loop
      vertex -0.228158 -22.0281 59.5804
      vertex -0.16735 -21.9227 41.4258
      vertex -0.16735 -21.9227 59.5075
    endloop
  endfacet
  facet normal 0.866184 -0.499724 0
    outer loop
      vertex -0.228158 -22.0281 59.5804
      vertex -0.228158 -22.0281 41.3529
      vertex -0.16735 -21.9227 41.4258
    endloop
  endfacet
  facet normal 0.865978 -0.500082 0
    outer loop
      vertex -0.325405 -22.1965 59.7246
      vertex -0.228158 -22.0281 41.3529
      vertex -0.228158 -22.0281 59.5804
    endloop
  endfacet
  facet normal 0.865978 -0.500082 0
    outer loop
      vertex -0.325405 -22.1965 59.7246
      vertex -0.325405 -22.1965 41.2087
      vertex -0.228158 -22.0281 41.3529
    endloop
  endfacet
  facet normal 0.865967 -0.500101 0
    outer loop
      vertex -0.382347 -22.2951 59.8091
      vertex -0.325405 -22.1965 41.2087
      vertex -0.325405 -22.1965 59.7246
    endloop
  endfacet
  facet normal 0.865967 -0.500101 0
    outer loop
      vertex -0.382347 -22.2951 59.8091
      vertex -0.382347 -22.2951 41.1242
      vertex -0.325405 -22.1965 41.2087
    endloop
  endfacet
  facet normal 0.86607 -0.499922 0
    outer loop
      vertex -0.434875 -22.3861 59.9043
      vertex -0.382347 -22.2951 41.1242
      vertex -0.382347 -22.2951 59.8091
    endloop
  endfacet
  facet normal 0.86607 -0.499922 0
    outer loop
      vertex -0.434875 -22.3861 59.9043
      vertex -0.434875 -22.3861 41.029
      vertex -0.382347 -22.2951 41.1242
    endloop
  endfacet
  facet normal 0.866053 -0.499953 0
    outer loop
      vertex -0.524584 -22.5415 60.0669
      vertex -0.434875 -22.3861 41.029
      vertex -0.434875 -22.3861 59.9043
    endloop
  endfacet
  facet normal 0.866053 -0.499953 0
    outer loop
      vertex -0.524584 -22.5415 60.0669
      vertex -0.524584 -22.5415 40.8664
      vertex -0.434875 -22.3861 41.029
    endloop
  endfacet
  facet normal 0.86598 -0.500079 0
    outer loop
      vertex -0.605892 -22.6823 60.2463
      vertex -0.524584 -22.5415 40.8664
      vertex -0.524584 -22.5415 60.0669
    endloop
  endfacet
  facet normal 0.86598 -0.500079 0
    outer loop
      vertex -0.605892 -22.6823 60.2463
      vertex -0.605892 -22.6823 40.687
      vertex -0.524584 -22.5415 40.8664
    endloop
  endfacet
  facet normal 0.866127 -0.499824 0
    outer loop
      vertex -0.653501 -22.7648 60.3514
      vertex -0.605892 -22.6823 40.687
      vertex -0.605892 -22.6823 60.2463
    endloop
  endfacet
  facet normal 0.866127 -0.499824 0
    outer loop
      vertex -0.653501 -22.7648 60.3514
      vertex -0.653501 -22.7648 40.5819
      vertex -0.605892 -22.6823 40.687
    endloop
  endfacet
  facet normal 0.865883 -0.500246 0
    outer loop
      vertex -0.695733 -22.8379 60.4653
      vertex -0.653501 -22.7648 40.5819
      vertex -0.653501 -22.7648 60.3514
    endloop
  endfacet
  facet normal 0.865883 -0.500246 0
    outer loop
      vertex -0.695733 -22.8379 60.4653
      vertex -0.695733 -22.8379 40.468
      vertex -0.653501 -22.7648 40.5819
    endloop
  endfacet
  facet normal 0.866163 -0.499762 0
    outer loop
      vertex -0.767856 -22.9629 60.6598
      vertex -0.695733 -22.8379 40.468
      vertex -0.695733 -22.8379 60.4653
    endloop
  endfacet
  facet normal 0.866163 -0.499762 0
    outer loop
      vertex -0.767856 -22.9629 60.6598
      vertex -0.767856 -22.9629 40.2735
      vertex -0.695733 -22.8379 40.468
    endloop
  endfacet
  facet normal 0.865935 -0.500156 0
    outer loop
      vertex -0.804302 -23.026 60.7814
      vertex -0.767856 -22.9629 40.2735
      vertex -0.767856 -22.9629 60.6598
    endloop
  endfacet
  facet normal 0.865935 -0.500156 0
    outer loop
      vertex -0.804302 -23.026 60.7814
      vertex -0.804302 -23.026 40.1519
      vertex -0.767856 -22.9629 40.2735
    endloop
  endfacet
  facet normal 0.866006 -0.500034 0
    outer loop
      vertex -0.866546 -23.1338 60.9891
      vertex -0.804302 -23.026 40.1519
      vertex -0.804302 -23.026 60.7814
    endloop
  endfacet
  facet normal 0.866006 -0.500034 0
    outer loop
      vertex -0.866546 -23.1338 60.9891
      vertex -0.866546 -23.1338 39.9442
      vertex -0.804302 -23.026 40.1519
    endloop
  endfacet
  facet normal 0.866025 -0.500001 2.45576e-07
    outer loop
      vertex -17.1914 -51.4092 75.3305
      vertex -0.866546 -23.1338 60.9891
      vertex -0.896857 -23.1863 61.1173
    endloop
  endfacet
  facet normal 0.866025 -0.500001 0
    outer loop
      vertex -0.866546 -23.1338 60.9891
      vertex -17.1914 -51.4092 75.3305
      vertex -0.866546 -23.1338 39.9442
    endloop
  endfacet
  facet normal 0.866 -0.500043 -0.000111956
    outer loop
      vertex -17.1914 -51.4092 75.3305
      vertex -0.896857 -23.1863 61.1173
      vertex -0.948623 -23.276 61.3362
    endloop
  endfacet
  facet normal 0.866025 -0.500001 -1.28706e-07
    outer loop
      vertex -0.866546 -23.1338 39.9442
      vertex -17.1914 -51.4092 75.3305
      vertex -0.896857 -23.1863 39.8161
    endloop
  endfacet
  facet normal 0.866051 -0.499956 0.000120802
    outer loop
      vertex -17.1914 -51.4092 75.3305
      vertex -0.948623 -23.276 61.3362
      vertex -0.989411 -23.3466 61.5642
    endloop
  endfacet
  facet normal 0.866057 -0.499946 5.86272e-05
    outer loop
      vertex -0.896857 -23.1863 39.8161
      vertex -17.1914 -51.4092 75.3305
      vertex -0.948623 -23.276 39.5972
    endloop
  endfacet
  facet normal 0.865987 -0.500067 -0.000178713
    outer loop
      vertex -17.1914 -51.4092 75.3305
      vertex -0.989411 -23.3466 61.5642
      vertex -1.01329 -23.388 61.6977
    endloop
  endfacet
  facet normal 0.865984 -0.500071 -7.3342e-05
    outer loop
      vertex -0.948623 -23.276 39.5972
      vertex -17.1914 -51.4092 75.3305
      vertex -0.989411 -23.3466 39.3692
    endloop
  endfacet
  facet normal 0.866053 -0.499952 0.000135071
    outer loop
      vertex -17.1914 -51.4092 75.3305
      vertex -1.01329 -23.388 61.6977
      vertex -1.04271 -23.4389 61.9325
    endloop
  endfacet
  facet normal 0.866085 -0.499897 0.000108447
    outer loop
      vertex -0.989411 -23.3466 39.3692
      vertex -17.1914 -51.4092 75.3305
      vertex -1.01329 -23.388 39.2357
    endloop
  endfacet
  facet normal 0.865977 -0.500083 -0.000230441
    outer loop
      vertex -17.1914 -51.4092 75.3305
      vertex -1.04271 -23.4389 61.9325
      vertex -1.05994 -23.4688 62.0701
    endloop
  endfacet
  facet normal 0.865972 -0.500093 -9.44105e-05
    outer loop
      vertex -1.01329 -23.388 39.2357
      vertex -17.1914 -51.4092 75.3305
      vertex -1.04271 -23.4389 39.0008
    endloop
  endfacet
  facet normal 0.866035 -0.499984 5.03533e-05
    outer loop
      vertex -17.1914 -51.4092 75.3305
      vertex -1.05994 -23.4688 62.0701
      vertex -1.07034 -23.4868 62.2103
    endloop
  endfacet
  facet normal 0.866116 -0.499844 0.000161037
    outer loop
      vertex -1.04271 -23.4389 39.0008
      vertex -17.1914 -51.4092 75.3305
      vertex -1.05994 -23.4688 38.8632
    endloop
  endfacet
  facet normal 0.86606 -0.49994 0.000174179
    outer loop
      vertex -17.1914 -51.4092 75.3305
      vertex -1.07034 -23.4868 62.2103
      vertex -1.08811 -23.5175 62.4499
    endloop
  endfacet
  facet normal 0.866002 -0.500041 -4.04972e-05
    outer loop
      vertex -1.05994 -23.4688 38.8632
      vertex -17.1914 -51.4092 75.3305
      vertex -1.07034 -23.4868 38.723
    endloop
  endfacet
  facet normal 0.86602 -0.500009 -2.45192e-05
    outer loop
      vertex -17.1914 -51.4092 75.3305
      vertex -1.08811 -23.5175 62.4499
      vertex -1.09405 -23.5278 62.6917
    endloop
  endfacet
  facet normal 0.865945 -0.500139 -0.000140181
    outer loop
      vertex -1.07034 -23.4868 38.723
      vertex -17.1914 -51.4092 75.3305
      vertex -1.08811 -23.5175 38.4835
    endloop
  endfacet
  facet normal 0.865974 -0.500089 -0.000260976
    outer loop
      vertex -17.1914 -51.4092 75.3305
      vertex -1.09405 -23.5278 62.6917
      vertex -1.09753 -23.5339 62.8333
    endloop
  endfacet
  facet normal 0.866038 -0.499978 2.27478e-05
    outer loop
      vertex -1.08811 -23.5175 38.4835
      vertex -17.1914 -51.4092 75.3305
      vertex -1.09405 -23.5278 38.2416
    endloop
  endfacet
  facet normal 0.866045 -0.499966 -9.91595e-05
    outer loop
      vertex 2.81128 -16.7636 62.6917
      vertex 18.9086 11.1178 75.3305
      vertex 2.81476 -16.7576 62.8333
    endloop
  endfacet
  facet normal 0.866007 -0.500031 9.54582e-05
    outer loop
      vertex 18.9086 11.1178 75.3305
      vertex 2.81128 -16.7636 62.9749
      vertex 2.81476 -16.7576 62.8333
    endloop
  endfacet
  facet normal 0.86603 -0.499992 -2.3552e-05
    outer loop
      vertex 18.9086 11.1178 75.3305
      vertex 2.80534 -16.7739 63.2168
      vertex 2.81128 -16.7636 62.9749
    endloop
  endfacet
  facet normal 0.866034 -0.499986 -4.2349e-05
    outer loop
      vertex 18.9086 11.1178 75.3305
      vertex 2.78757 -16.8047 63.4563
      vertex 2.80534 -16.7739 63.2168
    endloop
  endfacet
  facet normal 0.866018 -0.500014 4.51659e-05
    outer loop
      vertex 18.9086 11.1178 75.3305
      vertex 2.77717 -16.8227 63.5966
      vertex 2.78757 -16.8047 63.4563
    endloop
  endfacet
  facet normal 0.865999 -0.500045 0.000144255
    outer loop
      vertex 18.9086 11.1178 75.3305
      vertex 2.75994 -16.8525 63.7341
      vertex 2.77717 -16.8227 63.5966
    endloop
  endfacet
  facet normal 0.866047 -0.499963 -0.000117922
    outer loop
      vertex 18.9086 11.1178 75.3305
      vertex 2.73053 -16.9035 63.969
      vertex 2.75994 -16.8525 63.7341
    endloop
  endfacet
  facet normal 0.86598 -0.500079 0.000262168
    outer loop
      vertex 18.9086 11.1178 75.3305
      vertex 2.70664 -16.9448 64.1025
      vertex 2.73053 -16.9035 63.969
    endloop
  endfacet
  facet normal 0.866042 -0.499971 -9.6949e-05
    outer loop
      vertex 18.9086 11.1178 75.3305
      vertex 2.66585 -17.0155 64.3305
      vertex 2.70664 -16.9448 64.1025
    endloop
  endfacet
  facet normal 0.866042 -0.499971 -9.63686e-05
    outer loop
      vertex 18.9086 11.1178 75.3305
      vertex 2.61409 -17.1052 64.5494
      vertex 2.66585 -17.0155 64.3305
    endloop
  endfacet
  facet normal 0.866027 -0.499998 -4.68696e-06
    outer loop
      vertex 18.9086 11.1178 75.3305
      vertex 2.58378 -17.1577 64.6776
      vertex 2.61409 -17.1052 64.5494
    endloop
  endfacet
  facet normal 0.866019 -0.500011 4.12311e-05
    outer loop
      vertex 18.9086 11.1178 75.3305
      vertex 2.52153 -17.2655 64.8853
      vertex 2.58378 -17.1577 64.6776
    endloop
  endfacet
  facet normal 0.866017 -0.500014 5.54805e-05
    outer loop
      vertex 18.9086 11.1178 75.3305
      vertex 2.48509 -17.3286 65.0069
      vertex 2.52153 -17.2655 64.8853
    endloop
  endfacet
  facet normal 0.866015 -0.500018 6.88564e-05
    outer loop
      vertex 18.9086 11.1178 75.3305
      vertex 2.41296 -17.4535 65.2014
      vertex 2.48509 -17.3286 65.0069
    endloop
  endfacet
  facet normal 0.866056 -0.499947 -0.00019829
    outer loop
      vertex 18.9086 11.1178 75.3305
      vertex 2.37073 -17.5267 65.3153
      vertex 2.41296 -17.4535 65.2014
    endloop
  endfacet
  facet normal 0.86599 -0.500061 0.000235911
    outer loop
      vertex 18.9086 11.1178 75.3305
      vertex 2.32312 -17.6091 65.4203
      vertex 2.37073 -17.5267 65.3153
    endloop
  endfacet
  facet normal 0.86602 -0.500009 3.45651e-05
    outer loop
      vertex 18.9086 11.1178 75.3305
      vertex 2.24182 -17.7499 65.5997
      vertex 2.32312 -17.6091 65.4203
    endloop
  endfacet
  facet normal 0.866031 -0.49999 -4.13206e-05
    outer loop
      vertex 18.9086 11.1178 75.3305
      vertex 2.15211 -17.9053 65.7624
      vertex 2.24182 -17.7499 65.5997
    endloop
  endfacet
  facet normal 0.866034 -0.499985 -6.12869e-05
    outer loop
      vertex 18.9086 11.1178 75.3305
      vertex 2.09958 -17.9963 65.8576
      vertex 2.15211 -17.9053 65.7624
    endloop
  endfacet
  facet normal 0.866012 -0.500024 9.89497e-05
    outer loop
      vertex 18.9086 11.1178 75.3305
      vertex 2.04264 -18.0949 65.942
      vertex 2.09958 -17.9963 65.8576
    endloop
  endfacet
  facet normal 0.866046 -0.499965 -0.000146277
    outer loop
      vertex 18.9086 11.1178 75.3305
      vertex 1.94539 -18.2634 66.0863
      vertex 2.04264 -18.0949 65.942
    endloop
  endfacet
  facet normal 0.866009 -0.500028 0.000123637
    outer loop
      vertex 18.9086 11.1178 75.3305
      vertex 1.88458 -18.3687 66.1592
      vertex 1.94539 -18.2634 66.0863
    endloop
  endfacet
  facet normal 0.866035 -0.499983 -7.29439e-05
    outer loop
      vertex 18.9086 11.1178 75.3305
      vertex 1.78073 -18.5486 66.2837
      vertex 1.88458 -18.3687 66.1592
    endloop
  endfacet
  facet normal 0.866033 -0.499987 -5.27468e-05
    outer loop
      vertex 18.9086 11.1178 75.3305
      vertex 1.71665 -18.6596 66.3443
      vertex 1.78073 -18.5486 66.2837
    endloop
  endfacet
  facet normal 0.865996 -0.500051 0.000228389
    outer loop
      vertex 18.9086 11.1178 75.3305
      vertex 1.6072 -18.8491 66.4478
      vertex 1.71665 -18.6596 66.3443
    endloop
  endfacet
  facet normal 0.866047 -0.499963 -0.000164955
    outer loop
      vertex 18.9086 11.1178 75.3305
      vertex 1.4932 -19.0466 66.5294
      vertex 1.6072 -18.8491 66.4478
    endloop
  endfacet
  facet normal 0.866014 -0.500019 8.92543e-05
    outer loop
      vertex 18.9086 11.1178 75.3305
      vertex 1.42645 -19.1622 66.5772
      vertex 1.4932 -19.0466 66.5294
    endloop
  endfacet
  facet normal 0.866019 -0.500011 5.20188e-05
    outer loop
      vertex 18.9086 11.1178 75.3305
      vertex 1.30901 -19.3656 66.636
      vertex 1.42645 -19.1622 66.5772
    endloop
  endfacet
  facet normal 0.866014 -0.50002 9.65052e-05
    outer loop
      vertex 18.9086 11.1178 75.3305
      vertex 1.24024 -19.4847 66.6704
      vertex 1.30901 -19.3656 66.636
    endloop
  endfacet
  facet normal 0.86606 -0.49994 -0.000283304
    outer loop
      vertex 18.9086 11.1178 75.3305
      vertex 1.17011 -19.6062 66.6912
      vertex 1.24024 -19.4847 66.6704
    endloop
  endfacet
  facet normal 0.866006 -0.500034 0.000163088
    outer loop
      vertex 18.9086 11.1178 75.3305
      vertex 1.05035 -19.8136 66.7268
      vertex 1.17011 -19.6062 66.6912
    endloop
  endfacet
  facet normal 0.866068 -0.499926 -0.000356273
    outer loop
      vertex 18.9086 11.1178 75.3305
      vertex 0.929424 -20.0231 66.7387
      vertex 1.05035 -19.8136 66.7268
    endloop
  endfacet
  facet normal 0.865962 -0.500109 0.00053114
    outer loop
      vertex 18.9086 11.1178 75.3305
      vertex 0.858616 -20.1457 66.7456
      vertex 0.929424 -20.0231 66.7387
    endloop
  endfacet
  facet normal 0.866025 -0.5 1.61404e-06
    outer loop
      vertex -17.1914 -51.4092 75.3305
      vertex 0.858616 -20.1457 66.7456
      vertex 18.9086 11.1178 75.3305
    endloop
  endfacet
  facet normal 0.866109 -0.499855 0.000703661
    outer loop
      vertex 0.858616 -20.1457 66.7456
      vertex -17.1914 -51.4092 75.3305
      vertex 0.787808 -20.2684 66.7387
    endloop
  endfacet
  facet normal 0.865981 -0.500077 -0.000366144
    outer loop
      vertex 0.787808 -20.2684 66.7387
      vertex -17.1914 -51.4092 75.3305
      vertex 0.666881 -20.4778 66.7268
    endloop
  endfacet
  facet normal 0.866067 -0.499928 0.000346871
    outer loop
      vertex 0.666881 -20.4778 66.7268
      vertex -17.1914 -51.4092 75.3305
      vertex 0.547118 -20.6853 66.6912
    endloop
  endfacet
  facet normal -0.867443 0.497391 0.0120336
    outer loop
      vertex 0.476992 -20.8067 66.6704
      vertex 0.290778 -21.1292 66.5772
      vertex 0.408223 -20.9258 66.636
    endloop
  endfacet
  facet normal -0.503987 -0.171201 0.846574
    outer loop
      vertex 0.110033 -21.4423 66.4478
      vertex -0.0635024 -21.7429 66.2837
      vertex 0.000584579 -21.6319 66.3443
    endloop
  endfacet
  facet normal 0.865999 -0.500046 -0.000171236
    outer loop
      vertex -17.1914 -51.4092 75.3305
      vertex -0.695733 -22.8379 65.2014
      vertex -0.653501 -22.7648 65.3153
    endloop
  endfacet
  facet normal 0.866025 -0.500001 -1.68561e-07
    outer loop
      vertex -17.1914 -51.4092 75.3305
      vertex -0.896857 -23.1863 64.5494
      vertex -0.866546 -23.1338 64.6776
    endloop
  endfacet
  facet normal 0.866009 -0.500028 -9.11542e-05
    outer loop
      vertex -17.1914 -51.4092 75.3305
      vertex -0.989411 -23.3466 64.1025
      vertex -0.948623 -23.276 64.3305
    endloop
  endfacet
  facet normal 0.866005 -0.500035 -0.000111014
    outer loop
      vertex -17.1914 -51.4092 75.3305
      vertex -1.04271 -23.4389 63.7341
      vertex -1.01329 -23.388 63.969
    endloop
  endfacet
  facet normal 0.866165 -0.499759 0.000242064
    outer loop
      vertex -1.09405 -23.5278 38.2416
      vertex -17.1914 -51.4092 75.3305
      vertex -1.09753 -23.5339 38.1
    endloop
  endfacet
  facet normal 0.866025 -0.500001 0
    outer loop
      vertex -17.1914 -51.4092 0.869475
      vertex -1.09753 -23.5339 38.1
      vertex -17.1914 -51.4092 75.3305
    endloop
  endfacet
  facet normal 0.866073 -0.499917 0.000251115
    outer loop
      vertex -1.09405 -23.5278 62.9749
      vertex -17.1914 -51.4092 75.3305
      vertex -1.09753 -23.5339 62.8333
    endloop
  endfacet
  facet normal 0.86603 -0.499993 2.35909e-05
    outer loop
      vertex -1.08811 -23.5175 63.2168
      vertex -17.1914 -51.4092 75.3305
      vertex -1.09405 -23.5278 62.9749
    endloop
  endfacet
  facet normal 0.865996 -0.500051 -0.000155284
    outer loop
      vertex -1.07034 -23.4868 63.4563
      vertex -17.1914 -51.4092 75.3305
      vertex -1.08811 -23.5175 63.2168
    endloop
  endfacet
  facet normal 0.866016 -0.500016 -4.48348e-05
    outer loop
      vertex -1.05994 -23.4688 63.5966
      vertex -17.1914 -51.4092 75.3305
      vertex -1.07034 -23.4868 63.4563
    endloop
  endfacet
  facet normal 0.866059 -0.499942 0.000189537
    outer loop
      vertex -1.04271 -23.4389 63.7341
      vertex -17.1914 -51.4092 75.3305
      vertex -1.05994 -23.4688 63.5966
    endloop
  endfacet
  facet normal 0.866048 -0.49996 0.00013481
    outer loop
      vertex -0.989411 -23.3466 64.1025
      vertex -17.1914 -51.4092 75.3305
      vertex -1.01329 -23.388 63.969
    endloop
  endfacet
  facet normal 0.866038 -0.499979 7.68295e-05
    outer loop
      vertex -0.896857 -23.1863 64.5494
      vertex -17.1914 -51.4092 75.3305
      vertex -0.948623 -23.276 64.3305
    endloop
  endfacet
  facet normal 0.866022 -0.500006 -1.90858e-05
    outer loop
      vertex -0.804302 -23.026 64.8853
      vertex -17.1914 -51.4092 75.3305
      vertex -0.866546 -23.1338 64.6776
    endloop
  endfacet
  facet normal 0.86601 -0.500026 -9.02194e-05
    outer loop
      vertex -0.767856 -22.9629 65.0069
      vertex -17.1914 -51.4092 75.3305
      vertex -0.804302 -23.026 64.8853
    endloop
  endfacet
  facet normal 0.866051 -0.499956 0.000166338
    outer loop
      vertex -0.695733 -22.8379 65.2014
      vertex -17.1914 -51.4092 75.3305
      vertex -0.767856 -22.9629 65.0069
    endloop
  endfacet
  facet normal 0.866047 -0.499963 0.000145796
    outer loop
      vertex -0.605892 -22.6823 65.4203
      vertex -17.1914 -51.4092 75.3305
      vertex -0.653501 -22.7648 65.3153
    endloop
  endfacet
  facet normal 0.866015 -0.500017 -6.44337e-05
    outer loop
      vertex -0.524584 -22.5415 65.5997
      vertex -17.1914 -51.4092 75.3305
      vertex -0.605892 -22.6823 65.4203
    endloop
  endfacet
  facet normal 0.866032 -0.499989 4.61275e-05
    outer loop
      vertex -0.434875 -22.3861 65.7624
      vertex -17.1914 -51.4092 75.3305
      vertex -0.524584 -22.5415 65.5997
    endloop
  endfacet
  facet normal 0.866036 -0.499982 7.58806e-05
    outer loop
      vertex -0.382347 -22.2951 65.8576
      vertex -17.1914 -51.4092 75.3305
      vertex -0.434875 -22.3861 65.7624
    endloop
  endfacet
  facet normal 0.866009 -0.500028 -0.000112988
    outer loop
      vertex -0.325405 -22.1965 65.942
      vertex -17.1914 -51.4092 75.3305
      vertex -0.382347 -22.2951 65.8576
    endloop
  endfacet
  facet normal 0.866012 -0.500023 -9.17164e-05
    outer loop
      vertex -0.228158 -22.0281 66.0863
      vertex -17.1914 -51.4092 75.3305
      vertex -0.325405 -22.1965 65.942
    endloop
  endfacet
  facet normal 0.866075 -0.499915 0.000366799
    outer loop
      vertex -0.16735 -21.9227 66.1592
      vertex -17.1914 -51.4092 75.3305
      vertex -0.228158 -22.0281 66.0863
    endloop
  endfacet
  facet normal 0.865999 -0.500045 -0.000191765
    outer loop
      vertex -0.0635024 -21.7429 66.2837
      vertex -17.1914 -51.4092 75.3305
      vertex -0.16735 -21.9227 66.1592
    endloop
  endfacet
  facet normal 0.866032 -0.499988 5.62442e-05
    outer loop
      vertex 0.110033 -21.4423 66.4478
      vertex -17.1914 -51.4092 75.3305
      vertex -0.0635024 -21.7429 66.2837
    endloop
  endfacet
  facet normal 0.866004 -0.500038 -0.000165798
    outer loop
      vertex 0.224029 -21.2449 66.5294
      vertex -17.1914 -51.4092 75.3305
      vertex 0.110033 -21.4423 66.4478
    endloop
  endfacet
  facet normal 0.866092 -0.499884 0.000538029
    outer loop
      vertex 0.290778 -21.1292 66.5772
      vertex -17.1914 -51.4092 75.3305
      vertex 0.224029 -21.2449 66.5294
    endloop
  endfacet
  facet normal 0.866015 -0.500019 -8.55293e-05
    outer loop
      vertex 0.476992 -20.8067 66.6704
      vertex -17.1914 -51.4092 75.3305
      vertex 0.290778 -21.1292 66.5772
    endloop
  endfacet
  facet normal 0.865956 -0.500119 -0.00055826
    outer loop
      vertex 0.547118 -20.6853 66.6912
      vertex -17.1914 -51.4092 75.3305
      vertex 0.476992 -20.8067 66.6704
    endloop
  endfacet
  facet normal 0.866026 -0.499999 0
    outer loop
      vertex 18.9086 11.1178 75.3305
      vertex 2.81476 -16.7576 38.1
      vertex 18.9086 11.1178 0.869475
    endloop
  endfacet
  facet normal 0.865973 -0.500092 -9.20578e-05
    outer loop
      vertex 2.81128 -16.7636 37.9584
      vertex 18.9086 11.1178 0.869475
      vertex 2.81476 -16.7576 38.1
    endloop
  endfacet
  facet normal 0.866007 -0.500031 -9.54582e-05
    outer loop
      vertex 2.81128 -16.7636 13.2251
      vertex 18.9086 11.1178 0.869475
      vertex 2.81476 -16.7576 13.3667
    endloop
  endfacet
  facet normal 0.86603 -0.499992 2.3552e-05
    outer loop
      vertex 2.80534 -16.7739 12.9832
      vertex 18.9086 11.1178 0.869475
      vertex 2.81128 -16.7636 13.2251
    endloop
  endfacet
  facet normal 0.866034 -0.499986 4.2349e-05
    outer loop
      vertex 2.78757 -16.8047 12.7437
      vertex 18.9086 11.1178 0.869475
      vertex 2.80534 -16.7739 12.9832
    endloop
  endfacet
  facet normal 0.866018 -0.500014 -4.51659e-05
    outer loop
      vertex 2.77717 -16.8227 12.6034
      vertex 18.9086 11.1178 0.869475
      vertex 2.78757 -16.8047 12.7437
    endloop
  endfacet
  facet normal 0.865999 -0.500045 -0.000144255
    outer loop
      vertex 2.75994 -16.8525 12.4659
      vertex 18.9086 11.1178 0.869475
      vertex 2.77717 -16.8227 12.6034
    endloop
  endfacet
  facet normal 0.866047 -0.499963 0.000117922
    outer loop
      vertex 2.73053 -16.9035 12.231
      vertex 18.9086 11.1178 0.869475
      vertex 2.75994 -16.8525 12.4659
    endloop
  endfacet
  facet normal 0.86598 -0.500079 -0.000262168
    outer loop
      vertex 2.70664 -16.9448 12.0975
      vertex 18.9086 11.1178 0.869475
      vertex 2.73053 -16.9035 12.231
    endloop
  endfacet
  facet normal 0.866042 -0.499971 9.6949e-05
    outer loop
      vertex 2.66585 -17.0155 11.8695
      vertex 18.9086 11.1178 0.869475
      vertex 2.70664 -16.9448 12.0975
    endloop
  endfacet
  facet normal 0.866042 -0.499971 9.63686e-05
    outer loop
      vertex 2.61409 -17.1052 11.6506
      vertex 18.9086 11.1178 0.869475
      vertex 2.66585 -17.0155 11.8695
    endloop
  endfacet
  facet normal 0.866027 -0.499998 4.68696e-06
    outer loop
      vertex 2.58378 -17.1577 11.5224
      vertex 18.9086 11.1178 0.869475
      vertex 2.61409 -17.1052 11.6506
    endloop
  endfacet
  facet normal 0.866019 -0.500011 -4.12311e-05
    outer loop
      vertex 2.52153 -17.2655 11.3147
      vertex 18.9086 11.1178 0.869475
      vertex 2.58378 -17.1577 11.5224
    endloop
  endfacet
  facet normal 0.866017 -0.500014 -5.54805e-05
    outer loop
      vertex 2.48509 -17.3286 11.1931
      vertex 18.9086 11.1178 0.869475
      vertex 2.52153 -17.2655 11.3147
    endloop
  endfacet
  facet normal 0.866015 -0.500018 -6.88564e-05
    outer loop
      vertex 2.41296 -17.4535 10.9986
      vertex 18.9086 11.1178 0.869475
      vertex 2.48509 -17.3286 11.1931
    endloop
  endfacet
  facet normal 0.866056 -0.499947 0.00019829
    outer loop
      vertex 2.37073 -17.5267 10.8847
      vertex 18.9086 11.1178 0.869475
      vertex 2.41296 -17.4535 10.9986
    endloop
  endfacet
  facet normal 0.86599 -0.500061 -0.000235911
    outer loop
      vertex 2.32312 -17.6091 10.7797
      vertex 18.9086 11.1178 0.869475
      vertex 2.37073 -17.5267 10.8847
    endloop
  endfacet
  facet normal 0.86602 -0.500009 -3.45651e-05
    outer loop
      vertex 2.24182 -17.7499 10.6003
      vertex 18.9086 11.1178 0.869475
      vertex 2.32312 -17.6091 10.7797
    endloop
  endfacet
  facet normal 0.866031 -0.49999 4.13398e-05
    outer loop
      vertex 2.15211 -17.9053 10.4377
      vertex 18.9086 11.1178 0.869475
      vertex 2.24182 -17.7499 10.6003
    endloop
  endfacet
  facet normal 0.866034 -0.499985 6.12378e-05
    outer loop
      vertex 2.09958 -17.9963 10.3424
      vertex 18.9086 11.1178 0.869475
      vertex 2.15211 -17.9053 10.4377
    endloop
  endfacet
  facet normal 0.866012 -0.500024 -9.89496e-05
    outer loop
      vertex 2.04264 -18.0949 10.258
      vertex 18.9086 11.1178 0.869475
      vertex 2.09958 -17.9963 10.3424
    endloop
  endfacet
  facet normal 0.866046 -0.499965 0.000146277
    outer loop
      vertex 1.94539 -18.2634 10.1137
      vertex 18.9086 11.1178 0.869475
      vertex 2.04264 -18.0949 10.258
    endloop
  endfacet
  facet normal 0.866009 -0.500028 -0.000123636
    outer loop
      vertex 1.88458 -18.3687 10.0408
      vertex 18.9086 11.1178 0.869475
      vertex 1.94539 -18.2634 10.1137
    endloop
  endfacet
  facet normal 0.866035 -0.499983 7.29601e-05
    outer loop
      vertex 1.78073 -18.5486 9.91634
      vertex 18.9086 11.1178 0.869475
      vertex 1.88458 -18.3687 10.0408
    endloop
  endfacet
  facet normal 0.866033 -0.499987 5.27355e-05
    outer loop
      vertex 1.71665 -18.6596 9.85572
      vertex 18.9086 11.1178 0.869475
      vertex 1.78073 -18.5486 9.91634
    endloop
  endfacet
  facet normal 0.865996 -0.500051 -0.000228346
    outer loop
      vertex 1.6072 -18.8491 9.75219
      vertex 18.9086 11.1178 0.869475
      vertex 1.71665 -18.6596 9.85572
    endloop
  endfacet
  facet normal 0.866047 -0.499963 0.000164978
    outer loop
      vertex 1.4932 -19.0466 9.67061
      vertex 18.9086 11.1178 0.869475
      vertex 1.6072 -18.8491 9.75219
    endloop
  endfacet
  facet normal 0.866014 -0.500019 -8.9298e-05
    outer loop
      vertex 1.42645 -19.1622 9.62285
      vertex 18.9086 11.1178 0.869475
      vertex 1.4932 -19.0466 9.67061
    endloop
  endfacet
  facet normal 0.866019 -0.500011 -5.20008e-05
    outer loop
      vertex 1.30901 -19.3656 9.56401
      vertex 18.9086 11.1178 0.869475
      vertex 1.42645 -19.1622 9.62285
    endloop
  endfacet
  facet normal 0.866014 -0.50002 -9.64345e-05
    outer loop
      vertex 1.24024 -19.4847 9.52956
      vertex 18.9086 11.1178 0.869475
      vertex 1.30901 -19.3656 9.56401
    endloop
  endfacet
  facet normal 0.86606 -0.49994 0.000283253
    outer loop
      vertex 1.17011 -19.6062 9.50875
      vertex 18.9086 11.1178 0.869475
      vertex 1.24024 -19.4847 9.52956
    endloop
  endfacet
  facet normal 0.866006 -0.500034 -0.000163209
    outer loop
      vertex 1.05035 -19.8136 9.47322
      vertex 18.9086 11.1178 0.869475
      vertex 1.17011 -19.6062 9.50875
    endloop
  endfacet
  facet normal 0.866068 -0.499926 0.000356373
    outer loop
      vertex 0.929424 -20.0231 9.46134
      vertex 18.9086 11.1178 0.869475
      vertex 1.05035 -19.8136 9.47322
    endloop
  endfacet
  facet normal 0.865962 -0.500109 -0.000530355
    outer loop
      vertex 0.858616 -20.1457 9.45438
      vertex 18.9086 11.1178 0.869475
      vertex 0.929424 -20.0231 9.46134
    endloop
  endfacet
  facet normal 0.866108 -0.499856 -0.000702622
    outer loop
      vertex -17.1914 -51.4092 0.869475
      vertex 0.858616 -20.1457 9.45438
      vertex 0.787808 -20.2684 9.46134
    endloop
  endfacet
  facet normal 0.865981 -0.500077 0.000366247
    outer loop
      vertex -17.1914 -51.4092 0.869475
      vertex 0.787808 -20.2684 9.46134
      vertex 0.666881 -20.4778 9.47322
    endloop
  endfacet
  facet normal 0.866067 -0.499928 -0.00034713
    outer loop
      vertex -17.1914 -51.4092 0.869475
      vertex 0.666881 -20.4778 9.47322
      vertex 0.547118 -20.6853 9.50875
    endloop
  endfacet
  facet normal 0.865956 -0.500119 0.00055816
    outer loop
      vertex -17.1914 -51.4092 0.869475
      vertex 0.547118 -20.6853 9.50875
      vertex 0.476992 -20.8067 9.52956
    endloop
  endfacet
  facet normal -0.630007 -0.0591427 -0.774334
    outer loop
      vertex -0.0635024 -21.7429 9.91634
      vertex 0.110033 -21.4423 9.75219
      vertex 0.000584579 -21.6319 9.85572
    endloop
  endfacet
  facet normal 0.649704 0.141733 0.746858
    outer loop
      vertex -0.228158 -22.0281 10.1137
      vertex -0.0635024 -21.7429 9.91634
      vertex -0.16735 -21.9227 10.0408
    endloop
  endfacet
  facet normal 0.855365 -0.517308 -0.0272555
    outer loop
      vertex -0.382347 -22.2951 10.3424
      vertex -0.228158 -22.0281 10.1137
      vertex -0.325405 -22.1965 10.258
    endloop
  endfacet
  facet normal 0.866047 -0.499963 -0.000145796
    outer loop
      vertex -17.1914 -51.4092 0.869475
      vertex -0.605892 -22.6823 10.7797
      vertex -0.653501 -22.7648 10.8847
    endloop
  endfacet
  facet normal 0.866022 -0.500006 1.90858e-05
    outer loop
      vertex -17.1914 -51.4092 0.869475
      vertex -0.804302 -23.026 11.3147
      vertex -0.866546 -23.1338 11.5224
    endloop
  endfacet
  facet normal 0.866038 -0.499979 -7.68295e-05
    outer loop
      vertex -17.1914 -51.4092 0.869475
      vertex -0.896857 -23.1863 11.6506
      vertex -0.948623 -23.276 11.8695
    endloop
  endfacet
  facet normal 0.866048 -0.49996 -0.00013481
    outer loop
      vertex -17.1914 -51.4092 0.869475
      vertex -0.989411 -23.3466 12.0975
      vertex -1.01329 -23.388 12.231
    endloop
  endfacet
  facet normal 0.866059 -0.499942 -0.000189537
    outer loop
      vertex -17.1914 -51.4092 0.869475
      vertex -1.04271 -23.4389 12.4659
      vertex -1.05994 -23.4688 12.6034
    endloop
  endfacet
  facet normal 0.866073 -0.499917 -0.000251115
    outer loop
      vertex -17.1914 -51.4092 0.869475
      vertex -1.09405 -23.5278 13.2251
      vertex -1.09753 -23.5339 13.3667
    endloop
  endfacet
  facet normal 0.865974 -0.500089 0.000260976
    outer loop
      vertex -1.09405 -23.5278 13.5083
      vertex -17.1914 -51.4092 0.869475
      vertex -1.09753 -23.5339 13.3667
    endloop
  endfacet
  facet normal 0.86603 -0.499993 -2.35909e-05
    outer loop
      vertex -1.09405 -23.5278 13.2251
      vertex -17.1914 -51.4092 0.869475
      vertex -1.08811 -23.5175 12.9832
    endloop
  endfacet
  facet normal 0.865996 -0.500051 0.000155284
    outer loop
      vertex -1.08811 -23.5175 12.9832
      vertex -17.1914 -51.4092 0.869475
      vertex -1.07034 -23.4868 12.7437
    endloop
  endfacet
  facet normal 0.866016 -0.500016 4.48348e-05
    outer loop
      vertex -1.07034 -23.4868 12.7437
      vertex -17.1914 -51.4092 0.869475
      vertex -1.05994 -23.4688 12.6034
    endloop
  endfacet
  facet normal 0.866005 -0.500035 0.000111014
    outer loop
      vertex -1.04271 -23.4389 12.4659
      vertex -17.1914 -51.4092 0.869475
      vertex -1.01329 -23.388 12.231
    endloop
  endfacet
  facet normal 0.866009 -0.500028 9.11542e-05
    outer loop
      vertex -0.989411 -23.3466 12.0975
      vertex -17.1914 -51.4092 0.869475
      vertex -0.948623 -23.276 11.8695
    endloop
  endfacet
  facet normal 0.866025 -0.5 -1.61404e-06
    outer loop
      vertex 0.858616 -20.1457 9.45438
      vertex -17.1914 -51.4092 0.869475
      vertex 18.9086 11.1178 0.869475
    endloop
  endfacet
  facet normal 0.866015 -0.500018 8.21454e-05
    outer loop
      vertex 0.408223 -20.9258 9.56401
      vertex -17.1914 -51.4092 0.869475
      vertex 0.476992 -20.8067 9.52956
    endloop
  endfacet
  facet normal 0.866014 -0.500019 8.74241e-05
    outer loop
      vertex 0.290778 -21.1292 9.62285
      vertex -17.1914 -51.4092 0.869475
      vertex 0.408223 -20.9258 9.56401
    endloop
  endfacet
  facet normal 0.866093 -0.499883 -0.000538292
    outer loop
      vertex 0.224029 -21.2449 9.67061
      vertex -17.1914 -51.4092 0.869475
      vertex 0.290778 -21.1292 9.62285
    endloop
  endfacet
  facet normal 0.866004 -0.500038 0.000165822
    outer loop
      vertex 0.110033 -21.4423 9.75219
      vertex -17.1914 -51.4092 0.869475
      vertex 0.224029 -21.2449 9.67061
    endloop
  endfacet
  facet normal 0.866032 -0.499988 -5.62331e-05
    outer loop
      vertex -0.0635024 -21.7429 9.91634
      vertex -17.1914 -51.4092 0.869475
      vertex 0.110033 -21.4423 9.75219
    endloop
  endfacet
  facet normal 0.866027 -0.499998 -1.58079e-05
    outer loop
      vertex -0.228158 -22.0281 10.1137
      vertex -17.1914 -51.4092 0.869475
      vertex -0.0635024 -21.7429 9.91634
    endloop
  endfacet
  facet normal 0.866011 -0.500025 9.96132e-05
    outer loop
      vertex -0.382347 -22.2951 10.3424
      vertex -17.1914 -51.4092 0.869475
      vertex -0.228158 -22.0281 10.1137
    endloop
  endfacet
  facet normal 0.866036 -0.499982 -7.58198e-05
    outer loop
      vertex -0.434875 -22.3861 10.4377
      vertex -17.1914 -51.4092 0.869475
      vertex -0.382347 -22.2951 10.3424
    endloop
  endfacet
  facet normal 0.866032 -0.499989 -4.61489e-05
    outer loop
      vertex -0.524584 -22.5415 10.6003
      vertex -17.1914 -51.4092 0.869475
      vertex -0.434875 -22.3861 10.4377
    endloop
  endfacet
  facet normal 0.866015 -0.500017 6.44336e-05
    outer loop
      vertex -0.605892 -22.6823 10.7797
      vertex -17.1914 -51.4092 0.869475
      vertex -0.524584 -22.5415 10.6003
    endloop
  endfacet
  facet normal 0.865999 -0.500046 0.000171236
    outer loop
      vertex -0.695733 -22.8379 10.9986
      vertex -17.1914 -51.4092 0.869475
      vertex -0.653501 -22.7648 10.8847
    endloop
  endfacet
  facet normal 0.866051 -0.499956 -0.000166338
    outer loop
      vertex -0.767856 -22.9629 11.1931
      vertex -17.1914 -51.4092 0.869475
      vertex -0.695733 -22.8379 10.9986
    endloop
  endfacet
  facet normal 0.86601 -0.500026 9.02194e-05
    outer loop
      vertex -0.804302 -23.026 11.3147
      vertex -17.1914 -51.4092 0.869475
      vertex -0.767856 -22.9629 11.1931
    endloop
  endfacet
  facet normal 0.866025 -0.500001 1.68561e-07
    outer loop
      vertex -0.896857 -23.1863 11.6506
      vertex -17.1914 -51.4092 0.869475
      vertex -0.866546 -23.1338 11.5224
    endloop
  endfacet
  facet normal -0.965988 0 -0.258586
    outer loop
      vertex -38.9739 -50.9135 0.617318
      vertex -39.0414 29.0865 0.869475
      vertex -38.9739 29.0865 0.617318
    endloop
  endfacet
  facet normal -0.965988 -0 -0.258586
    outer loop
      vertex -39.0414 29.0865 0.869475
      vertex -38.9739 -50.9135 0.617318
      vertex -39.0414 -50.9135 0.869475
    endloop
  endfacet
  facet normal 0.766793 -0.588422 0.256492
    outer loop
      vertex -17.3967 -51.5668 75.5827
      vertex -17.1914 -51.4092 75.3305
      vertex -17.2499 -51.3755 75.5827
    endloop
  endfacet
  facet normal 0.223915 -0.129277 0.965997
    outer loop
      vertex 18.163 11.5483 76.1914
      vertex -17.7186 -51.1049 76.1239
      vertex 18.3814 11.4222 76.1239
    endloop
  endfacet
  facet normal 0.223915 -0.129277 0.965997
    outer loop
      vertex -17.7186 -51.1049 76.1239
      vertex 18.163 11.5483 76.1914
      vertex -17.937 -50.9788 76.1914
    endloop
  endfacet
  facet normal 0.860486 -0.113364 -0.496702
    outer loop
      vertex 18.8434 11.6135 0.39124
      vertex 18.9739 11.6135 0.617318
      vertex 18.9424 11.3744 0.617318
    endloop
  endfacet
  facet normal -0.498798 0.0660026 0.864201
    outer loop
      vertex -38.6588 29.0865 75.9934
      vertex -38.4327 29.0865 76.1239
      vertex -38.4196 29.1855 76.1239
    endloop
  endfacet
  facet normal -0.0929194 -0.704043 -0.704052
    outer loop
      vertex -38.2553 -51.6798 0.39124
      vertex -38.2076 -51.5015 0.206647
      vertex -38.05 -51.5223 0.206647
    endloop
  endfacet
  facet normal 0 1 0
    outer loop
      vertex -19.05 30.0779 10.7438
      vertex -19.0414 30.0779 75.3305
      vertex -19.0414 30.0779 10.7438
    endloop
  endfacet
  facet normal 0 1 0
    outer loop
      vertex -19.0414 30.0779 75.3305
      vertex -19.05 30.0779 10.7438
      vertex -38.05 30.0779 75.3305
    endloop
  endfacet
  facet normal 0 1 0
    outer loop
      vertex -38.05 30.0779 0.869475
      vertex -19.05 30.0779 10.7438
      vertex -19.05 30.0779 0.869475
    endloop
  endfacet
  facet normal 0 1 0
    outer loop
      vertex -19.05 30.0779 10.7438
      vertex -38.05 30.0779 0.869475
      vertex -38.05 30.0779 75.3305
    endloop
  endfacet
  facet normal -0.0925955 0.704069 0.704069
    outer loop
      vertex -38.2553 29.8528 75.8088
      vertex -38.05 29.6952 75.9934
      vertex -38.05 29.8798 75.8088
    endloop
  endfacet
  facet normal -0.271761 0.65616 0.703989
    outer loop
      vertex -38.3544 29.6137 75.9934
      vertex -38.2076 29.6745 75.9934
      vertex -38.2553 29.8528 75.8088
    endloop
  endfacet
  facet normal -0.588192 0.766894 0.256718
    outer loop
      vertex -38.7033 29.7398 75.5827
      vertex -38.5119 29.8866 75.5827
      vertex -38.5457 29.9451 75.3305
    endloop
  endfacet
  facet normal -0.958215 0.125845 -0.256879
    outer loop
      vertex -39.0414 29.0865 0.869475
      vertex -39.0077 29.3431 0.869475
      vertex -38.9424 29.3256 0.617318
    endloop
  endfacet
  facet normal -0.958226 0.125847 0.256838
    outer loop
      vertex -39.0414 29.0865 75.3305
      vertex -38.9424 29.3256 75.5827
      vertex -39.0077 29.3431 75.3305
    endloop
  endfacet
  facet normal -0.563304 0.432335 -0.704112
    outer loop
      vertex -38.7371 29.4832 0.39124
      vertex -38.611 29.6475 0.39124
      vertex -38.4805 29.5169 0.206647
    endloop
  endfacet
  facet normal 0.793557 -0.608496 0
    outer loop
      vertex -17.3489 -51.6146 75.3305
      vertex -17.1914 -51.4092 0.869475
      vertex -17.1914 -51.4092 75.3305
    endloop
  endfacet
  facet normal 0.793557 -0.608496 0
    outer loop
      vertex -17.1914 -51.4092 0.869475
      vertex -17.3489 -51.6146 75.3305
      vertex -17.3489 -51.6146 0.869475
    endloop
  endfacet
  facet normal -1 0 0
    outer loop
      vertex -39.0414 5.77283 38.5965
      vertex -39.0414 29.0865 75.3305
      vertex -39.0414 5.81515 38.3495
    endloop
  endfacet
  facet normal -1 0 0
    outer loop
      vertex -39.0414 29.0865 75.3305
      vertex -39.0414 5.81515 62.5839
      vertex -39.0414 5.8293 62.8333
    endloop
  endfacet
  facet normal -1 0 0
    outer loop
      vertex -39.0414 5.70276 38.8388
      vertex -39.0414 29.0865 75.3305
      vertex -39.0414 5.77283 38.5965
    endloop
  endfacet
  facet normal -1 0 0
    outer loop
      vertex -39.0414 29.0865 75.3305
      vertex -39.0414 5.77283 62.3368
      vertex -39.0414 5.81515 62.5839
    endloop
  endfacet
  facet normal -1 0 0
    outer loop
      vertex -39.0414 5.6056 39.0739
      vertex -39.0414 29.0865 75.3305
      vertex -39.0414 5.70276 38.8388
    endloop
  endfacet
  facet normal -1 0 0
    outer loop
      vertex -39.0414 29.0865 75.3305
      vertex -39.0414 5.70276 62.0946
      vertex -39.0414 5.77283 62.3368
    endloop
  endfacet
  facet normal -1 0 0
    outer loop
      vertex -39.0414 5.6056 61.8594
      vertex -39.0414 29.0865 75.3305
      vertex -39.0414 5.6056 39.0739
    endloop
  endfacet
  facet normal -1 0 0
    outer loop
      vertex -39.0414 29.0865 75.3305
      vertex -39.0414 5.6056 61.8594
      vertex -39.0414 5.70276 62.0946
    endloop
  endfacet
  facet normal -1 0 0
    outer loop
      vertex -39.0414 5.4823 39.2997
      vertex -39.0414 5.6056 61.8594
      vertex -39.0414 5.6056 39.0739
    endloop
  endfacet
  facet normal -1 0 0
    outer loop
      vertex -39.0414 5.4823 39.2997
      vertex -39.0414 5.4823 61.6336
      vertex -39.0414 5.6056 61.8594
    endloop
  endfacet
  facet normal -1 0 0
    outer loop
      vertex -39.0414 5.33404 39.5139
      vertex -39.0414 5.4823 61.6336
      vertex -39.0414 5.4823 39.2997
    endloop
  endfacet
  facet normal -1 0 0
    outer loop
      vertex -39.0414 5.33404 39.5139
      vertex -39.0414 5.33404 61.4194
      vertex -39.0414 5.4823 61.6336
    endloop
  endfacet
  facet normal -1 0 0
    outer loop
      vertex -39.0414 5.16224 39.7145
      vertex -39.0414 5.33404 61.4194
      vertex -39.0414 5.33404 39.5139
    endloop
  endfacet
  facet normal -1 0 0
    outer loop
      vertex -39.0414 5.16224 39.7145
      vertex -39.0414 5.16224 61.2188
      vertex -39.0414 5.33404 61.4194
    endloop
  endfacet
  facet normal -1 0 0
    outer loop
      vertex -39.0414 4.96857 39.8996
      vertex -39.0414 5.16224 61.2188
      vertex -39.0414 5.16224 39.7145
    endloop
  endfacet
  facet normal -1 0 0
    outer loop
      vertex -39.0414 4.96857 39.8996
      vertex -39.0414 4.96857 61.0337
      vertex -39.0414 5.16224 61.2188
    endloop
  endfacet
  facet normal -1 0 0
    outer loop
      vertex -39.0414 4.75489 40.0673
      vertex -39.0414 4.96857 61.0337
      vertex -39.0414 4.96857 39.8996
    endloop
  endfacet
  facet normal -1 0 0
    outer loop
      vertex -39.0414 4.75489 40.0673
      vertex -39.0414 4.75489 60.866
      vertex -39.0414 4.96857 61.0337
    endloop
  endfacet
  facet normal -1 0 0
    outer loop
      vertex -39.0414 4.52325 40.2161
      vertex -39.0414 4.75489 60.866
      vertex -39.0414 4.75489 40.0673
    endloop
  endfacet
  facet normal -1 0 0
    outer loop
      vertex -39.0414 4.52325 40.2161
      vertex -39.0414 4.52325 60.7172
      vertex -39.0414 4.75489 60.866
    endloop
  endfacet
  facet normal -1 0 0
    outer loop
      vertex -39.0414 4.27589 40.3445
      vertex -39.0414 4.52325 60.7172
      vertex -39.0414 4.52325 40.2161
    endloop
  endfacet
  facet normal -1 0 0
    outer loop
      vertex -39.0414 4.27589 40.3445
      vertex -39.0414 4.27589 60.5888
      vertex -39.0414 4.52325 60.7172
    endloop
  endfacet
  facet normal -1 0 0
    outer loop
      vertex -39.0414 4.01518 40.4513
      vertex -39.0414 4.27589 60.5888
      vertex -39.0414 4.27589 40.3445
    endloop
  endfacet
  facet normal -1 0 0
    outer loop
      vertex -39.0414 4.01518 40.4513
      vertex -39.0414 4.01518 60.4821
      vertex -39.0414 4.27589 60.5888
    endloop
  endfacet
  facet normal -1 0 0
    outer loop
      vertex -39.0414 3.74365 40.5354
      vertex -39.0414 4.01518 60.4821
      vertex -39.0414 4.01518 40.4513
    endloop
  endfacet
  facet normal -1 0 0
    outer loop
      vertex -39.0414 3.74365 40.5354
      vertex -39.0414 3.74365 60.3979
      vertex -39.0414 4.01518 60.4821
    endloop
  endfacet
  facet normal -1 0 0
    outer loop
      vertex -39.0414 3.4639 40.5961
      vertex -39.0414 3.74365 60.3979
      vertex -39.0414 3.74365 40.5354
    endloop
  endfacet
  facet normal -1 0 0
    outer loop
      vertex -39.0414 3.4639 40.5961
      vertex -39.0414 3.4639 60.3372
      vertex -39.0414 3.74365 60.3979
    endloop
  endfacet
  facet normal -1 0 0
    outer loop
      vertex -39.0414 3.17863 40.6327
      vertex -39.0414 3.4639 60.3372
      vertex -39.0414 3.4639 40.5961
    endloop
  endfacet
  facet normal -1 0 0
    outer loop
      vertex -39.0414 3.17863 40.6327
      vertex -39.0414 3.17863 60.3006
      vertex -39.0414 3.4639 60.3372
    endloop
  endfacet
  facet normal -1 0 0
    outer loop
      vertex -39.0414 2.89059 40.645
      vertex -39.0414 3.17863 60.3006
      vertex -39.0414 3.17863 40.6327
    endloop
  endfacet
  facet normal -1 0 0
    outer loop
      vertex -39.0414 2.89059 40.645
      vertex -39.0414 2.89059 60.2883
      vertex -39.0414 3.17863 60.3006
    endloop
  endfacet
  facet normal -1 0 0
    outer loop
      vertex -39.0414 2.60254 40.6327
      vertex -39.0414 2.89059 60.2883
      vertex -39.0414 2.89059 40.645
    endloop
  endfacet
  facet normal -1 0 0
    outer loop
      vertex -39.0414 2.60254 40.6327
      vertex -39.0414 2.60254 60.3006
      vertex -39.0414 2.89059 60.2883
    endloop
  endfacet
  facet normal -1 0 0
    outer loop
      vertex -39.0414 2.31727 40.5961
      vertex -39.0414 2.60254 60.3006
      vertex -39.0414 2.60254 40.6327
    endloop
  endfacet
  facet normal -1 0 0
    outer loop
      vertex -39.0414 2.31727 40.5961
      vertex -39.0414 2.31727 60.3372
      vertex -39.0414 2.60254 60.3006
    endloop
  endfacet
  facet normal -1 0 0
    outer loop
      vertex -39.0414 2.03752 40.5354
      vertex -39.0414 2.31727 60.3372
      vertex -39.0414 2.31727 40.5961
    endloop
  endfacet
  facet normal -1 0 0
    outer loop
      vertex -39.0414 2.03752 40.5354
      vertex -39.0414 2.03752 60.3979
      vertex -39.0414 2.31727 60.3372
    endloop
  endfacet
  facet normal -1 0 0
    outer loop
      vertex -39.0414 1.76599 40.4513
      vertex -39.0414 2.03752 60.3979
      vertex -39.0414 2.03752 40.5354
    endloop
  endfacet
  facet normal -1 0 0
    outer loop
      vertex -39.0414 1.76599 40.4513
      vertex -39.0414 1.76599 60.4821
      vertex -39.0414 2.03752 60.3979
    endloop
  endfacet
  facet normal -1 0 0
    outer loop
      vertex -39.0414 1.50529 40.3445
      vertex -39.0414 1.76599 60.4821
      vertex -39.0414 1.76599 40.4513
    endloop
  endfacet
  facet normal -1 0 0
    outer loop
      vertex -39.0414 1.50529 40.3445
      vertex -39.0414 1.50529 60.5888
      vertex -39.0414 1.76599 60.4821
    endloop
  endfacet
  facet normal -1 0 0
    outer loop
      vertex -39.0414 1.25793 40.2161
      vertex -39.0414 1.50529 60.5888
      vertex -39.0414 1.50529 40.3445
    endloop
  endfacet
  facet normal -1 0 0
    outer loop
      vertex -39.0414 1.25793 40.2161
      vertex -39.0414 1.25793 60.7172
      vertex -39.0414 1.50529 60.5888
    endloop
  endfacet
  facet normal -1 0 0
    outer loop
      vertex -39.0414 1.02629 40.0673
      vertex -39.0414 1.25793 60.7172
      vertex -39.0414 1.25793 40.2161
    endloop
  endfacet
  facet normal -1 0 0
    outer loop
      vertex -39.0414 1.02629 40.0673
      vertex -39.0414 1.02629 60.866
      vertex -39.0414 1.25793 60.7172
    endloop
  endfacet
  facet normal -1 0 0
    outer loop
      vertex -39.0414 0.812605 39.8996
      vertex -39.0414 1.02629 60.866
      vertex -39.0414 1.02629 40.0673
    endloop
  endfacet
  facet normal -1 0 0
    outer loop
      vertex -39.0414 0.812605 39.8996
      vertex -39.0414 0.812605 61.0337
      vertex -39.0414 1.02629 60.866
    endloop
  endfacet
  facet normal -1 0 0
    outer loop
      vertex -39.0414 0.618933 39.7145
      vertex -39.0414 0.812605 61.0337
      vertex -39.0414 0.812605 39.8996
    endloop
  endfacet
  facet normal -1 0 0
    outer loop
      vertex -39.0414 0.618933 39.7145
      vertex -39.0414 0.618933 61.2188
      vertex -39.0414 0.812605 61.0337
    endloop
  endfacet
  facet normal -1 0 0
    outer loop
      vertex -39.0414 0.447138 39.5139
      vertex -39.0414 0.618933 61.2188
      vertex -39.0414 0.618933 39.7145
    endloop
  endfacet
  facet normal -1 0 0
    outer loop
      vertex -39.0414 0.447138 39.5139
      vertex -39.0414 0.447138 61.4194
      vertex -39.0414 0.618933 61.2188
    endloop
  endfacet
  facet normal -1 0 0
    outer loop
      vertex -39.0414 0.298876 39.2997
      vertex -39.0414 0.447138 61.4194
      vertex -39.0414 0.447138 39.5139
    endloop
  endfacet
  facet normal -1 0 0
    outer loop
      vertex -39.0414 0.298876 39.2997
      vertex -39.0414 0.298876 61.6336
      vertex -39.0414 0.447138 61.4194
    endloop
  endfacet
  facet normal -1 0 0
    outer loop
      vertex -39.0414 0.175572 39.0739
      vertex -39.0414 0.298876 61.6336
      vertex -39.0414 0.298876 39.2997
    endloop
  endfacet
  facet normal -1 0 0
    outer loop
      vertex -39.0414 0.175572 39.0739
      vertex -39.0414 0.175572 61.8594
      vertex -39.0414 0.298876 61.6336
    endloop
  endfacet
  facet normal -1 0 0
    outer loop
      vertex -39.0414 0.0784161 38.8388
      vertex -39.0414 0.175572 61.8594
      vertex -39.0414 0.175572 39.0739
    endloop
  endfacet
  facet normal -1 0 0
    outer loop
      vertex -39.0414 0.0784161 38.8388
      vertex -39.0414 0.0784161 62.0946
      vertex -39.0414 0.175572 61.8594
    endloop
  endfacet
  facet normal -1 0 0
    outer loop
      vertex -39.0414 -50.9135 75.3305
      vertex -39.0414 0.0784161 38.8388
      vertex -39.0414 0.0083418 38.5965
    endloop
  endfacet
  facet normal -1 0 0
    outer loop
      vertex -39.0414 0.0784161 38.8388
      vertex -39.0414 -50.9135 75.3305
      vertex -39.0414 0.0784161 62.0946
    endloop
  endfacet
  facet normal -1 0 0
    outer loop
      vertex -39.0414 -50.9135 75.3305
      vertex -39.0414 0.0083418 38.5965
      vertex -39.0414 -0.0339732 38.3495
    endloop
  endfacet
  facet normal -1 0 0
    outer loop
      vertex -39.0414 0.0784161 62.0946
      vertex -39.0414 -50.9135 75.3305
      vertex -39.0414 0.0083418 62.3368
    endloop
  endfacet
  facet normal -1 0 0
    outer loop
      vertex -39.0414 -50.9135 75.3305
      vertex -39.0414 -0.0339732 38.3495
      vertex -39.0414 -0.0481238 38.1
    endloop
  endfacet
  facet normal -1 0 0
    outer loop
      vertex -39.0414 0.0083418 62.3368
      vertex -39.0414 -50.9135 75.3305
      vertex -39.0414 -0.0339732 62.5839
    endloop
  endfacet
  facet normal -1 0 0
    outer loop
      vertex -39.0414 5.77283 13.8632
      vertex -39.0414 29.0865 0.869475
      vertex -39.0414 5.81515 13.6161
    endloop
  endfacet
  facet normal -1 0 0
    outer loop
      vertex -39.0414 29.0865 0.869475
      vertex -39.0414 5.81515 37.8505
      vertex -39.0414 5.8293 38.1
    endloop
  endfacet
  facet normal -1 0 0
    outer loop
      vertex -39.0414 5.70276 14.1054
      vertex -39.0414 29.0865 0.869475
      vertex -39.0414 5.77283 13.8632
    endloop
  endfacet
  facet normal -1 0 0
    outer loop
      vertex -39.0414 29.0865 0.869475
      vertex -39.0414 5.77283 37.6035
      vertex -39.0414 5.81515 37.8505
    endloop
  endfacet
  facet normal -1 0 0
    outer loop
      vertex -39.0414 5.6056 14.3406
      vertex -39.0414 29.0865 0.869475
      vertex -39.0414 5.70276 14.1054
    endloop
  endfacet
  facet normal -1 0 0
    outer loop
      vertex -39.0414 29.0865 0.869475
      vertex -39.0414 5.70276 37.3612
      vertex -39.0414 5.77283 37.6035
    endloop
  endfacet
  facet normal -1 0 0
    outer loop
      vertex -39.0414 5.6056 37.1261
      vertex -39.0414 29.0865 0.869475
      vertex -39.0414 5.6056 14.3406
    endloop
  endfacet
  facet normal -1 0 0
    outer loop
      vertex -39.0414 29.0865 0.869475
      vertex -39.0414 5.6056 37.1261
      vertex -39.0414 5.70276 37.3612
    endloop
  endfacet
  facet normal -1 0 0
    outer loop
      vertex -39.0414 5.4823 14.5664
      vertex -39.0414 5.6056 37.1261
      vertex -39.0414 5.6056 14.3406
    endloop
  endfacet
  facet normal -1 0 0
    outer loop
      vertex -39.0414 5.4823 14.5664
      vertex -39.0414 5.4823 36.9003
      vertex -39.0414 5.6056 37.1261
    endloop
  endfacet
  facet normal -1 0 0
    outer loop
      vertex -39.0414 5.33404 14.7806
      vertex -39.0414 5.4823 36.9003
      vertex -39.0414 5.4823 14.5664
    endloop
  endfacet
  facet normal -1 0 0
    outer loop
      vertex -39.0414 5.33404 14.7806
      vertex -39.0414 5.33404 36.6861
      vertex -39.0414 5.4823 36.9003
    endloop
  endfacet
  facet normal -1 0 0
    outer loop
      vertex -39.0414 5.16224 14.9812
      vertex -39.0414 5.33404 36.6861
      vertex -39.0414 5.33404 14.7806
    endloop
  endfacet
  facet normal -1 0 0
    outer loop
      vertex -39.0414 5.16224 14.9812
      vertex -39.0414 5.16224 36.4855
      vertex -39.0414 5.33404 36.6861
    endloop
  endfacet
  facet normal -1 0 0
    outer loop
      vertex -39.0414 4.96857 15.1663
      vertex -39.0414 5.16224 36.4855
      vertex -39.0414 5.16224 14.9812
    endloop
  endfacet
  facet normal -1 0 0
    outer loop
      vertex -39.0414 4.96857 15.1663
      vertex -39.0414 4.96857 36.3004
      vertex -39.0414 5.16224 36.4855
    endloop
  endfacet
  facet normal -1 0 0
    outer loop
      vertex -39.0414 4.75489 15.334
      vertex -39.0414 4.96857 36.3004
      vertex -39.0414 4.96857 15.1663
    endloop
  endfacet
  facet normal -1 0 0
    outer loop
      vertex -39.0414 4.75489 15.334
      vertex -39.0414 4.75489 36.1327
      vertex -39.0414 4.96857 36.3004
    endloop
  endfacet
  facet normal -1 0 0
    outer loop
      vertex -39.0414 4.52325 15.4828
      vertex -39.0414 4.75489 36.1327
      vertex -39.0414 4.75489 15.334
    endloop
  endfacet
  facet normal -1 0 0
    outer loop
      vertex -39.0414 4.52325 15.4828
      vertex -39.0414 4.52325 35.9839
      vertex -39.0414 4.75489 36.1327
    endloop
  endfacet
  facet normal -1 0 0
    outer loop
      vertex -39.0414 4.27589 15.6112
      vertex -39.0414 4.52325 35.9839
      vertex -39.0414 4.52325 15.4828
    endloop
  endfacet
  facet normal -1 0 0
    outer loop
      vertex -39.0414 4.27589 15.6112
      vertex -39.0414 4.27589 35.8555
      vertex -39.0414 4.52325 35.9839
    endloop
  endfacet
  facet normal -1 0 0
    outer loop
      vertex -39.0414 4.01518 15.7179
      vertex -39.0414 4.27589 35.8555
      vertex -39.0414 4.27589 15.6112
    endloop
  endfacet
  facet normal -1 0 0
    outer loop
      vertex -39.0414 4.01518 15.7179
      vertex -39.0414 4.01518 35.7487
      vertex -39.0414 4.27589 35.8555
    endloop
  endfacet
  facet normal -1 0 0
    outer loop
      vertex -39.0414 3.74365 15.8021
      vertex -39.0414 4.01518 35.7487
      vertex -39.0414 4.01518 15.7179
    endloop
  endfacet
  facet normal -1 0 0
    outer loop
      vertex -39.0414 3.74365 15.8021
      vertex -39.0414 3.74365 35.6646
      vertex -39.0414 4.01518 35.7487
    endloop
  endfacet
  facet normal -1 0 0
    outer loop
      vertex -39.0414 3.4639 15.8628
      vertex -39.0414 3.74365 35.6646
      vertex -39.0414 3.74365 15.8021
    endloop
  endfacet
  facet normal -1 0 0
    outer loop
      vertex -39.0414 3.4639 15.8628
      vertex -39.0414 3.4639 35.6039
      vertex -39.0414 3.74365 35.6646
    endloop
  endfacet
  facet normal -1 0 0
    outer loop
      vertex -39.0414 3.17863 15.8994
      vertex -39.0414 3.4639 35.6039
      vertex -39.0414 3.4639 15.8628
    endloop
  endfacet
  facet normal -1 0 0
    outer loop
      vertex -39.0414 3.17863 15.8994
      vertex -39.0414 3.17863 35.5673
      vertex -39.0414 3.4639 35.6039
    endloop
  endfacet
  facet normal -1 0 0
    outer loop
      vertex -39.0414 2.89059 15.9117
      vertex -39.0414 3.17863 35.5673
      vertex -39.0414 3.17863 15.8994
    endloop
  endfacet
  facet normal -1 0 0
    outer loop
      vertex -39.0414 2.89059 15.9117
      vertex -39.0414 2.89059 35.555
      vertex -39.0414 3.17863 35.5673
    endloop
  endfacet
  facet normal -1 0 0
    outer loop
      vertex -39.0414 2.60254 15.8994
      vertex -39.0414 2.89059 35.555
      vertex -39.0414 2.89059 15.9117
    endloop
  endfacet
  facet normal -1 0 0
    outer loop
      vertex -39.0414 2.60254 15.8994
      vertex -39.0414 2.60254 35.5673
      vertex -39.0414 2.89059 35.555
    endloop
  endfacet
  facet normal -1 0 0
    outer loop
      vertex -39.0414 2.31727 15.8628
      vertex -39.0414 2.60254 35.5673
      vertex -39.0414 2.60254 15.8994
    endloop
  endfacet
  facet normal -1 0 0
    outer loop
      vertex -39.0414 2.31727 15.8628
      vertex -39.0414 2.31727 35.6039
      vertex -39.0414 2.60254 35.5673
    endloop
  endfacet
  facet normal -1 0 0
    outer loop
      vertex -39.0414 2.03752 15.8021
      vertex -39.0414 2.31727 35.6039
      vertex -39.0414 2.31727 15.8628
    endloop
  endfacet
  facet normal -1 0 0
    outer loop
      vertex -39.0414 2.03752 15.8021
      vertex -39.0414 2.03752 35.6646
      vertex -39.0414 2.31727 35.6039
    endloop
  endfacet
  facet normal -1 0 0
    outer loop
      vertex -39.0414 1.76599 15.7179
      vertex -39.0414 2.03752 35.6646
      vertex -39.0414 2.03752 15.8021
    endloop
  endfacet
  facet normal -1 0 0
    outer loop
      vertex -39.0414 1.76599 15.7179
      vertex -39.0414 1.76599 35.7487
      vertex -39.0414 2.03752 35.6646
    endloop
  endfacet
  facet normal -1 0 0
    outer loop
      vertex -39.0414 1.50529 15.6112
      vertex -39.0414 1.76599 35.7487
      vertex -39.0414 1.76599 15.7179
    endloop
  endfacet
  facet normal -1 0 0
    outer loop
      vertex -39.0414 1.50529 15.6112
      vertex -39.0414 1.50529 35.8555
      vertex -39.0414 1.76599 35.7487
    endloop
  endfacet
  facet normal -1 0 0
    outer loop
      vertex -39.0414 1.25793 15.4828
      vertex -39.0414 1.50529 35.8555
      vertex -39.0414 1.50529 15.6112
    endloop
  endfacet
  facet normal -1 0 0
    outer loop
      vertex -39.0414 1.25793 15.4828
      vertex -39.0414 1.25793 35.9839
      vertex -39.0414 1.50529 35.8555
    endloop
  endfacet
  facet normal -1 0 0
    outer loop
      vertex -39.0414 1.02629 15.334
      vertex -39.0414 1.25793 35.9839
      vertex -39.0414 1.25793 15.4828
    endloop
  endfacet
  facet normal -1 0 0
    outer loop
      vertex -39.0414 1.02629 15.334
      vertex -39.0414 1.02629 36.1327
      vertex -39.0414 1.25793 35.9839
    endloop
  endfacet
  facet normal -1 0 0
    outer loop
      vertex -39.0414 0.812605 15.1663
      vertex -39.0414 1.02629 36.1327
      vertex -39.0414 1.02629 15.334
    endloop
  endfacet
  facet normal -1 0 0
    outer loop
      vertex -39.0414 0.812605 15.1663
      vertex -39.0414 0.812605 36.3004
      vertex -39.0414 1.02629 36.1327
    endloop
  endfacet
  facet normal -1 0 0
    outer loop
      vertex -39.0414 0.618933 14.9812
      vertex -39.0414 0.812605 36.3004
      vertex -39.0414 0.812605 15.1663
    endloop
  endfacet
  facet normal -1 0 0
    outer loop
      vertex -39.0414 0.618933 14.9812
      vertex -39.0414 0.618933 36.4855
      vertex -39.0414 0.812605 36.3004
    endloop
  endfacet
  facet normal -1 0 0
    outer loop
      vertex -39.0414 0.447138 14.7806
      vertex -39.0414 0.618933 36.4855
      vertex -39.0414 0.618933 14.9812
    endloop
  endfacet
  facet normal -1 0 0
    outer loop
      vertex -39.0414 0.447138 14.7806
      vertex -39.0414 0.447138 36.6861
      vertex -39.0414 0.618933 36.4855
    endloop
  endfacet
  facet normal -1 0 0
    outer loop
      vertex -39.0414 0.298876 14.5664
      vertex -39.0414 0.447138 36.6861
      vertex -39.0414 0.447138 14.7806
    endloop
  endfacet
  facet normal -1 0 0
    outer loop
      vertex -39.0414 0.298876 14.5664
      vertex -39.0414 0.298876 36.9003
      vertex -39.0414 0.447138 36.6861
    endloop
  endfacet
  facet normal -1 0 0
    outer loop
      vertex -39.0414 0.175572 14.3406
      vertex -39.0414 0.298876 36.9003
      vertex -39.0414 0.298876 14.5664
    endloop
  endfacet
  facet normal -1 0 0
    outer loop
      vertex -39.0414 0.175572 14.3406
      vertex -39.0414 0.175572 37.1261
      vertex -39.0414 0.298876 36.9003
    endloop
  endfacet
  facet normal -1 0 0
    outer loop
      vertex -39.0414 0.0784161 14.1054
      vertex -39.0414 0.175572 37.1261
      vertex -39.0414 0.175572 14.3406
    endloop
  endfacet
  facet normal -1 0 0
    outer loop
      vertex -39.0414 0.0784161 14.1054
      vertex -39.0414 0.0784161 37.3612
      vertex -39.0414 0.175572 37.1261
    endloop
  endfacet
  facet normal -1 0 0
    outer loop
      vertex -39.0414 -50.9135 0.869475
      vertex -39.0414 0.0784161 14.1054
      vertex -39.0414 0.0083418 13.8632
    endloop
  endfacet
  facet normal -1 -0 0
    outer loop
      vertex -39.0414 0.0784161 14.1054
      vertex -39.0414 -50.9135 0.869475
      vertex -39.0414 0.0784161 37.3612
    endloop
  endfacet
  facet normal -1 0 0
    outer loop
      vertex -39.0414 -50.9135 0.869475
      vertex -39.0414 0.0083418 13.8632
      vertex -39.0414 -0.0339732 13.6161
    endloop
  endfacet
  facet normal -1 -0 0
    outer loop
      vertex -39.0414 0.0784161 37.3612
      vertex -39.0414 -50.9135 0.869475
      vertex -39.0414 0.0083418 37.6035
    endloop
  endfacet
  facet normal -1 0 0
    outer loop
      vertex -39.0414 -50.9135 0.869475
      vertex -39.0414 -0.0339732 13.6161
      vertex -39.0414 -0.0481238 13.3667
    endloop
  endfacet
  facet normal -1 -0 0
    outer loop
      vertex -39.0414 0.0083418 37.6035
      vertex -39.0414 -50.9135 0.869475
      vertex -39.0414 -0.0339732 37.8505
    endloop
  endfacet
  facet normal -1 0 0
    outer loop
      vertex -39.0414 5.81515 13.6161
      vertex -39.0414 29.0865 0.869475
      vertex -39.0414 5.8293 13.3667
    endloop
  endfacet
  facet normal -1 0 0
    outer loop
      vertex -39.0414 29.0865 0.869475
      vertex -39.0414 5.81515 13.1172
      vertex -39.0414 5.8293 13.3667
    endloop
  endfacet
  facet normal -1 0 0
    outer loop
      vertex -39.0414 29.0865 0.869475
      vertex -39.0414 5.77283 12.8702
      vertex -39.0414 5.81515 13.1172
    endloop
  endfacet
  facet normal -1 0 0
    outer loop
      vertex -39.0414 29.0865 0.869475
      vertex -39.0414 5.70276 12.6279
      vertex -39.0414 5.77283 12.8702
    endloop
  endfacet
  facet normal -1 0 0
    outer loop
      vertex -39.0414 29.0865 0.869475
      vertex -39.0414 5.6056 12.3927
      vertex -39.0414 5.70276 12.6279
    endloop
  endfacet
  facet normal -1 0 0
    outer loop
      vertex -39.0414 29.0865 0.869475
      vertex -39.0414 5.4823 12.167
      vertex -39.0414 5.6056 12.3927
    endloop
  endfacet
  facet normal -1 0 0
    outer loop
      vertex -39.0414 29.0865 0.869475
      vertex -39.0414 5.33404 11.9527
      vertex -39.0414 5.4823 12.167
    endloop
  endfacet
  facet normal -1 0 0
    outer loop
      vertex -39.0414 29.0865 0.869475
      vertex -39.0414 5.16224 11.7521
      vertex -39.0414 5.33404 11.9527
    endloop
  endfacet
  facet normal -1 0 0
    outer loop
      vertex -39.0414 29.0865 0.869475
      vertex -39.0414 4.96857 11.5671
      vertex -39.0414 5.16224 11.7521
    endloop
  endfacet
  facet normal -1 0 0
    outer loop
      vertex -39.0414 29.0865 0.869475
      vertex -39.0414 4.75489 11.3994
      vertex -39.0414 4.96857 11.5671
    endloop
  endfacet
  facet normal -1 0 0
    outer loop
      vertex -39.0414 29.0865 0.869475
      vertex -39.0414 4.52325 11.2506
      vertex -39.0414 4.75489 11.3994
    endloop
  endfacet
  facet normal -1 0 0
    outer loop
      vertex -39.0414 29.0865 0.869475
      vertex -39.0414 4.27589 11.1222
      vertex -39.0414 4.52325 11.2506
    endloop
  endfacet
  facet normal -1 0 0
    outer loop
      vertex -39.0414 29.0865 0.869475
      vertex -39.0414 4.01518 11.0154
      vertex -39.0414 4.27589 11.1222
    endloop
  endfacet
  facet normal -1 0 0
    outer loop
      vertex -39.0414 29.0865 0.869475
      vertex -39.0414 3.74365 10.9313
      vertex -39.0414 4.01518 11.0154
    endloop
  endfacet
  facet normal -1 0 0
    outer loop
      vertex -39.0414 29.0865 0.869475
      vertex -39.0414 3.4639 10.8706
      vertex -39.0414 3.74365 10.9313
    endloop
  endfacet
  facet normal -1 0 0
    outer loop
      vertex -39.0414 29.0865 0.869475
      vertex -39.0414 3.17863 10.8339
      vertex -39.0414 3.4639 10.8706
    endloop
  endfacet
  facet normal -1 0 0
    outer loop
      vertex -39.0414 29.0865 0.869475
      vertex -39.0414 2.89059 10.8217
      vertex -39.0414 3.17863 10.8339
    endloop
  endfacet
  facet normal -1 0 0
    outer loop
      vertex -39.0414 29.0865 0.869475
      vertex -39.0414 2.60254 10.8339
      vertex -39.0414 2.89059 10.8217
    endloop
  endfacet
  facet normal -1 0 0
    outer loop
      vertex -39.0414 29.0865 0.869475
      vertex -39.0414 2.31727 10.8706
      vertex -39.0414 2.60254 10.8339
    endloop
  endfacet
  facet normal -1 0 0
    outer loop
      vertex -39.0414 -50.9135 0.869475
      vertex -39.0414 2.31727 10.8706
      vertex -39.0414 29.0865 0.869475
    endloop
  endfacet
  facet normal -1 -0 0
    outer loop
      vertex -39.0414 2.31727 10.8706
      vertex -39.0414 -50.9135 0.869475
      vertex -39.0414 2.03752 10.9313
    endloop
  endfacet
  facet normal -1 -0 0
    outer loop
      vertex -39.0414 -0.0339732 37.8505
      vertex -39.0414 -50.9135 0.869475
      vertex -39.0414 -0.0481238 38.1
    endloop
  endfacet
  facet normal -1 0 0
    outer loop
      vertex -39.0414 -50.9135 75.3305
      vertex -39.0414 -0.0481238 38.1
      vertex -39.0414 -50.9135 0.869475
    endloop
  endfacet
  facet normal -1 -0 0
    outer loop
      vertex -39.0414 -0.0339732 13.1172
      vertex -39.0414 -50.9135 0.869475
      vertex -39.0414 -0.0481238 13.3667
    endloop
  endfacet
  facet normal -1 -0 0
    outer loop
      vertex -39.0414 0.0083418 12.8702
      vertex -39.0414 -50.9135 0.869475
      vertex -39.0414 -0.0339732 13.1172
    endloop
  endfacet
  facet normal -1 -0 0
    outer loop
      vertex -39.0414 0.0784161 12.6279
      vertex -39.0414 -50.9135 0.869475
      vertex -39.0414 0.0083418 12.8702
    endloop
  endfacet
  facet normal -1 -0 0
    outer loop
      vertex -39.0414 0.175572 12.3927
      vertex -39.0414 -50.9135 0.869475
      vertex -39.0414 0.0784161 12.6279
    endloop
  endfacet
  facet normal -1 -0 0
    outer loop
      vertex -39.0414 0.298876 12.167
      vertex -39.0414 -50.9135 0.869475
      vertex -39.0414 0.175572 12.3927
    endloop
  endfacet
  facet normal -1 -0 0
    outer loop
      vertex -39.0414 0.447138 11.9527
      vertex -39.0414 -50.9135 0.869475
      vertex -39.0414 0.298876 12.167
    endloop
  endfacet
  facet normal -1 -0 0
    outer loop
      vertex -39.0414 0.618933 11.7521
      vertex -39.0414 -50.9135 0.869475
      vertex -39.0414 0.447138 11.9527
    endloop
  endfacet
  facet normal -1 -0 0
    outer loop
      vertex -39.0414 0.812605 11.5671
      vertex -39.0414 -50.9135 0.869475
      vertex -39.0414 0.618933 11.7521
    endloop
  endfacet
  facet normal -1 -0 0
    outer loop
      vertex -39.0414 1.02629 11.3994
      vertex -39.0414 -50.9135 0.869475
      vertex -39.0414 0.812605 11.5671
    endloop
  endfacet
  facet normal -1 -0 0
    outer loop
      vertex -39.0414 1.25793 11.2506
      vertex -39.0414 -50.9135 0.869475
      vertex -39.0414 1.02629 11.3994
    endloop
  endfacet
  facet normal -1 -0 0
    outer loop
      vertex -39.0414 1.50529 11.1222
      vertex -39.0414 -50.9135 0.869475
      vertex -39.0414 1.25793 11.2506
    endloop
  endfacet
  facet normal -1 -0 0
    outer loop
      vertex -39.0414 1.76599 11.0154
      vertex -39.0414 -50.9135 0.869475
      vertex -39.0414 1.50529 11.1222
    endloop
  endfacet
  facet normal -1 -0 0
    outer loop
      vertex -39.0414 2.03752 10.9313
      vertex -39.0414 -50.9135 0.869475
      vertex -39.0414 1.76599 11.0154
    endloop
  endfacet
  facet normal -1 0 0
    outer loop
      vertex -39.0414 29.0865 0.869475
      vertex -39.0414 5.8293 38.1
      vertex -39.0414 29.0865 75.3305
    endloop
  endfacet
  facet normal -1 0 0
    outer loop
      vertex -39.0414 5.81515 38.3495
      vertex -39.0414 29.0865 75.3305
      vertex -39.0414 5.8293 38.1
    endloop
  endfacet
  facet normal -1 0 0
    outer loop
      vertex -39.0414 5.81515 63.0828
      vertex -39.0414 29.0865 75.3305
      vertex -39.0414 5.8293 62.8333
    endloop
  endfacet
  facet normal -1 0 0
    outer loop
      vertex -39.0414 5.77283 63.3298
      vertex -39.0414 29.0865 75.3305
      vertex -39.0414 5.81515 63.0828
    endloop
  endfacet
  facet normal -1 0 0
    outer loop
      vertex -39.0414 5.70276 63.5721
      vertex -39.0414 29.0865 75.3305
      vertex -39.0414 5.77283 63.3298
    endloop
  endfacet
  facet normal -1 0 0
    outer loop
      vertex -39.0414 5.6056 63.8073
      vertex -39.0414 29.0865 75.3305
      vertex -39.0414 5.70276 63.5721
    endloop
  endfacet
  facet normal -1 0 0
    outer loop
      vertex -39.0414 5.4823 64.033
      vertex -39.0414 29.0865 75.3305
      vertex -39.0414 5.6056 63.8073
    endloop
  endfacet
  facet normal -1 0 0
    outer loop
      vertex -39.0414 5.33404 64.2473
      vertex -39.0414 29.0865 75.3305
      vertex -39.0414 5.4823 64.033
    endloop
  endfacet
  facet normal -1 0 0
    outer loop
      vertex -39.0414 5.16224 64.4479
      vertex -39.0414 29.0865 75.3305
      vertex -39.0414 5.33404 64.2473
    endloop
  endfacet
  facet normal -1 0 0
    outer loop
      vertex -39.0414 4.96857 64.6329
      vertex -39.0414 29.0865 75.3305
      vertex -39.0414 5.16224 64.4479
    endloop
  endfacet
  facet normal -1 0 0
    outer loop
      vertex -39.0414 4.75489 64.8006
      vertex -39.0414 29.0865 75.3305
      vertex -39.0414 4.96857 64.6329
    endloop
  endfacet
  facet normal -1 0 0
    outer loop
      vertex -39.0414 4.52325 64.9494
      vertex -39.0414 29.0865 75.3305
      vertex -39.0414 4.75489 64.8006
    endloop
  endfacet
  facet normal -1 0 0
    outer loop
      vertex -39.0414 4.27589 65.0778
      vertex -39.0414 29.0865 75.3305
      vertex -39.0414 4.52325 64.9494
    endloop
  endfacet
  facet normal -1 0 0
    outer loop
      vertex -39.0414 4.01518 65.1846
      vertex -39.0414 29.0865 75.3305
      vertex -39.0414 4.27589 65.0778
    endloop
  endfacet
  facet normal -1 0 0
    outer loop
      vertex -39.0414 3.74365 65.2687
      vertex -39.0414 29.0865 75.3305
      vertex -39.0414 4.01518 65.1846
    endloop
  endfacet
  facet normal -1 0 0
    outer loop
      vertex -39.0414 3.4639 65.3294
      vertex -39.0414 29.0865 75.3305
      vertex -39.0414 3.74365 65.2687
    endloop
  endfacet
  facet normal -1 0 0
    outer loop
      vertex -39.0414 3.17863 65.3661
      vertex -39.0414 29.0865 75.3305
      vertex -39.0414 3.4639 65.3294
    endloop
  endfacet
  facet normal -1 0 0
    outer loop
      vertex -39.0414 2.89059 65.3783
      vertex -39.0414 29.0865 75.3305
      vertex -39.0414 3.17863 65.3661
    endloop
  endfacet
  facet normal -1 0 0
    outer loop
      vertex -39.0414 2.60254 65.3661
      vertex -39.0414 29.0865 75.3305
      vertex -39.0414 2.89059 65.3783
    endloop
  endfacet
  facet normal -1 0 0
    outer loop
      vertex -39.0414 2.31727 65.3294
      vertex -39.0414 29.0865 75.3305
      vertex -39.0414 2.60254 65.3661
    endloop
  endfacet
  facet normal -1 0 0
    outer loop
      vertex -39.0414 -50.9135 75.3305
      vertex -39.0414 2.31727 65.3294
      vertex -39.0414 2.03752 65.2687
    endloop
  endfacet
  facet normal -1 0 0
    outer loop
      vertex -39.0414 -50.9135 75.3305
      vertex -39.0414 2.03752 65.2687
      vertex -39.0414 1.76599 65.1846
    endloop
  endfacet
  facet normal -1 0 0
    outer loop
      vertex -39.0414 -0.0339732 62.5839
      vertex -39.0414 -50.9135 75.3305
      vertex -39.0414 -0.0481238 62.8333
    endloop
  endfacet
  facet normal -1 0 0
    outer loop
      vertex -39.0414 -0.0481238 62.8333
      vertex -39.0414 -50.9135 75.3305
      vertex -39.0414 -0.0339732 63.0828
    endloop
  endfacet
  facet normal -1 0 0
    outer loop
      vertex -39.0414 -0.0339732 63.0828
      vertex -39.0414 -50.9135 75.3305
      vertex -39.0414 0.0083418 63.3298
    endloop
  endfacet
  facet normal -1 0 0
    outer loop
      vertex -39.0414 0.0083418 63.3298
      vertex -39.0414 -50.9135 75.3305
      vertex -39.0414 0.0784161 63.5721
    endloop
  endfacet
  facet normal -1 0 0
    outer loop
      vertex -39.0414 0.0784161 63.5721
      vertex -39.0414 -50.9135 75.3305
      vertex -39.0414 0.175572 63.8073
    endloop
  endfacet
  facet normal -1 0 0
    outer loop
      vertex -39.0414 0.175572 63.8073
      vertex -39.0414 -50.9135 75.3305
      vertex -39.0414 0.298876 64.033
    endloop
  endfacet
  facet normal -1 0 0
    outer loop
      vertex -39.0414 2.31727 65.3294
      vertex -39.0414 -50.9135 75.3305
      vertex -39.0414 29.0865 75.3305
    endloop
  endfacet
  facet normal -1 0 0
    outer loop
      vertex -39.0414 1.50529 65.0778
      vertex -39.0414 -50.9135 75.3305
      vertex -39.0414 1.76599 65.1846
    endloop
  endfacet
  facet normal -1 0 0
    outer loop
      vertex -39.0414 1.25793 64.9494
      vertex -39.0414 -50.9135 75.3305
      vertex -39.0414 1.50529 65.0778
    endloop
  endfacet
  facet normal -1 0 0
    outer loop
      vertex -39.0414 1.02629 64.8006
      vertex -39.0414 -50.9135 75.3305
      vertex -39.0414 1.25793 64.9494
    endloop
  endfacet
  facet normal -1 0 0
    outer loop
      vertex -39.0414 0.812605 64.6329
      vertex -39.0414 -50.9135 75.3305
      vertex -39.0414 1.02629 64.8006
    endloop
  endfacet
  facet normal -1 0 0
    outer loop
      vertex -39.0414 0.618933 64.4479
      vertex -39.0414 -50.9135 75.3305
      vertex -39.0414 0.812605 64.6329
    endloop
  endfacet
  facet normal -1 0 0
    outer loop
      vertex -39.0414 0.447138 64.2473
      vertex -39.0414 -50.9135 75.3305
      vertex -39.0414 0.618933 64.4479
    endloop
  endfacet
  facet normal -1 0 0
    outer loop
      vertex -39.0414 0.298876 64.033
      vertex -39.0414 -50.9135 75.3305
      vertex -39.0414 0.447138 64.2473
    endloop
  endfacet
  facet normal 0.704033 -0.0929338 -0.70406
    outer loop
      vertex 18.6588 11.6135 0.206647
      vertex 18.8434 11.6135 0.39124
      vertex 18.8163 11.4082 0.39124
    endloop
  endfacet
  facet normal 0.86609 -0 0.499888
    outer loop
      vertex 18.8434 11.6135 75.8088
      vertex 18.9739 50.9135 75.5827
      vertex 18.8434 50.9135 75.8088
    endloop
  endfacet
  facet normal 0.86609 0 0.499888
    outer loop
      vertex 18.9739 50.9135 75.5827
      vertex 18.8434 11.6135 75.8088
      vertex 18.9739 11.6135 75.5827
    endloop
  endfacet
  facet normal 0.95827 -0.126246 0.256476
    outer loop
      vertex 18.9424 11.3744 75.5827
      vertex 19.0414 11.6135 75.3305
      vertex 18.9739 11.6135 75.5827
    endloop
  endfacet
  facet normal 0.965999 -0 0.258545
    outer loop
      vertex 18.9739 11.6135 75.5827
      vertex 19.0414 50.9135 75.3305
      vertex 18.9739 50.9135 75.5827
    endloop
  endfacet
  facet normal 0.965999 0 0.258545
    outer loop
      vertex 19.0414 50.9135 75.3305
      vertex 18.9739 11.6135 75.5827
      vertex 19.0414 11.6135 75.3305
    endloop
  endfacet
  facet normal 0.528258 -0.68875 0.496555
    outer loop
      vertex -17.6533 -51.6006 75.8088
      vertex -17.5881 -51.7136 75.5827
      vertex -17.3967 -51.5668 75.5827
    endloop
  endfacet
  facet normal 0.688542 -0.528374 0.496719
    outer loop
      vertex -17.3967 -51.5668 75.5827
      vertex -17.2499 -51.3755 75.5827
      vertex -17.3629 -51.3102 75.8088
    endloop
  endfacet
  facet normal -0.0994934 -0.24108 0.965392
    outer loop
      vertex -38.2413 -51.2449 76.1239
      vertex -38.0838 -51.0396 76.1914
      vertex -38.1153 -51.0266 76.1914
    endloop
  endfacet
  facet normal -0.0929355 -0.704047 0.704047
    outer loop
      vertex -38.2553 -51.6798 75.8088
      vertex -38.05 -51.7069 75.8088
      vertex -38.05 -51.5223 75.9934
    endloop
  endfacet
  facet normal -0.793557 -0.608496 0
    outer loop
      vertex -38.7511 -51.6146 0.869475
      vertex -38.9086 -51.4092 75.3305
      vertex -38.9086 -51.4092 0.869475
    endloop
  endfacet
  facet normal -0.793557 -0.608496 0
    outer loop
      vertex -38.9086 -51.4092 75.3305
      vertex -38.7511 -51.6146 0.869475
      vertex -38.7511 -51.6146 75.3305
    endloop
  endfacet
  facet normal 0.464936 -0.192422 -0.864181
    outer loop
      vertex 18.3814 11.4222 0.0761219
      vertex 18.4196 11.5145 0.0761219
      vertex 18.5772 11.3091 0.206647
    endloop
  endfacet
  facet normal 0 -0.86609 0.499888
    outer loop
      vertex -38.05 -51.8374 75.5827
      vertex -18.05 -51.7069 75.8088
      vertex -38.05 -51.7069 75.8088
    endloop
  endfacet
  facet normal 0 -0.86609 0.499888
    outer loop
      vertex -18.05 -51.7069 75.8088
      vertex -38.05 -51.8374 75.5827
      vertex -18.05 -51.8374 75.5827
    endloop
  endfacet
  facet normal 0.271502 -0.65613 -0.704116
    outer loop
      vertex -17.8447 -51.6798 0.39124
      vertex -17.7456 -51.4407 0.206647
      vertex -17.6533 -51.6006 0.39124
    endloop
  endfacet
  facet normal -0.306338 0.399062 0.864238
    outer loop
      vertex -38.4805 29.5169 75.9934
      vertex -38.2413 29.4179 76.1239
      vertex -38.3544 29.6137 75.9934
    endloop
  endfacet
  facet normal -0.707107 0 0.707107
    outer loop
      vertex -38.8434 -50.9135 75.8088
      vertex -38.6588 29.0865 75.9934
      vertex -38.8434 29.0865 75.8088
    endloop
  endfacet
  facet normal -0.707107 0 0.707107
    outer loop
      vertex -38.6588 29.0865 75.9934
      vertex -38.8434 -50.9135 75.8088
      vertex -38.6588 -50.9135 75.9934
    endloop
  endfacet
  facet normal -0.4988 -0.0659363 0.864205
    outer loop
      vertex -38.6588 -50.9135 75.9934
      vertex -38.4196 -51.0126 76.1239
      vertex -38.4327 -50.9135 76.1239
    endloop
  endfacet
  facet normal -0.801928 -0.332006 0.496673
    outer loop
      vertex -38.8501 -51.3755 75.5827
      vertex -38.7371 -51.3102 75.8088
      vertex -38.8163 -51.1189 75.8088
    endloop
  endfacet
  facet normal -0.86609 0 0.499888
    outer loop
      vertex -38.9739 -50.9135 75.5827
      vertex -38.8434 29.0865 75.8088
      vertex -38.9739 29.0865 75.5827
    endloop
  endfacet
  facet normal -0.86609 0 0.499888
    outer loop
      vertex -38.8434 29.0865 75.8088
      vertex -38.9739 -50.9135 75.5827
      vertex -38.8434 -50.9135 75.8088
    endloop
  endfacet
  facet normal -0.30618 0.399344 0.864163
    outer loop
      vertex -38.4805 29.5169 75.9934
      vertex -38.3206 29.3571 76.1239
      vertex -38.2413 29.4179 76.1239
    endloop
  endfacet
  facet normal -0.432486 0.563394 0.703948
    outer loop
      vertex -38.4805 29.5169 75.9934
      vertex -38.3544 29.6137 75.9934
      vertex -38.4467 29.7735 75.8088
    endloop
  endfacet
  facet normal -0.766846 0.588301 0.256611
    outer loop
      vertex -38.9086 29.5822 75.3305
      vertex -38.7033 29.7398 75.5827
      vertex -38.7511 29.7875 75.3305
    endloop
  endfacet
  facet normal -0.801883 -0.332049 0.496716
    outer loop
      vertex -38.9424 -51.1526 75.5827
      vertex -38.8501 -51.3755 75.5827
      vertex -38.8163 -51.1189 75.8088
    endloop
  endfacet
  facet normal -0.27186 0.656167 0.703944
    outer loop
      vertex -38.4467 29.7735 75.8088
      vertex -38.3544 29.6137 75.9934
      vertex -38.2553 29.8528 75.8088
    endloop
  endfacet
  facet normal -0.130594 0.991436 0
    outer loop
      vertex -38.05 30.0779 0.869475
      vertex -38.3066 30.0441 75.3305
      vertex -38.05 30.0779 75.3305
    endloop
  endfacet
  facet normal -0.130594 0.991436 0
    outer loop
      vertex -38.3066 30.0441 75.3305
      vertex -38.05 30.0779 0.869475
      vertex -38.3066 30.0441 0.869475
    endloop
  endfacet
  facet normal -0.60874 0.79337 0
    outer loop
      vertex -38.5457 29.9451 0.869475
      vertex -38.7511 29.7875 75.3305
      vertex -38.5457 29.9451 75.3305
    endloop
  endfacet
  facet normal -0.60874 0.79337 0
    outer loop
      vertex -38.7511 29.7875 75.3305
      vertex -38.5457 29.9451 0.869475
      vertex -38.7511 29.7875 0.869475
    endloop
  endfacet
  facet normal -0.892805 0.370042 0.256843
    outer loop
      vertex -39.0077 29.3431 75.3305
      vertex -38.9424 29.3256 75.5827
      vertex -38.9086 29.5822 75.3305
    endloop
  endfacet
  facet normal -0.258634 -0.0336683 -0.965389
    outer loop
      vertex -38.4327 -50.9135 0.0761219
      vertex -38.1805 -50.9135 0.00855598
      vertex -38.1761 -50.9473 0.00855598
    endloop
  endfacet
  facet normal 0 0.965988 -0.258586
    outer loop
      vertex -19.05 30.0104 0.617318
      vertex -38.05 30.0779 0.869475
      vertex -19.05 30.0779 0.869475
    endloop
  endfacet
  facet normal 0 0.965988 -0.258586
    outer loop
      vertex -38.05 30.0779 0.869475
      vertex -19.05 30.0104 0.617318
      vertex -38.05 30.0104 0.617318
    endloop
  endfacet
  facet normal -0.802033 0.331876 -0.49659
    outer loop
      vertex -38.8501 29.5484 0.617318
      vertex -38.7371 29.4832 0.39124
      vertex -38.8163 29.2918 0.39124
    endloop
  endfacet
  facet normal -0.860486 0.113364 -0.496702
    outer loop
      vertex -38.9739 29.0865 0.617318
      vertex -38.9424 29.3256 0.617318
      vertex -38.8434 29.0865 0.39124
    endloop
  endfacet
  facet normal 0.432953 -0.249966 -0.866065
    outer loop
      vertex -17.5228 -51.2179 0.206647
      vertex 18.3814 11.4222 0.0761219
      vertex 18.5772 11.3091 0.206647
    endloop
  endfacet
  facet normal 0.433025 -0.250007 -0.866017
    outer loop
      vertex 18.3814 11.4222 0.0761219
      vertex -17.5228 -51.2179 0.206647
      vertex -17.7186 -51.1049 0.0761219
    endloop
  endfacet
  facet normal 0.688526 -0.528362 -0.496755
    outer loop
      vertex -17.3967 -51.5668 0.617318
      vertex -17.3629 -51.3102 0.39124
      vertex -17.2499 -51.3755 0.617318
    endloop
  endfacet
  facet normal 0.750094 -0.433067 -0.499812
    outer loop
      vertex 18.8501 11.1516 0.617318
      vertex -17.3629 -51.3102 0.39124
      vertex 18.7371 11.2168 0.39124
    endloop
  endfacet
  facet normal 0.750022 -0.433025 -0.499956
    outer loop
      vertex -17.3629 -51.3102 0.39124
      vertex 18.8501 11.1516 0.617318
      vertex -17.2499 -51.3755 0.617318
    endloop
  endfacet
  facet normal 0.271761 -0.65616 0.703989
    outer loop
      vertex -17.8924 -51.5015 75.9934
      vertex -17.8447 -51.6798 75.8088
      vertex -17.7456 -51.4407 75.9934
    endloop
  endfacet
  facet normal 0.608496 -0.793557 0
    outer loop
      vertex -17.5543 -51.7721 0.869475
      vertex -17.3489 -51.6146 75.3305
      vertex -17.5543 -51.7721 75.3305
    endloop
  endfacet
  facet normal 0.608496 -0.793557 0
    outer loop
      vertex -17.3489 -51.6146 75.3305
      vertex -17.5543 -51.7721 0.869475
      vertex -17.3489 -51.6146 0.869475
    endloop
  endfacet
  facet normal -0.271761 -0.65616 0.703989
    outer loop
      vertex -38.3544 -51.4407 75.9934
      vertex -38.2553 -51.6798 75.8088
      vertex -38.2076 -51.5015 75.9934
    endloop
  endfacet
  facet normal 0.20683 -0.15857 0.965441
    outer loop
      vertex -17.9577 -51.0058 76.1914
      vertex -17.7186 -51.1049 76.1239
      vertex -17.937 -50.9788 76.1914
    endloop
  endfacet
  facet normal 0 -0.707107 0.707107
    outer loop
      vertex -38.05 -51.7069 75.8088
      vertex -18.05 -51.5223 75.9934
      vertex -38.05 -51.5223 75.9934
    endloop
  endfacet
  facet normal 0 -0.707107 0.707107
    outer loop
      vertex -18.05 -51.5223 75.9934
      vertex -38.05 -51.7069 75.8088
      vertex -18.05 -51.7069 75.8088
    endloop
  endfacet
  facet normal -0.306099 -0.399238 0.864241
    outer loop
      vertex -38.4805 -51.344 75.9934
      vertex -38.2413 -51.2449 76.1239
      vertex -38.3206 -51.1841 76.1239
    endloop
  endfacet
  facet normal -0.704049 -0.0928907 0.704049
    outer loop
      vertex -38.8434 -50.9135 75.8088
      vertex -38.8163 -51.1189 75.8088
      vertex -38.6588 -50.9135 75.9934
    endloop
  endfacet
  facet normal 0.399085 -0.306368 -0.864216
    outer loop
      vertex -17.7794 -51.1841 0.0761219
      vertex -17.7186 -51.1049 0.0761219
      vertex -17.6195 -51.344 0.206647
    endloop
  endfacet
  facet normal 0 -1 0
    outer loop
      vertex -38.05 -51.905 0.869475
      vertex -18.05 -51.905 75.3305
      vertex -38.05 -51.905 75.3305
    endloop
  endfacet
  facet normal 0 -1 -0
    outer loop
      vertex -18.05 -51.905 75.3305
      vertex -38.05 -51.905 0.869475
      vertex -18.05 -51.905 0.869475
    endloop
  endfacet
  facet normal -0.56346 -0.43209 -0.704139
    outer loop
      vertex -38.7371 -51.3102 0.39124
      vertex -38.5772 -51.2179 0.206647
      vertex -38.4805 -51.344 0.206647
    endloop
  endfacet
  facet normal 0.113364 -0.860486 -0.496702
    outer loop
      vertex -18.05 -51.8374 0.617318
      vertex -18.05 -51.7069 0.39124
      vertex -17.8109 -51.8059 0.617318
    endloop
  endfacet
  facet normal 0.126233 -0.958166 -0.256872
    outer loop
      vertex -18.05 -51.905 0.869475
      vertex -18.05 -51.8374 0.617318
      vertex -17.8109 -51.8059 0.617318
    endloop
  endfacet
  facet normal -0.258545 0 0.965999
    outer loop
      vertex -38.4327 29.0865 76.1239
      vertex -38.1805 -50.9135 76.1914
      vertex -38.1805 29.0865 76.1914
    endloop
  endfacet
  facet normal -0.258545 0 0.965999
    outer loop
      vertex -38.1805 -50.9135 76.1914
      vertex -38.4327 29.0865 76.1239
      vertex -38.4327 -50.9135 76.1239
    endloop
  endfacet
  facet normal -0.588087 -0.76694 0.256821
    outer loop
      vertex -38.7511 -51.6146 75.3305
      vertex -38.5457 -51.7721 75.3305
      vertex -38.7033 -51.5668 75.5827
    endloop
  endfacet
  facet normal -0.432098 -0.56347 0.704125
    outer loop
      vertex -38.4805 -51.344 75.9934
      vertex -38.4467 -51.6006 75.8088
      vertex -38.3544 -51.4407 75.9934
    endloop
  endfacet
  facet normal -0.332154 -0.801776 0.496819
    outer loop
      vertex -38.5119 -51.7136 75.5827
      vertex -38.2891 -51.8059 75.5827
      vertex -38.2553 -51.6798 75.8088
    endloop
  endfacet
  facet normal -0.588366 0.766817 0.256547
    outer loop
      vertex -38.7511 29.7875 75.3305
      vertex -38.7033 29.7398 75.5827
      vertex -38.5457 29.9451 75.3305
    endloop
  endfacet
  facet normal -0.499888 0 0.86609
    outer loop
      vertex -38.6588 29.0865 75.9934
      vertex -38.4327 -50.9135 76.1239
      vertex -38.4327 29.0865 76.1239
    endloop
  endfacet
  facet normal -0.499888 0 0.86609
    outer loop
      vertex -38.4327 -50.9135 76.1239
      vertex -38.6588 29.0865 75.9934
      vertex -38.6588 -50.9135 75.9934
    endloop
  endfacet
  facet normal -0.688482 0.528409 0.496767
    outer loop
      vertex -38.7371 29.4832 75.8088
      vertex -38.611 29.6475 75.8088
      vertex -38.7033 29.7398 75.5827
    endloop
  endfacet
  facet normal 0 0.865924 0.500176
    outer loop
      vertex -18.9739 30.0104 75.5827
      vertex -38.05 29.8798 75.8088
      vertex -18.8434 29.8798 75.8088
    endloop
  endfacet
  facet normal 0 0.865924 0.500176
    outer loop
      vertex -38.05 29.8798 75.8088
      vertex -18.9739 30.0104 75.5827
      vertex -38.05 30.0104 75.5827
    endloop
  endfacet
  facet normal 0 0.965999 0.258545
    outer loop
      vertex -19.0414 30.0779 75.3305
      vertex -38.05 30.0104 75.5827
      vertex -18.9739 30.0104 75.5827
    endloop
  endfacet
  facet normal 0 0.965999 0.258545
    outer loop
      vertex -38.05 30.0104 75.5827
      vertex -19.0414 30.0779 75.3305
      vertex -38.05 30.0779 75.3305
    endloop
  endfacet
  facet normal -0.0336683 0.258634 -0.965389
    outer loop
      vertex -38.0838 29.2126 0.00855598
      vertex -38.05 29.4692 0.0761219
      vertex -38.05 29.217 0.00855598
    endloop
  endfacet
  facet normal -0.369755 0.893015 0.256524
    outer loop
      vertex -38.5457 29.9451 75.3305
      vertex -38.2891 29.9789 75.5827
      vertex -38.3066 30.0441 75.3305
    endloop
  endfacet
  facet normal -0.892895 0.369902 -0.256733
    outer loop
      vertex -38.9424 29.3256 0.617318
      vertex -38.9086 29.5822 0.869475
      vertex -38.8501 29.5484 0.617318
    endloop
  endfacet
  facet normal 0 0.707093 -0.70712
    outer loop
      vertex -19.05 29.6952 0.206647
      vertex -38.05 29.8798 0.39124
      vertex -19.05 29.8798 0.39124
    endloop
  endfacet
  facet normal 0 0.707093 -0.70712
    outer loop
      vertex -38.05 29.8798 0.39124
      vertex -19.05 29.6952 0.206647
      vertex -38.05 29.6952 0.206647
    endloop
  endfacet
  facet normal -0.95827 0.126246 0.256476
    outer loop
      vertex -39.0414 29.0865 75.3305
      vertex -38.9739 29.0865 75.5827
      vertex -38.9424 29.3256 75.5827
    endloop
  endfacet
  facet normal -0.860506 0.113367 0.496666
    outer loop
      vertex -38.9739 29.0865 75.5827
      vertex -38.8434 29.0865 75.8088
      vertex -38.9424 29.3256 75.5827
    endloop
  endfacet
  facet normal -0.25878 0 -0.965936
    outer loop
      vertex -38.4327 -50.9135 0.0761219
      vertex -38.1805 29.0865 0.00855598
      vertex -38.1805 -50.9135 0.00855598
    endloop
  endfacet
  facet normal -0.25878 0 -0.965936
    outer loop
      vertex -38.1805 29.0865 0.00855598
      vertex -38.4327 -50.9135 0.0761219
      vertex -38.4327 29.0865 0.0761219
    endloop
  endfacet
  facet normal 0 0 -1
    outer loop
      vertex 18.163 11.5483 0.00855598
      vertex 18.1805 11.6135 0.00855598
      vertex 18.1761 11.5797 0.00855598
    endloop
  endfacet
  facet normal 0 0 -1
    outer loop
      vertex -19.05 11.6135 0.00855598
      vertex 18.163 11.5483 0.00855598
      vertex -17.937 -50.9788 0.00855598
    endloop
  endfacet
  facet normal 0 0 -1
    outer loop
      vertex -18.05 -51.044 0.00855598
      vertex -17.937 -50.9788 0.00855598
      vertex -17.9577 -51.0058 0.00855598
    endloop
  endfacet
  facet normal 0 0 -1
    outer loop
      vertex -18.05 -51.044 0.00855598
      vertex -17.9577 -51.0058 0.00855598
      vertex -17.9847 -51.0266 0.00855598
    endloop
  endfacet
  facet normal 0 0 -1
    outer loop
      vertex -18.05 -51.044 0.00855598
      vertex -17.9847 -51.0266 0.00855598
      vertex -18.0162 -51.0396 0.00855598
    endloop
  endfacet
  facet normal -0 0 -1
    outer loop
      vertex -17.937 -50.9788 0.00855598
      vertex -18.05 -51.044 0.00855598
      vertex -38.1805 -50.9135 0.00855598
    endloop
  endfacet
  facet normal 0 0 -1
    outer loop
      vertex 18.163 11.5483 0.00855598
      vertex -19.05 11.6135 0.00855598
      vertex 18.1805 11.6135 0.00855598
    endloop
  endfacet
  facet normal 0 0 -1
    outer loop
      vertex -38.1805 -50.9135 0.00855598
      vertex -18.05 -51.044 0.00855598
      vertex -38.05 -51.044 0.00855598
    endloop
  endfacet
  facet normal 0 0 -1
    outer loop
      vertex -17.937 -50.9788 0.00855598
      vertex -38.1805 -50.9135 0.00855598
      vertex -19.05 11.6135 0.00855598
    endloop
  endfacet
  facet normal 0 0 -1
    outer loop
      vertex -38.1805 29.0865 0.00855598
      vertex -19.05 11.6135 0.00855598
      vertex -38.1805 -50.9135 0.00855598
    endloop
  endfacet
  facet normal 0 0 -1
    outer loop
      vertex -38.1805 -50.9135 0.00855598
      vertex -38.05 -51.044 0.00855598
      vertex -38.0838 -51.0396 0.00855598
    endloop
  endfacet
  facet normal 0 -0 -1
    outer loop
      vertex -38.05 29.217 0.00855598
      vertex -19.05 11.6135 0.00855598
      vertex -38.1805 29.0865 0.00855598
    endloop
  endfacet
  facet normal 0 0 -1
    outer loop
      vertex -38.1805 -50.9135 0.00855598
      vertex -38.0838 -51.0396 0.00855598
      vertex -38.1153 -51.0266 0.00855598
    endloop
  endfacet
  facet normal 0 0 -1
    outer loop
      vertex -19.05 11.6135 0.00855598
      vertex -38.05 29.217 0.00855598
      vertex -19.05 29.217 0.00855598
    endloop
  endfacet
  facet normal 0 0 -1
    outer loop
      vertex -38.1805 -50.9135 0.00855598
      vertex -38.1153 -51.0266 0.00855598
      vertex -38.1423 -51.0058 0.00855598
    endloop
  endfacet
  facet normal 0 0 -1
    outer loop
      vertex -38.05 29.217 0.00855598
      vertex -38.1805 29.0865 0.00855598
      vertex -38.0838 29.2126 0.00855598
    endloop
  endfacet
  facet normal 0 0 -1
    outer loop
      vertex -38.1805 -50.9135 0.00855598
      vertex -38.1423 -51.0058 0.00855598
      vertex -38.163 -50.9788 0.00855598
    endloop
  endfacet
  facet normal 0 0 -1
    outer loop
      vertex -38.0838 29.2126 0.00855598
      vertex -38.1805 29.0865 0.00855598
      vertex -38.1153 29.1995 0.00855598
    endloop
  endfacet
  facet normal 0 0 -1
    outer loop
      vertex -38.1805 -50.9135 0.00855598
      vertex -38.163 -50.9788 0.00855598
      vertex -38.1761 -50.9473 0.00855598
    endloop
  endfacet
  facet normal 0 0 -1
    outer loop
      vertex -38.1153 29.1995 0.00855598
      vertex -38.1805 29.0865 0.00855598
      vertex -38.1423 29.1788 0.00855598
    endloop
  endfacet
  facet normal 0 0 -1
    outer loop
      vertex -38.1423 29.1788 0.00855598
      vertex -38.1805 29.0865 0.00855598
      vertex -38.163 29.1517 0.00855598
    endloop
  endfacet
  facet normal 0 0 -1
    outer loop
      vertex -38.163 29.1517 0.00855598
      vertex -38.1805 29.0865 0.00855598
      vertex -38.1761 29.1203 0.00855598
    endloop
  endfacet
  facet normal 0.612315 -0.353521 -0.707173
    outer loop
      vertex -17.3629 -51.3102 0.39124
      vertex 18.5772 11.3091 0.206647
      vertex 18.7371 11.2168 0.39124
    endloop
  endfacet
  facet normal 0.612315 -0.353521 -0.707173
    outer loop
      vertex 18.5772 11.3091 0.206647
      vertex -17.3629 -51.3102 0.39124
      vertex -17.5228 -51.2179 0.206647
    endloop
  endfacet
  facet normal 0.528396 -0.688465 -0.496803
    outer loop
      vertex -17.6533 -51.6006 0.39124
      vertex -17.489 -51.4745 0.39124
      vertex -17.3967 -51.5668 0.617318
    endloop
  endfacet
  facet normal 0.656135 -0.271566 -0.704088
    outer loop
      vertex 18.5772 11.3091 0.206647
      vertex 18.638 11.456 0.206647
      vertex 18.8163 11.4082 0.39124
    endloop
  endfacet
  facet normal 0.704007 -0.0929736 -0.704081
    outer loop
      vertex 18.638 11.456 0.206647
      vertex 18.6588 11.6135 0.206647
      vertex 18.8163 11.4082 0.39124
    endloop
  endfacet
  facet normal 0.76694 -0.588087 0.256821
    outer loop
      vertex -17.3967 -51.5668 75.5827
      vertex -17.3489 -51.6146 75.3305
      vertex -17.1914 -51.4092 75.3305
    endloop
  endfacet
  facet normal 0.399276 -0.306185 0.864193
    outer loop
      vertex -17.7186 -51.1049 76.1239
      vertex -17.6195 -51.344 75.9934
      vertex -17.5228 -51.2179 75.9934
    endloop
  endfacet
  facet normal 0.707107 -0 0.707107
    outer loop
      vertex 18.6588 11.6135 75.9934
      vertex 18.8434 50.9135 75.8088
      vertex 18.6588 50.9135 75.9934
    endloop
  endfacet
  facet normal 0.707107 0 0.707107
    outer loop
      vertex 18.8434 50.9135 75.8088
      vertex 18.6588 11.6135 75.9934
      vertex 18.8434 11.6135 75.8088
    endloop
  endfacet
  facet normal 0.612327 -0.353527 0.707159
    outer loop
      vertex 18.5772 11.3091 75.9934
      vertex -17.3629 -51.3102 75.8088
      vertex 18.7371 11.2168 75.8088
    endloop
  endfacet
  facet normal 0.612327 -0.353527 0.707159
    outer loop
      vertex -17.3629 -51.3102 75.8088
      vertex 18.5772 11.3091 75.9934
      vertex -17.5228 -51.2179 75.9934
    endloop
  endfacet
  facet normal 0.688482 -0.528409 0.496767
    outer loop
      vertex -17.489 -51.4745 75.8088
      vertex -17.3967 -51.5668 75.5827
      vertex -17.3629 -51.3102 75.8088
    endloop
  endfacet
  facet normal 0.499888 0 0.86609
    outer loop
      vertex 18.4327 50.9135 76.1239
      vertex 18.6588 11.6135 75.9934
      vertex 18.6588 50.9135 75.9934
    endloop
  endfacet
  facet normal 0.499888 0 0.86609
    outer loop
      vertex 18.6588 11.6135 75.9934
      vertex 18.4327 50.9135 76.1239
      vertex 18.4327 11.6135 76.1239
    endloop
  endfacet
  facet normal 0 0.258545 0.965999
    outer loop
      vertex -38.05 29.217 76.1914
      vertex -18.4327 29.4692 76.1239
      vertex -38.05 29.4692 76.1239
    endloop
  endfacet
  facet normal 0 0.258545 0.965999
    outer loop
      vertex -18.4327 29.4692 76.1239
      vertex -38.05 29.217 76.1914
      vertex -18.1805 29.217 76.1914
    endloop
  endfacet
  facet normal 0.56347 -0.432098 0.704125
    outer loop
      vertex -17.6195 -51.344 75.9934
      vertex -17.3629 -51.3102 75.8088
      vertex -17.5228 -51.2179 75.9934
    endloop
  endfacet
  facet normal -0.192806 -0.464648 0.86425
    outer loop
      vertex -38.3544 -51.4407 75.9934
      vertex -38.149 -51.2832 76.1239
      vertex -38.2413 -51.2449 76.1239
    endloop
  endfacet
  facet normal -0.126234 -0.958177 0.256831
    outer loop
      vertex -38.2891 -51.8059 75.5827
      vertex -38.05 -51.905 75.3305
      vertex -38.05 -51.8374 75.5827
    endloop
  endfacet
  facet normal -0.113367 -0.860506 0.496666
    outer loop
      vertex -38.2891 -51.8059 75.5827
      vertex -38.05 -51.8374 75.5827
      vertex -38.05 -51.7069 75.8088
    endloop
  endfacet
  facet normal -0.892998 -0.369779 0.25655
    outer loop
      vertex -38.9424 -51.1526 75.5827
      vertex -38.9086 -51.4092 75.3305
      vertex -38.8501 -51.3755 75.5827
    endloop
  endfacet
  facet normal -0.892805 -0.370042 0.256843
    outer loop
      vertex -39.0077 -51.1701 75.3305
      vertex -38.9086 -51.4092 75.3305
      vertex -38.9424 -51.1526 75.5827
    endloop
  endfacet
  facet normal 0.331876 -0.802033 -0.49659
    outer loop
      vertex -17.8447 -51.6798 0.39124
      vertex -17.6533 -51.6006 0.39124
      vertex -17.5881 -51.7136 0.617318
    endloop
  endfacet
  facet normal -0.20695 -0.158871 -0.965366
    outer loop
      vertex -38.3814 -51.1049 0.0761219
      vertex -38.1423 -51.0058 0.00855598
      vertex -38.3206 -51.1841 0.0761219
    endloop
  endfacet
  facet normal 0.0929194 -0.704043 -0.704052
    outer loop
      vertex -18.05 -51.5223 0.206647
      vertex -17.8924 -51.5015 0.206647
      vertex -17.8447 -51.6798 0.39124
    endloop
  endfacet
  facet normal -0.563397 -0.432407 -0.703994
    outer loop
      vertex -38.7371 -51.3102 0.39124
      vertex -38.4805 -51.344 0.206647
      vertex -38.611 -51.4745 0.39124
    endloop
  endfacet
  facet normal 0 -0.866069 -0.499925
    outer loop
      vertex -38.05 -51.7069 0.39124
      vertex -18.05 -51.8374 0.617318
      vertex -38.05 -51.8374 0.617318
    endloop
  endfacet
  facet normal 0 -0.866069 -0.499925
    outer loop
      vertex -18.05 -51.8374 0.617318
      vertex -38.05 -51.7069 0.39124
      vertex -18.05 -51.7069 0.39124
    endloop
  endfacet
  facet normal -0.158756 -0.207062 -0.965361
    outer loop
      vertex -38.3206 -51.1841 0.0761219
      vertex -38.1423 -51.0058 0.00855598
      vertex -38.2413 -51.2449 0.0761219
    endloop
  endfacet
  facet normal 0 -0.49996 -0.866048
    outer loop
      vertex -38.05 -51.5223 0.206647
      vertex -18.05 -51.2962 0.0761219
      vertex -18.05 -51.5223 0.206647
    endloop
  endfacet
  facet normal -0 -0.49996 -0.866048
    outer loop
      vertex -18.05 -51.2962 0.0761219
      vertex -38.05 -51.5223 0.206647
      vertex -38.05 -51.2962 0.0761219
    endloop
  endfacet
  facet normal -0.704018 -0.0929161 -0.704078
    outer loop
      vertex -38.8163 -51.1189 0.39124
      vertex -38.6588 -50.9135 0.206647
      vertex -38.638 -51.0711 0.206647
    endloop
  endfacet
  facet normal -0.866069 0 -0.499925
    outer loop
      vertex -38.8434 -50.9135 0.39124
      vertex -38.9739 29.0865 0.617318
      vertex -38.8434 29.0865 0.39124
    endloop
  endfacet
  facet normal -0.866069 -0 -0.499925
    outer loop
      vertex -38.9739 29.0865 0.617318
      vertex -38.8434 -50.9135 0.39124
      vertex -38.9739 -50.9135 0.617318
    endloop
  endfacet
  facet normal 0.58808 -0.766931 -0.256862
    outer loop
      vertex -17.5543 -51.7721 0.869475
      vertex -17.3967 -51.5668 0.617318
      vertex -17.3489 -51.6146 0.869475
    endloop
  endfacet
  facet normal 0.588186 -0.766885 -0.256758
    outer loop
      vertex -17.5881 -51.7136 0.617318
      vertex -17.3967 -51.5668 0.617318
      vertex -17.5543 -51.7721 0.869475
    endloop
  endfacet
  facet normal -0.331884 -0.802052 0.496553
    outer loop
      vertex -38.5119 -51.7136 75.5827
      vertex -38.2553 -51.6798 75.8088
      vertex -38.4467 -51.6006 75.8088
    endloop
  endfacet
  facet normal -0.258459 -0.0341656 0.965418
    outer loop
      vertex -38.4327 -50.9135 76.1239
      vertex -38.4196 -51.0126 76.1239
      vertex -38.1761 -50.9473 76.1914
    endloop
  endfacet
  facet normal -0.158612 -0.206874 0.965425
    outer loop
      vertex -38.3206 -51.1841 76.1239
      vertex -38.2413 -51.2449 76.1239
      vertex -38.1423 -51.0058 76.1914
    endloop
  endfacet
  facet normal -0.306123 -0.399195 0.864252
    outer loop
      vertex -38.4805 -51.344 75.9934
      vertex -38.3544 -51.4407 75.9934
      vertex -38.2413 -51.2449 76.1239
    endloop
  endfacet
  facet normal -0.95826 -0.126245 -0.256517
    outer loop
      vertex -39.0414 -50.9135 0.869475
      vertex -38.9739 -50.9135 0.617318
      vertex -38.9424 -51.1526 0.617318
    endloop
  endfacet
  facet normal -0.991486 -0.130215 0
    outer loop
      vertex -39.0077 -51.1701 0.869475
      vertex -39.0414 -50.9135 75.3305
      vertex -39.0414 -50.9135 0.869475
    endloop
  endfacet
  facet normal -0.991486 -0.130215 0
    outer loop
      vertex -39.0414 -50.9135 75.3305
      vertex -39.0077 -51.1701 0.869475
      vertex -39.0077 -51.1701 75.3305
    endloop
  endfacet
  facet normal -0.332154 0.801776 0.496819
    outer loop
      vertex -38.5119 29.8866 75.5827
      vertex -38.2553 29.8528 75.8088
      vertex -38.2891 29.9789 75.5827
    endloop
  endfacet
  facet normal -0.240467 0.100322 0.965459
    outer loop
      vertex -38.3814 29.2778 76.1239
      vertex -38.1761 29.1203 76.1914
      vertex -38.163 29.1517 76.1914
    endloop
  endfacet
  facet normal -0.113345 0.860344 0.496952
    outer loop
      vertex -38.2891 29.9789 75.5827
      vertex -38.05 29.8798 75.8088
      vertex -38.05 30.0104 75.5827
    endloop
  endfacet
  facet normal -0.0336376 0.258398 0.965453
    outer loop
      vertex -38.0838 29.2126 76.1914
      vertex -38.05 29.217 76.1914
      vertex -38.05 29.4692 76.1239
    endloop
  endfacet
  facet normal -0.0997092 0.24092 0.965409
    outer loop
      vertex -38.2413 29.4179 76.1239
      vertex -38.0838 29.2126 76.1914
      vertex -38.149 29.4561 76.1239
    endloop
  endfacet
  facet normal -0.158606 0.206877 0.965425
    outer loop
      vertex -38.2413 29.4179 76.1239
      vertex -38.1423 29.1788 76.1914
      vertex -38.1153 29.1995 76.1914
    endloop
  endfacet
  facet normal -0.464869 0.192394 0.864223
    outer loop
      vertex -38.5772 29.3909 75.9934
      vertex -38.4196 29.1855 76.1239
      vertex -38.3814 29.2778 76.1239
    endloop
  endfacet
  facet normal -0.24092 0.0997092 0.965409
    outer loop
      vertex -38.4196 29.1855 76.1239
      vertex -38.1761 29.1203 76.1914
      vertex -38.3814 29.2778 76.1239
    endloop
  endfacet
  facet normal 0 0.865903 -0.500212
    outer loop
      vertex -19.05 29.8798 0.39124
      vertex -38.05 30.0104 0.617318
      vertex -19.05 30.0104 0.617318
    endloop
  endfacet
  facet normal 0 0.865903 -0.500212
    outer loop
      vertex -38.05 30.0104 0.617318
      vertex -19.05 29.8798 0.39124
      vertex -38.05 29.8798 0.39124
    endloop
  endfacet
  facet normal -0.369751 0.893005 -0.256565
    outer loop
      vertex -38.5457 29.9451 0.869475
      vertex -38.3066 30.0441 0.869475
      vertex -38.2891 29.9789 0.617318
    endloop
  endfacet
  facet normal -0.126224 0.958257 -0.256536
    outer loop
      vertex -38.3066 30.0441 0.869475
      vertex -38.05 30.0779 0.869475
      vertex -38.2891 29.9789 0.617318
    endloop
  endfacet
  facet normal -0.766837 0.588295 -0.256652
    outer loop
      vertex -38.9086 29.5822 0.869475
      vertex -38.7511 29.7875 0.869475
      vertex -38.7033 29.7398 0.617318
    endloop
  endfacet
  facet normal -0.892795 0.370038 -0.256884
    outer loop
      vertex -39.0077 29.3431 0.869475
      vertex -38.9086 29.5822 0.869475
      vertex -38.9424 29.3256 0.617318
    endloop
  endfacet
  facet normal -0.707093 0 -0.70712
    outer loop
      vertex -38.8434 -50.9135 0.39124
      vertex -38.6588 29.0865 0.206647
      vertex -38.6588 -50.9135 0.206647
    endloop
  endfacet
  facet normal -0.707093 0 -0.70712
    outer loop
      vertex -38.6588 29.0865 0.206647
      vertex -38.8434 -50.9135 0.39124
      vertex -38.8434 29.0865 0.39124
    endloop
  endfacet
  facet normal 0 0.25878 -0.965936
    outer loop
      vertex -38.05 29.217 0.00855598
      vertex -19.05 29.4692 0.0761219
      vertex -19.05 29.217 0.00855598
    endloop
  endfacet
  facet normal 0 0.25878 -0.965936
    outer loop
      vertex -19.05 29.4692 0.0761219
      vertex -38.05 29.217 0.00855598
      vertex -38.05 29.4692 0.0761219
    endloop
  endfacet
  facet normal -0.528139 0.688676 -0.496784
    outer loop
      vertex -38.7033 29.7398 0.617318
      vertex -38.4467 29.7735 0.39124
      vertex -38.611 29.6475 0.39124
    endloop
  endfacet
  facet normal -0.15875 0.207065 -0.965361
    outer loop
      vertex -38.2413 29.4179 0.0761219
      vertex -38.1153 29.1995 0.00855598
      vertex -38.1423 29.1788 0.00855598
    endloop
  endfacet
  facet normal -0.192422 0.464936 -0.864181
    outer loop
      vertex -38.3544 29.6137 0.206647
      vertex -38.149 29.4561 0.0761219
      vertex -38.2413 29.4179 0.0761219
    endloop
  endfacet
  facet normal 0.24114 -0.0997999 -0.965345
    outer loop
      vertex 18.1761 11.5797 0.00855598
      vertex 18.4196 11.5145 0.0761219
      vertex 18.3814 11.4222 0.0761219
    endloop
  endfacet
  facet normal 0.0658558 -0.498984 -0.864105
    outer loop
      vertex -18.05 -51.5223 0.206647
      vertex -17.951 -51.2832 0.0761219
      vertex -17.8924 -51.5015 0.206647
    endloop
  endfacet
  facet normal -0.399333 -0.306229 -0.864151
    outer loop
      vertex -38.5772 -51.2179 0.206647
      vertex -38.3814 -51.1049 0.0761219
      vertex -38.4805 -51.344 0.206647
    endloop
  endfacet
  facet normal 0.464929 -0.192428 -0.864183
    outer loop
      vertex 18.4196 11.5145 0.0761219
      vertex 18.638 11.456 0.206647
      vertex 18.5772 11.3091 0.206647
    endloop
  endfacet
  facet normal 0.498832 -0.0658775 -0.864192
    outer loop
      vertex 18.4196 11.5145 0.0761219
      vertex 18.6588 11.6135 0.206647
      vertex 18.638 11.456 0.206647
    endloop
  endfacet
  facet normal 1 0 0
    outer loop
      vertex 19.0414 41.1264 69.9111
      vertex 19.0414 50.9135 72.108
      vertex 19.0414 50.9135 75.3305
    endloop
  endfacet
  facet normal 1 0 0
    outer loop
      vertex 19.0414 50.9135 72.108
      vertex 19.0414 41.4251 69.1902
      vertex 19.0414 41.4635 68.8
    endloop
  endfacet
  facet normal 1 0 0
    outer loop
      vertex 19.0414 50.9135 72.108
      vertex 19.0414 41.3113 69.5654
      vertex 19.0414 41.4251 69.1902
    endloop
  endfacet
  facet normal 1 0 0
    outer loop
      vertex 19.0414 50.9135 72.108
      vertex 19.0414 41.1264 69.9111
      vertex 19.0414 41.3113 69.5654
    endloop
  endfacet
  facet normal 1 0 0
    outer loop
      vertex 19.0414 50.9135 75.3305
      vertex 19.0414 40.8777 70.2142
      vertex 19.0414 41.1264 69.9111
    endloop
  endfacet
  facet normal 1 0 0
    outer loop
      vertex 19.0414 50.9135 75.3305
      vertex 19.0414 40.5746 70.4629
      vertex 19.0414 40.8777 70.2142
    endloop
  endfacet
  facet normal 1 0 0
    outer loop
      vertex 19.0414 50.9135 75.3305
      vertex 19.0414 40.2289 70.6477
      vertex 19.0414 40.5746 70.4629
    endloop
  endfacet
  facet normal 1 0 0
    outer loop
      vertex 19.0414 50.9135 75.3305
      vertex 19.0414 39.8537 70.7616
      vertex 19.0414 40.2289 70.6477
    endloop
  endfacet
  facet normal 1 0 0
    outer loop
      vertex 19.0414 50.9135 75.3305
      vertex 19.0414 39.4635 70.8
      vertex 19.0414 39.8537 70.7616
    endloop
  endfacet
  facet normal 1 -0 0
    outer loop
      vertex 19.0414 11.6135 75.3305
      vertex 19.0414 39.4635 70.8
      vertex 19.0414 50.9135 75.3305
    endloop
  endfacet
  facet normal 1 0 0
    outer loop
      vertex 19.0414 39.4635 70.8
      vertex 19.0414 11.6135 75.3305
      vertex 19.0414 18.0635 70.8
    endloop
  endfacet
  facet normal 1 0 0
    outer loop
      vertex 19.0414 16.0635 68.8
      vertex 19.0414 11.6135 75.3305
      vertex 19.0414 16.0635 47.4
    endloop
  endfacet
  facet normal 1 0 0
    outer loop
      vertex 19.0414 16.102 69.1902
      vertex 19.0414 11.6135 75.3305
      vertex 19.0414 16.0635 68.8
    endloop
  endfacet
  facet normal 1 0 0
    outer loop
      vertex 19.0414 16.2158 69.5654
      vertex 19.0414 11.6135 75.3305
      vertex 19.0414 16.102 69.1902
    endloop
  endfacet
  facet normal 1 0 0
    outer loop
      vertex 19.0414 16.4006 69.9111
      vertex 19.0414 11.6135 75.3305
      vertex 19.0414 16.2158 69.5654
    endloop
  endfacet
  facet normal 1 0 0
    outer loop
      vertex 19.0414 16.6493 70.2142
      vertex 19.0414 11.6135 75.3305
      vertex 19.0414 16.4006 69.9111
    endloop
  endfacet
  facet normal 1 0 0
    outer loop
      vertex 19.0414 16.9524 70.4629
      vertex 19.0414 11.6135 75.3305
      vertex 19.0414 16.6493 70.2142
    endloop
  endfacet
  facet normal 1 0 0
    outer loop
      vertex 19.0414 17.2982 70.6477
      vertex 19.0414 11.6135 75.3305
      vertex 19.0414 16.9524 70.4629
    endloop
  endfacet
  facet normal 1 0 0
    outer loop
      vertex 19.0414 17.6733 70.7616
      vertex 19.0414 11.6135 75.3305
      vertex 19.0414 17.2982 70.6477
    endloop
  endfacet
  facet normal 1 0 0
    outer loop
      vertex 19.0414 18.0635 70.8
      vertex 19.0414 11.6135 75.3305
      vertex 19.0414 17.6733 70.7616
    endloop
  endfacet
  facet normal 1 0 0
    outer loop
      vertex 19.0414 41.4635 47.4
      vertex 19.0414 50.9135 72.108
      vertex 19.0414 41.4635 68.8
    endloop
  endfacet
  facet normal 1 0 0
    outer loop
      vertex 19.0414 41.4251 47.0098
      vertex 19.0414 50.9135 72.108
      vertex 19.0414 41.4635 47.4
    endloop
  endfacet
  facet normal 1 0 0
    outer loop
      vertex 19.0414 40.3141 10.7438
      vertex 19.0414 41.4251 47.0098
      vertex 19.0414 41.3113 46.6346
    endloop
  endfacet
  facet normal 1 -0 0
    outer loop
      vertex 19.0414 41.4251 47.0098
      vertex 19.0414 40.3141 10.7438
      vertex 19.0414 50.9135 72.108
    endloop
  endfacet
  facet normal 1 -0 0
    outer loop
      vertex 19.0414 41.1264 46.2889
      vertex 19.0414 40.3141 10.7438
      vertex 19.0414 41.3113 46.6346
    endloop
  endfacet
  facet normal 1 -0 0
    outer loop
      vertex 19.0414 40.8777 45.9858
      vertex 19.0414 40.3141 10.7438
      vertex 19.0414 41.1264 46.2889
    endloop
  endfacet
  facet normal 1 -0 0
    outer loop
      vertex 19.0414 40.5746 45.7371
      vertex 19.0414 40.3141 10.7438
      vertex 19.0414 40.8777 45.9858
    endloop
  endfacet
  facet normal 1 -0 0
    outer loop
      vertex 19.0414 40.2289 45.5523
      vertex 19.0414 40.3141 10.7438
      vertex 19.0414 40.5746 45.7371
    endloop
  endfacet
  facet normal 1 -0 0
    outer loop
      vertex 19.0414 39.8537 45.4384
      vertex 19.0414 40.3141 10.7438
      vertex 19.0414 40.2289 45.5523
    endloop
  endfacet
  facet normal 1 -0 0
    outer loop
      vertex 19.0414 39.4635 45.4
      vertex 19.0414 40.3141 10.7438
      vertex 19.0414 39.8537 45.4384
    endloop
  endfacet
  facet normal 1 -0 0
    outer loop
      vertex 19.0414 18.0635 45.4
      vertex 19.0414 40.3141 10.7438
      vertex 19.0414 39.4635 45.4
    endloop
  endfacet
  facet normal 1 0 0
    outer loop
      vertex 19.0414 11.6135 10.7438
      vertex 19.0414 18.0635 45.4
      vertex 19.0414 17.6733 45.4384
    endloop
  endfacet
  facet normal 1 0 0
    outer loop
      vertex 19.0414 11.6135 10.7438
      vertex 19.0414 17.6733 45.4384
      vertex 19.0414 17.2982 45.5523
    endloop
  endfacet
  facet normal 1 0 0
    outer loop
      vertex 19.0414 11.6135 10.7438
      vertex 19.0414 17.2982 45.5523
      vertex 19.0414 16.9524 45.7371
    endloop
  endfacet
  facet normal 1 0 0
    outer loop
      vertex 19.0414 11.6135 10.7438
      vertex 19.0414 16.9524 45.7371
      vertex 19.0414 16.6493 45.9858
    endloop
  endfacet
  facet normal 1 0 0
    outer loop
      vertex 19.0414 11.6135 10.7438
      vertex 19.0414 16.6493 45.9858
      vertex 19.0414 16.4006 46.2889
    endloop
  endfacet
  facet normal 1 0 0
    outer loop
      vertex 19.0414 11.6135 10.7438
      vertex 19.0414 16.0635 47.4
      vertex 19.0414 11.6135 75.3305
    endloop
  endfacet
  facet normal 1 0 0
    outer loop
      vertex 19.0414 18.0635 45.4
      vertex 19.0414 11.6135 10.7438
      vertex 19.0414 40.3141 10.7438
    endloop
  endfacet
  facet normal 1 0 0
    outer loop
      vertex 19.0414 16.2158 46.6346
      vertex 19.0414 11.6135 10.7438
      vertex 19.0414 16.4006 46.2889
    endloop
  endfacet
  facet normal 1 0 0
    outer loop
      vertex 19.0414 16.102 47.0098
      vertex 19.0414 11.6135 10.7438
      vertex 19.0414 16.2158 46.6346
    endloop
  endfacet
  facet normal 1 0 0
    outer loop
      vertex 19.0414 16.0635 47.4
      vertex 19.0414 11.6135 10.7438
      vertex 19.0414 16.102 47.0098
    endloop
  endfacet
  facet normal 0.923795 -0.382886 0
    outer loop
      vertex 18.9086 11.1178 75.3305
      vertex 19.0077 11.3569 0.869475
      vertex 19.0077 11.3569 75.3305
    endloop
  endfacet
  facet normal 0.923795 -0.382886 0
    outer loop
      vertex 19.0077 11.3569 0.869475
      vertex 18.9086 11.1178 75.3305
      vertex 18.9086 11.1178 0.869475
    endloop
  endfacet
  facet normal 0.892905 -0.369906 0.256692
    outer loop
      vertex 18.8501 11.1516 75.5827
      vertex 18.9086 11.1178 75.3305
      vertex 18.9424 11.3744 75.5827
    endloop
  endfacet
  facet normal 0.801776 -0.332154 0.496819
    outer loop
      vertex 18.8163 11.4082 75.8088
      vertex 18.8501 11.1516 75.5827
      vertex 18.9424 11.3744 75.5827
    endloop
  endfacet
  facet normal 0.860506 -0.113367 0.496666
    outer loop
      vertex 18.8434 11.6135 75.8088
      vertex 18.9424 11.3744 75.5827
      vertex 18.9739 11.6135 75.5827
    endloop
  endfacet
  facet normal 0.836528 -0.482969 0.258768
    outer loop
      vertex -17.2499 -51.3755 75.5827
      vertex 18.9086 11.1178 75.3305
      vertex 18.8501 11.1516 75.5827
    endloop
  endfacet
  facet normal 0.836569 -0.482994 0.258589
    outer loop
      vertex 18.9086 11.1178 75.3305
      vertex -17.2499 -51.3755 75.5827
      vertex -17.1914 -51.4092 75.3305
    endloop
  endfacet
  facet normal 0.498798 -0.0660026 0.864201
    outer loop
      vertex 18.4196 11.5145 76.1239
      vertex 18.6588 11.6135 75.9934
      vertex 18.4327 11.6135 76.1239
    endloop
  endfacet
  facet normal 0.258545 0 0.965999
    outer loop
      vertex 18.1805 50.9135 76.1914
      vertex 18.4327 11.6135 76.1239
      vertex 18.4327 50.9135 76.1239
    endloop
  endfacet
  facet normal 0.258545 0 0.965999
    outer loop
      vertex 18.4327 11.6135 76.1239
      vertex 18.1805 50.9135 76.1914
      vertex 18.1805 11.6135 76.1914
    endloop
  endfacet
  facet normal 0 0 1
    outer loop
      vertex 18.05 51.044 76.1914
      vertex 18.1805 50.9135 76.1914
      vertex 18.1761 50.9473 76.1914
    endloop
  endfacet
  facet normal 0 0 1
    outer loop
      vertex 18.1805 50.9135 76.1914
      vertex -18.1805 29.217 76.1914
      vertex 18.1805 11.6135 76.1914
    endloop
  endfacet
  facet normal 0 0 1
    outer loop
      vertex 18.05 51.044 76.1914
      vertex 18.1761 50.9473 76.1914
      vertex 18.163 50.9788 76.1914
    endloop
  endfacet
  facet normal 0 0 1
    outer loop
      vertex 18.1805 50.9135 76.1914
      vertex 18.05 51.044 76.1914
      vertex -18.1805 29.217 76.1914
    endloop
  endfacet
  facet normal 0 0 1
    outer loop
      vertex 18.05 51.044 76.1914
      vertex 18.163 50.9788 76.1914
      vertex 18.1423 51.0058 76.1914
    endloop
  endfacet
  facet normal 0 0 1
    outer loop
      vertex 18.05 51.044 76.1914
      vertex 18.1423 51.0058 76.1914
      vertex 18.1153 51.0266 76.1914
    endloop
  endfacet
  facet normal 0 0 1
    outer loop
      vertex 18.05 51.044 76.1914
      vertex 18.1153 51.0266 76.1914
      vertex 18.0838 51.0396 76.1914
    endloop
  endfacet
  facet normal 0 -0 1
    outer loop
      vertex 18.163 11.5483 76.1914
      vertex 18.1805 11.6135 76.1914
      vertex -18.1805 29.217 76.1914
    endloop
  endfacet
  facet normal 0 0 1
    outer loop
      vertex 18.1805 11.6135 76.1914
      vertex 18.163 11.5483 76.1914
      vertex 18.1761 11.5797 76.1914
    endloop
  endfacet
  facet normal 0 0 1
    outer loop
      vertex 18.163 11.5483 76.1914
      vertex -18.1805 29.217 76.1914
      vertex -17.937 -50.9788 76.1914
    endloop
  endfacet
  facet normal -0 0 1
    outer loop
      vertex -38.1805 29.0865 76.1914
      vertex -17.937 -50.9788 76.1914
      vertex -18.1805 29.217 76.1914
    endloop
  endfacet
  facet normal -0 0 1
    outer loop
      vertex -38.1805 -50.9135 76.1914
      vertex -17.937 -50.9788 76.1914
      vertex -38.1805 29.0865 76.1914
    endloop
  endfacet
  facet normal 0 0 1
    outer loop
      vertex -18.1805 29.217 76.1914
      vertex 18.05 51.044 76.1914
      vertex -18.05 51.044 76.1914
    endloop
  endfacet
  facet normal 0 -0 1
    outer loop
      vertex -18.05 -51.044 76.1914
      vertex -17.937 -50.9788 76.1914
      vertex -38.1805 -50.9135 76.1914
    endloop
  endfacet
  facet normal 0 0 1
    outer loop
      vertex -18.1805 50.9135 76.1914
      vertex -18.05 51.044 76.1914
      vertex -18.0838 51.0396 76.1914
    endloop
  endfacet
  facet normal 0 0 1
    outer loop
      vertex -18.1805 50.9135 76.1914
      vertex -18.0838 51.0396 76.1914
      vertex -18.1153 51.0266 76.1914
    endloop
  endfacet
  facet normal 0 0 1
    outer loop
      vertex -18.1805 50.9135 76.1914
      vertex -18.1153 51.0266 76.1914
      vertex -18.1423 51.0058 76.1914
    endloop
  endfacet
  facet normal 0 0 1
    outer loop
      vertex -18.1805 50.9135 76.1914
      vertex -18.1423 51.0058 76.1914
      vertex -18.163 50.9788 76.1914
    endloop
  endfacet
  facet normal 0 0 1
    outer loop
      vertex -18.1805 50.9135 76.1914
      vertex -18.163 50.9788 76.1914
      vertex -18.1761 50.9473 76.1914
    endloop
  endfacet
  facet normal 0 0 1
    outer loop
      vertex -18.05 51.044 76.1914
      vertex -18.1805 50.9135 76.1914
      vertex -18.1805 29.217 76.1914
    endloop
  endfacet
  facet normal 0 0 1
    outer loop
      vertex -17.9847 -51.0266 76.1914
      vertex -18.05 -51.044 76.1914
      vertex -18.0162 -51.0396 76.1914
    endloop
  endfacet
  facet normal 0 0 1
    outer loop
      vertex -38.1805 29.0865 76.1914
      vertex -18.1805 29.217 76.1914
      vertex -38.05 29.217 76.1914
    endloop
  endfacet
  facet normal 0 0 1
    outer loop
      vertex -17.937 -50.9788 76.1914
      vertex -18.05 -51.044 76.1914
      vertex -17.9577 -51.0058 76.1914
    endloop
  endfacet
  facet normal 0 0 1
    outer loop
      vertex -38.1805 29.0865 76.1914
      vertex -38.05 29.217 76.1914
      vertex -38.0838 29.2126 76.1914
    endloop
  endfacet
  facet normal 0 0 1
    outer loop
      vertex -17.9577 -51.0058 76.1914
      vertex -18.05 -51.044 76.1914
      vertex -17.9847 -51.0266 76.1914
    endloop
  endfacet
  facet normal 0 0 1
    outer loop
      vertex -38.1805 29.0865 76.1914
      vertex -38.0838 29.2126 76.1914
      vertex -38.1153 29.1995 76.1914
    endloop
  endfacet
  facet normal 0 0 1
    outer loop
      vertex -18.05 -51.044 76.1914
      vertex -38.1805 -50.9135 76.1914
      vertex -38.05 -51.044 76.1914
    endloop
  endfacet
  facet normal 0 0 1
    outer loop
      vertex -38.1805 29.0865 76.1914
      vertex -38.1153 29.1995 76.1914
      vertex -38.1423 29.1788 76.1914
    endloop
  endfacet
  facet normal 0 0 1
    outer loop
      vertex -38.05 -51.044 76.1914
      vertex -38.1805 -50.9135 76.1914
      vertex -38.0838 -51.0396 76.1914
    endloop
  endfacet
  facet normal 0 0 1
    outer loop
      vertex -38.1805 29.0865 76.1914
      vertex -38.1423 29.1788 76.1914
      vertex -38.163 29.1517 76.1914
    endloop
  endfacet
  facet normal 0 0 1
    outer loop
      vertex -38.0838 -51.0396 76.1914
      vertex -38.1805 -50.9135 76.1914
      vertex -38.1153 -51.0266 76.1914
    endloop
  endfacet
  facet normal 0 0 1
    outer loop
      vertex -38.1805 29.0865 76.1914
      vertex -38.163 29.1517 76.1914
      vertex -38.1761 29.1203 76.1914
    endloop
  endfacet
  facet normal 0 0 1
    outer loop
      vertex -38.1153 -51.0266 76.1914
      vertex -38.1805 -50.9135 76.1914
      vertex -38.1423 -51.0058 76.1914
    endloop
  endfacet
  facet normal 0 0 1
    outer loop
      vertex -38.1423 -51.0058 76.1914
      vertex -38.1805 -50.9135 76.1914
      vertex -38.163 -50.9788 76.1914
    endloop
  endfacet
  facet normal 0 0 1
    outer loop
      vertex -38.163 -50.9788 76.1914
      vertex -38.1805 -50.9135 76.1914
      vertex -38.1761 -50.9473 76.1914
    endloop
  endfacet
  facet normal 0.399027 -0.306324 0.864258
    outer loop
      vertex -17.7794 -51.1841 76.1239
      vertex -17.6195 -51.344 75.9934
      vertex -17.7186 -51.1049 76.1239
    endloop
  endfacet
  facet normal 0.306123 -0.399195 0.864252
    outer loop
      vertex -17.8587 -51.2449 76.1239
      vertex -17.7456 -51.4407 75.9934
      vertex -17.6195 -51.344 75.9934
    endloop
  endfacet
  facet normal 0.331884 -0.802052 0.496553
    outer loop
      vertex -17.8447 -51.6798 75.8088
      vertex -17.5881 -51.7136 75.5827
      vertex -17.6533 -51.6006 75.8088
    endloop
  endfacet
  facet normal 0.332154 -0.801776 0.496819
    outer loop
      vertex -17.8447 -51.6798 75.8088
      vertex -17.8109 -51.8059 75.5827
      vertex -17.5881 -51.7136 75.5827
    endloop
  endfacet
  facet normal 0 -0.258545 0.965999
    outer loop
      vertex -38.05 -51.044 76.1914
      vertex -18.05 -51.2962 76.1239
      vertex -18.05 -51.044 76.1914
    endloop
  endfacet
  facet normal 0 -0.258545 0.965999
    outer loop
      vertex -18.05 -51.2962 76.1239
      vertex -38.05 -51.044 76.1914
      vertex -38.05 -51.2962 76.1239
    endloop
  endfacet
  facet normal -0.656085 -0.271625 0.704111
    outer loop
      vertex -38.8163 -51.1189 75.8088
      vertex -38.7371 -51.3102 75.8088
      vertex -38.5772 -51.2179 75.9934
    endloop
  endfacet
  facet normal -0.369902 -0.892895 -0.256733
    outer loop
      vertex -38.5457 -51.7721 0.869475
      vertex -38.5119 -51.7136 0.617318
      vertex -38.2891 -51.8059 0.617318
    endloop
  endfacet
  facet normal -0.860506 -0.113367 0.496666
    outer loop
      vertex -38.9739 -50.9135 75.5827
      vertex -38.9424 -51.1526 75.5827
      vertex -38.8434 -50.9135 75.8088
    endloop
  endfacet
  facet normal -0.95827 -0.126246 0.256476
    outer loop
      vertex -39.0414 -50.9135 75.3305
      vertex -38.9424 -51.1526 75.5827
      vertex -38.9739 -50.9135 75.5827
    endloop
  endfacet
  facet normal 0.0999998 -0.240992 -0.965362
    outer loop
      vertex -18.0162 -51.0396 0.00855598
      vertex -17.8587 -51.2449 0.0761219
      vertex -17.951 -51.2832 0.0761219
    endloop
  endfacet
  facet normal 0.0929338 -0.704033 -0.70406
    outer loop
      vertex -18.05 -51.7069 0.39124
      vertex -18.05 -51.5223 0.206647
      vertex -17.8447 -51.6798 0.39124
    endloop
  endfacet
  facet normal 0.271756 -0.656148 -0.704002
    outer loop
      vertex -17.8924 -51.5015 0.206647
      vertex -17.7456 -51.4407 0.206647
      vertex -17.8447 -51.6798 0.39124
    endloop
  endfacet
  facet normal 0.432407 -0.563397 -0.703994
    outer loop
      vertex -17.6533 -51.6006 0.39124
      vertex -17.6195 -51.344 0.206647
      vertex -17.489 -51.4745 0.39124
    endloop
  endfacet
  facet normal 0.306167 -0.399252 -0.86421
    outer loop
      vertex -17.8587 -51.2449 0.0761219
      vertex -17.6195 -51.344 0.206647
      vertex -17.7456 -51.4407 0.206647
    endloop
  endfacet
  facet normal 0.192834 -0.464715 -0.864208
    outer loop
      vertex -17.951 -51.2832 0.0761219
      vertex -17.8587 -51.2449 0.0761219
      vertex -17.7456 -51.4407 0.206647
    endloop
  endfacet
  facet normal 0 -0.965893 -0.258943
    outer loop
      vertex -38.05 -51.8374 0.617318
      vertex -18.05 -51.905 0.869475
      vertex -38.05 -51.905 0.869475
    endloop
  endfacet
  facet normal 0 -0.965893 -0.258943
    outer loop
      vertex -18.05 -51.905 0.869475
      vertex -38.05 -51.8374 0.617318
      vertex -18.05 -51.8374 0.617318
    endloop
  endfacet
  facet normal -0.126212 -0.958164 -0.256891
    outer loop
      vertex -38.3066 -51.8712 0.869475
      vertex -38.2891 -51.8059 0.617318
      vertex -38.05 -51.905 0.869475
    endloop
  endfacet
  facet normal -0.608496 -0.793557 0
    outer loop
      vertex -38.7511 -51.6146 0.869475
      vertex -38.5457 -51.7721 75.3305
      vertex -38.7511 -51.6146 75.3305
    endloop
  endfacet
  facet normal -0.608496 -0.793557 -0
    outer loop
      vertex -38.5457 -51.7721 75.3305
      vertex -38.7511 -51.6146 0.869475
      vertex -38.5457 -51.7721 0.869475
    endloop
  endfacet
  facet normal -0.688465 -0.528396 -0.496803
    outer loop
      vertex -38.7371 -51.3102 0.39124
      vertex -38.611 -51.4745 0.39124
      vertex -38.7033 -51.5668 0.617318
    endloop
  endfacet
  facet normal -0.498832 0.0658775 -0.864192
    outer loop
      vertex -38.6588 29.0865 0.206647
      vertex -38.638 29.244 0.206647
      vertex -38.4196 29.1855 0.0761219
    endloop
  endfacet
  facet normal -0.241105 -0.0997857 -0.965355
    outer loop
      vertex -38.4196 -51.0126 0.0761219
      vertex -38.1761 -50.9473 0.00855598
      vertex -38.3814 -51.1049 0.0761219
    endloop
  endfacet
  facet normal 0.369906 -0.892905 0.256692
    outer loop
      vertex -17.8109 -51.8059 75.5827
      vertex -17.5543 -51.7721 75.3305
      vertex -17.5881 -51.7136 75.5827
    endloop
  endfacet
  facet normal 0.126212 -0.958164 -0.256891
    outer loop
      vertex -18.05 -51.905 0.869475
      vertex -17.8109 -51.8059 0.617318
      vertex -17.7934 -51.8712 0.869475
    endloop
  endfacet
  facet normal -0.656092 -0.271733 0.704063
    outer loop
      vertex -38.8163 -51.1189 75.8088
      vertex -38.5772 -51.2179 75.9934
      vertex -38.638 -51.0711 75.9934
    endloop
  endfacet
  facet normal -0.704031 -0.0929178 0.704064
    outer loop
      vertex -38.8163 -51.1189 75.8088
      vertex -38.638 -51.0711 75.9934
      vertex -38.6588 -50.9135 75.9934
    endloop
  endfacet
  facet normal -0.240612 -0.100064 0.96545
    outer loop
      vertex -38.3814 -51.1049 76.1239
      vertex -38.163 -50.9788 76.1914
      vertex -38.1761 -50.9473 76.1914
    endloop
  endfacet
  facet normal -0.206762 -0.158726 0.96543
    outer loop
      vertex -38.3814 -51.1049 76.1239
      vertex -38.3206 -51.1841 76.1239
      vertex -38.1423 -51.0058 76.1914
    endloop
  endfacet
  facet normal -0.113572 -0.860384 0.49683
    outer loop
      vertex -38.2891 -51.8059 75.5827
      vertex -38.05 -51.7069 75.8088
      vertex -38.2553 -51.6798 75.8088
    endloop
  endfacet
  facet normal -0.588192 -0.766894 0.256718
    outer loop
      vertex -38.7033 -51.5668 75.5827
      vertex -38.5457 -51.7721 75.3305
      vertex -38.5119 -51.7136 75.5827
    endloop
  endfacet
  facet normal -0.923795 -0.382886 0
    outer loop
      vertex -38.9086 -51.4092 0.869475
      vertex -39.0077 -51.1701 75.3305
      vertex -39.0077 -51.1701 0.869475
    endloop
  endfacet
  facet normal -0.923795 -0.382886 0
    outer loop
      vertex -39.0077 -51.1701 75.3305
      vertex -38.9086 -51.4092 0.869475
      vertex -38.9086 -51.4092 75.3305
    endloop
  endfacet
  facet normal -0.892988 -0.369775 -0.256591
    outer loop
      vertex -38.9424 -51.1526 0.617318
      vertex -38.8501 -51.3755 0.617318
      vertex -38.9086 -51.4092 0.869475
    endloop
  endfacet
  facet normal -0.0655175 0.498819 0.864226
    outer loop
      vertex -38.2076 29.6745 75.9934
      vertex -38.149 29.4561 76.1239
      vertex -38.05 29.6952 75.9934
    endloop
  endfacet
  facet normal -0.0924857 0.704143 0.70401
    outer loop
      vertex -38.2553 29.8528 75.8088
      vertex -38.2076 29.6745 75.9934
      vertex -38.05 29.6952 75.9934
    endloop
  endfacet
  facet normal -0.766894 0.588192 0.256718
    outer loop
      vertex -38.9086 29.5822 75.3305
      vertex -38.8501 29.5484 75.5827
      vertex -38.7033 29.7398 75.5827
    endloop
  endfacet
  facet normal -0.563315 0.432343 0.704099
    outer loop
      vertex -38.7371 29.4832 75.8088
      vertex -38.4805 29.5169 75.9934
      vertex -38.611 29.6475 75.8088
    endloop
  endfacet
  facet normal -0.464862 0.1924 0.864225
    outer loop
      vertex -38.638 29.244 75.9934
      vertex -38.4196 29.1855 76.1239
      vertex -38.5772 29.3909 75.9934
    endloop
  endfacet
  facet normal -0.68875 0.528258 0.496555
    outer loop
      vertex -38.8501 29.5484 75.5827
      vertex -38.7371 29.4832 75.8088
      vertex -38.7033 29.7398 75.5827
    endloop
  endfacet
  facet normal -0.258463 0.0342006 0.965416
    outer loop
      vertex -38.4327 29.0865 76.1239
      vertex -38.1761 29.1203 76.1914
      vertex -38.4196 29.1855 76.1239
    endloop
  endfacet
  facet normal -0.258398 0.0336376 0.965453
    outer loop
      vertex -38.4327 29.0865 76.1239
      vertex -38.1805 29.0865 76.1914
      vertex -38.1761 29.1203 76.1914
    endloop
  endfacet
  facet normal -0.399093 0.306288 0.864241
    outer loop
      vertex -38.5772 29.3909 75.9934
      vertex -38.3814 29.2778 76.1239
      vertex -38.4805 29.5169 75.9934
    endloop
  endfacet
  facet normal -0.158612 0.206874 0.965425
    outer loop
      vertex -38.3206 29.3571 76.1239
      vertex -38.1423 29.1788 76.1914
      vertex -38.2413 29.4179 76.1239
    endloop
  endfacet
  facet normal -0.100079 0.240647 0.965439
    outer loop
      vertex -38.2413 29.4179 76.1239
      vertex -38.1153 29.1995 76.1914
      vertex -38.0838 29.2126 76.1914
    endloop
  endfacet
  facet normal -0.793413 0.608683 0
    outer loop
      vertex -38.9086 29.5822 0.869475
      vertex -38.7511 29.7875 75.3305
      vertex -38.7511 29.7875 0.869475
    endloop
  endfacet
  facet normal -0.793413 0.608683 0
    outer loop
      vertex -38.7511 29.7875 75.3305
      vertex -38.9086 29.5822 0.869475
      vertex -38.9086 29.5822 75.3305
    endloop
  endfacet
  facet normal -0.95826 0.126245 -0.256517
    outer loop
      vertex -39.0414 29.0865 0.869475
      vertex -38.9424 29.3256 0.617318
      vertex -38.9739 29.0865 0.617318
    endloop
  endfacet
  facet normal -0.801757 0.332146 -0.496855
    outer loop
      vertex -38.9424 29.3256 0.617318
      vertex -38.8501 29.5484 0.617318
      vertex -38.8163 29.2918 0.39124
    endloop
  endfacet
  facet normal -0.860364 0.11357 -0.496866
    outer loop
      vertex -38.9424 29.3256 0.617318
      vertex -38.8163 29.2918 0.39124
      vertex -38.8434 29.0865 0.39124
    endloop
  endfacet
  facet normal -0.704007 0.0929736 -0.704081
    outer loop
      vertex -38.8163 29.2918 0.39124
      vertex -38.638 29.244 0.206647
      vertex -38.6588 29.0865 0.206647
    endloop
  endfacet
  facet normal -0.704033 0.0929338 -0.70406
    outer loop
      vertex -38.8434 29.0865 0.39124
      vertex -38.8163 29.2918 0.39124
      vertex -38.6588 29.0865 0.206647
    endloop
  endfacet
  facet normal -0.113342 0.860323 -0.496989
    outer loop
      vertex -38.2891 29.9789 0.617318
      vertex -38.05 30.0104 0.617318
      vertex -38.05 29.8798 0.39124
    endloop
  endfacet
  facet normal -0.126245 0.95826 -0.256517
    outer loop
      vertex -38.2891 29.9789 0.617318
      vertex -38.05 30.0779 0.869475
      vertex -38.05 30.0104 0.617318
    endloop
  endfacet
  facet normal -0.766885 0.588186 -0.256758
    outer loop
      vertex -38.9086 29.5822 0.869475
      vertex -38.7033 29.7398 0.617318
      vertex -38.8501 29.5484 0.617318
    endloop
  endfacet
  facet normal -0.688734 0.528245 -0.496592
    outer loop
      vertex -38.8501 29.5484 0.617318
      vertex -38.7033 29.7398 0.617318
      vertex -38.7371 29.4832 0.39124
    endloop
  endfacet
  facet normal -0.432109 0.563456 -0.70413
    outer loop
      vertex -38.611 29.6475 0.39124
      vertex -38.4467 29.7735 0.39124
      vertex -38.4805 29.5169 0.206647
    endloop
  endfacet
  facet normal -0.563308 0.432317 -0.704121
    outer loop
      vertex -38.7371 29.4832 0.39124
      vertex -38.4805 29.5169 0.206647
      vertex -38.5772 29.3909 0.206647
    endloop
  endfacet
  facet normal 0.192579 -0.464978 -0.864123
    outer loop
      vertex -17.951 -51.2832 0.0761219
      vertex -17.7456 -51.4407 0.206647
      vertex -17.8924 -51.5015 0.206647
    endloop
  endfacet
  facet normal 0.240685 -0.100413 -0.965395
    outer loop
      vertex 18.163 11.5483 0.00855598
      vertex 18.1761 11.5797 0.00855598
      vertex 18.3814 11.4222 0.0761219
    endloop
  endfacet
  facet normal 0.258634 -0.0336683 -0.965389
    outer loop
      vertex 18.1761 11.5797 0.00855598
      vertex 18.1805 11.6135 0.00855598
      vertex 18.4327 11.6135 0.0761219
    endloop
  endfacet
  facet normal 0.860364 -0.11357 -0.496866
    outer loop
      vertex 18.8163 11.4082 0.39124
      vertex 18.8434 11.6135 0.39124
      vertex 18.9424 11.3744 0.617318
    endloop
  endfacet
  facet normal 0.892895 -0.369902 -0.256733
    outer loop
      vertex 18.8501 11.1516 0.617318
      vertex 18.9424 11.3744 0.617318
      vertex 18.9086 11.1178 0.869475
    endloop
  endfacet
  facet normal 0.432098 -0.56347 0.704125
    outer loop
      vertex -17.7456 -51.4407 75.9934
      vertex -17.6533 -51.6006 75.8088
      vertex -17.6195 -51.344 75.9934
    endloop
  endfacet
  facet normal 0.528409 -0.688482 0.496767
    outer loop
      vertex -17.6533 -51.6006 75.8088
      vertex -17.3967 -51.5668 75.5827
      vertex -17.489 -51.4745 75.8088
    endloop
  endfacet
  facet normal 0.860384 -0.113572 0.49683
    outer loop
      vertex 18.8163 11.4082 75.8088
      vertex 18.9424 11.3744 75.5827
      vertex 18.8434 11.6135 75.8088
    endloop
  endfacet
  facet normal 0.750112 -0.433078 0.499776
    outer loop
      vertex -17.3629 -51.3102 75.8088
      vertex 18.8501 11.1516 75.5827
      vertex 18.7371 11.2168 75.8088
    endloop
  endfacet
  facet normal 0.75004 -0.433036 0.499919
    outer loop
      vertex 18.8501 11.1516 75.5827
      vertex -17.3629 -51.3102 75.8088
      vertex -17.2499 -51.3755 75.5827
    endloop
  endfacet
  facet normal 0.958226 -0.125847 0.256838
    outer loop
      vertex 18.9424 11.3744 75.5827
      vertex 19.0077 11.3569 75.3305
      vertex 19.0414 11.6135 75.3305
    endloop
  endfacet
  facet normal 0.892805 -0.370042 0.256843
    outer loop
      vertex 18.9086 11.1178 75.3305
      vertex 19.0077 11.3569 75.3305
      vertex 18.9424 11.3744 75.5827
    endloop
  endfacet
  facet normal 0.464869 -0.192394 0.864223
    outer loop
      vertex 18.3814 11.4222 76.1239
      vertex 18.5772 11.3091 75.9934
      vertex 18.4196 11.5145 76.1239
    endloop
  endfacet
  facet normal 0.258463 -0.0342006 0.965416
    outer loop
      vertex 18.1761 11.5797 76.1914
      vertex 18.4196 11.5145 76.1239
      vertex 18.4327 11.6135 76.1239
    endloop
  endfacet
  facet normal 0.258398 -0.0336376 0.965453
    outer loop
      vertex 18.1761 11.5797 76.1914
      vertex 18.4327 11.6135 76.1239
      vertex 18.1805 11.6135 76.1914
    endloop
  endfacet
  facet normal 0.656143 -0.271507 0.704103
    outer loop
      vertex 18.5772 11.3091 75.9934
      vertex 18.7371 11.2168 75.8088
      vertex 18.8163 11.4082 75.8088
    endloop
  endfacet
  facet normal 0.158612 -0.206874 0.965425
    outer loop
      vertex -17.9577 -51.0058 76.1914
      vertex -17.8587 -51.2449 76.1239
      vertex -17.7794 -51.1841 76.1239
    endloop
  endfacet
  facet normal 0.0339356 -0.258432 0.965433
    outer loop
      vertex -18.05 -51.2962 76.1239
      vertex -17.951 -51.2832 76.1239
      vertex -18.0162 -51.0396 76.1914
    endloop
  endfacet
  facet normal 0.271507 -0.656143 0.704103
    outer loop
      vertex -17.8447 -51.6798 75.8088
      vertex -17.6533 -51.6006 75.8088
      vertex -17.7456 -51.4407 75.9934
    endloop
  endfacet
  facet normal 0.588087 -0.76694 0.256821
    outer loop
      vertex -17.5543 -51.7721 75.3305
      vertex -17.3489 -51.6146 75.3305
      vertex -17.3967 -51.5668 75.5827
    endloop
  endfacet
  facet normal -0.0655009 -0.498815 0.86423
    outer loop
      vertex -38.149 -51.2832 76.1239
      vertex -38.05 -51.5223 75.9934
      vertex -38.05 -51.2962 76.1239
    endloop
  endfacet
  facet normal -0.370042 -0.892805 0.256843
    outer loop
      vertex -38.5457 -51.7721 75.3305
      vertex -38.3066 -51.8712 75.3305
      vertex -38.2891 -51.8059 75.5827
    endloop
  endfacet
  facet normal -0.126213 -0.958175 0.25685
    outer loop
      vertex -38.3066 -51.8712 75.3305
      vertex -38.05 -51.905 75.3305
      vertex -38.2891 -51.8059 75.5827
    endloop
  endfacet
  facet normal -0.76694 -0.588087 0.256821
    outer loop
      vertex -38.9086 -51.4092 75.3305
      vertex -38.7511 -51.6146 75.3305
      vertex -38.7033 -51.5668 75.5827
    endloop
  endfacet
  facet normal -0.766793 -0.588422 0.256492
    outer loop
      vertex -38.9086 -51.4092 75.3305
      vertex -38.7033 -51.5668 75.5827
      vertex -38.8501 -51.3755 75.5827
    endloop
  endfacet
  facet normal 0.688465 -0.528396 -0.496803
    outer loop
      vertex -17.489 -51.4745 0.39124
      vertex -17.3629 -51.3102 0.39124
      vertex -17.3967 -51.5668 0.617318
    endloop
  endfacet
  facet normal 0.43209 -0.56346 -0.704139
    outer loop
      vertex -17.7456 -51.4407 0.206647
      vertex -17.6195 -51.344 0.206647
      vertex -17.6533 -51.6006 0.39124
    endloop
  endfacet
  facet normal 0.370038 -0.892795 -0.256884
    outer loop
      vertex -17.8109 -51.8059 0.617318
      vertex -17.5543 -51.7721 0.869475
      vertex -17.7934 -51.8712 0.869475
    endloop
  endfacet
  facet normal 0.369902 -0.892895 -0.256733
    outer loop
      vertex -17.8109 -51.8059 0.617318
      vertex -17.5881 -51.7136 0.617318
      vertex -17.5543 -51.7721 0.869475
    endloop
  endfacet
  facet normal 0.224119 -0.129395 -0.965934
    outer loop
      vertex -17.7186 -51.1049 0.0761219
      vertex 18.163 11.5483 0.00855598
      vertex 18.3814 11.4222 0.0761219
    endloop
  endfacet
  facet normal 0.224119 -0.129395 -0.965934
    outer loop
      vertex 18.163 11.5483 0.00855598
      vertex -17.7186 -51.1049 0.0761219
      vertex -17.937 -50.9788 0.00855598
    endloop
  endfacet
  facet normal 0.207018 -0.158714 -0.965377
    outer loop
      vertex -17.9577 -51.0058 0.00855598
      vertex -17.937 -50.9788 0.00855598
      vertex -17.7186 -51.1049 0.0761219
    endloop
  endfacet
  facet normal 0.11357 -0.860364 -0.496866
    outer loop
      vertex -18.05 -51.7069 0.39124
      vertex -17.8447 -51.6798 0.39124
      vertex -17.8109 -51.8059 0.617318
    endloop
  endfacet
  facet normal 0.332146 -0.801757 -0.496855
    outer loop
      vertex -17.8447 -51.6798 0.39124
      vertex -17.5881 -51.7136 0.617318
      vertex -17.8109 -51.8059 0.617318
    endloop
  endfacet
  facet normal -0.271502 -0.65613 -0.704116
    outer loop
      vertex -38.4467 -51.6006 0.39124
      vertex -38.3544 -51.4407 0.206647
      vertex -38.2553 -51.6798 0.39124
    endloop
  endfacet
  facet normal -0.126233 -0.958166 -0.256872
    outer loop
      vertex -38.2891 -51.8059 0.617318
      vertex -38.05 -51.8374 0.617318
      vertex -38.05 -51.905 0.869475
    endloop
  endfacet
  facet normal -0.58808 -0.766931 -0.256862
    outer loop
      vertex -38.7511 -51.6146 0.869475
      vertex -38.7033 -51.5668 0.617318
      vertex -38.5457 -51.7721 0.869475
    endloop
  endfacet
  facet normal -0.113364 -0.860486 -0.496702
    outer loop
      vertex -38.2891 -51.8059 0.617318
      vertex -38.05 -51.7069 0.39124
      vertex -38.05 -51.8374 0.617318
    endloop
  endfacet
  facet normal -0.370038 -0.892795 -0.256884
    outer loop
      vertex -38.5457 -51.7721 0.869475
      vertex -38.2891 -51.8059 0.617318
      vertex -38.3066 -51.8712 0.869475
    endloop
  endfacet
  facet normal -0.24114 0.0997999 -0.965345
    outer loop
      vertex -38.4196 29.1855 0.0761219
      vertex -38.3814 29.2778 0.0761219
      vertex -38.1761 29.1203 0.00855598
    endloop
  endfacet
  facet normal 0.130594 -0.991436 0
    outer loop
      vertex -18.05 -51.905 0.869475
      vertex -17.7934 -51.8712 75.3305
      vertex -18.05 -51.905 75.3305
    endloop
  endfacet
  facet normal 0.130594 -0.991436 0
    outer loop
      vertex -17.7934 -51.8712 75.3305
      vertex -18.05 -51.905 0.869475
      vertex -17.7934 -51.8712 0.869475
    endloop
  endfacet
  facet normal 0.113572 -0.860384 0.49683
    outer loop
      vertex -18.05 -51.7069 75.8088
      vertex -17.8109 -51.8059 75.5827
      vertex -17.8447 -51.6798 75.8088
    endloop
  endfacet
  facet normal -0.464827 -0.192517 0.864218
    outer loop
      vertex -38.638 -51.0711 75.9934
      vertex -38.5772 -51.2179 75.9934
      vertex -38.4196 -51.0126 76.1239
    endloop
  endfacet
  facet normal -0.49877 -0.0658275 0.864231
    outer loop
      vertex -38.6588 -50.9135 75.9934
      vertex -38.638 -51.0711 75.9934
      vertex -38.4196 -51.0126 76.1239
    endloop
  endfacet
  facet normal -0.369906 -0.892905 0.256692
    outer loop
      vertex -38.5457 -51.7721 75.3305
      vertex -38.2891 -51.8059 75.5827
      vertex -38.5119 -51.7136 75.5827
    endloop
  endfacet
  facet normal -0.192552 -0.464911 0.864165
    outer loop
      vertex -38.3544 -51.4407 75.9934
      vertex -38.2076 -51.5015 75.9934
      vertex -38.149 -51.2832 76.1239
    endloop
  endfacet
  facet normal -0.892795 -0.370038 -0.256884
    outer loop
      vertex -39.0077 -51.1701 0.869475
      vertex -38.9424 -51.1526 0.617318
      vertex -38.9086 -51.4092 0.869475
    endloop
  endfacet
  facet normal -0.958215 -0.125845 -0.256879
    outer loop
      vertex -39.0414 -50.9135 0.869475
      vertex -38.9424 -51.1526 0.617318
      vertex -39.0077 -51.1701 0.869475
    endloop
  endfacet
  facet normal -0.0660244 0.498963 0.864105
    outer loop
      vertex -38.149 29.4561 76.1239
      vertex -38.05 29.4692 76.1239
      vertex -38.05 29.6952 75.9934
    endloop
  endfacet
  facet normal -0.0342006 0.258463 0.965416
    outer loop
      vertex -38.149 29.4561 76.1239
      vertex -38.0838 29.2126 76.1914
      vertex -38.05 29.4692 76.1239
    endloop
  endfacet
  facet normal -0.369906 0.892905 0.256692
    outer loop
      vertex -38.5457 29.9451 75.3305
      vertex -38.5119 29.8866 75.5827
      vertex -38.2891 29.9789 75.5827
    endloop
  endfacet
  facet normal -0.113162 0.860452 0.496806
    outer loop
      vertex -38.2891 29.9789 75.5827
      vertex -38.2553 29.8528 75.8088
      vertex -38.05 29.8798 75.8088
    endloop
  endfacet
  facet normal -0.801776 0.332154 0.496819
    outer loop
      vertex -38.9424 29.3256 75.5827
      vertex -38.8163 29.2918 75.8088
      vertex -38.8501 29.5484 75.5827
    endloop
  endfacet
  facet normal -0.892905 0.369906 0.256692
    outer loop
      vertex -38.9424 29.3256 75.5827
      vertex -38.8501 29.5484 75.5827
      vertex -38.9086 29.5822 75.3305
    endloop
  endfacet
  facet normal -0.656147 0.271571 0.704074
    outer loop
      vertex -38.8163 29.2918 75.8088
      vertex -38.638 29.244 75.9934
      vertex -38.5772 29.3909 75.9934
    endloop
  endfacet
  facet normal -0.704047 0.0929355 0.704047
    outer loop
      vertex -38.8434 29.0865 75.8088
      vertex -38.6588 29.0865 75.9934
      vertex -38.8163 29.2918 75.8088
    endloop
  endfacet
  facet normal -0.563319 0.432325 0.704107
    outer loop
      vertex -38.7371 29.4832 75.8088
      vertex -38.5772 29.3909 75.9934
      vertex -38.4805 29.5169 75.9934
    endloop
  endfacet
  facet normal -0.432117 0.563467 0.704117
    outer loop
      vertex -38.611 29.6475 75.8088
      vertex -38.4805 29.5169 75.9934
      vertex -38.4467 29.7735 75.8088
    endloop
  endfacet
  facet normal -0.399319 0.306161 0.864181
    outer loop
      vertex -38.4805 29.5169 75.9934
      vertex -38.3814 29.2778 76.1239
      vertex -38.3206 29.3571 76.1239
    endloop
  endfacet
  facet normal -0.206874 0.158612 0.965425
    outer loop
      vertex -38.3814 29.2778 76.1239
      vertex -38.1423 29.1788 76.1914
      vertex -38.3206 29.3571 76.1239
    endloop
  endfacet
  facet normal -0.923795 0.382886 0
    outer loop
      vertex -39.0077 29.3431 0.869475
      vertex -38.9086 29.5822 75.3305
      vertex -38.9086 29.5822 0.869475
    endloop
  endfacet
  facet normal -0.923795 0.382886 0
    outer loop
      vertex -38.9086 29.5822 75.3305
      vertex -39.0077 29.3431 0.869475
      vertex -39.0077 29.3431 75.3305
    endloop
  endfacet
  facet normal -0.991486 0.130215 0
    outer loop
      vertex -39.0414 29.0865 0.869475
      vertex -39.0077 29.3431 75.3305
      vertex -39.0077 29.3431 0.869475
    endloop
  endfacet
  facet normal -0.991486 0.130215 0
    outer loop
      vertex -39.0077 29.3431 75.3305
      vertex -39.0414 29.0865 0.869475
      vertex -39.0414 29.0865 75.3305
    endloop
  endfacet
  facet normal -0.528165 0.688629 -0.496821
    outer loop
      vertex -38.7033 29.7398 0.617318
      vertex -38.5119 29.8866 0.617318
      vertex -38.4467 29.7735 0.39124
    endloop
  endfacet
  facet normal -0.0925938 0.704056 -0.704082
    outer loop
      vertex -38.2553 29.8528 0.39124
      vertex -38.05 29.8798 0.39124
      vertex -38.05 29.6952 0.206647
    endloop
  endfacet
  facet normal -0.704036 -0.0928889 -0.704063
    outer loop
      vertex -38.8434 -50.9135 0.39124
      vertex -38.6588 -50.9135 0.206647
      vertex -38.8163 -51.1189 0.39124
    endloop
  endfacet
  facet normal -0.65608 -0.271728 -0.704076
    outer loop
      vertex -38.8163 -51.1189 0.39124
      vertex -38.638 -51.0711 0.206647
      vertex -38.5772 -51.2179 0.206647
    endloop
  endfacet
  facet normal -0.65613 0.271502 -0.704116
    outer loop
      vertex -38.8163 29.2918 0.39124
      vertex -38.7371 29.4832 0.39124
      vertex -38.5772 29.3909 0.206647
    endloop
  endfacet
  facet normal -0.33217 0.801732 -0.496879
    outer loop
      vertex -38.5119 29.8866 0.617318
      vertex -38.2553 29.8528 0.39124
      vertex -38.4467 29.7735 0.39124
    endloop
  endfacet
  facet normal -0.369902 0.892895 -0.256733
    outer loop
      vertex -38.5457 29.9451 0.869475
      vertex -38.2891 29.9789 0.617318
      vertex -38.5119 29.8866 0.617318
    endloop
  endfacet
  facet normal -0.688465 0.528396 -0.496803
    outer loop
      vertex -38.7371 29.4832 0.39124
      vertex -38.7033 29.7398 0.617318
      vertex -38.611 29.6475 0.39124
    endloop
  endfacet
  facet normal 0 0.500126 -0.865952
    outer loop
      vertex -38.05 29.4692 0.0761219
      vertex -19.05 29.6952 0.206647
      vertex -19.05 29.4692 0.0761219
    endloop
  endfacet
  facet normal 0 0.500126 -0.865952
    outer loop
      vertex -19.05 29.6952 0.206647
      vertex -38.05 29.4692 0.0761219
      vertex -38.05 29.6952 0.206647
    endloop
  endfacet
  facet normal -0.271855 0.656154 -0.703958
    outer loop
      vertex -38.4467 29.7735 0.39124
      vertex -38.2553 29.8528 0.39124
      vertex -38.3544 29.6137 0.206647
    endloop
  endfacet
  facet normal -0.10017 0.240866 -0.965375
    outer loop
      vertex -38.2413 29.4179 0.0761219
      vertex -38.0838 29.2126 0.00855598
      vertex -38.1153 29.1995 0.00855598
    endloop
  endfacet
  facet normal -0.207018 -0.158714 -0.965377
    outer loop
      vertex -38.3814 -51.1049 0.0761219
      vertex -38.163 -50.9788 0.00855598
      vertex -38.1423 -51.0058 0.00855598
    endloop
  endfacet
  facet normal -0.0929338 -0.704033 -0.70406
    outer loop
      vertex -38.2553 -51.6798 0.39124
      vertex -38.05 -51.5223 0.206647
      vertex -38.05 -51.7069 0.39124
    endloop
  endfacet
  facet normal -0.656072 -0.27162 -0.704125
    outer loop
      vertex -38.8163 -51.1189 0.39124
      vertex -38.5772 -51.2179 0.206647
      vertex -38.7371 -51.3102 0.39124
    endloop
  endfacet
  facet normal -0.0655103 -0.498886 -0.864188
    outer loop
      vertex -38.149 -51.2832 0.0761219
      vertex -38.05 -51.2962 0.0761219
      vertex -38.05 -51.5223 0.206647
    endloop
  endfacet
  facet normal 0.0655103 -0.498886 -0.864188
    outer loop
      vertex -18.05 -51.5223 0.206647
      vertex -18.05 -51.2962 0.0761219
      vertex -17.951 -51.2832 0.0761219
    endloop
  endfacet
  facet normal 0 -0.25878 -0.965936
    outer loop
      vertex -38.05 -51.2962 0.0761219
      vertex -18.05 -51.044 0.00855598
      vertex -18.05 -51.2962 0.0761219
    endloop
  endfacet
  facet normal -0 -0.25878 -0.965936
    outer loop
      vertex -18.05 -51.044 0.00855598
      vertex -38.05 -51.2962 0.0761219
      vertex -38.05 -51.044 0.00855598
    endloop
  endfacet
  facet normal 0.159325 -0.206816 -0.96532
    outer loop
      vertex -17.9847 -51.0266 0.00855598
      vertex -17.9577 -51.0058 0.00855598
      vertex -17.8587 -51.2449 0.0761219
    endloop
  endfacet
  facet normal 0.258698 -0.0342318 -0.965352
    outer loop
      vertex 18.1761 11.5797 0.00855598
      vertex 18.4327 11.6135 0.0761219
      vertex 18.4196 11.5145 0.0761219
    endloop
  endfacet
  facet normal 0.49887 -0.0660121 -0.864159
    outer loop
      vertex 18.4196 11.5145 0.0761219
      vertex 18.4327 11.6135 0.0761219
      vertex 18.6588 11.6135 0.206647
    endloop
  endfacet
  facet normal 0.801757 -0.332146 -0.496855
    outer loop
      vertex 18.8163 11.4082 0.39124
      vertex 18.9424 11.3744 0.617318
      vertex 18.8501 11.1516 0.617318
    endloop
  endfacet
  facet normal 0.802033 -0.331876 -0.49659
    outer loop
      vertex 18.7371 11.2168 0.39124
      vertex 18.8163 11.4082 0.39124
      vertex 18.8501 11.1516 0.617318
    endloop
  endfacet
  facet normal 0.958215 -0.125845 -0.256879
    outer loop
      vertex 18.9424 11.3744 0.617318
      vertex 19.0414 11.6135 0.869475
      vertex 19.0077 11.3569 0.869475
    endloop
  endfacet
  facet normal 0.892795 -0.370038 -0.256884
    outer loop
      vertex 18.9086 11.1178 0.869475
      vertex 18.9424 11.3744 0.617318
      vertex 19.0077 11.3569 0.869475
    endloop
  endfacet
  facet normal 0.432415 -0.563408 0.703981
    outer loop
      vertex -17.6533 -51.6006 75.8088
      vertex -17.489 -51.4745 75.8088
      vertex -17.6195 -51.344 75.9934
    endloop
  endfacet
  facet normal 0.563408 -0.432415 0.703981
    outer loop
      vertex -17.6195 -51.344 75.9934
      vertex -17.489 -51.4745 75.8088
      vertex -17.3629 -51.3102 75.8088
    endloop
  endfacet
  facet normal 0.802052 -0.331884 0.496553
    outer loop
      vertex 18.7371 11.2168 75.8088
      vertex 18.8501 11.1516 75.5827
      vertex 18.8163 11.4082 75.8088
    endloop
  endfacet
  facet normal 0.43289 -0.249929 0.866107
    outer loop
      vertex 18.3814 11.4222 76.1239
      vertex -17.5228 -51.2179 75.9934
      vertex 18.5772 11.3091 75.9934
    endloop
  endfacet
  facet normal 0.432962 -0.249971 0.866059
    outer loop
      vertex -17.5228 -51.2179 75.9934
      vertex 18.3814 11.4222 76.1239
      vertex -17.7186 -51.1049 76.1239
    endloop
  endfacet
  facet normal 0.24092 -0.0997092 0.965409
    outer loop
      vertex 18.1761 11.5797 76.1914
      vertex 18.3814 11.4222 76.1239
      vertex 18.4196 11.5145 76.1239
    endloop
  endfacet
  facet normal 0.240467 -0.100322 0.965459
    outer loop
      vertex 18.163 11.5483 76.1914
      vertex 18.3814 11.4222 76.1239
      vertex 18.1761 11.5797 76.1914
    endloop
  endfacet
  facet normal 0.656147 -0.271571 0.704074
    outer loop
      vertex 18.5772 11.3091 75.9934
      vertex 18.8163 11.4082 75.8088
      vertex 18.638 11.456 75.9934
    endloop
  endfacet
  facet normal 0.464862 -0.1924 0.864225
    outer loop
      vertex 18.4196 11.5145 76.1239
      vertex 18.5772 11.3091 75.9934
      vertex 18.638 11.456 75.9934
    endloop
  endfacet
  facet normal 0.306099 -0.399238 0.864241
    outer loop
      vertex -17.8587 -51.2449 76.1239
      vertex -17.6195 -51.344 75.9934
      vertex -17.7794 -51.1841 76.1239
    endloop
  endfacet
  facet normal 0.206762 -0.158726 0.96543
    outer loop
      vertex -17.9577 -51.0058 76.1914
      vertex -17.7794 -51.1841 76.1239
      vertex -17.7186 -51.1049 76.1239
    endloop
  endfacet
  facet normal 0 -0.499888 0.86609
    outer loop
      vertex -38.05 -51.2962 76.1239
      vertex -18.05 -51.5223 75.9934
      vertex -18.05 -51.2962 76.1239
    endloop
  endfacet
  facet normal 0 -0.499888 0.86609
    outer loop
      vertex -18.05 -51.5223 75.9934
      vertex -38.05 -51.2962 76.1239
      vertex -38.05 -51.5223 75.9934
    endloop
  endfacet
  facet normal 0.0929355 -0.704047 0.704047
    outer loop
      vertex -18.05 -51.7069 75.8088
      vertex -17.8447 -51.6798 75.8088
      vertex -18.05 -51.5223 75.9934
    endloop
  endfacet
  facet normal 0.0336376 -0.258398 0.965453
    outer loop
      vertex -18.05 -51.2962 76.1239
      vertex -18.0162 -51.0396 76.1914
      vertex -18.05 -51.044 76.1914
    endloop
  endfacet
  facet normal 0.192552 -0.464911 0.864165
    outer loop
      vertex -17.951 -51.2832 76.1239
      vertex -17.8924 -51.5015 75.9934
      vertex -17.7456 -51.4407 75.9934
    endloop
  endfacet
  facet normal 0.0929211 -0.704056 0.704039
    outer loop
      vertex -18.05 -51.5223 75.9934
      vertex -17.8447 -51.6798 75.8088
      vertex -17.8924 -51.5015 75.9934
    endloop
  endfacet
  facet normal -0.0658463 -0.498913 0.864147
    outer loop
      vertex -38.2076 -51.5015 75.9934
      vertex -38.05 -51.5223 75.9934
      vertex -38.149 -51.2832 76.1239
    endloop
  endfacet
  facet normal -0.0929211 -0.704056 0.704039
    outer loop
      vertex -38.2553 -51.6798 75.8088
      vertex -38.05 -51.5223 75.9934
      vertex -38.2076 -51.5015 75.9934
    endloop
  endfacet
  facet normal -0.0339356 -0.258432 0.965433
    outer loop
      vertex -38.149 -51.2832 76.1239
      vertex -38.05 -51.2962 76.1239
      vertex -38.0838 -51.0396 76.1914
    endloop
  endfacet
  facet normal -0.0999088 -0.240772 0.965426
    outer loop
      vertex -38.2413 -51.2449 76.1239
      vertex -38.149 -51.2832 76.1239
      vertex -38.0838 -51.0396 76.1914
    endloop
  endfacet
  facet normal -0.528258 -0.68875 0.496555
    outer loop
      vertex -38.7033 -51.5668 75.5827
      vertex -38.5119 -51.7136 75.5827
      vertex -38.4467 -51.6006 75.8088
    endloop
  endfacet
  facet normal -0.688542 -0.528374 0.496719
    outer loop
      vertex -38.8501 -51.3755 75.5827
      vertex -38.7033 -51.5668 75.5827
      vertex -38.7371 -51.3102 75.8088
    endloop
  endfacet
  facet normal 0.563397 -0.432407 -0.703994
    outer loop
      vertex -17.6195 -51.344 0.206647
      vertex -17.3629 -51.3102 0.39124
      vertex -17.489 -51.4745 0.39124
    endloop
  endfacet
  facet normal 0.56346 -0.43209 -0.704139
    outer loop
      vertex -17.6195 -51.344 0.206647
      vertex -17.5228 -51.2179 0.206647
      vertex -17.3629 -51.3102 0.39124
    endloop
  endfacet
  facet normal 0 -0.707093 -0.70712
    outer loop
      vertex -38.05 -51.7069 0.39124
      vertex -18.05 -51.5223 0.206647
      vertex -18.05 -51.7069 0.39124
    endloop
  endfacet
  facet normal -0 -0.707093 -0.70712
    outer loop
      vertex -18.05 -51.5223 0.206647
      vertex -38.05 -51.7069 0.39124
      vertex -38.05 -51.5223 0.206647
    endloop
  endfacet
  facet normal -0.588186 -0.766885 -0.256758
    outer loop
      vertex -38.7033 -51.5668 0.617318
      vertex -38.5119 -51.7136 0.617318
      vertex -38.5457 -51.7721 0.869475
    endloop
  endfacet
  facet normal -0.432407 -0.563397 -0.703994
    outer loop
      vertex -38.611 -51.4745 0.39124
      vertex -38.4805 -51.344 0.206647
      vertex -38.4467 -51.6006 0.39124
    endloop
  endfacet
  facet normal -0.382886 -0.923795 0
    outer loop
      vertex -38.5457 -51.7721 0.869475
      vertex -38.3066 -51.8712 75.3305
      vertex -38.5457 -51.7721 75.3305
    endloop
  endfacet
  facet normal -0.382886 -0.923795 -0
    outer loop
      vertex -38.3066 -51.8712 75.3305
      vertex -38.5457 -51.7721 0.869475
      vertex -38.3066 -51.8712 0.869475
    endloop
  endfacet
  facet normal -0.258634 0.0336683 -0.965389
    outer loop
      vertex -38.4327 29.0865 0.0761219
      vertex -38.1761 29.1203 0.00855598
      vertex -38.1805 29.0865 0.00855598
    endloop
  endfacet
  facet normal 0.126213 -0.958175 0.25685
    outer loop
      vertex -18.05 -51.905 75.3305
      vertex -17.7934 -51.8712 75.3305
      vertex -17.8109 -51.8059 75.5827
    endloop
  endfacet
  facet normal 0.126234 -0.958177 0.256831
    outer loop
      vertex -18.05 -51.905 75.3305
      vertex -17.8109 -51.8059 75.5827
      vertex -18.05 -51.8374 75.5827
    endloop
  endfacet
  facet normal 0.382886 -0.923795 0
    outer loop
      vertex -17.7934 -51.8712 0.869475
      vertex -17.5543 -51.7721 75.3305
      vertex -17.7934 -51.8712 75.3305
    endloop
  endfacet
  facet normal 0.382886 -0.923795 0
    outer loop
      vertex -17.5543 -51.7721 75.3305
      vertex -17.7934 -51.8712 0.869475
      vertex -17.5543 -51.7721 0.869475
    endloop
  endfacet
  facet normal 0.370042 -0.892805 0.256843
    outer loop
      vertex -17.8109 -51.8059 75.5827
      vertex -17.7934 -51.8712 75.3305
      vertex -17.5543 -51.7721 75.3305
    endloop
  endfacet
  facet normal -0.464928 -0.192419 0.864186
    outer loop
      vertex -38.5772 -51.2179 75.9934
      vertex -38.3814 -51.1049 76.1239
      vertex -38.4196 -51.0126 76.1239
    endloop
  endfacet
  facet normal -0.240886 -0.099695 0.96542
    outer loop
      vertex -38.4196 -51.0126 76.1239
      vertex -38.3814 -51.1049 76.1239
      vertex -38.1761 -50.9473 76.1914
    endloop
  endfacet
  facet normal -0.688482 -0.528409 0.496767
    outer loop
      vertex -38.7371 -51.3102 75.8088
      vertex -38.7033 -51.5668 75.5827
      vertex -38.611 -51.4745 75.8088
    endloop
  endfacet
  facet normal -0.56347 -0.432098 0.704125
    outer loop
      vertex -38.7371 -51.3102 75.8088
      vertex -38.4805 -51.344 75.9934
      vertex -38.5772 -51.2179 75.9934
    endloop
  endfacet
  facet normal -0.860394 -0.113518 -0.496825
    outer loop
      vertex -38.9424 -51.1526 0.617318
      vertex -38.8434 -50.9135 0.39124
      vertex -38.8163 -51.1189 0.39124
    endloop
  endfacet
  facet normal -0.860486 -0.113364 -0.496702
    outer loop
      vertex -38.9739 -50.9135 0.617318
      vertex -38.8434 -50.9135 0.39124
      vertex -38.9424 -51.1526 0.617318
    endloop
  endfacet
  facet normal -0.192394 0.464869 0.864223
    outer loop
      vertex -38.3544 29.6137 75.9934
      vertex -38.2413 29.4179 76.1239
      vertex -38.149 29.4561 76.1239
    endloop
  endfacet
  facet normal -0.192492 0.464768 0.864255
    outer loop
      vertex -38.3544 29.6137 75.9934
      vertex -38.149 29.4561 76.1239
      vertex -38.2076 29.6745 75.9934
    endloop
  endfacet
  facet normal -0.126225 0.958268 0.256495
    outer loop
      vertex -38.3066 30.0441 75.3305
      vertex -38.2891 29.9789 75.5827
      vertex -38.05 30.0779 75.3305
    endloop
  endfacet
  facet normal -0.126246 0.95827 0.256476
    outer loop
      vertex -38.2891 29.9789 75.5827
      vertex -38.05 30.0104 75.5827
      vertex -38.05 30.0779 75.3305
    endloop
  endfacet
  facet normal -0.528151 0.688693 0.496748
    outer loop
      vertex -38.7033 29.7398 75.5827
      vertex -38.611 29.6475 75.8088
      vertex -38.4467 29.7735 75.8088
    endloop
  endfacet
  facet normal -0.528178 0.688646 0.496785
    outer loop
      vertex -38.7033 29.7398 75.5827
      vertex -38.4467 29.7735 75.8088
      vertex -38.5119 29.8866 75.5827
    endloop
  endfacet
  facet normal -0.656143 0.271507 0.704103
    outer loop
      vertex -38.8163 29.2918 75.8088
      vertex -38.5772 29.3909 75.9934
      vertex -38.7371 29.4832 75.8088
    endloop
  endfacet
  facet normal -0.802052 0.331884 0.496553
    outer loop
      vertex -38.8501 29.5484 75.5827
      vertex -38.8163 29.2918 75.8088
      vertex -38.7371 29.4832 75.8088
    endloop
  endfacet
  facet normal -0.49876 0.065868 0.864234
    outer loop
      vertex -38.6588 29.0865 75.9934
      vertex -38.4196 29.1855 76.1239
      vertex -38.638 29.244 75.9934
    endloop
  endfacet
  facet normal -0.70402 0.0929753 0.704068
    outer loop
      vertex -38.8163 29.2918 75.8088
      vertex -38.6588 29.0865 75.9934
      vertex -38.638 29.244 75.9934
    endloop
  endfacet
  facet normal -0.588186 0.766885 -0.256758
    outer loop
      vertex -38.7033 29.7398 0.617318
      vertex -38.5457 29.9451 0.869475
      vertex -38.5119 29.8866 0.617318
    endloop
  endfacet
  facet normal -0.58836 0.766809 -0.256588
    outer loop
      vertex -38.7511 29.7875 0.869475
      vertex -38.5457 29.9451 0.869475
      vertex -38.7033 29.7398 0.617318
    endloop
  endfacet
  facet normal -0.498841 -0.0658369 -0.864189
    outer loop
      vertex -38.6588 -50.9135 0.206647
      vertex -38.4196 -51.0126 0.0761219
      vertex -38.638 -51.0711 0.206647
    endloop
  endfacet
  facet normal -0.49996 0 -0.866048
    outer loop
      vertex -38.6588 -50.9135 0.206647
      vertex -38.4327 29.0865 0.0761219
      vertex -38.4327 -50.9135 0.0761219
    endloop
  endfacet
  facet normal -0.49996 0 -0.866048
    outer loop
      vertex -38.4327 29.0865 0.0761219
      vertex -38.6588 -50.9135 0.206647
      vertex -38.6588 29.0865 0.206647
    endloop
  endfacet
  facet normal -0.464894 -0.192545 -0.864176
    outer loop
      vertex -38.638 -51.0711 0.206647
      vertex -38.4196 -51.0126 0.0761219
      vertex -38.5772 -51.2179 0.206647
    endloop
  endfacet
  facet normal -0.464995 -0.192446 -0.864144
    outer loop
      vertex -38.5772 -51.2179 0.206647
      vertex -38.4196 -51.0126 0.0761219
      vertex -38.3814 -51.1049 0.0761219
    endloop
  endfacet
  facet normal -0.464936 0.192422 -0.864181
    outer loop
      vertex -38.5772 29.3909 0.206647
      vertex -38.3814 29.2778 0.0761219
      vertex -38.4196 29.1855 0.0761219
    endloop
  endfacet
  facet normal -0.207256 0.15831 -0.965393
    outer loop
      vertex -38.3814 29.2778 0.0761219
      vertex -38.1423 29.1788 0.00855598
      vertex -38.163 29.1517 0.00855598
    endloop
  endfacet
  facet normal -0.306382 0.399119 -0.864196
    outer loop
      vertex -38.4805 29.5169 0.206647
      vertex -38.3544 29.6137 0.206647
      vertex -38.2413 29.4179 0.0761219
    endloop
  endfacet
  facet normal -0.0997999 0.24114 -0.965345
    outer loop
      vertex -38.2413 29.4179 0.0761219
      vertex -38.149 29.4561 0.0761219
      vertex -38.0838 29.2126 0.00855598
    endloop
  endfacet
  facet normal -0.271756 0.656148 -0.704002
    outer loop
      vertex -38.3544 29.6137 0.206647
      vertex -38.2553 29.8528 0.39124
      vertex -38.2076 29.6745 0.206647
    endloop
  endfacet
  facet normal -0.432478 0.563383 -0.703962
    outer loop
      vertex -38.4805 29.5169 0.206647
      vertex -38.4467 29.7735 0.39124
      vertex -38.3544 29.6137 0.206647
    endloop
  endfacet
  facet normal -0.0660339 0.499035 -0.864062
    outer loop
      vertex -38.149 29.4561 0.0761219
      vertex -38.05 29.6952 0.206647
      vertex -38.05 29.4692 0.0761219
    endloop
  endfacet
  facet normal -0.0342318 0.258698 -0.965352
    outer loop
      vertex -38.149 29.4561 0.0761219
      vertex -38.05 29.4692 0.0761219
      vertex -38.0838 29.2126 0.00855598
    endloop
  endfacet
  facet normal -0.240831 -0.100155 -0.965385
    outer loop
      vertex -38.3814 -51.1049 0.0761219
      vertex -38.1761 -50.9473 0.00855598
      vertex -38.163 -50.9788 0.00855598
    endloop
  endfacet
  facet normal -0.159325 -0.206816 -0.96532
    outer loop
      vertex -38.2413 -51.2449 0.0761219
      vertex -38.1423 -51.0058 0.00855598
      vertex -38.1153 -51.0266 0.00855598
    endloop
  endfacet
  facet normal -0.271756 -0.656148 -0.704002
    outer loop
      vertex -38.3544 -51.4407 0.206647
      vertex -38.2076 -51.5015 0.206647
      vertex -38.2553 -51.6798 0.39124
    endloop
  endfacet
  facet normal -0.0658558 -0.498984 -0.864105
    outer loop
      vertex -38.2076 -51.5015 0.206647
      vertex -38.149 -51.2832 0.0761219
      vertex -38.05 -51.5223 0.206647
    endloop
  endfacet
  facet normal -0.306167 -0.399252 -0.86421
    outer loop
      vertex -38.4805 -51.344 0.206647
      vertex -38.2413 -51.2449 0.0761219
      vertex -38.3544 -51.4407 0.206647
    endloop
  endfacet
  facet normal -0.43209 -0.56346 -0.704139
    outer loop
      vertex -38.4805 -51.344 0.206647
      vertex -38.3544 -51.4407 0.206647
      vertex -38.4467 -51.6006 0.39124
    endloop
  endfacet
  facet normal 0.20695 -0.158871 -0.965366
    outer loop
      vertex -17.9577 -51.0058 0.00855598
      vertex -17.7186 -51.1049 0.0761219
      vertex -17.7794 -51.1841 0.0761219
    endloop
  endfacet
  facet normal 0.0336683 -0.258634 -0.965389
    outer loop
      vertex -18.05 -51.2962 0.0761219
      vertex -18.05 -51.044 0.00855598
      vertex -18.0162 -51.0396 0.00855598
    endloop
  endfacet
  facet normal 0.0339665 -0.258668 -0.965369
    outer loop
      vertex -18.05 -51.2962 0.0761219
      vertex -18.0162 -51.0396 0.00855598
      vertex -17.951 -51.2832 0.0761219
    endloop
  endfacet
  facet normal -0.0999998 -0.240992 -0.965362
    outer loop
      vertex -38.2413 -51.2449 0.0761219
      vertex -38.0838 -51.0396 0.00855598
      vertex -38.149 -51.2832 0.0761219
    endloop
  endfacet
  facet normal 0.49876 -0.065868 0.864234
    outer loop
      vertex 18.4196 11.5145 76.1239
      vertex 18.638 11.456 75.9934
      vertex 18.6588 11.6135 75.9934
    endloop
  endfacet
  facet normal 0.70402 -0.0929753 0.704068
    outer loop
      vertex 18.638 11.456 75.9934
      vertex 18.8163 11.4082 75.8088
      vertex 18.6588 11.6135 75.9934
    endloop
  endfacet
  facet normal 0.0658463 -0.498913 0.864147
    outer loop
      vertex -18.05 -51.5223 75.9934
      vertex -17.8924 -51.5015 75.9934
      vertex -17.951 -51.2832 76.1239
    endloop
  endfacet
  facet normal 0.0655009 -0.498815 0.86423
    outer loop
      vertex -18.05 -51.5223 75.9934
      vertex -17.951 -51.2832 76.1239
      vertex -18.05 -51.2962 76.1239
    endloop
  endfacet
  facet normal -0.20683 -0.15857 0.965441
    outer loop
      vertex -38.3814 -51.1049 76.1239
      vertex -38.1423 -51.0058 76.1914
      vertex -38.163 -50.9788 76.1914
    endloop
  endfacet
  facet normal -0.0336376 -0.258398 0.965453
    outer loop
      vertex -38.0838 -51.0396 76.1914
      vertex -38.05 -51.2962 76.1239
      vertex -38.05 -51.044 76.1914
    endloop
  endfacet
  facet normal -0.399276 -0.306185 0.864193
    outer loop
      vertex -38.5772 -51.2179 75.9934
      vertex -38.4805 -51.344 75.9934
      vertex -38.3814 -51.1049 76.1239
    endloop
  endfacet
  facet normal -0.528409 -0.688482 0.496767
    outer loop
      vertex -38.7033 -51.5668 75.5827
      vertex -38.4467 -51.6006 75.8088
      vertex -38.611 -51.4745 75.8088
    endloop
  endfacet
  facet normal -0.801908 -0.331998 -0.49671
    outer loop
      vertex -38.8501 -51.3755 0.617318
      vertex -38.8163 -51.1189 0.39124
      vertex -38.7371 -51.3102 0.39124
    endloop
  endfacet
  facet normal -0.801864 -0.332041 -0.496753
    outer loop
      vertex -38.9424 -51.1526 0.617318
      vertex -38.8163 -51.1189 0.39124
      vertex -38.8501 -51.3755 0.617318
    endloop
  endfacet
  facet normal -0.331876 -0.802033 -0.49659
    outer loop
      vertex -38.5119 -51.7136 0.617318
      vertex -38.4467 -51.6006 0.39124
      vertex -38.2553 -51.6798 0.39124
    endloop
  endfacet
  facet normal -0.766931 -0.58808 -0.256862
    outer loop
      vertex -38.9086 -51.4092 0.869475
      vertex -38.7033 -51.5668 0.617318
      vertex -38.7511 -51.6146 0.869475
    endloop
  endfacet
  facet normal -0.258694 -0.0341967 -0.965354
    outer loop
      vertex -38.4327 -50.9135 0.0761219
      vertex -38.1761 -50.9473 0.00855598
      vertex -38.4196 -51.0126 0.0761219
    endloop
  endfacet
  facet normal -0.498872 -0.0659458 -0.864163
    outer loop
      vertex -38.6588 -50.9135 0.206647
      vertex -38.4327 -50.9135 0.0761219
      vertex -38.4196 -51.0126 0.0761219
    endloop
  endfacet
  facet normal -0.158756 0.207062 -0.965361
    outer loop
      vertex -38.3206 29.3571 0.0761219
      vertex -38.2413 29.4179 0.0761219
      vertex -38.1423 29.1788 0.00855598
    endloop
  endfacet
  facet normal -0.306224 0.399401 -0.864121
    outer loop
      vertex -38.4805 29.5169 0.206647
      vertex -38.2413 29.4179 0.0761219
      vertex -38.3206 29.3571 0.0761219
    endloop
  endfacet
  facet normal -0.464929 0.192428 -0.864183
    outer loop
      vertex -38.638 29.244 0.206647
      vertex -38.5772 29.3909 0.206647
      vertex -38.4196 29.1855 0.0761219
    endloop
  endfacet
  facet normal -0.39915 0.306332 -0.864199
    outer loop
      vertex -38.5772 29.3909 0.206647
      vertex -38.4805 29.5169 0.206647
      vertex -38.3814 29.2778 0.0761219
    endloop
  endfacet
  facet normal -0.49887 0.0660121 -0.864159
    outer loop
      vertex -38.6588 29.0865 0.206647
      vertex -38.4196 29.1855 0.0761219
      vertex -38.4327 29.0865 0.0761219
    endloop
  endfacet
  facet normal -0.258698 0.0342318 -0.965352
    outer loop
      vertex -38.4327 29.0865 0.0761219
      vertex -38.4196 29.1855 0.0761219
      vertex -38.1761 29.1203 0.00855598
    endloop
  endfacet
  facet normal -0.240685 0.100413 -0.965395
    outer loop
      vertex -38.3814 29.2778 0.0761219
      vertex -38.163 29.1517 0.00855598
      vertex -38.1761 29.1203 0.00855598
    endloop
  endfacet
  facet normal -0.19252 0.464835 -0.864213
    outer loop
      vertex -38.3544 29.6137 0.206647
      vertex -38.2076 29.6745 0.206647
      vertex -38.149 29.4561 0.0761219
    endloop
  endfacet
  facet normal -0.0655269 0.498891 -0.864184
    outer loop
      vertex -38.2076 29.6745 0.206647
      vertex -38.05 29.6952 0.206647
      vertex -38.149 29.4561 0.0761219
    endloop
  endfacet
  facet normal -0.399085 -0.306368 -0.864216
    outer loop
      vertex -38.4805 -51.344 0.206647
      vertex -38.3814 -51.1049 0.0761219
      vertex -38.3206 -51.1841 0.0761219
    endloop
  endfacet
  facet normal -0.306143 -0.399295 -0.864199
    outer loop
      vertex -38.4805 -51.344 0.206647
      vertex -38.3206 -51.1841 0.0761219
      vertex -38.2413 -51.2449 0.0761219
    endloop
  endfacet
  facet normal -0.332146 -0.801757 -0.496855
    outer loop
      vertex -38.5119 -51.7136 0.617318
      vertex -38.2553 -51.6798 0.39124
      vertex -38.2891 -51.8059 0.617318
    endloop
  endfacet
  facet normal -0.11357 -0.860364 -0.496866
    outer loop
      vertex -38.2891 -51.8059 0.617318
      vertex -38.2553 -51.6798 0.39124
      vertex -38.05 -51.7069 0.39124
    endloop
  endfacet
  facet normal -0.0339665 -0.258668 -0.965369
    outer loop
      vertex -38.149 -51.2832 0.0761219
      vertex -38.0838 -51.0396 0.00855598
      vertex -38.05 -51.2962 0.0761219
    endloop
  endfacet
  facet normal -0.0336683 -0.258634 -0.965389
    outer loop
      vertex -38.0838 -51.0396 0.00855598
      vertex -38.05 -51.044 0.00855598
      vertex -38.05 -51.2962 0.0761219
    endloop
  endfacet
  facet normal -0.192579 -0.464978 -0.864123
    outer loop
      vertex -38.3544 -51.4407 0.206647
      vertex -38.149 -51.2832 0.0761219
      vertex -38.2076 -51.5015 0.206647
    endloop
  endfacet
  facet normal -0.192834 -0.464715 -0.864208
    outer loop
      vertex -38.3544 -51.4407 0.206647
      vertex -38.2413 -51.2449 0.0761219
      vertex -38.149 -51.2832 0.0761219
    endloop
  endfacet
  facet normal 0.158756 -0.207062 -0.965361
    outer loop
      vertex -17.9577 -51.0058 0.00855598
      vertex -17.7794 -51.1841 0.0761219
      vertex -17.8587 -51.2449 0.0761219
    endloop
  endfacet
  facet normal 0.306143 -0.399295 -0.864199
    outer loop
      vertex -17.8587 -51.2449 0.0761219
      vertex -17.7794 -51.1841 0.0761219
      vertex -17.6195 -51.344 0.206647
    endloop
  endfacet
  facet normal 0.0995839 -0.2413 -0.965328
    outer loop
      vertex -18.0162 -51.0396 0.00855598
      vertex -17.9847 -51.0266 0.00855598
      vertex -17.8587 -51.2449 0.0761219
    endloop
  endfacet
  facet normal 0.15918 -0.206628 0.965384
    outer loop
      vertex -17.9847 -51.0266 76.1914
      vertex -17.8587 -51.2449 76.1239
      vertex -17.9577 -51.0058 76.1914
    endloop
  endfacet
  facet normal 0.0994934 -0.24108 0.965392
    outer loop
      vertex -18.0162 -51.0396 76.1914
      vertex -17.8587 -51.2449 76.1239
      vertex -17.9847 -51.0266 76.1914
    endloop
  endfacet
  facet normal 0.0999088 -0.240772 0.965426
    outer loop
      vertex -18.0162 -51.0396 76.1914
      vertex -17.951 -51.2832 76.1239
      vertex -17.8587 -51.2449 76.1239
    endloop
  endfacet
  facet normal 0.192806 -0.464648 0.86425
    outer loop
      vertex -17.951 -51.2832 76.1239
      vertex -17.7456 -51.4407 75.9934
      vertex -17.8587 -51.2449 76.1239
    endloop
  endfacet
  facet normal -0.15918 -0.206628 0.965384
    outer loop
      vertex -38.2413 -51.2449 76.1239
      vertex -38.1153 -51.0266 76.1914
      vertex -38.1423 -51.0058 76.1914
    endloop
  endfacet
  facet normal -0.399027 -0.306324 0.864258
    outer loop
      vertex -38.4805 -51.344 75.9934
      vertex -38.3206 -51.1841 76.1239
      vertex -38.3814 -51.1049 76.1239
    endloop
  endfacet
  facet normal -0.271507 -0.656143 0.704103
    outer loop
      vertex -38.4467 -51.6006 75.8088
      vertex -38.2553 -51.6798 75.8088
      vertex -38.3544 -51.4407 75.9934
    endloop
  endfacet
  facet normal -0.432415 -0.563408 0.703981
    outer loop
      vertex -38.611 -51.4745 75.8088
      vertex -38.4467 -51.6006 75.8088
      vertex -38.4805 -51.344 75.9934
    endloop
  endfacet
  facet normal -0.563408 -0.432415 0.703981
    outer loop
      vertex -38.7371 -51.3102 75.8088
      vertex -38.611 -51.4745 75.8088
      vertex -38.4805 -51.344 75.9934
    endloop
  endfacet
  facet normal -0.766784 -0.588416 -0.256533
    outer loop
      vertex -38.9086 -51.4092 0.869475
      vertex -38.8501 -51.3755 0.617318
      vertex -38.7033 -51.5668 0.617318
    endloop
  endfacet
  facet normal -0.688526 -0.528362 -0.496755
    outer loop
      vertex -38.8501 -51.3755 0.617318
      vertex -38.7371 -51.3102 0.39124
      vertex -38.7033 -51.5668 0.617318
    endloop
  endfacet
  facet normal -0.399376 0.306205 -0.864139
    outer loop
      vertex -38.4805 29.5169 0.206647
      vertex -38.3206 29.3571 0.0761219
      vertex -38.3814 29.2778 0.0761219
    endloop
  endfacet
  facet normal -0.207062 0.158756 -0.965361
    outer loop
      vertex -38.3814 29.2778 0.0761219
      vertex -38.3206 29.3571 0.0761219
      vertex -38.1423 29.1788 0.00855598
    endloop
  endfacet
  facet normal -0.11316 0.860431 -0.496843
    outer loop
      vertex -38.2891 29.9789 0.617318
      vertex -38.05 29.8798 0.39124
      vertex -38.2553 29.8528 0.39124
    endloop
  endfacet
  facet normal -0.332146 0.801757 -0.496855
    outer loop
      vertex -38.5119 29.8866 0.617318
      vertex -38.2891 29.9789 0.617318
      vertex -38.2553 29.8528 0.39124
    endloop
  endfacet
  facet normal -0.0995839 -0.2413 -0.965328
    outer loop
      vertex -38.2413 -51.2449 0.0761219
      vertex -38.1153 -51.0266 0.00855598
      vertex -38.0838 -51.0396 0.00855598
    endloop
  endfacet
  facet normal -0.528245 -0.688734 -0.496592
    outer loop
      vertex -38.7033 -51.5668 0.617318
      vertex -38.4467 -51.6006 0.39124
      vertex -38.5119 -51.7136 0.617318
    endloop
  endfacet
  facet normal -0.528396 -0.688465 -0.496803
    outer loop
      vertex -38.7033 -51.5668 0.617318
      vertex -38.611 -51.4745 0.39124
      vertex -38.4467 -51.6006 0.39124
    endloop
  endfacet
  facet normal 0.892805 0.370042 0.256843
    outer loop
      vertex 18.9086 51.4092 75.3305
      vertex 18.9424 51.1526 75.5827
      vertex 19.0077 51.1701 75.3305
    endloop
  endfacet
  facet normal -0.766687 0.588562 0.256486
    outer loop
      vertex -18.8501 51.3755 75.5827
      vertex -18.7989 51.4934 75.4652
      vertex -18.9086 51.4092 75.3305
    endloop
  endfacet
  facet normal -0.766658 0.588585 0.256521
    outer loop
      vertex -18.7989 51.4934 75.4652
      vertex -18.8501 51.3755 75.5827
      vertex -18.744 51.5137 75.5827
    endloop
  endfacet
  facet normal -0.528443 0.688393 0.496852
    outer loop
      vertex -18.666 51.5295 75.6741
      vertex -18.611 51.4745 75.8088
      vertex -18.509 51.5528 75.8088
    endloop
  endfacet
  facet normal 0.688445 0.52838 0.496848
    outer loop
      vertex 18.7371 51.3102 75.8088
      vertex 18.666 51.5295 75.6741
      vertex 18.611 51.4745 75.8088
    endloop
  endfacet
  facet normal 0.68925 0.528123 0.496004
    outer loop
      vertex 18.666 51.5295 75.6741
      vertex 18.7371 51.3102 75.8088
      vertex 18.7093 51.5207 75.6233
    endloop
  endfacet
  facet normal 0.991486 0.130215 0
    outer loop
      vertex 19.0414 50.9135 75.3305
      vertex 19.0077 51.1701 73.5935
      vertex 19.0077 51.1701 75.3305
    endloop
  endfacet
  facet normal 0.991486 0.130215 0
    outer loop
      vertex 19.0077 51.1701 73.5935
      vertex 19.0414 50.9135 75.3305
      vertex 19.0414 50.9135 72.108
    endloop
  endfacet
  facet normal -0.431738 0.563653 0.7042
    outer loop
      vertex -18.509 51.5528 75.8088
      vertex -18.4805 51.344 75.9934
      vertex -18.4523 51.558 75.8394
    endloop
  endfacet
  facet normal -0.432465 0.563364 0.703985
    outer loop
      vertex -18.4805 51.344 75.9934
      vertex -18.509 51.5528 75.8088
      vertex -18.611 51.4745 75.8088
    endloop
  endfacet
  facet normal -0.093727 0.703994 0.703994
    outer loop
      vertex -18.1176 51.5741 75.9326
      vertex -18.05 51.5223 75.9934
      vertex -18.05 51.5755 75.9402
    endloop
  endfacet
  facet normal -0.656085 0.271625 0.704111
    outer loop
      vertex -18.8163 51.1189 75.8088
      vertex -18.5772 51.2179 75.9934
      vertex -18.7371 51.3102 75.8088
    endloop
  endfacet
  facet normal 0 0.707107 0.707107
    outer loop
      vertex 18.05 51.5755 75.9402
      vertex -18.05 51.5223 75.9934
      vertex 18.05 51.5223 75.9934
    endloop
  endfacet
  facet normal 0 0.707107 0.707107
    outer loop
      vertex -18.05 51.5223 75.9934
      vertex 18.05 51.5755 75.9402
      vertex -18.05 51.5755 75.9402
    endloop
  endfacet
  facet normal 0.766658 0.588585 0.256521
    outer loop
      vertex 18.8501 51.3755 75.5827
      vertex 18.7989 51.4934 75.4652
      vertex 18.744 51.5137 75.5827
    endloop
  endfacet
  facet normal 0.766687 0.588562 0.256486
    outer loop
      vertex 18.7989 51.4934 75.4652
      vertex 18.8501 51.3755 75.5827
      vertex 18.9086 51.4092 75.3305
    endloop
  endfacet
  facet normal 0.656092 0.271733 0.704063
    outer loop
      vertex 18.5772 51.2179 75.9934
      vertex 18.638 51.0711 75.9934
      vertex 18.8163 51.1189 75.8088
    endloop
  endfacet
  facet normal 0.860415 0.113521 0.496789
    outer loop
      vertex 18.8163 51.1189 75.8088
      vertex 18.8434 50.9135 75.8088
      vertex 18.9424 51.1526 75.5827
    endloop
  endfacet
  facet normal -1 0 0
    outer loop
      vertex -19.0414 30.0779 75.3305
      vertex -19.0414 50.9135 72.108
      vertex -19.0414 40.3141 10.7438
    endloop
  endfacet
  facet normal -1 0 0
    outer loop
      vertex -19.0414 30.0779 75.3305
      vertex -19.0414 40.3141 10.7438
      vertex -19.0414 30.0779 10.7438
    endloop
  endfacet
  facet normal -1 0 0
    outer loop
      vertex -19.0414 50.9135 72.108
      vertex -19.0414 30.0779 75.3305
      vertex -19.0414 50.9135 75.3305
    endloop
  endfacet
  facet normal -0.991486 0.130215 0
    outer loop
      vertex -19.0414 50.9135 75.3305
      vertex -19.0077 51.1701 73.5935
      vertex -19.0414 50.9135 72.108
    endloop
  endfacet
  facet normal -0.991486 0.130215 0
    outer loop
      vertex -19.0077 51.1701 73.5935
      vertex -19.0414 50.9135 75.3305
      vertex -19.0077 51.1701 75.3305
    endloop
  endfacet
  facet normal 0.923795 0.382886 0
    outer loop
      vertex 19.0077 51.1701 75.3305
      vertex 18.9086 51.4092 74.9779
      vertex 18.9086 51.4092 75.3305
    endloop
  endfacet
  facet normal 0.923795 0.382886 0
    outer loop
      vertex 18.9086 51.4092 74.9779
      vertex 19.0077 51.1701 75.3305
      vertex 19.0077 51.1701 73.5935
    endloop
  endfacet
  facet normal 0.793543 0.608514 0
    outer loop
      vertex 18.8619 51.4701 75.3305
      vertex 18.9086 51.4092 75.3305
      vertex 18.9086 51.4092 74.9779
    endloop
  endfacet
  facet normal -0.432275 0.563486 0.704004
    outer loop
      vertex -18.4523 51.558 75.8394
      vertex -18.3544 51.4407 75.9934
      vertex -18.4237 51.5607 75.8548
    endloop
  endfacet
  facet normal -0.432173 0.563568 0.704001
    outer loop
      vertex -18.3544 51.4407 75.9934
      vertex -18.4523 51.558 75.8394
      vertex -18.4805 51.344 75.9934
    endloop
  endfacet
  facet normal 0.0336376 0.258398 0.965453
    outer loop
      vertex 18.05 51.044 76.1914
      vertex 18.0838 51.0396 76.1914
      vertex 18.05 51.2962 76.1239
    endloop
  endfacet
  facet normal 0.656085 0.271625 0.704111
    outer loop
      vertex 18.5772 51.2179 75.9934
      vertex 18.8163 51.1189 75.8088
      vertex 18.7371 51.3102 75.8088
    endloop
  endfacet
  facet normal -0.0655009 0.498815 0.86423
    outer loop
      vertex -18.149 51.2832 76.1239
      vertex -18.05 51.2962 76.1239
      vertex -18.05 51.5223 75.9934
    endloop
  endfacet
  facet normal 0.4988 0.0659363 0.864205
    outer loop
      vertex 18.4196 51.0126 76.1239
      vertex 18.4327 50.9135 76.1239
      vertex 18.6588 50.9135 75.9934
    endloop
  endfacet
  facet normal -0.704049 0.0928907 0.704049
    outer loop
      vertex -18.8434 50.9135 75.8088
      vertex -18.6588 50.9135 75.9934
      vertex -18.8163 51.1189 75.8088
    endloop
  endfacet
  facet normal -0.688242 0.528383 0.497126
    outer loop
      vertex -18.8501 51.3755 75.5827
      vertex -18.7093 51.5207 75.6233
      vertex -18.744 51.5137 75.5827
    endloop
  endfacet
  facet normal -0.688366 0.528621 0.496702
    outer loop
      vertex -18.7093 51.5207 75.6233
      vertex -18.8501 51.3755 75.5827
      vertex -18.7371 51.3102 75.8088
    endloop
  endfacet
  facet normal 0.688242 0.528383 0.497126
    outer loop
      vertex 18.7093 51.5207 75.6233
      vertex 18.8501 51.3755 75.5827
      vertex 18.744 51.5137 75.5827
    endloop
  endfacet
  facet normal 0.688366 0.528621 0.496702
    outer loop
      vertex 18.8501 51.3755 75.5827
      vertex 18.7093 51.5207 75.6233
      vertex 18.7371 51.3102 75.8088
    endloop
  endfacet
  facet normal 0.766898 0.588081 0.256958
    outer loop
      vertex 18.7989 51.4934 75.4652
      vertex 18.9086 51.4092 75.3305
      vertex 18.8619 51.4701 75.3305
    endloop
  endfacet
  facet normal 0.860506 0.113367 0.496666
    outer loop
      vertex 18.8434 50.9135 75.8088
      vertex 18.9739 50.9135 75.5827
      vertex 18.9424 51.1526 75.5827
    endloop
  endfacet
  facet normal -0 0.258545 0.965999
    outer loop
      vertex -18.05 51.2962 76.1239
      vertex 18.05 51.044 76.1914
      vertex 18.05 51.2962 76.1239
    endloop
  endfacet
  facet normal 0 0.258545 0.965999
    outer loop
      vertex 18.05 51.044 76.1914
      vertex -18.05 51.2962 76.1239
      vertex -18.05 51.044 76.1914
    endloop
  endfacet
  facet normal 0.704049 0.0928907 0.704049
    outer loop
      vertex 18.6588 50.9135 75.9934
      vertex 18.8434 50.9135 75.8088
      vertex 18.8163 51.1189 75.8088
    endloop
  endfacet
  facet normal -0 0.499888 0.86609
    outer loop
      vertex -18.05 51.5223 75.9934
      vertex 18.05 51.2962 76.1239
      vertex 18.05 51.5223 75.9934
    endloop
  endfacet
  facet normal 0 0.499888 0.86609
    outer loop
      vertex 18.05 51.2962 76.1239
      vertex -18.05 51.5223 75.9934
      vertex -18.05 51.2962 76.1239
    endloop
  endfacet
  facet normal -0.464827 0.192517 0.864218
    outer loop
      vertex -18.638 51.0711 75.9934
      vertex -18.4196 51.0126 76.1239
      vertex -18.5772 51.2179 75.9934
    endloop
  endfacet
  facet normal -0.793543 0.608514 0
    outer loop
      vertex -18.9086 51.4092 74.9779
      vertex -18.9086 51.4092 75.3305
      vertex -18.8619 51.4701 75.3305
    endloop
  endfacet
  facet normal 0.958226 0.125847 0.256838
    outer loop
      vertex 18.9424 51.1526 75.5827
      vertex 19.0414 50.9135 75.3305
      vertex 19.0077 51.1701 75.3305
    endloop
  endfacet
  facet normal -0.965999 0 0.258545
    outer loop
      vertex -19.0414 30.0779 75.3305
      vertex -18.9739 50.9135 75.5827
      vertex -19.0414 50.9135 75.3305
    endloop
  endfacet
  facet normal -0.965999 0 0.258545
    outer loop
      vertex -18.9739 50.9135 75.5827
      vertex -19.0414 30.0779 75.3305
      vertex -18.9739 30.0104 75.5827
    endloop
  endfacet
  facet normal -0.68925 0.528123 0.496004
    outer loop
      vertex -18.7371 51.3102 75.8088
      vertex -18.666 51.5295 75.6741
      vertex -18.7093 51.5207 75.6233
    endloop
  endfacet
  facet normal -0.688445 0.52838 0.496848
    outer loop
      vertex -18.666 51.5295 75.6741
      vertex -18.7371 51.3102 75.8088
      vertex -18.611 51.4745 75.8088
    endloop
  endfacet
  facet normal -0.923795 0.382886 0
    outer loop
      vertex -19.0077 51.1701 75.3305
      vertex -18.9086 51.4092 74.9779
      vertex -19.0077 51.1701 73.5935
    endloop
  endfacet
  facet normal -0.923795 0.382886 0
    outer loop
      vertex -18.9086 51.4092 74.9779
      vertex -19.0077 51.1701 75.3305
      vertex -18.9086 51.4092 75.3305
    endloop
  endfacet
  facet normal 0.306099 0.399238 0.864241
    outer loop
      vertex 18.2413 51.2449 76.1239
      vertex 18.3206 51.1841 76.1239
      vertex 18.4805 51.344 75.9934
    endloop
  endfacet
  facet normal 0.093727 0.703994 0.703994
    outer loop
      vertex 18.05 51.5223 75.9934
      vertex 18.1176 51.5741 75.9326
      vertex 18.05 51.5755 75.9402
    endloop
  endfacet
  facet normal 0.95827 0.126246 0.256476
    outer loop
      vertex 18.9424 51.1526 75.5827
      vertex 18.9739 50.9135 75.5827
      vertex 19.0414 50.9135 75.3305
    endloop
  endfacet
  facet normal 0.892998 0.369779 0.25655
    outer loop
      vertex 18.8501 51.3755 75.5827
      vertex 18.9424 51.1526 75.5827
      vertex 18.9086 51.4092 75.3305
    endloop
  endfacet
  facet normal 0.0655009 0.498815 0.86423
    outer loop
      vertex 18.05 51.2962 76.1239
      vertex 18.149 51.2832 76.1239
      vertex 18.05 51.5223 75.9934
    endloop
  endfacet
  facet normal 0.15918 0.206628 0.965384
    outer loop
      vertex 18.1153 51.0266 76.1914
      vertex 18.1423 51.0058 76.1914
      vertex 18.2413 51.2449 76.1239
    endloop
  endfacet
  facet normal -0.271572 0.656255 0.703973
    outer loop
      vertex -18.4237 51.5607 75.8548
      vertex -18.3544 51.4407 75.9934
      vertex -18.3018 51.5677 75.8953
    endloop
  endfacet
  facet normal -0.399276 0.306185 0.864193
    outer loop
      vertex -18.5772 51.2179 75.9934
      vertex -18.3814 51.1049 76.1239
      vertex -18.4805 51.344 75.9934
    endloop
  endfacet
  facet normal -0.271732 0.656334 0.703837
    outer loop
      vertex -18.3018 51.5677 75.8953
      vertex -18.2076 51.5015 75.9934
      vertex -18.2264 51.572 75.9204
    endloop
  endfacet
  facet normal -0.271807 0.656271 0.703867
    outer loop
      vertex -18.2076 51.5015 75.9934
      vertex -18.3018 51.5677 75.8953
      vertex -18.3544 51.4407 75.9934
    endloop
  endfacet
  facet normal -0.0929792 0.704496 0.703591
    outer loop
      vertex -18.1176 51.5741 75.9326
      vertex -18.2076 51.5015 75.9934
      vertex -18.05 51.5223 75.9934
    endloop
  endfacet
  facet normal -0.0925257 0.704218 0.703929
    outer loop
      vertex -18.2076 51.5015 75.9934
      vertex -18.1176 51.5741 75.9326
      vertex -18.2264 51.572 75.9204
    endloop
  endfacet
  facet normal -0.306099 0.399238 0.864241
    outer loop
      vertex -18.4805 51.344 75.9934
      vertex -18.3206 51.1841 76.1239
      vertex -18.2413 51.2449 76.1239
    endloop
  endfacet
  facet normal -0.49877 0.0658275 0.864231
    outer loop
      vertex -18.6588 50.9135 75.9934
      vertex -18.4196 51.0126 76.1239
      vertex -18.638 51.0711 75.9934
    endloop
  endfacet
  facet normal -0.86609 0 0.499888
    outer loop
      vertex -18.9739 30.0104 75.5827
      vertex -18.8434 50.9135 75.8088
      vertex -18.9739 50.9135 75.5827
    endloop
  endfacet
  facet normal -0.86609 0 0.499888
    outer loop
      vertex -18.8434 50.9135 75.8088
      vertex -18.9739 30.0104 75.5827
      vertex -18.8434 29.8798 75.8088
    endloop
  endfacet
  facet normal -0.95827 0.126246 0.256476
    outer loop
      vertex -19.0414 50.9135 75.3305
      vertex -18.9739 50.9135 75.5827
      vertex -18.9424 51.1526 75.5827
    endloop
  endfacet
  facet normal -0.306123 0.399195 0.864252
    outer loop
      vertex -18.4805 51.344 75.9934
      vertex -18.2413 51.2449 76.1239
      vertex -18.3544 51.4407 75.9934
    endloop
  endfacet
  facet normal -0.766898 0.588081 0.256958
    outer loop
      vertex -18.9086 51.4092 75.3305
      vertex -18.7989 51.4934 75.4652
      vertex -18.8619 51.4701 75.3305
    endloop
  endfacet
  facet normal -0.892998 0.369779 0.25655
    outer loop
      vertex -18.9424 51.1526 75.5827
      vertex -18.8501 51.3755 75.5827
      vertex -18.9086 51.4092 75.3305
    endloop
  endfacet
  facet normal 0.0929792 0.704496 0.703591
    outer loop
      vertex 18.2076 51.5015 75.9934
      vertex 18.1176 51.5741 75.9326
      vertex 18.05 51.5223 75.9934
    endloop
  endfacet
  facet normal 0.0925257 0.704218 0.703929
    outer loop
      vertex 18.1176 51.5741 75.9326
      vertex 18.2076 51.5015 75.9934
      vertex 18.2264 51.572 75.9204
    endloop
  endfacet
  facet normal 0.528443 0.688393 0.496852
    outer loop
      vertex 18.509 51.5528 75.8088
      vertex 18.611 51.4745 75.8088
      vertex 18.666 51.5295 75.6741
    endloop
  endfacet
  facet normal 0.704031 0.0929178 0.704064
    outer loop
      vertex 18.638 51.0711 75.9934
      vertex 18.6588 50.9135 75.9934
      vertex 18.8163 51.1189 75.8088
    endloop
  endfacet
  facet normal 0.49877 0.0658275 0.864231
    outer loop
      vertex 18.4196 51.0126 76.1239
      vertex 18.6588 50.9135 75.9934
      vertex 18.638 51.0711 75.9934
    endloop
  endfacet
  facet normal 0.271732 0.656334 0.703837
    outer loop
      vertex 18.2076 51.5015 75.9934
      vertex 18.3018 51.5677 75.8953
      vertex 18.2264 51.572 75.9204
    endloop
  endfacet
  facet normal 0.271807 0.656271 0.703867
    outer loop
      vertex 18.3018 51.5677 75.8953
      vertex 18.2076 51.5015 75.9934
      vertex 18.3544 51.4407 75.9934
    endloop
  endfacet
  facet normal 0.0658463 0.498913 0.864147
    outer loop
      vertex 18.05 51.5223 75.9934
      vertex 18.149 51.2832 76.1239
      vertex 18.2076 51.5015 75.9934
    endloop
  endfacet
  facet normal 0.464928 0.192419 0.864186
    outer loop
      vertex 18.3814 51.1049 76.1239
      vertex 18.4196 51.0126 76.1239
      vertex 18.5772 51.2179 75.9934
    endloop
  endfacet
  facet normal 0.192552 0.464911 0.864165
    outer loop
      vertex 18.149 51.2832 76.1239
      vertex 18.3544 51.4407 75.9934
      vertex 18.2076 51.5015 75.9934
    endloop
  endfacet
  facet normal 0.464827 0.192517 0.864218
    outer loop
      vertex 18.4196 51.0126 76.1239
      vertex 18.638 51.0711 75.9934
      vertex 18.5772 51.2179 75.9934
    endloop
  endfacet
  facet normal -0.192552 0.464911 0.864165
    outer loop
      vertex -18.3544 51.4407 75.9934
      vertex -18.149 51.2832 76.1239
      vertex -18.2076 51.5015 75.9934
    endloop
  endfacet
  facet normal -0.0658463 0.498913 0.864147
    outer loop
      vertex -18.2076 51.5015 75.9934
      vertex -18.149 51.2832 76.1239
      vertex -18.05 51.5223 75.9934
    endloop
  endfacet
  facet normal -0.206762 0.158726 0.96543
    outer loop
      vertex -18.3814 51.1049 76.1239
      vertex -18.1423 51.0058 76.1914
      vertex -18.3206 51.1841 76.1239
    endloop
  endfacet
  facet normal -0.0339356 0.258432 0.965433
    outer loop
      vertex -18.149 51.2832 76.1239
      vertex -18.0838 51.0396 76.1914
      vertex -18.05 51.2962 76.1239
    endloop
  endfacet
  facet normal -0.707107 0 0.707107
    outer loop
      vertex -18.8434 29.8798 75.8088
      vertex -18.6588 50.9135 75.9934
      vertex -18.8434 50.9135 75.8088
    endloop
  endfacet
  facet normal -0.707107 0 0.707107
    outer loop
      vertex -18.6588 50.9135 75.9934
      vertex -18.8434 29.8798 75.8088
      vertex -18.6588 29.6952 75.9934
    endloop
  endfacet
  facet normal -0.801928 0.332006 0.496673
    outer loop
      vertex -18.8501 51.3755 75.5827
      vertex -18.8163 51.1189 75.8088
      vertex -18.7371 51.3102 75.8088
    endloop
  endfacet
  facet normal -0.801883 0.332049 0.496716
    outer loop
      vertex -18.9424 51.1526 75.5827
      vertex -18.8163 51.1189 75.8088
      vertex -18.8501 51.3755 75.5827
    endloop
  endfacet
  facet normal -0.56347 0.432098 0.704125
    outer loop
      vertex -18.7371 51.3102 75.8088
      vertex -18.5772 51.2179 75.9934
      vertex -18.4805 51.344 75.9934
    endloop
  endfacet
  facet normal -0.563408 0.432415 0.703981
    outer loop
      vertex -18.7371 51.3102 75.8088
      vertex -18.4805 51.344 75.9934
      vertex -18.611 51.4745 75.8088
    endloop
  endfacet
  facet normal 0.801883 0.332049 0.496716
    outer loop
      vertex 18.8163 51.1189 75.8088
      vertex 18.9424 51.1526 75.5827
      vertex 18.8501 51.3755 75.5827
    endloop
  endfacet
  facet normal 0.801928 0.332006 0.496673
    outer loop
      vertex 18.7371 51.3102 75.8088
      vertex 18.8163 51.1189 75.8088
      vertex 18.8501 51.3755 75.5827
    endloop
  endfacet
  facet normal 0.432465 0.563364 0.703985
    outer loop
      vertex 18.509 51.5528 75.8088
      vertex 18.4805 51.344 75.9934
      vertex 18.611 51.4745 75.8088
    endloop
  endfacet
  facet normal 0.431738 0.563653 0.7042
    outer loop
      vertex 18.4805 51.344 75.9934
      vertex 18.509 51.5528 75.8088
      vertex 18.4523 51.558 75.8394
    endloop
  endfacet
  facet normal 0.563408 0.432415 0.703981
    outer loop
      vertex 18.4805 51.344 75.9934
      vertex 18.7371 51.3102 75.8088
      vertex 18.611 51.4745 75.8088
    endloop
  endfacet
  facet normal 0.258398 0.0336376 0.965453
    outer loop
      vertex 18.1761 50.9473 76.1914
      vertex 18.1805 50.9135 76.1914
      vertex 18.4327 50.9135 76.1239
    endloop
  endfacet
  facet normal 0.399027 0.306324 0.864258
    outer loop
      vertex 18.3206 51.1841 76.1239
      vertex 18.3814 51.1049 76.1239
      vertex 18.4805 51.344 75.9934
    endloop
  endfacet
  facet normal -0.0336376 0.258398 0.965453
    outer loop
      vertex -18.0838 51.0396 76.1914
      vertex -18.05 51.044 76.1914
      vertex -18.05 51.2962 76.1239
    endloop
  endfacet
  facet normal -0.464928 0.192419 0.864186
    outer loop
      vertex -18.5772 51.2179 75.9934
      vertex -18.4196 51.0126 76.1239
      vertex -18.3814 51.1049 76.1239
    endloop
  endfacet
  facet normal -0.499888 0 0.86609
    outer loop
      vertex -18.6588 29.6952 75.9934
      vertex -18.4327 50.9135 76.1239
      vertex -18.6588 50.9135 75.9934
    endloop
  endfacet
  facet normal -0.499888 0 0.86609
    outer loop
      vertex -18.4327 50.9135 76.1239
      vertex -18.6588 29.6952 75.9934
      vertex -18.4327 29.4692 76.1239
    endloop
  endfacet
  facet normal -0.958226 0.125847 0.256838
    outer loop
      vertex -19.0414 50.9135 75.3305
      vertex -18.9424 51.1526 75.5827
      vertex -19.0077 51.1701 75.3305
    endloop
  endfacet
  facet normal -0.892805 0.370042 0.256843
    outer loop
      vertex -19.0077 51.1701 75.3305
      vertex -18.9424 51.1526 75.5827
      vertex -18.9086 51.4092 75.3305
    endloop
  endfacet
  facet normal 0.399276 0.306185 0.864193
    outer loop
      vertex 18.3814 51.1049 76.1239
      vertex 18.5772 51.2179 75.9934
      vertex 18.4805 51.344 75.9934
    endloop
  endfacet
  facet normal 0.56347 0.432098 0.704125
    outer loop
      vertex 18.4805 51.344 75.9934
      vertex 18.5772 51.2179 75.9934
      vertex 18.7371 51.3102 75.8088
    endloop
  endfacet
  facet normal 0.271572 0.656255 0.703973
    outer loop
      vertex 18.3018 51.5677 75.8953
      vertex 18.3544 51.4407 75.9934
      vertex 18.4237 51.5607 75.8548
    endloop
  endfacet
  facet normal 0.432275 0.563486 0.704004
    outer loop
      vertex 18.3544 51.4407 75.9934
      vertex 18.4523 51.558 75.8394
      vertex 18.4237 51.5607 75.8548
    endloop
  endfacet
  facet normal 0.432173 0.563568 0.704001
    outer loop
      vertex 18.4523 51.558 75.8394
      vertex 18.3544 51.4407 75.9934
      vertex 18.4805 51.344 75.9934
    endloop
  endfacet
  facet normal 0.240886 0.099695 0.96542
    outer loop
      vertex 18.1761 50.9473 76.1914
      vertex 18.4196 51.0126 76.1239
      vertex 18.3814 51.1049 76.1239
    endloop
  endfacet
  facet normal 0.258459 0.0341656 0.965418
    outer loop
      vertex 18.1761 50.9473 76.1914
      vertex 18.4327 50.9135 76.1239
      vertex 18.4196 51.0126 76.1239
    endloop
  endfacet
  facet normal 0.158612 0.206874 0.965425
    outer loop
      vertex 18.1423 51.0058 76.1914
      vertex 18.3206 51.1841 76.1239
      vertex 18.2413 51.2449 76.1239
    endloop
  endfacet
  facet normal 0.0339356 0.258432 0.965433
    outer loop
      vertex 18.05 51.2962 76.1239
      vertex 18.0838 51.0396 76.1914
      vertex 18.149 51.2832 76.1239
    endloop
  endfacet
  facet normal 0.0999088 0.240772 0.965426
    outer loop
      vertex 18.0838 51.0396 76.1914
      vertex 18.2413 51.2449 76.1239
      vertex 18.149 51.2832 76.1239
    endloop
  endfacet
  facet normal 0.206762 0.158726 0.96543
    outer loop
      vertex 18.1423 51.0058 76.1914
      vertex 18.3814 51.1049 76.1239
      vertex 18.3206 51.1841 76.1239
    endloop
  endfacet
  facet normal -0.192806 0.464648 0.86425
    outer loop
      vertex -18.3544 51.4407 75.9934
      vertex -18.2413 51.2449 76.1239
      vertex -18.149 51.2832 76.1239
    endloop
  endfacet
  facet normal -0.0999088 0.240772 0.965426
    outer loop
      vertex -18.2413 51.2449 76.1239
      vertex -18.0838 51.0396 76.1914
      vertex -18.149 51.2832 76.1239
    endloop
  endfacet
  facet normal -0.258459 0.0341656 0.965418
    outer loop
      vertex -18.4327 50.9135 76.1239
      vertex -18.1761 50.9473 76.1914
      vertex -18.4196 51.0126 76.1239
    endloop
  endfacet
  facet normal -0.4988 0.0659363 0.864205
    outer loop
      vertex -18.6588 50.9135 75.9934
      vertex -18.4327 50.9135 76.1239
      vertex -18.4196 51.0126 76.1239
    endloop
  endfacet
  facet normal -0.860415 0.113521 0.496789
    outer loop
      vertex -18.9424 51.1526 75.5827
      vertex -18.8434 50.9135 75.8088
      vertex -18.8163 51.1189 75.8088
    endloop
  endfacet
  facet normal -0.860506 0.113367 0.496666
    outer loop
      vertex -18.9739 50.9135 75.5827
      vertex -18.8434 50.9135 75.8088
      vertex -18.9424 51.1526 75.5827
    endloop
  endfacet
  facet normal 0.240612 0.100064 0.96545
    outer loop
      vertex 18.163 50.9788 76.1914
      vertex 18.1761 50.9473 76.1914
      vertex 18.3814 51.1049 76.1239
    endloop
  endfacet
  facet normal 0.0994934 0.24108 0.965392
    outer loop
      vertex 18.0838 51.0396 76.1914
      vertex 18.1153 51.0266 76.1914
      vertex 18.2413 51.2449 76.1239
    endloop
  endfacet
  facet normal 0.192806 0.464648 0.86425
    outer loop
      vertex 18.149 51.2832 76.1239
      vertex 18.2413 51.2449 76.1239
      vertex 18.3544 51.4407 75.9934
    endloop
  endfacet
  facet normal 0.306123 0.399195 0.864252
    outer loop
      vertex 18.2413 51.2449 76.1239
      vertex 18.4805 51.344 75.9934
      vertex 18.3544 51.4407 75.9934
    endloop
  endfacet
  facet normal -0.240886 0.099695 0.96542
    outer loop
      vertex -18.4196 51.0126 76.1239
      vertex -18.1761 50.9473 76.1914
      vertex -18.3814 51.1049 76.1239
    endloop
  endfacet
  facet normal -0.399027 0.306324 0.864258
    outer loop
      vertex -18.4805 51.344 75.9934
      vertex -18.3814 51.1049 76.1239
      vertex -18.3206 51.1841 76.1239
    endloop
  endfacet
  facet normal -0.258398 0.0336376 0.965453
    outer loop
      vertex -18.4327 50.9135 76.1239
      vertex -18.1805 50.9135 76.1914
      vertex -18.1761 50.9473 76.1914
    endloop
  endfacet
  facet normal -0.656092 0.271733 0.704063
    outer loop
      vertex -18.8163 51.1189 75.8088
      vertex -18.638 51.0711 75.9934
      vertex -18.5772 51.2179 75.9934
    endloop
  endfacet
  facet normal -0.704031 0.0929178 0.704064
    outer loop
      vertex -18.8163 51.1189 75.8088
      vertex -18.6588 50.9135 75.9934
      vertex -18.638 51.0711 75.9934
    endloop
  endfacet
  facet normal 0.20683 0.15857 0.965441
    outer loop
      vertex 18.1423 51.0058 76.1914
      vertex 18.163 50.9788 76.1914
      vertex 18.3814 51.1049 76.1239
    endloop
  endfacet
  facet normal -0.20683 0.15857 0.965441
    outer loop
      vertex -18.3814 51.1049 76.1239
      vertex -18.163 50.9788 76.1914
      vertex -18.1423 51.0058 76.1914
    endloop
  endfacet
  facet normal -0.258545 0 0.965999
    outer loop
      vertex -18.4327 29.4692 76.1239
      vertex -18.1805 50.9135 76.1914
      vertex -18.4327 50.9135 76.1239
    endloop
  endfacet
  facet normal -0.258545 0 0.965999
    outer loop
      vertex -18.1805 50.9135 76.1914
      vertex -18.4327 29.4692 76.1239
      vertex -18.1805 29.217 76.1914
    endloop
  endfacet
  facet normal -0.158612 0.206874 0.965425
    outer loop
      vertex -18.3206 51.1841 76.1239
      vertex -18.1423 51.0058 76.1914
      vertex -18.2413 51.2449 76.1239
    endloop
  endfacet
  facet normal -0.240612 0.100064 0.96545
    outer loop
      vertex -18.3814 51.1049 76.1239
      vertex -18.1761 50.9473 76.1914
      vertex -18.163 50.9788 76.1914
    endloop
  endfacet
  facet normal -0.15918 0.206628 0.965384
    outer loop
      vertex -18.2413 51.2449 76.1239
      vertex -18.1423 51.0058 76.1914
      vertex -18.1153 51.0266 76.1914
    endloop
  endfacet
  facet normal -0.0994934 0.24108 0.965392
    outer loop
      vertex -18.2413 51.2449 76.1239
      vertex -18.1153 51.0266 76.1914
      vertex -18.0838 51.0396 76.1914
    endloop
  endfacet
  facet normal 0.499399 0.864984 0.0490186
    outer loop
      vertex -39.0414 -0.0339732 13.1172
      vertex -2.13853 -21.354 13.3667
      vertex -2.1324 -21.3434 13.1172
    endloop
  endfacet
  facet normal 0.499398 0.864983 0.0490582
    outer loop
      vertex -2.13853 -21.354 13.3667
      vertex -39.0414 -0.0339732 13.1172
      vertex -39.0414 -0.0481238 13.3667
    endloop
  endfacet
  facet normal -0.499399 -0.864982 0.0490561
    outer loop
      vertex 0.400347 -16.9566 13.1172
      vertex -39.0414 5.8293 13.3667
      vertex -39.0414 5.81515 13.1172
    endloop
  endfacet
  facet normal -0.4994 -0.864984 0.0490126
    outer loop
      vertex -39.0414 5.8293 13.3667
      vertex 0.400347 -16.9566 13.1172
      vertex 0.406474 -16.946 13.3667
    endloop
  endfacet
  facet normal -0.0244247 -0.0423047 0.998806
    outer loop
      vertex -39.0414 2.89059 10.8217
      vertex -0.741299 -18.934 10.8339
      vertex -39.0414 3.17863 10.8339
    endloop
  endfacet
  facet normal -0.0244271 -0.042309 0.998806
    outer loop
      vertex -0.741299 -18.934 10.8339
      vertex -39.0414 2.89059 10.8217
      vertex -0.866025 -19.15 10.8217
    endloop
  endfacet
  facet normal 0.335751 0.581538 0.741002
    outer loop
      vertex -39.0414 0.812605 11.5671
      vertex -1.67329 -20.5482 11.3994
      vertex -39.0414 1.02629 11.3994
    endloop
  endfacet
  facet normal 0.33572 0.581483 0.74106
    outer loop
      vertex -1.67329 -20.5482 11.3994
      vertex -39.0414 0.812605 11.5671
      vertex -1.76582 -20.7085 11.5671
    endloop
  endfacet
  facet normal -0.335756 -0.581546 0.740994
    outer loop
      vertex -39.0414 4.75489 11.3994
      vertex 0.0337677 -17.5915 11.5671
      vertex -39.0414 4.96857 11.5671
    endloop
  endfacet
  facet normal -0.335721 -0.581484 0.741058
    outer loop
      vertex 0.0337677 -17.5915 11.5671
      vertex -39.0414 4.75489 11.3994
      vertex -0.0587601 -17.7518 11.3994
    endloop
  endfacet
  facet normal -0.213799 -0.370311 0.903969
    outer loop
      vertex -39.0414 4.01518 11.0154
      vertex -0.266173 -18.111 11.1222
      vertex -39.0414 4.27589 11.1222
    endloop
  endfacet
  facet normal -0.213756 -0.370235 0.90401
    outer loop
      vertex -0.266173 -18.111 11.1222
      vertex -39.0414 4.01518 11.0154
      vertex -0.379061 -18.3066 11.0154
    endloop
  endfacet
  facet normal 0.451953 0.782805 0.427732
    outer loop
      vertex -39.0414 0.298876 12.167
      vertex -2.04166 -21.1863 12.3927
      vertex -1.98827 -21.0938 12.167
    endloop
  endfacet
  facet normal 0.451968 0.782829 0.427673
    outer loop
      vertex -2.04166 -21.1863 12.3927
      vertex -39.0414 0.298876 12.167
      vertex -39.0414 0.175572 12.3927
    endloop
  endfacet
  facet normal 0.168376 0.291636 0.941593
    outer loop
      vertex -39.0414 1.76599 11.0154
      vertex -1.23541 -19.7898 10.9313
      vertex -39.0414 2.03752 10.9313
    endloop
  endfacet
  facet normal 0.168401 0.291679 0.941575
    outer loop
      vertex -1.23541 -19.7898 10.9313
      vertex -39.0414 1.76599 11.0154
      vertex -1.35299 -19.9934 11.0154
    endloop
  endfacet
  facet normal -0.428908 -0.74289 0.513957
    outer loop
      vertex 0.19202 -17.3174 11.9527
      vertex -39.0414 5.4823 12.167
      vertex -39.0414 5.33404 11.9527
    endloop
  endfacet
  facet normal -0.428904 -0.742883 0.51397
    outer loop
      vertex -39.0414 5.4823 12.167
      vertex 0.19202 -17.3174 11.9527
      vertex 0.256219 -17.2062 12.167
    endloop
  endfacet
  facet normal -0.401597 -0.695584 0.59572
    outer loop
      vertex 0.11763 -17.4463 11.7521
      vertex -39.0414 5.33404 11.9527
      vertex -39.0414 5.16224 11.7521
    endloop
  endfacet
  facet normal -0.401556 -0.695514 0.59583
    outer loop
      vertex -39.0414 5.33404 11.9527
      vertex 0.11763 -17.4463 11.7521
      vertex 0.19202 -17.3174 11.9527
    endloop
  endfacet
  facet normal -0.257054 -0.44523 0.857726
    outer loop
      vertex -39.0414 4.27589 11.1222
      vertex -0.159062 -17.9255 11.2506
      vertex -39.0414 4.52325 11.2506
    endloop
  endfacet
  facet normal -0.257068 -0.445255 0.857708
    outer loop
      vertex -0.159062 -17.9255 11.2506
      vertex -39.0414 4.27589 11.1222
      vertex -0.266173 -18.111 11.1222
    endloop
  endfacet
  facet normal 0.0732618 0.126893 -0.989207
    outer loop
      vertex -39.0414 2.31727 15.8628
      vertex -0.990752 -19.366 15.8994
      vertex -1.11428 -19.58 15.8628
    endloop
  endfacet
  facet normal 0.073274 0.126914 -0.989204
    outer loop
      vertex -0.990752 -19.366 15.8994
      vertex -39.0414 2.31727 15.8628
      vertex -39.0414 2.60254 15.8994
    endloop
  endfacet
  facet normal 0.485001 0.840047 0.243093
    outer loop
      vertex -39.0414 0.0784161 12.6279
      vertex -2.11407 -21.3117 12.8702
      vertex -2.08373 -21.2591 12.6279
    endloop
  endfacet
  facet normal 0.48502 0.840077 0.242954
    outer loop
      vertex -2.11407 -21.3117 12.8702
      vertex -39.0414 0.0784161 12.6279
      vertex -39.0414 0.0083418 12.8702
    endloop
  endfacet
  facet normal 0.494595 0.856662 0.146648
    outer loop
      vertex -39.0414 0.0083418 12.8702
      vertex -2.1324 -21.3434 13.1172
      vertex -2.11407 -21.3117 12.8702
    endloop
  endfacet
  facet normal 0.494586 0.856648 0.146757
    outer loop
      vertex -2.1324 -21.3434 13.1172
      vertex -39.0414 0.0083418 12.8702
      vertex -39.0414 -0.0339732 13.1172
    endloop
  endfacet
  facet normal 0.47082 0.815482 0.336626
    outer loop
      vertex -39.0414 0.175572 12.3927
      vertex -2.08373 -21.2591 12.6279
      vertex -2.04166 -21.1863 12.3927
    endloop
  endfacet
  facet normal 0.470782 0.815419 0.336832
    outer loop
      vertex -2.08373 -21.2591 12.6279
      vertex -39.0414 0.175572 12.3927
      vertex -39.0414 0.0784161 12.6279
    endloop
  endfacet
  facet normal 0.401555 0.695514 0.59583
    outer loop
      vertex -39.0414 0.618933 11.7521
      vertex -1.92407 -20.9826 11.9527
      vertex -1.84968 -20.8537 11.7521
    endloop
  endfacet
  facet normal 0.401601 0.695592 0.595709
    outer loop
      vertex -1.92407 -20.9826 11.9527
      vertex -39.0414 0.618933 11.7521
      vertex -39.0414 0.447138 11.9527
    endloop
  endfacet
  facet normal 0.370426 0.641595 0.67167
    outer loop
      vertex -39.0414 0.618933 11.7521
      vertex -1.76582 -20.7085 11.5671
      vertex -39.0414 0.812605 11.5671
    endloop
  endfacet
  facet normal 0.370473 0.641678 0.671565
    outer loop
      vertex -1.76582 -20.7085 11.5671
      vertex -39.0414 0.618933 11.7521
      vertex -1.84968 -20.8537 11.7521
    endloop
  endfacet
  facet normal 0.121517 0.210474 0.970018
    outer loop
      vertex -39.0414 2.03752 10.9313
      vertex -1.11428 -19.58 10.8706
      vertex -39.0414 2.31727 10.8706
    endloop
  endfacet
  facet normal 0.121524 0.210485 0.970015
    outer loop
      vertex -1.11428 -19.58 10.8706
      vertex -39.0414 2.03752 10.9313
      vertex -1.23541 -19.7898 10.9313
    endloop
  endfacet
  facet normal 0.0734699 0.127254 0.989145
    outer loop
      vertex -39.0414 2.31727 10.8706
      vertex -0.990752 -19.366 10.8339
      vertex -39.0414 2.60254 10.8339
    endloop
  endfacet
  facet normal 0.0734577 0.127232 0.989149
    outer loop
      vertex -0.990752 -19.366 10.8339
      vertex -39.0414 2.31727 10.8706
      vertex -1.11428 -19.58 10.8706
    endloop
  endfacet
  facet normal 0.0244238 0.0423032 0.998806
    outer loop
      vertex -39.0414 2.60254 10.8339
      vertex -0.866025 -19.15 10.8217
      vertex -39.0414 2.89059 10.8217
    endloop
  endfacet
  facet normal 0.024427 0.0423089 0.998806
    outer loop
      vertex -0.866025 -19.15 10.8217
      vertex -39.0414 2.60254 10.8339
      vertex -0.990752 -19.366 10.8339
    endloop
  endfacet
  facet normal 0.297876 0.515936 0.803168
    outer loop
      vertex -39.0414 1.02629 11.3994
      vertex -1.57299 -20.3745 11.2506
      vertex -39.0414 1.25793 11.2506
    endloop
  endfacet
  facet normal 0.297902 0.515982 0.803129
    outer loop
      vertex -1.57299 -20.3745 11.2506
      vertex -39.0414 1.02629 11.3994
      vertex -1.67329 -20.5482 11.3994
    endloop
  endfacet
  facet normal 0.213806 0.370323 0.903962
    outer loop
      vertex -39.0414 1.50529 11.1222
      vertex -1.35299 -19.9934 11.0154
      vertex -39.0414 1.76599 11.0154
    endloop
  endfacet
  facet normal 0.213755 0.370233 0.904011
    outer loop
      vertex -1.35299 -19.9934 11.0154
      vertex -39.0414 1.50529 11.1222
      vertex -1.46588 -20.189 11.1222
    endloop
  endfacet
  facet normal 0.257054 0.44523 0.857726
    outer loop
      vertex -39.0414 1.25793 11.2506
      vertex -1.46588 -20.189 11.1222
      vertex -39.0414 1.50529 11.1222
    endloop
  endfacet
  facet normal 0.257069 0.445256 0.857708
    outer loop
      vertex -1.46588 -20.189 11.1222
      vertex -39.0414 1.25793 11.2506
      vertex -1.57299 -20.3745 11.2506
    endloop
  endfacet
  facet normal -0.370428 -0.641598 0.671666
    outer loop
      vertex -39.0414 4.96857 11.5671
      vertex 0.11763 -17.4463 11.7521
      vertex -39.0414 5.16224 11.7521
    endloop
  endfacet
  facet normal -0.370472 -0.641676 0.671567
    outer loop
      vertex 0.11763 -17.4463 11.7521
      vertex -39.0414 4.96857 11.5671
      vertex 0.0337677 -17.5915 11.5671
    endloop
  endfacet
  facet normal -0.451969 -0.782834 0.427662
    outer loop
      vertex 0.256219 -17.2062 12.167
      vertex -39.0414 5.6056 12.3927
      vertex -39.0414 5.4823 12.167
    endloop
  endfacet
  facet normal -0.451952 -0.782804 0.427736
    outer loop
      vertex -39.0414 5.6056 12.3927
      vertex 0.256219 -17.2062 12.167
      vertex 0.309611 -17.1137 12.3927
    endloop
  endfacet
  facet normal -0.47078 -0.815415 0.336844
    outer loop
      vertex 0.309611 -17.1137 12.3927
      vertex -39.0414 5.70276 12.6279
      vertex -39.0414 5.6056 12.3927
    endloop
  endfacet
  facet normal -0.47082 -0.815482 0.336626
    outer loop
      vertex -39.0414 5.70276 12.6279
      vertex 0.309611 -17.1137 12.3927
      vertex 0.351681 -17.0409 12.6279
    endloop
  endfacet
  facet normal -0.485022 -0.84008 0.24294
    outer loop
      vertex 0.351681 -17.0409 12.6279
      vertex -39.0414 5.77283 12.8702
      vertex -39.0414 5.70276 12.6279
    endloop
  endfacet
  facet normal -0.485001 -0.840046 0.243099
    outer loop
      vertex -39.0414 5.77283 12.8702
      vertex 0.351681 -17.0409 12.6279
      vertex 0.382024 -16.9883 12.8702
    endloop
  endfacet
  facet normal -0.494585 -0.856646 0.146774
    outer loop
      vertex 0.382024 -16.9883 12.8702
      vertex -39.0414 5.81515 13.1172
      vertex -39.0414 5.77283 12.8702
    endloop
  endfacet
  facet normal -0.494596 -0.856664 0.146635
    outer loop
      vertex -39.0414 5.81515 13.1172
      vertex 0.382024 -16.9883 12.8702
      vertex 0.400347 -16.9566 13.1172
    endloop
  endfacet
  facet normal -0.297877 -0.515936 0.803168
    outer loop
      vertex -39.0414 4.52325 11.2506
      vertex -0.0587601 -17.7518 11.3994
      vertex -39.0414 4.75489 11.3994
    endloop
  endfacet
  facet normal -0.297902 -0.51598 0.803131
    outer loop
      vertex -0.0587601 -17.7518 11.3994
      vertex -39.0414 4.52325 11.2506
      vertex -0.159062 -17.9255 11.2506
    endloop
  endfacet
  facet normal -0.0734699 -0.127254 0.989145
    outer loop
      vertex -39.0414 3.17863 10.8339
      vertex -0.617773 -18.72 10.8706
      vertex -39.0414 3.4639 10.8706
    endloop
  endfacet
  facet normal -0.073458 -0.127233 0.989149
    outer loop
      vertex -0.617773 -18.72 10.8706
      vertex -39.0414 3.17863 10.8339
      vertex -0.741299 -18.934 10.8339
    endloop
  endfacet
  facet normal -0.121517 -0.210474 0.970018
    outer loop
      vertex -39.0414 3.4639 10.8706
      vertex -0.496638 -18.5102 10.9313
      vertex -39.0414 3.74365 10.9313
    endloop
  endfacet
  facet normal -0.121522 -0.210483 0.970015
    outer loop
      vertex -0.496638 -18.5102 10.9313
      vertex -39.0414 3.4639 10.8706
      vertex -0.617773 -18.72 10.8706
    endloop
  endfacet
  facet normal 0.257069 0.445256 -0.857708
    outer loop
      vertex -39.0414 1.25793 15.4828
      vertex -1.46588 -20.189 15.6112
      vertex -1.57299 -20.3745 15.4828
    endloop
  endfacet
  facet normal 0.257054 0.44523 -0.857726
    outer loop
      vertex -1.46588 -20.189 15.6112
      vertex -39.0414 1.25793 15.4828
      vertex -39.0414 1.50529 15.6112
    endloop
  endfacet
  facet normal 0.45199 0.782868 -0.427578
    outer loop
      vertex -2.04166 -21.1863 14.3406
      vertex -39.0414 0.298876 14.5664
      vertex -1.98827 -21.0938 14.5664
    endloop
  endfacet
  facet normal 0.452004 0.782892 -0.427519
    outer loop
      vertex -39.0414 0.298876 14.5664
      vertex -2.04166 -21.1863 14.3406
      vertex -39.0414 0.175572 14.3406
    endloop
  endfacet
  facet normal -0.48501 -0.840059 -0.243035
    outer loop
      vertex -39.0414 5.77283 13.8632
      vertex 0.351681 -17.0409 14.1054
      vertex -39.0414 5.70276 14.1054
    endloop
  endfacet
  facet normal -0.484989 -0.840025 -0.243193
    outer loop
      vertex 0.351681 -17.0409 14.1054
      vertex -39.0414 5.77283 13.8632
      vertex 0.382024 -16.9883 13.8632
    endloop
  endfacet
  facet normal 0.213591 0.36995 -0.904166
    outer loop
      vertex -39.0414 1.50529 15.6112
      vertex -1.35299 -19.9934 15.7179
      vertex -1.46588 -20.189 15.6112
    endloop
  endfacet
  facet normal 0.213642 0.37004 -0.904117
    outer loop
      vertex -1.35299 -19.9934 15.7179
      vertex -39.0414 1.50529 15.6112
      vertex -39.0414 1.76599 15.7179
    endloop
  endfacet
  facet normal 0.121524 0.210485 -0.970015
    outer loop
      vertex -39.0414 2.03752 15.8021
      vertex -1.11428 -19.58 15.8628
      vertex -1.23541 -19.7898 15.8021
    endloop
  endfacet
  facet normal 0.121517 0.210474 -0.970018
    outer loop
      vertex -1.11428 -19.58 15.8628
      vertex -39.0414 2.03752 15.8021
      vertex -39.0414 2.31727 15.8628
    endloop
  endfacet
  facet normal 0.428904 0.742882 0.513972
    outer loop
      vertex -39.0414 0.447138 11.9527
      vertex -1.98827 -21.0938 12.167
      vertex -1.92407 -20.9826 11.9527
    endloop
  endfacet
  facet normal 0.428907 0.742888 0.513962
    outer loop
      vertex -1.98827 -21.0938 12.167
      vertex -39.0414 0.447138 11.9527
      vertex -39.0414 0.298876 12.167
    endloop
  endfacet
  facet normal -0.168377 -0.291636 0.941593
    outer loop
      vertex -39.0414 3.74365 10.9313
      vertex -0.379061 -18.3066 11.0154
      vertex -39.0414 4.01518 11.0154
    endloop
  endfacet
  facet normal -0.168402 -0.291681 0.941575
    outer loop
      vertex -0.379061 -18.3066 11.0154
      vertex -39.0414 3.74365 10.9313
      vertex -0.496638 -18.5102 10.9313
    endloop
  endfacet
  facet normal 0.494599 0.85667 -0.14659
    outer loop
      vertex -2.1324 -21.3434 13.6161
      vertex -39.0414 0.0083418 13.8632
      vertex -2.11407 -21.3117 13.8632
    endloop
  endfacet
  facet normal 0.494591 0.856656 -0.146699
    outer loop
      vertex -39.0414 0.0083418 13.8632
      vertex -2.1324 -21.3434 13.6161
      vertex -39.0414 -0.0339732 13.6161
    endloop
  endfacet
  facet normal 0.499399 0.864983 -0.0490382
    outer loop
      vertex -2.13853 -21.354 13.3667
      vertex -39.0414 -0.0339732 13.6161
      vertex -2.1324 -21.3434 13.6161
    endloop
  endfacet
  facet normal 0.499397 0.864982 -0.0490778
    outer loop
      vertex -39.0414 -0.0339732 13.6161
      vertex -2.13853 -21.354 13.3667
      vertex -39.0414 -0.0481238 13.3667
    endloop
  endfacet
  facet normal -0.0246269 -0.0426549 -0.998786
    outer loop
      vertex -39.0414 2.89059 15.9117
      vertex -0.741299 -18.934 15.8994
      vertex -0.866025 -19.15 15.9117
    endloop
  endfacet
  facet normal -0.0246244 -0.0426506 -0.998787
    outer loop
      vertex -0.741299 -18.934 15.8994
      vertex -39.0414 2.89059 15.9117
      vertex -39.0414 3.17863 15.8994
    endloop
  endfacet
  facet normal -0.401597 -0.695584 -0.59572
    outer loop
      vertex -39.0414 5.33404 14.7806
      vertex 0.11763 -17.4463 14.9812
      vertex -39.0414 5.16224 14.9812
    endloop
  endfacet
  facet normal -0.401556 -0.695514 -0.59583
    outer loop
      vertex 0.11763 -17.4463 14.9812
      vertex -39.0414 5.33404 14.7806
      vertex 0.19202 -17.3174 14.7806
    endloop
  endfacet
  facet normal -0.452006 -0.782897 -0.427508
    outer loop
      vertex -39.0414 5.6056 14.3406
      vertex 0.256219 -17.2062 14.5664
      vertex -39.0414 5.4823 14.5664
    endloop
  endfacet
  facet normal -0.451988 -0.782867 -0.427581
    outer loop
      vertex 0.256219 -17.2062 14.5664
      vertex -39.0414 5.6056 14.3406
      vertex 0.309611 -17.1137 14.3406
    endloop
  endfacet
  facet normal -0.428855 -0.742799 -0.514133
    outer loop
      vertex -39.0414 5.4823 14.5664
      vertex 0.19202 -17.3174 14.7806
      vertex -39.0414 5.33404 14.7806
    endloop
  endfacet
  facet normal -0.428851 -0.742792 -0.514147
    outer loop
      vertex 0.19202 -17.3174 14.7806
      vertex -39.0414 5.4823 14.5664
      vertex 0.256219 -17.2062 14.5664
    endloop
  endfacet
  facet normal -0.499398 -0.864981 -0.0490757
    outer loop
      vertex -39.0414 5.8293 13.3667
      vertex 0.400347 -16.9566 13.6161
      vertex -39.0414 5.81515 13.6161
    endloop
  endfacet
  facet normal -0.4994 -0.864983 -0.0490322
    outer loop
      vertex 0.400347 -16.9566 13.6161
      vertex -39.0414 5.8293 13.3667
      vertex 0.406474 -16.946 13.3667
    endloop
  endfacet
  facet normal 0.47082 0.815482 -0.336626
    outer loop
      vertex -2.08373 -21.2591 14.1054
      vertex -39.0414 0.175572 14.3406
      vertex -2.04166 -21.1863 14.3406
    endloop
  endfacet
  facet normal 0.470782 0.815419 -0.336832
    outer loop
      vertex -39.0414 0.175572 14.3406
      vertex -2.08373 -21.2591 14.1054
      vertex -39.0414 0.0784161 14.1054
    endloop
  endfacet
  facet normal 0.48499 0.840027 -0.243187
    outer loop
      vertex -2.11407 -21.3117 13.8632
      vertex -39.0414 0.0784161 14.1054
      vertex -2.08373 -21.2591 14.1054
    endloop
  endfacet
  facet normal 0.485008 0.840056 -0.243049
    outer loop
      vertex -39.0414 0.0784161 14.1054
      vertex -2.11407 -21.3117 13.8632
      vertex -39.0414 0.0083418 13.8632
    endloop
  endfacet
  facet normal 0.401555 0.695514 -0.59583
    outer loop
      vertex -1.92407 -20.9826 14.7806
      vertex -39.0414 0.618933 14.9812
      vertex -1.84968 -20.8537 14.9812
    endloop
  endfacet
  facet normal 0.401601 0.695592 -0.595709
    outer loop
      vertex -39.0414 0.618933 14.9812
      vertex -1.92407 -20.9826 14.7806
      vertex -39.0414 0.447138 14.7806
    endloop
  endfacet
  facet normal 0.428851 0.742791 -0.514148
    outer loop
      vertex -1.98827 -21.0938 14.5664
      vertex -39.0414 0.447138 14.7806
      vertex -1.92407 -20.9826 14.7806
    endloop
  endfacet
  facet normal 0.428854 0.742796 -0.514138
    outer loop
      vertex -39.0414 0.447138 14.7806
      vertex -1.98827 -21.0938 14.5664
      vertex -39.0414 0.298876 14.5664
    endloop
  endfacet
  facet normal 0.0246268 0.0426549 -0.998786
    outer loop
      vertex -39.0414 2.60254 15.8994
      vertex -0.866025 -19.15 15.9117
      vertex -0.990752 -19.366 15.8994
    endloop
  endfacet
  facet normal 0.0246235 0.0426491 -0.998787
    outer loop
      vertex -0.866025 -19.15 15.9117
      vertex -39.0414 2.60254 15.8994
      vertex -39.0414 2.89059 15.9117
    endloop
  endfacet
  facet normal -0.0732622 -0.126893 -0.989207
    outer loop
      vertex -39.0414 3.17863 15.8994
      vertex -0.617773 -18.72 15.8628
      vertex -0.741299 -18.934 15.8994
    endloop
  endfacet
  facet normal -0.073274 -0.126914 -0.989204
    outer loop
      vertex -0.617773 -18.72 15.8628
      vertex -39.0414 3.17863 15.8994
      vertex -39.0414 3.4639 15.8628
    endloop
  endfacet
  facet normal -0.370562 -0.641832 -0.671368
    outer loop
      vertex -39.0414 4.96857 15.1663
      vertex 0.11763 -17.4463 14.9812
      vertex 0.0337677 -17.5915 15.1663
    endloop
  endfacet
  facet normal -0.370518 -0.641754 -0.671467
    outer loop
      vertex 0.11763 -17.4463 14.9812
      vertex -39.0414 4.96857 15.1663
      vertex -39.0414 5.16224 14.9812
    endloop
  endfacet
  facet normal -0.494589 -0.856654 -0.146716
    outer loop
      vertex -39.0414 5.81515 13.6161
      vertex 0.382024 -16.9883 13.8632
      vertex -39.0414 5.77283 13.8632
    endloop
  endfacet
  facet normal -0.4946 -0.856671 -0.146576
    outer loop
      vertex 0.382024 -16.9883 13.8632
      vertex -39.0414 5.81515 13.6161
      vertex 0.400347 -16.9566 13.6161
    endloop
  endfacet
  facet normal -0.47078 -0.815415 -0.336844
    outer loop
      vertex -39.0414 5.70276 14.1054
      vertex 0.309611 -17.1137 14.3406
      vertex -39.0414 5.6056 14.3406
    endloop
  endfacet
  facet normal -0.47082 -0.815482 -0.336626
    outer loop
      vertex 0.309611 -17.1137 14.3406
      vertex -39.0414 5.70276 14.1054
      vertex 0.351681 -17.0409 14.1054
    endloop
  endfacet
  facet normal 0.297902 0.515982 -0.803129
    outer loop
      vertex -39.0414 1.02629 15.334
      vertex -1.57299 -20.3745 15.4828
      vertex -1.67329 -20.5482 15.334
    endloop
  endfacet
  facet normal 0.297876 0.515936 -0.803168
    outer loop
      vertex -1.57299 -20.3745 15.4828
      vertex -39.0414 1.02629 15.334
      vertex -39.0414 1.25793 15.4828
    endloop
  endfacet
  facet normal 0.370563 0.641834 -0.671366
    outer loop
      vertex -39.0414 0.618933 14.9812
      vertex -1.76582 -20.7085 15.1663
      vertex -1.84968 -20.8537 14.9812
    endloop
  endfacet
  facet normal 0.370516 0.641751 -0.671471
    outer loop
      vertex -1.76582 -20.7085 15.1663
      vertex -39.0414 0.618933 14.9812
      vertex -39.0414 0.812605 15.1663
    endloop
  endfacet
  facet normal 0.33572 0.581483 -0.74106
    outer loop
      vertex -39.0414 0.812605 15.1663
      vertex -1.67329 -20.5482 15.334
      vertex -1.76582 -20.7085 15.1663
    endloop
  endfacet
  facet normal 0.335751 0.581538 -0.741002
    outer loop
      vertex -1.67329 -20.5482 15.334
      vertex -39.0414 0.812605 15.1663
      vertex -39.0414 1.02629 15.334
    endloop
  endfacet
  facet normal -0.121522 -0.210483 -0.970015
    outer loop
      vertex -39.0414 3.4639 15.8628
      vertex -0.496638 -18.5102 15.8021
      vertex -0.617773 -18.72 15.8628
    endloop
  endfacet
  facet normal -0.121517 -0.210474 -0.970018
    outer loop
      vertex -0.496638 -18.5102 15.8021
      vertex -39.0414 3.4639 15.8628
      vertex -39.0414 3.74365 15.8021
    endloop
  endfacet
  facet normal -0.335721 -0.581484 -0.741058
    outer loop
      vertex -39.0414 4.75489 15.334
      vertex 0.0337677 -17.5915 15.1663
      vertex -0.0587601 -17.7518 15.334
    endloop
  endfacet
  facet normal -0.335756 -0.581546 -0.740994
    outer loop
      vertex 0.0337677 -17.5915 15.1663
      vertex -39.0414 4.75489 15.334
      vertex -39.0414 4.96857 15.1663
    endloop
  endfacet
  facet normal -0.257068 -0.445255 -0.857708
    outer loop
      vertex -39.0414 4.27589 15.6112
      vertex -0.159062 -17.9255 15.4828
      vertex -0.266173 -18.111 15.6112
    endloop
  endfacet
  facet normal -0.257054 -0.44523 -0.857726
    outer loop
      vertex -0.159062 -17.9255 15.4828
      vertex -39.0414 4.27589 15.6112
      vertex -39.0414 4.52325 15.4828
    endloop
  endfacet
  facet normal 0.168578 0.291987 -0.941448
    outer loop
      vertex -39.0414 1.76599 15.7179
      vertex -1.23541 -19.7898 15.8021
      vertex -1.35299 -19.9934 15.7179
    endloop
  endfacet
  facet normal 0.168554 0.291944 -0.941466
    outer loop
      vertex -1.23541 -19.7898 15.8021
      vertex -39.0414 1.76599 15.7179
      vertex -39.0414 2.03752 15.8021
    endloop
  endfacet
  facet normal -0.297902 -0.51598 -0.803131
    outer loop
      vertex -39.0414 4.52325 15.4828
      vertex -0.0587601 -17.7518 15.334
      vertex -0.159062 -17.9255 15.4828
    endloop
  endfacet
  facet normal -0.297877 -0.515936 -0.803168
    outer loop
      vertex -0.0587601 -17.7518 15.334
      vertex -39.0414 4.52325 15.4828
      vertex -39.0414 4.75489 15.334
    endloop
  endfacet
  facet normal -0.213592 -0.369951 -0.904165
    outer loop
      vertex -39.0414 4.01518 15.7179
      vertex -0.266173 -18.111 15.6112
      vertex -0.379061 -18.3066 15.7179
    endloop
  endfacet
  facet normal -0.213636 -0.370028 -0.904123
    outer loop
      vertex -0.266173 -18.111 15.6112
      vertex -39.0414 4.01518 15.7179
      vertex -39.0414 4.27589 15.6112
    endloop
  endfacet
  facet normal -0.16858 -0.291988 -0.941448
    outer loop
      vertex -39.0414 3.74365 15.8021
      vertex -0.379061 -18.3066 15.7179
      vertex -0.496638 -18.5102 15.8021
    endloop
  endfacet
  facet normal -0.168554 -0.291944 -0.941466
    outer loop
      vertex -0.379061 -18.3066 15.7179
      vertex -39.0414 3.74365 15.8021
      vertex -39.0414 4.01518 15.7179
    endloop
  endfacet
  facet normal 0.898653 0.43677 0.0406806
    outer loop
      vertex -2.14853 -21.3714 13.3667
      vertex -1.09405 -23.5278 13.2251
      vertex -2.14235 -21.3607 13.1153
    endloop
  endfacet
  facet normal 0.89865 0.436755 0.0409005
    outer loop
      vertex -1.09405 -23.5278 13.2251
      vertex -2.14853 -21.3714 13.3667
      vertex -1.09753 -23.5339 13.3667
    endloop
  endfacet
  facet normal 0.898654 0.43677 0.0406645
    outer loop
      vertex -2.14235 -21.3607 13.1153
      vertex -1.09405 -23.5278 13.2251
      vertex -1.08811 -23.5175 12.9832
    endloop
  endfacet
  facet normal 0.206685 -0.761806 -0.613948
    outer loop
      vertex 0.0408388 -17.5793 15.1804
      vertex 2.09958 -17.9963 16.3909
      vertex -0.0524163 -17.7408 15.3494
    endloop
  endfacet
  facet normal 0.206752 -0.76172 -0.614032
    outer loop
      vertex 2.09958 -17.9963 16.3909
      vertex 0.0408388 -17.5793 15.1804
      vertex 2.15211 -17.9053 16.2957
    endloop
  endfacet
  facet normal 0.731712 0.147613 0.665438
    outer loop
      vertex -1.67963 -20.5592 11.3839
      vertex -0.325405 -22.1965 10.258
      vertex -1.57854 -20.3841 11.2339
    endloop
  endfacet
  facet normal 0.731558 0.147325 0.665671
    outer loop
      vertex -0.325405 -22.1965 10.258
      vertex -1.67963 -20.5592 11.3839
      vertex -0.382347 -22.2951 10.3424
    endloop
  endfacet
  facet normal 0.886747 0.416116 -0.201313
    outer loop
      vertex -2.0933 -21.2757 14.1112
      vertex -1.01329 -23.388 14.5023
      vertex -1.04271 -23.4389 14.2675
    endloop
  endfacet
  facet normal 0.1779 -0.811651 0.556395
    outer loop
      vertex 0.0408388 -17.5793 11.5529
      vertex 2.24182 -17.7499 10.6003
      vertex 2.32312 -17.6091 10.7797
    endloop
  endfacet
  facet normal 0.791913 0.251861 -0.556273
    outer loop
      vertex -1.77289 -20.7207 15.1804
      vertex -0.524584 -22.5415 16.1331
      vertex -0.605892 -22.6823 15.9536
    endloop
  endfacet
  facet normal 0.0750505 -0.989734 0.121628
    outer loop
      vertex 0.391831 -16.9713 12.8663
      vertex 2.78757 -16.8047 12.7437
      vertex 0.410299 -16.9393 13.1153
    endloop
  endfacet
  facet normal 0.0750417 -0.989761 0.12142
    outer loop
      vertex 2.78757 -16.8047 12.7437
      vertex 0.391831 -16.9713 12.8663
      vertex 2.77717 -16.8227 12.6034
    endloop
  endfacet
  facet normal 0.345346 -0.5216 0.780173
    outer loop
      vertex -0.375234 -18.2999 10.9969
      vertex 1.4932 -19.0466 9.67061
      vertex 1.6072 -18.8491 9.75219
    endloop
  endfacet
  facet normal 0.791828 0.251741 0.556449
    outer loop
      vertex -1.77289 -20.7207 11.5529
      vertex -0.605892 -22.6823 10.7797
      vertex -0.524584 -22.5415 10.6003
    endloop
  endfacet
  facet normal 0.731727 0.147634 0.665417
    outer loop
      vertex -1.57854 -20.3841 11.2339
      vertex -0.325405 -22.1965 10.258
      vertex -0.228158 -22.0281 10.1137
    endloop
  endfacet
  facet normal 0.697845 0.0889451 0.710704
    outer loop
      vertex -1.57854 -20.3841 11.2339
      vertex -0.16735 -21.9227 10.0408
      vertex -1.47059 -20.1971 11.1045
    endloop
  endfacet
  facet normal 0.697848 0.0889503 0.710701
    outer loop
      vertex -0.16735 -21.9227 10.0408
      vertex -1.57854 -20.3841 11.2339
      vertex -0.228158 -22.0281 10.1137
    endloop
  endfacet
  facet normal 0.874952 0.395695 0.27908
    outer loop
      vertex -2.0933 -21.2757 12.6221
      vertex -0.989411 -23.3466 12.0975
      vertex -2.0509 -21.2023 12.3851
    endloop
  endfacet
  facet normal 0.874932 0.395655 0.279196
    outer loop
      vertex -0.989411 -23.3466 12.0975
      vertex -2.0933 -21.2757 12.6221
      vertex -1.01329 -23.388 12.231
    endloop
  endfacet
  facet normal 0.859372 0.368704 0.354313
    outer loop
      vertex -2.0509 -21.2023 12.3851
      vertex -0.948623 -23.276 11.8695
      vertex -0.896857 -23.1863 11.6506
    endloop
  endfacet
  facet normal 0.0750553 -0.98973 -0.121661
    outer loop
      vertex 0.410299 -16.9393 13.6181
      vertex 2.80534 -16.7739 13.7501
      vertex 2.78757 -16.8047 13.9897
    endloop
  endfacet
  facet normal 0.345315 -0.521652 -0.780152
    outer loop
      vertex -0.375234 -18.2999 15.7364
      vertex 1.6072 -18.8491 16.9811
      vertex 1.4932 -19.0466 17.0627
    endloop
  endfacet
  facet normal 0.545635 -0.174702 -0.819611
    outer loop
      vertex -0.991732 -19.3677 15.9193
      vertex 0.666881 -20.4778 17.2601
      vertex 0.547118 -20.6853 17.2246
    endloop
  endfacet
  facet normal 0.697848 0.0889503 -0.710701
    outer loop
      vertex -1.57854 -20.3841 15.4994
      vertex -0.16735 -21.9227 16.6925
      vertex -0.228158 -22.0281 16.6196
    endloop
  endfacet
  facet normal 0.697845 0.0889451 -0.710704
    outer loop
      vertex -0.16735 -21.9227 16.6925
      vertex -1.57854 -20.3841 15.4994
      vertex -1.47059 -20.1971 15.6288
    endloop
  endfacet
  facet normal 0.817606 0.296367 -0.493646
    outer loop
      vertex -1.93238 -20.997 14.7917
      vertex -0.695733 -22.8379 15.7347
      vertex -0.767856 -22.9629 15.5402
    endloop
  endfacet
  facet normal 0.89468 0.429886 -0.121436
    outer loop
      vertex -2.14235 -21.3607 13.6181
      vertex -1.07034 -23.4868 13.9897
      vertex -1.08811 -23.5175 13.7501
    endloop
  endfacet
  facet normal 0.585651 -0.105352 -0.803688
    outer loop
      vertex -1.23832 -19.7948 15.8212
      vertex 0.476992 -20.8067 17.2038
      vertex 0.408223 -20.9258 17.1693
    endloop
  endfacet
  facet normal 0.585579 -0.105515 -0.803719
    outer loop
      vertex 0.476992 -20.8067 17.2038
      vertex -1.23832 -19.7948 15.8212
      vertex -1.11623 -19.5834 15.8824
    endloop
  endfacet
  facet normal 0.624529 -0.0380212 -0.780076
    outer loop
      vertex -1.35682 -20.0001 15.7364
      vertex 0.290778 -21.1292 17.1105
      vertex 0.224029 -21.2449 17.0627
    endloop
  endfacet
  facet normal 0.624451 -0.0382 -0.780129
    outer loop
      vertex 0.290778 -21.1292 17.1105
      vertex -1.35682 -20.0001 15.7364
      vertex -1.23832 -19.7948 15.8212
    endloop
  endfacet
  facet normal 0.898653 0.43677 -0.0406813
    outer loop
      vertex -2.14235 -21.3607 13.6181
      vertex -1.08811 -23.5175 13.7501
      vertex -1.09405 -23.5278 13.5083
    endloop
  endfacet
  facet normal 0.898653 0.43677 -0.0406806
    outer loop
      vertex -1.09405 -23.5278 13.5083
      vertex -2.14853 -21.3714 13.3667
      vertex -2.14235 -21.3607 13.6181
    endloop
  endfacet
  facet normal 0.89865 0.436755 -0.0409005
    outer loop
      vertex -2.14853 -21.3714 13.3667
      vertex -1.09405 -23.5278 13.5083
      vertex -1.09753 -23.5339 13.3667
    endloop
  endfacet
  facet normal 0.894678 0.429876 0.121485
    outer loop
      vertex -2.14235 -21.3607 13.1153
      vertex -1.08811 -23.5175 12.9832
      vertex -1.07034 -23.4868 12.7437
    endloop
  endfacet
  facet normal 0.424062 -0.385274 0.819595
    outer loop
      vertex -0.740319 -18.9323 10.814
      vertex 1.05035 -19.8136 9.47322
      vertex 1.17011 -19.6062 9.50875
    endloop
  endfacet
  facet normal 0.791824 0.251736 0.556456
    outer loop
      vertex -1.85741 -20.8671 11.7394
      vertex -0.605892 -22.6823 10.7797
      vertex -1.77289 -20.7207 11.5529
    endloop
  endfacet
  facet normal 0.791738 0.251572 0.556653
    outer loop
      vertex -0.605892 -22.6823 10.7797
      vertex -1.85741 -20.8671 11.7394
      vertex -0.653501 -22.7648 10.8847
    endloop
  endfacet
  facet normal 0.545793 -0.174438 0.819562
    outer loop
      vertex -1.11623 -19.5834 10.851
      vertex 0.547118 -20.6853 9.50875
      vertex -0.991732 -19.3677 10.814
    endloop
  endfacet
  facet normal 0.545651 -0.174699 0.8196
    outer loop
      vertex 0.547118 -20.6853 9.50875
      vertex -1.11623 -19.5834 10.851
      vertex 0.476992 -20.8067 9.52956
    endloop
  endfacet
  facet normal 0.840221 0.335547 0.425954
    outer loop
      vertex -1.99709 -21.1091 12.1575
      vertex -0.866546 -23.1338 11.5224
      vertex -0.804302 -23.026 11.3147
    endloop
  endfacet
  facet normal 0.886737 0.416118 0.201354
    outer loop
      vertex -2.12388 -21.3287 12.8663
      vertex -1.04271 -23.4389 12.4659
      vertex -2.0933 -21.2757 12.6221
    endloop
  endfacet
  facet normal 0.886711 0.41606 0.201587
    outer loop
      vertex -1.04271 -23.4389 12.4659
      vertex -2.12388 -21.3287 12.8663
      vertex -1.05994 -23.4688 12.6034
    endloop
  endfacet
  facet normal 0.886756 0.416136 0.201233
    outer loop
      vertex -2.0933 -21.2757 12.6221
      vertex -1.04271 -23.4389 12.4659
      vertex -1.01329 -23.388 12.231
    endloop
  endfacet
  facet normal 0.874957 0.395701 0.279054
    outer loop
      vertex -2.0509 -21.2023 12.3851
      vertex -0.989411 -23.3466 12.0975
      vertex -0.948623 -23.276 11.8695
    endloop
  endfacet
  facet normal 0.094795 -0.955602 -0.278995
    outer loop
      vertex 0.36125 -17.0243 14.1112
      vertex 2.70664 -16.9448 14.6358
      vertex 0.31885 -17.0977 14.3482
    endloop
  endfacet
  facet normal 0.0947329 -0.955693 -0.278704
    outer loop
      vertex 2.70664 -16.9448 14.6358
      vertex 0.36125 -17.0243 14.1112
      vertex 2.73053 -16.9035 14.5023
    endloop
  endfacet
  facet normal 0.0710709 -0.99664 -0.0407082
    outer loop
      vertex 0.410299 -16.9393 13.6181
      vertex 2.81128 -16.7636 13.5083
      vertex 2.80534 -16.7739 13.7501
    endloop
  endfacet
  facet normal 0.152081 -0.856341 -0.493509
    outer loop
      vertex 0.200334 -17.303 14.7917
      vertex 2.48509 -17.3286 15.5402
      vertex 2.41296 -17.4535 15.7347
    endloop
  endfacet
  facet normal 0.206719 -0.761768 -0.613985
    outer loop
      vertex 0.0408388 -17.5793 15.1804
      vertex 2.24182 -17.7499 16.1331
      vertex 2.15211 -17.9053 16.2957
    endloop
  endfacet
  facet normal 0.0830347 -0.975946 -0.201581
    outer loop
      vertex 0.36125 -17.0243 14.1112
      vertex 2.75994 -16.8525 14.2675
      vertex 2.73053 -16.9035 14.5023
    endloop
  endfacet
  facet normal 0.0948283 -0.955503 -0.279325
    outer loop
      vertex 0.31885 -17.0977 14.3482
      vertex 2.70664 -16.9448 14.6358
      vertex 2.66585 -17.0155 14.8638
    endloop
  endfacet
  facet normal 0.238062 -0.707482 -0.665429
    outer loop
      vertex -0.0524163 -17.7408 15.3494
      vertex 2.04264 -18.0949 16.4754
      vertex -0.153507 -17.9159 15.4994
    endloop
  endfacet
  facet normal 0.237983 -0.70761 -0.665321
    outer loop
      vertex 2.04264 -18.0949 16.4754
      vertex -0.0524163 -17.7408 15.3494
      vertex 2.09958 -17.9963 16.3909
    endloop
  endfacet
  facet normal 0.424141 -0.385129 -0.819622
    outer loop
      vertex 1.17011 -19.6062 17.2246
      vertex -0.615822 -18.7166 15.8824
      vertex 1.24024 -19.4847 17.2038
    endloop
  endfacet
  facet normal 0.42419 -0.385048 -0.819634
    outer loop
      vertex -0.615822 -18.7166 15.8824
      vertex 1.17011 -19.6062 17.2246
      vertex -0.740319 -18.9323 15.9193
    endloop
  endfacet
  facet normal 0.505207 -0.244723 -0.827573
    outer loop
      vertex -0.991732 -19.3677 15.9193
      vertex 0.787808 -20.2684 17.272
      vertex 0.666881 -20.4778 17.2601
    endloop
  endfacet
  facet normal 0.763075 0.201904 -0.613964
    outer loop
      vertex -1.77289 -20.7207 15.1804
      vertex -0.434875 -22.3861 16.2957
      vertex -0.524584 -22.5415 16.1331
    endloop
  endfacet
  facet normal 0.859372 0.368704 -0.354313
    outer loop
      vertex -2.0509 -21.2023 14.3482
      vertex -0.896857 -23.1863 15.0827
      vertex -0.948623 -23.276 14.8638
    endloop
  endfacet
  facet normal 0.874952 0.395695 -0.27908
    outer loop
      vertex -0.989411 -23.3466 14.6358
      vertex -2.0933 -21.2757 14.1112
      vertex -2.0509 -21.2023 14.3482
    endloop
  endfacet
  facet normal 0.874932 0.395655 -0.279196
    outer loop
      vertex -2.0933 -21.2757 14.1112
      vertex -0.989411 -23.3466 14.6358
      vertex -1.01329 -23.388 14.5023
    endloop
  endfacet
  facet normal 0.66195 0.0267678 -0.74907
    outer loop
      vertex -1.47059 -20.1971 15.6288
      vertex 0.000584579 -21.6319 16.8776
      vertex -0.0635024 -21.7429 16.817
    endloop
  endfacet
  facet normal 0.661979 0.0268205 -0.749043
    outer loop
      vertex 0.000584579 -21.6319 16.8776
      vertex -1.47059 -20.1971 15.6288
      vertex -1.35682 -20.0001 15.7364
    endloop
  endfacet
  facet normal 0.545612 -0.174741 -0.819617
    outer loop
      vertex -1.11623 -19.5834 15.8824
      vertex 0.547118 -20.6853 17.2246
      vertex 0.476992 -20.8067 17.2038
    endloop
  endfacet
  facet normal 0.545627 -0.174714 -0.819613
    outer loop
      vertex 0.547118 -20.6853 17.2246
      vertex -1.11623 -19.5834 15.8824
      vertex -0.991732 -19.3677 15.9193
    endloop
  endfacet
  facet normal 0.585477 -0.105702 -0.803769
    outer loop
      vertex -1.23832 -19.7948 15.8212
      vertex 0.408223 -20.9258 17.1693
      vertex 0.290778 -21.1292 17.1105
    endloop
  endfacet
  facet normal 0.894677 0.429857 -0.121555
    outer loop
      vertex -1.07034 -23.4868 13.9897
      vertex -2.12388 -21.3287 13.8671
      vertex -1.05994 -23.4688 14.1299
    endloop
  endfacet
  facet normal 0.894673 0.429852 -0.121606
    outer loop
      vertex -2.12388 -21.3287 13.8671
      vertex -1.07034 -23.4868 13.9897
      vertex -2.14235 -21.3607 13.6181
    endloop
  endfacet
  facet normal 0.0710621 -0.99665 0.0404845
    outer loop
      vertex 0.416474 -16.9286 13.3667
      vertex 2.81128 -16.7636 13.2251
      vertex 2.81476 -16.7576 13.3667
    endloop
  endfacet
  facet normal 0.0710726 -0.996642 0.040673
    outer loop
      vertex 2.81128 -16.7636 13.2251
      vertex 0.416474 -16.9286 13.3667
      vertex 0.410299 -16.9393 13.1153
    endloop
  endfacet
  facet normal 0.0830224 -0.975964 0.2015
    outer loop
      vertex 0.36125 -17.0243 12.6221
      vertex 2.73053 -16.9035 12.231
      vertex 2.75994 -16.8525 12.4659
    endloop
  endfacet
  facet normal 0.129485 -0.895438 0.42594
    outer loop
      vertex 0.265039 -17.1909 12.1575
      vertex 2.52153 -17.2655 11.3147
      vertex 2.58378 -17.1577 11.5224
    endloop
  endfacet
  facet normal 0.11031 -0.928645 0.354191
    outer loop
      vertex 0.265039 -17.1909 12.1575
      vertex 2.61409 -17.1052 11.6506
      vertex 0.31885 -17.0977 12.3851
    endloop
  endfacet
  facet normal 0.110314 -0.928636 0.354211
    outer loop
      vertex 2.61409 -17.1052 11.6506
      vertex 0.265039 -17.1909 12.1575
      vertex 2.58378 -17.1577 11.5224
    endloop
  endfacet
  facet normal 0.110378 -0.928556 0.354401
    outer loop
      vertex 0.31885 -17.0977 12.3851
      vertex 2.61409 -17.1052 11.6506
      vertex 2.66585 -17.0155 11.8695
    endloop
  endfacet
  facet normal 0.152153 -0.856241 0.493661
    outer loop
      vertex 0.12536 -17.4329 11.7394
      vertex 2.41296 -17.4535 10.9986
      vertex 0.200334 -17.303 11.9416
    endloop
  endfacet
  facet normal 0.152197 -0.856155 0.493795
    outer loop
      vertex 2.41296 -17.4535 10.9986
      vertex 0.12536 -17.4329 11.7394
      vertex 2.37073 -17.5267 10.8847
    endloop
  endfacet
  facet normal 0.206696 -0.761765 0.613995
    outer loop
      vertex 0.0408388 -17.5793 11.5529
      vertex 2.15211 -17.9053 10.4377
      vertex 2.24182 -17.7499 10.6003
    endloop
  endfacet
  facet normal 0.238037 -0.707479 0.665441
    outer loop
      vertex 2.04264 -18.0949 10.258
      vertex -0.0524163 -17.7408 11.3839
      vertex -0.153507 -17.9159 11.2339
    endloop
  endfacet
  facet normal 0.23816 -0.707282 0.665607
    outer loop
      vertex -0.0524163 -17.7408 11.3839
      vertex 2.04264 -18.0949 10.258
      vertex 2.09958 -17.9963 10.3424
    endloop
  endfacet
  facet normal 0.30766 -0.586872 0.74895
    outer loop
      vertex -0.375234 -18.2999 10.9969
      vertex 1.6072 -18.8491 9.75219
      vertex 1.71665 -18.6596 9.85572
    endloop
  endfacet
  facet normal 0.206685 -0.761806 0.613948
    outer loop
      vertex 2.09958 -17.9963 10.3424
      vertex 0.0408388 -17.5793 11.5529
      vertex -0.0524163 -17.7408 11.3839
    endloop
  endfacet
  facet normal 0.20654 -0.761993 0.613765
    outer loop
      vertex 0.0408388 -17.5793 11.5529
      vertex 2.09958 -17.9963 10.3424
      vertex 2.15211 -17.9053 10.4377
    endloop
  endfacet
  facet normal 0.46458 -0.31509 0.827577
    outer loop
      vertex -0.740319 -18.9323 10.814
      vertex 0.929424 -20.0231 9.46134
      vertex 1.05035 -19.8136 9.47322
    endloop
  endfacet
  facet normal 0.763061 0.201923 0.613975
    outer loop
      vertex -1.77289 -20.7207 11.5529
      vertex -0.524584 -22.5415 10.6003
      vertex -0.434875 -22.3861 10.4377
    endloop
  endfacet
  facet normal 0.763059 0.201871 0.613994
    outer loop
      vertex -1.77289 -20.7207 11.5529
      vertex -0.382347 -22.2951 10.3424
      vertex -1.67963 -20.5592 11.3839
    endloop
  endfacet
  facet normal 0.763189 0.202191 0.613727
    outer loop
      vertex -0.382347 -22.2951 10.3424
      vertex -1.77289 -20.7207 11.5529
      vertex -0.434875 -22.3861 10.4377
    endloop
  endfacet
  facet normal 0.661997 0.0268569 0.749025
    outer loop
      vertex -1.35682 -20.0001 10.9969
      vertex 0.000584579 -21.6319 9.85572
      vertex 0.110033 -21.4423 9.75219
    endloop
  endfacet
  facet normal 0.585532 -0.105583 0.803744
    outer loop
      vertex -1.23832 -19.7948 10.9121
      vertex 0.290778 -21.1292 9.62285
      vertex 0.408223 -20.9258 9.56401
    endloop
  endfacet
  facet normal 0.505267 -0.244638 0.827561
    outer loop
      vertex -0.866025 -19.15 10.8017
      vertex 0.787808 -20.2684 9.46134
      vertex 0.858616 -20.1457 9.45438
    endloop
  endfacet
  facet normal 0.505103 -0.244905 0.827582
    outer loop
      vertex 0.787808 -20.2684 9.46134
      vertex -0.866025 -19.15 10.8017
      vertex -0.991732 -19.3677 10.814
    endloop
  endfacet
  facet normal 0.817606 0.296367 0.493646
    outer loop
      vertex -1.93238 -20.997 11.9416
      vertex -0.767856 -22.9629 11.1931
      vertex -0.695733 -22.8379 10.9986
    endloop
  endfacet
  facet normal 0.840204 0.335499 0.426026
    outer loop
      vertex -1.99709 -21.1091 12.1575
      vertex -0.767856 -22.9629 11.1931
      vertex -1.93238 -20.997 11.9416
    endloop
  endfacet
  facet normal 0.840221 0.335549 0.425952
    outer loop
      vertex -0.767856 -22.9629 11.1931
      vertex -1.99709 -21.1091 12.1575
      vertex -0.804302 -23.026 11.3147
    endloop
  endfacet
  facet normal 0.859397 0.368766 0.354188
    outer loop
      vertex -2.0509 -21.2023 12.3851
      vertex -0.866546 -23.1338 11.5224
      vertex -1.99709 -21.1091 12.1575
    endloop
  endfacet
  facet normal 0.859394 0.368758 0.354203
    outer loop
      vertex -0.866546 -23.1338 11.5224
      vertex -2.0509 -21.2023 12.3851
      vertex -0.896857 -23.1863 11.6506
    endloop
  endfacet
  facet normal 0.894673 0.429852 0.121606
    outer loop
      vertex -1.07034 -23.4868 12.7437
      vertex -2.12388 -21.3287 12.8663
      vertex -2.14235 -21.3607 13.1153
    endloop
  endfacet
  facet normal 0.894684 0.429866 0.12147
    outer loop
      vertex -2.12388 -21.3287 12.8663
      vertex -1.07034 -23.4868 12.7437
      vertex -1.05994 -23.4688 12.6034
    endloop
  endfacet
  facet normal 0.177838 -0.811785 -0.556218
    outer loop
      vertex 0.0408388 -17.5793 15.1804
      vertex 2.32312 -17.6091 15.9536
      vertex 2.24182 -17.7499 16.1331
    endloop
  endfacet
  facet normal 0.152197 -0.856155 -0.493795
    outer loop
      vertex 0.12536 -17.4329 14.9939
      vertex 2.41296 -17.4535 15.7347
      vertex 2.37073 -17.5267 15.8486
    endloop
  endfacet
  facet normal 0.152153 -0.856241 -0.493661
    outer loop
      vertex 2.41296 -17.4535 15.7347
      vertex 0.12536 -17.4329 14.9939
      vertex 0.200334 -17.303 14.7917
    endloop
  endfacet
  facet normal 0.110314 -0.928636 -0.354211
    outer loop
      vertex 0.265039 -17.1909 14.5758
      vertex 2.61409 -17.1052 15.0827
      vertex 2.58378 -17.1577 15.2109
    endloop
  endfacet
  facet normal 0.11031 -0.928645 -0.354191
    outer loop
      vertex 2.61409 -17.1052 15.0827
      vertex 0.265039 -17.1909 14.5758
      vertex 0.31885 -17.0977 14.3482
    endloop
  endfacet
  facet normal 0.110378 -0.928556 -0.354401
    outer loop
      vertex 0.31885 -17.0977 14.3482
      vertex 2.66585 -17.0155 14.8638
      vertex 2.61409 -17.1052 15.0827
    endloop
  endfacet
  facet normal 0.0830308 -0.975962 -0.201503
    outer loop
      vertex 0.391831 -16.9713 13.8671
      vertex 2.75994 -16.8525 14.2675
      vertex 0.36125 -17.0243 14.1112
    endloop
  endfacet
  facet normal 0.0829515 -0.976073 -0.201001
    outer loop
      vertex 2.75994 -16.8525 14.2675
      vertex 0.391831 -16.9713 13.8671
      vertex 2.77717 -16.8227 14.1299
    endloop
  endfacet
  facet normal 0.238207 -0.707178 -0.6657
    outer loop
      vertex -0.153507 -17.9159 15.4994
      vertex 2.04264 -18.0949 16.4754
      vertex 1.94539 -18.2634 16.6196
    endloop
  endfacet
  facet normal 0.307702 -0.586799 -0.74899
    outer loop
      vertex -0.375234 -18.2999 15.7364
      vertex 1.71665 -18.6596 16.8776
      vertex 1.6072 -18.8491 16.9811
    endloop
  endfacet
  facet normal 0.424119 -0.38519 -0.819604
    outer loop
      vertex -0.740319 -18.9323 15.9193
      vertex 1.17011 -19.6062 17.2246
      vertex 1.05035 -19.8136 17.2601
    endloop
  endfacet
  facet normal 0.46465 -0.314937 -0.827596
    outer loop
      vertex -0.866025 -19.15 15.9317
      vertex 0.929424 -20.0231 17.272
      vertex 0.858616 -20.1457 17.2789
    endloop
  endfacet
  facet normal 0.464442 -0.315319 -0.827567
    outer loop
      vertex 0.929424 -20.0231 17.272
      vertex -0.866025 -19.15 15.9317
      vertex -0.740319 -18.9323 15.9193
    endloop
  endfacet
  facet normal 0.840204 0.335499 -0.426026
    outer loop
      vertex -0.767856 -22.9629 15.5402
      vertex -1.99709 -21.1091 14.5758
      vertex -1.93238 -20.997 14.7917
    endloop
  endfacet
  facet normal 0.840221 0.335549 -0.425952
    outer loop
      vertex -1.99709 -21.1091 14.5758
      vertex -0.767856 -22.9629 15.5402
      vertex -0.804302 -23.026 15.4186
    endloop
  endfacet
  facet normal 0.874957 0.395701 -0.279054
    outer loop
      vertex -2.0509 -21.2023 14.3482
      vertex -0.948623 -23.276 14.8638
      vertex -0.989411 -23.3466 14.6358
    endloop
  endfacet
  facet normal 0.840221 0.335547 -0.425954
    outer loop
      vertex -1.99709 -21.1091 14.5758
      vertex -0.804302 -23.026 15.4186
      vertex -0.866546 -23.1338 15.2109
    endloop
  endfacet
  facet normal 0.859397 0.368766 -0.354188
    outer loop
      vertex -0.866546 -23.1338 15.2109
      vertex -2.0509 -21.2023 14.3482
      vertex -1.99709 -21.1091 14.5758
    endloop
  endfacet
  facet normal 0.859394 0.368758 -0.354203
    outer loop
      vertex -2.0509 -21.2023 14.3482
      vertex -0.866546 -23.1338 15.2109
      vertex -0.896857 -23.1863 15.0827
    endloop
  endfacet
  facet normal 0.697886 0.0890048 -0.710657
    outer loop
      vertex -1.47059 -20.1971 15.6288
      vertex -0.0635024 -21.7429 16.817
      vertex -0.16735 -21.9227 16.6925
    endloop
  endfacet
  facet normal 0.73162 0.147437 -0.665578
    outer loop
      vertex -1.57854 -20.3841 15.4994
      vertex -0.228158 -22.0281 16.6196
      vertex -0.325405 -22.1965 16.4754
    endloop
  endfacet
  facet normal 0.731727 0.147593 -0.665426
    outer loop
      vertex -0.325405 -22.1965 16.4754
      vertex -1.67963 -20.5592 15.3494
      vertex -1.57854 -20.3841 15.4994
    endloop
  endfacet
  facet normal 0.731754 0.147643 -0.665386
    outer loop
      vertex -1.67963 -20.5592 15.3494
      vertex -0.325405 -22.1965 16.4754
      vertex -0.382347 -22.2951 16.3909
    endloop
  endfacet
  facet normal 0.624469 -0.0381424 -0.780118
    outer loop
      vertex -1.35682 -20.0001 15.7364
      vertex 0.224029 -21.2449 17.0627
      vertex 0.110033 -21.4423 16.9811
    endloop
  endfacet
  facet normal 0.661955 0.0267846 -0.749065
    outer loop
      vertex -1.35682 -20.0001 15.7364
      vertex 0.110033 -21.4423 16.9811
      vertex 0.000584579 -21.6319 16.8776
    endloop
  endfacet
  facet normal 0.886728 0.416099 -0.201431
    outer loop
      vertex -1.04271 -23.4389 14.2675
      vertex -2.12388 -21.3287 13.8671
      vertex -2.0933 -21.2757 14.1112
    endloop
  endfacet
  facet normal 0.886726 0.416094 -0.20145
    outer loop
      vertex -2.12388 -21.3287 13.8671
      vertex -1.04271 -23.4389 14.2675
      vertex -1.05994 -23.4688 14.1299
    endloop
  endfacet
  facet normal 0.0710717 -0.996641 0.0406913
    outer loop
      vertex 0.410299 -16.9393 13.1153
      vertex 2.80534 -16.7739 12.9832
      vertex 2.81128 -16.7636 13.2251
    endloop
  endfacet
  facet normal 0.0750627 -0.989723 0.12171
    outer loop
      vertex 0.410299 -16.9393 13.1153
      vertex 2.78757 -16.8047 12.7437
      vertex 2.80534 -16.7739 12.9832
    endloop
  endfacet
  facet normal 0.0710726 -0.996642 -0.040673
    outer loop
      vertex 0.416474 -16.9286 13.3667
      vertex 2.81128 -16.7636 13.5083
      vertex 0.410299 -16.9393 13.6181
    endloop
  endfacet
  facet normal 0.0710621 -0.99665 -0.0404845
    outer loop
      vertex 2.81128 -16.7636 13.5083
      vertex 0.416474 -16.9286 13.3667
      vertex 2.81476 -16.7576 13.3667
    endloop
  endfacet
  facet normal 0.866805 -0.498646 6.76488e-05
    outer loop
      vertex 0.400347 -16.9566 13.6161
      vertex 0.416474 -16.9286 13.3667
      vertex 0.410299 -16.9393 13.6181
    endloop
  endfacet
  facet normal 0.867014 -0.498284 -0.000121785
    outer loop
      vertex 0.400347 -16.9566 13.1172
      vertex 0.416474 -16.9286 13.3667
      vertex 0.406474 -16.946 13.3667
    endloop
  endfacet
  facet normal 0.867014 -0.498284 0.000121834
    outer loop
      vertex 0.416474 -16.9286 13.3667
      vertex 0.400347 -16.9566 13.6161
      vertex 0.406474 -16.946 13.3667
    endloop
  endfacet
  facet normal 0.866198 -0.499701 2.62376e-05
    outer loop
      vertex 0.382024 -16.9883 13.8632
      vertex 0.410299 -16.9393 13.6181
      vertex 0.391831 -16.9713 13.8671
    endloop
  endfacet
  facet normal 0.866794 -0.498667 0.000301603
    outer loop
      vertex 0.410299 -16.9393 13.6181
      vertex 0.382024 -16.9883 13.8632
      vertex 0.400347 -16.9566 13.6161
    endloop
  endfacet
  facet normal 0.86635 -0.499438 9.69001e-05
    outer loop
      vertex 0.351681 -17.0409 14.1054
      vertex 0.391831 -16.9713 13.8671
      vertex 0.36125 -17.0243 14.1112
    endloop
  endfacet
  facet normal 0.866201 -0.499695 -3.44674e-06
    outer loop
      vertex 0.391831 -16.9713 13.8671
      vertex 0.351681 -17.0409 14.1054
      vertex 0.382024 -16.9883 13.8632
    endloop
  endfacet
  facet normal 0.865982 -0.500075 5.12441e-05
    outer loop
      vertex 0.309611 -17.1137 14.3406
      vertex 0.36125 -17.0243 14.1112
      vertex 0.31885 -17.0977 14.3482
    endloop
  endfacet
  facet normal 0.866312 -0.499503 0.000348162
    outer loop
      vertex 0.36125 -17.0243 14.1112
      vertex 0.309611 -17.1137 14.3406
      vertex 0.351681 -17.0409 14.1054
    endloop
  endfacet
  facet normal 0.866287 -0.499546 0.000255273
    outer loop
      vertex 0.256219 -17.2062 14.5664
      vertex 0.31885 -17.0977 14.3482
      vertex 0.265039 -17.1909 14.5758
    endloop
  endfacet
  facet normal 0.866007 -0.500033 -6.73213e-05
    outer loop
      vertex 0.31885 -17.0977 14.3482
      vertex 0.256219 -17.2062 14.5664
      vertex 0.309611 -17.1137 14.3406
    endloop
  endfacet
  facet normal 0.866038 -0.499979 -4.92177e-05
    outer loop
      vertex 0.19202 -17.3174 14.7806
      vertex 0.265039 -17.1909 14.5758
      vertex 0.200334 -17.303 14.7917
    endloop
  endfacet
  facet normal 0.866277 -0.499563 0.000292738
    outer loop
      vertex 0.265039 -17.1909 14.5758
      vertex 0.19202 -17.3174 14.7806
      vertex 0.256219 -17.2062 14.5664
    endloop
  endfacet
  facet normal 0.866164 -0.499759 0.000104237
    outer loop
      vertex 0.11763 -17.4463 14.9812
      vertex 0.200334 -17.303 14.7917
      vertex 0.12536 -17.4329 14.9939
    endloop
  endfacet
  facet normal 0.866052 -0.499954 -9.195e-05
    outer loop
      vertex 0.200334 -17.303 14.7917
      vertex 0.11763 -17.4463 14.9812
      vertex 0.19202 -17.3174 14.7806
    endloop
  endfacet
  facet normal 0.865587 -0.500759 -0.000807913
    outer loop
      vertex 0.0337677 -17.5915 15.1663
      vertex 0.12536 -17.4329 14.9939
      vertex 0.0408388 -17.5793 15.1804
    endloop
  endfacet
  facet normal 0.866095 -0.499879 0.000272147
    outer loop
      vertex 0.12536 -17.4329 14.9939
      vertex 0.0337677 -17.5915 15.1663
      vertex 0.11763 -17.4463 14.9812
    endloop
  endfacet
  facet normal 0.866111 -0.499852 0.000255563
    outer loop
      vertex -0.0587601 -17.7518 15.334
      vertex 0.0408388 -17.5793 15.1804
      vertex -0.0524163 -17.7408 15.3494
    endloop
  endfacet
  facet normal 0.865651 -0.500648 -0.000936412
    outer loop
      vertex 0.0408388 -17.5793 15.1804
      vertex -0.0587601 -17.7518 15.334
      vertex 0.0337677 -17.5915 15.1663
    endloop
  endfacet
  facet normal 0.865869 -0.50027 -0.000440196
    outer loop
      vertex -0.159062 -17.9255 15.4828
      vertex -0.0524163 -17.7408 15.3494
      vertex -0.153507 -17.9159 15.4994
    endloop
  endfacet
  facet normal 0.866095 -0.499879 0.000281784
    outer loop
      vertex -0.0524163 -17.7408 15.3494
      vertex -0.159062 -17.9255 15.4828
      vertex -0.0587601 -17.7518 15.334
    endloop
  endfacet
  facet normal 0.865625 -0.500692 -0.00141769
    outer loop
      vertex -0.266173 -18.111 15.6112
      vertex -0.153507 -17.9159 15.4994
      vertex -0.261459 -18.1029 15.6288
    endloop
  endfacet
  facet normal 0.865868 -0.500272 -0.000439145
    outer loop
      vertex -0.153507 -17.9159 15.4994
      vertex -0.266173 -18.111 15.6112
      vertex -0.159062 -17.9255 15.4828
    endloop
  endfacet
  facet normal 0.866347 -0.49944 0.00166178
    outer loop
      vertex -0.379061 -18.3066 15.7179
      vertex -0.261459 -18.1029 15.6288
      vertex -0.375234 -18.2999 15.7364
    endloop
  endfacet
  facet normal 0.86574 -0.500491 -0.00154091
    outer loop
      vertex -0.261459 -18.1029 15.6288
      vertex -0.379061 -18.3066 15.7179
      vertex -0.266173 -18.111 15.6112
    endloop
  endfacet
  facet normal 0.86596 -0.500113 -0.000651797
    outer loop
      vertex -0.496638 -18.5102 15.8021
      vertex -0.375234 -18.2999 15.7364
      vertex -0.493736 -18.5052 15.8212
    endloop
  endfacet
  facet normal 0.866279 -0.499557 0.001718
    outer loop
      vertex -0.375234 -18.2999 15.7364
      vertex -0.496638 -18.5102 15.8021
      vertex -0.379061 -18.3066 15.7179
    endloop
  endfacet
  facet normal 0.866031 -0.49999 0.000527597
    outer loop
      vertex -0.617773 -18.72 15.8628
      vertex -0.493736 -18.5052 15.8212
      vertex -0.615822 -18.7166 15.8824
    endloop
  endfacet
  facet normal 0.865933 -0.500159 -0.000635708
    outer loop
      vertex -0.493736 -18.5052 15.8212
      vertex -0.617773 -18.72 15.8628
      vertex -0.496638 -18.5102 15.8021
    endloop
  endfacet
  facet normal 0.866094 -0.499881 5.14865e-05
    outer loop
      vertex -0.741299 -18.934 15.8994
      vertex -0.615822 -18.7166 15.8824
      vertex -0.740319 -18.9323 15.9193
    endloop
  endfacet
  facet normal 0.866109 -0.499854 0.000496221
    outer loop
      vertex -0.615822 -18.7166 15.8824
      vertex -0.741299 -18.934 15.8994
      vertex -0.617773 -18.72 15.8628
    endloop
  endfacet
  facet normal 0.865996 -0.50005 0
    outer loop
      vertex -0.866025 -19.15 15.9117
      vertex -0.740319 -18.9323 15.9193
      vertex -0.866025 -19.15 15.9317
    endloop
  endfacet
  facet normal 0.865995 -0.500052 7.10149e-05
    outer loop
      vertex -0.740319 -18.9323 15.9193
      vertex -0.866025 -19.15 15.9117
      vertex -0.741299 -18.934 15.8994
    endloop
  endfacet
  facet normal 0.865995 -0.500053 0
    outer loop
      vertex -0.991732 -19.3677 15.9193
      vertex -0.866025 -19.15 15.9117
      vertex -0.866025 -19.15 15.9317
    endloop
  endfacet
  facet normal 0.865994 -0.500055 -7.13556e-05
    outer loop
      vertex -0.866025 -19.15 15.9117
      vertex -0.991732 -19.3677 15.9193
      vertex -0.990752 -19.366 15.8994
    endloop
  endfacet
  facet normal 0.866093 -0.499884 -5.18244e-05
    outer loop
      vertex -1.11623 -19.5834 15.8824
      vertex -0.990752 -19.366 15.8994
      vertex -0.991732 -19.3677 15.9193
    endloop
  endfacet
  facet normal 0.866109 -0.499855 -0.000540501
    outer loop
      vertex -0.990752 -19.366 15.8994
      vertex -1.11623 -19.5834 15.8824
      vertex -1.11428 -19.58 15.8628
    endloop
  endfacet
  facet normal 0.866029 -0.499993 -0.000572375
    outer loop
      vertex -1.23832 -19.7948 15.8212
      vertex -1.11428 -19.58 15.8628
      vertex -1.11623 -19.5834 15.8824
    endloop
  endfacet
  facet normal 0.865899 -0.500218 0.00097785
    outer loop
      vertex -1.11428 -19.58 15.8628
      vertex -1.23832 -19.7948 15.8212
      vertex -1.23541 -19.7898 15.8021
    endloop
  endfacet
  facet normal 0.865904 -0.500209 0.000981041
    outer loop
      vertex -1.35682 -20.0001 15.7364
      vertex -1.23541 -19.7898 15.8021
      vertex -1.23832 -19.7948 15.8212
    endloop
  endfacet
  facet normal 0.866253 -0.499604 -0.00159979
    outer loop
      vertex -1.23541 -19.7898 15.8021
      vertex -1.35682 -20.0001 15.7364
      vertex -1.35299 -19.9934 15.7179
    endloop
  endfacet
  facet normal 0.866327 -0.499475 -0.00153781
    outer loop
      vertex -1.47059 -20.1971 15.6288
      vertex -1.35299 -19.9934 15.7179
      vertex -1.35682 -20.0001 15.7364
    endloop
  endfacet
  facet normal 0.865775 -0.500432 0.00138043
    outer loop
      vertex -1.35299 -19.9934 15.7179
      vertex -1.47059 -20.1971 15.6288
      vertex -1.46588 -20.189 15.6112
    endloop
  endfacet
  facet normal 0.865672 -0.500609 0.00127177
    outer loop
      vertex -1.57854 -20.3841 15.4994
      vertex -1.46588 -20.189 15.6112
      vertex -1.47059 -20.1971 15.6288
    endloop
  endfacet
  facet normal 0.865926 -0.500173 0.000254841
    outer loop
      vertex -1.46588 -20.189 15.6112
      vertex -1.57854 -20.3841 15.4994
      vertex -1.57299 -20.3745 15.4828
    endloop
  endfacet
  facet normal 0.865935 -0.500157 0.000267152
    outer loop
      vertex -1.67963 -20.5592 15.3494
      vertex -1.57299 -20.3745 15.4828
      vertex -1.57854 -20.3841 15.4994
    endloop
  endfacet
  facet normal 0.866147 -0.49979 -0.000410195
    outer loop
      vertex -1.57299 -20.3745 15.4828
      vertex -1.67963 -20.5592 15.3494
      vertex -1.67329 -20.5482 15.334
    endloop
  endfacet
  facet normal 0.86616 -0.499767 -0.000388627
    outer loop
      vertex -1.77289 -20.7207 15.1804
      vertex -1.67329 -20.5482 15.334
      vertex -1.67963 -20.5592 15.3494
    endloop
  endfacet
  facet normal 0.865664 -0.500624 0.000895583
    outer loop
      vertex -1.67329 -20.5482 15.334
      vertex -1.77289 -20.7207 15.1804
      vertex -1.76582 -20.7085 15.1663
    endloop
  endfacet
  facet normal 0.865606 -0.500726 0.000778729
    outer loop
      vertex -1.85741 -20.8671 14.9939
      vertex -1.76582 -20.7085 15.1663
      vertex -1.77289 -20.7207 15.1804
    endloop
  endfacet
  facet normal 0.866098 -0.499874 -0.000265975
    outer loop
      vertex -1.76582 -20.7085 15.1663
      vertex -1.85741 -20.8671 14.9939
      vertex -1.84968 -20.8537 14.9812
    endloop
  endfacet
  facet normal 0.866169 -0.499752 -9.3587e-05
    outer loop
      vertex -1.93238 -20.997 14.7917
      vertex -1.84968 -20.8537 14.9812
      vertex -1.85741 -20.8671 14.9939
    endloop
  endfacet
  facet normal 0.866122 -0.499833 -1.14295e-05
    outer loop
      vertex -1.84968 -20.8537 14.9812
      vertex -1.93238 -20.997 14.7917
      vertex -1.92407 -20.9826 14.7806
    endloop
  endfacet
  facet normal 0.866107 -0.499858 -5.43149e-05
    outer loop
      vertex -1.99709 -21.1091 14.5758
      vertex -1.92407 -20.9826 14.7806
      vertex -1.93238 -20.997 14.7917
    endloop
  endfacet
  facet normal 0.866277 -0.499565 -0.000295804
    outer loop
      vertex -1.92407 -20.9826 14.7806
      vertex -1.99709 -21.1091 14.5758
      vertex -1.98827 -21.0938 14.5664
    endloop
  endfacet
  facet normal 0.866288 -0.499545 -0.000252232
    outer loop
      vertex -2.0509 -21.2023 14.3482
      vertex -1.98827 -21.0938 14.5664
      vertex -1.99709 -21.1091 14.5758
    endloop
  endfacet
  facet normal 0.865988 -0.500064 9.23014e-05
    outer loop
      vertex -1.98827 -21.0938 14.5664
      vertex -2.0509 -21.2023 14.3482
      vertex -2.04166 -21.1863 14.3406
    endloop
  endfacet
  facet normal 0.865962 -0.50011 -3.66305e-05
    outer loop
      vertex -2.0933 -21.2757 14.1112
      vertex -2.04166 -21.1863 14.3406
      vertex -2.0509 -21.2023 14.3482
    endloop
  endfacet
  facet normal 0.866291 -0.499539 -0.000333577
    outer loop
      vertex -2.04166 -21.1863 14.3406
      vertex -2.0933 -21.2757 14.1112
      vertex -2.08373 -21.2591 14.1054
    endloop
  endfacet
  facet normal 0.866329 -0.499473 -8.30666e-05
    outer loop
      vertex -2.12388 -21.3287 13.8671
      vertex -2.08373 -21.2591 14.1054
      vertex -2.0933 -21.2757 14.1112
    endloop
  endfacet
  facet normal 0.866139 -0.499803 4.52853e-05
    outer loop
      vertex -2.08373 -21.2591 14.1054
      vertex -2.12388 -21.3287 13.8671
      vertex -2.11407 -21.3117 13.8632
    endloop
  endfacet
  facet normal 0.866133 -0.499813 -1.39128e-05
    outer loop
      vertex -2.14235 -21.3607 13.6181
      vertex -2.11407 -21.3117 13.8632
      vertex -2.12388 -21.3287 13.8671
    endloop
  endfacet
  facet normal 0.866848 -0.498573 -8.90525e-05
    outer loop
      vertex -2.14853 -21.3714 13.3667
      vertex -2.1324 -21.3434 13.6161
      vertex -2.14235 -21.3607 13.6181
    endloop
  endfacet
  facet normal 0.866835 -0.498595 -0.000338483
    outer loop
      vertex -2.11407 -21.3117 13.8632
      vertex -2.14235 -21.3607 13.6181
      vertex -2.1324 -21.3434 13.6161
    endloop
  endfacet
  facet normal 0.866806 -0.498646 -6.76654e-05
    outer loop
      vertex 0.416474 -16.9286 13.3667
      vertex 0.400347 -16.9566 13.1172
      vertex 0.410299 -16.9393 13.1153
    endloop
  endfacet
  facet normal 0.866794 -0.498665 -0.000301945
    outer loop
      vertex 0.382024 -16.9883 12.8702
      vertex 0.410299 -16.9393 13.1153
      vertex 0.400347 -16.9566 13.1172
    endloop
  endfacet
  facet normal 0.866198 -0.499701 -2.62376e-05
    outer loop
      vertex 0.410299 -16.9393 13.1153
      vertex 0.382024 -16.9883 12.8702
      vertex 0.391831 -16.9713 12.8663
    endloop
  endfacet
  facet normal 0.866201 -0.499695 3.44538e-06
    outer loop
      vertex 0.351681 -17.0409 12.6279
      vertex 0.391831 -16.9713 12.8663
      vertex 0.382024 -16.9883 12.8702
    endloop
  endfacet
  facet normal 0.86635 -0.499438 -9.68632e-05
    outer loop
      vertex 0.391831 -16.9713 12.8663
      vertex 0.351681 -17.0409 12.6279
      vertex 0.36125 -17.0243 12.6221
    endloop
  endfacet
  facet normal 0.866312 -0.499503 -0.000348162
    outer loop
      vertex 0.309611 -17.1137 12.3927
      vertex 0.36125 -17.0243 12.6221
      vertex 0.351681 -17.0409 12.6279
    endloop
  endfacet
  facet normal 0.865982 -0.500075 -5.12441e-05
    outer loop
      vertex 0.36125 -17.0243 12.6221
      vertex 0.309611 -17.1137 12.3927
      vertex 0.31885 -17.0977 12.3851
    endloop
  endfacet
  facet normal 0.866007 -0.500033 6.73463e-05
    outer loop
      vertex 0.256219 -17.2062 12.167
      vertex 0.31885 -17.0977 12.3851
      vertex 0.309611 -17.1137 12.3927
    endloop
  endfacet
  facet normal 0.866287 -0.499547 -0.000254728
    outer loop
      vertex 0.31885 -17.0977 12.3851
      vertex 0.256219 -17.2062 12.167
      vertex 0.265039 -17.1909 12.1575
    endloop
  endfacet
  facet normal 0.866277 -0.499564 -0.000291884
    outer loop
      vertex 0.19202 -17.3174 11.9527
      vertex 0.265039 -17.1909 12.1575
      vertex 0.256219 -17.2062 12.167
    endloop
  endfacet
  facet normal 0.866038 -0.499979 4.92177e-05
    outer loop
      vertex 0.265039 -17.1909 12.1575
      vertex 0.19202 -17.3174 11.9527
      vertex 0.200334 -17.303 11.9416
    endloop
  endfacet
  facet normal 0.866052 -0.499954 9.195e-05
    outer loop
      vertex 0.11763 -17.4463 11.7521
      vertex 0.200334 -17.303 11.9416
      vertex 0.19202 -17.3174 11.9527
    endloop
  endfacet
  facet normal 0.866164 -0.499759 -0.000104237
    outer loop
      vertex 0.200334 -17.303 11.9416
      vertex 0.11763 -17.4463 11.7521
      vertex 0.12536 -17.4329 11.7394
    endloop
  endfacet
  facet normal 0.866095 -0.499879 -0.000272232
    outer loop
      vertex 0.0337677 -17.5915 11.5671
      vertex 0.12536 -17.4329 11.7394
      vertex 0.11763 -17.4463 11.7521
    endloop
  endfacet
  facet normal 0.865588 -0.500756 0.000805198
    outer loop
      vertex 0.12536 -17.4329 11.7394
      vertex 0.0337677 -17.5915 11.5671
      vertex 0.0408388 -17.5793 11.5529
    endloop
  endfacet
  facet normal 0.865652 -0.500645 0.000932941
    outer loop
      vertex -0.0587601 -17.7518 11.3994
      vertex 0.0408388 -17.5793 11.5529
      vertex 0.0337677 -17.5915 11.5671
    endloop
  endfacet
  facet normal 0.86611 -0.499853 -0.000254616
    outer loop
      vertex 0.0408388 -17.5793 11.5529
      vertex -0.0587601 -17.7518 11.3994
      vertex -0.0524163 -17.7408 11.3839
    endloop
  endfacet
  facet normal 0.866095 -0.49988 -0.000280654
    outer loop
      vertex -0.159062 -17.9255 11.2506
      vertex -0.0524163 -17.7408 11.3839
      vertex -0.0587601 -17.7518 11.3994
    endloop
  endfacet
  facet normal 0.86587 -0.500269 0.00043843
    outer loop
      vertex -0.0524163 -17.7408 11.3839
      vertex -0.159062 -17.9255 11.2506
      vertex -0.153507 -17.9159 11.2339
    endloop
  endfacet
  facet normal 0.865869 -0.500271 0.000437264
    outer loop
      vertex -0.266173 -18.111 11.1222
      vertex -0.153507 -17.9159 11.2339
      vertex -0.159062 -17.9255 11.2506
    endloop
  endfacet
  facet normal 0.865626 -0.500689 0.00141161
    outer loop
      vertex -0.153507 -17.9159 11.2339
      vertex -0.266173 -18.111 11.1222
      vertex -0.261459 -18.1029 11.1045
    endloop
  endfacet
  facet normal 0.865742 -0.500489 0.00153365
    outer loop
      vertex -0.379061 -18.3066 11.0154
      vertex -0.261459 -18.1029 11.1045
      vertex -0.266173 -18.111 11.1222
    endloop
  endfacet
  facet normal 0.866347 -0.49944 -0.00166178
    outer loop
      vertex -0.261459 -18.1029 11.1045
      vertex -0.379061 -18.3066 11.0154
      vertex -0.375234 -18.2999 10.9969
    endloop
  endfacet
  facet normal 0.866279 -0.499558 -0.00171827
    outer loop
      vertex -0.496638 -18.5102 10.9313
      vertex -0.375234 -18.2999 10.9969
      vertex -0.379061 -18.3066 11.0154
    endloop
  endfacet
  facet normal 0.86596 -0.500112 0.000648732
    outer loop
      vertex -0.375234 -18.2999 10.9969
      vertex -0.496638 -18.5102 10.9313
      vertex -0.493736 -18.5052 10.9121
    endloop
  endfacet
  facet normal 0.865934 -0.500159 0.000632629
    outer loop
      vertex -0.617773 -18.72 10.8706
      vertex -0.493736 -18.5052 10.9121
      vertex -0.496638 -18.5102 10.9313
    endloop
  endfacet
  facet normal 0.866031 -0.49999 -0.000527638
    outer loop
      vertex -0.493736 -18.5052 10.9121
      vertex -0.617773 -18.72 10.8706
      vertex -0.615822 -18.7166 10.851
    endloop
  endfacet
  facet normal 0.866109 -0.499854 -0.000496182
    outer loop
      vertex -0.741299 -18.934 10.8339
      vertex -0.615822 -18.7166 10.851
      vertex -0.617773 -18.72 10.8706
    endloop
  endfacet
  facet normal 0.866094 -0.499881 -5.14845e-05
    outer loop
      vertex -0.615822 -18.7166 10.851
      vertex -0.741299 -18.934 10.8339
      vertex -0.740319 -18.9323 10.814
    endloop
  endfacet
  facet normal 0.865995 -0.500052 -7.10177e-05
    outer loop
      vertex -0.866025 -19.15 10.8217
      vertex -0.740319 -18.9323 10.814
      vertex -0.741299 -18.934 10.8339
    endloop
  endfacet
  facet normal 0.865996 -0.50005 0
    outer loop
      vertex -0.866025 -19.15 10.8217
      vertex -0.866025 -19.15 10.8017
      vertex -0.740319 -18.9323 10.814
    endloop
  endfacet
  facet normal 0.865994 -0.500055 7.13584e-05
    outer loop
      vertex -0.991732 -19.3677 10.814
      vertex -0.866025 -19.15 10.8217
      vertex -0.990752 -19.366 10.8339
    endloop
  endfacet
  facet normal 0.865995 -0.500053 0
    outer loop
      vertex -0.866025 -19.15 10.8217
      vertex -0.991732 -19.3677 10.814
      vertex -0.866025 -19.15 10.8017
    endloop
  endfacet
  facet normal 0.866109 -0.499855 0.000540458
    outer loop
      vertex -1.11623 -19.5834 10.851
      vertex -0.990752 -19.366 10.8339
      vertex -1.11428 -19.58 10.8706
    endloop
  endfacet
  facet normal 0.866093 -0.499884 5.18224e-05
    outer loop
      vertex -0.990752 -19.366 10.8339
      vertex -1.11623 -19.5834 10.851
      vertex -0.991732 -19.3677 10.814
    endloop
  endfacet
  facet normal 0.8659 -0.500217 -0.000973114
    outer loop
      vertex -1.23832 -19.7948 10.9121
      vertex -1.11428 -19.58 10.8706
      vertex -1.23541 -19.7898 10.9313
    endloop
  endfacet
  facet normal 0.866029 -0.499993 0.000572419
    outer loop
      vertex -1.11428 -19.58 10.8706
      vertex -1.23832 -19.7948 10.9121
      vertex -1.11623 -19.5834 10.851
    endloop
  endfacet
  facet normal 0.866252 -0.499604 0.00160004
    outer loop
      vertex -1.35682 -20.0001 10.9969
      vertex -1.23541 -19.7898 10.9313
      vertex -1.35299 -19.9934 11.0154
    endloop
  endfacet
  facet normal 0.865905 -0.500207 -0.000976428
    outer loop
      vertex -1.23541 -19.7898 10.9313
      vertex -1.35682 -20.0001 10.9969
      vertex -1.23832 -19.7948 10.9121
    endloop
  endfacet
  facet normal 0.865776 -0.50043 -0.00137393
    outer loop
      vertex -1.47059 -20.1971 11.1045
      vertex -1.35299 -19.9934 11.0154
      vertex -1.46588 -20.189 11.1222
    endloop
  endfacet
  facet normal 0.866327 -0.499475 0.00153781
    outer loop
      vertex -1.35299 -19.9934 11.0154
      vertex -1.47059 -20.1971 11.1045
      vertex -1.35682 -20.0001 10.9969
    endloop
  endfacet
  facet normal 0.865926 -0.500172 -0.00025375
    outer loop
      vertex -1.57854 -20.3841 11.2339
      vertex -1.46588 -20.189 11.1222
      vertex -1.57299 -20.3745 11.2506
    endloop
  endfacet
  facet normal 0.865674 -0.500606 -0.00126632
    outer loop
      vertex -1.46588 -20.189 11.1222
      vertex -1.57854 -20.3841 11.2339
      vertex -1.47059 -20.1971 11.1045
    endloop
  endfacet
  facet normal 0.866146 -0.499791 0.000408549
    outer loop
      vertex -1.67963 -20.5592 11.3839
      vertex -1.57299 -20.3745 11.2506
      vertex -1.67329 -20.5482 11.3994
    endloop
  endfacet
  facet normal 0.865935 -0.500156 -0.00026608
    outer loop
      vertex -1.57299 -20.3745 11.2506
      vertex -1.67963 -20.5592 11.3839
      vertex -1.57854 -20.3841 11.2339
    endloop
  endfacet
  facet normal 0.865666 -0.500622 -0.000892263
    outer loop
      vertex -1.77289 -20.7207 11.5529
      vertex -1.67329 -20.5482 11.3994
      vertex -1.76582 -20.7085 11.5671
    endloop
  endfacet
  facet normal 0.866159 -0.499768 0.000387188
    outer loop
      vertex -1.67329 -20.5482 11.3994
      vertex -1.77289 -20.7207 11.5529
      vertex -1.67963 -20.5592 11.3839
    endloop
  endfacet
  facet normal 0.866098 -0.499874 0.000266058
    outer loop
      vertex -1.85741 -20.8671 11.7394
      vertex -1.76582 -20.7085 11.5671
      vertex -1.84968 -20.8537 11.7521
    endloop
  endfacet
  facet normal 0.865607 -0.500723 -0.000776112
    outer loop
      vertex -1.76582 -20.7085 11.5671
      vertex -1.85741 -20.8671 11.7394
      vertex -1.77289 -20.7207 11.5529
    endloop
  endfacet
  facet normal 0.866122 -0.499833 1.14295e-05
    outer loop
      vertex -1.93238 -20.997 11.9416
      vertex -1.84968 -20.8537 11.7521
      vertex -1.92407 -20.9826 11.9527
    endloop
  endfacet
  facet normal 0.866169 -0.499752 9.3587e-05
    outer loop
      vertex -1.84968 -20.8537 11.7521
      vertex -1.93238 -20.997 11.9416
      vertex -1.85741 -20.8671 11.7394
    endloop
  endfacet
  facet normal 0.866276 -0.499566 0.000294941
    outer loop
      vertex -1.99709 -21.1091 12.1575
      vertex -1.92407 -20.9826 11.9527
      vertex -1.98827 -21.0938 12.167
    endloop
  endfacet
  facet normal 0.866107 -0.499858 5.43149e-05
    outer loop
      vertex -1.92407 -20.9826 11.9527
      vertex -1.99709 -21.1091 12.1575
      vertex -1.93238 -20.997 11.9416
    endloop
  endfacet
  facet normal 0.865988 -0.500064 -9.23357e-05
    outer loop
      vertex -2.0509 -21.2023 12.3851
      vertex -1.98827 -21.0938 12.167
      vertex -2.04166 -21.1863 12.3927
    endloop
  endfacet
  facet normal 0.866288 -0.499546 0.000251694
    outer loop
      vertex -1.98827 -21.0938 12.167
      vertex -2.0509 -21.2023 12.3851
      vertex -1.99709 -21.1091 12.1575
    endloop
  endfacet
  facet normal 0.866291 -0.499539 0.000333577
    outer loop
      vertex -2.0933 -21.2757 12.6221
      vertex -2.04166 -21.1863 12.3927
      vertex -2.08373 -21.2591 12.6279
    endloop
  endfacet
  facet normal 0.865962 -0.50011 3.66305e-05
    outer loop
      vertex -2.04166 -21.1863 12.3927
      vertex -2.0933 -21.2757 12.6221
      vertex -2.0509 -21.2023 12.3851
    endloop
  endfacet
  facet normal 0.866139 -0.499803 -4.52675e-05
    outer loop
      vertex -2.12388 -21.3287 12.8663
      vertex -2.08373 -21.2591 12.6279
      vertex -2.11407 -21.3117 12.8702
    endloop
  endfacet
  facet normal 0.866329 -0.499473 8.3035e-05
    outer loop
      vertex -2.08373 -21.2591 12.6279
      vertex -2.12388 -21.3287 12.8663
      vertex -2.0933 -21.2757 12.6221
    endloop
  endfacet
  facet normal 0.866836 -0.498593 0.000338866
    outer loop
      vertex -2.14235 -21.3607 13.1153
      vertex -2.11407 -21.3117 12.8702
      vertex -2.1324 -21.3434 13.1172
    endloop
  endfacet
  facet normal 0.866133 -0.499813 1.39128e-05
    outer loop
      vertex -2.11407 -21.3117 12.8702
      vertex -2.14235 -21.3607 13.1153
      vertex -2.12388 -21.3287 12.8663
    endloop
  endfacet
  facet normal 0.867014 -0.498284 0.00013221
    outer loop
      vertex -2.14853 -21.3714 13.3667
      vertex -2.1324 -21.3434 13.1172
      vertex -2.13853 -21.354 13.3667
    endloop
  endfacet
  facet normal 0.867014 -0.498284 -0.000132263
    outer loop
      vertex -2.1324 -21.3434 13.6161
      vertex -2.14853 -21.3714 13.3667
      vertex -2.13853 -21.354 13.3667
    endloop
  endfacet
  facet normal 0.866848 -0.498573 8.90743e-05
    outer loop
      vertex -2.1324 -21.3434 13.1172
      vertex -2.14853 -21.3714 13.3667
      vertex -2.14235 -21.3607 13.1153
    endloop
  endfacet
  facet normal 0.0830186 -0.975979 0.201426
    outer loop
      vertex 2.75994 -16.8525 12.4659
      vertex 0.391831 -16.9713 12.8663
      vertex 0.36125 -17.0243 12.6221
    endloop
  endfacet
  facet normal 0.0829731 -0.976043 0.201138
    outer loop
      vertex 0.391831 -16.9713 12.8663
      vertex 2.75994 -16.8525 12.4659
      vertex 2.77717 -16.8227 12.6034
    endloop
  endfacet
  facet normal 0.0948283 -0.955503 0.279325
    outer loop
      vertex 0.31885 -17.0977 12.3851
      vertex 2.66585 -17.0155 11.8695
      vertex 2.70664 -16.9448 12.0975
    endloop
  endfacet
  facet normal 0.129537 -0.895367 0.426072
    outer loop
      vertex 0.200334 -17.303 11.9416
      vertex 2.52153 -17.2655 11.3147
      vertex 0.265039 -17.1909 12.1575
    endloop
  endfacet
  facet normal 0.129484 -0.895471 0.42587
    outer loop
      vertex 2.52153 -17.2655 11.3147
      vertex 0.200334 -17.303 11.9416
      vertex 2.48509 -17.3286 11.1931
    endloop
  endfacet
  facet normal 0.152081 -0.856341 0.493509
    outer loop
      vertex 0.200334 -17.303 11.9416
      vertex 2.41296 -17.4535 10.9986
      vertex 2.48509 -17.3286 11.1931
    endloop
  endfacet
  facet normal 0.177923 -0.8116 0.556461
    outer loop
      vertex 2.32312 -17.6091 10.7797
      vertex 0.12536 -17.4329 11.7394
      vertex 0.0408388 -17.5793 11.5529
    endloop
  endfacet
  facet normal 0.177862 -0.811696 0.55634
    outer loop
      vertex 0.12536 -17.4329 11.7394
      vertex 2.32312 -17.6091 10.7797
      vertex 2.37073 -17.5267 10.8847
    endloop
  endfacet
  facet normal 0.271824 -0.648945 0.710621
    outer loop
      vertex -0.153507 -17.9159 11.2339
      vertex 1.88458 -18.3687 10.0408
      vertex 1.94539 -18.2634 10.1137
    endloop
  endfacet
  facet normal 0.271922 -0.648785 0.710729
    outer loop
      vertex 1.88458 -18.3687 10.0408
      vertex -0.153507 -17.9159 11.2339
      vertex -0.261459 -18.1029 11.1045
    endloop
  endfacet
  facet normal 0.384189 -0.45433 0.803731
    outer loop
      vertex -0.493736 -18.5052 10.9121
      vertex 1.30901 -19.3656 9.56401
      vertex 1.42645 -19.1622 9.62285
    endloop
  endfacet
  facet normal 0.345287 -0.52169 0.780139
    outer loop
      vertex -0.375234 -18.2999 10.9969
      vertex 1.42645 -19.1622 9.62285
      vertex 1.4932 -19.0466 9.67061
    endloop
  endfacet
  facet normal 0.345355 -0.521597 0.780171
    outer loop
      vertex 1.42645 -19.1622 9.62285
      vertex -0.375234 -18.2999 10.9969
      vertex -0.493736 -18.5052 10.9121
    endloop
  endfacet
  facet normal 0.817633 0.296409 0.493578
    outer loop
      vertex -1.93238 -20.997 11.9416
      vertex -0.653501 -22.7648 10.8847
      vertex -1.85741 -20.8671 11.7394
    endloop
  endfacet
  facet normal 0.817667 0.2965 0.493466
    outer loop
      vertex -0.653501 -22.7648 10.8847
      vertex -1.93238 -20.997 11.9416
      vertex -0.695733 -22.8379 10.9986
    endloop
  endfacet
  facet normal 0.69783 0.0889232 0.710722
    outer loop
      vertex -1.47059 -20.1971 11.1045
      vertex -0.16735 -21.9227 10.0408
      vertex -0.0635024 -21.7429 9.91634
    endloop
  endfacet
  facet normal 0.585439 -0.105795 0.803784
    outer loop
      vertex -1.23832 -19.7948 10.9121
      vertex 0.476992 -20.8067 9.52956
      vertex -1.11623 -19.5834 10.851
    endloop
  endfacet
  facet normal 0.585525 -0.105599 0.803747
    outer loop
      vertex 0.476992 -20.8067 9.52956
      vertex -1.23832 -19.7948 10.9121
      vertex 0.408223 -20.9258 9.56401
    endloop
  endfacet
  facet normal 0.624439 -0.0381958 0.780139
    outer loop
      vertex -1.35682 -20.0001 10.9969
      vertex 0.110033 -21.4423 9.75219
      vertex 0.224029 -21.2449 9.67061
    endloop
  endfacet
  facet normal 0.505166 -0.244778 0.827581
    outer loop
      vertex -0.991732 -19.3677 10.814
      vertex 0.666881 -20.4778 9.47322
      vertex 0.787808 -20.2684 9.46134
    endloop
  endfacet
  facet normal 0.545679 -0.174611 0.819601
    outer loop
      vertex -0.991732 -19.3677 10.814
      vertex 0.547118 -20.6853 9.50875
      vertex 0.666881 -20.4778 9.47322
    endloop
  endfacet
  facet normal 0.464614 -0.315039 0.827577
    outer loop
      vertex -0.866025 -19.15 10.8017
      vertex 0.929424 -20.0231 9.46134
      vertex -0.740319 -18.9323 10.814
    endloop
  endfacet
  facet normal 0.464498 -0.315253 0.827561
    outer loop
      vertex 0.929424 -20.0231 9.46134
      vertex -0.866025 -19.15 10.8017
      vertex 0.858616 -20.1457 9.45438
    endloop
  endfacet
  facet normal 0.177923 -0.8116 -0.556461
    outer loop
      vertex 0.12536 -17.4329 14.9939
      vertex 2.32312 -17.6091 15.9536
      vertex 0.0408388 -17.5793 15.1804
    endloop
  endfacet
  facet normal 0.177862 -0.811696 -0.55634
    outer loop
      vertex 2.32312 -17.6091 15.9536
      vertex 0.12536 -17.4329 14.9939
      vertex 2.37073 -17.5267 15.8486
    endloop
  endfacet
  facet normal 0.129485 -0.895438 -0.42594
    outer loop
      vertex 0.265039 -17.1909 14.5758
      vertex 2.58378 -17.1577 15.2109
      vertex 2.52153 -17.2655 15.4186
    endloop
  endfacet
  facet normal 0.129484 -0.895471 -0.42587
    outer loop
      vertex 0.200334 -17.303 14.7917
      vertex 2.52153 -17.2655 15.4186
      vertex 2.48509 -17.3286 15.5402
    endloop
  endfacet
  facet normal 0.129537 -0.895367 -0.426072
    outer loop
      vertex 2.52153 -17.2655 15.4186
      vertex 0.200334 -17.303 14.7917
      vertex 0.265039 -17.1909 14.5758
    endloop
  endfacet
  facet normal 0.0750453 -0.98975 -0.121505
    outer loop
      vertex 0.391831 -16.9713 13.8671
      vertex 2.78757 -16.8047 13.9897
      vertex 2.77717 -16.8227 14.1299
    endloop
  endfacet
  facet normal 0.0750505 -0.989734 -0.121628
    outer loop
      vertex 2.78757 -16.8047 13.9897
      vertex 0.391831 -16.9713 13.8671
      vertex 0.410299 -16.9393 13.6181
    endloop
  endfacet
  facet normal 0.271824 -0.648945 -0.710621
    outer loop
      vertex 1.88458 -18.3687 16.6925
      vertex -0.153507 -17.9159 15.4994
      vertex 1.94539 -18.2634 16.6196
    endloop
  endfacet
  facet normal 0.271922 -0.648785 -0.710729
    outer loop
      vertex -0.153507 -17.9159 15.4994
      vertex 1.88458 -18.3687 16.6925
      vertex -0.261459 -18.1029 15.6288
    endloop
  endfacet
  facet normal 0.271909 -0.648812 -0.71071
    outer loop
      vertex -0.261459 -18.1029 15.6288
      vertex 1.88458 -18.3687 16.6925
      vertex 1.78073 -18.5486 16.817
    endloop
  endfacet
  facet normal 0.307798 -0.586644 -0.749073
    outer loop
      vertex 1.71665 -18.6596 16.8776
      vertex -0.261459 -18.1029 15.6288
      vertex 1.78073 -18.5486 16.817
    endloop
  endfacet
  facet normal 0.307701 -0.586801 -0.748989
    outer loop
      vertex -0.261459 -18.1029 15.6288
      vertex 1.71665 -18.6596 16.8776
      vertex -0.375234 -18.2999 15.7364
    endloop
  endfacet
  facet normal 0.464552 -0.315153 -0.827569
    outer loop
      vertex -0.740319 -18.9323 15.9193
      vertex 1.05035 -19.8136 17.2601
      vertex 0.929424 -20.0231 17.272
    endloop
  endfacet
  facet normal 0.50507 -0.244927 -0.827596
    outer loop
      vertex 0.787808 -20.2684 17.272
      vertex -0.866025 -19.15 15.9317
      vertex 0.858616 -20.1457 17.2789
    endloop
  endfacet
  facet normal 0.50526 -0.244616 -0.827572
    outer loop
      vertex -0.866025 -19.15 15.9317
      vertex 0.787808 -20.2684 17.272
      vertex -0.991732 -19.3677 15.9193
    endloop
  endfacet
  facet normal 0.791824 0.251736 -0.556456
    outer loop
      vertex -0.605892 -22.6823 15.9536
      vertex -1.85741 -20.8671 14.9939
      vertex -1.77289 -20.7207 15.1804
    endloop
  endfacet
  facet normal 0.791738 0.251572 -0.556653
    outer loop
      vertex -1.85741 -20.8671 14.9939
      vertex -0.605892 -22.6823 15.9536
      vertex -0.653501 -22.7648 15.8486
    endloop
  endfacet
  facet normal 0.817633 0.296409 -0.493578
    outer loop
      vertex -0.653501 -22.7648 15.8486
      vertex -1.93238 -20.997 14.7917
      vertex -1.85741 -20.8671 14.9939
    endloop
  endfacet
  facet normal 0.817667 0.2965 -0.493466
    outer loop
      vertex -1.93238 -20.997 14.7917
      vertex -0.653501 -22.7648 15.8486
      vertex -0.695733 -22.8379 15.7347
    endloop
  endfacet
  facet normal 0.763059 0.201871 -0.613994
    outer loop
      vertex -0.382347 -22.2951 16.3909
      vertex -1.77289 -20.7207 15.1804
      vertex -1.67963 -20.5592 15.3494
    endloop
  endfacet
  facet normal 0.763059 0.201871 -0.613994
    outer loop
      vertex -1.77289 -20.7207 15.1804
      vertex -0.382347 -22.2951 16.3909
      vertex -0.434875 -22.3861 16.2957
    endloop
  endfacet
  facet normal 0.094795 -0.955602 0.278995
    outer loop
      vertex 2.70664 -16.9448 12.0975
      vertex 0.36125 -17.0243 12.6221
      vertex 0.31885 -17.0977 12.3851
    endloop
  endfacet
  facet normal 0.0947329 -0.955693 0.278704
    outer loop
      vertex 0.36125 -17.0243 12.6221
      vertex 2.70664 -16.9448 12.0975
      vertex 2.73053 -16.9035 12.231
    endloop
  endfacet
  facet normal 0.307742 -0.586725 0.749032
    outer loop
      vertex -0.261459 -18.1029 11.1045
      vertex 1.71665 -18.6596 9.85572
      vertex 1.78073 -18.5486 9.91634
    endloop
  endfacet
  facet normal 0.307695 -0.5868 0.748992
    outer loop
      vertex 1.71665 -18.6596 9.85572
      vertex -0.261459 -18.1029 11.1045
      vertex -0.375234 -18.2999 10.9969
    endloop
  endfacet
  facet normal 0.271952 -0.648723 0.710775
    outer loop
      vertex -0.261459 -18.1029 11.1045
      vertex 1.78073 -18.5486 9.91634
      vertex 1.88458 -18.3687 10.0408
    endloop
  endfacet
  facet normal 0.23809 -0.707369 0.665539
    outer loop
      vertex -0.153507 -17.9159 11.2339
      vertex 1.94539 -18.2634 10.1137
      vertex 2.04264 -18.0949 10.258
    endloop
  endfacet
  facet normal 0.424124 -0.385183 0.819605
    outer loop
      vertex -0.615822 -18.7166 10.851
      vertex 1.17011 -19.6062 9.50875
      vertex 1.24024 -19.4847 9.52956
    endloop
  endfacet
  facet normal 0.424034 -0.385329 0.819583
    outer loop
      vertex 1.17011 -19.6062 9.50875
      vertex -0.615822 -18.7166 10.851
      vertex -0.740319 -18.9323 10.814
    endloop
  endfacet
  facet normal 0.384195 -0.454321 0.803733
    outer loop
      vertex -0.493736 -18.5052 10.9121
      vertex 1.24024 -19.4847 9.52956
      vertex 1.30901 -19.3656 9.56401
    endloop
  endfacet
  facet normal 0.384267 -0.454224 0.803754
    outer loop
      vertex 1.24024 -19.4847 9.52956
      vertex -0.493736 -18.5052 10.9121
      vertex -0.615822 -18.7166 10.851
    endloop
  endfacet
  facet normal 0.661975 0.0268244 0.749046
    outer loop
      vertex -1.47059 -20.1971 11.1045
      vertex 0.000584579 -21.6319 9.85572
      vertex -1.35682 -20.0001 10.9969
    endloop
  endfacet
  facet normal 0.661992 0.0268564 0.749029
    outer loop
      vertex 0.000584579 -21.6319 9.85572
      vertex -1.47059 -20.1971 11.1045
      vertex -0.0635024 -21.7429 9.91634
    endloop
  endfacet
  facet normal 0.624441 -0.0381907 0.780138
    outer loop
      vertex -1.35682 -20.0001 10.9969
      vertex 0.290778 -21.1292 9.62285
      vertex -1.23832 -19.7948 10.9121
    endloop
  endfacet
  facet normal 0.624433 -0.038208 0.780143
    outer loop
      vertex 0.290778 -21.1292 9.62285
      vertex -1.35682 -20.0001 10.9969
      vertex 0.224029 -21.2449 9.67061
    endloop
  endfacet
  facet normal 0.345172 -0.521866 -0.780072
    outer loop
      vertex 1.42645 -19.1622 17.1105
      vertex -0.375234 -18.2999 15.7364
      vertex 1.4932 -19.0466 17.0627
    endloop
  endfacet
  facet normal 0.345368 -0.521601 -0.780162
    outer loop
      vertex -0.375234 -18.2999 15.7364
      vertex 1.42645 -19.1622 17.1105
      vertex -0.493736 -18.5052 15.8212
    endloop
  endfacet
  facet normal 0.384264 -0.454222 -0.803756
    outer loop
      vertex -0.493736 -18.5052 15.8212
      vertex 1.42645 -19.1622 17.1105
      vertex 1.30901 -19.3656 17.1693
    endloop
  endfacet
  facet normal 0.384044 -0.454554 -0.803673
    outer loop
      vertex 1.24024 -19.4847 17.2038
      vertex -0.493736 -18.5052 15.8212
      vertex 1.30901 -19.3656 17.1693
    endloop
  endfacet
  facet normal 0.384094 -0.454486 -0.803688
    outer loop
      vertex -0.493736 -18.5052 15.8212
      vertex 1.24024 -19.4847 17.2038
      vertex -0.615822 -18.7166 15.8824
    endloop
  endfacet
  facet normal 0.499399 0.864984 0.0490186
    outer loop
      vertex -39.0414 -0.0339732 37.8505
      vertex -2.13853 -21.354 38.1
      vertex -2.1324 -21.3434 37.8505
    endloop
  endfacet
  facet normal 0.499398 0.864983 0.0490582
    outer loop
      vertex -2.13853 -21.354 38.1
      vertex -39.0414 -0.0339732 37.8505
      vertex -39.0414 -0.0481238 38.1
    endloop
  endfacet
  facet normal -0.499399 -0.864982 0.0490561
    outer loop
      vertex 0.400347 -16.9566 37.8505
      vertex -39.0414 5.8293 38.1
      vertex -39.0414 5.81515 37.8505
    endloop
  endfacet
  facet normal -0.4994 -0.864984 0.0490126
    outer loop
      vertex -39.0414 5.8293 38.1
      vertex 0.400347 -16.9566 37.8505
      vertex 0.406474 -16.946 38.1
    endloop
  endfacet
  facet normal -0.0246244 -0.0426506 0.998787
    outer loop
      vertex -39.0414 2.89059 35.555
      vertex -0.741299 -18.934 35.5673
      vertex -39.0414 3.17863 35.5673
    endloop
  endfacet
  facet normal -0.0246269 -0.0426549 0.998786
    outer loop
      vertex -0.741299 -18.934 35.5673
      vertex -39.0414 2.89059 35.555
      vertex -0.866025 -19.15 35.555
    endloop
  endfacet
  facet normal 0.335751 0.581538 0.741002
    outer loop
      vertex -39.0414 0.812605 36.3004
      vertex -1.67329 -20.5482 36.1327
      vertex -39.0414 1.02629 36.1327
    endloop
  endfacet
  facet normal 0.33572 0.581483 0.74106
    outer loop
      vertex -1.67329 -20.5482 36.1327
      vertex -39.0414 0.812605 36.3004
      vertex -1.76582 -20.7085 36.3004
    endloop
  endfacet
  facet normal -0.335756 -0.581546 0.740994
    outer loop
      vertex -39.0414 4.75489 36.1327
      vertex 0.0337677 -17.5915 36.3004
      vertex -39.0414 4.96857 36.3004
    endloop
  endfacet
  facet normal -0.335721 -0.581484 0.741058
    outer loop
      vertex 0.0337677 -17.5915 36.3004
      vertex -39.0414 4.75489 36.1327
      vertex -0.0587601 -17.7518 36.1327
    endloop
  endfacet
  facet normal -0.213799 -0.370311 0.903969
    outer loop
      vertex -39.0414 4.01518 35.7487
      vertex -0.266173 -18.111 35.8555
      vertex -39.0414 4.27589 35.8555
    endloop
  endfacet
  facet normal -0.213756 -0.370235 0.90401
    outer loop
      vertex -0.266173 -18.111 35.8555
      vertex -39.0414 4.01518 35.7487
      vertex -0.379061 -18.3066 35.7487
    endloop
  endfacet
  facet normal 0.45199 0.782868 0.427578
    outer loop
      vertex -39.0414 0.298876 36.9003
      vertex -2.04166 -21.1863 37.1261
      vertex -1.98827 -21.0938 36.9003
    endloop
  endfacet
  facet normal 0.452004 0.782892 0.427519
    outer loop
      vertex -2.04166 -21.1863 37.1261
      vertex -39.0414 0.298876 36.9003
      vertex -39.0414 0.175572 37.1261
    endloop
  endfacet
  facet normal 0.168376 0.291636 0.941593
    outer loop
      vertex -39.0414 1.76599 35.7487
      vertex -1.23541 -19.7898 35.6646
      vertex -39.0414 2.03752 35.6646
    endloop
  endfacet
  facet normal 0.168401 0.291679 0.941575
    outer loop
      vertex -1.23541 -19.7898 35.6646
      vertex -39.0414 1.76599 35.7487
      vertex -1.35299 -19.9934 35.7487
    endloop
  endfacet
  facet normal -0.428855 -0.742799 0.514133
    outer loop
      vertex 0.19202 -17.3174 36.6861
      vertex -39.0414 5.4823 36.9003
      vertex -39.0414 5.33404 36.6861
    endloop
  endfacet
  facet normal -0.428851 -0.742792 0.514147
    outer loop
      vertex -39.0414 5.4823 36.9003
      vertex 0.19202 -17.3174 36.6861
      vertex 0.256219 -17.2062 36.9003
    endloop
  endfacet
  facet normal -0.401597 -0.695584 0.59572
    outer loop
      vertex 0.11763 -17.4463 36.4855
      vertex -39.0414 5.33404 36.6861
      vertex -39.0414 5.16224 36.4855
    endloop
  endfacet
  facet normal -0.401556 -0.695514 0.59583
    outer loop
      vertex -39.0414 5.33404 36.6861
      vertex 0.11763 -17.4463 36.4855
      vertex 0.19202 -17.3174 36.6861
    endloop
  endfacet
  facet normal -0.257054 -0.44523 0.857726
    outer loop
      vertex -39.0414 4.27589 35.8555
      vertex -0.159062 -17.9255 35.9839
      vertex -39.0414 4.52325 35.9839
    endloop
  endfacet
  facet normal -0.257068 -0.445255 0.857708
    outer loop
      vertex -0.159062 -17.9255 35.9839
      vertex -39.0414 4.27589 35.8555
      vertex -0.266173 -18.111 35.8555
    endloop
  endfacet
  facet normal 0.0732618 0.126893 -0.989207
    outer loop
      vertex -39.0414 2.31727 40.5961
      vertex -0.990752 -19.366 40.6327
      vertex -1.11428 -19.58 40.5961
    endloop
  endfacet
  facet normal 0.073274 0.126914 -0.989204
    outer loop
      vertex -0.990752 -19.366 40.6327
      vertex -39.0414 2.31727 40.5961
      vertex -39.0414 2.60254 40.6327
    endloop
  endfacet
  facet normal 0.485001 0.840047 0.243093
    outer loop
      vertex -39.0414 0.0784161 37.3612
      vertex -2.11407 -21.3117 37.6035
      vertex -2.08373 -21.2591 37.3612
    endloop
  endfacet
  facet normal 0.48502 0.840077 0.242954
    outer loop
      vertex -2.11407 -21.3117 37.6035
      vertex -39.0414 0.0784161 37.3612
      vertex -39.0414 0.0083418 37.6035
    endloop
  endfacet
  facet normal 0.494595 0.856662 0.146648
    outer loop
      vertex -39.0414 0.0083418 37.6035
      vertex -2.1324 -21.3434 37.8505
      vertex -2.11407 -21.3117 37.6035
    endloop
  endfacet
  facet normal 0.494586 0.856648 0.146757
    outer loop
      vertex -2.1324 -21.3434 37.8505
      vertex -39.0414 0.0083418 37.6035
      vertex -39.0414 -0.0339732 37.8505
    endloop
  endfacet
  facet normal 0.470797 0.815443 0.336753
    outer loop
      vertex -39.0414 0.175572 37.1261
      vertex -2.08373 -21.2591 37.3612
      vertex -2.04166 -21.1863 37.1261
    endloop
  endfacet
  facet normal 0.47076 0.81538 0.336959
    outer loop
      vertex -2.08373 -21.2591 37.3612
      vertex -39.0414 0.175572 37.1261
      vertex -39.0414 0.0784161 37.3612
    endloop
  endfacet
  facet normal 0.401555 0.695514 0.59583
    outer loop
      vertex -39.0414 0.618933 36.4855
      vertex -1.92407 -20.9826 36.6861
      vertex -1.84968 -20.8537 36.4855
    endloop
  endfacet
  facet normal 0.401601 0.695592 0.595709
    outer loop
      vertex -1.92407 -20.9826 36.6861
      vertex -39.0414 0.618933 36.4855
      vertex -39.0414 0.447138 36.6861
    endloop
  endfacet
  facet normal 0.370516 0.641751 0.671471
    outer loop
      vertex -39.0414 0.618933 36.4855
      vertex -1.76582 -20.7085 36.3004
      vertex -39.0414 0.812605 36.3004
    endloop
  endfacet
  facet normal 0.370563 0.641834 0.671366
    outer loop
      vertex -1.76582 -20.7085 36.3004
      vertex -39.0414 0.618933 36.4855
      vertex -1.84968 -20.8537 36.4855
    endloop
  endfacet
  facet normal 0.121517 0.210474 0.970018
    outer loop
      vertex -39.0414 2.03752 35.6646
      vertex -1.11428 -19.58 35.6039
      vertex -39.0414 2.31727 35.6039
    endloop
  endfacet
  facet normal 0.121524 0.210485 0.970015
    outer loop
      vertex -1.11428 -19.58 35.6039
      vertex -39.0414 2.03752 35.6646
      vertex -1.23541 -19.7898 35.6646
    endloop
  endfacet
  facet normal 0.073274 0.126914 0.989204
    outer loop
      vertex -39.0414 2.31727 35.6039
      vertex -0.990752 -19.366 35.5673
      vertex -39.0414 2.60254 35.5673
    endloop
  endfacet
  facet normal 0.0732618 0.126893 0.989207
    outer loop
      vertex -0.990752 -19.366 35.5673
      vertex -39.0414 2.31727 35.6039
      vertex -1.11428 -19.58 35.6039
    endloop
  endfacet
  facet normal 0.0246235 0.0426491 0.998787
    outer loop
      vertex -39.0414 2.60254 35.5673
      vertex -0.866025 -19.15 35.555
      vertex -39.0414 2.89059 35.555
    endloop
  endfacet
  facet normal 0.0246268 0.0426549 0.998786
    outer loop
      vertex -0.866025 -19.15 35.555
      vertex -39.0414 2.60254 35.5673
      vertex -0.990752 -19.366 35.5673
    endloop
  endfacet
  facet normal 0.297876 0.515936 0.803168
    outer loop
      vertex -39.0414 1.02629 36.1327
      vertex -1.57299 -20.3745 35.9839
      vertex -39.0414 1.25793 35.9839
    endloop
  endfacet
  facet normal 0.297902 0.515982 0.803129
    outer loop
      vertex -1.57299 -20.3745 35.9839
      vertex -39.0414 1.02629 36.1327
      vertex -1.67329 -20.5482 36.1327
    endloop
  endfacet
  facet normal 0.213806 0.370323 0.903962
    outer loop
      vertex -39.0414 1.50529 35.8555
      vertex -1.35299 -19.9934 35.7487
      vertex -39.0414 1.76599 35.7487
    endloop
  endfacet
  facet normal 0.213755 0.370233 0.904011
    outer loop
      vertex -1.35299 -19.9934 35.7487
      vertex -39.0414 1.50529 35.8555
      vertex -1.46588 -20.189 35.8555
    endloop
  endfacet
  facet normal 0.257054 0.44523 0.857726
    outer loop
      vertex -39.0414 1.25793 35.9839
      vertex -1.46588 -20.189 35.8555
      vertex -39.0414 1.50529 35.8555
    endloop
  endfacet
  facet normal 0.257069 0.445256 0.857708
    outer loop
      vertex -1.46588 -20.189 35.8555
      vertex -39.0414 1.25793 35.9839
      vertex -1.57299 -20.3745 35.9839
    endloop
  endfacet
  facet normal -0.370518 -0.641754 0.671467
    outer loop
      vertex -39.0414 4.96857 36.3004
      vertex 0.11763 -17.4463 36.4855
      vertex -39.0414 5.16224 36.4855
    endloop
  endfacet
  facet normal -0.370562 -0.641832 0.671368
    outer loop
      vertex 0.11763 -17.4463 36.4855
      vertex -39.0414 4.96857 36.3004
      vertex 0.0337677 -17.5915 36.3004
    endloop
  endfacet
  facet normal -0.452006 -0.782897 0.427508
    outer loop
      vertex 0.256219 -17.2062 36.9003
      vertex -39.0414 5.6056 37.1261
      vertex -39.0414 5.4823 36.9003
    endloop
  endfacet
  facet normal -0.451988 -0.782867 0.427581
    outer loop
      vertex -39.0414 5.6056 37.1261
      vertex 0.256219 -17.2062 36.9003
      vertex 0.309611 -17.1137 37.1261
    endloop
  endfacet
  facet normal -0.470757 -0.815376 0.336971
    outer loop
      vertex 0.309611 -17.1137 37.1261
      vertex -39.0414 5.70276 37.3612
      vertex -39.0414 5.6056 37.1261
    endloop
  endfacet
  facet normal -0.470797 -0.815443 0.336753
    outer loop
      vertex -39.0414 5.70276 37.3612
      vertex 0.309611 -17.1137 37.1261
      vertex 0.351681 -17.0409 37.3612
    endloop
  endfacet
  facet normal -0.485022 -0.84008 0.24294
    outer loop
      vertex 0.351681 -17.0409 37.3612
      vertex -39.0414 5.77283 37.6035
      vertex -39.0414 5.70276 37.3612
    endloop
  endfacet
  facet normal -0.485001 -0.840046 0.243099
    outer loop
      vertex -39.0414 5.77283 37.6035
      vertex 0.351681 -17.0409 37.3612
      vertex 0.382024 -16.9883 37.6035
    endloop
  endfacet
  facet normal -0.494585 -0.856646 0.146774
    outer loop
      vertex 0.382024 -16.9883 37.6035
      vertex -39.0414 5.81515 37.8505
      vertex -39.0414 5.77283 37.6035
    endloop
  endfacet
  facet normal -0.494596 -0.856664 0.146635
    outer loop
      vertex -39.0414 5.81515 37.8505
      vertex 0.382024 -16.9883 37.6035
      vertex 0.400347 -16.9566 37.8505
    endloop
  endfacet
  facet normal -0.297877 -0.515936 0.803168
    outer loop
      vertex -39.0414 4.52325 35.9839
      vertex -0.0587601 -17.7518 36.1327
      vertex -39.0414 4.75489 36.1327
    endloop
  endfacet
  facet normal -0.297902 -0.51598 0.803131
    outer loop
      vertex -0.0587601 -17.7518 36.1327
      vertex -39.0414 4.52325 35.9839
      vertex -0.159062 -17.9255 35.9839
    endloop
  endfacet
  facet normal -0.073274 -0.126914 0.989204
    outer loop
      vertex -39.0414 3.17863 35.5673
      vertex -0.617773 -18.72 35.6039
      vertex -39.0414 3.4639 35.6039
    endloop
  endfacet
  facet normal -0.0732622 -0.126893 0.989207
    outer loop
      vertex -0.617773 -18.72 35.6039
      vertex -39.0414 3.17863 35.5673
      vertex -0.741299 -18.934 35.5673
    endloop
  endfacet
  facet normal -0.121517 -0.210474 0.970018
    outer loop
      vertex -39.0414 3.4639 35.6039
      vertex -0.496638 -18.5102 35.6646
      vertex -39.0414 3.74365 35.6646
    endloop
  endfacet
  facet normal -0.121522 -0.210483 0.970015
    outer loop
      vertex -0.496638 -18.5102 35.6646
      vertex -39.0414 3.4639 35.6039
      vertex -0.617773 -18.72 35.6039
    endloop
  endfacet
  facet normal 0.257069 0.445256 -0.857708
    outer loop
      vertex -39.0414 1.25793 40.2161
      vertex -1.46588 -20.189 40.3445
      vertex -1.57299 -20.3745 40.2161
    endloop
  endfacet
  facet normal 0.257054 0.44523 -0.857726
    outer loop
      vertex -1.46588 -20.189 40.3445
      vertex -39.0414 1.25793 40.2161
      vertex -39.0414 1.50529 40.3445
    endloop
  endfacet
  facet normal 0.45199 0.782868 -0.427578
    outer loop
      vertex -2.04166 -21.1863 39.0739
      vertex -39.0414 0.298876 39.2997
      vertex -1.98827 -21.0938 39.2997
    endloop
  endfacet
  facet normal 0.452004 0.782892 -0.427519
    outer loop
      vertex -39.0414 0.298876 39.2997
      vertex -2.04166 -21.1863 39.0739
      vertex -39.0414 0.175572 39.0739
    endloop
  endfacet
  facet normal -0.485022 -0.84008 -0.24294
    outer loop
      vertex -39.0414 5.77283 38.5965
      vertex 0.351681 -17.0409 38.8388
      vertex -39.0414 5.70276 38.8388
    endloop
  endfacet
  facet normal -0.485001 -0.840046 -0.243099
    outer loop
      vertex 0.351681 -17.0409 38.8388
      vertex -39.0414 5.77283 38.5965
      vertex 0.382024 -16.9883 38.5965
    endloop
  endfacet
  facet normal 0.213755 0.370233 -0.904011
    outer loop
      vertex -39.0414 1.50529 40.3445
      vertex -1.35299 -19.9934 40.4513
      vertex -1.46588 -20.189 40.3445
    endloop
  endfacet
  facet normal 0.213806 0.370323 -0.903962
    outer loop
      vertex -1.35299 -19.9934 40.4513
      vertex -39.0414 1.50529 40.3445
      vertex -39.0414 1.76599 40.4513
    endloop
  endfacet
  facet normal 0.121524 0.210485 -0.970015
    outer loop
      vertex -39.0414 2.03752 40.5354
      vertex -1.11428 -19.58 40.5961
      vertex -1.23541 -19.7898 40.5354
    endloop
  endfacet
  facet normal 0.121517 0.210474 -0.970018
    outer loop
      vertex -1.11428 -19.58 40.5961
      vertex -39.0414 2.03752 40.5354
      vertex -39.0414 2.31727 40.5961
    endloop
  endfacet
  facet normal 0.428851 0.742791 0.514148
    outer loop
      vertex -39.0414 0.447138 36.6861
      vertex -1.98827 -21.0938 36.9003
      vertex -1.92407 -20.9826 36.6861
    endloop
  endfacet
  facet normal 0.428854 0.742796 0.514138
    outer loop
      vertex -1.98827 -21.0938 36.9003
      vertex -39.0414 0.447138 36.6861
      vertex -39.0414 0.298876 36.9003
    endloop
  endfacet
  facet normal -0.168377 -0.291636 0.941593
    outer loop
      vertex -39.0414 3.74365 35.6646
      vertex -0.379061 -18.3066 35.7487
      vertex -39.0414 4.01518 35.7487
    endloop
  endfacet
  facet normal -0.168402 -0.291681 0.941575
    outer loop
      vertex -0.379061 -18.3066 35.7487
      vertex -39.0414 3.74365 35.6646
      vertex -0.496638 -18.5102 35.6646
    endloop
  endfacet
  facet normal 0.494595 0.856662 -0.146648
    outer loop
      vertex -2.1324 -21.3434 38.3495
      vertex -39.0414 0.0083418 38.5965
      vertex -2.11407 -21.3117 38.5965
    endloop
  endfacet
  facet normal 0.494586 0.856648 -0.146757
    outer loop
      vertex -39.0414 0.0083418 38.5965
      vertex -2.1324 -21.3434 38.3495
      vertex -39.0414 -0.0339732 38.3495
    endloop
  endfacet
  facet normal 0.499399 0.864984 -0.0490186
    outer loop
      vertex -2.13853 -21.354 38.1
      vertex -39.0414 -0.0339732 38.3495
      vertex -2.1324 -21.3434 38.3495
    endloop
  endfacet
  facet normal 0.499398 0.864983 -0.0490582
    outer loop
      vertex -39.0414 -0.0339732 38.3495
      vertex -2.13853 -21.354 38.1
      vertex -39.0414 -0.0481238 38.1
    endloop
  endfacet
  facet normal -0.0246269 -0.0426549 -0.998786
    outer loop
      vertex -39.0414 2.89059 40.645
      vertex -0.741299 -18.934 40.6327
      vertex -0.866025 -19.15 40.645
    endloop
  endfacet
  facet normal -0.0246244 -0.0426506 -0.998787
    outer loop
      vertex -0.741299 -18.934 40.6327
      vertex -39.0414 2.89059 40.645
      vertex -39.0414 3.17863 40.6327
    endloop
  endfacet
  facet normal -0.401597 -0.695584 -0.59572
    outer loop
      vertex -39.0414 5.33404 39.5139
      vertex 0.11763 -17.4463 39.7145
      vertex -39.0414 5.16224 39.7145
    endloop
  endfacet
  facet normal -0.401556 -0.695514 -0.59583
    outer loop
      vertex 0.11763 -17.4463 39.7145
      vertex -39.0414 5.33404 39.5139
      vertex 0.19202 -17.3174 39.5139
    endloop
  endfacet
  facet normal -0.452006 -0.782897 -0.427508
    outer loop
      vertex -39.0414 5.6056 39.0739
      vertex 0.256219 -17.2062 39.2997
      vertex -39.0414 5.4823 39.2997
    endloop
  endfacet
  facet normal -0.451988 -0.782867 -0.427581
    outer loop
      vertex 0.256219 -17.2062 39.2997
      vertex -39.0414 5.6056 39.0739
      vertex 0.309611 -17.1137 39.0739
    endloop
  endfacet
  facet normal -0.428855 -0.742799 -0.514133
    outer loop
      vertex -39.0414 5.4823 39.2997
      vertex 0.19202 -17.3174 39.5139
      vertex -39.0414 5.33404 39.5139
    endloop
  endfacet
  facet normal -0.428851 -0.742792 -0.514147
    outer loop
      vertex 0.19202 -17.3174 39.5139
      vertex -39.0414 5.4823 39.2997
      vertex 0.256219 -17.2062 39.2997
    endloop
  endfacet
  facet normal -0.499399 -0.864982 -0.0490561
    outer loop
      vertex -39.0414 5.8293 38.1
      vertex 0.400347 -16.9566 38.3495
      vertex -39.0414 5.81515 38.3495
    endloop
  endfacet
  facet normal -0.4994 -0.864984 -0.0490126
    outer loop
      vertex 0.400347 -16.9566 38.3495
      vertex -39.0414 5.8293 38.1
      vertex 0.406474 -16.946 38.1
    endloop
  endfacet
  facet normal 0.470797 0.815443 -0.336753
    outer loop
      vertex -2.08373 -21.2591 38.8388
      vertex -39.0414 0.175572 39.0739
      vertex -2.04166 -21.1863 39.0739
    endloop
  endfacet
  facet normal 0.47076 0.81538 -0.336959
    outer loop
      vertex -39.0414 0.175572 39.0739
      vertex -2.08373 -21.2591 38.8388
      vertex -39.0414 0.0784161 38.8388
    endloop
  endfacet
  facet normal 0.485001 0.840047 -0.243093
    outer loop
      vertex -2.11407 -21.3117 38.5965
      vertex -39.0414 0.0784161 38.8388
      vertex -2.08373 -21.2591 38.8388
    endloop
  endfacet
  facet normal 0.48502 0.840077 -0.242954
    outer loop
      vertex -39.0414 0.0784161 38.8388
      vertex -2.11407 -21.3117 38.5965
      vertex -39.0414 0.0083418 38.5965
    endloop
  endfacet
  facet normal 0.401555 0.695514 -0.59583
    outer loop
      vertex -1.92407 -20.9826 39.5139
      vertex -39.0414 0.618933 39.7145
      vertex -1.84968 -20.8537 39.7145
    endloop
  endfacet
  facet normal 0.401601 0.695592 -0.595709
    outer loop
      vertex -39.0414 0.618933 39.7145
      vertex -1.92407 -20.9826 39.5139
      vertex -39.0414 0.447138 39.5139
    endloop
  endfacet
  facet normal 0.428851 0.742791 -0.514148
    outer loop
      vertex -1.98827 -21.0938 39.2997
      vertex -39.0414 0.447138 39.5139
      vertex -1.92407 -20.9826 39.5139
    endloop
  endfacet
  facet normal 0.428854 0.742796 -0.514138
    outer loop
      vertex -39.0414 0.447138 39.5139
      vertex -1.98827 -21.0938 39.2997
      vertex -39.0414 0.298876 39.2997
    endloop
  endfacet
  facet normal 0.0246268 0.0426549 -0.998786
    outer loop
      vertex -39.0414 2.60254 40.6327
      vertex -0.866025 -19.15 40.645
      vertex -0.990752 -19.366 40.6327
    endloop
  endfacet
  facet normal 0.0246235 0.0426491 -0.998787
    outer loop
      vertex -0.866025 -19.15 40.645
      vertex -39.0414 2.60254 40.6327
      vertex -39.0414 2.89059 40.645
    endloop
  endfacet
  facet normal -0.0732622 -0.126893 -0.989207
    outer loop
      vertex -39.0414 3.17863 40.6327
      vertex -0.617773 -18.72 40.5961
      vertex -0.741299 -18.934 40.6327
    endloop
  endfacet
  facet normal -0.073274 -0.126914 -0.989204
    outer loop
      vertex -0.617773 -18.72 40.5961
      vertex -39.0414 3.17863 40.6327
      vertex -39.0414 3.4639 40.5961
    endloop
  endfacet
  facet normal -0.370562 -0.641832 -0.671368
    outer loop
      vertex -39.0414 4.96857 39.8996
      vertex 0.11763 -17.4463 39.7145
      vertex 0.0337677 -17.5915 39.8996
    endloop
  endfacet
  facet normal -0.370518 -0.641754 -0.671467
    outer loop
      vertex 0.11763 -17.4463 39.7145
      vertex -39.0414 4.96857 39.8996
      vertex -39.0414 5.16224 39.7145
    endloop
  endfacet
  facet normal -0.494585 -0.856646 -0.146774
    outer loop
      vertex -39.0414 5.81515 38.3495
      vertex 0.382024 -16.9883 38.5965
      vertex -39.0414 5.77283 38.5965
    endloop
  endfacet
  facet normal -0.494596 -0.856664 -0.146635
    outer loop
      vertex 0.382024 -16.9883 38.5965
      vertex -39.0414 5.81515 38.3495
      vertex 0.400347 -16.9566 38.3495
    endloop
  endfacet
  facet normal -0.470757 -0.815376 -0.336971
    outer loop
      vertex -39.0414 5.70276 38.8388
      vertex 0.309611 -17.1137 39.0739
      vertex -39.0414 5.6056 39.0739
    endloop
  endfacet
  facet normal -0.470797 -0.815443 -0.336753
    outer loop
      vertex 0.309611 -17.1137 39.0739
      vertex -39.0414 5.70276 38.8388
      vertex 0.351681 -17.0409 38.8388
    endloop
  endfacet
  facet normal 0.297902 0.515982 -0.803129
    outer loop
      vertex -39.0414 1.02629 40.0673
      vertex -1.57299 -20.3745 40.2161
      vertex -1.67329 -20.5482 40.0673
    endloop
  endfacet
  facet normal 0.297876 0.515936 -0.803168
    outer loop
      vertex -1.57299 -20.3745 40.2161
      vertex -39.0414 1.02629 40.0673
      vertex -39.0414 1.25793 40.2161
    endloop
  endfacet
  facet normal 0.370563 0.641834 -0.671366
    outer loop
      vertex -39.0414 0.618933 39.7145
      vertex -1.76582 -20.7085 39.8996
      vertex -1.84968 -20.8537 39.7145
    endloop
  endfacet
  facet normal 0.370516 0.641751 -0.671471
    outer loop
      vertex -1.76582 -20.7085 39.8996
      vertex -39.0414 0.618933 39.7145
      vertex -39.0414 0.812605 39.8996
    endloop
  endfacet
  facet normal 0.33572 0.581483 -0.74106
    outer loop
      vertex -39.0414 0.812605 39.8996
      vertex -1.67329 -20.5482 40.0673
      vertex -1.76582 -20.7085 39.8996
    endloop
  endfacet
  facet normal 0.335751 0.581538 -0.741002
    outer loop
      vertex -1.67329 -20.5482 40.0673
      vertex -39.0414 0.812605 39.8996
      vertex -39.0414 1.02629 40.0673
    endloop
  endfacet
  facet normal -0.121522 -0.210483 -0.970015
    outer loop
      vertex -39.0414 3.4639 40.5961
      vertex -0.496638 -18.5102 40.5354
      vertex -0.617773 -18.72 40.5961
    endloop
  endfacet
  facet normal -0.121517 -0.210474 -0.970018
    outer loop
      vertex -0.496638 -18.5102 40.5354
      vertex -39.0414 3.4639 40.5961
      vertex -39.0414 3.74365 40.5354
    endloop
  endfacet
  facet normal -0.335721 -0.581484 -0.741058
    outer loop
      vertex -39.0414 4.75489 40.0673
      vertex 0.0337677 -17.5915 39.8996
      vertex -0.0587601 -17.7518 40.0673
    endloop
  endfacet
  facet normal -0.335756 -0.581546 -0.740994
    outer loop
      vertex 0.0337677 -17.5915 39.8996
      vertex -39.0414 4.75489 40.0673
      vertex -39.0414 4.96857 39.8996
    endloop
  endfacet
  facet normal -0.257068 -0.445255 -0.857708
    outer loop
      vertex -39.0414 4.27589 40.3445
      vertex -0.159062 -17.9255 40.2161
      vertex -0.266173 -18.111 40.3445
    endloop
  endfacet
  facet normal -0.257054 -0.44523 -0.857726
    outer loop
      vertex -0.159062 -17.9255 40.2161
      vertex -39.0414 4.27589 40.3445
      vertex -39.0414 4.52325 40.2161
    endloop
  endfacet
  facet normal 0.168401 0.291679 -0.941575
    outer loop
      vertex -39.0414 1.76599 40.4513
      vertex -1.23541 -19.7898 40.5354
      vertex -1.35299 -19.9934 40.4513
    endloop
  endfacet
  facet normal 0.168376 0.291636 -0.941593
    outer loop
      vertex -1.23541 -19.7898 40.5354
      vertex -39.0414 1.76599 40.4513
      vertex -39.0414 2.03752 40.5354
    endloop
  endfacet
  facet normal -0.297902 -0.51598 -0.803131
    outer loop
      vertex -39.0414 4.52325 40.2161
      vertex -0.0587601 -17.7518 40.0673
      vertex -0.159062 -17.9255 40.2161
    endloop
  endfacet
  facet normal -0.297877 -0.515936 -0.803168
    outer loop
      vertex -0.0587601 -17.7518 40.0673
      vertex -39.0414 4.52325 40.2161
      vertex -39.0414 4.75489 40.0673
    endloop
  endfacet
  facet normal -0.213756 -0.370235 -0.90401
    outer loop
      vertex -39.0414 4.01518 40.4513
      vertex -0.266173 -18.111 40.3445
      vertex -0.379061 -18.3066 40.4513
    endloop
  endfacet
  facet normal -0.213799 -0.370311 -0.903969
    outer loop
      vertex -0.266173 -18.111 40.3445
      vertex -39.0414 4.01518 40.4513
      vertex -39.0414 4.27589 40.3445
    endloop
  endfacet
  facet normal -0.168402 -0.291681 -0.941575
    outer loop
      vertex -39.0414 3.74365 40.5354
      vertex -0.379061 -18.3066 40.4513
      vertex -0.496638 -18.5102 40.5354
    endloop
  endfacet
  facet normal -0.168377 -0.291636 -0.941593
    outer loop
      vertex -0.379061 -18.3066 40.4513
      vertex -39.0414 3.74365 40.5354
      vertex -39.0414 4.01518 40.4513
    endloop
  endfacet
  facet normal 0.898653 0.43677 0.0406806
    outer loop
      vertex -2.14853 -21.3714 38.1
      vertex -1.09405 -23.5278 37.9584
      vertex -2.14235 -21.3607 37.8486
    endloop
  endfacet
  facet normal 0.89865 0.436755 0.0409005
    outer loop
      vertex -1.09405 -23.5278 37.9584
      vertex -2.14853 -21.3714 38.1
      vertex -1.09753 -23.5339 38.1
    endloop
  endfacet
  facet normal 0.898654 0.43677 0.0406645
    outer loop
      vertex -2.14235 -21.3607 37.8486
      vertex -1.09405 -23.5278 37.9584
      vertex -1.08811 -23.5175 37.7165
    endloop
  endfacet
  facet normal 0.206566 -0.76196 -0.613798
    outer loop
      vertex 0.0408388 -17.5793 39.9137
      vertex 2.09958 -17.9963 41.1242
      vertex -0.0524163 -17.7408 40.0828
    endloop
  endfacet
  facet normal 0.206752 -0.76172 -0.614032
    outer loop
      vertex 2.09958 -17.9963 41.1242
      vertex 0.0408388 -17.5793 39.9137
      vertex 2.15211 -17.9053 41.029
    endloop
  endfacet
  facet normal 0.73161 0.147423 0.665592
    outer loop
      vertex -1.67963 -20.5592 36.1172
      vertex -0.325405 -22.1965 34.9913
      vertex -1.57854 -20.3841 35.9673
    endloop
  endfacet
  facet normal 0.731739 0.147662 0.665398
    outer loop
      vertex -0.325405 -22.1965 34.9913
      vertex -1.67963 -20.5592 36.1172
      vertex -0.382347 -22.2951 35.0758
    endloop
  endfacet
  facet normal 0.886756 0.416136 -0.201233
    outer loop
      vertex -2.0933 -21.2757 38.8446
      vertex -1.01329 -23.388 39.2357
      vertex -1.04271 -23.4389 39.0008
    endloop
  endfacet
  facet normal 0.177921 -0.811652 0.556386
    outer loop
      vertex 0.0408388 -17.5793 36.2863
      vertex 2.24182 -17.7499 35.3336
      vertex 2.32312 -17.6091 35.513
    endloop
  endfacet
  facet normal 0.791839 0.251723 -0.556441
    outer loop
      vertex -1.77289 -20.7207 39.9137
      vertex -0.524584 -22.5415 40.8664
      vertex -0.605892 -22.6823 40.687
    endloop
  endfacet
  facet normal 0.0750505 -0.989734 0.121628
    outer loop
      vertex 0.391831 -16.9713 37.5996
      vertex 2.78757 -16.8047 37.477
      vertex 0.410299 -16.9393 37.8486
    endloop
  endfacet
  facet normal 0.0750453 -0.98975 0.121505
    outer loop
      vertex 2.78757 -16.8047 37.477
      vertex 0.391831 -16.9713 37.5996
      vertex 2.77717 -16.8227 37.3368
    endloop
  endfacet
  facet normal 0.345315 -0.521652 0.780152
    outer loop
      vertex -0.375234 -18.2999 35.7302
      vertex 1.4932 -19.0466 34.4039
      vertex 1.6072 -18.8491 34.4855
    endloop
  endfacet
  facet normal 0.791839 0.251723 0.556441
    outer loop
      vertex -1.77289 -20.7207 36.2863
      vertex -0.605892 -22.6823 35.513
      vertex -0.524584 -22.5415 35.3336
    endloop
  endfacet
  facet normal 0.73162 0.147437 0.665578
    outer loop
      vertex -1.57854 -20.3841 35.9673
      vertex -0.325405 -22.1965 34.9913
      vertex -0.228158 -22.0281 34.8471
    endloop
  endfacet
  facet normal 0.697845 0.0889451 0.710704
    outer loop
      vertex -1.57854 -20.3841 35.9673
      vertex -0.16735 -21.9227 34.7742
      vertex -1.47059 -20.1971 35.8379
    endloop
  endfacet
  facet normal 0.697848 0.0889503 0.710701
    outer loop
      vertex -0.16735 -21.9227 34.7742
      vertex -1.57854 -20.3841 35.9673
      vertex -0.228158 -22.0281 34.8471
    endloop
  endfacet
  facet normal 0.874952 0.395695 0.27908
    outer loop
      vertex -2.0933 -21.2757 37.3554
      vertex -0.989411 -23.3466 36.8308
      vertex -2.0509 -21.2023 37.1184
    endloop
  endfacet
  facet normal 0.874932 0.395655 0.279196
    outer loop
      vertex -0.989411 -23.3466 36.8308
      vertex -2.0933 -21.2757 37.3554
      vertex -1.01329 -23.388 36.9643
    endloop
  endfacet
  facet normal 0.859372 0.368704 0.354313
    outer loop
      vertex -2.0509 -21.2023 37.1184
      vertex -0.948623 -23.276 36.6028
      vertex -0.896857 -23.1863 36.3839
    endloop
  endfacet
  facet normal 0.0750627 -0.989723 -0.12171
    outer loop
      vertex 0.410299 -16.9393 38.3514
      vertex 2.80534 -16.7739 38.4835
      vertex 2.78757 -16.8047 38.723
    endloop
  endfacet
  facet normal 0.345341 -0.52166 -0.780135
    outer loop
      vertex -0.375234 -18.2999 40.4697
      vertex 1.6072 -18.8491 41.7145
      vertex 1.4932 -19.0466 41.7961
    endloop
  endfacet
  facet normal 0.545635 -0.174702 -0.819611
    outer loop
      vertex -0.991732 -19.3677 40.6526
      vertex 0.666881 -20.4778 41.9934
      vertex 0.547118 -20.6853 41.9579
    endloop
  endfacet
  facet normal 0.697848 0.0889503 -0.710701
    outer loop
      vertex -1.57854 -20.3841 40.2327
      vertex -0.16735 -21.9227 41.4258
      vertex -0.228158 -22.0281 41.3529
    endloop
  endfacet
  facet normal 0.697845 0.0889451 -0.710704
    outer loop
      vertex -0.16735 -21.9227 41.4258
      vertex -1.57854 -20.3841 40.2327
      vertex -1.47059 -20.1971 40.3621
    endloop
  endfacet
  facet normal 0.817606 0.296367 -0.493646
    outer loop
      vertex -1.93238 -20.997 39.525
      vertex -0.695733 -22.8379 40.468
      vertex -0.767856 -22.9629 40.2735
    endloop
  endfacet
  facet normal 0.894678 0.429876 -0.121485
    outer loop
      vertex -2.14235 -21.3607 38.3514
      vertex -1.07034 -23.4868 38.723
      vertex -1.08811 -23.5175 38.4835
    endloop
  endfacet
  facet normal 0.585403 -0.10585 -0.803803
    outer loop
      vertex -1.23832 -19.7948 40.5546
      vertex 0.476992 -20.8067 41.9371
      vertex 0.408223 -20.9258 41.9027
    endloop
  endfacet
  facet normal 0.58543 -0.105788 -0.803791
    outer loop
      vertex 0.476992 -20.8067 41.9371
      vertex -1.23832 -19.7948 40.5546
      vertex -1.11623 -19.5834 40.6157
    endloop
  endfacet
  facet normal 0.624315 -0.0385116 -0.780223
    outer loop
      vertex -1.35682 -20.0001 40.4697
      vertex 0.290778 -21.1292 41.8438
      vertex 0.224029 -21.2449 41.7961
    endloop
  endfacet
  facet normal 0.624571 -0.0379237 -0.780047
    outer loop
      vertex 0.290778 -21.1292 41.8438
      vertex -1.35682 -20.0001 40.4697
      vertex -1.23832 -19.7948 40.5546
    endloop
  endfacet
  facet normal 0.898654 0.43677 -0.0406645
    outer loop
      vertex -2.14235 -21.3607 38.3514
      vertex -1.08811 -23.5175 38.4835
      vertex -1.09405 -23.5278 38.2416
    endloop
  endfacet
  facet normal 0.898653 0.43677 -0.0406806
    outer loop
      vertex -1.09405 -23.5278 38.2416
      vertex -2.14853 -21.3714 38.1
      vertex -2.14235 -21.3607 38.3514
    endloop
  endfacet
  facet normal 0.89865 0.436755 -0.0409005
    outer loop
      vertex -2.14853 -21.3714 38.1
      vertex -1.09405 -23.5278 38.2416
      vertex -1.09753 -23.5339 38.1
    endloop
  endfacet
  facet normal 0.894678 0.429876 0.121485
    outer loop
      vertex -2.14235 -21.3607 37.8486
      vertex -1.08811 -23.5175 37.7165
      vertex -1.07034 -23.4868 37.477
    endloop
  endfacet
  facet normal 0.424119 -0.38519 0.819604
    outer loop
      vertex -0.740319 -18.9323 35.5474
      vertex 1.05035 -19.8136 34.2066
      vertex 1.17011 -19.6062 34.2421
    endloop
  endfacet
  facet normal 0.791836 0.251718 0.556448
    outer loop
      vertex -1.85741 -20.8671 36.4728
      vertex -0.605892 -22.6823 35.513
      vertex -1.77289 -20.7207 36.2863
    endloop
  endfacet
  facet normal 0.791875 0.251792 0.556358
    outer loop
      vertex -0.605892 -22.6823 35.513
      vertex -1.85741 -20.8671 36.4728
      vertex -0.653501 -22.7648 35.6181
    endloop
  endfacet
  facet normal 0.545627 -0.174714 0.819613
    outer loop
      vertex -1.11623 -19.5834 35.5843
      vertex 0.547118 -20.6853 34.2421
      vertex -0.991732 -19.3677 35.5474
    endloop
  endfacet
  facet normal 0.545612 -0.174741 0.819617
    outer loop
      vertex 0.547118 -20.6853 34.2421
      vertex -1.11623 -19.5834 35.5843
      vertex 0.476992 -20.8067 34.2629
    endloop
  endfacet
  facet normal 0.840221 0.335547 0.425954
    outer loop
      vertex -1.99709 -21.1091 36.8909
      vertex -0.866546 -23.1338 36.2558
      vertex -0.804302 -23.026 36.0481
    endloop
  endfacet
  facet normal 0.886737 0.416118 0.201354
    outer loop
      vertex -2.12388 -21.3287 37.5996
      vertex -1.04271 -23.4389 37.1992
      vertex -2.0933 -21.2757 37.3554
    endloop
  endfacet
  facet normal 0.886726 0.416094 0.20145
    outer loop
      vertex -1.04271 -23.4389 37.1992
      vertex -2.12388 -21.3287 37.5996
      vertex -1.05994 -23.4688 37.3368
    endloop
  endfacet
  facet normal 0.886756 0.416136 0.201233
    outer loop
      vertex -2.0933 -21.2757 37.3554
      vertex -1.04271 -23.4389 37.1992
      vertex -1.01329 -23.388 36.9643
    endloop
  endfacet
  facet normal 0.874957 0.395701 0.279054
    outer loop
      vertex -2.0509 -21.2023 37.1184
      vertex -0.989411 -23.3466 36.8308
      vertex -0.948623 -23.276 36.6028
    endloop
  endfacet
  facet normal 0.094795 -0.955602 -0.278995
    outer loop
      vertex 0.36125 -17.0243 38.8446
      vertex 2.70664 -16.9448 39.3692
      vertex 0.31885 -17.0977 39.0816
    endloop
  endfacet
  facet normal 0.0947329 -0.955693 -0.278704
    outer loop
      vertex 2.70664 -16.9448 39.3692
      vertex 0.36125 -17.0243 38.8446
      vertex 2.73053 -16.9035 39.2357
    endloop
  endfacet
  facet normal 0.0710717 -0.996641 -0.0406913
    outer loop
      vertex 0.410299 -16.9393 38.3514
      vertex 2.81128 -16.7636 38.2416
      vertex 2.80534 -16.7739 38.4835
    endloop
  endfacet
  facet normal 0.152081 -0.856341 -0.493509
    outer loop
      vertex 0.200334 -17.303 39.525
      vertex 2.48509 -17.3286 40.2735
      vertex 2.41296 -17.4535 40.468
    endloop
  endfacet
  facet normal 0.206719 -0.761768 -0.613985
    outer loop
      vertex 0.0408388 -17.5793 39.9137
      vertex 2.24182 -17.7499 40.8664
      vertex 2.15211 -17.9053 41.029
    endloop
  endfacet
  facet normal 0.0830224 -0.975964 -0.2015
    outer loop
      vertex 0.36125 -17.0243 38.8446
      vertex 2.75994 -16.8525 39.0008
      vertex 2.73053 -16.9035 39.2357
    endloop
  endfacet
  facet normal 0.0948283 -0.955503 -0.279325
    outer loop
      vertex 0.31885 -17.0977 39.0816
      vertex 2.70664 -16.9448 39.3692
      vertex 2.66585 -17.0155 39.5972
    endloop
  endfacet
  facet normal 0.238151 -0.707296 -0.665595
    outer loop
      vertex -0.0524163 -17.7408 40.0828
      vertex 2.04264 -18.0949 41.2087
      vertex -0.153507 -17.9159 40.2327
    endloop
  endfacet
  facet normal 0.237958 -0.707607 -0.665334
    outer loop
      vertex 2.04264 -18.0949 41.2087
      vertex -0.0524163 -17.7408 40.0828
      vertex 2.09958 -17.9963 41.1242
    endloop
  endfacet
  facet normal 0.424141 -0.385129 -0.819622
    outer loop
      vertex 1.17011 -19.6062 41.9579
      vertex -0.615822 -18.7166 40.6157
      vertex 1.24024 -19.4847 41.9371
    endloop
  endfacet
  facet normal 0.42419 -0.385048 -0.819634
    outer loop
      vertex -0.615822 -18.7166 40.6157
      vertex 1.17011 -19.6062 41.9579
      vertex -0.740319 -18.9323 40.6526
    endloop
  endfacet
  facet normal 0.505207 -0.244723 -0.827573
    outer loop
      vertex -0.991732 -19.3677 40.6526
      vertex 0.787808 -20.2684 42.0053
      vertex 0.666881 -20.4778 41.9934
    endloop
  endfacet
  facet normal 0.763075 0.201904 -0.613964
    outer loop
      vertex -1.77289 -20.7207 39.9137
      vertex -0.434875 -22.3861 41.029
      vertex -0.524584 -22.5415 40.8664
    endloop
  endfacet
  facet normal 0.859372 0.368704 -0.354313
    outer loop
      vertex -2.0509 -21.2023 39.0816
      vertex -0.896857 -23.1863 39.8161
      vertex -0.948623 -23.276 39.5972
    endloop
  endfacet
  facet normal 0.874952 0.395695 -0.27908
    outer loop
      vertex -0.989411 -23.3466 39.3692
      vertex -2.0933 -21.2757 38.8446
      vertex -2.0509 -21.2023 39.0816
    endloop
  endfacet
  facet normal 0.874932 0.395655 -0.279196
    outer loop
      vertex -2.0933 -21.2757 38.8446
      vertex -0.989411 -23.3466 39.3692
      vertex -1.01329 -23.388 39.2357
    endloop
  endfacet
  facet normal 0.66195 0.0267678 -0.74907
    outer loop
      vertex -1.47059 -20.1971 40.3621
      vertex 0.000584579 -21.6319 41.6109
      vertex -0.0635024 -21.7429 41.5503
    endloop
  endfacet
  facet normal 0.661979 0.0268205 -0.749043
    outer loop
      vertex 0.000584579 -21.6319 41.6109
      vertex -1.47059 -20.1971 40.3621
      vertex -1.35682 -20.0001 40.4697
    endloop
  endfacet
  facet normal 0.545612 -0.174741 -0.819617
    outer loop
      vertex -1.11623 -19.5834 40.6157
      vertex 0.547118 -20.6853 41.9579
      vertex 0.476992 -20.8067 41.9371
    endloop
  endfacet
  facet normal 0.545627 -0.174714 -0.819613
    outer loop
      vertex 0.547118 -20.6853 41.9579
      vertex -1.11623 -19.5834 40.6157
      vertex -0.991732 -19.3677 40.6526
    endloop
  endfacet
  facet normal 0.585622 -0.10541 -0.803701
    outer loop
      vertex -1.23832 -19.7948 40.5546
      vertex 0.408223 -20.9258 41.9027
      vertex 0.290778 -21.1292 41.8438
    endloop
  endfacet
  facet normal 0.894677 0.429857 -0.121555
    outer loop
      vertex -1.07034 -23.4868 38.723
      vertex -2.12388 -21.3287 38.6004
      vertex -1.05994 -23.4688 38.8632
    endloop
  endfacet
  facet normal 0.894673 0.429852 -0.121606
    outer loop
      vertex -2.12388 -21.3287 38.6004
      vertex -1.07034 -23.4868 38.723
      vertex -2.14235 -21.3607 38.3514
    endloop
  endfacet
  facet normal 0.0710621 -0.99665 0.0404845
    outer loop
      vertex 0.416474 -16.9286 38.1
      vertex 2.81128 -16.7636 37.9584
      vertex 2.81476 -16.7576 38.1
    endloop
  endfacet
  facet normal 0.0710726 -0.996642 0.040673
    outer loop
      vertex 2.81128 -16.7636 37.9584
      vertex 0.416474 -16.9286 38.1
      vertex 0.410299 -16.9393 37.8486
    endloop
  endfacet
  facet normal 0.0830224 -0.975964 0.2015
    outer loop
      vertex 0.36125 -17.0243 37.3554
      vertex 2.73053 -16.9035 36.9643
      vertex 2.75994 -16.8525 37.1992
    endloop
  endfacet
  facet normal 0.129485 -0.895438 0.42594
    outer loop
      vertex 0.265039 -17.1909 36.8909
      vertex 2.52153 -17.2655 36.0481
      vertex 2.58378 -17.1577 36.2558
    endloop
  endfacet
  facet normal 0.11035 -0.928592 0.354315
    outer loop
      vertex 0.265039 -17.1909 36.8909
      vertex 2.61409 -17.1052 36.3839
      vertex 0.31885 -17.0977 37.1184
    endloop
  endfacet
  facet normal 0.110374 -0.928544 0.354435
    outer loop
      vertex 2.61409 -17.1052 36.3839
      vertex 0.265039 -17.1909 36.8909
      vertex 2.58378 -17.1577 36.2558
    endloop
  endfacet
  facet normal 0.110378 -0.928556 0.354401
    outer loop
      vertex 0.31885 -17.0977 37.1184
      vertex 2.61409 -17.1052 36.3839
      vertex 2.66585 -17.0155 36.6028
    endloop
  endfacet
  facet normal 0.152153 -0.856241 0.493661
    outer loop
      vertex 0.12536 -17.4329 36.4728
      vertex 2.41296 -17.4535 35.732
      vertex 0.200334 -17.303 36.675
    endloop
  endfacet
  facet normal 0.152197 -0.856155 0.493795
    outer loop
      vertex 2.41296 -17.4535 35.732
      vertex 0.12536 -17.4329 36.4728
      vertex 2.37073 -17.5267 35.6181
    endloop
  endfacet
  facet normal 0.206719 -0.761768 0.613985
    outer loop
      vertex 0.0408388 -17.5793 36.2863
      vertex 2.15211 -17.9053 35.171
      vertex 2.24182 -17.7499 35.3336
    endloop
  endfacet
  facet normal 0.238151 -0.707296 0.665595
    outer loop
      vertex 2.04264 -18.0949 34.9913
      vertex -0.0524163 -17.7408 36.1172
      vertex -0.153507 -17.9159 35.9673
    endloop
  endfacet
  facet normal 0.237958 -0.707607 0.665334
    outer loop
      vertex -0.0524163 -17.7408 36.1172
      vertex 2.04264 -18.0949 34.9913
      vertex 2.09958 -17.9963 35.0758
    endloop
  endfacet
  facet normal 0.307555 -0.58704 0.748862
    outer loop
      vertex -0.375234 -18.2999 35.7302
      vertex 1.6072 -18.8491 34.4855
      vertex 1.71665 -18.6596 34.5891
    endloop
  endfacet
  facet normal 0.206566 -0.76196 0.613798
    outer loop
      vertex 2.09958 -17.9963 35.0758
      vertex 0.0408388 -17.5793 36.2863
      vertex -0.0524163 -17.7408 36.1172
    endloop
  endfacet
  facet normal 0.206752 -0.76172 0.614032
    outer loop
      vertex 0.0408388 -17.5793 36.2863
      vertex 2.09958 -17.9963 35.0758
      vertex 2.15211 -17.9053 35.171
    endloop
  endfacet
  facet normal 0.464552 -0.315153 0.827569
    outer loop
      vertex -0.740319 -18.9323 35.5474
      vertex 0.929424 -20.0231 34.1947
      vertex 1.05035 -19.8136 34.2066
    endloop
  endfacet
  facet normal 0.763075 0.201904 0.613964
    outer loop
      vertex -1.77289 -20.7207 36.2863
      vertex -0.524584 -22.5415 35.3336
      vertex -0.434875 -22.3861 35.171
    endloop
  endfacet
  facet normal 0.763132 0.202052 0.613844
    outer loop
      vertex -1.77289 -20.7207 36.2863
      vertex -0.382347 -22.2951 35.0758
      vertex -1.67963 -20.5592 36.1172
    endloop
  endfacet
  facet normal 0.763059 0.201871 0.613994
    outer loop
      vertex -0.382347 -22.2951 35.0758
      vertex -1.77289 -20.7207 36.2863
      vertex -0.434875 -22.3861 35.171
    endloop
  endfacet
  facet normal 0.662089 0.027032 0.748937
    outer loop
      vertex -1.35682 -20.0001 35.7302
      vertex 0.000584579 -21.6319 34.5891
      vertex 0.110033 -21.4423 34.4855
    endloop
  endfacet
  facet normal 0.585622 -0.10541 0.803701
    outer loop
      vertex -1.23832 -19.7948 35.6454
      vertex 0.290778 -21.1292 34.3562
      vertex 0.408223 -20.9258 34.2973
    endloop
  endfacet
  facet normal 0.505374 -0.24443 0.827557
    outer loop
      vertex -0.866025 -19.15 35.535
      vertex 0.787808 -20.2684 34.1947
      vertex 0.858616 -20.1457 34.1877
    endloop
  endfacet
  facet normal 0.50526 -0.244616 0.827572
    outer loop
      vertex 0.787808 -20.2684 34.1947
      vertex -0.866025 -19.15 35.535
      vertex -0.991732 -19.3677 35.5474
    endloop
  endfacet
  facet normal 0.817606 0.296367 0.493646
    outer loop
      vertex -1.93238 -20.997 36.675
      vertex -0.767856 -22.9629 35.9265
      vertex -0.695733 -22.8379 35.732
    endloop
  endfacet
  facet normal 0.840204 0.335499 0.426026
    outer loop
      vertex -1.99709 -21.1091 36.8909
      vertex -0.767856 -22.9629 35.9265
      vertex -1.93238 -20.997 36.675
    endloop
  endfacet
  facet normal 0.840221 0.335549 0.425952
    outer loop
      vertex -0.767856 -22.9629 35.9265
      vertex -1.99709 -21.1091 36.8909
      vertex -0.804302 -23.026 36.0481
    endloop
  endfacet
  facet normal 0.859368 0.368711 0.354314
    outer loop
      vertex -2.0509 -21.2023 37.1184
      vertex -0.866546 -23.1338 36.2558
      vertex -1.99709 -21.1091 36.8909
    endloop
  endfacet
  facet normal 0.859349 0.368649 0.354425
    outer loop
      vertex -0.866546 -23.1338 36.2558
      vertex -2.0509 -21.2023 37.1184
      vertex -0.896857 -23.1863 36.3839
    endloop
  endfacet
  facet normal 0.894673 0.429852 0.121606
    outer loop
      vertex -1.07034 -23.4868 37.477
      vertex -2.12388 -21.3287 37.5996
      vertex -2.14235 -21.3607 37.8486
    endloop
  endfacet
  facet normal 0.894677 0.429857 0.121555
    outer loop
      vertex -2.12388 -21.3287 37.5996
      vertex -1.07034 -23.4868 37.477
      vertex -1.05994 -23.4688 37.3368
    endloop
  endfacet
  facet normal 0.177921 -0.811652 -0.556386
    outer loop
      vertex 0.0408388 -17.5793 39.9137
      vertex 2.32312 -17.6091 40.687
      vertex 2.24182 -17.7499 40.8664
    endloop
  endfacet
  facet normal 0.152197 -0.856155 -0.493795
    outer loop
      vertex 0.12536 -17.4329 39.7272
      vertex 2.41296 -17.4535 40.468
      vertex 2.37073 -17.5267 40.5819
    endloop
  endfacet
  facet normal 0.152153 -0.856241 -0.493661
    outer loop
      vertex 2.41296 -17.4535 40.468
      vertex 0.12536 -17.4329 39.7272
      vertex 0.200334 -17.303 39.525
    endloop
  endfacet
  facet normal 0.110374 -0.928544 -0.354435
    outer loop
      vertex 0.265039 -17.1909 39.3091
      vertex 2.61409 -17.1052 39.8161
      vertex 2.58378 -17.1577 39.9442
    endloop
  endfacet
  facet normal 0.11035 -0.928592 -0.354315
    outer loop
      vertex 2.61409 -17.1052 39.8161
      vertex 0.265039 -17.1909 39.3091
      vertex 0.31885 -17.0977 39.0816
    endloop
  endfacet
  facet normal 0.110378 -0.928556 -0.354401
    outer loop
      vertex 0.31885 -17.0977 39.0816
      vertex 2.66585 -17.0155 39.5972
      vertex 2.61409 -17.1052 39.8161
    endloop
  endfacet
  facet normal 0.0830186 -0.975979 -0.201426
    outer loop
      vertex 0.391831 -16.9713 38.6004
      vertex 2.75994 -16.8525 39.0008
      vertex 0.36125 -17.0243 38.8446
    endloop
  endfacet
  facet normal 0.0829515 -0.976073 -0.201001
    outer loop
      vertex 2.75994 -16.8525 39.0008
      vertex 0.391831 -16.9713 38.6004
      vertex 2.77717 -16.8227 38.8632
    endloop
  endfacet
  facet normal 0.238207 -0.707178 -0.6657
    outer loop
      vertex -0.153507 -17.9159 40.2327
      vertex 2.04264 -18.0949 41.2087
      vertex 1.94539 -18.2634 41.3529
    endloop
  endfacet
  facet normal 0.307581 -0.587046 -0.748847
    outer loop
      vertex -0.375234 -18.2999 40.4697
      vertex 1.71665 -18.6596 41.6109
      vertex 1.6072 -18.8491 41.7145
    endloop
  endfacet
  facet normal 0.424119 -0.38519 -0.819604
    outer loop
      vertex -0.740319 -18.9323 40.6526
      vertex 1.17011 -19.6062 41.9579
      vertex 1.05035 -19.8136 41.9934
    endloop
  endfacet
  facet normal 0.464372 -0.31545 -0.827557
    outer loop
      vertex -0.866025 -19.15 40.665
      vertex 0.929424 -20.0231 42.0053
      vertex 0.858616 -20.1457 42.0123
    endloop
  endfacet
  facet normal 0.464442 -0.315319 -0.827567
    outer loop
      vertex 0.929424 -20.0231 42.0053
      vertex -0.866025 -19.15 40.665
      vertex -0.740319 -18.9323 40.6526
    endloop
  endfacet
  facet normal 0.840204 0.335499 -0.426026
    outer loop
      vertex -0.767856 -22.9629 40.2735
      vertex -1.99709 -21.1091 39.3091
      vertex -1.93238 -20.997 39.525
    endloop
  endfacet
  facet normal 0.840221 0.335549 -0.425952
    outer loop
      vertex -1.99709 -21.1091 39.3091
      vertex -0.767856 -22.9629 40.2735
      vertex -0.804302 -23.026 40.1519
    endloop
  endfacet
  facet normal 0.874957 0.395701 -0.279054
    outer loop
      vertex -2.0509 -21.2023 39.0816
      vertex -0.948623 -23.276 39.5972
      vertex -0.989411 -23.3466 39.3692
    endloop
  endfacet
  facet normal 0.840221 0.335547 -0.425954
    outer loop
      vertex -1.99709 -21.1091 39.3091
      vertex -0.804302 -23.026 40.1519
      vertex -0.866546 -23.1338 39.9442
    endloop
  endfacet
  facet normal 0.859368 0.368711 -0.354314
    outer loop
      vertex -0.866546 -23.1338 39.9442
      vertex -2.0509 -21.2023 39.0816
      vertex -1.99709 -21.1091 39.3091
    endloop
  endfacet
  facet normal 0.859349 0.368649 -0.354425
    outer loop
      vertex -2.0509 -21.2023 39.0816
      vertex -0.866546 -23.1338 39.9442
      vertex -0.896857 -23.1863 39.8161
    endloop
  endfacet
  facet normal 0.697886 0.0890048 -0.710657
    outer loop
      vertex -1.47059 -20.1971 40.3621
      vertex -0.0635024 -21.7429 41.5503
      vertex -0.16735 -21.9227 41.4258
    endloop
  endfacet
  facet normal 0.73162 0.147437 -0.665578
    outer loop
      vertex -1.57854 -20.3841 40.2327
      vertex -0.228158 -22.0281 41.3529
      vertex -0.325405 -22.1965 41.2087
    endloop
  endfacet
  facet normal 0.73161 0.147423 -0.665592
    outer loop
      vertex -0.325405 -22.1965 41.2087
      vertex -1.67963 -20.5592 40.0828
      vertex -1.57854 -20.3841 40.2327
    endloop
  endfacet
  facet normal 0.731739 0.147662 -0.665398
    outer loop
      vertex -1.67963 -20.5592 40.0828
      vertex -0.325405 -22.1965 41.2087
      vertex -0.382347 -22.2951 41.1242
    endloop
  endfacet
  facet normal 0.624489 -0.0381612 -0.780101
    outer loop
      vertex -1.35682 -20.0001 40.4697
      vertex 0.224029 -21.2449 41.7961
      vertex 0.110033 -21.4423 41.7145
    endloop
  endfacet
  facet normal 0.662108 0.0270126 -0.748921
    outer loop
      vertex -1.35682 -20.0001 40.4697
      vertex 0.110033 -21.4423 41.7145
      vertex 0.000584579 -21.6319 41.6109
    endloop
  endfacet
  facet normal 0.886737 0.416118 -0.201354
    outer loop
      vertex -1.04271 -23.4389 39.0008
      vertex -2.12388 -21.3287 38.6004
      vertex -2.0933 -21.2757 38.8446
    endloop
  endfacet
  facet normal 0.886726 0.416094 -0.20145
    outer loop
      vertex -2.12388 -21.3287 38.6004
      vertex -1.04271 -23.4389 39.0008
      vertex -1.05994 -23.4688 38.8632
    endloop
  endfacet
  facet normal 0.0710717 -0.996641 0.0406913
    outer loop
      vertex 0.410299 -16.9393 37.8486
      vertex 2.80534 -16.7739 37.7165
      vertex 2.81128 -16.7636 37.9584
    endloop
  endfacet
  facet normal 0.0750627 -0.989723 0.12171
    outer loop
      vertex 0.410299 -16.9393 37.8486
      vertex 2.78757 -16.8047 37.477
      vertex 2.80534 -16.7739 37.7165
    endloop
  endfacet
  facet normal 0.0710726 -0.996642 -0.040673
    outer loop
      vertex 0.416474 -16.9286 38.1
      vertex 2.81128 -16.7636 38.2416
      vertex 0.410299 -16.9393 38.3514
    endloop
  endfacet
  facet normal 0.0710621 -0.99665 -0.0404845
    outer loop
      vertex 2.81128 -16.7636 38.2416
      vertex 0.416474 -16.9286 38.1
      vertex 2.81476 -16.7576 38.1
    endloop
  endfacet
  facet normal 0.866806 -0.498646 6.76654e-05
    outer loop
      vertex 0.400347 -16.9566 38.3495
      vertex 0.416474 -16.9286 38.1
      vertex 0.410299 -16.9393 38.3514
    endloop
  endfacet
  facet normal 0.867014 -0.498284 -0.000121785
    outer loop
      vertex 0.400347 -16.9566 37.8505
      vertex 0.416474 -16.9286 38.1
      vertex 0.406474 -16.946 38.1
    endloop
  endfacet
  facet normal 0.867014 -0.498284 0.000121785
    outer loop
      vertex 0.416474 -16.9286 38.1
      vertex 0.400347 -16.9566 38.3495
      vertex 0.406474 -16.946 38.1
    endloop
  endfacet
  facet normal 0.866198 -0.499701 2.62376e-05
    outer loop
      vertex 0.382024 -16.9883 38.5965
      vertex 0.410299 -16.9393 38.3514
      vertex 0.391831 -16.9713 38.6004
    endloop
  endfacet
  facet normal 0.866794 -0.498665 0.000301945
    outer loop
      vertex 0.410299 -16.9393 38.3514
      vertex 0.382024 -16.9883 38.5965
      vertex 0.400347 -16.9566 38.3495
    endloop
  endfacet
  facet normal 0.86635 -0.499438 9.68632e-05
    outer loop
      vertex 0.351681 -17.0409 38.8388
      vertex 0.391831 -16.9713 38.6004
      vertex 0.36125 -17.0243 38.8446
    endloop
  endfacet
  facet normal 0.866201 -0.499695 -3.44538e-06
    outer loop
      vertex 0.391831 -16.9713 38.6004
      vertex 0.351681 -17.0409 38.8388
      vertex 0.382024 -16.9883 38.5965
    endloop
  endfacet
  facet normal 0.865982 -0.500075 5.11578e-05
    outer loop
      vertex 0.309611 -17.1137 39.0739
      vertex 0.36125 -17.0243 38.8446
      vertex 0.31885 -17.0977 39.0816
    endloop
  endfacet
  facet normal 0.866312 -0.499503 0.000348295
    outer loop
      vertex 0.36125 -17.0243 38.8446
      vertex 0.309611 -17.1137 39.0739
      vertex 0.351681 -17.0409 38.8388
    endloop
  endfacet
  facet normal 0.866287 -0.499546 0.000255363
    outer loop
      vertex 0.256219 -17.2062 39.2997
      vertex 0.31885 -17.0977 39.0816
      vertex 0.265039 -17.1909 39.3091
    endloop
  endfacet
  facet normal 0.866007 -0.500032 -6.71773e-05
    outer loop
      vertex 0.31885 -17.0977 39.0816
      vertex 0.256219 -17.2062 39.2997
      vertex 0.309611 -17.1137 39.0739
    endloop
  endfacet
  facet normal 0.866038 -0.499979 -4.92177e-05
    outer loop
      vertex 0.19202 -17.3174 39.5139
      vertex 0.265039 -17.1909 39.3091
      vertex 0.200334 -17.303 39.525
    endloop
  endfacet
  facet normal 0.866277 -0.499563 0.000292738
    outer loop
      vertex 0.265039 -17.1909 39.3091
      vertex 0.19202 -17.3174 39.5139
      vertex 0.256219 -17.2062 39.2997
    endloop
  endfacet
  facet normal 0.866164 -0.499759 0.000104237
    outer loop
      vertex 0.11763 -17.4463 39.7145
      vertex 0.200334 -17.303 39.525
      vertex 0.12536 -17.4329 39.7272
    endloop
  endfacet
  facet normal 0.866052 -0.499954 -9.195e-05
    outer loop
      vertex 0.200334 -17.303 39.525
      vertex 0.11763 -17.4463 39.7145
      vertex 0.19202 -17.3174 39.5139
    endloop
  endfacet
  facet normal 0.865587 -0.500759 -0.000807913
    outer loop
      vertex 0.0337677 -17.5915 39.8996
      vertex 0.12536 -17.4329 39.7272
      vertex 0.0408388 -17.5793 39.9137
    endloop
  endfacet
  facet normal 0.866095 -0.499879 0.000272147
    outer loop
      vertex 0.12536 -17.4329 39.7272
      vertex 0.0337677 -17.5915 39.8996
      vertex 0.11763 -17.4463 39.7145
    endloop
  endfacet
  facet normal 0.866111 -0.499852 0.000254552
    outer loop
      vertex -0.0587601 -17.7518 40.0673
      vertex 0.0408388 -17.5793 39.9137
      vertex -0.0524163 -17.7408 40.0828
    endloop
  endfacet
  facet normal 0.865651 -0.500648 -0.000936412
    outer loop
      vertex 0.0408388 -17.5793 39.9137
      vertex -0.0587601 -17.7518 40.0673
      vertex 0.0337677 -17.5915 39.8996
    endloop
  endfacet
  facet normal 0.865869 -0.50027 -0.000440293
    outer loop
      vertex -0.159062 -17.9255 40.2161
      vertex -0.0524163 -17.7408 40.0828
      vertex -0.153507 -17.9159 40.2327
    endloop
  endfacet
  facet normal 0.866095 -0.49988 0.000280654
    outer loop
      vertex -0.0524163 -17.7408 40.0828
      vertex -0.159062 -17.9255 40.2161
      vertex -0.0587601 -17.7518 40.0673
    endloop
  endfacet
  facet normal 0.865625 -0.500692 -0.00141769
    outer loop
      vertex -0.266173 -18.111 40.3445
      vertex -0.153507 -17.9159 40.2327
      vertex -0.261459 -18.1029 40.3621
    endloop
  endfacet
  facet normal 0.865868 -0.500272 -0.000439145
    outer loop
      vertex -0.153507 -17.9159 40.2327
      vertex -0.266173 -18.111 40.3445
      vertex -0.159062 -17.9255 40.2161
    endloop
  endfacet
  facet normal 0.866348 -0.499437 0.00166931
    outer loop
      vertex -0.379061 -18.3066 40.4513
      vertex -0.261459 -18.1029 40.3621
      vertex -0.375234 -18.2999 40.4697
    endloop
  endfacet
  facet normal 0.86574 -0.500492 -0.00154062
    outer loop
      vertex -0.261459 -18.1029 40.3621
      vertex -0.379061 -18.3066 40.4513
      vertex -0.266173 -18.111 40.3445
    endloop
  endfacet
  facet normal 0.86596 -0.500112 -0.000648658
    outer loop
      vertex -0.496638 -18.5102 40.5354
      vertex -0.375234 -18.2999 40.4697
      vertex -0.493736 -18.5052 40.5546
    endloop
  endfacet
  facet normal 0.86628 -0.499555 0.00172639
    outer loop
      vertex -0.375234 -18.2999 40.4697
      vertex -0.496638 -18.5102 40.5354
      vertex -0.379061 -18.3066 40.4513
    endloop
  endfacet
  facet normal 0.866031 -0.49999 0.000527638
    outer loop
      vertex -0.617773 -18.72 40.5961
      vertex -0.493736 -18.5052 40.5546
      vertex -0.615822 -18.7166 40.6157
    endloop
  endfacet
  facet normal 0.865934 -0.500159 -0.000632629
    outer loop
      vertex -0.493736 -18.5052 40.5546
      vertex -0.617773 -18.72 40.5961
      vertex -0.496638 -18.5102 40.5354
    endloop
  endfacet
  facet normal 0.866094 -0.499881 5.14865e-05
    outer loop
      vertex -0.741299 -18.934 40.6327
      vertex -0.615822 -18.7166 40.6157
      vertex -0.740319 -18.9323 40.6526
    endloop
  endfacet
  facet normal 0.866109 -0.499854 0.000496221
    outer loop
      vertex -0.615822 -18.7166 40.6157
      vertex -0.741299 -18.934 40.6327
      vertex -0.617773 -18.72 40.5961
    endloop
  endfacet
  facet normal 0.865996 -0.50005 0
    outer loop
      vertex -0.866025 -19.15 40.645
      vertex -0.740319 -18.9323 40.6526
      vertex -0.866025 -19.15 40.665
    endloop
  endfacet
  facet normal 0.865995 -0.500052 7.10149e-05
    outer loop
      vertex -0.740319 -18.9323 40.6526
      vertex -0.866025 -19.15 40.645
      vertex -0.741299 -18.934 40.6327
    endloop
  endfacet
  facet normal 0.865995 -0.500053 0
    outer loop
      vertex -0.991732 -19.3677 40.6526
      vertex -0.866025 -19.15 40.645
      vertex -0.866025 -19.15 40.665
    endloop
  endfacet
  facet normal 0.865994 -0.500055 -7.13556e-05
    outer loop
      vertex -0.866025 -19.15 40.645
      vertex -0.991732 -19.3677 40.6526
      vertex -0.990752 -19.366 40.6327
    endloop
  endfacet
  facet normal 0.866093 -0.499884 -5.18244e-05
    outer loop
      vertex -1.11623 -19.5834 40.6157
      vertex -0.990752 -19.366 40.6327
      vertex -0.991732 -19.3677 40.6526
    endloop
  endfacet
  facet normal 0.866109 -0.499855 -0.000540501
    outer loop
      vertex -0.990752 -19.366 40.6327
      vertex -1.11623 -19.5834 40.6157
      vertex -1.11428 -19.58 40.5961
    endloop
  endfacet
  facet normal 0.866029 -0.499993 -0.000572419
    outer loop
      vertex -1.23832 -19.7948 40.5546
      vertex -1.11428 -19.58 40.5961
      vertex -1.11623 -19.5834 40.6157
    endloop
  endfacet
  facet normal 0.8659 -0.500217 0.000973114
    outer loop
      vertex -1.11428 -19.58 40.5961
      vertex -1.23832 -19.7948 40.5546
      vertex -1.23541 -19.7898 40.5354
    endloop
  endfacet
  facet normal 0.865905 -0.500208 0.000976316
    outer loop
      vertex -1.35682 -20.0001 40.4697
      vertex -1.23541 -19.7898 40.5354
      vertex -1.23832 -19.7948 40.5546
    endloop
  endfacet
  facet normal 0.866254 -0.499602 -0.0016076
    outer loop
      vertex -1.23541 -19.7898 40.5354
      vertex -1.35682 -20.0001 40.4697
      vertex -1.35299 -19.9934 40.4513
    endloop
  endfacet
  facet normal 0.866329 -0.499472 -0.00154478
    outer loop
      vertex -1.47059 -20.1971 40.3621
      vertex -1.35299 -19.9934 40.4513
      vertex -1.35682 -20.0001 40.4697
    endloop
  endfacet
  facet normal 0.865774 -0.500433 0.00138017
    outer loop
      vertex -1.35299 -19.9934 40.4513
      vertex -1.47059 -20.1971 40.3621
      vertex -1.46588 -20.189 40.3445
    endloop
  endfacet
  facet normal 0.865672 -0.500609 0.00127177
    outer loop
      vertex -1.57854 -20.3841 40.2327
      vertex -1.46588 -20.189 40.3445
      vertex -1.47059 -20.1971 40.3621
    endloop
  endfacet
  facet normal 0.865926 -0.500173 0.000254841
    outer loop
      vertex -1.46588 -20.189 40.3445
      vertex -1.57854 -20.3841 40.2327
      vertex -1.57299 -20.3745 40.2161
    endloop
  endfacet
  facet normal 0.865935 -0.500157 0.000267211
    outer loop
      vertex -1.67963 -20.5592 40.0828
      vertex -1.57299 -20.3745 40.2161
      vertex -1.57854 -20.3841 40.2327
    endloop
  endfacet
  facet normal 0.866146 -0.499791 -0.000408549
    outer loop
      vertex -1.57299 -20.3745 40.2161
      vertex -1.67963 -20.5592 40.0828
      vertex -1.67329 -20.5482 40.0673
    endloop
  endfacet
  facet normal 0.866159 -0.499768 -0.00038709
    outer loop
      vertex -1.77289 -20.7207 39.9137
      vertex -1.67329 -20.5482 40.0673
      vertex -1.67963 -20.5592 40.0828
    endloop
  endfacet
  facet normal 0.865664 -0.500624 0.000895583
    outer loop
      vertex -1.67329 -20.5482 40.0673
      vertex -1.77289 -20.7207 39.9137
      vertex -1.76582 -20.7085 39.8996
    endloop
  endfacet
  facet normal 0.865606 -0.500726 0.000778729
    outer loop
      vertex -1.85741 -20.8671 39.7272
      vertex -1.76582 -20.7085 39.8996
      vertex -1.77289 -20.7207 39.9137
    endloop
  endfacet
  facet normal 0.866098 -0.499874 -0.000265975
    outer loop
      vertex -1.76582 -20.7085 39.8996
      vertex -1.85741 -20.8671 39.7272
      vertex -1.84968 -20.8537 39.7145
    endloop
  endfacet
  facet normal 0.866169 -0.499752 -9.3587e-05
    outer loop
      vertex -1.93238 -20.997 39.525
      vertex -1.84968 -20.8537 39.7145
      vertex -1.85741 -20.8671 39.7272
    endloop
  endfacet
  facet normal 0.866122 -0.499833 -1.14295e-05
    outer loop
      vertex -1.84968 -20.8537 39.7145
      vertex -1.93238 -20.997 39.525
      vertex -1.92407 -20.9826 39.5139
    endloop
  endfacet
  facet normal 0.866107 -0.499858 -5.43149e-05
    outer loop
      vertex -1.99709 -21.1091 39.3091
      vertex -1.92407 -20.9826 39.5139
      vertex -1.93238 -20.997 39.525
    endloop
  endfacet
  facet normal 0.866277 -0.499565 -0.000295804
    outer loop
      vertex -1.92407 -20.9826 39.5139
      vertex -1.99709 -21.1091 39.3091
      vertex -1.98827 -21.0938 39.2997
    endloop
  endfacet
  facet normal 0.866288 -0.499545 -0.000252321
    outer loop
      vertex -2.0509 -21.2023 39.0816
      vertex -1.98827 -21.0938 39.2997
      vertex -1.99709 -21.1091 39.3091
    endloop
  endfacet
  facet normal 0.865988 -0.500064 9.21041e-05
    outer loop
      vertex -1.98827 -21.0938 39.2997
      vertex -2.0509 -21.2023 39.0816
      vertex -2.04166 -21.1863 39.0739
    endloop
  endfacet
  facet normal 0.865962 -0.50011 -3.65688e-05
    outer loop
      vertex -2.0933 -21.2757 38.8446
      vertex -2.04166 -21.1863 39.0739
      vertex -2.0509 -21.2023 39.0816
    endloop
  endfacet
  facet normal 0.866291 -0.499539 -0.000333705
    outer loop
      vertex -2.04166 -21.1863 39.0739
      vertex -2.0933 -21.2757 38.8446
      vertex -2.08373 -21.2591 38.8388
    endloop
  endfacet
  facet normal 0.866329 -0.499473 -8.3035e-05
    outer loop
      vertex -2.12388 -21.3287 38.6004
      vertex -2.08373 -21.2591 38.8388
      vertex -2.0933 -21.2757 38.8446
    endloop
  endfacet
  facet normal 0.866139 -0.499803 4.52675e-05
    outer loop
      vertex -2.08373 -21.2591 38.8388
      vertex -2.12388 -21.3287 38.6004
      vertex -2.11407 -21.3117 38.5965
    endloop
  endfacet
  facet normal 0.866133 -0.499813 -1.39128e-05
    outer loop
      vertex -2.14235 -21.3607 38.3514
      vertex -2.11407 -21.3117 38.5965
      vertex -2.12388 -21.3287 38.6004
    endloop
  endfacet
  facet normal 0.866848 -0.498573 -8.90743e-05
    outer loop
      vertex -2.14853 -21.3714 38.1
      vertex -2.1324 -21.3434 38.3495
      vertex -2.14235 -21.3607 38.3514
    endloop
  endfacet
  facet normal 0.866836 -0.498593 -0.000338866
    outer loop
      vertex -2.11407 -21.3117 38.5965
      vertex -2.14235 -21.3607 38.3514
      vertex -2.1324 -21.3434 38.3495
    endloop
  endfacet
  facet normal 0.866806 -0.498646 -6.76654e-05
    outer loop
      vertex 0.416474 -16.9286 38.1
      vertex 0.400347 -16.9566 37.8505
      vertex 0.410299 -16.9393 37.8486
    endloop
  endfacet
  facet normal 0.866794 -0.498665 -0.000301945
    outer loop
      vertex 0.382024 -16.9883 37.6035
      vertex 0.410299 -16.9393 37.8486
      vertex 0.400347 -16.9566 37.8505
    endloop
  endfacet
  facet normal 0.866198 -0.499701 -2.62376e-05
    outer loop
      vertex 0.410299 -16.9393 37.8486
      vertex 0.382024 -16.9883 37.6035
      vertex 0.391831 -16.9713 37.5996
    endloop
  endfacet
  facet normal 0.866201 -0.499695 3.44538e-06
    outer loop
      vertex 0.351681 -17.0409 37.3612
      vertex 0.391831 -16.9713 37.5996
      vertex 0.382024 -16.9883 37.6035
    endloop
  endfacet
  facet normal 0.86635 -0.499438 -9.68632e-05
    outer loop
      vertex 0.391831 -16.9713 37.5996
      vertex 0.351681 -17.0409 37.3612
      vertex 0.36125 -17.0243 37.3554
    endloop
  endfacet
  facet normal 0.866312 -0.499503 -0.000348295
    outer loop
      vertex 0.309611 -17.1137 37.1261
      vertex 0.36125 -17.0243 37.3554
      vertex 0.351681 -17.0409 37.3612
    endloop
  endfacet
  facet normal 0.865982 -0.500075 -5.11578e-05
    outer loop
      vertex 0.36125 -17.0243 37.3554
      vertex 0.309611 -17.1137 37.1261
      vertex 0.31885 -17.0977 37.1184
    endloop
  endfacet
  facet normal 0.866007 -0.500032 6.71773e-05
    outer loop
      vertex 0.256219 -17.2062 36.9003
      vertex 0.31885 -17.0977 37.1184
      vertex 0.309611 -17.1137 37.1261
    endloop
  endfacet
  facet normal 0.866287 -0.499546 -0.000255363
    outer loop
      vertex 0.31885 -17.0977 37.1184
      vertex 0.256219 -17.2062 36.9003
      vertex 0.265039 -17.1909 36.8909
    endloop
  endfacet
  facet normal 0.866277 -0.499563 -0.000292738
    outer loop
      vertex 0.19202 -17.3174 36.6861
      vertex 0.265039 -17.1909 36.8909
      vertex 0.256219 -17.2062 36.9003
    endloop
  endfacet
  facet normal 0.866038 -0.499979 4.92177e-05
    outer loop
      vertex 0.265039 -17.1909 36.8909
      vertex 0.19202 -17.3174 36.6861
      vertex 0.200334 -17.303 36.675
    endloop
  endfacet
  facet normal 0.866052 -0.499954 9.195e-05
    outer loop
      vertex 0.11763 -17.4463 36.4855
      vertex 0.200334 -17.303 36.675
      vertex 0.19202 -17.3174 36.6861
    endloop
  endfacet
  facet normal 0.866164 -0.499759 -0.000104237
    outer loop
      vertex 0.200334 -17.303 36.675
      vertex 0.11763 -17.4463 36.4855
      vertex 0.12536 -17.4329 36.4728
    endloop
  endfacet
  facet normal 0.866095 -0.499879 -0.000272147
    outer loop
      vertex 0.0337677 -17.5915 36.3004
      vertex 0.12536 -17.4329 36.4728
      vertex 0.11763 -17.4463 36.4855
    endloop
  endfacet
  facet normal 0.865587 -0.500759 0.000807913
    outer loop
      vertex 0.12536 -17.4329 36.4728
      vertex 0.0337677 -17.5915 36.3004
      vertex 0.0408388 -17.5793 36.2863
    endloop
  endfacet
  facet normal 0.865651 -0.500648 0.000936412
    outer loop
      vertex -0.0587601 -17.7518 36.1327
      vertex 0.0408388 -17.5793 36.2863
      vertex 0.0337677 -17.5915 36.3004
    endloop
  endfacet
  facet normal 0.866111 -0.499852 -0.000254552
    outer loop
      vertex 0.0408388 -17.5793 36.2863
      vertex -0.0587601 -17.7518 36.1327
      vertex -0.0524163 -17.7408 36.1172
    endloop
  endfacet
  facet normal 0.866095 -0.49988 -0.000280654
    outer loop
      vertex -0.159062 -17.9255 35.9839
      vertex -0.0524163 -17.7408 36.1172
      vertex -0.0587601 -17.7518 36.1327
    endloop
  endfacet
  facet normal 0.865869 -0.50027 0.000440293
    outer loop
      vertex -0.0524163 -17.7408 36.1172
      vertex -0.159062 -17.9255 35.9839
      vertex -0.153507 -17.9159 35.9673
    endloop
  endfacet
  facet normal 0.865868 -0.500272 0.000439145
    outer loop
      vertex -0.266173 -18.111 35.8555
      vertex -0.153507 -17.9159 35.9673
      vertex -0.159062 -17.9255 35.9839
    endloop
  endfacet
  facet normal 0.865625 -0.500692 0.00141769
    outer loop
      vertex -0.153507 -17.9159 35.9673
      vertex -0.266173 -18.111 35.8555
      vertex -0.261459 -18.1029 35.8379
    endloop
  endfacet
  facet normal 0.86574 -0.500492 0.00154062
    outer loop
      vertex -0.379061 -18.3066 35.7487
      vertex -0.261459 -18.1029 35.8379
      vertex -0.266173 -18.111 35.8555
    endloop
  endfacet
  facet normal 0.866347 -0.49944 -0.00166152
    outer loop
      vertex -0.261459 -18.1029 35.8379
      vertex -0.379061 -18.3066 35.7487
      vertex -0.375234 -18.2999 35.7302
    endloop
  endfacet
  facet normal 0.866279 -0.499558 -0.00171827
    outer loop
      vertex -0.496638 -18.5102 35.6646
      vertex -0.375234 -18.2999 35.7302
      vertex -0.379061 -18.3066 35.7487
    endloop
  endfacet
  facet normal 0.86596 -0.500112 0.000648732
    outer loop
      vertex -0.375234 -18.2999 35.7302
      vertex -0.496638 -18.5102 35.6646
      vertex -0.493736 -18.5052 35.6454
    endloop
  endfacet
  facet normal 0.865934 -0.500159 0.000632629
    outer loop
      vertex -0.617773 -18.72 35.6039
      vertex -0.493736 -18.5052 35.6454
      vertex -0.496638 -18.5102 35.6646
    endloop
  endfacet
  facet normal 0.866031 -0.49999 -0.000527638
    outer loop
      vertex -0.493736 -18.5052 35.6454
      vertex -0.617773 -18.72 35.6039
      vertex -0.615822 -18.7166 35.5843
    endloop
  endfacet
  facet normal 0.866109 -0.499854 -0.000496221
    outer loop
      vertex -0.741299 -18.934 35.5673
      vertex -0.615822 -18.7166 35.5843
      vertex -0.617773 -18.72 35.6039
    endloop
  endfacet
  facet normal 0.866094 -0.499881 -5.14865e-05
    outer loop
      vertex -0.615822 -18.7166 35.5843
      vertex -0.741299 -18.934 35.5673
      vertex -0.740319 -18.9323 35.5474
    endloop
  endfacet
  facet normal 0.865995 -0.500052 -7.10149e-05
    outer loop
      vertex -0.866025 -19.15 35.555
      vertex -0.740319 -18.9323 35.5474
      vertex -0.741299 -18.934 35.5673
    endloop
  endfacet
  facet normal 0.865996 -0.50005 0
    outer loop
      vertex -0.866025 -19.15 35.555
      vertex -0.866025 -19.15 35.535
      vertex -0.740319 -18.9323 35.5474
    endloop
  endfacet
  facet normal 0.865994 -0.500055 7.13556e-05
    outer loop
      vertex -0.991732 -19.3677 35.5474
      vertex -0.866025 -19.15 35.555
      vertex -0.990752 -19.366 35.5673
    endloop
  endfacet
  facet normal 0.865995 -0.500053 0
    outer loop
      vertex -0.866025 -19.15 35.555
      vertex -0.991732 -19.3677 35.5474
      vertex -0.866025 -19.15 35.535
    endloop
  endfacet
  facet normal 0.866109 -0.499855 0.000540501
    outer loop
      vertex -1.11623 -19.5834 35.5843
      vertex -0.990752 -19.366 35.5673
      vertex -1.11428 -19.58 35.6039
    endloop
  endfacet
  facet normal 0.866093 -0.499884 5.18244e-05
    outer loop
      vertex -0.990752 -19.366 35.5673
      vertex -1.11623 -19.5834 35.5843
      vertex -0.991732 -19.3677 35.5474
    endloop
  endfacet
  facet normal 0.8659 -0.500217 -0.000973114
    outer loop
      vertex -1.23832 -19.7948 35.6454
      vertex -1.11428 -19.58 35.6039
      vertex -1.23541 -19.7898 35.6646
    endloop
  endfacet
  facet normal 0.866029 -0.499993 0.000572419
    outer loop
      vertex -1.11428 -19.58 35.6039
      vertex -1.23832 -19.7948 35.6454
      vertex -1.11623 -19.5834 35.5843
    endloop
  endfacet
  facet normal 0.866252 -0.499604 0.00160004
    outer loop
      vertex -1.35682 -20.0001 35.7302
      vertex -1.23541 -19.7898 35.6646
      vertex -1.35299 -19.9934 35.7487
    endloop
  endfacet
  facet normal 0.865905 -0.500207 -0.000976428
    outer loop
      vertex -1.23541 -19.7898 35.6646
      vertex -1.35682 -20.0001 35.7302
      vertex -1.23832 -19.7948 35.6454
    endloop
  endfacet
  facet normal 0.865774 -0.500433 -0.00138017
    outer loop
      vertex -1.47059 -20.1971 35.8379
      vertex -1.35299 -19.9934 35.7487
      vertex -1.46588 -20.189 35.8555
    endloop
  endfacet
  facet normal 0.866327 -0.499474 0.00153757
    outer loop
      vertex -1.35299 -19.9934 35.7487
      vertex -1.47059 -20.1971 35.8379
      vertex -1.35682 -20.0001 35.7302
    endloop
  endfacet
  facet normal 0.865926 -0.500173 -0.000254841
    outer loop
      vertex -1.57854 -20.3841 35.9673
      vertex -1.46588 -20.189 35.8555
      vertex -1.57299 -20.3745 35.9839
    endloop
  endfacet
  facet normal 0.865672 -0.500609 -0.00127177
    outer loop
      vertex -1.46588 -20.189 35.8555
      vertex -1.57854 -20.3841 35.9673
      vertex -1.47059 -20.1971 35.8379
    endloop
  endfacet
  facet normal 0.866146 -0.499791 0.000408549
    outer loop
      vertex -1.67963 -20.5592 36.1172
      vertex -1.57299 -20.3745 35.9839
      vertex -1.67329 -20.5482 36.1327
    endloop
  endfacet
  facet normal 0.865935 -0.500157 -0.000267211
    outer loop
      vertex -1.57299 -20.3745 35.9839
      vertex -1.67963 -20.5592 36.1172
      vertex -1.57854 -20.3841 35.9673
    endloop
  endfacet
  facet normal 0.865664 -0.500624 -0.000895583
    outer loop
      vertex -1.77289 -20.7207 36.2863
      vertex -1.67329 -20.5482 36.1327
      vertex -1.76582 -20.7085 36.3004
    endloop
  endfacet
  facet normal 0.866159 -0.499768 0.00038709
    outer loop
      vertex -1.67329 -20.5482 36.1327
      vertex -1.77289 -20.7207 36.2863
      vertex -1.67963 -20.5592 36.1172
    endloop
  endfacet
  facet normal 0.866098 -0.499874 0.000265975
    outer loop
      vertex -1.85741 -20.8671 36.4728
      vertex -1.76582 -20.7085 36.3004
      vertex -1.84968 -20.8537 36.4855
    endloop
  endfacet
  facet normal 0.865606 -0.500726 -0.000778729
    outer loop
      vertex -1.76582 -20.7085 36.3004
      vertex -1.85741 -20.8671 36.4728
      vertex -1.77289 -20.7207 36.2863
    endloop
  endfacet
  facet normal 0.866122 -0.499833 1.14295e-05
    outer loop
      vertex -1.93238 -20.997 36.675
      vertex -1.84968 -20.8537 36.4855
      vertex -1.92407 -20.9826 36.6861
    endloop
  endfacet
  facet normal 0.866169 -0.499752 9.3587e-05
    outer loop
      vertex -1.84968 -20.8537 36.4855
      vertex -1.93238 -20.997 36.675
      vertex -1.85741 -20.8671 36.4728
    endloop
  endfacet
  facet normal 0.866277 -0.499565 0.000295804
    outer loop
      vertex -1.99709 -21.1091 36.8909
      vertex -1.92407 -20.9826 36.6861
      vertex -1.98827 -21.0938 36.9003
    endloop
  endfacet
  facet normal 0.866107 -0.499858 5.43149e-05
    outer loop
      vertex -1.92407 -20.9826 36.6861
      vertex -1.99709 -21.1091 36.8909
      vertex -1.93238 -20.997 36.675
    endloop
  endfacet
  facet normal 0.865988 -0.500064 -9.21041e-05
    outer loop
      vertex -2.0509 -21.2023 37.1184
      vertex -1.98827 -21.0938 36.9003
      vertex -2.04166 -21.1863 37.1261
    endloop
  endfacet
  facet normal 0.866288 -0.499545 0.000252321
    outer loop
      vertex -1.98827 -21.0938 36.9003
      vertex -2.0509 -21.2023 37.1184
      vertex -1.99709 -21.1091 36.8909
    endloop
  endfacet
  facet normal 0.866291 -0.499539 0.000333705
    outer loop
      vertex -2.0933 -21.2757 37.3554
      vertex -2.04166 -21.1863 37.1261
      vertex -2.08373 -21.2591 37.3612
    endloop
  endfacet
  facet normal 0.865962 -0.50011 3.65688e-05
    outer loop
      vertex -2.04166 -21.1863 37.1261
      vertex -2.0933 -21.2757 37.3554
      vertex -2.0509 -21.2023 37.1184
    endloop
  endfacet
  facet normal 0.866139 -0.499803 -4.52675e-05
    outer loop
      vertex -2.12388 -21.3287 37.5996
      vertex -2.08373 -21.2591 37.3612
      vertex -2.11407 -21.3117 37.6035
    endloop
  endfacet
  facet normal 0.866329 -0.499473 8.3035e-05
    outer loop
      vertex -2.08373 -21.2591 37.3612
      vertex -2.12388 -21.3287 37.5996
      vertex -2.0933 -21.2757 37.3554
    endloop
  endfacet
  facet normal 0.866836 -0.498593 0.000338866
    outer loop
      vertex -2.14235 -21.3607 37.8486
      vertex -2.11407 -21.3117 37.6035
      vertex -2.1324 -21.3434 37.8505
    endloop
  endfacet
  facet normal 0.866133 -0.499813 1.39128e-05
    outer loop
      vertex -2.11407 -21.3117 37.6035
      vertex -2.14235 -21.3607 37.8486
      vertex -2.12388 -21.3287 37.5996
    endloop
  endfacet
  facet normal 0.867014 -0.498284 0.00013221
    outer loop
      vertex -2.14853 -21.3714 38.1
      vertex -2.1324 -21.3434 37.8505
      vertex -2.13853 -21.354 38.1
    endloop
  endfacet
  facet normal 0.867014 -0.498284 -0.00013221
    outer loop
      vertex -2.1324 -21.3434 38.3495
      vertex -2.14853 -21.3714 38.1
      vertex -2.13853 -21.354 38.1
    endloop
  endfacet
  facet normal 0.866848 -0.498573 8.90743e-05
    outer loop
      vertex -2.1324 -21.3434 37.8505
      vertex -2.14853 -21.3714 38.1
      vertex -2.14235 -21.3607 37.8486
    endloop
  endfacet
  facet normal 0.0830186 -0.975979 0.201426
    outer loop
      vertex 2.75994 -16.8525 37.1992
      vertex 0.391831 -16.9713 37.5996
      vertex 0.36125 -17.0243 37.3554
    endloop
  endfacet
  facet normal 0.0829515 -0.976073 0.201001
    outer loop
      vertex 0.391831 -16.9713 37.5996
      vertex 2.75994 -16.8525 37.1992
      vertex 2.77717 -16.8227 37.3368
    endloop
  endfacet
  facet normal 0.0948283 -0.955503 0.279325
    outer loop
      vertex 0.31885 -17.0977 37.1184
      vertex 2.66585 -17.0155 36.6028
      vertex 2.70664 -16.9448 36.8308
    endloop
  endfacet
  facet normal 0.129537 -0.895367 0.426072
    outer loop
      vertex 0.200334 -17.303 36.675
      vertex 2.52153 -17.2655 36.0481
      vertex 0.265039 -17.1909 36.8909
    endloop
  endfacet
  facet normal 0.129484 -0.895471 0.42587
    outer loop
      vertex 2.52153 -17.2655 36.0481
      vertex 0.200334 -17.303 36.675
      vertex 2.48509 -17.3286 35.9265
    endloop
  endfacet
  facet normal 0.152081 -0.856341 0.493509
    outer loop
      vertex 0.200334 -17.303 36.675
      vertex 2.41296 -17.4535 35.732
      vertex 2.48509 -17.3286 35.9265
    endloop
  endfacet
  facet normal 0.177944 -0.811601 0.556452
    outer loop
      vertex 2.32312 -17.6091 35.513
      vertex 0.12536 -17.4329 36.4728
      vertex 0.0408388 -17.5793 36.2863
    endloop
  endfacet
  facet normal 0.177741 -0.811925 0.556045
    outer loop
      vertex 0.12536 -17.4329 36.4728
      vertex 2.32312 -17.6091 35.513
      vertex 2.37073 -17.5267 35.6181
    endloop
  endfacet
  facet normal 0.271824 -0.648945 0.710621
    outer loop
      vertex -0.153507 -17.9159 35.9673
      vertex 1.88458 -18.3687 34.7742
      vertex 1.94539 -18.2634 34.8471
    endloop
  endfacet
  facet normal 0.271922 -0.648785 0.710729
    outer loop
      vertex 1.88458 -18.3687 34.7742
      vertex -0.153507 -17.9159 35.9673
      vertex -0.261459 -18.1029 35.8379
    endloop
  endfacet
  facet normal 0.384084 -0.454494 0.803688
    outer loop
      vertex -0.493736 -18.5052 35.6454
      vertex 1.30901 -19.3656 34.2973
      vertex 1.42645 -19.1622 34.3562
    endloop
  endfacet
  facet normal 0.345464 -0.521427 0.780236
    outer loop
      vertex -0.375234 -18.2999 35.7302
      vertex 1.42645 -19.1622 34.3562
      vertex 1.4932 -19.0466 34.4039
    endloop
  endfacet
  facet normal 0.345342 -0.521593 0.780179
    outer loop
      vertex 1.42645 -19.1622 34.3562
      vertex -0.375234 -18.2999 35.7302
      vertex -0.493736 -18.5052 35.6454
    endloop
  endfacet
  facet normal 0.817633 0.296409 0.493578
    outer loop
      vertex -1.93238 -20.997 36.675
      vertex -0.653501 -22.7648 35.6181
      vertex -1.85741 -20.8671 36.4728
    endloop
  endfacet
  facet normal 0.817667 0.2965 0.493466
    outer loop
      vertex -0.653501 -22.7648 35.6181
      vertex -1.93238 -20.997 36.675
      vertex -0.695733 -22.8379 35.732
    endloop
  endfacet
  facet normal 0.697886 0.0890048 0.710657
    outer loop
      vertex -1.47059 -20.1971 35.8379
      vertex -0.16735 -21.9227 34.7742
      vertex -0.0635024 -21.7429 34.6497
    endloop
  endfacet
  facet normal 0.58543 -0.105788 0.803791
    outer loop
      vertex -1.23832 -19.7948 35.6454
      vertex 0.476992 -20.8067 34.2629
      vertex -1.11623 -19.5834 35.5843
    endloop
  endfacet
  facet normal 0.585403 -0.10585 0.803803
    outer loop
      vertex 0.476992 -20.8067 34.2629
      vertex -1.23832 -19.7948 35.6454
      vertex 0.408223 -20.9258 34.2973
    endloop
  endfacet
  facet normal 0.624469 -0.0381424 0.780118
    outer loop
      vertex -1.35682 -20.0001 35.7302
      vertex 0.110033 -21.4423 34.4855
      vertex 0.224029 -21.2449 34.4039
    endloop
  endfacet
  facet normal 0.505207 -0.244723 0.827573
    outer loop
      vertex -0.991732 -19.3677 35.5474
      vertex 0.666881 -20.4778 34.2066
      vertex 0.787808 -20.2684 34.1947
    endloop
  endfacet
  facet normal 0.545635 -0.174702 0.819611
    outer loop
      vertex -0.991732 -19.3677 35.5474
      vertex 0.547118 -20.6853 34.2421
      vertex 0.666881 -20.4778 34.2066
    endloop
  endfacet
  facet normal 0.464442 -0.315319 0.827567
    outer loop
      vertex -0.866025 -19.15 35.535
      vertex 0.929424 -20.0231 34.1947
      vertex -0.740319 -18.9323 35.5474
    endloop
  endfacet
  facet normal 0.464372 -0.31545 0.827557
    outer loop
      vertex 0.929424 -20.0231 34.1947
      vertex -0.866025 -19.15 35.535
      vertex 0.858616 -20.1457 34.1877
    endloop
  endfacet
  facet normal 0.177944 -0.811601 -0.556452
    outer loop
      vertex 0.12536 -17.4329 39.7272
      vertex 2.32312 -17.6091 40.687
      vertex 0.0408388 -17.5793 39.9137
    endloop
  endfacet
  facet normal 0.177741 -0.811925 -0.556045
    outer loop
      vertex 2.32312 -17.6091 40.687
      vertex 0.12536 -17.4329 39.7272
      vertex 2.37073 -17.5267 40.5819
    endloop
  endfacet
  facet normal 0.129485 -0.895438 -0.42594
    outer loop
      vertex 0.265039 -17.1909 39.3091
      vertex 2.58378 -17.1577 39.9442
      vertex 2.52153 -17.2655 40.1519
    endloop
  endfacet
  facet normal 0.129484 -0.895471 -0.42587
    outer loop
      vertex 0.200334 -17.303 39.525
      vertex 2.52153 -17.2655 40.1519
      vertex 2.48509 -17.3286 40.2735
    endloop
  endfacet
  facet normal 0.129537 -0.895367 -0.426072
    outer loop
      vertex 2.52153 -17.2655 40.1519
      vertex 0.200334 -17.303 39.525
      vertex 0.265039 -17.1909 39.3091
    endloop
  endfacet
  facet normal 0.0750453 -0.98975 -0.121505
    outer loop
      vertex 0.391831 -16.9713 38.6004
      vertex 2.78757 -16.8047 38.723
      vertex 2.77717 -16.8227 38.8632
    endloop
  endfacet
  facet normal 0.0750505 -0.989734 -0.121628
    outer loop
      vertex 2.78757 -16.8047 38.723
      vertex 0.391831 -16.9713 38.6004
      vertex 0.410299 -16.9393 38.3514
    endloop
  endfacet
  facet normal 0.271824 -0.648945 -0.710621
    outer loop
      vertex 1.88458 -18.3687 41.4258
      vertex -0.153507 -17.9159 40.2327
      vertex 1.94539 -18.2634 41.3529
    endloop
  endfacet
  facet normal 0.271922 -0.648785 -0.710729
    outer loop
      vertex -0.153507 -17.9159 40.2327
      vertex 1.88458 -18.3687 41.4258
      vertex -0.261459 -18.1029 40.3621
    endloop
  endfacet
  facet normal 0.271909 -0.648812 -0.71071
    outer loop
      vertex -0.261459 -18.1029 40.3621
      vertex 1.88458 -18.3687 41.4258
      vertex 1.78073 -18.5486 41.5503
    endloop
  endfacet
  facet normal 0.307798 -0.586644 -0.749073
    outer loop
      vertex 1.71665 -18.6596 41.6109
      vertex -0.261459 -18.1029 40.3621
      vertex 1.78073 -18.5486 41.5503
    endloop
  endfacet
  facet normal 0.307701 -0.586801 -0.748989
    outer loop
      vertex -0.261459 -18.1029 40.3621
      vertex 1.71665 -18.6596 41.6109
      vertex -0.375234 -18.2999 40.4697
    endloop
  endfacet
  facet normal 0.464552 -0.315153 -0.827569
    outer loop
      vertex -0.740319 -18.9323 40.6526
      vertex 1.05035 -19.8136 41.9934
      vertex 0.929424 -20.0231 42.0053
    endloop
  endfacet
  facet normal 0.505374 -0.24443 -0.827557
    outer loop
      vertex 0.787808 -20.2684 42.0053
      vertex -0.866025 -19.15 40.665
      vertex 0.858616 -20.1457 42.0123
    endloop
  endfacet
  facet normal 0.50526 -0.244616 -0.827572
    outer loop
      vertex -0.866025 -19.15 40.665
      vertex 0.787808 -20.2684 42.0053
      vertex -0.991732 -19.3677 40.6526
    endloop
  endfacet
  facet normal 0.791836 0.251718 -0.556448
    outer loop
      vertex -0.605892 -22.6823 40.687
      vertex -1.85741 -20.8671 39.7272
      vertex -1.77289 -20.7207 39.9137
    endloop
  endfacet
  facet normal 0.791875 0.251792 -0.556358
    outer loop
      vertex -1.85741 -20.8671 39.7272
      vertex -0.605892 -22.6823 40.687
      vertex -0.653501 -22.7648 40.5819
    endloop
  endfacet
  facet normal 0.817633 0.296409 -0.493578
    outer loop
      vertex -0.653501 -22.7648 40.5819
      vertex -1.93238 -20.997 39.525
      vertex -1.85741 -20.8671 39.7272
    endloop
  endfacet
  facet normal 0.817667 0.2965 -0.493466
    outer loop
      vertex -1.93238 -20.997 39.525
      vertex -0.653501 -22.7648 40.5819
      vertex -0.695733 -22.8379 40.468
    endloop
  endfacet
  facet normal 0.763132 0.202052 -0.613844
    outer loop
      vertex -0.382347 -22.2951 41.1242
      vertex -1.77289 -20.7207 39.9137
      vertex -1.67963 -20.5592 40.0828
    endloop
  endfacet
  facet normal 0.763059 0.201871 -0.613994
    outer loop
      vertex -1.77289 -20.7207 39.9137
      vertex -0.382347 -22.2951 41.1242
      vertex -0.434875 -22.3861 41.029
    endloop
  endfacet
  facet normal 0.094795 -0.955602 0.278995
    outer loop
      vertex 2.70664 -16.9448 36.8308
      vertex 0.36125 -17.0243 37.3554
      vertex 0.31885 -17.0977 37.1184
    endloop
  endfacet
  facet normal 0.0947329 -0.955693 0.278704
    outer loop
      vertex 0.36125 -17.0243 37.3554
      vertex 2.70664 -16.9448 36.8308
      vertex 2.73053 -16.9035 36.9643
    endloop
  endfacet
  facet normal 0.307798 -0.586644 0.749073
    outer loop
      vertex -0.261459 -18.1029 35.8379
      vertex 1.71665 -18.6596 34.5891
      vertex 1.78073 -18.5486 34.6497
    endloop
  endfacet
  facet normal 0.307558 -0.587032 0.748867
    outer loop
      vertex 1.71665 -18.6596 34.5891
      vertex -0.261459 -18.1029 35.8379
      vertex -0.375234 -18.2999 35.7302
    endloop
  endfacet
  facet normal 0.271909 -0.648812 0.71071
    outer loop
      vertex -0.261459 -18.1029 35.8379
      vertex 1.78073 -18.5486 34.6497
      vertex 1.88458 -18.3687 34.7742
    endloop
  endfacet
  facet normal 0.238207 -0.707178 0.6657
    outer loop
      vertex -0.153507 -17.9159 35.9673
      vertex 1.94539 -18.2634 34.8471
      vertex 2.04264 -18.0949 34.9913
    endloop
  endfacet
  facet normal 0.424141 -0.385129 0.819622
    outer loop
      vertex -0.615822 -18.7166 35.5843
      vertex 1.17011 -19.6062 34.2421
      vertex 1.24024 -19.4847 34.2629
    endloop
  endfacet
  facet normal 0.42419 -0.385048 0.819634
    outer loop
      vertex 1.17011 -19.6062 34.2421
      vertex -0.615822 -18.7166 35.5843
      vertex -0.740319 -18.9323 35.5474
    endloop
  endfacet
  facet normal 0.384351 -0.45409 0.803788
    outer loop
      vertex -0.493736 -18.5052 35.6454
      vertex 1.24024 -19.4847 34.2629
      vertex 1.30901 -19.3656 34.2973
    endloop
  endfacet
  facet normal 0.384256 -0.45422 0.803761
    outer loop
      vertex 1.24024 -19.4847 34.2629
      vertex -0.493736 -18.5052 35.6454
      vertex -0.615822 -18.7166 35.5843
    endloop
  endfacet
  facet normal 0.662108 0.0270593 0.74892
    outer loop
      vertex -1.47059 -20.1971 35.8379
      vertex 0.000584579 -21.6319 34.5891
      vertex -1.35682 -20.0001 35.7302
    endloop
  endfacet
  facet normal 0.66195 0.0267678 0.74907
    outer loop
      vertex 0.000584579 -21.6319 34.5891
      vertex -1.47059 -20.1971 35.8379
      vertex -0.0635024 -21.7429 34.6497
    endloop
  endfacet
  facet normal 0.624431 -0.0381813 0.780146
    outer loop
      vertex -1.35682 -20.0001 35.7302
      vertex 0.290778 -21.1292 34.3562
      vertex -1.23832 -19.7948 35.6454
    endloop
  endfacet
  facet normal 0.624295 -0.0384929 0.78024
    outer loop
      vertex 0.290778 -21.1292 34.3562
      vertex -1.35682 -20.0001 35.7302
      vertex 0.224029 -21.2449 34.4039
    endloop
  endfacet
  facet normal 0.345491 -0.521435 -0.780219
    outer loop
      vertex 1.42645 -19.1622 41.8438
      vertex -0.375234 -18.2999 40.4697
      vertex 1.4932 -19.0466 41.7961
    endloop
  endfacet
  facet normal 0.345189 -0.521843 -0.78008
    outer loop
      vertex -0.375234 -18.2999 40.4697
      vertex 1.42645 -19.1622 41.8438
      vertex -0.493736 -18.5052 40.5546
    endloop
  endfacet
  facet normal 0.384084 -0.454494 -0.803688
    outer loop
      vertex -0.493736 -18.5052 40.5546
      vertex 1.42645 -19.1622 41.8438
      vertex 1.30901 -19.3656 41.9027
    endloop
  endfacet
  facet normal 0.384351 -0.45409 -0.803788
    outer loop
      vertex 1.24024 -19.4847 41.9371
      vertex -0.493736 -18.5052 40.5546
      vertex 1.30901 -19.3656 41.9027
    endloop
  endfacet
  facet normal 0.384256 -0.45422 -0.803761
    outer loop
      vertex -0.493736 -18.5052 40.5546
      vertex 1.24024 -19.4847 41.9371
      vertex -0.615822 -18.7166 40.6157
    endloop
  endfacet
  facet normal 0.499399 0.864983 0.0490382
    outer loop
      vertex -39.0414 -0.0339732 62.5839
      vertex -2.13853 -21.354 62.8333
      vertex -2.1324 -21.3434 62.5839
    endloop
  endfacet
  facet normal 0.499397 0.864982 0.0490778
    outer loop
      vertex -2.13853 -21.354 62.8333
      vertex -39.0414 -0.0339732 62.5839
      vertex -39.0414 -0.0481238 62.8333
    endloop
  endfacet
  facet normal -0.499398 -0.864981 0.0490757
    outer loop
      vertex 0.400347 -16.9566 62.5839
      vertex -39.0414 5.8293 62.8333
      vertex -39.0414 5.81515 62.5839
    endloop
  endfacet
  facet normal -0.4994 -0.864983 0.0490322
    outer loop
      vertex -39.0414 5.8293 62.8333
      vertex 0.400347 -16.9566 62.5839
      vertex 0.406474 -16.946 62.8333
    endloop
  endfacet
  facet normal -0.0246244 -0.0426506 0.998787
    outer loop
      vertex -39.0414 2.89059 60.2883
      vertex -0.741299 -18.934 60.3006
      vertex -39.0414 3.17863 60.3006
    endloop
  endfacet
  facet normal -0.0246269 -0.0426549 0.998786
    outer loop
      vertex -0.741299 -18.934 60.3006
      vertex -39.0414 2.89059 60.2883
      vertex -0.866025 -19.15 60.2883
    endloop
  endfacet
  facet normal 0.335751 0.581538 0.741002
    outer loop
      vertex -39.0414 0.812605 61.0337
      vertex -1.67329 -20.5482 60.866
      vertex -39.0414 1.02629 60.866
    endloop
  endfacet
  facet normal 0.33572 0.581483 0.74106
    outer loop
      vertex -1.67329 -20.5482 60.866
      vertex -39.0414 0.812605 61.0337
      vertex -1.76582 -20.7085 61.0337
    endloop
  endfacet
  facet normal -0.335756 -0.581546 0.740994
    outer loop
      vertex -39.0414 4.75489 60.866
      vertex 0.0337677 -17.5915 61.0337
      vertex -39.0414 4.96857 61.0337
    endloop
  endfacet
  facet normal -0.335721 -0.581484 0.741058
    outer loop
      vertex 0.0337677 -17.5915 61.0337
      vertex -39.0414 4.75489 60.866
      vertex -0.0587601 -17.7518 60.866
    endloop
  endfacet
  facet normal -0.213636 -0.370028 0.904123
    outer loop
      vertex -39.0414 4.01518 60.4821
      vertex -0.266173 -18.111 60.5888
      vertex -39.0414 4.27589 60.5888
    endloop
  endfacet
  facet normal -0.213592 -0.369951 0.904165
    outer loop
      vertex -0.266173 -18.111 60.5888
      vertex -39.0414 4.01518 60.4821
      vertex -0.379061 -18.3066 60.4821
    endloop
  endfacet
  facet normal 0.45199 0.782868 0.427578
    outer loop
      vertex -39.0414 0.298876 61.6336
      vertex -2.04166 -21.1863 61.8594
      vertex -1.98827 -21.0938 61.6336
    endloop
  endfacet
  facet normal 0.452004 0.782892 0.427519
    outer loop
      vertex -2.04166 -21.1863 61.8594
      vertex -39.0414 0.298876 61.6336
      vertex -39.0414 0.175572 61.8594
    endloop
  endfacet
  facet normal 0.168554 0.291944 0.941466
    outer loop
      vertex -39.0414 1.76599 60.4821
      vertex -1.23541 -19.7898 60.3979
      vertex -39.0414 2.03752 60.3979
    endloop
  endfacet
  facet normal 0.168578 0.291987 0.941448
    outer loop
      vertex -1.23541 -19.7898 60.3979
      vertex -39.0414 1.76599 60.4821
      vertex -1.35299 -19.9934 60.4821
    endloop
  endfacet
  facet normal -0.428855 -0.742799 0.514133
    outer loop
      vertex 0.19202 -17.3174 61.4194
      vertex -39.0414 5.4823 61.6336
      vertex -39.0414 5.33404 61.4194
    endloop
  endfacet
  facet normal -0.428851 -0.742792 0.514147
    outer loop
      vertex -39.0414 5.4823 61.6336
      vertex 0.19202 -17.3174 61.4194
      vertex 0.256219 -17.2062 61.6336
    endloop
  endfacet
  facet normal -0.401597 -0.695584 0.59572
    outer loop
      vertex 0.11763 -17.4463 61.2188
      vertex -39.0414 5.33404 61.4194
      vertex -39.0414 5.16224 61.2188
    endloop
  endfacet
  facet normal -0.401556 -0.695514 0.59583
    outer loop
      vertex -39.0414 5.33404 61.4194
      vertex 0.11763 -17.4463 61.2188
      vertex 0.19202 -17.3174 61.4194
    endloop
  endfacet
  facet normal -0.257054 -0.44523 0.857726
    outer loop
      vertex -39.0414 4.27589 60.5888
      vertex -0.159062 -17.9255 60.7172
      vertex -39.0414 4.52325 60.7172
    endloop
  endfacet
  facet normal -0.257068 -0.445255 0.857708
    outer loop
      vertex -0.159062 -17.9255 60.7172
      vertex -39.0414 4.27589 60.5888
      vertex -0.266173 -18.111 60.5888
    endloop
  endfacet
  facet normal 0.0734577 0.127232 -0.989149
    outer loop
      vertex -39.0414 2.31727 65.3294
      vertex -0.990752 -19.366 65.3661
      vertex -1.11428 -19.58 65.3294
    endloop
  endfacet
  facet normal 0.0734699 0.127254 -0.989145
    outer loop
      vertex -0.990752 -19.366 65.3661
      vertex -39.0414 2.31727 65.3294
      vertex -39.0414 2.60254 65.3661
    endloop
  endfacet
  facet normal 0.48499 0.840027 0.243187
    outer loop
      vertex -39.0414 0.0784161 62.0946
      vertex -2.11407 -21.3117 62.3368
      vertex -2.08373 -21.2591 62.0946
    endloop
  endfacet
  facet normal 0.485008 0.840056 0.243049
    outer loop
      vertex -2.11407 -21.3117 62.3368
      vertex -39.0414 0.0784161 62.0946
      vertex -39.0414 0.0083418 62.3368
    endloop
  endfacet
  facet normal 0.494599 0.85667 0.14659
    outer loop
      vertex -39.0414 0.0083418 62.3368
      vertex -2.1324 -21.3434 62.5839
      vertex -2.11407 -21.3117 62.3368
    endloop
  endfacet
  facet normal 0.494591 0.856656 0.146699
    outer loop
      vertex -2.1324 -21.3434 62.5839
      vertex -39.0414 0.0083418 62.3368
      vertex -39.0414 -0.0339732 62.5839
    endloop
  endfacet
  facet normal 0.47082 0.815482 0.336626
    outer loop
      vertex -39.0414 0.175572 61.8594
      vertex -2.08373 -21.2591 62.0946
      vertex -2.04166 -21.1863 61.8594
    endloop
  endfacet
  facet normal 0.470782 0.815419 0.336832
    outer loop
      vertex -2.08373 -21.2591 62.0946
      vertex -39.0414 0.175572 61.8594
      vertex -39.0414 0.0784161 62.0946
    endloop
  endfacet
  facet normal 0.401555 0.695514 0.59583
    outer loop
      vertex -39.0414 0.618933 61.2188
      vertex -1.92407 -20.9826 61.4194
      vertex -1.84968 -20.8537 61.2188
    endloop
  endfacet
  facet normal 0.401601 0.695592 0.595709
    outer loop
      vertex -1.92407 -20.9826 61.4194
      vertex -39.0414 0.618933 61.2188
      vertex -39.0414 0.447138 61.4194
    endloop
  endfacet
  facet normal 0.370516 0.641751 0.671471
    outer loop
      vertex -39.0414 0.618933 61.2188
      vertex -1.76582 -20.7085 61.0337
      vertex -39.0414 0.812605 61.0337
    endloop
  endfacet
  facet normal 0.370563 0.641834 0.671366
    outer loop
      vertex -1.76582 -20.7085 61.0337
      vertex -39.0414 0.618933 61.2188
      vertex -1.84968 -20.8537 61.2188
    endloop
  endfacet
  facet normal 0.121517 0.210474 0.970018
    outer loop
      vertex -39.0414 2.03752 60.3979
      vertex -1.11428 -19.58 60.3372
      vertex -39.0414 2.31727 60.3372
    endloop
  endfacet
  facet normal 0.121524 0.210485 0.970015
    outer loop
      vertex -1.11428 -19.58 60.3372
      vertex -39.0414 2.03752 60.3979
      vertex -1.23541 -19.7898 60.3979
    endloop
  endfacet
  facet normal 0.073274 0.126914 0.989204
    outer loop
      vertex -39.0414 2.31727 60.3372
      vertex -0.990752 -19.366 60.3006
      vertex -39.0414 2.60254 60.3006
    endloop
  endfacet
  facet normal 0.0732618 0.126893 0.989207
    outer loop
      vertex -0.990752 -19.366 60.3006
      vertex -39.0414 2.31727 60.3372
      vertex -1.11428 -19.58 60.3372
    endloop
  endfacet
  facet normal 0.0246235 0.0426491 0.998787
    outer loop
      vertex -39.0414 2.60254 60.3006
      vertex -0.866025 -19.15 60.2883
      vertex -39.0414 2.89059 60.2883
    endloop
  endfacet
  facet normal 0.0246268 0.0426549 0.998786
    outer loop
      vertex -0.866025 -19.15 60.2883
      vertex -39.0414 2.60254 60.3006
      vertex -0.990752 -19.366 60.3006
    endloop
  endfacet
  facet normal 0.297876 0.515936 0.803168
    outer loop
      vertex -39.0414 1.02629 60.866
      vertex -1.57299 -20.3745 60.7172
      vertex -39.0414 1.25793 60.7172
    endloop
  endfacet
  facet normal 0.297902 0.515982 0.803129
    outer loop
      vertex -1.57299 -20.3745 60.7172
      vertex -39.0414 1.02629 60.866
      vertex -1.67329 -20.5482 60.866
    endloop
  endfacet
  facet normal 0.213642 0.37004 0.904117
    outer loop
      vertex -39.0414 1.50529 60.5888
      vertex -1.35299 -19.9934 60.4821
      vertex -39.0414 1.76599 60.4821
    endloop
  endfacet
  facet normal 0.213591 0.36995 0.904166
    outer loop
      vertex -1.35299 -19.9934 60.4821
      vertex -39.0414 1.50529 60.5888
      vertex -1.46588 -20.189 60.5888
    endloop
  endfacet
  facet normal 0.257054 0.44523 0.857726
    outer loop
      vertex -39.0414 1.25793 60.7172
      vertex -1.46588 -20.189 60.5888
      vertex -39.0414 1.50529 60.5888
    endloop
  endfacet
  facet normal 0.257069 0.445256 0.857708
    outer loop
      vertex -1.46588 -20.189 60.5888
      vertex -39.0414 1.25793 60.7172
      vertex -1.57299 -20.3745 60.7172
    endloop
  endfacet
  facet normal -0.370518 -0.641754 0.671467
    outer loop
      vertex -39.0414 4.96857 61.0337
      vertex 0.11763 -17.4463 61.2188
      vertex -39.0414 5.16224 61.2188
    endloop
  endfacet
  facet normal -0.370562 -0.641832 0.671368
    outer loop
      vertex 0.11763 -17.4463 61.2188
      vertex -39.0414 4.96857 61.0337
      vertex 0.0337677 -17.5915 61.0337
    endloop
  endfacet
  facet normal -0.452006 -0.782897 0.427508
    outer loop
      vertex 0.256219 -17.2062 61.6336
      vertex -39.0414 5.6056 61.8594
      vertex -39.0414 5.4823 61.6336
    endloop
  endfacet
  facet normal -0.451988 -0.782867 0.427581
    outer loop
      vertex -39.0414 5.6056 61.8594
      vertex 0.256219 -17.2062 61.6336
      vertex 0.309611 -17.1137 61.8594
    endloop
  endfacet
  facet normal -0.47078 -0.815415 0.336844
    outer loop
      vertex 0.309611 -17.1137 61.8594
      vertex -39.0414 5.70276 62.0946
      vertex -39.0414 5.6056 61.8594
    endloop
  endfacet
  facet normal -0.47082 -0.815482 0.336626
    outer loop
      vertex -39.0414 5.70276 62.0946
      vertex 0.309611 -17.1137 61.8594
      vertex 0.351681 -17.0409 62.0946
    endloop
  endfacet
  facet normal -0.48501 -0.840059 0.243035
    outer loop
      vertex 0.351681 -17.0409 62.0946
      vertex -39.0414 5.77283 62.3368
      vertex -39.0414 5.70276 62.0946
    endloop
  endfacet
  facet normal -0.484989 -0.840025 0.243193
    outer loop
      vertex -39.0414 5.77283 62.3368
      vertex 0.351681 -17.0409 62.0946
      vertex 0.382024 -16.9883 62.3368
    endloop
  endfacet
  facet normal -0.494589 -0.856654 0.146716
    outer loop
      vertex 0.382024 -16.9883 62.3368
      vertex -39.0414 5.81515 62.5839
      vertex -39.0414 5.77283 62.3368
    endloop
  endfacet
  facet normal -0.4946 -0.856671 0.146576
    outer loop
      vertex -39.0414 5.81515 62.5839
      vertex 0.382024 -16.9883 62.3368
      vertex 0.400347 -16.9566 62.5839
    endloop
  endfacet
  facet normal -0.297877 -0.515936 0.803168
    outer loop
      vertex -39.0414 4.52325 60.7172
      vertex -0.0587601 -17.7518 60.866
      vertex -39.0414 4.75489 60.866
    endloop
  endfacet
  facet normal -0.297902 -0.51598 0.803131
    outer loop
      vertex -0.0587601 -17.7518 60.866
      vertex -39.0414 4.52325 60.7172
      vertex -0.159062 -17.9255 60.7172
    endloop
  endfacet
  facet normal -0.073274 -0.126914 0.989204
    outer loop
      vertex -39.0414 3.17863 60.3006
      vertex -0.617773 -18.72 60.3372
      vertex -39.0414 3.4639 60.3372
    endloop
  endfacet
  facet normal -0.0732622 -0.126893 0.989207
    outer loop
      vertex -0.617773 -18.72 60.3372
      vertex -39.0414 3.17863 60.3006
      vertex -0.741299 -18.934 60.3006
    endloop
  endfacet
  facet normal -0.121517 -0.210474 0.970018
    outer loop
      vertex -39.0414 3.4639 60.3372
      vertex -0.496638 -18.5102 60.3979
      vertex -39.0414 3.74365 60.3979
    endloop
  endfacet
  facet normal -0.121522 -0.210483 0.970015
    outer loop
      vertex -0.496638 -18.5102 60.3979
      vertex -39.0414 3.4639 60.3372
      vertex -0.617773 -18.72 60.3372
    endloop
  endfacet
  facet normal 0.257069 0.445256 -0.857708
    outer loop
      vertex -39.0414 1.25793 64.9494
      vertex -1.46588 -20.189 65.0778
      vertex -1.57299 -20.3745 64.9494
    endloop
  endfacet
  facet normal 0.257054 0.44523 -0.857726
    outer loop
      vertex -1.46588 -20.189 65.0778
      vertex -39.0414 1.25793 64.9494
      vertex -39.0414 1.50529 65.0778
    endloop
  endfacet
  facet normal 0.451953 0.782805 -0.427732
    outer loop
      vertex -2.04166 -21.1863 63.8073
      vertex -39.0414 0.298876 64.033
      vertex -1.98827 -21.0938 64.033
    endloop
  endfacet
  facet normal 0.451968 0.782829 -0.427673
    outer loop
      vertex -39.0414 0.298876 64.033
      vertex -2.04166 -21.1863 63.8073
      vertex -39.0414 0.175572 63.8073
    endloop
  endfacet
  facet normal -0.485022 -0.84008 -0.24294
    outer loop
      vertex -39.0414 5.77283 63.3298
      vertex 0.351681 -17.0409 63.5721
      vertex -39.0414 5.70276 63.5721
    endloop
  endfacet
  facet normal -0.485001 -0.840046 -0.243099
    outer loop
      vertex 0.351681 -17.0409 63.5721
      vertex -39.0414 5.77283 63.3298
      vertex 0.382024 -16.9883 63.3298
    endloop
  endfacet
  facet normal 0.213755 0.370233 -0.904011
    outer loop
      vertex -39.0414 1.50529 65.0778
      vertex -1.35299 -19.9934 65.1846
      vertex -1.46588 -20.189 65.0778
    endloop
  endfacet
  facet normal 0.213806 0.370323 -0.903962
    outer loop
      vertex -1.35299 -19.9934 65.1846
      vertex -39.0414 1.50529 65.0778
      vertex -39.0414 1.76599 65.1846
    endloop
  endfacet
  facet normal 0.121524 0.210485 -0.970015
    outer loop
      vertex -39.0414 2.03752 65.2687
      vertex -1.11428 -19.58 65.3294
      vertex -1.23541 -19.7898 65.2687
    endloop
  endfacet
  facet normal 0.121517 0.210474 -0.970018
    outer loop
      vertex -1.11428 -19.58 65.3294
      vertex -39.0414 2.03752 65.2687
      vertex -39.0414 2.31727 65.3294
    endloop
  endfacet
  facet normal 0.428851 0.742791 0.514148
    outer loop
      vertex -39.0414 0.447138 61.4194
      vertex -1.98827 -21.0938 61.6336
      vertex -1.92407 -20.9826 61.4194
    endloop
  endfacet
  facet normal 0.428854 0.742796 0.514138
    outer loop
      vertex -1.98827 -21.0938 61.6336
      vertex -39.0414 0.447138 61.4194
      vertex -39.0414 0.298876 61.6336
    endloop
  endfacet
  facet normal -0.168554 -0.291944 0.941466
    outer loop
      vertex -39.0414 3.74365 60.3979
      vertex -0.379061 -18.3066 60.4821
      vertex -39.0414 4.01518 60.4821
    endloop
  endfacet
  facet normal -0.16858 -0.291988 0.941448
    outer loop
      vertex -0.379061 -18.3066 60.4821
      vertex -39.0414 3.74365 60.3979
      vertex -0.496638 -18.5102 60.3979
    endloop
  endfacet
  facet normal 0.494595 0.856662 -0.146648
    outer loop
      vertex -2.1324 -21.3434 63.0828
      vertex -39.0414 0.0083418 63.3298
      vertex -2.11407 -21.3117 63.3298
    endloop
  endfacet
  facet normal 0.494586 0.856648 -0.146757
    outer loop
      vertex -39.0414 0.0083418 63.3298
      vertex -2.1324 -21.3434 63.0828
      vertex -39.0414 -0.0339732 63.0828
    endloop
  endfacet
  facet normal 0.499399 0.864984 -0.0490186
    outer loop
      vertex -2.13853 -21.354 62.8333
      vertex -39.0414 -0.0339732 63.0828
      vertex -2.1324 -21.3434 63.0828
    endloop
  endfacet
  facet normal 0.499398 0.864983 -0.0490582
    outer loop
      vertex -39.0414 -0.0339732 63.0828
      vertex -2.13853 -21.354 62.8333
      vertex -39.0414 -0.0481238 62.8333
    endloop
  endfacet
  facet normal -0.0244271 -0.042309 -0.998806
    outer loop
      vertex -39.0414 2.89059 65.3783
      vertex -0.741299 -18.934 65.3661
      vertex -0.866025 -19.15 65.3783
    endloop
  endfacet
  facet normal -0.0244247 -0.0423047 -0.998806
    outer loop
      vertex -0.741299 -18.934 65.3661
      vertex -39.0414 2.89059 65.3783
      vertex -39.0414 3.17863 65.3661
    endloop
  endfacet
  facet normal -0.401597 -0.695584 -0.59572
    outer loop
      vertex -39.0414 5.33404 64.2473
      vertex 0.11763 -17.4463 64.4479
      vertex -39.0414 5.16224 64.4479
    endloop
  endfacet
  facet normal -0.401556 -0.695514 -0.59583
    outer loop
      vertex 0.11763 -17.4463 64.4479
      vertex -39.0414 5.33404 64.2473
      vertex 0.19202 -17.3174 64.2473
    endloop
  endfacet
  facet normal -0.451969 -0.782834 -0.427662
    outer loop
      vertex -39.0414 5.6056 63.8073
      vertex 0.256219 -17.2062 64.033
      vertex -39.0414 5.4823 64.033
    endloop
  endfacet
  facet normal -0.451952 -0.782804 -0.427736
    outer loop
      vertex 0.256219 -17.2062 64.033
      vertex -39.0414 5.6056 63.8073
      vertex 0.309611 -17.1137 63.8073
    endloop
  endfacet
  facet normal -0.428908 -0.74289 -0.513957
    outer loop
      vertex -39.0414 5.4823 64.033
      vertex 0.19202 -17.3174 64.2473
      vertex -39.0414 5.33404 64.2473
    endloop
  endfacet
  facet normal -0.428904 -0.742883 -0.51397
    outer loop
      vertex 0.19202 -17.3174 64.2473
      vertex -39.0414 5.4823 64.033
      vertex 0.256219 -17.2062 64.033
    endloop
  endfacet
  facet normal -0.499399 -0.864982 -0.0490561
    outer loop
      vertex -39.0414 5.8293 62.8333
      vertex 0.400347 -16.9566 63.0828
      vertex -39.0414 5.81515 63.0828
    endloop
  endfacet
  facet normal -0.4994 -0.864984 -0.0490126
    outer loop
      vertex 0.400347 -16.9566 63.0828
      vertex -39.0414 5.8293 62.8333
      vertex 0.406474 -16.946 62.8333
    endloop
  endfacet
  facet normal 0.47082 0.815482 -0.336626
    outer loop
      vertex -2.08373 -21.2591 63.5721
      vertex -39.0414 0.175572 63.8073
      vertex -2.04166 -21.1863 63.8073
    endloop
  endfacet
  facet normal 0.470782 0.815419 -0.336832
    outer loop
      vertex -39.0414 0.175572 63.8073
      vertex -2.08373 -21.2591 63.5721
      vertex -39.0414 0.0784161 63.5721
    endloop
  endfacet
  facet normal 0.485001 0.840047 -0.243093
    outer loop
      vertex -2.11407 -21.3117 63.3298
      vertex -39.0414 0.0784161 63.5721
      vertex -2.08373 -21.2591 63.5721
    endloop
  endfacet
  facet normal 0.48502 0.840077 -0.242954
    outer loop
      vertex -39.0414 0.0784161 63.5721
      vertex -2.11407 -21.3117 63.3298
      vertex -39.0414 0.0083418 63.3298
    endloop
  endfacet
  facet normal 0.401555 0.695514 -0.59583
    outer loop
      vertex -1.92407 -20.9826 64.2473
      vertex -39.0414 0.618933 64.4479
      vertex -1.84968 -20.8537 64.4479
    endloop
  endfacet
  facet normal 0.401601 0.695592 -0.595709
    outer loop
      vertex -39.0414 0.618933 64.4479
      vertex -1.92407 -20.9826 64.2473
      vertex -39.0414 0.447138 64.2473
    endloop
  endfacet
  facet normal 0.428904 0.742882 -0.513972
    outer loop
      vertex -1.98827 -21.0938 64.033
      vertex -39.0414 0.447138 64.2473
      vertex -1.92407 -20.9826 64.2473
    endloop
  endfacet
  facet normal 0.428907 0.742888 -0.513962
    outer loop
      vertex -39.0414 0.447138 64.2473
      vertex -1.98827 -21.0938 64.033
      vertex -39.0414 0.298876 64.033
    endloop
  endfacet
  facet normal 0.024427 0.0423089 -0.998806
    outer loop
      vertex -39.0414 2.60254 65.3661
      vertex -0.866025 -19.15 65.3783
      vertex -0.990752 -19.366 65.3661
    endloop
  endfacet
  facet normal 0.0244238 0.0423032 -0.998806
    outer loop
      vertex -0.866025 -19.15 65.3783
      vertex -39.0414 2.60254 65.3661
      vertex -39.0414 2.89059 65.3783
    endloop
  endfacet
  facet normal -0.073458 -0.127233 -0.989149
    outer loop
      vertex -39.0414 3.17863 65.3661
      vertex -0.617773 -18.72 65.3294
      vertex -0.741299 -18.934 65.3661
    endloop
  endfacet
  facet normal -0.0734699 -0.127254 -0.989145
    outer loop
      vertex -0.617773 -18.72 65.3294
      vertex -39.0414 3.17863 65.3661
      vertex -39.0414 3.4639 65.3294
    endloop
  endfacet
  facet normal -0.370472 -0.641676 -0.671567
    outer loop
      vertex -39.0414 4.96857 64.6329
      vertex 0.11763 -17.4463 64.4479
      vertex 0.0337677 -17.5915 64.6329
    endloop
  endfacet
  facet normal -0.370428 -0.641598 -0.671666
    outer loop
      vertex 0.11763 -17.4463 64.4479
      vertex -39.0414 4.96857 64.6329
      vertex -39.0414 5.16224 64.4479
    endloop
  endfacet
  facet normal -0.494585 -0.856646 -0.146774
    outer loop
      vertex -39.0414 5.81515 63.0828
      vertex 0.382024 -16.9883 63.3298
      vertex -39.0414 5.77283 63.3298
    endloop
  endfacet
  facet normal -0.494596 -0.856664 -0.146635
    outer loop
      vertex 0.382024 -16.9883 63.3298
      vertex -39.0414 5.81515 63.0828
      vertex 0.400347 -16.9566 63.0828
    endloop
  endfacet
  facet normal -0.47078 -0.815415 -0.336844
    outer loop
      vertex -39.0414 5.70276 63.5721
      vertex 0.309611 -17.1137 63.8073
      vertex -39.0414 5.6056 63.8073
    endloop
  endfacet
  facet normal -0.47082 -0.815482 -0.336626
    outer loop
      vertex 0.309611 -17.1137 63.8073
      vertex -39.0414 5.70276 63.5721
      vertex 0.351681 -17.0409 63.5721
    endloop
  endfacet
  facet normal 0.297902 0.515982 -0.803129
    outer loop
      vertex -39.0414 1.02629 64.8006
      vertex -1.57299 -20.3745 64.9494
      vertex -1.67329 -20.5482 64.8006
    endloop
  endfacet
  facet normal 0.297876 0.515936 -0.803168
    outer loop
      vertex -1.57299 -20.3745 64.9494
      vertex -39.0414 1.02629 64.8006
      vertex -39.0414 1.25793 64.9494
    endloop
  endfacet
  facet normal 0.370473 0.641678 -0.671565
    outer loop
      vertex -39.0414 0.618933 64.4479
      vertex -1.76582 -20.7085 64.6329
      vertex -1.84968 -20.8537 64.4479
    endloop
  endfacet
  facet normal 0.370426 0.641595 -0.67167
    outer loop
      vertex -1.76582 -20.7085 64.6329
      vertex -39.0414 0.618933 64.4479
      vertex -39.0414 0.812605 64.6329
    endloop
  endfacet
  facet normal 0.33572 0.581483 -0.74106
    outer loop
      vertex -39.0414 0.812605 64.6329
      vertex -1.67329 -20.5482 64.8006
      vertex -1.76582 -20.7085 64.6329
    endloop
  endfacet
  facet normal 0.335751 0.581538 -0.741002
    outer loop
      vertex -1.67329 -20.5482 64.8006
      vertex -39.0414 0.812605 64.6329
      vertex -39.0414 1.02629 64.8006
    endloop
  endfacet
  facet normal -0.121522 -0.210483 -0.970015
    outer loop
      vertex -39.0414 3.4639 65.3294
      vertex -0.496638 -18.5102 65.2687
      vertex -0.617773 -18.72 65.3294
    endloop
  endfacet
  facet normal -0.121517 -0.210474 -0.970018
    outer loop
      vertex -0.496638 -18.5102 65.2687
      vertex -39.0414 3.4639 65.3294
      vertex -39.0414 3.74365 65.2687
    endloop
  endfacet
  facet normal -0.335721 -0.581484 -0.741058
    outer loop
      vertex -39.0414 4.75489 64.8006
      vertex 0.0337677 -17.5915 64.6329
      vertex -0.0587601 -17.7518 64.8006
    endloop
  endfacet
  facet normal -0.335756 -0.581546 -0.740994
    outer loop
      vertex 0.0337677 -17.5915 64.6329
      vertex -39.0414 4.75489 64.8006
      vertex -39.0414 4.96857 64.6329
    endloop
  endfacet
  facet normal -0.257068 -0.445255 -0.857708
    outer loop
      vertex -39.0414 4.27589 65.0778
      vertex -0.159062 -17.9255 64.9494
      vertex -0.266173 -18.111 65.0778
    endloop
  endfacet
  facet normal -0.257054 -0.44523 -0.857726
    outer loop
      vertex -0.159062 -17.9255 64.9494
      vertex -39.0414 4.27589 65.0778
      vertex -39.0414 4.52325 64.9494
    endloop
  endfacet
  facet normal 0.168401 0.291679 -0.941575
    outer loop
      vertex -39.0414 1.76599 65.1846
      vertex -1.23541 -19.7898 65.2687
      vertex -1.35299 -19.9934 65.1846
    endloop
  endfacet
  facet normal 0.168376 0.291636 -0.941593
    outer loop
      vertex -1.23541 -19.7898 65.2687
      vertex -39.0414 1.76599 65.1846
      vertex -39.0414 2.03752 65.2687
    endloop
  endfacet
  facet normal -0.297902 -0.51598 -0.803131
    outer loop
      vertex -39.0414 4.52325 64.9494
      vertex -0.0587601 -17.7518 64.8006
      vertex -0.159062 -17.9255 64.9494
    endloop
  endfacet
  facet normal -0.297877 -0.515936 -0.803168
    outer loop
      vertex -0.0587601 -17.7518 64.8006
      vertex -39.0414 4.52325 64.9494
      vertex -39.0414 4.75489 64.8006
    endloop
  endfacet
  facet normal -0.213756 -0.370235 -0.90401
    outer loop
      vertex -39.0414 4.01518 65.1846
      vertex -0.266173 -18.111 65.0778
      vertex -0.379061 -18.3066 65.1846
    endloop
  endfacet
  facet normal -0.213799 -0.370311 -0.903969
    outer loop
      vertex -0.266173 -18.111 65.0778
      vertex -39.0414 4.01518 65.1846
      vertex -39.0414 4.27589 65.0778
    endloop
  endfacet
  facet normal -0.168402 -0.291681 -0.941575
    outer loop
      vertex -39.0414 3.74365 65.2687
      vertex -0.379061 -18.3066 65.1846
      vertex -0.496638 -18.5102 65.2687
    endloop
  endfacet
  facet normal -0.168377 -0.291636 -0.941593
    outer loop
      vertex -0.379061 -18.3066 65.1846
      vertex -39.0414 3.74365 65.2687
      vertex -39.0414 4.01518 65.1846
    endloop
  endfacet
  facet normal 0.898653 0.43677 0.0406806
    outer loop
      vertex -2.14853 -21.3714 62.8333
      vertex -1.09405 -23.5278 62.6917
      vertex -2.14235 -21.3607 62.5819
    endloop
  endfacet
  facet normal 0.89865 0.436755 0.0409005
    outer loop
      vertex -1.09405 -23.5278 62.6917
      vertex -2.14853 -21.3714 62.8333
      vertex -1.09753 -23.5339 62.8333
    endloop
  endfacet
  facet normal 0.898653 0.43677 0.0406813
    outer loop
      vertex -2.14235 -21.3607 62.5819
      vertex -1.09405 -23.5278 62.6917
      vertex -1.08811 -23.5175 62.4499
    endloop
  endfacet
  facet normal 0.206685 -0.761806 -0.613948
    outer loop
      vertex 0.0408388 -17.5793 64.6471
      vertex 2.09958 -17.9963 65.8576
      vertex -0.0524163 -17.7408 64.8161
    endloop
  endfacet
  facet normal 0.206752 -0.76172 -0.614032
    outer loop
      vertex 2.09958 -17.9963 65.8576
      vertex 0.0408388 -17.5793 64.6471
      vertex 2.15211 -17.9053 65.7624
    endloop
  endfacet
  facet normal 0.731727 0.147593 0.665426
    outer loop
      vertex -1.67963 -20.5592 60.8506
      vertex -0.325405 -22.1965 59.7246
      vertex -1.57854 -20.3841 60.7006
    endloop
  endfacet
  facet normal 0.731754 0.147643 0.665386
    outer loop
      vertex -0.325405 -22.1965 59.7246
      vertex -1.67963 -20.5592 60.8506
      vertex -0.382347 -22.2951 59.8091
    endloop
  endfacet
  facet normal 0.886756 0.416136 -0.201233
    outer loop
      vertex -2.0933 -21.2757 63.5779
      vertex -1.01329 -23.388 63.969
      vertex -1.04271 -23.4389 63.7341
    endloop
  endfacet
  facet normal 0.177921 -0.811652 0.556386
    outer loop
      vertex 0.0408388 -17.5793 61.0196
      vertex 2.24182 -17.7499 60.0669
      vertex 2.32312 -17.6091 60.2463
    endloop
  endfacet
  facet normal 0.791828 0.251741 -0.556449
    outer loop
      vertex -1.77289 -20.7207 64.6471
      vertex -0.524584 -22.5415 65.5997
      vertex -0.605892 -22.6823 65.4203
    endloop
  endfacet
  facet normal 0.0750505 -0.989734 0.121628
    outer loop
      vertex 0.391831 -16.9713 62.3329
      vertex 2.78757 -16.8047 62.2103
      vertex 0.410299 -16.9393 62.5819
    endloop
  endfacet
  facet normal 0.0750453 -0.98975 0.121505
    outer loop
      vertex 2.78757 -16.8047 62.2103
      vertex 0.391831 -16.9713 62.3329
      vertex 2.77717 -16.8227 62.0701
    endloop
  endfacet
  facet normal 0.345315 -0.521652 0.780152
    outer loop
      vertex -0.375234 -18.2999 60.4636
      vertex 1.4932 -19.0466 59.1373
      vertex 1.6072 -18.8491 59.2189
    endloop
  endfacet
  facet normal 0.791839 0.251723 0.556441
    outer loop
      vertex -1.77289 -20.7207 61.0196
      vertex -0.605892 -22.6823 60.2463
      vertex -0.524584 -22.5415 60.0669
    endloop
  endfacet
  facet normal 0.73162 0.147437 0.665578
    outer loop
      vertex -1.57854 -20.3841 60.7006
      vertex -0.325405 -22.1965 59.7246
      vertex -0.228158 -22.0281 59.5804
    endloop
  endfacet
  facet normal 0.697845 0.0889451 0.710704
    outer loop
      vertex -1.57854 -20.3841 60.7006
      vertex -0.16735 -21.9227 59.5075
      vertex -1.47059 -20.1971 60.5712
    endloop
  endfacet
  facet normal 0.697848 0.0889503 0.710701
    outer loop
      vertex -0.16735 -21.9227 59.5075
      vertex -1.57854 -20.3841 60.7006
      vertex -0.228158 -22.0281 59.5804
    endloop
  endfacet
  facet normal 0.874969 0.39573 0.278976
    outer loop
      vertex -2.0933 -21.2757 62.0888
      vertex -0.989411 -23.3466 61.5642
      vertex -2.0509 -21.2023 61.8517
    endloop
  endfacet
  facet normal 0.874932 0.395655 0.279196
    outer loop
      vertex -0.989411 -23.3466 61.5642
      vertex -2.0933 -21.2757 62.0888
      vertex -1.01329 -23.388 61.6977
    endloop
  endfacet
  facet normal 0.859365 0.368717 0.354316
    outer loop
      vertex -2.0509 -21.2023 61.8517
      vertex -0.948623 -23.276 61.3362
      vertex -0.896857 -23.1863 61.1173
    endloop
  endfacet
  facet normal 0.0750627 -0.989723 -0.12171
    outer loop
      vertex 0.410299 -16.9393 63.0847
      vertex 2.80534 -16.7739 63.2168
      vertex 2.78757 -16.8047 63.4563
    endloop
  endfacet
  facet normal 0.345315 -0.521652 -0.780152
    outer loop
      vertex -0.375234 -18.2999 65.2031
      vertex 1.6072 -18.8491 66.4478
      vertex 1.4932 -19.0466 66.5294
    endloop
  endfacet
  facet normal 0.545796 -0.174408 -0.819566
    outer loop
      vertex -0.991732 -19.3677 65.386
      vertex 0.666881 -20.4778 66.7268
      vertex 0.547118 -20.6853 66.6912
    endloop
  endfacet
  facet normal 0.697865 0.0889306 -0.710687
    outer loop
      vertex -1.57854 -20.3841 64.966
      vertex -0.16735 -21.9227 66.1592
      vertex -0.228158 -22.0281 66.0863
    endloop
  endfacet
  facet normal 0.697978 0.0891411 -0.710549
    outer loop
      vertex -0.16735 -21.9227 66.1592
      vertex -1.57854 -20.3841 64.966
      vertex -1.47059 -20.1971 65.0955
    endloop
  endfacet
  facet normal 0.817606 0.296367 -0.493646
    outer loop
      vertex -1.93238 -20.997 64.2584
      vertex -0.695733 -22.8379 65.2014
      vertex -0.767856 -22.9629 65.0069
    endloop
  endfacet
  facet normal 0.894678 0.429876 -0.121485
    outer loop
      vertex -2.14235 -21.3607 63.0847
      vertex -1.07034 -23.4868 63.4563
      vertex -1.08811 -23.5175 63.2168
    endloop
  endfacet
  facet normal 0.585403 -0.10585 -0.803803
    outer loop
      vertex -1.23832 -19.7948 65.2879
      vertex 0.476992 -20.8067 66.6704
      vertex 0.408223 -20.9258 66.636
    endloop
  endfacet
  facet normal 0.58543 -0.105788 -0.803791
    outer loop
      vertex 0.476992 -20.8067 66.6704
      vertex -1.23832 -19.7948 65.2879
      vertex -1.11623 -19.5834 65.349
    endloop
  endfacet
  facet normal 0.624529 -0.0380212 -0.780076
    outer loop
      vertex -1.35682 -20.0001 65.2031
      vertex 0.290778 -21.1292 66.5772
      vertex 0.224029 -21.2449 66.5294
    endloop
  endfacet
  facet normal 0.624451 -0.0382 -0.780129
    outer loop
      vertex 0.290778 -21.1292 66.5772
      vertex -1.35682 -20.0001 65.2031
      vertex -1.23832 -19.7948 65.2879
    endloop
  endfacet
  facet normal 0.898654 0.43677 -0.0406645
    outer loop
      vertex -2.14235 -21.3607 63.0847
      vertex -1.08811 -23.5175 63.2168
      vertex -1.09405 -23.5278 62.9749
    endloop
  endfacet
  facet normal 0.898653 0.43677 -0.0406806
    outer loop
      vertex -1.09405 -23.5278 62.9749
      vertex -2.14853 -21.3714 62.8333
      vertex -2.14235 -21.3607 63.0847
    endloop
  endfacet
  facet normal 0.89865 0.436755 -0.0409005
    outer loop
      vertex -2.14853 -21.3714 62.8333
      vertex -1.09405 -23.5278 62.9749
      vertex -1.09753 -23.5339 62.8333
    endloop
  endfacet
  facet normal 0.89468 0.429886 0.121436
    outer loop
      vertex -2.14235 -21.3607 62.5819
      vertex -1.08811 -23.5175 62.4499
      vertex -1.07034 -23.4868 62.2103
    endloop
  endfacet
  facet normal 0.424119 -0.38519 0.819604
    outer loop
      vertex -0.740319 -18.9323 60.2807
      vertex 1.05035 -19.8136 58.9399
      vertex 1.17011 -19.6062 58.9754
    endloop
  endfacet
  facet normal 0.791836 0.251718 0.556448
    outer loop
      vertex -1.85741 -20.8671 61.2061
      vertex -0.605892 -22.6823 60.2463
      vertex -1.77289 -20.7207 61.0196
    endloop
  endfacet
  facet normal 0.791875 0.251792 0.556358
    outer loop
      vertex -0.605892 -22.6823 60.2463
      vertex -1.85741 -20.8671 61.2061
      vertex -0.653501 -22.7648 60.3514
    endloop
  endfacet
  facet normal 0.545627 -0.174714 0.819613
    outer loop
      vertex -1.11623 -19.5834 60.3176
      vertex 0.547118 -20.6853 58.9754
      vertex -0.991732 -19.3677 60.2807
    endloop
  endfacet
  facet normal 0.545612 -0.174741 0.819617
    outer loop
      vertex 0.547118 -20.6853 58.9754
      vertex -1.11623 -19.5834 60.3176
      vertex 0.476992 -20.8067 58.9962
    endloop
  endfacet
  facet normal 0.840221 0.335547 0.425954
    outer loop
      vertex -1.99709 -21.1091 61.6242
      vertex -0.866546 -23.1338 60.9891
      vertex -0.804302 -23.026 60.7814
    endloop
  endfacet
  facet normal 0.886728 0.416099 0.201431
    outer loop
      vertex -2.12388 -21.3287 62.3329
      vertex -1.04271 -23.4389 61.9325
      vertex -2.0933 -21.2757 62.0888
    endloop
  endfacet
  facet normal 0.886726 0.416094 0.20145
    outer loop
      vertex -1.04271 -23.4389 61.9325
      vertex -2.12388 -21.3287 62.3329
      vertex -1.05994 -23.4688 62.0701
    endloop
  endfacet
  facet normal 0.886747 0.416116 0.201313
    outer loop
      vertex -2.0933 -21.2757 62.0888
      vertex -1.04271 -23.4389 61.9325
      vertex -1.01329 -23.388 61.6977
    endloop
  endfacet
  facet normal 0.874952 0.395711 0.279056
    outer loop
      vertex -2.0509 -21.2023 61.8517
      vertex -0.989411 -23.3466 61.5642
      vertex -0.948623 -23.276 61.3362
    endloop
  endfacet
  facet normal 0.094795 -0.955602 -0.278995
    outer loop
      vertex 0.36125 -17.0243 63.5779
      vertex 2.70664 -16.9448 64.1025
      vertex 0.31885 -17.0977 63.8149
    endloop
  endfacet
  facet normal 0.0947329 -0.955693 -0.278704
    outer loop
      vertex 2.70664 -16.9448 64.1025
      vertex 0.36125 -17.0243 63.5779
      vertex 2.73053 -16.9035 63.969
    endloop
  endfacet
  facet normal 0.0710717 -0.996641 -0.0406913
    outer loop
      vertex 0.410299 -16.9393 63.0847
      vertex 2.81128 -16.7636 62.9749
      vertex 2.80534 -16.7739 63.2168
    endloop
  endfacet
  facet normal 0.152081 -0.856341 -0.493509
    outer loop
      vertex 0.200334 -17.303 64.2584
      vertex 2.48509 -17.3286 65.0069
      vertex 2.41296 -17.4535 65.2014
    endloop
  endfacet
  facet normal 0.206609 -0.761929 -0.613822
    outer loop
      vertex 0.0408388 -17.5793 64.6471
      vertex 2.24182 -17.7499 65.5997
      vertex 2.15211 -17.9053 65.7624
    endloop
  endfacet
  facet normal 0.0830224 -0.975964 -0.2015
    outer loop
      vertex 0.36125 -17.0243 63.5779
      vertex 2.75994 -16.8525 63.7341
      vertex 2.73053 -16.9035 63.969
    endloop
  endfacet
  facet normal 0.0948283 -0.955503 -0.279325
    outer loop
      vertex 0.31885 -17.0977 63.8149
      vertex 2.70664 -16.9448 64.1025
      vertex 2.66585 -17.0155 64.3305
    endloop
  endfacet
  facet normal 0.238151 -0.707296 -0.665595
    outer loop
      vertex -0.0524163 -17.7408 64.8161
      vertex 2.04264 -18.0949 65.942
      vertex -0.153507 -17.9159 64.966
    endloop
  endfacet
  facet normal 0.23816 -0.707282 -0.665607
    outer loop
      vertex 2.04264 -18.0949 65.942
      vertex -0.0524163 -17.7408 64.8161
      vertex 2.09958 -17.9963 65.8576
    endloop
  endfacet
  facet normal 0.424141 -0.385129 -0.819622
    outer loop
      vertex 1.17011 -19.6062 66.6912
      vertex -0.615822 -18.7166 65.349
      vertex 1.24024 -19.4847 66.6704
    endloop
  endfacet
  facet normal 0.424021 -0.385324 -0.819592
    outer loop
      vertex -0.615822 -18.7166 65.349
      vertex 1.17011 -19.6062 66.6912
      vertex -0.740319 -18.9323 65.386
    endloop
  endfacet
  facet normal 0.505207 -0.244723 -0.827573
    outer loop
      vertex -0.991732 -19.3677 65.386
      vertex 0.787808 -20.2684 66.7387
      vertex 0.666881 -20.4778 66.7268
    endloop
  endfacet
  facet normal 0.763159 0.202081 -0.613802
    outer loop
      vertex -1.77289 -20.7207 64.6471
      vertex -0.434875 -22.3861 65.7624
      vertex -0.524584 -22.5415 65.5997
    endloop
  endfacet
  facet normal 0.859372 0.368704 -0.354313
    outer loop
      vertex -2.0509 -21.2023 63.8149
      vertex -0.896857 -23.1863 64.5494
      vertex -0.948623 -23.276 64.3305
    endloop
  endfacet
  facet normal 0.874952 0.395695 -0.27908
    outer loop
      vertex -0.989411 -23.3466 64.1025
      vertex -2.0933 -21.2757 63.5779
      vertex -2.0509 -21.2023 63.8149
    endloop
  endfacet
  facet normal 0.874932 0.395655 -0.279196
    outer loop
      vertex -2.0933 -21.2757 63.5779
      vertex -0.989411 -23.3466 64.1025
      vertex -1.01329 -23.388 63.969
    endloop
  endfacet
  facet normal 0.66195 0.0267678 -0.74907
    outer loop
      vertex -1.47059 -20.1971 65.0955
      vertex 0.000584579 -21.6319 66.3443
      vertex -0.0635024 -21.7429 66.2837
    endloop
  endfacet
  facet normal 0.661979 0.0268205 -0.749043
    outer loop
      vertex 0.000584579 -21.6319 66.3443
      vertex -1.47059 -20.1971 65.0955
      vertex -1.35682 -20.0001 65.2031
    endloop
  endfacet
  facet normal 0.545612 -0.174741 -0.819617
    outer loop
      vertex -1.11623 -19.5834 65.349
      vertex 0.547118 -20.6853 66.6912
      vertex 0.476992 -20.8067 66.6704
    endloop
  endfacet
  facet normal 0.545781 -0.17443 -0.819571
    outer loop
      vertex 0.547118 -20.6853 66.6912
      vertex -1.11623 -19.5834 65.349
      vertex -0.991732 -19.3677 65.386
    endloop
  endfacet
  facet normal 0.585477 -0.105702 -0.803769
    outer loop
      vertex -1.23832 -19.7948 65.2879
      vertex 0.408223 -20.9258 66.636
      vertex 0.290778 -21.1292 66.5772
    endloop
  endfacet
  facet normal 0.894684 0.429866 -0.12147
    outer loop
      vertex -1.07034 -23.4868 63.4563
      vertex -2.12388 -21.3287 63.3337
      vertex -1.05994 -23.4688 63.5966
    endloop
  endfacet
  facet normal 0.894673 0.429852 -0.121606
    outer loop
      vertex -2.12388 -21.3287 63.3337
      vertex -1.07034 -23.4868 63.4563
      vertex -2.14235 -21.3607 63.0847
    endloop
  endfacet
  facet normal 0.0710621 -0.99665 0.0404845
    outer loop
      vertex 0.416474 -16.9286 62.8333
      vertex 2.81128 -16.7636 62.6917
      vertex 2.81476 -16.7576 62.8333
    endloop
  endfacet
  facet normal 0.0710726 -0.996642 0.040673
    outer loop
      vertex 2.81128 -16.7636 62.6917
      vertex 0.416474 -16.9286 62.8333
      vertex 0.410299 -16.9393 62.5819
    endloop
  endfacet
  facet normal 0.0830347 -0.975946 0.201581
    outer loop
      vertex 0.36125 -17.0243 62.0888
      vertex 2.73053 -16.9035 61.6977
      vertex 2.75994 -16.8525 61.9325
    endloop
  endfacet
  facet normal 0.129485 -0.895438 0.42594
    outer loop
      vertex 0.265039 -17.1909 61.6242
      vertex 2.52153 -17.2655 60.7814
      vertex 2.58378 -17.1577 60.9891
    endloop
  endfacet
  facet normal 0.110336 -0.928593 0.354319
    outer loop
      vertex 0.265039 -17.1909 61.6242
      vertex 2.61409 -17.1052 61.1173
      vertex 0.31885 -17.0977 61.8517
    endloop
  endfacet
  facet normal 0.110314 -0.928636 0.354211
    outer loop
      vertex 2.61409 -17.1052 61.1173
      vertex 0.265039 -17.1909 61.6242
      vertex 2.58378 -17.1577 60.9891
    endloop
  endfacet
  facet normal 0.110363 -0.928557 0.354404
    outer loop
      vertex 0.31885 -17.0977 61.8517
      vertex 2.61409 -17.1052 61.1173
      vertex 2.66585 -17.0155 61.3362
    endloop
  endfacet
  facet normal 0.152153 -0.856241 0.493661
    outer loop
      vertex 0.12536 -17.4329 61.2061
      vertex 2.41296 -17.4535 60.4653
      vertex 0.200334 -17.303 61.4083
    endloop
  endfacet
  facet normal 0.152197 -0.856155 0.493795
    outer loop
      vertex 2.41296 -17.4535 60.4653
      vertex 0.12536 -17.4329 61.2061
      vertex 2.37073 -17.5267 60.3514
    endloop
  endfacet
  facet normal 0.206719 -0.761768 0.613985
    outer loop
      vertex 0.0408388 -17.5793 61.0196
      vertex 2.15211 -17.9053 59.9043
      vertex 2.24182 -17.7499 60.0669
    endloop
  endfacet
  facet normal 0.238062 -0.707482 0.665429
    outer loop
      vertex 2.04264 -18.0949 59.7246
      vertex -0.0524163 -17.7408 60.8506
      vertex -0.153507 -17.9159 60.7006
    endloop
  endfacet
  facet normal 0.237983 -0.70761 0.665321
    outer loop
      vertex -0.0524163 -17.7408 60.8506
      vertex 2.04264 -18.0949 59.7246
      vertex 2.09958 -17.9963 59.8091
    endloop
  endfacet
  facet normal 0.307702 -0.586799 0.74899
    outer loop
      vertex -0.375234 -18.2999 60.4636
      vertex 1.6072 -18.8491 59.2189
      vertex 1.71665 -18.6596 59.3224
    endloop
  endfacet
  facet normal 0.206685 -0.761806 0.613948
    outer loop
      vertex 2.09958 -17.9963 59.8091
      vertex 0.0408388 -17.5793 61.0196
      vertex -0.0524163 -17.7408 60.8506
    endloop
  endfacet
  facet normal 0.206752 -0.76172 0.614032
    outer loop
      vertex 0.0408388 -17.5793 61.0196
      vertex 2.09958 -17.9963 59.8091
      vertex 2.15211 -17.9053 59.9043
    endloop
  endfacet
  facet normal 0.464552 -0.315153 0.827569
    outer loop
      vertex -0.740319 -18.9323 60.2807
      vertex 0.929424 -20.0231 58.928
      vertex 1.05035 -19.8136 58.9399
    endloop
  endfacet
  facet normal 0.763075 0.201904 0.613964
    outer loop
      vertex -1.77289 -20.7207 61.0196
      vertex -0.524584 -22.5415 60.0669
      vertex -0.434875 -22.3861 59.9043
    endloop
  endfacet
  facet normal 0.763059 0.201871 0.613994
    outer loop
      vertex -1.77289 -20.7207 61.0196
      vertex -0.382347 -22.2951 59.8091
      vertex -1.67963 -20.5592 60.8506
    endloop
  endfacet
  facet normal 0.763059 0.201871 0.613994
    outer loop
      vertex -0.382347 -22.2951 59.8091
      vertex -1.77289 -20.7207 61.0196
      vertex -0.434875 -22.3861 59.9043
    endloop
  endfacet
  facet normal 0.661955 0.0267846 0.749065
    outer loop
      vertex -1.35682 -20.0001 60.4636
      vertex 0.000584579 -21.6319 59.3224
      vertex 0.110033 -21.4423 59.2189
    endloop
  endfacet
  facet normal 0.585477 -0.105702 0.803769
    outer loop
      vertex -1.23832 -19.7948 60.3788
      vertex 0.290778 -21.1292 59.0895
      vertex 0.408223 -20.9258 59.0307
    endloop
  endfacet
  facet normal 0.50507 -0.244927 0.827596
    outer loop
      vertex -0.866025 -19.15 60.2683
      vertex 0.787808 -20.2684 58.928
      vertex 0.858616 -20.1457 58.9211
    endloop
  endfacet
  facet normal 0.50526 -0.244616 0.827572
    outer loop
      vertex 0.787808 -20.2684 58.928
      vertex -0.866025 -19.15 60.2683
      vertex -0.991732 -19.3677 60.2807
    endloop
  endfacet
  facet normal 0.817606 0.296367 0.493646
    outer loop
      vertex -1.93238 -20.997 61.4083
      vertex -0.767856 -22.9629 60.6598
      vertex -0.695733 -22.8379 60.4653
    endloop
  endfacet
  facet normal 0.840204 0.335499 0.426026
    outer loop
      vertex -1.99709 -21.1091 61.6242
      vertex -0.767856 -22.9629 60.6598
      vertex -1.93238 -20.997 61.4083
    endloop
  endfacet
  facet normal 0.840221 0.335549 0.425952
    outer loop
      vertex -0.767856 -22.9629 60.6598
      vertex -1.99709 -21.1091 61.6242
      vertex -0.804302 -23.026 60.7814
    endloop
  endfacet
  facet normal 0.859368 0.368711 0.354314
    outer loop
      vertex -2.0509 -21.2023 61.8517
      vertex -0.866546 -23.1338 60.9891
      vertex -1.99709 -21.1091 61.6242
    endloop
  endfacet
  facet normal 0.859387 0.36877 0.354207
    outer loop
      vertex -0.866546 -23.1338 60.9891
      vertex -2.0509 -21.2023 61.8517
      vertex -0.896857 -23.1863 61.1173
    endloop
  endfacet
  facet normal 0.894673 0.429852 0.121606
    outer loop
      vertex -1.07034 -23.4868 62.2103
      vertex -2.12388 -21.3287 62.3329
      vertex -2.14235 -21.3607 62.5819
    endloop
  endfacet
  facet normal 0.894677 0.429857 0.121555
    outer loop
      vertex -2.12388 -21.3287 62.3329
      vertex -1.07034 -23.4868 62.2103
      vertex -1.05994 -23.4688 62.0701
    endloop
  endfacet
  facet normal 0.1779 -0.811651 -0.556395
    outer loop
      vertex 0.0408388 -17.5793 64.6471
      vertex 2.32312 -17.6091 65.4203
      vertex 2.24182 -17.7499 65.5997
    endloop
  endfacet
  facet normal 0.152217 -0.856156 -0.493788
    outer loop
      vertex 0.12536 -17.4329 64.4605
      vertex 2.41296 -17.4535 65.2014
      vertex 2.37073 -17.5267 65.3153
    endloop
  endfacet
  facet normal 0.152225 -0.85614 -0.493813
    outer loop
      vertex 2.41296 -17.4535 65.2014
      vertex 0.12536 -17.4329 64.4605
      vertex 0.200334 -17.303 64.2584
    endloop
  endfacet
  facet normal 0.110314 -0.928636 -0.354211
    outer loop
      vertex 0.265039 -17.1909 64.0425
      vertex 2.61409 -17.1052 64.5494
      vertex 2.58378 -17.1577 64.6776
    endloop
  endfacet
  facet normal 0.11031 -0.928645 -0.354191
    outer loop
      vertex 2.61409 -17.1052 64.5494
      vertex 0.265039 -17.1909 64.0425
      vertex 0.31885 -17.0977 63.8149
    endloop
  endfacet
  facet normal 0.110378 -0.928556 -0.354401
    outer loop
      vertex 0.31885 -17.0977 63.8149
      vertex 2.66585 -17.0155 64.3305
      vertex 2.61409 -17.1052 64.5494
    endloop
  endfacet
  facet normal 0.0830186 -0.975979 -0.201426
    outer loop
      vertex 0.391831 -16.9713 63.3337
      vertex 2.75994 -16.8525 63.7341
      vertex 0.36125 -17.0243 63.5779
    endloop
  endfacet
  facet normal 0.0829731 -0.976043 -0.201138
    outer loop
      vertex 2.75994 -16.8525 63.7341
      vertex 0.391831 -16.9713 63.3337
      vertex 2.77717 -16.8227 63.5966
    endloop
  endfacet
  facet normal 0.238115 -0.707372 -0.665527
    outer loop
      vertex -0.153507 -17.9159 64.966
      vertex 2.04264 -18.0949 65.942
      vertex 1.94539 -18.2634 66.0863
    endloop
  endfacet
  facet normal 0.307702 -0.586799 -0.74899
    outer loop
      vertex -0.375234 -18.2999 65.2031
      vertex 1.71665 -18.6596 66.3443
      vertex 1.6072 -18.8491 66.4478
    endloop
  endfacet
  facet normal 0.423945 -0.385477 -0.81956
    outer loop
      vertex -0.740319 -18.9323 65.386
      vertex 1.17011 -19.6062 66.6912
      vertex 1.05035 -19.8136 66.7268
    endloop
  endfacet
  facet normal 0.464675 -0.314951 -0.827577
    outer loop
      vertex -0.866025 -19.15 65.3983
      vertex 0.929424 -20.0231 66.7387
      vertex 0.858616 -20.1457 66.7456
    endloop
  endfacet
  facet normal 0.464624 -0.315044 -0.82757
    outer loop
      vertex 0.929424 -20.0231 66.7387
      vertex -0.866025 -19.15 65.3983
      vertex -0.740319 -18.9323 65.386
    endloop
  endfacet
  facet normal 0.840204 0.335499 -0.426026
    outer loop
      vertex -0.767856 -22.9629 65.0069
      vertex -1.99709 -21.1091 64.0425
      vertex -1.93238 -20.997 64.2584
    endloop
  endfacet
  facet normal 0.840221 0.335549 -0.425952
    outer loop
      vertex -1.99709 -21.1091 64.0425
      vertex -0.767856 -22.9629 65.0069
      vertex -0.804302 -23.026 64.8853
    endloop
  endfacet
  facet normal 0.874957 0.395701 -0.279054
    outer loop
      vertex -2.0509 -21.2023 63.8149
      vertex -0.948623 -23.276 64.3305
      vertex -0.989411 -23.3466 64.1025
    endloop
  endfacet
  facet normal 0.840221 0.335547 -0.425954
    outer loop
      vertex -1.99709 -21.1091 64.0425
      vertex -0.804302 -23.026 64.8853
      vertex -0.866546 -23.1338 64.6776
    endloop
  endfacet
  facet normal 0.859397 0.368766 -0.354188
    outer loop
      vertex -0.866546 -23.1338 64.6776
      vertex -2.0509 -21.2023 63.8149
      vertex -1.99709 -21.1091 64.0425
    endloop
  endfacet
  facet normal 0.859394 0.368758 -0.354203
    outer loop
      vertex -2.0509 -21.2023 63.8149
      vertex -0.866546 -23.1338 64.6776
      vertex -0.896857 -23.1863 64.5494
    endloop
  endfacet
  facet normal 0.697886 0.0890048 -0.710657
    outer loop
      vertex -1.47059 -20.1971 65.0955
      vertex -0.0635024 -21.7429 66.2837
      vertex -0.16735 -21.9227 66.1592
    endloop
  endfacet
  facet normal 0.731742 0.147614 -0.665405
    outer loop
      vertex -1.57854 -20.3841 64.966
      vertex -0.228158 -22.0281 66.0863
      vertex -0.325405 -22.1965 65.942
    endloop
  endfacet
  facet normal 0.73161 0.147423 -0.665592
    outer loop
      vertex -0.325405 -22.1965 65.942
      vertex -1.67963 -20.5592 64.8161
      vertex -1.57854 -20.3841 64.966
    endloop
  endfacet
  facet normal 0.731558 0.147325 -0.665671
    outer loop
      vertex -1.67963 -20.5592 64.8161
      vertex -0.325405 -22.1965 65.942
      vertex -0.382347 -22.2951 65.8576
    endloop
  endfacet
  facet normal 0.624469 -0.0381424 -0.780118
    outer loop
      vertex -1.35682 -20.0001 65.2031
      vertex 0.224029 -21.2449 66.5294
      vertex 0.110033 -21.4423 66.4478
    endloop
  endfacet
  facet normal 0.661955 0.0267846 -0.749065
    outer loop
      vertex -1.35682 -20.0001 65.2031
      vertex 0.110033 -21.4423 66.4478
      vertex 0.000584579 -21.6319 66.3443
    endloop
  endfacet
  facet normal 0.886737 0.416118 -0.201354
    outer loop
      vertex -1.04271 -23.4389 63.7341
      vertex -2.12388 -21.3287 63.3337
      vertex -2.0933 -21.2757 63.5779
    endloop
  endfacet
  facet normal 0.886711 0.41606 -0.201587
    outer loop
      vertex -2.12388 -21.3287 63.3337
      vertex -1.04271 -23.4389 63.7341
      vertex -1.05994 -23.4688 63.5966
    endloop
  endfacet
  facet normal 0.0710709 -0.99664 0.0407082
    outer loop
      vertex 0.410299 -16.9393 62.5819
      vertex 2.80534 -16.7739 62.4499
      vertex 2.81128 -16.7636 62.6917
    endloop
  endfacet
  facet normal 0.0750553 -0.98973 0.121661
    outer loop
      vertex 0.410299 -16.9393 62.5819
      vertex 2.78757 -16.8047 62.2103
      vertex 2.80534 -16.7739 62.4499
    endloop
  endfacet
  facet normal 0.0710726 -0.996642 -0.040673
    outer loop
      vertex 0.416474 -16.9286 62.8333
      vertex 2.81128 -16.7636 62.9749
      vertex 0.410299 -16.9393 63.0847
    endloop
  endfacet
  facet normal 0.0710621 -0.99665 -0.0404845
    outer loop
      vertex 2.81128 -16.7636 62.9749
      vertex 0.416474 -16.9286 62.8333
      vertex 2.81476 -16.7576 62.8333
    endloop
  endfacet
  facet normal 0.866806 -0.498646 6.76654e-05
    outer loop
      vertex 0.400347 -16.9566 63.0828
      vertex 0.416474 -16.9286 62.8333
      vertex 0.410299 -16.9393 63.0847
    endloop
  endfacet
  facet normal 0.867014 -0.498284 -0.000121834
    outer loop
      vertex 0.400347 -16.9566 62.5839
      vertex 0.416474 -16.9286 62.8333
      vertex 0.406474 -16.946 62.8333
    endloop
  endfacet
  facet normal 0.867014 -0.498284 0.000121785
    outer loop
      vertex 0.416474 -16.9286 62.8333
      vertex 0.400347 -16.9566 63.0828
      vertex 0.406474 -16.946 62.8333
    endloop
  endfacet
  facet normal 0.866198 -0.499701 2.62376e-05
    outer loop
      vertex 0.382024 -16.9883 63.3298
      vertex 0.410299 -16.9393 63.0847
      vertex 0.391831 -16.9713 63.3337
    endloop
  endfacet
  facet normal 0.866794 -0.498665 0.000301945
    outer loop
      vertex 0.410299 -16.9393 63.0847
      vertex 0.382024 -16.9883 63.3298
      vertex 0.400347 -16.9566 63.0828
    endloop
  endfacet
  facet normal 0.86635 -0.499438 9.68632e-05
    outer loop
      vertex 0.351681 -17.0409 63.5721
      vertex 0.391831 -16.9713 63.3337
      vertex 0.36125 -17.0243 63.5779
    endloop
  endfacet
  facet normal 0.866201 -0.499695 -3.44538e-06
    outer loop
      vertex 0.391831 -16.9713 63.3337
      vertex 0.351681 -17.0409 63.5721
      vertex 0.382024 -16.9883 63.3298
    endloop
  endfacet
  facet normal 0.865982 -0.500075 5.12441e-05
    outer loop
      vertex 0.309611 -17.1137 63.8073
      vertex 0.36125 -17.0243 63.5779
      vertex 0.31885 -17.0977 63.8149
    endloop
  endfacet
  facet normal 0.866312 -0.499503 0.000348162
    outer loop
      vertex 0.36125 -17.0243 63.5779
      vertex 0.309611 -17.1137 63.8073
      vertex 0.351681 -17.0409 63.5721
    endloop
  endfacet
  facet normal 0.866287 -0.499547 0.000254728
    outer loop
      vertex 0.256219 -17.2062 64.033
      vertex 0.31885 -17.0977 63.8149
      vertex 0.265039 -17.1909 64.0425
    endloop
  endfacet
  facet normal 0.866007 -0.500033 -6.73463e-05
    outer loop
      vertex 0.31885 -17.0977 63.8149
      vertex 0.256219 -17.2062 64.033
      vertex 0.309611 -17.1137 63.8073
    endloop
  endfacet
  facet normal 0.866038 -0.499979 -4.92177e-05
    outer loop
      vertex 0.19202 -17.3174 64.2473
      vertex 0.265039 -17.1909 64.0425
      vertex 0.200334 -17.303 64.2584
    endloop
  endfacet
  facet normal 0.866277 -0.499564 0.000291884
    outer loop
      vertex 0.265039 -17.1909 64.0425
      vertex 0.19202 -17.3174 64.2473
      vertex 0.256219 -17.2062 64.033
    endloop
  endfacet
  facet normal 0.866165 -0.499759 0.000104581
    outer loop
      vertex 0.11763 -17.4463 64.4479
      vertex 0.200334 -17.303 64.2584
      vertex 0.12536 -17.4329 64.4605
    endloop
  endfacet
  facet normal 0.866052 -0.499954 -9.195e-05
    outer loop
      vertex 0.200334 -17.303 64.2584
      vertex 0.11763 -17.4463 64.4479
      vertex 0.19202 -17.3174 64.2473
    endloop
  endfacet
  facet normal 0.865588 -0.500756 -0.000804972
    outer loop
      vertex 0.0337677 -17.5915 64.6329
      vertex 0.12536 -17.4329 64.4605
      vertex 0.0408388 -17.5793 64.6471
    endloop
  endfacet
  facet normal 0.866096 -0.499878 0.000273149
    outer loop
      vertex 0.12536 -17.4329 64.4605
      vertex 0.0337677 -17.5915 64.6329
      vertex 0.11763 -17.4463 64.4479
    endloop
  endfacet
  facet normal 0.86611 -0.499853 0.000254616
    outer loop
      vertex -0.0587601 -17.7518 64.8006
      vertex 0.0408388 -17.5793 64.6471
      vertex -0.0524163 -17.7408 64.8161
    endloop
  endfacet
  facet normal 0.865652 -0.500645 -0.000932941
    outer loop
      vertex 0.0408388 -17.5793 64.6471
      vertex -0.0587601 -17.7518 64.8006
      vertex 0.0337677 -17.5915 64.6329
    endloop
  endfacet
  facet normal 0.865869 -0.50027 -0.000440293
    outer loop
      vertex -0.159062 -17.9255 64.9494
      vertex -0.0524163 -17.7408 64.8161
      vertex -0.153507 -17.9159 64.966
    endloop
  endfacet
  facet normal 0.866095 -0.49988 0.000280654
    outer loop
      vertex -0.0524163 -17.7408 64.8161
      vertex -0.159062 -17.9255 64.9494
      vertex -0.0587601 -17.7518 64.8006
    endloop
  endfacet
  facet normal 0.865626 -0.500689 -0.00141134
    outer loop
      vertex -0.266173 -18.111 65.0778
      vertex -0.153507 -17.9159 64.966
      vertex -0.261459 -18.1029 65.0955
    endloop
  endfacet
  facet normal 0.865868 -0.500272 -0.000439145
    outer loop
      vertex -0.153507 -17.9159 64.966
      vertex -0.266173 -18.111 65.0778
      vertex -0.159062 -17.9255 64.9494
    endloop
  endfacet
  facet normal 0.866347 -0.49944 0.00166178
    outer loop
      vertex -0.379061 -18.3066 65.1846
      vertex -0.261459 -18.1029 65.0955
      vertex -0.375234 -18.2999 65.2031
    endloop
  endfacet
  facet normal 0.865742 -0.500489 -0.00153365
    outer loop
      vertex -0.261459 -18.1029 65.0955
      vertex -0.379061 -18.3066 65.1846
      vertex -0.266173 -18.111 65.0778
    endloop
  endfacet
  facet normal 0.86596 -0.500112 -0.000648732
    outer loop
      vertex -0.496638 -18.5102 65.2687
      vertex -0.375234 -18.2999 65.2031
      vertex -0.493736 -18.5052 65.2879
    endloop
  endfacet
  facet normal 0.866279 -0.499558 0.00171827
    outer loop
      vertex -0.375234 -18.2999 65.2031
      vertex -0.496638 -18.5102 65.2687
      vertex -0.379061 -18.3066 65.1846
    endloop
  endfacet
  facet normal 0.866031 -0.49999 0.000527638
    outer loop
      vertex -0.617773 -18.72 65.3294
      vertex -0.493736 -18.5052 65.2879
      vertex -0.615822 -18.7166 65.349
    endloop
  endfacet
  facet normal 0.865934 -0.500159 -0.000632629
    outer loop
      vertex -0.493736 -18.5052 65.2879
      vertex -0.617773 -18.72 65.3294
      vertex -0.496638 -18.5102 65.2687
    endloop
  endfacet
  facet normal 0.866094 -0.499881 5.14845e-05
    outer loop
      vertex -0.741299 -18.934 65.3661
      vertex -0.615822 -18.7166 65.349
      vertex -0.740319 -18.9323 65.386
    endloop
  endfacet
  facet normal 0.866109 -0.499854 0.000496182
    outer loop
      vertex -0.615822 -18.7166 65.349
      vertex -0.741299 -18.934 65.3661
      vertex -0.617773 -18.72 65.3294
    endloop
  endfacet
  facet normal 0.865996 -0.50005 0
    outer loop
      vertex -0.866025 -19.15 65.3783
      vertex -0.740319 -18.9323 65.386
      vertex -0.866025 -19.15 65.3983
    endloop
  endfacet
  facet normal 0.865995 -0.500052 7.10177e-05
    outer loop
      vertex -0.740319 -18.9323 65.386
      vertex -0.866025 -19.15 65.3783
      vertex -0.741299 -18.934 65.3661
    endloop
  endfacet
  facet normal 0.865995 -0.500053 0
    outer loop
      vertex -0.991732 -19.3677 65.386
      vertex -0.866025 -19.15 65.3783
      vertex -0.866025 -19.15 65.3983
    endloop
  endfacet
  facet normal 0.865994 -0.500055 -7.13584e-05
    outer loop
      vertex -0.866025 -19.15 65.3783
      vertex -0.991732 -19.3677 65.386
      vertex -0.990752 -19.366 65.3661
    endloop
  endfacet
  facet normal 0.866093 -0.499884 -5.18224e-05
    outer loop
      vertex -1.11623 -19.5834 65.349
      vertex -0.990752 -19.366 65.3661
      vertex -0.991732 -19.3677 65.386
    endloop
  endfacet
  facet normal 0.866109 -0.499855 -0.000540458
    outer loop
      vertex -0.990752 -19.366 65.3661
      vertex -1.11623 -19.5834 65.349
      vertex -1.11428 -19.58 65.3294
    endloop
  endfacet
  facet normal 0.866029 -0.499993 -0.000572419
    outer loop
      vertex -1.23832 -19.7948 65.2879
      vertex -1.11428 -19.58 65.3294
      vertex -1.11623 -19.5834 65.349
    endloop
  endfacet
  facet normal 0.8659 -0.500217 0.000973114
    outer loop
      vertex -1.11428 -19.58 65.3294
      vertex -1.23832 -19.7948 65.2879
      vertex -1.23541 -19.7898 65.2687
    endloop
  endfacet
  facet normal 0.865905 -0.500207 0.000976428
    outer loop
      vertex -1.35682 -20.0001 65.2031
      vertex -1.23541 -19.7898 65.2687
      vertex -1.23832 -19.7948 65.2879
    endloop
  endfacet
  facet normal 0.866252 -0.499604 -0.00160004
    outer loop
      vertex -1.23541 -19.7898 65.2687
      vertex -1.35682 -20.0001 65.2031
      vertex -1.35299 -19.9934 65.1846
    endloop
  endfacet
  facet normal 0.866327 -0.499475 -0.00153781
    outer loop
      vertex -1.47059 -20.1971 65.0955
      vertex -1.35299 -19.9934 65.1846
      vertex -1.35682 -20.0001 65.2031
    endloop
  endfacet
  facet normal 0.865776 -0.50043 0.00137393
    outer loop
      vertex -1.35299 -19.9934 65.1846
      vertex -1.47059 -20.1971 65.0955
      vertex -1.46588 -20.189 65.0778
    endloop
  endfacet
  facet normal 0.865674 -0.500607 0.00126608
    outer loop
      vertex -1.57854 -20.3841 64.966
      vertex -1.46588 -20.189 65.0778
      vertex -1.47059 -20.1971 65.0955
    endloop
  endfacet
  facet normal 0.865926 -0.500173 0.000254841
    outer loop
      vertex -1.46588 -20.189 65.0778
      vertex -1.57854 -20.3841 64.966
      vertex -1.57299 -20.3745 64.9494
    endloop
  endfacet
  facet normal 0.865935 -0.500157 0.000267211
    outer loop
      vertex -1.67963 -20.5592 64.8161
      vertex -1.57299 -20.3745 64.9494
      vertex -1.57854 -20.3841 64.966
    endloop
  endfacet
  facet normal 0.866146 -0.499791 -0.000408549
    outer loop
      vertex -1.57299 -20.3745 64.9494
      vertex -1.67963 -20.5592 64.8161
      vertex -1.67329 -20.5482 64.8006
    endloop
  endfacet
  facet normal 0.866159 -0.499768 -0.000387188
    outer loop
      vertex -1.77289 -20.7207 64.6471
      vertex -1.67329 -20.5482 64.8006
      vertex -1.67963 -20.5592 64.8161
    endloop
  endfacet
  facet normal 0.865666 -0.500622 0.000892263
    outer loop
      vertex -1.67329 -20.5482 64.8006
      vertex -1.77289 -20.7207 64.6471
      vertex -1.76582 -20.7085 64.6329
    endloop
  endfacet
  facet normal 0.865607 -0.500723 0.000775894
    outer loop
      vertex -1.85741 -20.8671 64.4605
      vertex -1.76582 -20.7085 64.6329
      vertex -1.77289 -20.7207 64.6471
    endloop
  endfacet
  facet normal 0.866098 -0.499873 -0.000266954
    outer loop
      vertex -1.76582 -20.7085 64.6329
      vertex -1.85741 -20.8671 64.4605
      vertex -1.84968 -20.8537 64.4479
    endloop
  endfacet
  facet normal 0.866169 -0.499751 -9.38957e-05
    outer loop
      vertex -1.93238 -20.997 64.2584
      vertex -1.84968 -20.8537 64.4479
      vertex -1.85741 -20.8671 64.4605
    endloop
  endfacet
  facet normal 0.866122 -0.499833 -1.14295e-05
    outer loop
      vertex -1.84968 -20.8537 64.4479
      vertex -1.93238 -20.997 64.2584
      vertex -1.92407 -20.9826 64.2473
    endloop
  endfacet
  facet normal 0.866107 -0.499858 -5.43149e-05
    outer loop
      vertex -1.99709 -21.1091 64.0425
      vertex -1.92407 -20.9826 64.2473
      vertex -1.93238 -20.997 64.2584
    endloop
  endfacet
  facet normal 0.866276 -0.499566 -0.000294941
    outer loop
      vertex -1.92407 -20.9826 64.2473
      vertex -1.99709 -21.1091 64.0425
      vertex -1.98827 -21.0938 64.033
    endloop
  endfacet
  facet normal 0.866288 -0.499546 -0.000251694
    outer loop
      vertex -2.0509 -21.2023 63.8149
      vertex -1.98827 -21.0938 64.033
      vertex -1.99709 -21.1091 64.0425
    endloop
  endfacet
  facet normal 0.865988 -0.500064 9.23357e-05
    outer loop
      vertex -1.98827 -21.0938 64.033
      vertex -2.0509 -21.2023 63.8149
      vertex -2.04166 -21.1863 63.8073
    endloop
  endfacet
  facet normal 0.865962 -0.50011 -3.66305e-05
    outer loop
      vertex -2.0933 -21.2757 63.5779
      vertex -2.04166 -21.1863 63.8073
      vertex -2.0509 -21.2023 63.8149
    endloop
  endfacet
  facet normal 0.866291 -0.499539 -0.000333577
    outer loop
      vertex -2.04166 -21.1863 63.8073
      vertex -2.0933 -21.2757 63.5779
      vertex -2.08373 -21.2591 63.5721
    endloop
  endfacet
  facet normal 0.866329 -0.499473 -8.3035e-05
    outer loop
      vertex -2.12388 -21.3287 63.3337
      vertex -2.08373 -21.2591 63.5721
      vertex -2.0933 -21.2757 63.5779
    endloop
  endfacet
  facet normal 0.866139 -0.499803 4.52675e-05
    outer loop
      vertex -2.08373 -21.2591 63.5721
      vertex -2.12388 -21.3287 63.3337
      vertex -2.11407 -21.3117 63.3298
    endloop
  endfacet
  facet normal 0.866133 -0.499813 -1.39128e-05
    outer loop
      vertex -2.14235 -21.3607 63.0847
      vertex -2.11407 -21.3117 63.3298
      vertex -2.12388 -21.3287 63.3337
    endloop
  endfacet
  facet normal 0.866848 -0.498573 -8.90743e-05
    outer loop
      vertex -2.14853 -21.3714 62.8333
      vertex -2.1324 -21.3434 63.0828
      vertex -2.14235 -21.3607 63.0847
    endloop
  endfacet
  facet normal 0.866836 -0.498593 -0.000338866
    outer loop
      vertex -2.11407 -21.3117 63.3298
      vertex -2.14235 -21.3607 63.0847
      vertex -2.1324 -21.3434 63.0828
    endloop
  endfacet
  facet normal 0.866805 -0.498646 -6.76488e-05
    outer loop
      vertex 0.416474 -16.9286 62.8333
      vertex 0.400347 -16.9566 62.5839
      vertex 0.410299 -16.9393 62.5819
    endloop
  endfacet
  facet normal 0.866794 -0.498667 -0.000301603
    outer loop
      vertex 0.382024 -16.9883 62.3368
      vertex 0.410299 -16.9393 62.5819
      vertex 0.400347 -16.9566 62.5839
    endloop
  endfacet
  facet normal 0.866198 -0.499701 -2.62376e-05
    outer loop
      vertex 0.410299 -16.9393 62.5819
      vertex 0.382024 -16.9883 62.3368
      vertex 0.391831 -16.9713 62.3329
    endloop
  endfacet
  facet normal 0.866201 -0.499695 3.44674e-06
    outer loop
      vertex 0.351681 -17.0409 62.0946
      vertex 0.391831 -16.9713 62.3329
      vertex 0.382024 -16.9883 62.3368
    endloop
  endfacet
  facet normal 0.86635 -0.499438 -9.69001e-05
    outer loop
      vertex 0.391831 -16.9713 62.3329
      vertex 0.351681 -17.0409 62.0946
      vertex 0.36125 -17.0243 62.0888
    endloop
  endfacet
  facet normal 0.866312 -0.499503 -0.000348162
    outer loop
      vertex 0.309611 -17.1137 61.8594
      vertex 0.36125 -17.0243 62.0888
      vertex 0.351681 -17.0409 62.0946
    endloop
  endfacet
  facet normal 0.865982 -0.500075 -5.1139e-05
    outer loop
      vertex 0.36125 -17.0243 62.0888
      vertex 0.309611 -17.1137 61.8594
      vertex 0.31885 -17.0977 61.8517
    endloop
  endfacet
  facet normal 0.866007 -0.500032 6.71773e-05
    outer loop
      vertex 0.256219 -17.2062 61.6336
      vertex 0.31885 -17.0977 61.8517
      vertex 0.309611 -17.1137 61.8594
    endloop
  endfacet
  facet normal 0.866287 -0.499546 -0.000255363
    outer loop
      vertex 0.31885 -17.0977 61.8517
      vertex 0.256219 -17.2062 61.6336
      vertex 0.265039 -17.1909 61.6242
    endloop
  endfacet
  facet normal 0.866277 -0.499563 -0.000292738
    outer loop
      vertex 0.19202 -17.3174 61.4194
      vertex 0.265039 -17.1909 61.6242
      vertex 0.256219 -17.2062 61.6336
    endloop
  endfacet
  facet normal 0.866038 -0.499979 4.92177e-05
    outer loop
      vertex 0.265039 -17.1909 61.6242
      vertex 0.19202 -17.3174 61.4194
      vertex 0.200334 -17.303 61.4083
    endloop
  endfacet
  facet normal 0.866052 -0.499954 9.195e-05
    outer loop
      vertex 0.11763 -17.4463 61.2188
      vertex 0.200334 -17.303 61.4083
      vertex 0.19202 -17.3174 61.4194
    endloop
  endfacet
  facet normal 0.866164 -0.499759 -0.000104237
    outer loop
      vertex 0.200334 -17.303 61.4083
      vertex 0.11763 -17.4463 61.2188
      vertex 0.12536 -17.4329 61.2061
    endloop
  endfacet
  facet normal 0.866095 -0.499879 -0.000272147
    outer loop
      vertex 0.0337677 -17.5915 61.0337
      vertex 0.12536 -17.4329 61.2061
      vertex 0.11763 -17.4463 61.2188
    endloop
  endfacet
  facet normal 0.865587 -0.500759 0.000807913
    outer loop
      vertex 0.12536 -17.4329 61.2061
      vertex 0.0337677 -17.5915 61.0337
      vertex 0.0408388 -17.5793 61.0196
    endloop
  endfacet
  facet normal 0.865651 -0.500648 0.000936412
    outer loop
      vertex -0.0587601 -17.7518 60.866
      vertex 0.0408388 -17.5793 61.0196
      vertex 0.0337677 -17.5915 61.0337
    endloop
  endfacet
  facet normal 0.866111 -0.499852 -0.000255563
    outer loop
      vertex 0.0408388 -17.5793 61.0196
      vertex -0.0587601 -17.7518 60.866
      vertex -0.0524163 -17.7408 60.8506
    endloop
  endfacet
  facet normal 0.866095 -0.499879 -0.000281784
    outer loop
      vertex -0.159062 -17.9255 60.7172
      vertex -0.0524163 -17.7408 60.8506
      vertex -0.0587601 -17.7518 60.866
    endloop
  endfacet
  facet normal 0.865869 -0.50027 0.000440196
    outer loop
      vertex -0.0524163 -17.7408 60.8506
      vertex -0.159062 -17.9255 60.7172
      vertex -0.153507 -17.9159 60.7006
    endloop
  endfacet
  facet normal 0.865868 -0.500272 0.000439145
    outer loop
      vertex -0.266173 -18.111 60.5888
      vertex -0.153507 -17.9159 60.7006
      vertex -0.159062 -17.9255 60.7172
    endloop
  endfacet
  facet normal 0.865625 -0.500692 0.00141769
    outer loop
      vertex -0.153507 -17.9159 60.7006
      vertex -0.266173 -18.111 60.5888
      vertex -0.261459 -18.1029 60.5712
    endloop
  endfacet
  facet normal 0.86574 -0.500491 0.00154091
    outer loop
      vertex -0.379061 -18.3066 60.4821
      vertex -0.261459 -18.1029 60.5712
      vertex -0.266173 -18.111 60.5888
    endloop
  endfacet
  facet normal 0.866347 -0.49944 -0.00166178
    outer loop
      vertex -0.261459 -18.1029 60.5712
      vertex -0.379061 -18.3066 60.4821
      vertex -0.375234 -18.2999 60.4636
    endloop
  endfacet
  facet normal 0.866279 -0.499557 -0.001718
    outer loop
      vertex -0.496638 -18.5102 60.3979
      vertex -0.375234 -18.2999 60.4636
      vertex -0.379061 -18.3066 60.4821
    endloop
  endfacet
  facet normal 0.86596 -0.500113 0.000651797
    outer loop
      vertex -0.375234 -18.2999 60.4636
      vertex -0.496638 -18.5102 60.3979
      vertex -0.493736 -18.5052 60.3788
    endloop
  endfacet
  facet normal 0.865933 -0.500159 0.000635708
    outer loop
      vertex -0.617773 -18.72 60.3372
      vertex -0.493736 -18.5052 60.3788
      vertex -0.496638 -18.5102 60.3979
    endloop
  endfacet
  facet normal 0.866031 -0.49999 -0.000527597
    outer loop
      vertex -0.493736 -18.5052 60.3788
      vertex -0.617773 -18.72 60.3372
      vertex -0.615822 -18.7166 60.3176
    endloop
  endfacet
  facet normal 0.866109 -0.499854 -0.000496221
    outer loop
      vertex -0.741299 -18.934 60.3006
      vertex -0.615822 -18.7166 60.3176
      vertex -0.617773 -18.72 60.3372
    endloop
  endfacet
  facet normal 0.866094 -0.499881 -5.14865e-05
    outer loop
      vertex -0.615822 -18.7166 60.3176
      vertex -0.741299 -18.934 60.3006
      vertex -0.740319 -18.9323 60.2807
    endloop
  endfacet
  facet normal 0.865995 -0.500052 -7.10149e-05
    outer loop
      vertex -0.866025 -19.15 60.2883
      vertex -0.740319 -18.9323 60.2807
      vertex -0.741299 -18.934 60.3006
    endloop
  endfacet
  facet normal 0.865996 -0.50005 0
    outer loop
      vertex -0.866025 -19.15 60.2883
      vertex -0.866025 -19.15 60.2683
      vertex -0.740319 -18.9323 60.2807
    endloop
  endfacet
  facet normal 0.865994 -0.500055 7.13556e-05
    outer loop
      vertex -0.991732 -19.3677 60.2807
      vertex -0.866025 -19.15 60.2883
      vertex -0.990752 -19.366 60.3006
    endloop
  endfacet
  facet normal 0.865995 -0.500053 0
    outer loop
      vertex -0.866025 -19.15 60.2883
      vertex -0.991732 -19.3677 60.2807
      vertex -0.866025 -19.15 60.2683
    endloop
  endfacet
  facet normal 0.866109 -0.499855 0.000540501
    outer loop
      vertex -1.11623 -19.5834 60.3176
      vertex -0.990752 -19.366 60.3006
      vertex -1.11428 -19.58 60.3372
    endloop
  endfacet
  facet normal 0.866093 -0.499884 5.18244e-05
    outer loop
      vertex -0.990752 -19.366 60.3006
      vertex -1.11623 -19.5834 60.3176
      vertex -0.991732 -19.3677 60.2807
    endloop
  endfacet
  facet normal 0.865899 -0.500218 -0.00097785
    outer loop
      vertex -1.23832 -19.7948 60.3788
      vertex -1.11428 -19.58 60.3372
      vertex -1.23541 -19.7898 60.3979
    endloop
  endfacet
  facet normal 0.866029 -0.499993 0.000572375
    outer loop
      vertex -1.11428 -19.58 60.3372
      vertex -1.23832 -19.7948 60.3788
      vertex -1.11623 -19.5834 60.3176
    endloop
  endfacet
  facet normal 0.866253 -0.499604 0.00159979
    outer loop
      vertex -1.35682 -20.0001 60.4636
      vertex -1.23541 -19.7898 60.3979
      vertex -1.35299 -19.9934 60.4821
    endloop
  endfacet
  facet normal 0.865904 -0.500209 -0.000981041
    outer loop
      vertex -1.23541 -19.7898 60.3979
      vertex -1.35682 -20.0001 60.4636
      vertex -1.23832 -19.7948 60.3788
    endloop
  endfacet
  facet normal 0.865775 -0.500432 -0.00138043
    outer loop
      vertex -1.47059 -20.1971 60.5712
      vertex -1.35299 -19.9934 60.4821
      vertex -1.46588 -20.189 60.5888
    endloop
  endfacet
  facet normal 0.866327 -0.499475 0.00153781
    outer loop
      vertex -1.35299 -19.9934 60.4821
      vertex -1.47059 -20.1971 60.5712
      vertex -1.35682 -20.0001 60.4636
    endloop
  endfacet
  facet normal 0.865926 -0.500173 -0.000254841
    outer loop
      vertex -1.57854 -20.3841 60.7006
      vertex -1.46588 -20.189 60.5888
      vertex -1.57299 -20.3745 60.7172
    endloop
  endfacet
  facet normal 0.865672 -0.500609 -0.00127177
    outer loop
      vertex -1.46588 -20.189 60.5888
      vertex -1.57854 -20.3841 60.7006
      vertex -1.47059 -20.1971 60.5712
    endloop
  endfacet
  facet normal 0.866147 -0.49979 0.000410195
    outer loop
      vertex -1.67963 -20.5592 60.8506
      vertex -1.57299 -20.3745 60.7172
      vertex -1.67329 -20.5482 60.866
    endloop
  endfacet
  facet normal 0.865935 -0.500157 -0.000267152
    outer loop
      vertex -1.57299 -20.3745 60.7172
      vertex -1.67963 -20.5592 60.8506
      vertex -1.57854 -20.3841 60.7006
    endloop
  endfacet
  facet normal 0.865664 -0.500624 -0.000895583
    outer loop
      vertex -1.77289 -20.7207 61.0196
      vertex -1.67329 -20.5482 60.866
      vertex -1.76582 -20.7085 61.0337
    endloop
  endfacet
  facet normal 0.86616 -0.499767 0.000388627
    outer loop
      vertex -1.67329 -20.5482 60.866
      vertex -1.77289 -20.7207 61.0196
      vertex -1.67963 -20.5592 60.8506
    endloop
  endfacet
  facet normal 0.866098 -0.499874 0.000265975
    outer loop
      vertex -1.85741 -20.8671 61.2061
      vertex -1.76582 -20.7085 61.0337
      vertex -1.84968 -20.8537 61.2188
    endloop
  endfacet
  facet normal 0.865606 -0.500726 -0.000778729
    outer loop
      vertex -1.76582 -20.7085 61.0337
      vertex -1.85741 -20.8671 61.2061
      vertex -1.77289 -20.7207 61.0196
    endloop
  endfacet
  facet normal 0.866122 -0.499833 1.14295e-05
    outer loop
      vertex -1.93238 -20.997 61.4083
      vertex -1.84968 -20.8537 61.2188
      vertex -1.92407 -20.9826 61.4194
    endloop
  endfacet
  facet normal 0.866169 -0.499752 9.3587e-05
    outer loop
      vertex -1.84968 -20.8537 61.2188
      vertex -1.93238 -20.997 61.4083
      vertex -1.85741 -20.8671 61.2061
    endloop
  endfacet
  facet normal 0.866277 -0.499565 0.000295804
    outer loop
      vertex -1.99709 -21.1091 61.6242
      vertex -1.92407 -20.9826 61.4194
      vertex -1.98827 -21.0938 61.6336
    endloop
  endfacet
  facet normal 0.866107 -0.499858 5.43149e-05
    outer loop
      vertex -1.92407 -20.9826 61.4194
      vertex -1.99709 -21.1091 61.6242
      vertex -1.93238 -20.997 61.4083
    endloop
  endfacet
  facet normal 0.865988 -0.500064 -9.21041e-05
    outer loop
      vertex -2.0509 -21.2023 61.8517
      vertex -1.98827 -21.0938 61.6336
      vertex -2.04166 -21.1863 61.8594
    endloop
  endfacet
  facet normal 0.866288 -0.499545 0.000252321
    outer loop
      vertex -1.98827 -21.0938 61.6336
      vertex -2.0509 -21.2023 61.8517
      vertex -1.99709 -21.1091 61.6242
    endloop
  endfacet
  facet normal 0.866291 -0.499539 0.000333577
    outer loop
      vertex -2.0933 -21.2757 62.0888
      vertex -2.04166 -21.1863 61.8594
      vertex -2.08373 -21.2591 62.0946
    endloop
  endfacet
  facet normal 0.865962 -0.50011 3.65554e-05
    outer loop
      vertex -2.04166 -21.1863 61.8594
      vertex -2.0933 -21.2757 62.0888
      vertex -2.0509 -21.2023 61.8517
    endloop
  endfacet
  facet normal 0.866139 -0.499803 -4.52853e-05
    outer loop
      vertex -2.12388 -21.3287 62.3329
      vertex -2.08373 -21.2591 62.0946
      vertex -2.11407 -21.3117 62.3368
    endloop
  endfacet
  facet normal 0.866329 -0.499473 8.30666e-05
    outer loop
      vertex -2.08373 -21.2591 62.0946
      vertex -2.12388 -21.3287 62.3329
      vertex -2.0933 -21.2757 62.0888
    endloop
  endfacet
  facet normal 0.866835 -0.498595 0.000338483
    outer loop
      vertex -2.14235 -21.3607 62.5819
      vertex -2.11407 -21.3117 62.3368
      vertex -2.1324 -21.3434 62.5839
    endloop
  endfacet
  facet normal 0.866133 -0.499813 1.39128e-05
    outer loop
      vertex -2.11407 -21.3117 62.3368
      vertex -2.14235 -21.3607 62.5819
      vertex -2.12388 -21.3287 62.3329
    endloop
  endfacet
  facet normal 0.867014 -0.498284 0.000132263
    outer loop
      vertex -2.14853 -21.3714 62.8333
      vertex -2.1324 -21.3434 62.5839
      vertex -2.13853 -21.354 62.8333
    endloop
  endfacet
  facet normal 0.867014 -0.498284 -0.00013221
    outer loop
      vertex -2.1324 -21.3434 63.0828
      vertex -2.14853 -21.3714 62.8333
      vertex -2.13853 -21.354 62.8333
    endloop
  endfacet
  facet normal 0.866848 -0.498573 8.90525e-05
    outer loop
      vertex -2.1324 -21.3434 62.5839
      vertex -2.14853 -21.3714 62.8333
      vertex -2.14235 -21.3607 62.5819
    endloop
  endfacet
  facet normal 0.0830308 -0.975962 0.201503
    outer loop
      vertex 2.75994 -16.8525 61.9325
      vertex 0.391831 -16.9713 62.3329
      vertex 0.36125 -17.0243 62.0888
    endloop
  endfacet
  facet normal 0.0829515 -0.976073 0.201001
    outer loop
      vertex 0.391831 -16.9713 62.3329
      vertex 2.75994 -16.8525 61.9325
      vertex 2.77717 -16.8227 62.0701
    endloop
  endfacet
  facet normal 0.0948169 -0.955503 0.279327
    outer loop
      vertex 0.31885 -17.0977 61.8517
      vertex 2.66585 -17.0155 61.3362
      vertex 2.70664 -16.9448 61.5642
    endloop
  endfacet
  facet normal 0.129537 -0.895367 0.426072
    outer loop
      vertex 0.200334 -17.303 61.4083
      vertex 2.52153 -17.2655 60.7814
      vertex 0.265039 -17.1909 61.6242
    endloop
  endfacet
  facet normal 0.129484 -0.895471 0.42587
    outer loop
      vertex 2.52153 -17.2655 60.7814
      vertex 0.200334 -17.303 61.4083
      vertex 2.48509 -17.3286 60.6598
    endloop
  endfacet
  facet normal 0.152081 -0.856341 0.493509
    outer loop
      vertex 0.200334 -17.303 61.4083
      vertex 2.41296 -17.4535 60.4653
      vertex 2.48509 -17.3286 60.6598
    endloop
  endfacet
  facet normal 0.177944 -0.811601 0.556452
    outer loop
      vertex 2.32312 -17.6091 60.2463
      vertex 0.12536 -17.4329 61.2061
      vertex 0.0408388 -17.5793 61.0196
    endloop
  endfacet
  facet normal 0.177741 -0.811925 0.556045
    outer loop
      vertex 0.12536 -17.4329 61.2061
      vertex 2.32312 -17.6091 60.2463
      vertex 2.37073 -17.5267 60.3514
    endloop
  endfacet
  facet normal 0.271824 -0.648945 0.710621
    outer loop
      vertex -0.153507 -17.9159 60.7006
      vertex 1.88458 -18.3687 59.5075
      vertex 1.94539 -18.2634 59.5804
    endloop
  endfacet
  facet normal 0.271922 -0.648785 0.710729
    outer loop
      vertex 1.88458 -18.3687 59.5075
      vertex -0.153507 -17.9159 60.7006
      vertex -0.261459 -18.1029 60.5712
    endloop
  endfacet
  facet normal 0.384264 -0.454222 0.803756
    outer loop
      vertex -0.493736 -18.5052 60.3788
      vertex 1.30901 -19.3656 59.0307
      vertex 1.42645 -19.1622 59.0895
    endloop
  endfacet
  facet normal 0.345172 -0.521866 0.780072
    outer loop
      vertex -0.375234 -18.2999 60.4636
      vertex 1.42645 -19.1622 59.0895
      vertex 1.4932 -19.0466 59.1373
    endloop
  endfacet
  facet normal 0.345368 -0.521601 0.780162
    outer loop
      vertex 1.42645 -19.1622 59.0895
      vertex -0.375234 -18.2999 60.4636
      vertex -0.493736 -18.5052 60.3788
    endloop
  endfacet
  facet normal 0.817633 0.296409 0.493578
    outer loop
      vertex -1.93238 -20.997 61.4083
      vertex -0.653501 -22.7648 60.3514
      vertex -1.85741 -20.8671 61.2061
    endloop
  endfacet
  facet normal 0.817667 0.2965 0.493466
    outer loop
      vertex -0.653501 -22.7648 60.3514
      vertex -1.93238 -20.997 61.4083
      vertex -0.695733 -22.8379 60.4653
    endloop
  endfacet
  facet normal 0.697886 0.0890048 0.710657
    outer loop
      vertex -1.47059 -20.1971 60.5712
      vertex -0.16735 -21.9227 59.5075
      vertex -0.0635024 -21.7429 59.383
    endloop
  endfacet
  facet normal 0.585579 -0.105515 0.803719
    outer loop
      vertex -1.23832 -19.7948 60.3788
      vertex 0.476992 -20.8067 58.9962
      vertex -1.11623 -19.5834 60.3176
    endloop
  endfacet
  facet normal 0.585651 -0.105352 0.803688
    outer loop
      vertex 0.476992 -20.8067 58.9962
      vertex -1.23832 -19.7948 60.3788
      vertex 0.408223 -20.9258 59.0307
    endloop
  endfacet
  facet normal 0.624469 -0.0381424 0.780118
    outer loop
      vertex -1.35682 -20.0001 60.4636
      vertex 0.110033 -21.4423 59.2189
      vertex 0.224029 -21.2449 59.1373
    endloop
  endfacet
  facet normal 0.505207 -0.244723 0.827573
    outer loop
      vertex -0.991732 -19.3677 60.2807
      vertex 0.666881 -20.4778 58.9399
      vertex 0.787808 -20.2684 58.928
    endloop
  endfacet
  facet normal 0.545635 -0.174702 0.819611
    outer loop
      vertex -0.991732 -19.3677 60.2807
      vertex 0.547118 -20.6853 58.9754
      vertex 0.666881 -20.4778 58.9399
    endloop
  endfacet
  facet normal 0.464442 -0.315319 0.827567
    outer loop
      vertex -0.866025 -19.15 60.2683
      vertex 0.929424 -20.0231 58.928
      vertex -0.740319 -18.9323 60.2807
    endloop
  endfacet
  facet normal 0.46465 -0.314937 0.827596
    outer loop
      vertex 0.929424 -20.0231 58.928
      vertex -0.866025 -19.15 60.2683
      vertex 0.858616 -20.1457 58.9211
    endloop
  endfacet
  facet normal 0.177864 -0.811729 -0.556291
    outer loop
      vertex 0.12536 -17.4329 64.4605
      vertex 2.32312 -17.6091 65.4203
      vertex 0.0408388 -17.5793 64.6471
    endloop
  endfacet
  facet normal 0.177884 -0.811697 -0.556332
    outer loop
      vertex 2.32312 -17.6091 65.4203
      vertex 0.12536 -17.4329 64.4605
      vertex 2.37073 -17.5267 65.3153
    endloop
  endfacet
  facet normal 0.129485 -0.895438 -0.42594
    outer loop
      vertex 0.265039 -17.1909 64.0425
      vertex 2.58378 -17.1577 64.6776
      vertex 2.52153 -17.2655 64.8853
    endloop
  endfacet
  facet normal 0.129484 -0.895471 -0.42587
    outer loop
      vertex 0.200334 -17.303 64.2584
      vertex 2.52153 -17.2655 64.8853
      vertex 2.48509 -17.3286 65.0069
    endloop
  endfacet
  facet normal 0.129537 -0.895367 -0.426072
    outer loop
      vertex 2.52153 -17.2655 64.8853
      vertex 0.200334 -17.303 64.2584
      vertex 0.265039 -17.1909 64.0425
    endloop
  endfacet
  facet normal 0.0750417 -0.989761 -0.12142
    outer loop
      vertex 0.391831 -16.9713 63.3337
      vertex 2.78757 -16.8047 63.4563
      vertex 2.77717 -16.8227 63.5966
    endloop
  endfacet
  facet normal 0.0750505 -0.989734 -0.121628
    outer loop
      vertex 2.78757 -16.8047 63.4563
      vertex 0.391831 -16.9713 63.3337
      vertex 0.410299 -16.9393 63.0847
    endloop
  endfacet
  facet normal 0.271849 -0.64895 -0.710607
    outer loop
      vertex 1.88458 -18.3687 66.1592
      vertex -0.153507 -17.9159 64.966
      vertex 1.94539 -18.2634 66.0863
    endloop
  endfacet
  facet normal 0.271819 -0.648999 -0.710574
    outer loop
      vertex -0.153507 -17.9159 64.966
      vertex 1.88458 -18.3687 66.1592
      vertex -0.261459 -18.1029 65.0955
    endloop
  endfacet
  facet normal 0.271909 -0.648812 -0.71071
    outer loop
      vertex -0.261459 -18.1029 65.0955
      vertex 1.88458 -18.3687 66.1592
      vertex 1.78073 -18.5486 66.2837
    endloop
  endfacet
  facet normal 0.307798 -0.586644 -0.749073
    outer loop
      vertex 1.71665 -18.6596 66.3443
      vertex -0.261459 -18.1029 65.0955
      vertex 1.78073 -18.5486 66.2837
    endloop
  endfacet
  facet normal 0.307701 -0.586801 -0.748989
    outer loop
      vertex -0.261459 -18.1029 65.0955
      vertex 1.71665 -18.6596 66.3443
      vertex -0.375234 -18.2999 65.2031
    endloop
  endfacet
  facet normal 0.464552 -0.315153 -0.827569
    outer loop
      vertex -0.740319 -18.9323 65.386
      vertex 1.05035 -19.8136 66.7268
      vertex 0.929424 -20.0231 66.7387
    endloop
  endfacet
  facet normal 0.505094 -0.244942 -0.827577
    outer loop
      vertex 0.787808 -20.2684 66.7387
      vertex -0.866025 -19.15 65.3983
      vertex 0.858616 -20.1457 66.7456
    endloop
  endfacet
  facet normal 0.505113 -0.244911 -0.827574
    outer loop
      vertex -0.866025 -19.15 65.3983
      vertex 0.787808 -20.2684 66.7387
      vertex -0.991732 -19.3677 65.386
    endloop
  endfacet
  facet normal 0.791907 0.251852 -0.556286
    outer loop
      vertex -0.605892 -22.6823 65.4203
      vertex -1.85741 -20.8671 64.4605
      vertex -1.77289 -20.7207 64.6471
    endloop
  endfacet
  facet normal 0.79175 0.251554 -0.556644
    outer loop
      vertex -1.85741 -20.8671 64.4605
      vertex -0.605892 -22.6823 65.4203
      vertex -0.653501 -22.7648 65.3153
    endloop
  endfacet
  facet normal 0.817587 0.296287 -0.493726
    outer loop
      vertex -0.653501 -22.7648 65.3153
      vertex -1.93238 -20.997 64.2584
      vertex -1.85741 -20.8671 64.4605
    endloop
  endfacet
  facet normal 0.817667 0.2965 -0.493466
    outer loop
      vertex -1.93238 -20.997 64.2584
      vertex -0.653501 -22.7648 65.3153
      vertex -0.695733 -22.8379 65.2014
    endloop
  endfacet
  facet normal 0.763059 0.201871 -0.613994
    outer loop
      vertex -0.382347 -22.2951 65.8576
      vertex -1.77289 -20.7207 64.6471
      vertex -1.67963 -20.5592 64.8161
    endloop
  endfacet
  facet normal 0.763059 0.201871 -0.613994
    outer loop
      vertex -1.77289 -20.7207 64.6471
      vertex -0.382347 -22.2951 65.8576
      vertex -0.434875 -22.3861 65.7624
    endloop
  endfacet
  facet normal 0.0947729 -0.955635 0.278892
    outer loop
      vertex 2.70664 -16.9448 61.5642
      vertex 0.36125 -17.0243 62.0888
      vertex 0.31885 -17.0977 61.8517
    endloop
  endfacet
  facet normal 0.0947329 -0.955693 0.278704
    outer loop
      vertex 0.36125 -17.0243 62.0888
      vertex 2.70664 -16.9448 61.5642
      vertex 2.73053 -16.9035 61.6977
    endloop
  endfacet
  facet normal 0.307798 -0.586644 0.749073
    outer loop
      vertex -0.261459 -18.1029 60.5712
      vertex 1.71665 -18.6596 59.3224
      vertex 1.78073 -18.5486 59.383
    endloop
  endfacet
  facet normal 0.307701 -0.586801 0.748989
    outer loop
      vertex 1.71665 -18.6596 59.3224
      vertex -0.261459 -18.1029 60.5712
      vertex -0.375234 -18.2999 60.4636
    endloop
  endfacet
  facet normal 0.271909 -0.648812 0.71071
    outer loop
      vertex -0.261459 -18.1029 60.5712
      vertex 1.78073 -18.5486 59.383
      vertex 1.88458 -18.3687 59.5075
    endloop
  endfacet
  facet normal 0.238207 -0.707178 0.6657
    outer loop
      vertex -0.153507 -17.9159 60.7006
      vertex 1.94539 -18.2634 59.5804
      vertex 2.04264 -18.0949 59.7246
    endloop
  endfacet
  facet normal 0.424141 -0.385129 0.819622
    outer loop
      vertex -0.615822 -18.7166 60.3176
      vertex 1.17011 -19.6062 58.9754
      vertex 1.24024 -19.4847 58.9962
    endloop
  endfacet
  facet normal 0.42419 -0.385048 0.819634
    outer loop
      vertex 1.17011 -19.6062 58.9754
      vertex -0.615822 -18.7166 60.3176
      vertex -0.740319 -18.9323 60.2807
    endloop
  endfacet
  facet normal 0.384044 -0.454554 0.803673
    outer loop
      vertex -0.493736 -18.5052 60.3788
      vertex 1.24024 -19.4847 58.9962
      vertex 1.30901 -19.3656 59.0307
    endloop
  endfacet
  facet normal 0.384094 -0.454486 0.803688
    outer loop
      vertex 1.24024 -19.4847 58.9962
      vertex -0.493736 -18.5052 60.3788
      vertex -0.615822 -18.7166 60.3176
    endloop
  endfacet
  facet normal 0.661979 0.0268205 0.749043
    outer loop
      vertex -1.47059 -20.1971 60.5712
      vertex 0.000584579 -21.6319 59.3224
      vertex -1.35682 -20.0001 60.4636
    endloop
  endfacet
  facet normal 0.66195 0.0267678 0.74907
    outer loop
      vertex 0.000584579 -21.6319 59.3224
      vertex -1.47059 -20.1971 60.5712
      vertex -0.0635024 -21.7429 59.383
    endloop
  endfacet
  facet normal 0.624451 -0.0382 0.780129
    outer loop
      vertex -1.35682 -20.0001 60.4636
      vertex 0.290778 -21.1292 59.0895
      vertex -1.23832 -19.7948 60.3788
    endloop
  endfacet
  facet normal 0.624529 -0.0380212 0.780076
    outer loop
      vertex 0.290778 -21.1292 59.0895
      vertex -1.35682 -20.0001 60.4636
      vertex 0.224029 -21.2449 59.1373
    endloop
  endfacet
  facet normal 0.345172 -0.521866 -0.780072
    outer loop
      vertex 1.42645 -19.1622 66.5772
      vertex -0.375234 -18.2999 65.2031
      vertex 1.4932 -19.0466 66.5294
    endloop
  endfacet
  facet normal 0.345368 -0.521601 -0.780162
    outer loop
      vertex -0.375234 -18.2999 65.2031
      vertex 1.42645 -19.1622 66.5772
      vertex -0.493736 -18.5052 65.2879
    endloop
  endfacet
  facet normal 0.384264 -0.454222 -0.803756
    outer loop
      vertex -0.493736 -18.5052 65.2879
      vertex 1.42645 -19.1622 66.5772
      vertex 1.30901 -19.3656 66.636
    endloop
  endfacet
  facet normal 0.384351 -0.45409 -0.803788
    outer loop
      vertex 1.24024 -19.4847 66.6704
      vertex -0.493736 -18.5052 65.2879
      vertex 1.30901 -19.3656 66.636
    endloop
  endfacet
  facet normal 0.384256 -0.45422 -0.803761
    outer loop
      vertex -0.493736 -18.5052 65.2879
      vertex 1.24024 -19.4847 66.6704
      vertex -0.615822 -18.7166 65.349
    endloop
  endfacet
  facet normal 0.659328 -0.751856 0
    outer loop
      vertex -1.16673 17.0382 23.6
      vertex -1.00446 17.1805 24
      vertex -1.16673 17.0382 24
    endloop
  endfacet
  facet normal 0.659328 -0.751856 0
    outer loop
      vertex -1.00446 17.1805 24
      vertex -1.16673 17.0382 23.6
      vertex -1.00446 17.1805 23.6
    endloop
  endfacet
  facet normal 0.659328 -0.751856 0
    outer loop
      vertex -1.16673 17.0382 10.7438
      vertex -1.00446 17.1805 20
      vertex -1.16673 17.0382 20
    endloop
  endfacet
  facet normal 0.659328 -0.751856 0
    outer loop
      vertex -1.00446 17.1805 20
      vertex -1.16673 17.0382 10.7438
      vertex -1.00446 17.1805 10.7438
    endloop
  endfacet
  facet normal -0.321538 -0.946897 0
    outer loop
      vertex 0.427051 17.4653 23.6
      vertex 0.631427 17.3959 24
      vertex 0.427051 17.4653 24
    endloop
  endfacet
  facet normal -0.321538 -0.946897 -0
    outer loop
      vertex 0.631427 17.3959 24
      vertex 0.427051 17.4653 23.6
      vertex 0.631427 17.3959 23.6
    endloop
  endfacet
  facet normal -0.321538 -0.946897 0
    outer loop
      vertex 0.427051 17.4653 10.7438
      vertex 0.631427 17.3959 20
      vertex 0.427051 17.4653 20
    endloop
  endfacet
  facet normal -0.321538 -0.946897 -0
    outer loop
      vertex 0.631427 17.3959 20
      vertex 0.427051 17.4653 10.7438
      vertex 0.631427 17.3959 10.7438
    endloop
  endfacet
  facet normal -0.896897 -0.44224 0
    outer loop
      vertex 1.5244 16.5029 23.6
      vertex 1.42894 16.6965 24
      vertex 1.42894 16.6965 23.6
    endloop
  endfacet
  facet normal -0.896897 -0.44224 0
    outer loop
      vertex 1.42894 16.6965 24
      vertex 1.5244 16.5029 23.6
      vertex 1.5244 16.5029 24
    endloop
  endfacet
  facet normal -0.896897 -0.44224 0
    outer loop
      vertex 1.5244 16.5029 10.7438
      vertex 1.42894 16.6965 20
      vertex 1.42894 16.6965 10.7438
    endloop
  endfacet
  facet normal -0.896897 -0.44224 0
    outer loop
      vertex 1.42894 16.6965 20
      vertex 1.5244 16.5029 10.7438
      vertex 1.5244 16.5029 20
    endloop
  endfacet
  facet normal 0.896897 -0.44224 0
    outer loop
      vertex -1.5244 16.5029 24
      vertex -1.42894 16.6965 23.6
      vertex -1.42894 16.6965 24
    endloop
  endfacet
  facet normal 0.896897 -0.44224 0
    outer loop
      vertex -1.42894 16.6965 23.6
      vertex -1.5244 16.5029 24
      vertex -1.5244 16.5029 23.6
    endloop
  endfacet
  facet normal 0.896897 -0.44224 0
    outer loop
      vertex -1.5244 16.5029 20
      vertex -1.42894 16.6965 10.7438
      vertex -1.42894 16.6965 20
    endloop
  endfacet
  facet normal 0.896897 -0.44224 0
    outer loop
      vertex -1.42894 16.6965 10.7438
      vertex -1.5244 16.5029 20
      vertex -1.5244 16.5029 10.7438
    endloop
  endfacet
  facet normal 0.831387 -0.555694 0
    outer loop
      vertex -1.42894 16.6965 24
      vertex -1.30903 16.8759 23.6
      vertex -1.30903 16.8759 24
    endloop
  endfacet
  facet normal 0.831387 -0.555694 0
    outer loop
      vertex -1.30903 16.8759 23.6
      vertex -1.42894 16.6965 24
      vertex -1.42894 16.6965 23.6
    endloop
  endfacet
  facet normal 0.831387 -0.555694 0
    outer loop
      vertex -1.42894 16.6965 20
      vertex -1.30903 16.8759 10.7438
      vertex -1.30903 16.8759 20
    endloop
  endfacet
  facet normal 0.831387 -0.555694 0
    outer loop
      vertex -1.30903 16.8759 10.7438
      vertex -1.42894 16.6965 20
      vertex -1.42894 16.6965 10.7438
    endloop
  endfacet
  facet normal 0.751916 -0.659259 0
    outer loop
      vertex -1.30903 16.8759 24
      vertex -1.16673 17.0382 23.6
      vertex -1.16673 17.0382 24
    endloop
  endfacet
  facet normal 0.751916 -0.659259 0
    outer loop
      vertex -1.16673 17.0382 23.6
      vertex -1.30903 16.8759 24
      vertex -1.30903 16.8759 23.6
    endloop
  endfacet
  facet normal 0.751916 -0.659259 0
    outer loop
      vertex -1.30903 16.8759 20
      vertex -1.16673 17.0382 10.7438
      vertex -1.16673 17.0382 20
    endloop
  endfacet
  facet normal 0.751916 -0.659259 0
    outer loop
      vertex -1.16673 17.0382 10.7438
      vertex -1.30903 16.8759 20
      vertex -1.30903 16.8759 10.7438
    endloop
  endfacet
  facet normal 0.442439 -0.896799 0
    outer loop
      vertex -0.825 17.3004 23.6
      vertex -0.631427 17.3959 24
      vertex -0.825 17.3004 24
    endloop
  endfacet
  facet normal 0.442439 -0.896799 0
    outer loop
      vertex -0.631427 17.3959 24
      vertex -0.825 17.3004 23.6
      vertex -0.631427 17.3959 23.6
    endloop
  endfacet
  facet normal 0.442439 -0.896799 0
    outer loop
      vertex -0.825 17.3004 10.7438
      vertex -0.631427 17.3959 20
      vertex -0.825 17.3004 20
    endloop
  endfacet
  facet normal 0.442439 -0.896799 0
    outer loop
      vertex -0.631427 17.3959 20
      vertex -0.825 17.3004 10.7438
      vertex -0.631427 17.3959 10.7438
    endloop
  endfacet
  facet normal 0.195061 -0.980791 0
    outer loop
      vertex -0.427051 17.4653 23.6
      vertex -0.215367 17.5074 24
      vertex -0.427051 17.4653 24
    endloop
  endfacet
  facet normal 0.195061 -0.980791 0
    outer loop
      vertex -0.215367 17.5074 24
      vertex -0.427051 17.4653 23.6
      vertex -0.215367 17.5074 23.6
    endloop
  endfacet
  facet normal 0.195061 -0.980791 0
    outer loop
      vertex -0.427051 17.4653 10.7438
      vertex -0.215367 17.5074 20
      vertex -0.427051 17.4653 20
    endloop
  endfacet
  facet normal 0.195061 -0.980791 0
    outer loop
      vertex -0.215367 17.5074 20
      vertex -0.427051 17.4653 10.7438
      vertex -0.215367 17.5074 10.7438
    endloop
  endfacet
  facet normal -0.997858 -0.0654121 0
    outer loop
      vertex 1.65 15.8715 23.6
      vertex 1.63588 16.0869 24
      vertex 1.63588 16.0869 23.6
    endloop
  endfacet
  facet normal -0.997858 -0.0654121 0
    outer loop
      vertex 1.63588 16.0869 24
      vertex 1.65 15.8715 23.6
      vertex 1.65 15.8715 24
    endloop
  endfacet
  facet normal -0.997858 -0.0654121 0
    outer loop
      vertex 1.65 15.8715 10.7438
      vertex 1.63588 16.0869 20
      vertex 1.63588 16.0869 10.7438
    endloop
  endfacet
  facet normal -0.997858 -0.0654121 0
    outer loop
      vertex 1.63588 16.0869 20
      vertex 1.65 15.8715 10.7438
      vertex 1.65 15.8715 20
    endloop
  endfacet
  facet normal -0.751916 -0.659259 0
    outer loop
      vertex 1.30903 16.8759 23.6
      vertex 1.16673 17.0382 24
      vertex 1.16673 17.0382 23.6
    endloop
  endfacet
  facet normal -0.751916 -0.659259 0
    outer loop
      vertex 1.16673 17.0382 24
      vertex 1.30903 16.8759 23.6
      vertex 1.30903 16.8759 24
    endloop
  endfacet
  facet normal -0.751916 -0.659259 0
    outer loop
      vertex 1.30903 16.8759 10.7438
      vertex 1.16673 17.0382 20
      vertex 1.16673 17.0382 10.7438
    endloop
  endfacet
  facet normal -0.751916 -0.659259 0
    outer loop
      vertex 1.16673 17.0382 20
      vertex 1.30903 16.8759 10.7438
      vertex 1.30903 16.8759 20
    endloop
  endfacet
  facet normal -0.442439 -0.896799 0
    outer loop
      vertex 0.631427 17.3959 23.6
      vertex 0.825 17.3004 24
      vertex 0.631427 17.3959 24
    endloop
  endfacet
  facet normal -0.442439 -0.896799 -0
    outer loop
      vertex 0.825 17.3004 24
      vertex 0.631427 17.3959 23.6
      vertex 0.825 17.3004 23.6
    endloop
  endfacet
  facet normal -0.442439 -0.896799 0
    outer loop
      vertex 0.631427 17.3959 10.7438
      vertex 0.825 17.3004 20
      vertex 0.631427 17.3959 20
    endloop
  endfacet
  facet normal -0.442439 -0.896799 -0
    outer loop
      vertex 0.825 17.3004 20
      vertex 0.631427 17.3959 10.7438
      vertex 0.825 17.3004 10.7438
    endloop
  endfacet
  facet normal -0.195061 -0.980791 0
    outer loop
      vertex 0.215367 17.5074 23.6
      vertex 0.427051 17.4653 24
      vertex 0.215367 17.5074 24
    endloop
  endfacet
  facet normal -0.195061 -0.980791 -0
    outer loop
      vertex 0.427051 17.4653 24
      vertex 0.215367 17.5074 23.6
      vertex 0.427051 17.4653 23.6
    endloop
  endfacet
  facet normal -0.195061 -0.980791 0
    outer loop
      vertex 0.215367 17.5074 10.7438
      vertex 0.427051 17.4653 20
      vertex 0.215367 17.5074 20
    endloop
  endfacet
  facet normal -0.195061 -0.980791 -0
    outer loop
      vertex 0.427051 17.4653 20
      vertex 0.215367 17.5074 10.7438
      vertex 0.427051 17.4653 10.7438
    endloop
  endfacet
  facet normal 0.997858 0.0654121 0
    outer loop
      vertex -1.63588 15.6561 24
      vertex -1.65 15.8715 23.6
      vertex -1.65 15.8715 24
    endloop
  endfacet
  facet normal 0.997858 0.0654121 0
    outer loop
      vertex -1.65 15.8715 23.6
      vertex -1.63588 15.6561 24
      vertex -1.63588 15.6561 23.6
    endloop
  endfacet
  facet normal 0.997858 0.0654121 0
    outer loop
      vertex -1.63588 15.6561 20
      vertex -1.65 15.8715 10.7438
      vertex -1.65 15.8715 20
    endloop
  endfacet
  facet normal 0.997858 0.0654121 0
    outer loop
      vertex -1.65 15.8715 10.7438
      vertex -1.63588 15.6561 20
      vertex -1.63588 15.6561 10.7438
    endloop
  endfacet
  facet normal 0.0653298 0.997864 -0
    outer loop
      vertex 0 14.2215 23.6
      vertex -0.215367 14.2356 24
      vertex 0 14.2215 24
    endloop
  endfacet
  facet normal 0.0653298 0.997864 0
    outer loop
      vertex -0.215367 14.2356 24
      vertex 0 14.2215 23.6
      vertex -0.215367 14.2356 23.6
    endloop
  endfacet
  facet normal 0.0653298 0.997864 -0
    outer loop
      vertex 0 14.2215 10.7438
      vertex -0.215367 14.2356 20
      vertex 0 14.2215 20
    endloop
  endfacet
  facet normal 0.0653298 0.997864 0
    outer loop
      vertex -0.215367 14.2356 20
      vertex 0 14.2215 10.7438
      vertex -0.215367 14.2356 10.7438
    endloop
  endfacet
  facet normal 0.751715 0.659488 0
    outer loop
      vertex -1.16673 14.7048 24
      vertex -1.30903 14.867 23.6
      vertex -1.30903 14.867 24
    endloop
  endfacet
  facet normal 0.751715 0.659488 0
    outer loop
      vertex -1.30903 14.867 23.6
      vertex -1.16673 14.7048 24
      vertex -1.16673 14.7048 23.6
    endloop
  endfacet
  facet normal 0.751715 0.659488 0
    outer loop
      vertex -1.16673 14.7048 20
      vertex -1.30903 14.867 10.7438
      vertex -1.30903 14.867 20
    endloop
  endfacet
  facet normal 0.751715 0.659488 0
    outer loop
      vertex -1.30903 14.867 10.7438
      vertex -1.16673 14.7048 20
      vertex -1.16673 14.7048 10.7438
    endloop
  endfacet
  facet normal -0.0653298 0.997864 0
    outer loop
      vertex 0.215367 14.2356 23.6
      vertex 0 14.2215 24
      vertex 0.215367 14.2356 24
    endloop
  endfacet
  facet normal -0.0653298 0.997864 0
    outer loop
      vertex 0 14.2215 24
      vertex 0.215367 14.2356 23.6
      vertex 0 14.2215 23.6
    endloop
  endfacet
  facet normal -0.0653298 0.997864 0
    outer loop
      vertex 0.215367 14.2356 10.7438
      vertex 0 14.2215 20
      vertex 0.215367 14.2356 20
    endloop
  endfacet
  facet normal -0.0653298 0.997864 0
    outer loop
      vertex 0 14.2215 20
      vertex 0.215367 14.2356 10.7438
      vertex 0 14.2215 10.7438
    endloop
  endfacet
  facet normal -0.659328 0.751856 0
    outer loop
      vertex 1.16673 14.7048 23.6
      vertex 1.00446 14.5625 24
      vertex 1.16673 14.7048 24
    endloop
  endfacet
  facet normal -0.659328 0.751856 0
    outer loop
      vertex 1.00446 14.5625 24
      vertex 1.16673 14.7048 23.6
      vertex 1.00446 14.5625 23.6
    endloop
  endfacet
  facet normal -0.659328 0.751856 0
    outer loop
      vertex 1.16673 14.7048 10.7438
      vertex 1.00446 14.5625 20
      vertex 1.16673 14.7048 20
    endloop
  endfacet
  facet normal -0.659328 0.751856 0
    outer loop
      vertex 1.00446 14.5625 20
      vertex 1.16673 14.7048 10.7438
      vertex 1.00446 14.5625 10.7438
    endloop
  endfacet
  facet normal -0.896897 0.44224 0
    outer loop
      vertex 1.42894 15.0465 23.6
      vertex 1.5244 15.2401 24
      vertex 1.5244 15.2401 23.6
    endloop
  endfacet
  facet normal -0.896897 0.44224 0
    outer loop
      vertex 1.5244 15.2401 24
      vertex 1.42894 15.0465 23.6
      vertex 1.42894 15.0465 24
    endloop
  endfacet
  facet normal -0.896897 0.44224 0
    outer loop
      vertex 1.42894 15.0465 10.7438
      vertex 1.5244 15.2401 20
      vertex 1.5244 15.2401 10.7438
    endloop
  endfacet
  facet normal -0.896897 0.44224 0
    outer loop
      vertex 1.5244 15.2401 20
      vertex 1.42894 15.0465 10.7438
      vertex 1.42894 15.0465 20
    endloop
  endfacet
  facet normal -0.997858 0.0654121 0
    outer loop
      vertex 1.63588 15.6561 23.6
      vertex 1.65 15.8715 24
      vertex 1.65 15.8715 23.6
    endloop
  endfacet
  facet normal -0.997858 0.0654121 0
    outer loop
      vertex 1.65 15.8715 24
      vertex 1.63588 15.6561 23.6
      vertex 1.63588 15.6561 24
    endloop
  endfacet
  facet normal -0.997858 0.0654121 0
    outer loop
      vertex 1.63588 15.6561 10.7438
      vertex 1.65 15.8715 20
      vertex 1.65 15.8715 10.7438
    endloop
  endfacet
  facet normal -0.997858 0.0654121 0
    outer loop
      vertex 1.65 15.8715 20
      vertex 1.63588 15.6561 10.7438
      vertex 1.63588 15.6561 20
    endloop
  endfacet
  facet normal 0.980776 -0.195136 0
    outer loop
      vertex -1.63588 16.0869 24
      vertex -1.59378 16.2985 23.6
      vertex -1.59378 16.2985 24
    endloop
  endfacet
  facet normal 0.980776 -0.195136 0
    outer loop
      vertex -1.59378 16.2985 23.6
      vertex -1.63588 16.0869 24
      vertex -1.63588 16.0869 23.6
    endloop
  endfacet
  facet normal 0.980776 -0.195136 0
    outer loop
      vertex -1.63588 16.0869 20
      vertex -1.59378 16.2985 10.7438
      vertex -1.59378 16.2985 20
    endloop
  endfacet
  facet normal 0.980776 -0.195136 0
    outer loop
      vertex -1.59378 16.2985 10.7438
      vertex -1.63588 16.0869 20
      vertex -1.63588 16.0869 10.7438
    endloop
  endfacet
  facet normal 0.946936 -0.321421 0
    outer loop
      vertex -1.59378 16.2985 24
      vertex -1.5244 16.5029 23.6
      vertex -1.5244 16.5029 24
    endloop
  endfacet
  facet normal 0.946936 -0.321421 0
    outer loop
      vertex -1.5244 16.5029 23.6
      vertex -1.59378 16.2985 24
      vertex -1.59378 16.2985 23.6
    endloop
  endfacet
  facet normal 0.946936 -0.321421 0
    outer loop
      vertex -1.59378 16.2985 20
      vertex -1.5244 16.5029 10.7438
      vertex -1.5244 16.5029 20
    endloop
  endfacet
  facet normal 0.946936 -0.321421 0
    outer loop
      vertex -1.5244 16.5029 10.7438
      vertex -1.59378 16.2985 20
      vertex -1.59378 16.2985 10.7438
    endloop
  endfacet
  facet normal 0.555534 -0.831494 0
    outer loop
      vertex -1.00446 17.1805 23.6
      vertex -0.825 17.3004 24
      vertex -1.00446 17.1805 24
    endloop
  endfacet
  facet normal 0.555534 -0.831494 0
    outer loop
      vertex -0.825 17.3004 24
      vertex -1.00446 17.1805 23.6
      vertex -0.825 17.3004 23.6
    endloop
  endfacet
  facet normal 0.555534 -0.831494 0
    outer loop
      vertex -1.00446 17.1805 10.7438
      vertex -0.825 17.3004 20
      vertex -1.00446 17.1805 20
    endloop
  endfacet
  facet normal 0.555534 -0.831494 0
    outer loop
      vertex -0.825 17.3004 20
      vertex -1.00446 17.1805 10.7438
      vertex -0.825 17.3004 10.7438
    endloop
  endfacet
  facet normal 0.0653298 -0.997864 0
    outer loop
      vertex -0.215367 17.5074 23.6
      vertex 0 17.5215 24
      vertex -0.215367 17.5074 24
    endloop
  endfacet
  facet normal 0.0653298 -0.997864 0
    outer loop
      vertex 0 17.5215 24
      vertex -0.215367 17.5074 23.6
      vertex 0 17.5215 23.6
    endloop
  endfacet
  facet normal 0.0653298 -0.997864 0
    outer loop
      vertex -0.215367 17.5074 10.7438
      vertex 0 17.5215 20
      vertex -0.215367 17.5074 20
    endloop
  endfacet
  facet normal 0.0653298 -0.997864 0
    outer loop
      vertex 0 17.5215 20
      vertex -0.215367 17.5074 10.7438
      vertex 0 17.5215 10.7438
    endloop
  endfacet
  facet normal 0.321538 -0.946897 0
    outer loop
      vertex -0.631427 17.3959 23.6
      vertex -0.427051 17.4653 24
      vertex -0.631427 17.3959 24
    endloop
  endfacet
  facet normal 0.321538 -0.946897 0
    outer loop
      vertex -0.427051 17.4653 24
      vertex -0.631427 17.3959 23.6
      vertex -0.427051 17.4653 23.6
    endloop
  endfacet
  facet normal 0.321538 -0.946897 0
    outer loop
      vertex -0.631427 17.3959 10.7438
      vertex -0.427051 17.4653 20
      vertex -0.631427 17.3959 20
    endloop
  endfacet
  facet normal 0.321538 -0.946897 0
    outer loop
      vertex -0.427051 17.4653 20
      vertex -0.631427 17.3959 10.7438
      vertex -0.427051 17.4653 10.7438
    endloop
  endfacet
  facet normal 0 0 -1
    outer loop
      vertex 1.63588 15.6561 24
      vertex 1.63588 16.0869 24
      vertex 1.65 15.8715 24
    endloop
  endfacet
  facet normal 0 0 -1
    outer loop
      vertex 1.59378 15.4444 24
      vertex 1.63588 16.0869 24
      vertex 1.63588 15.6561 24
    endloop
  endfacet
  facet normal 0 0 -1
    outer loop
      vertex 1.59378 15.4444 24
      vertex 1.59378 16.2985 24
      vertex 1.63588 16.0869 24
    endloop
  endfacet
  facet normal 0 0 -1
    outer loop
      vertex 1.5244 15.2401 24
      vertex 1.59378 16.2985 24
      vertex 1.59378 15.4444 24
    endloop
  endfacet
  facet normal 0 0 -1
    outer loop
      vertex 1.5244 15.2401 24
      vertex 1.5244 16.5029 24
      vertex 1.59378 16.2985 24
    endloop
  endfacet
  facet normal 0 0 -1
    outer loop
      vertex 1.42894 15.0465 24
      vertex 1.5244 16.5029 24
      vertex 1.5244 15.2401 24
    endloop
  endfacet
  facet normal 0 0 -1
    outer loop
      vertex 1.42894 15.0465 24
      vertex 1.42894 16.6965 24
      vertex 1.5244 16.5029 24
    endloop
  endfacet
  facet normal 0 0 -1
    outer loop
      vertex 1.30903 14.867 24
      vertex 1.42894 16.6965 24
      vertex 1.42894 15.0465 24
    endloop
  endfacet
  facet normal 0 0 -1
    outer loop
      vertex 1.30903 14.867 24
      vertex 1.30903 16.8759 24
      vertex 1.42894 16.6965 24
    endloop
  endfacet
  facet normal 0 0 -1
    outer loop
      vertex 1.16673 14.7048 24
      vertex 1.30903 16.8759 24
      vertex 1.30903 14.867 24
    endloop
  endfacet
  facet normal 0 0 -1
    outer loop
      vertex 1.16673 14.7048 24
      vertex 1.16673 17.0382 24
      vertex 1.30903 16.8759 24
    endloop
  endfacet
  facet normal 0 0 -1
    outer loop
      vertex 1.00446 14.5625 24
      vertex 1.16673 17.0382 24
      vertex 1.16673 14.7048 24
    endloop
  endfacet
  facet normal 0 0 -1
    outer loop
      vertex 1.00446 14.5625 24
      vertex 1.00446 17.1805 24
      vertex 1.16673 17.0382 24
    endloop
  endfacet
  facet normal 0 0 -1
    outer loop
      vertex 0.825 14.4425 24
      vertex 1.00446 17.1805 24
      vertex 1.00446 14.5625 24
    endloop
  endfacet
  facet normal 0 0 -1
    outer loop
      vertex 0.825 14.4425 24
      vertex 0.825 17.3004 24
      vertex 1.00446 17.1805 24
    endloop
  endfacet
  facet normal 0 0 -1
    outer loop
      vertex 0.631427 14.3471 24
      vertex 0.825 17.3004 24
      vertex 0.825 14.4425 24
    endloop
  endfacet
  facet normal 0 0 -1
    outer loop
      vertex 0.631427 14.3471 24
      vertex 0.631427 17.3959 24
      vertex 0.825 17.3004 24
    endloop
  endfacet
  facet normal 0 0 -1
    outer loop
      vertex 0.427051 14.2777 24
      vertex 0.631427 17.3959 24
      vertex 0.631427 14.3471 24
    endloop
  endfacet
  facet normal 0 0 -1
    outer loop
      vertex 0.427051 14.2777 24
      vertex 0.427051 17.4653 24
      vertex 0.631427 17.3959 24
    endloop
  endfacet
  facet normal 0 0 -1
    outer loop
      vertex 0.215367 14.2356 24
      vertex 0.427051 17.4653 24
      vertex 0.427051 14.2777 24
    endloop
  endfacet
  facet normal 0 0 -1
    outer loop
      vertex 0.215367 14.2356 24
      vertex 0.215367 17.5074 24
      vertex 0.427051 17.4653 24
    endloop
  endfacet
  facet normal 0 0 -1
    outer loop
      vertex 0 14.2215 24
      vertex 0.215367 17.5074 24
      vertex 0.215367 14.2356 24
    endloop
  endfacet
  facet normal 0 0 -1
    outer loop
      vertex 0 14.2215 24
      vertex 0 17.5215 24
      vertex 0.215367 17.5074 24
    endloop
  endfacet
  facet normal 0 0 -1
    outer loop
      vertex -0.215367 14.2356 24
      vertex 0 17.5215 24
      vertex 0 14.2215 24
    endloop
  endfacet
  facet normal 0 0 -1
    outer loop
      vertex -0.215367 14.2356 24
      vertex -0.215367 17.5074 24
      vertex 0 17.5215 24
    endloop
  endfacet
  facet normal 0 0 -1
    outer loop
      vertex -0.427051 14.2777 24
      vertex -0.215367 17.5074 24
      vertex -0.215367 14.2356 24
    endloop
  endfacet
  facet normal 0 0 -1
    outer loop
      vertex -0.427051 14.2777 24
      vertex -0.427051 17.4653 24
      vertex -0.215367 17.5074 24
    endloop
  endfacet
  facet normal 0 0 -1
    outer loop
      vertex -0.631427 14.3471 24
      vertex -0.427051 17.4653 24
      vertex -0.427051 14.2777 24
    endloop
  endfacet
  facet normal 0 0 -1
    outer loop
      vertex -0.631427 14.3471 24
      vertex -0.631427 17.3959 24
      vertex -0.427051 17.4653 24
    endloop
  endfacet
  facet normal 0 0 -1
    outer loop
      vertex -0.825 14.4425 24
      vertex -0.631427 17.3959 24
      vertex -0.631427 14.3471 24
    endloop
  endfacet
  facet normal 0 0 -1
    outer loop
      vertex -0.825 14.4425 24
      vertex -0.825 17.3004 24
      vertex -0.631427 17.3959 24
    endloop
  endfacet
  facet normal 0 0 -1
    outer loop
      vertex -1.00446 14.5625 24
      vertex -0.825 17.3004 24
      vertex -0.825 14.4425 24
    endloop
  endfacet
  facet normal 0 0 -1
    outer loop
      vertex -1.00446 14.5625 24
      vertex -1.00446 17.1805 24
      vertex -0.825 17.3004 24
    endloop
  endfacet
  facet normal 0 0 -1
    outer loop
      vertex -1.16673 14.7048 24
      vertex -1.00446 17.1805 24
      vertex -1.00446 14.5625 24
    endloop
  endfacet
  facet normal 0 0 -1
    outer loop
      vertex -1.16673 14.7048 24
      vertex -1.16673 17.0382 24
      vertex -1.00446 17.1805 24
    endloop
  endfacet
  facet normal 0 0 -1
    outer loop
      vertex -1.30903 14.867 24
      vertex -1.16673 17.0382 24
      vertex -1.16673 14.7048 24
    endloop
  endfacet
  facet normal 0 0 -1
    outer loop
      vertex -1.30903 14.867 24
      vertex -1.30903 16.8759 24
      vertex -1.16673 17.0382 24
    endloop
  endfacet
  facet normal 0 0 -1
    outer loop
      vertex -1.42894 15.0465 24
      vertex -1.30903 16.8759 24
      vertex -1.30903 14.867 24
    endloop
  endfacet
  facet normal 0 0 -1
    outer loop
      vertex -1.42894 15.0465 24
      vertex -1.42894 16.6965 24
      vertex -1.30903 16.8759 24
    endloop
  endfacet
  facet normal 0 0 -1
    outer loop
      vertex -1.5244 15.2401 24
      vertex -1.42894 16.6965 24
      vertex -1.42894 15.0465 24
    endloop
  endfacet
  facet normal 0 0 -1
    outer loop
      vertex -1.5244 15.2401 24
      vertex -1.5244 16.5029 24
      vertex -1.42894 16.6965 24
    endloop
  endfacet
  facet normal 0 0 -1
    outer loop
      vertex -1.59378 15.4444 24
      vertex -1.5244 16.5029 24
      vertex -1.5244 15.2401 24
    endloop
  endfacet
  facet normal 0 0 -1
    outer loop
      vertex -1.59378 15.4444 24
      vertex -1.59378 16.2985 24
      vertex -1.5244 16.5029 24
    endloop
  endfacet
  facet normal 0 0 -1
    outer loop
      vertex -1.63588 15.6561 24
      vertex -1.59378 16.2985 24
      vertex -1.59378 15.4444 24
    endloop
  endfacet
  facet normal 0 0 -1
    outer loop
      vertex -1.63588 15.6561 24
      vertex -1.63588 16.0869 24
      vertex -1.59378 16.2985 24
    endloop
  endfacet
  facet normal 0 -0 -1
    outer loop
      vertex -1.63588 16.0869 24
      vertex -1.63588 15.6561 24
      vertex -1.65 15.8715 24
    endloop
  endfacet
  facet normal -0.946936 -0.321421 0
    outer loop
      vertex 1.59378 16.2985 23.6
      vertex 1.5244 16.5029 24
      vertex 1.5244 16.5029 23.6
    endloop
  endfacet
  facet normal -0.946936 -0.321421 0
    outer loop
      vertex 1.5244 16.5029 24
      vertex 1.59378 16.2985 23.6
      vertex 1.59378 16.2985 24
    endloop
  endfacet
  facet normal -0.946936 -0.321421 0
    outer loop
      vertex 1.59378 16.2985 10.7438
      vertex 1.5244 16.5029 20
      vertex 1.5244 16.5029 10.7438
    endloop
  endfacet
  facet normal -0.946936 -0.321421 0
    outer loop
      vertex 1.5244 16.5029 20
      vertex 1.59378 16.2985 10.7438
      vertex 1.59378 16.2985 20
    endloop
  endfacet
  facet normal -0.980776 -0.195136 0
    outer loop
      vertex 1.63588 16.0869 23.6
      vertex 1.59378 16.2985 24
      vertex 1.59378 16.2985 23.6
    endloop
  endfacet
  facet normal -0.980776 -0.195136 0
    outer loop
      vertex 1.59378 16.2985 24
      vertex 1.63588 16.0869 23.6
      vertex 1.63588 16.0869 24
    endloop
  endfacet
  facet normal -0.980776 -0.195136 0
    outer loop
      vertex 1.63588 16.0869 10.7438
      vertex 1.59378 16.2985 20
      vertex 1.59378 16.2985 10.7438
    endloop
  endfacet
  facet normal -0.980776 -0.195136 0
    outer loop
      vertex 1.59378 16.2985 20
      vertex 1.63588 16.0869 10.7438
      vertex 1.63588 16.0869 20
    endloop
  endfacet
  facet normal -0.831387 -0.555694 0
    outer loop
      vertex 1.42894 16.6965 23.6
      vertex 1.30903 16.8759 24
      vertex 1.30903 16.8759 23.6
    endloop
  endfacet
  facet normal -0.831387 -0.555694 0
    outer loop
      vertex 1.30903 16.8759 24
      vertex 1.42894 16.6965 23.6
      vertex 1.42894 16.6965 24
    endloop
  endfacet
  facet normal -0.831387 -0.555694 0
    outer loop
      vertex 1.42894 16.6965 10.7438
      vertex 1.30903 16.8759 20
      vertex 1.30903 16.8759 10.7438
    endloop
  endfacet
  facet normal -0.831387 -0.555694 0
    outer loop
      vertex 1.30903 16.8759 20
      vertex 1.42894 16.6965 10.7438
      vertex 1.42894 16.6965 20
    endloop
  endfacet
  facet normal -0.0653298 -0.997864 0
    outer loop
      vertex 0 17.5215 23.6
      vertex 0.215367 17.5074 24
      vertex 0 17.5215 24
    endloop
  endfacet
  facet normal -0.0653298 -0.997864 -0
    outer loop
      vertex 0.215367 17.5074 24
      vertex 0 17.5215 23.6
      vertex 0.215367 17.5074 23.6
    endloop
  endfacet
  facet normal -0.0653298 -0.997864 0
    outer loop
      vertex 0 17.5215 10.7438
      vertex 0.215367 17.5074 20
      vertex 0 17.5215 20
    endloop
  endfacet
  facet normal -0.0653298 -0.997864 -0
    outer loop
      vertex 0.215367 17.5074 20
      vertex 0 17.5215 10.7438
      vertex 0.215367 17.5074 10.7438
    endloop
  endfacet
  facet normal -0.555534 -0.831494 0
    outer loop
      vertex 0.825 17.3004 23.6
      vertex 1.00446 17.1805 24
      vertex 0.825 17.3004 24
    endloop
  endfacet
  facet normal -0.555534 -0.831494 -0
    outer loop
      vertex 1.00446 17.1805 24
      vertex 0.825 17.3004 23.6
      vertex 1.00446 17.1805 23.6
    endloop
  endfacet
  facet normal -0.555534 -0.831494 0
    outer loop
      vertex 0.825 17.3004 10.7438
      vertex 1.00446 17.1805 20
      vertex 0.825 17.3004 20
    endloop
  endfacet
  facet normal -0.555534 -0.831494 -0
    outer loop
      vertex 1.00446 17.1805 20
      vertex 0.825 17.3004 10.7438
      vertex 1.00446 17.1805 10.7438
    endloop
  endfacet
  facet normal -0.659328 -0.751856 0
    outer loop
      vertex 1.00446 17.1805 23.6
      vertex 1.16673 17.0382 24
      vertex 1.00446 17.1805 24
    endloop
  endfacet
  facet normal -0.659328 -0.751856 -0
    outer loop
      vertex 1.16673 17.0382 24
      vertex 1.00446 17.1805 23.6
      vertex 1.16673 17.0382 23.6
    endloop
  endfacet
  facet normal -0.659328 -0.751856 0
    outer loop
      vertex 1.00446 17.1805 10.7438
      vertex 1.16673 17.0382 20
      vertex 1.00446 17.1805 20
    endloop
  endfacet
  facet normal -0.659328 -0.751856 -0
    outer loop
      vertex 1.16673 17.0382 20
      vertex 1.00446 17.1805 10.7438
      vertex 1.16673 17.0382 10.7438
    endloop
  endfacet
  facet normal 0.997858 -0.0654121 0
    outer loop
      vertex -1.65 15.8715 24
      vertex -1.63588 16.0869 23.6
      vertex -1.63588 16.0869 24
    endloop
  endfacet
  facet normal 0.997858 -0.0654121 0
    outer loop
      vertex -1.63588 16.0869 23.6
      vertex -1.65 15.8715 24
      vertex -1.65 15.8715 23.6
    endloop
  endfacet
  facet normal 0.997858 -0.0654121 0
    outer loop
      vertex -1.65 15.8715 20
      vertex -1.63588 16.0869 10.7438
      vertex -1.63588 16.0869 20
    endloop
  endfacet
  facet normal 0.997858 -0.0654121 0
    outer loop
      vertex -1.63588 16.0869 10.7438
      vertex -1.65 15.8715 20
      vertex -1.65 15.8715 10.7438
    endloop
  endfacet
  facet normal 0.195061 0.980791 -0
    outer loop
      vertex -0.215367 14.2356 23.6
      vertex -0.427051 14.2777 24
      vertex -0.215367 14.2356 24
    endloop
  endfacet
  facet normal 0.195061 0.980791 0
    outer loop
      vertex -0.427051 14.2777 24
      vertex -0.215367 14.2356 23.6
      vertex -0.427051 14.2777 23.6
    endloop
  endfacet
  facet normal 0.195061 0.980791 -0
    outer loop
      vertex -0.215367 14.2356 10.7438
      vertex -0.427051 14.2777 20
      vertex -0.215367 14.2356 20
    endloop
  endfacet
  facet normal 0.195061 0.980791 0
    outer loop
      vertex -0.427051 14.2777 20
      vertex -0.215367 14.2356 10.7438
      vertex -0.427051 14.2777 10.7438
    endloop
  endfacet
  facet normal 0.659328 0.751856 -0
    outer loop
      vertex -1.00446 14.5625 23.6
      vertex -1.16673 14.7048 24
      vertex -1.00446 14.5625 24
    endloop
  endfacet
  facet normal 0.659328 0.751856 0
    outer loop
      vertex -1.16673 14.7048 24
      vertex -1.00446 14.5625 23.6
      vertex -1.16673 14.7048 23.6
    endloop
  endfacet
  facet normal 0.659328 0.751856 -0
    outer loop
      vertex -1.00446 14.5625 10.7438
      vertex -1.16673 14.7048 20
      vertex -1.00446 14.5625 20
    endloop
  endfacet
  facet normal 0.659328 0.751856 0
    outer loop
      vertex -1.16673 14.7048 20
      vertex -1.00446 14.5625 10.7438
      vertex -1.16673 14.7048 10.7438
    endloop
  endfacet
  facet normal 0.442066 0.896982 -0
    outer loop
      vertex -0.631427 14.3471 23.6
      vertex -0.825 14.4425 24
      vertex -0.631427 14.3471 24
    endloop
  endfacet
  facet normal 0.442066 0.896982 0
    outer loop
      vertex -0.825 14.4425 24
      vertex -0.631427 14.3471 23.6
      vertex -0.825 14.4425 23.6
    endloop
  endfacet
  facet normal 0.442066 0.896982 -0
    outer loop
      vertex -0.631427 14.3471 10.7438
      vertex -0.825 14.4425 20
      vertex -0.631427 14.3471 20
    endloop
  endfacet
  facet normal 0.442066 0.896982 0
    outer loop
      vertex -0.825 14.4425 20
      vertex -0.631427 14.3471 10.7438
      vertex -0.825 14.4425 10.7438
    endloop
  endfacet
  facet normal 0.896897 0.44224 0
    outer loop
      vertex -1.42894 15.0465 24
      vertex -1.5244 15.2401 23.6
      vertex -1.5244 15.2401 24
    endloop
  endfacet
  facet normal 0.896897 0.44224 0
    outer loop
      vertex -1.5244 15.2401 23.6
      vertex -1.42894 15.0465 24
      vertex -1.42894 15.0465 23.6
    endloop
  endfacet
  facet normal 0.896897 0.44224 0
    outer loop
      vertex -1.42894 15.0465 20
      vertex -1.5244 15.2401 10.7438
      vertex -1.5244 15.2401 20
    endloop
  endfacet
  facet normal 0.896897 0.44224 0
    outer loop
      vertex -1.5244 15.2401 10.7438
      vertex -1.42894 15.0465 20
      vertex -1.42894 15.0465 10.7438
    endloop
  endfacet
  facet normal -0.321538 0.946897 0
    outer loop
      vertex 0.631427 14.3471 23.6
      vertex 0.427051 14.2777 24
      vertex 0.631427 14.3471 24
    endloop
  endfacet
  facet normal -0.321538 0.946897 0
    outer loop
      vertex 0.427051 14.2777 24
      vertex 0.631427 14.3471 23.6
      vertex 0.427051 14.2777 23.6
    endloop
  endfacet
  facet normal -0.321538 0.946897 0
    outer loop
      vertex 0.631427 14.3471 10.7438
      vertex 0.427051 14.2777 20
      vertex 0.631427 14.3471 20
    endloop
  endfacet
  facet normal -0.321538 0.946897 0
    outer loop
      vertex 0.427051 14.2777 20
      vertex 0.631427 14.3471 10.7438
      vertex 0.427051 14.2777 10.7438
    endloop
  endfacet
  facet normal -0.555854 0.83128 0
    outer loop
      vertex 1.00446 14.5625 23.6
      vertex 0.825 14.4425 24
      vertex 1.00446 14.5625 24
    endloop
  endfacet
  facet normal -0.555854 0.83128 0
    outer loop
      vertex 0.825 14.4425 24
      vertex 1.00446 14.5625 23.6
      vertex 0.825 14.4425 23.6
    endloop
  endfacet
  facet normal -0.555854 0.83128 0
    outer loop
      vertex 1.00446 14.5625 10.7438
      vertex 0.825 14.4425 20
      vertex 1.00446 14.5625 20
    endloop
  endfacet
  facet normal -0.555854 0.83128 0
    outer loop
      vertex 0.825 14.4425 20
      vertex 1.00446 14.5625 10.7438
      vertex 0.825 14.4425 10.7438
    endloop
  endfacet
  facet normal -0.980794 0.195047 0
    outer loop
      vertex 1.59378 15.4444 23.6
      vertex 1.63588 15.6561 24
      vertex 1.63588 15.6561 23.6
    endloop
  endfacet
  facet normal -0.980794 0.195047 0
    outer loop
      vertex 1.63588 15.6561 24
      vertex 1.59378 15.4444 23.6
      vertex 1.59378 15.4444 24
    endloop
  endfacet
  facet normal -0.980794 0.195047 0
    outer loop
      vertex 1.59378 15.4444 10.7438
      vertex 1.63588 15.6561 20
      vertex 1.63588 15.6561 10.7438
    endloop
  endfacet
  facet normal -0.980794 0.195047 0
    outer loop
      vertex 1.63588 15.6561 20
      vertex 1.59378 15.4444 10.7438
      vertex 1.59378 15.4444 20
    endloop
  endfacet
  facet normal -0.83153 0.55548 0
    outer loop
      vertex 1.30903 14.867 23.6
      vertex 1.42894 15.0465 24
      vertex 1.42894 15.0465 23.6
    endloop
  endfacet
  facet normal -0.83153 0.55548 0
    outer loop
      vertex 1.42894 15.0465 24
      vertex 1.30903 14.867 23.6
      vertex 1.30903 14.867 24
    endloop
  endfacet
  facet normal -0.83153 0.55548 0
    outer loop
      vertex 1.30903 14.867 10.7438
      vertex 1.42894 15.0465 20
      vertex 1.42894 15.0465 10.7438
    endloop
  endfacet
  facet normal -0.83153 0.55548 0
    outer loop
      vertex 1.42894 15.0465 20
      vertex 1.30903 14.867 10.7438
      vertex 1.30903 14.867 20
    endloop
  endfacet
  facet normal -0.751715 0.659488 0
    outer loop
      vertex 1.16673 14.7048 23.6
      vertex 1.30903 14.867 24
      vertex 1.30903 14.867 23.6
    endloop
  endfacet
  facet normal -0.751715 0.659488 0
    outer loop
      vertex 1.30903 14.867 24
      vertex 1.16673 14.7048 23.6
      vertex 1.16673 14.7048 24
    endloop
  endfacet
  facet normal -0.751715 0.659488 0
    outer loop
      vertex 1.16673 14.7048 10.7438
      vertex 1.30903 14.867 20
      vertex 1.30903 14.867 10.7438
    endloop
  endfacet
  facet normal -0.751715 0.659488 0
    outer loop
      vertex 1.30903 14.867 20
      vertex 1.16673 14.7048 10.7438
      vertex 1.16673 14.7048 20
    endloop
  endfacet
  facet normal 0.980794 0.195047 0
    outer loop
      vertex -1.59378 15.4444 24
      vertex -1.63588 15.6561 23.6
      vertex -1.63588 15.6561 24
    endloop
  endfacet
  facet normal 0.980794 0.195047 0
    outer loop
      vertex -1.63588 15.6561 23.6
      vertex -1.59378 15.4444 24
      vertex -1.59378 15.4444 23.6
    endloop
  endfacet
  facet normal 0.980794 0.195047 0
    outer loop
      vertex -1.59378 15.4444 20
      vertex -1.63588 15.6561 10.7438
      vertex -1.63588 15.6561 20
    endloop
  endfacet
  facet normal 0.980794 0.195047 0
    outer loop
      vertex -1.63588 15.6561 10.7438
      vertex -1.59378 15.4444 20
      vertex -1.59378 15.4444 10.7438
    endloop
  endfacet
  facet normal 0.946889 0.321562 0
    outer loop
      vertex -1.5244 15.2401 24
      vertex -1.59378 15.4444 23.6
      vertex -1.59378 15.4444 24
    endloop
  endfacet
  facet normal 0.946889 0.321562 0
    outer loop
      vertex -1.59378 15.4444 23.6
      vertex -1.5244 15.2401 24
      vertex -1.5244 15.2401 23.6
    endloop
  endfacet
  facet normal 0.946889 0.321562 0
    outer loop
      vertex -1.5244 15.2401 20
      vertex -1.59378 15.4444 10.7438
      vertex -1.59378 15.4444 20
    endloop
  endfacet
  facet normal 0.946889 0.321562 0
    outer loop
      vertex -1.59378 15.4444 10.7438
      vertex -1.5244 15.2401 20
      vertex -1.5244 15.2401 10.7438
    endloop
  endfacet
  facet normal 0.321538 0.946897 -0
    outer loop
      vertex -0.427051 14.2777 23.6
      vertex -0.631427 14.3471 24
      vertex -0.427051 14.2777 24
    endloop
  endfacet
  facet normal 0.321538 0.946897 0
    outer loop
      vertex -0.631427 14.3471 24
      vertex -0.427051 14.2777 23.6
      vertex -0.631427 14.3471 23.6
    endloop
  endfacet
  facet normal 0.321538 0.946897 -0
    outer loop
      vertex -0.427051 14.2777 10.7438
      vertex -0.631427 14.3471 20
      vertex -0.427051 14.2777 20
    endloop
  endfacet
  facet normal 0.321538 0.946897 0
    outer loop
      vertex -0.631427 14.3471 20
      vertex -0.427051 14.2777 10.7438
      vertex -0.631427 14.3471 10.7438
    endloop
  endfacet
  facet normal 0.555854 0.83128 -0
    outer loop
      vertex -0.825 14.4425 23.6
      vertex -1.00446 14.5625 24
      vertex -0.825 14.4425 24
    endloop
  endfacet
  facet normal 0.555854 0.83128 0
    outer loop
      vertex -1.00446 14.5625 24
      vertex -0.825 14.4425 23.6
      vertex -1.00446 14.5625 23.6
    endloop
  endfacet
  facet normal 0.555854 0.83128 -0
    outer loop
      vertex -0.825 14.4425 10.7438
      vertex -1.00446 14.5625 20
      vertex -0.825 14.4425 20
    endloop
  endfacet
  facet normal 0.555854 0.83128 0
    outer loop
      vertex -1.00446 14.5625 20
      vertex -0.825 14.4425 10.7438
      vertex -1.00446 14.5625 10.7438
    endloop
  endfacet
  facet normal 0.83153 0.55548 0
    outer loop
      vertex -1.30903 14.867 24
      vertex -1.42894 15.0465 23.6
      vertex -1.42894 15.0465 24
    endloop
  endfacet
  facet normal 0.83153 0.55548 0
    outer loop
      vertex -1.42894 15.0465 23.6
      vertex -1.30903 14.867 24
      vertex -1.30903 14.867 23.6
    endloop
  endfacet
  facet normal 0.83153 0.55548 0
    outer loop
      vertex -1.30903 14.867 20
      vertex -1.42894 15.0465 10.7438
      vertex -1.42894 15.0465 20
    endloop
  endfacet
  facet normal 0.83153 0.55548 0
    outer loop
      vertex -1.42894 15.0465 10.7438
      vertex -1.30903 14.867 20
      vertex -1.30903 14.867 10.7438
    endloop
  endfacet
  facet normal -0.195061 0.980791 0
    outer loop
      vertex 0.427051 14.2777 23.6
      vertex 0.215367 14.2356 24
      vertex 0.427051 14.2777 24
    endloop
  endfacet
  facet normal -0.195061 0.980791 0
    outer loop
      vertex 0.215367 14.2356 24
      vertex 0.427051 14.2777 23.6
      vertex 0.215367 14.2356 23.6
    endloop
  endfacet
  facet normal -0.195061 0.980791 0
    outer loop
      vertex 0.427051 14.2777 10.7438
      vertex 0.215367 14.2356 20
      vertex 0.427051 14.2777 20
    endloop
  endfacet
  facet normal -0.195061 0.980791 0
    outer loop
      vertex 0.215367 14.2356 20
      vertex 0.427051 14.2777 10.7438
      vertex 0.215367 14.2356 10.7438
    endloop
  endfacet
  facet normal -0.442066 0.896982 0
    outer loop
      vertex 0.825 14.4425 23.6
      vertex 0.631427 14.3471 24
      vertex 0.825 14.4425 24
    endloop
  endfacet
  facet normal -0.442066 0.896982 0
    outer loop
      vertex 0.631427 14.3471 24
      vertex 0.825 14.4425 23.6
      vertex 0.631427 14.3471 23.6
    endloop
  endfacet
  facet normal -0.442066 0.896982 0
    outer loop
      vertex 0.825 14.4425 10.7438
      vertex 0.631427 14.3471 20
      vertex 0.825 14.4425 20
    endloop
  endfacet
  facet normal -0.442066 0.896982 0
    outer loop
      vertex 0.631427 14.3471 20
      vertex 0.825 14.4425 10.7438
      vertex 0.631427 14.3471 10.7438
    endloop
  endfacet
  facet normal -0.946889 0.321562 0
    outer loop
      vertex 1.5244 15.2401 23.6
      vertex 1.59378 15.4444 24
      vertex 1.59378 15.4444 23.6
    endloop
  endfacet
  facet normal -0.946889 0.321562 0
    outer loop
      vertex 1.59378 15.4444 24
      vertex 1.5244 15.2401 23.6
      vertex 1.5244 15.2401 24
    endloop
  endfacet
  facet normal -0.946889 0.321562 0
    outer loop
      vertex 1.5244 15.2401 10.7438
      vertex 1.59378 15.4444 20
      vertex 1.59378 15.4444 10.7438
    endloop
  endfacet
  facet normal -0.946889 0.321562 0
    outer loop
      vertex 1.59378 15.4444 20
      vertex 1.5244 15.2401 10.7438
      vertex 1.5244 15.2401 20
    endloop
  endfacet
  facet normal -1 0 0
    outer loop
      vertex 2.85 14.226 23.6
      vertex 2.85 24.8577 20
      vertex 2.85 14.226 20
    endloop
  endfacet
  facet normal -1 0 0
    outer loop
      vertex 2.85 24.8577 20
      vertex 2.85 14.226 23.6
      vertex 2.85 25.478 23.6
    endloop
  endfacet
  facet normal 0 0 -1
    outer loop
      vertex 1.63588 16.0869 23.6
      vertex 2.85 14.226 23.6
      vertex 1.65 15.8715 23.6
    endloop
  endfacet
  facet normal 0 0 -1
    outer loop
      vertex 2.85 14.226 23.6
      vertex 1.63588 15.6561 23.6
      vertex 1.65 15.8715 23.6
    endloop
  endfacet
  facet normal 0 0 -1
    outer loop
      vertex 2.85 14.226 23.6
      vertex 1.59378 15.4444 23.6
      vertex 1.63588 15.6561 23.6
    endloop
  endfacet
  facet normal 0 0 -1
    outer loop
      vertex 2.85 14.226 23.6
      vertex 1.5244 15.2401 23.6
      vertex 1.59378 15.4444 23.6
    endloop
  endfacet
  facet normal 0 0 -1
    outer loop
      vertex 2.85 14.226 23.6
      vertex 1.42894 15.0465 23.6
      vertex 1.5244 15.2401 23.6
    endloop
  endfacet
  facet normal 0 0 -1
    outer loop
      vertex 2.85 14.226 23.6
      vertex 1.30903 14.867 23.6
      vertex 1.42894 15.0465 23.6
    endloop
  endfacet
  facet normal 0 0 -1
    outer loop
      vertex 2.85 14.226 23.6
      vertex 1.16673 14.7048 23.6
      vertex 1.30903 14.867 23.6
    endloop
  endfacet
  facet normal 0 0 -1
    outer loop
      vertex 2.85 14.226 23.6
      vertex 1.00446 14.5625 23.6
      vertex 1.16673 14.7048 23.6
    endloop
  endfacet
  facet normal 0 0 -1
    outer loop
      vertex 2.85 14.226 23.6
      vertex 0.825 14.4425 23.6
      vertex 1.00446 14.5625 23.6
    endloop
  endfacet
  facet normal 0 0 -1
    outer loop
      vertex 0 12.5806 23.6
      vertex 0.825 14.4425 23.6
      vertex 2.85 14.226 23.6
    endloop
  endfacet
  facet normal 0 0 -1
    outer loop
      vertex 0.825 14.4425 23.6
      vertex 0 12.5806 23.6
      vertex 0.631427 14.3471 23.6
    endloop
  endfacet
  facet normal 0 0 -1
    outer loop
      vertex 0.631427 14.3471 23.6
      vertex 0 12.5806 23.6
      vertex 0.427051 14.2777 23.6
    endloop
  endfacet
  facet normal 0 0 -1
    outer loop
      vertex 0.427051 14.2777 23.6
      vertex 0 12.5806 23.6
      vertex 0.215367 14.2356 23.6
    endloop
  endfacet
  facet normal 0 0 -1
    outer loop
      vertex 0 12.5806 23.6
      vertex 0 14.2215 23.6
      vertex 0.215367 14.2356 23.6
    endloop
  endfacet
  facet normal 0 0 -1
    outer loop
      vertex 0 12.5806 23.6
      vertex -0.215367 14.2356 23.6
      vertex 0 14.2215 23.6
    endloop
  endfacet
  facet normal 0 0 -1
    outer loop
      vertex 0 12.5806 23.6
      vertex -0.427051 14.2777 23.6
      vertex -0.215367 14.2356 23.6
    endloop
  endfacet
  facet normal 0 0 -1
    outer loop
      vertex 0 12.5806 23.6
      vertex -0.631427 14.3471 23.6
      vertex -0.427051 14.2777 23.6
    endloop
  endfacet
  facet normal 0 0 -1
    outer loop
      vertex 0 12.5806 23.6
      vertex -0.825 14.4425 23.6
      vertex -0.631427 14.3471 23.6
    endloop
  endfacet
  facet normal 0 0 -1
    outer loop
      vertex -2.85 14.226 23.6
      vertex -0.825 14.4425 23.6
      vertex 0 12.5806 23.6
    endloop
  endfacet
  facet normal -0 0 -1
    outer loop
      vertex -0.825 14.4425 23.6
      vertex -2.85 14.226 23.6
      vertex -1.00446 14.5625 23.6
    endloop
  endfacet
  facet normal -0 0 -1
    outer loop
      vertex -1.00446 14.5625 23.6
      vertex -2.85 14.226 23.6
      vertex -1.16673 14.7048 23.6
    endloop
  endfacet
  facet normal -0 0 -1
    outer loop
      vertex -1.16673 14.7048 23.6
      vertex -2.85 14.226 23.6
      vertex -1.30903 14.867 23.6
    endloop
  endfacet
  facet normal -0 0 -1
    outer loop
      vertex -1.63588 15.6561 23.6
      vertex -2.85 14.226 23.6
      vertex -1.65 15.8715 23.6
    endloop
  endfacet
  facet normal -0 0 -1
    outer loop
      vertex -1.59378 15.4444 23.6
      vertex -2.85 14.226 23.6
      vertex -1.63588 15.6561 23.6
    endloop
  endfacet
  facet normal -0 0 -1
    outer loop
      vertex -1.5244 15.2401 23.6
      vertex -2.85 14.226 23.6
      vertex -1.59378 15.4444 23.6
    endloop
  endfacet
  facet normal -0 0 -1
    outer loop
      vertex -1.42894 15.0465 23.6
      vertex -2.85 14.226 23.6
      vertex -1.5244 15.2401 23.6
    endloop
  endfacet
  facet normal -0 0 -1
    outer loop
      vertex -1.30903 14.867 23.6
      vertex -2.85 14.226 23.6
      vertex -1.42894 15.0465 23.6
    endloop
  endfacet
  facet normal 0 0 -1
    outer loop
      vertex 1.59378 16.2985 23.6
      vertex 2.85 14.226 23.6
      vertex 1.63588 16.0869 23.6
    endloop
  endfacet
  facet normal 0 0 -1
    outer loop
      vertex 1.5244 16.5029 23.6
      vertex 2.85 14.226 23.6
      vertex 1.59378 16.2985 23.6
    endloop
  endfacet
  facet normal 0 0 -1
    outer loop
      vertex 2.85 14.226 23.6
      vertex 1.5244 16.5029 23.6
      vertex 2.85 25.478 23.6
    endloop
  endfacet
  facet normal 0 0 -1
    outer loop
      vertex 1.42894 16.6965 23.6
      vertex 2.85 25.478 23.6
      vertex 1.5244 16.5029 23.6
    endloop
  endfacet
  facet normal 0 0 -1
    outer loop
      vertex 1.30903 16.8759 23.6
      vertex 2.85 25.478 23.6
      vertex 1.42894 16.6965 23.6
    endloop
  endfacet
  facet normal 0 0 -1
    outer loop
      vertex 1.16673 17.0382 23.6
      vertex 2.85 25.478 23.6
      vertex 1.30903 16.8759 23.6
    endloop
  endfacet
  facet normal 0 0 -1
    outer loop
      vertex 1.00446 17.1805 23.6
      vertex 2.85 25.478 23.6
      vertex 1.16673 17.0382 23.6
    endloop
  endfacet
  facet normal 0 0 -1
    outer loop
      vertex 0.825 17.3004 23.6
      vertex 2.85 25.478 23.6
      vertex 1.00446 17.1805 23.6
    endloop
  endfacet
  facet normal 0 0 -1
    outer loop
      vertex 0.631427 17.3959 23.6
      vertex 2.85 25.478 23.6
      vertex 0.825 17.3004 23.6
    endloop
  endfacet
  facet normal 0 0 -1
    outer loop
      vertex 0.427051 17.4653 23.6
      vertex 2.85 25.478 23.6
      vertex 0.631427 17.3959 23.6
    endloop
  endfacet
  facet normal 0 0 -1
    outer loop
      vertex 0.215367 17.5074 23.6
      vertex 2.85 25.478 23.6
      vertex 0.427051 17.4653 23.6
    endloop
  endfacet
  facet normal 0 0 -1
    outer loop
      vertex 0 17.5215 23.6
      vertex 2.85 25.478 23.6
      vertex 0.215367 17.5074 23.6
    endloop
  endfacet
  facet normal 0 0 -1
    outer loop
      vertex -2.85 25.478 23.6
      vertex 0 17.5215 23.6
      vertex -0.215367 17.5074 23.6
    endloop
  endfacet
  facet normal 0 0 -1
    outer loop
      vertex -2.85 25.478 23.6
      vertex -0.215367 17.5074 23.6
      vertex -0.427051 17.4653 23.6
    endloop
  endfacet
  facet normal 0 0 -1
    outer loop
      vertex -2.85 25.478 23.6
      vertex -0.427051 17.4653 23.6
      vertex -0.631427 17.3959 23.6
    endloop
  endfacet
  facet normal 0 0 -1
    outer loop
      vertex -2.85 25.478 23.6
      vertex -0.631427 17.3959 23.6
      vertex -0.825 17.3004 23.6
    endloop
  endfacet
  facet normal 0 0 -1
    outer loop
      vertex -2.85 25.478 23.6
      vertex -0.825 17.3004 23.6
      vertex -1.00446 17.1805 23.6
    endloop
  endfacet
  facet normal 0 0 -1
    outer loop
      vertex -2.85 25.478 23.6
      vertex -1.00446 17.1805 23.6
      vertex -1.16673 17.0382 23.6
    endloop
  endfacet
  facet normal 0 0 -1
    outer loop
      vertex -2.85 25.478 23.6
      vertex -1.16673 17.0382 23.6
      vertex -1.30903 16.8759 23.6
    endloop
  endfacet
  facet normal 0 0 -1
    outer loop
      vertex -2.85 25.478 23.6
      vertex -1.30903 16.8759 23.6
      vertex -1.42894 16.6965 23.6
    endloop
  endfacet
  facet normal 0 0 -1
    outer loop
      vertex -2.85 25.478 23.6
      vertex -1.42894 16.6965 23.6
      vertex -1.5244 16.5029 23.6
    endloop
  endfacet
  facet normal 0 0 -1
    outer loop
      vertex -2.85 14.226 23.6
      vertex -1.63588 16.0869 23.6
      vertex -1.65 15.8715 23.6
    endloop
  endfacet
  facet normal 0 0 -1
    outer loop
      vertex -2.85 14.226 23.6
      vertex -1.59378 16.2985 23.6
      vertex -1.63588 16.0869 23.6
    endloop
  endfacet
  facet normal 0 0 -1
    outer loop
      vertex -2.85 14.226 23.6
      vertex -1.5244 16.5029 23.6
      vertex -1.59378 16.2985 23.6
    endloop
  endfacet
  facet normal 0 0 -1
    outer loop
      vertex -2.85 25.478 23.6
      vertex -1.5244 16.5029 23.6
      vertex -2.85 14.226 23.6
    endloop
  endfacet
  facet normal 0 0 -1
    outer loop
      vertex 0 17.5215 23.6
      vertex -2.85 25.478 23.6
      vertex 2.85 25.478 23.6
    endloop
  endfacet
  facet normal -0 0 1
    outer loop
      vertex 1.5244 16.5029 20
      vertex 2.85 14.226 20
      vertex 2.85 24.8577 20
    endloop
  endfacet
  facet normal 0 0 1
    outer loop
      vertex 2.85 14.226 20
      vertex 1.63588 16.0869 20
      vertex 1.65 15.8715 20
    endloop
  endfacet
  facet normal 0 0 1
    outer loop
      vertex 2.85 14.226 20
      vertex 1.59378 16.2985 20
      vertex 1.63588 16.0869 20
    endloop
  endfacet
  facet normal 0 0 1
    outer loop
      vertex 2.85 14.226 20
      vertex 1.5244 16.5029 20
      vertex 1.59378 16.2985 20
    endloop
  endfacet
  facet normal 0 0 1
    outer loop
      vertex 2.85 24.8577 20
      vertex 1.42894 16.6965 20
      vertex 1.5244 16.5029 20
    endloop
  endfacet
  facet normal 0 0 1
    outer loop
      vertex 2.85 24.8577 20
      vertex 1.30903 16.8759 20
      vertex 1.42894 16.6965 20
    endloop
  endfacet
  facet normal 0 0 1
    outer loop
      vertex 2.85 24.8577 20
      vertex 1.16673 17.0382 20
      vertex 1.30903 16.8759 20
    endloop
  endfacet
  facet normal 0 0 1
    outer loop
      vertex 2.85 24.8577 20
      vertex 1.00446 17.1805 20
      vertex 1.16673 17.0382 20
    endloop
  endfacet
  facet normal 0 0 1
    outer loop
      vertex 2.85 24.8577 20
      vertex 0.825 17.3004 20
      vertex 1.00446 17.1805 20
    endloop
  endfacet
  facet normal 0 0 1
    outer loop
      vertex 2.85 24.8577 20
      vertex 0.631427 17.3959 20
      vertex 0.825 17.3004 20
    endloop
  endfacet
  facet normal 0 0 1
    outer loop
      vertex 2.85 24.8577 20
      vertex 0.427051 17.4653 20
      vertex 0.631427 17.3959 20
    endloop
  endfacet
  facet normal 0 0 1
    outer loop
      vertex 2.85 24.8577 20
      vertex 0.215367 17.5074 20
      vertex 0.427051 17.4653 20
    endloop
  endfacet
  facet normal 0 0 1
    outer loop
      vertex 2.85 24.8577 20
      vertex 0 17.5215 20
      vertex 0.215367 17.5074 20
    endloop
  endfacet
  facet normal -0 0 1
    outer loop
      vertex -2.85 24.8577 20
      vertex 0 17.5215 20
      vertex 2.85 24.8577 20
    endloop
  endfacet
  facet normal 0 0 1
    outer loop
      vertex 0 17.5215 20
      vertex -2.85 24.8577 20
      vertex -0.215367 17.5074 20
    endloop
  endfacet
  facet normal 0 0 1
    outer loop
      vertex -0.215367 17.5074 20
      vertex -2.85 24.8577 20
      vertex -0.427051 17.4653 20
    endloop
  endfacet
  facet normal 0 0 1
    outer loop
      vertex -0.427051 17.4653 20
      vertex -2.85 24.8577 20
      vertex -0.631427 17.3959 20
    endloop
  endfacet
  facet normal 0 0 1
    outer loop
      vertex -0.631427 17.3959 20
      vertex -2.85 24.8577 20
      vertex -0.825 17.3004 20
    endloop
  endfacet
  facet normal 0 0 1
    outer loop
      vertex -0.825 17.3004 20
      vertex -2.85 24.8577 20
      vertex -1.00446 17.1805 20
    endloop
  endfacet
  facet normal 0 0 1
    outer loop
      vertex -1.00446 17.1805 20
      vertex -2.85 24.8577 20
      vertex -1.16673 17.0382 20
    endloop
  endfacet
  facet normal 0 0 1
    outer loop
      vertex -1.16673 17.0382 20
      vertex -2.85 24.8577 20
      vertex -1.30903 16.8759 20
    endloop
  endfacet
  facet normal 0 0 1
    outer loop
      vertex -1.59378 16.2985 20
      vertex -2.85 14.226 20
      vertex -1.63588 16.0869 20
    endloop
  endfacet
  facet normal 0 0 1
    outer loop
      vertex -1.5244 16.5029 20
      vertex -2.85 14.226 20
      vertex -1.59378 16.2985 20
    endloop
  endfacet
  facet normal 0 0 1
    outer loop
      vertex -2.85 14.226 20
      vertex -1.5244 16.5029 20
      vertex -2.85 24.8577 20
    endloop
  endfacet
  facet normal 0 0 1
    outer loop
      vertex -1.42894 16.6965 20
      vertex -2.85 24.8577 20
      vertex -1.5244 16.5029 20
    endloop
  endfacet
  facet normal 0 0 1
    outer loop
      vertex -1.30903 16.8759 20
      vertex -2.85 24.8577 20
      vertex -1.42894 16.6965 20
    endloop
  endfacet
  facet normal -0 0 1
    outer loop
      vertex 1.63588 15.6561 20
      vertex 2.85 14.226 20
      vertex 1.65 15.8715 20
    endloop
  endfacet
  facet normal -0 0 1
    outer loop
      vertex 1.59378 15.4444 20
      vertex 2.85 14.226 20
      vertex 1.63588 15.6561 20
    endloop
  endfacet
  facet normal -0 0 1
    outer loop
      vertex 1.5244 15.2401 20
      vertex 2.85 14.226 20
      vertex 1.59378 15.4444 20
    endloop
  endfacet
  facet normal -0 0 1
    outer loop
      vertex 1.42894 15.0465 20
      vertex 2.85 14.226 20
      vertex 1.5244 15.2401 20
    endloop
  endfacet
  facet normal -0 0 1
    outer loop
      vertex 1.30903 14.867 20
      vertex 2.85 14.226 20
      vertex 1.42894 15.0465 20
    endloop
  endfacet
  facet normal -0 0 1
    outer loop
      vertex 1.16673 14.7048 20
      vertex 2.85 14.226 20
      vertex 1.30903 14.867 20
    endloop
  endfacet
  facet normal -0 0 1
    outer loop
      vertex 1.00446 14.5625 20
      vertex 2.85 14.226 20
      vertex 1.16673 14.7048 20
    endloop
  endfacet
  facet normal -0 0 1
    outer loop
      vertex 0.825 14.4425 20
      vertex 2.85 14.226 20
      vertex 1.00446 14.5625 20
    endloop
  endfacet
  facet normal 0 0 1
    outer loop
      vertex 0 12.5806 20
      vertex 0.825 14.4425 20
      vertex 0.631427 14.3471 20
    endloop
  endfacet
  facet normal 0 0 1
    outer loop
      vertex 0 12.5806 20
      vertex 0.631427 14.3471 20
      vertex 0.427051 14.2777 20
    endloop
  endfacet
  facet normal 0 0 1
    outer loop
      vertex 0 12.5806 20
      vertex 0.427051 14.2777 20
      vertex 0.215367 14.2356 20
    endloop
  endfacet
  facet normal 0 0 1
    outer loop
      vertex 0 12.5806 20
      vertex 0.215367 14.2356 20
      vertex 0 14.2215 20
    endloop
  endfacet
  facet normal 0 0 1
    outer loop
      vertex 0.825 14.4425 20
      vertex 0 12.5806 20
      vertex 2.85 14.226 20
    endloop
  endfacet
  facet normal 0 0 1
    outer loop
      vertex -0.215367 14.2356 20
      vertex 0 12.5806 20
      vertex 0 14.2215 20
    endloop
  endfacet
  facet normal 0 0 1
    outer loop
      vertex -0.427051 14.2777 20
      vertex 0 12.5806 20
      vertex -0.215367 14.2356 20
    endloop
  endfacet
  facet normal 0 0 1
    outer loop
      vertex -0.631427 14.3471 20
      vertex 0 12.5806 20
      vertex -0.427051 14.2777 20
    endloop
  endfacet
  facet normal 0 0 1
    outer loop
      vertex -0.825 14.4425 20
      vertex 0 12.5806 20
      vertex -0.631427 14.3471 20
    endloop
  endfacet
  facet normal 0 0 1
    outer loop
      vertex -2.85 14.226 20
      vertex -0.825 14.4425 20
      vertex -1.00446 14.5625 20
    endloop
  endfacet
  facet normal 0 0 1
    outer loop
      vertex -2.85 14.226 20
      vertex -1.00446 14.5625 20
      vertex -1.16673 14.7048 20
    endloop
  endfacet
  facet normal 0 0 1
    outer loop
      vertex -2.85 14.226 20
      vertex -1.16673 14.7048 20
      vertex -1.30903 14.867 20
    endloop
  endfacet
  facet normal 0 0 1
    outer loop
      vertex -2.85 14.226 20
      vertex -1.30903 14.867 20
      vertex -1.42894 15.0465 20
    endloop
  endfacet
  facet normal 0 0 1
    outer loop
      vertex -1.63588 16.0869 20
      vertex -2.85 14.226 20
      vertex -1.65 15.8715 20
    endloop
  endfacet
  facet normal 0 0 1
    outer loop
      vertex -0.825 14.4425 20
      vertex -2.85 14.226 20
      vertex 0 12.5806 20
    endloop
  endfacet
  facet normal 0 0 1
    outer loop
      vertex -1.5244 15.2401 20
      vertex -2.85 14.226 20
      vertex -1.42894 15.0465 20
    endloop
  endfacet
  facet normal 0 0 1
    outer loop
      vertex -1.59378 15.4444 20
      vertex -2.85 14.226 20
      vertex -1.5244 15.2401 20
    endloop
  endfacet
  facet normal 0 0 1
    outer loop
      vertex -1.63588 15.6561 20
      vertex -2.85 14.226 20
      vertex -1.59378 15.4444 20
    endloop
  endfacet
  facet normal 0 0 1
    outer loop
      vertex -1.65 15.8715 20
      vertex -2.85 14.226 20
      vertex -1.63588 15.6561 20
    endloop
  endfacet
  facet normal 1 -0 0
    outer loop
      vertex -2.85 14.226 23.6
      vertex -2.85 24.8577 20
      vertex -2.85 25.478 23.6
    endloop
  endfacet
  facet normal 1 0 0
    outer loop
      vertex -2.85 24.8577 20
      vertex -2.85 14.226 23.6
      vertex -2.85 14.226 20
    endloop
  endfacet
  facet normal -0.499989 0.866032 0
    outer loop
      vertex 2.85 14.226 20
      vertex 0 12.5806 23.6
      vertex 2.85 14.226 23.6
    endloop
  endfacet
  facet normal -0.499989 0.866032 0
    outer loop
      vertex 0 12.5806 23.6
      vertex 2.85 14.226 20
      vertex 0 12.5806 20
    endloop
  endfacet
  facet normal 0.499989 0.866032 -0
    outer loop
      vertex 0 12.5806 20
      vertex -2.85 14.226 23.6
      vertex 0 12.5806 23.6
    endloop
  endfacet
  facet normal 0.499989 0.866032 0
    outer loop
      vertex -2.85 14.226 23.6
      vertex 0 12.5806 20
      vertex -2.85 14.226 20
    endloop
  endfacet
  facet normal 0.00140348 0.985602 -0.169075
    outer loop
      vertex 18.9086 51.4092 74.9779
      vertex 18.05 51.5755 75.9402
      vertex 18.1176 51.5741 75.9326
    endloop
  endfacet
  facet normal 0 0.985407 -0.170213
    outer loop
      vertex 18.05 51.5755 75.9402
      vertex 9.55 49.6823 64.98
      vertex -18.05 51.5755 75.9402
    endloop
  endfacet
  facet normal 0.000136072 0.985709 -0.168458
    outer loop
      vertex 18.3018 51.5677 75.8953
      vertex 18.1176 51.5741 75.9326
      vertex 18.2264 51.572 75.9204
    endloop
  endfacet
  facet normal 0 0.985407 -0.170213
    outer loop
      vertex -9.55 49.6823 64.98
      vertex -18.05 51.5755 75.9402
      vertex 9.55 49.6823 64.98
    endloop
  endfacet
  facet normal -0.000304457 0.985345 -0.170571
    outer loop
      vertex 18.7989 51.4934 75.4652
      vertex 18.1176 51.5741 75.9326
      vertex 18.3018 51.5677 75.8953
    endloop
  endfacet
  facet normal -1.20536e-05 0.985406 -0.170222
    outer loop
      vertex -19.0414 50.9135 72.108
      vertex -18.05 51.5755 75.9402
      vertex -9.55 49.6823 64.98
    endloop
  endfacet
  facet normal -0.00212204 0.984296 -0.176512
    outer loop
      vertex 18.4523 51.558 75.8394
      vertex 18.3018 51.5677 75.8953
      vertex 18.4237 51.5607 75.8548
    endloop
  endfacet
  facet normal -4.28904e-05 0.985407 -0.170215
    outer loop
      vertex -19.0077 51.1701 73.5935
      vertex -18.05 51.5755 75.9402
      vertex -19.0414 50.9135 72.108
    endloop
  endfacet
  facet normal 0.00078199 0.985629 -0.168925
    outer loop
      vertex 18.666 51.5295 75.6741
      vertex 18.3018 51.5677 75.8953
      vertex 18.4523 51.558 75.8394
    endloop
  endfacet
  facet normal -0.000125998 0.985413 -0.170182
    outer loop
      vertex -18.9086 51.4092 74.9779
      vertex -18.05 51.5755 75.9402
      vertex -19.0077 51.1701 73.5935
    endloop
  endfacet
  facet normal -0.00435731 0.984492 -0.175373
    outer loop
      vertex 18.666 51.5295 75.6741
      vertex 18.4523 51.558 75.8394
      vertex 18.509 51.5528 75.8088
    endloop
  endfacet
  facet normal -0.00140348 0.985602 -0.169075
    outer loop
      vertex -18.05 51.5755 75.9402
      vertex -18.9086 51.4092 74.9779
      vertex -18.1176 51.5741 75.9326
    endloop
  endfacet
  facet normal -0.000112714 0.985383 -0.170356
    outer loop
      vertex 18.3018 51.5677 75.8953
      vertex 18.666 51.5295 75.6741
      vertex 18.7989 51.4934 75.4652
    endloop
  endfacet
  facet normal -0.000136072 0.985709 -0.168458
    outer loop
      vertex -18.1176 51.5741 75.9326
      vertex -18.3018 51.5677 75.8953
      vertex -18.2264 51.572 75.9204
    endloop
  endfacet
  facet normal 0.00190756 0.985596 -0.169107
    outer loop
      vertex 18.7989 51.4934 75.4652
      vertex 18.666 51.5295 75.6741
      vertex 18.7093 51.5207 75.6233
    endloop
  endfacet
  facet normal 0.000304457 0.985345 -0.170571
    outer loop
      vertex -18.1176 51.5741 75.9326
      vertex -18.7989 51.4934 75.4652
      vertex -18.3018 51.5677 75.8953
    endloop
  endfacet
  facet normal -0.000895605 0.985331 -0.17065
    outer loop
      vertex 18.7989 51.4934 75.4652
      vertex 18.7093 51.5207 75.6233
      vertex 18.744 51.5137 75.5827
    endloop
  endfacet
  facet normal 0.000112714 0.985383 -0.170356
    outer loop
      vertex -18.666 51.5295 75.6741
      vertex -18.3018 51.5677 75.8953
      vertex -18.7989 51.4934 75.4652
    endloop
  endfacet
  facet normal -0.0001052 0.985394 -0.170289
    outer loop
      vertex 18.1176 51.5741 75.9326
      vertex 18.7989 51.4934 75.4652
      vertex 18.9086 51.4092 74.9779
    endloop
  endfacet
  facet normal 0.00212204 0.984296 -0.176512
    outer loop
      vertex -18.3018 51.5677 75.8953
      vertex -18.4523 51.558 75.8394
      vertex -18.4237 51.5607 75.8548
    endloop
  endfacet
  facet normal 0.00076429 0.985427 -0.170099
    outer loop
      vertex 18.9086 51.4092 74.9779
      vertex 18.7989 51.4934 75.4652
      vertex 18.8619 51.4701 75.3305
    endloop
  endfacet
  facet normal -0.00078199 0.985629 -0.168925
    outer loop
      vertex -18.3018 51.5677 75.8953
      vertex -18.666 51.5295 75.6741
      vertex -18.4523 51.558 75.8394
    endloop
  endfacet
  facet normal 0.000125998 0.985413 -0.170182
    outer loop
      vertex 18.05 51.5755 75.9402
      vertex 18.9086 51.4092 74.9779
      vertex 19.0077 51.1701 73.5935
    endloop
  endfacet
  facet normal 0.00435731 0.984492 -0.175373
    outer loop
      vertex -18.4523 51.558 75.8394
      vertex -18.666 51.5295 75.6741
      vertex -18.509 51.5528 75.8088
    endloop
  endfacet
  facet normal 4.28904e-05 0.985407 -0.170215
    outer loop
      vertex 18.05 51.5755 75.9402
      vertex 19.0077 51.1701 73.5935
      vertex 19.0414 50.9135 72.108
    endloop
  endfacet
  facet normal -0.00190756 0.985596 -0.169107
    outer loop
      vertex -18.666 51.5295 75.6741
      vertex -18.7989 51.4934 75.4652
      vertex -18.7093 51.5207 75.6233
    endloop
  endfacet
  facet normal 1.20536e-05 0.985406 -0.170222
    outer loop
      vertex 18.05 51.5755 75.9402
      vertex 19.0414 50.9135 72.108
      vertex 9.55 49.6823 64.98
    endloop
  endfacet
  facet normal -0.00076429 0.985427 -0.170099
    outer loop
      vertex -18.7989 51.4934 75.4652
      vertex -18.9086 51.4092 74.9779
      vertex -18.8619 51.4701 75.3305
    endloop
  endfacet
  facet normal 0.000895605 0.985331 -0.17065
    outer loop
      vertex -18.7093 51.5207 75.6233
      vertex -18.7989 51.4934 75.4652
      vertex -18.744 51.5137 75.5827
    endloop
  endfacet
  facet normal 1.5568e-06 0.985408 -0.170209
    outer loop
      vertex 19.0414 40.3141 10.7438
      vertex 9.55 49.6823 64.98
      vertex 19.0414 50.9135 72.108
    endloop
  endfacet
  facet normal 0 0.985408 -0.170209
    outer loop
      vertex 9.55 49.6823 64.98
      vertex 19.0414 40.3141 10.7438
      vertex 9.55 40.3141 10.7438
    endloop
  endfacet
  facet normal 0.0001052 0.985394 -0.170289
    outer loop
      vertex -18.7989 51.4934 75.4652
      vertex -18.1176 51.5741 75.9326
      vertex -18.9086 51.4092 74.9779
    endloop
  endfacet
  facet normal 0 0.985408 -0.170209
    outer loop
      vertex -19.0414 40.3141 10.7438
      vertex -9.55 49.6823 64.98
      vertex -9.55 40.3141 10.7438
    endloop
  endfacet
  facet normal -1.5568e-06 0.985408 -0.170209
    outer loop
      vertex -9.55 49.6823 64.98
      vertex -19.0414 40.3141 10.7438
      vertex -19.0414 50.9135 72.108
    endloop
  endfacet
  facet normal -1 0 0
    outer loop
      vertex 11.4 46.508 66.33
      vertex 11.4 39.048 66.83
      vertex 11.4 46.508 66.83
    endloop
  endfacet
  facet normal -1 0 0
    outer loop
      vertex 11.4 36.929 10.7438
      vertex 11.4 39.048 66.83
      vertex 11.4 46.508 66.33
    endloop
  endfacet
  facet normal -1 0 0
    outer loop
      vertex 11.4 39.048 66.83
      vertex 11.4 36.929 10.7438
      vertex 11.4 29.3828 10.7438
    endloop
  endfacet
  facet normal 0 0.985475 -0.169821
    outer loop
      vertex 11.4 39.048 66.83
      vertex 9.55 38.7292 64.98
      vertex -11.4 39.048 66.83
    endloop
  endfacet
  facet normal 3.22389e-06 0.985474 -0.169824
    outer loop
      vertex 11.4 29.3828 10.7438
      vertex 9.55 38.7292 64.98
      vertex 11.4 39.048 66.83
    endloop
  endfacet
  facet normal 0 0.985474 -0.169825
    outer loop
      vertex 9.55 38.7292 64.98
      vertex 11.4 29.3828 10.7438
      vertex 9.55 29.3828 10.7438
    endloop
  endfacet
  facet normal 0 0.985475 -0.169821
    outer loop
      vertex -9.55 38.7292 64.98
      vertex -11.4 39.048 66.83
      vertex 9.55 38.7292 64.98
    endloop
  endfacet
  facet normal 0 0.985474 -0.169825
    outer loop
      vertex -11.4 29.3828 10.7438
      vertex -9.55 38.7292 64.98
      vertex -9.55 29.3828 10.7438
    endloop
  endfacet
  facet normal -3.22389e-06 0.985474 -0.169824
    outer loop
      vertex -9.55 38.7292 64.98
      vertex -11.4 29.3828 10.7438
      vertex -11.4 39.048 66.83
    endloop
  endfacet
  facet normal 0 0 -1
    outer loop
      vertex -11.4 39.048 66.83
      vertex 11.4 46.508 66.83
      vertex 11.4 39.048 66.83
    endloop
  endfacet
  facet normal -0 0 -1
    outer loop
      vertex 11.4 46.508 66.83
      vertex -11.4 39.048 66.83
      vertex -11.4 46.508 66.83
    endloop
  endfacet
  facet normal 0 -0.985479 0.169794
    outer loop
      vertex -11.4 46.508 66.33
      vertex -9.55 46.2754 64.98
      vertex 11.4 46.508 66.33
    endloop
  endfacet
  facet normal 2.204e-05 -0.985474 0.169824
    outer loop
      vertex -11.4 36.929 10.7438
      vertex -9.55 46.2754 64.98
      vertex -11.4 46.508 66.33
    endloop
  endfacet
  facet normal 0 -0.985474 0.169825
    outer loop
      vertex -9.55 46.2754 64.98
      vertex -11.4 36.929 10.7438
      vertex -9.55 36.929 10.7438
    endloop
  endfacet
  facet normal 0 -0.985479 0.169794
    outer loop
      vertex 9.55 46.2754 64.98
      vertex 11.4 46.508 66.33
      vertex -9.55 46.2754 64.98
    endloop
  endfacet
  facet normal 0 -0.985474 0.169825
    outer loop
      vertex 11.4 36.929 10.7438
      vertex 9.55 46.2754 64.98
      vertex 9.55 36.929 10.7438
    endloop
  endfacet
  facet normal -2.204e-05 -0.985474 0.169824
    outer loop
      vertex 9.55 46.2754 64.98
      vertex 11.4 36.929 10.7438
      vertex 11.4 46.508 66.33
    endloop
  endfacet
  facet normal 1 -0 0
    outer loop
      vertex -11.4 39.048 66.83
      vertex -11.4 46.508 66.33
      vertex -11.4 46.508 66.83
    endloop
  endfacet
  facet normal 1 0 0
    outer loop
      vertex -11.4 39.048 66.83
      vertex -11.4 36.929 10.7438
      vertex -11.4 46.508 66.33
    endloop
  endfacet
  facet normal 1 0 -0
    outer loop
      vertex -11.4 36.929 10.7438
      vertex -11.4 39.048 66.83
      vertex -11.4 29.3828 10.7438
    endloop
  endfacet
  facet normal 0 -1 0
    outer loop
      vertex -11.4 46.508 66.33
      vertex 11.4 46.508 66.83
      vertex -11.4 46.508 66.83
    endloop
  endfacet
  facet normal 0 -1 -0
    outer loop
      vertex 11.4 46.508 66.83
      vertex -11.4 46.508 66.33
      vertex 11.4 46.508 66.33
    endloop
  endfacet
  facet normal -1 0 0
    outer loop
      vertex 9.55 40.3141 10.7438
      vertex 9.55 46.2754 64.98
      vertex 9.55 49.6823 64.98
    endloop
  endfacet
  facet normal -1 0 0
    outer loop
      vertex 9.55 46.2754 64.98
      vertex 9.55 40.3141 10.7438
      vertex 9.55 36.929 10.7438
    endloop
  endfacet
  facet normal 0 0 -1
    outer loop
      vertex -9.55 46.2754 64.98
      vertex 9.55 49.6823 64.98
      vertex 9.55 46.2754 64.98
    endloop
  endfacet
  facet normal -0 0 -1
    outer loop
      vertex 9.55 49.6823 64.98
      vertex -9.55 46.2754 64.98
      vertex -9.55 49.6823 64.98
    endloop
  endfacet
  facet normal 1 -0 0
    outer loop
      vertex -9.55 46.2754 64.98
      vertex -9.55 40.3141 10.7438
      vertex -9.55 49.6823 64.98
    endloop
  endfacet
  facet normal 1 0 -0
    outer loop
      vertex -9.55 40.3141 10.7438
      vertex -9.55 46.2754 64.98
      vertex -9.55 36.929 10.7438
    endloop
  endfacet
  facet normal -1 0 0
    outer loop
      vertex 9.55 29.3828 10.7438
      vertex 9.55 32.6085 64.98
      vertex 9.55 38.7292 64.98
    endloop
  endfacet
  facet normal -1 0 0
    outer loop
      vertex 9.55 32.6085 64.98
      vertex 9.55 29.3828 10.7438
      vertex 9.55 23.2627 10.7438
    endloop
  endfacet
  facet normal 0 0.985476 -0.169815
    outer loop
      vertex 9.55 32.6085 64.98
      vertex 2.85 25.478 23.6
      vertex -9.55 32.6085 64.98
    endloop
  endfacet
  facet normal -5.47841e-06 0.985476 -0.169814
    outer loop
      vertex 9.55 23.2627 10.7438
      vertex 2.85 25.478 23.6
      vertex 9.55 32.6085 64.98
    endloop
  endfacet
  facet normal 0 0.985476 -0.169814
    outer loop
      vertex 2.85 24.8577 20
      vertex 9.55 23.2627 10.7438
      vertex -2.85 24.8577 20
    endloop
  endfacet
  facet normal 1.54906e-05 0.985478 -0.169803
    outer loop
      vertex 2.85 25.478 23.6
      vertex 9.55 23.2627 10.7438
      vertex 2.85 24.8577 20
    endloop
  endfacet
  facet normal 0 0.985476 -0.169815
    outer loop
      vertex -2.85 25.478 23.6
      vertex -9.55 32.6085 64.98
      vertex 2.85 25.478 23.6
    endloop
  endfacet
  facet normal -1.54906e-05 0.985478 -0.169803
    outer loop
      vertex -9.55 23.2627 10.7438
      vertex -2.85 25.478 23.6
      vertex -2.85 24.8577 20
    endloop
  endfacet
  facet normal 5.47841e-06 0.985476 -0.169814
    outer loop
      vertex -2.85 25.478 23.6
      vertex -9.55 23.2627 10.7438
      vertex -9.55 32.6085 64.98
    endloop
  endfacet
  facet normal 0 0.985476 -0.169814
    outer loop
      vertex -9.55 23.2627 10.7438
      vertex -2.85 24.8577 20
      vertex 9.55 23.2627 10.7438
    endloop
  endfacet
  facet normal 0 0 -1
    outer loop
      vertex -9.55 32.6085 64.98
      vertex 9.55 38.7292 64.98
      vertex 9.55 32.6085 64.98
    endloop
  endfacet
  facet normal -0 0 -1
    outer loop
      vertex 9.55 38.7292 64.98
      vertex -9.55 32.6085 64.98
      vertex -9.55 38.7292 64.98
    endloop
  endfacet
  facet normal 1 -0 0
    outer loop
      vertex -9.55 32.6085 64.98
      vertex -9.55 29.3828 10.7438
      vertex -9.55 38.7292 64.98
    endloop
  endfacet
  facet normal 1 0 -0
    outer loop
      vertex -9.55 29.3828 10.7438
      vertex -9.55 32.6085 64.98
      vertex -9.55 23.2627 10.7438
    endloop
  endfacet
  facet normal 0 0 -1
    outer loop
      vertex 19.0414 11.6135 10.7438
      vertex 11.4 29.3828 10.7438
      vertex 19.0414 40.3141 10.7438
    endloop
  endfacet
  facet normal 0 0 -1
    outer loop
      vertex 19.0414 11.6135 10.7438
      vertex 9.55 23.2627 10.7438
      vertex 11.4 29.3828 10.7438
    endloop
  endfacet
  facet normal 0 0 -1
    outer loop
      vertex 1.63588 15.6561 10.7438
      vertex 9.55 23.2627 10.7438
      vertex 19.0414 11.6135 10.7438
    endloop
  endfacet
  facet normal 0 0 -1
    outer loop
      vertex 9.55 23.2627 10.7438
      vertex 1.63588 15.6561 10.7438
      vertex 1.65 15.8715 10.7438
    endloop
  endfacet
  facet normal 0 0 -1
    outer loop
      vertex 19.0414 11.6135 10.7438
      vertex 1.59378 15.4444 10.7438
      vertex 1.63588 15.6561 10.7438
    endloop
  endfacet
  facet normal 0 0 -1
    outer loop
      vertex 19.0414 11.6135 10.7438
      vertex 1.5244 15.2401 10.7438
      vertex 1.59378 15.4444 10.7438
    endloop
  endfacet
  facet normal 0 0 -1
    outer loop
      vertex 19.0414 11.6135 10.7438
      vertex 1.42894 15.0465 10.7438
      vertex 1.5244 15.2401 10.7438
    endloop
  endfacet
  facet normal 0 0 -1
    outer loop
      vertex 19.0414 11.6135 10.7438
      vertex 1.30903 14.867 10.7438
      vertex 1.42894 15.0465 10.7438
    endloop
  endfacet
  facet normal 0 0 -1
    outer loop
      vertex 19.0414 11.6135 10.7438
      vertex 1.16673 14.7048 10.7438
      vertex 1.30903 14.867 10.7438
    endloop
  endfacet
  facet normal 0 0 -1
    outer loop
      vertex 19.0414 11.6135 10.7438
      vertex 1.00446 14.5625 10.7438
      vertex 1.16673 14.7048 10.7438
    endloop
  endfacet
  facet normal 0 0 -1
    outer loop
      vertex 19.0414 11.6135 10.7438
      vertex 0.825 14.4425 10.7438
      vertex 1.00446 14.5625 10.7438
    endloop
  endfacet
  facet normal 0 0 -1
    outer loop
      vertex 19.0414 11.6135 10.7438
      vertex 0.631427 14.3471 10.7438
      vertex 0.825 14.4425 10.7438
    endloop
  endfacet
  facet normal 0 0 -1
    outer loop
      vertex 19.0414 11.6135 10.7438
      vertex 0.427051 14.2777 10.7438
      vertex 0.631427 14.3471 10.7438
    endloop
  endfacet
  facet normal 0 0 -1
    outer loop
      vertex 19.0414 11.6135 10.7438
      vertex 0.215367 14.2356 10.7438
      vertex 0.427051 14.2777 10.7438
    endloop
  endfacet
  facet normal 0 0 -1
    outer loop
      vertex 19.0414 11.6135 10.7438
      vertex 0 14.2215 10.7438
      vertex 0.215367 14.2356 10.7438
    endloop
  endfacet
  facet normal 0 0 -1
    outer loop
      vertex -19.05 11.6135 10.7438
      vertex 0 14.2215 10.7438
      vertex 19.0414 11.6135 10.7438
    endloop
  endfacet
  facet normal 0 0 -1
    outer loop
      vertex -1.63588 15.6561 10.7438
      vertex -9.55 23.2627 10.7438
      vertex -1.65 15.8715 10.7438
    endloop
  endfacet
  facet normal 0 0 -1
    outer loop
      vertex -19.05 11.6135 10.7438
      vertex -1.63588 15.6561 10.7438
      vertex -1.59378 15.4444 10.7438
    endloop
  endfacet
  facet normal 0 0 -1
    outer loop
      vertex -19.05 11.6135 10.7438
      vertex -1.59378 15.4444 10.7438
      vertex -1.5244 15.2401 10.7438
    endloop
  endfacet
  facet normal 0 0 -1
    outer loop
      vertex -19.05 11.6135 10.7438
      vertex -1.5244 15.2401 10.7438
      vertex -1.42894 15.0465 10.7438
    endloop
  endfacet
  facet normal 0 0 -1
    outer loop
      vertex -19.05 11.6135 10.7438
      vertex -1.42894 15.0465 10.7438
      vertex -1.30903 14.867 10.7438
    endloop
  endfacet
  facet normal 0 0 -1
    outer loop
      vertex -19.05 11.6135 10.7438
      vertex -1.30903 14.867 10.7438
      vertex -1.16673 14.7048 10.7438
    endloop
  endfacet
  facet normal 0 0 -1
    outer loop
      vertex -9.55 23.2627 10.7438
      vertex -11.4 29.3828 10.7438
      vertex -9.55 29.3828 10.7438
    endloop
  endfacet
  facet normal 0 0 -1
    outer loop
      vertex -11.4 29.3828 10.7438
      vertex -19.0414 30.0779 10.7438
      vertex -11.4 36.929 10.7438
    endloop
  endfacet
  facet normal 0 0 -1
    outer loop
      vertex -9.55 23.2627 10.7438
      vertex -19.0414 30.0779 10.7438
      vertex -11.4 29.3828 10.7438
    endloop
  endfacet
  facet normal -0 0 -1
    outer loop
      vertex -1.63588 15.6561 10.7438
      vertex -19.05 11.6135 10.7438
      vertex -9.55 23.2627 10.7438
    endloop
  endfacet
  facet normal 0 0 -1
    outer loop
      vertex -19.05 11.6135 10.7438
      vertex -1.16673 14.7048 10.7438
      vertex -1.00446 14.5625 10.7438
    endloop
  endfacet
  facet normal -0 0 -1
    outer loop
      vertex 0 14.2215 10.7438
      vertex -19.05 11.6135 10.7438
      vertex -0.215367 14.2356 10.7438
    endloop
  endfacet
  facet normal 0 0 -1
    outer loop
      vertex -19.05 11.6135 10.7438
      vertex -0.427051 14.2777 10.7438
      vertex -0.215367 14.2356 10.7438
    endloop
  endfacet
  facet normal 0 0 -1
    outer loop
      vertex -19.05 11.6135 10.7438
      vertex -0.631427 14.3471 10.7438
      vertex -0.427051 14.2777 10.7438
    endloop
  endfacet
  facet normal 0 0 -1
    outer loop
      vertex -19.05 11.6135 10.7438
      vertex -0.825 14.4425 10.7438
      vertex -0.631427 14.3471 10.7438
    endloop
  endfacet
  facet normal 0 0 -1
    outer loop
      vertex -19.05 11.6135 10.7438
      vertex -1.00446 14.5625 10.7438
      vertex -0.825 14.4425 10.7438
    endloop
  endfacet
  facet normal -0 0 -1
    outer loop
      vertex -9.55 23.2627 10.7438
      vertex -19.05 11.6135 10.7438
      vertex -19.0414 30.0779 10.7438
    endloop
  endfacet
  facet normal -0 0 -1
    outer loop
      vertex -19.0414 30.0779 10.7438
      vertex -19.05 11.6135 10.7438
      vertex -19.05 30.0779 10.7438
    endloop
  endfacet
  facet normal 0 0 -1
    outer loop
      vertex 11.4 36.929 10.7438
      vertex 19.0414 40.3141 10.7438
      vertex 11.4 29.3828 10.7438
    endloop
  endfacet
  facet normal 0 0 -1
    outer loop
      vertex 9.55 40.3141 10.7438
      vertex 11.4 36.929 10.7438
      vertex 9.55 36.929 10.7438
    endloop
  endfacet
  facet normal 0 0 -1
    outer loop
      vertex 11.4 36.929 10.7438
      vertex 9.55 40.3141 10.7438
      vertex 19.0414 40.3141 10.7438
    endloop
  endfacet
  facet normal -0 0 -1
    outer loop
      vertex 11.4 29.3828 10.7438
      vertex 9.55 23.2627 10.7438
      vertex 9.55 29.3828 10.7438
    endloop
  endfacet
  facet normal 0 0 -1
    outer loop
      vertex 1.63588 16.0869 10.7438
      vertex 9.55 23.2627 10.7438
      vertex 1.65 15.8715 10.7438
    endloop
  endfacet
  facet normal 0 0 -1
    outer loop
      vertex 1.59378 16.2985 10.7438
      vertex 9.55 23.2627 10.7438
      vertex 1.63588 16.0869 10.7438
    endloop
  endfacet
  facet normal 0 0 -1
    outer loop
      vertex 1.5244 16.5029 10.7438
      vertex 9.55 23.2627 10.7438
      vertex 1.59378 16.2985 10.7438
    endloop
  endfacet
  facet normal 0 0 -1
    outer loop
      vertex 1.42894 16.6965 10.7438
      vertex 9.55 23.2627 10.7438
      vertex 1.5244 16.5029 10.7438
    endloop
  endfacet
  facet normal 0 0 -1
    outer loop
      vertex 1.30903 16.8759 10.7438
      vertex 9.55 23.2627 10.7438
      vertex 1.42894 16.6965 10.7438
    endloop
  endfacet
  facet normal 0 0 -1
    outer loop
      vertex 1.16673 17.0382 10.7438
      vertex 9.55 23.2627 10.7438
      vertex 1.30903 16.8759 10.7438
    endloop
  endfacet
  facet normal 0 0 -1
    outer loop
      vertex 1.00446 17.1805 10.7438
      vertex 9.55 23.2627 10.7438
      vertex 1.16673 17.0382 10.7438
    endloop
  endfacet
  facet normal 0 0 -1
    outer loop
      vertex 0.825 17.3004 10.7438
      vertex 9.55 23.2627 10.7438
      vertex 1.00446 17.1805 10.7438
    endloop
  endfacet
  facet normal 0 0 -1
    outer loop
      vertex 0.631427 17.3959 10.7438
      vertex 9.55 23.2627 10.7438
      vertex 0.825 17.3004 10.7438
    endloop
  endfacet
  facet normal 0 0 -1
    outer loop
      vertex 0.427051 17.4653 10.7438
      vertex 9.55 23.2627 10.7438
      vertex 0.631427 17.3959 10.7438
    endloop
  endfacet
  facet normal 0 0 -1
    outer loop
      vertex 0.215367 17.5074 10.7438
      vertex 9.55 23.2627 10.7438
      vertex 0.427051 17.4653 10.7438
    endloop
  endfacet
  facet normal 0 0 -1
    outer loop
      vertex 0 17.5215 10.7438
      vertex 9.55 23.2627 10.7438
      vertex 0.215367 17.5074 10.7438
    endloop
  endfacet
  facet normal 0 0 -1
    outer loop
      vertex -9.55 23.2627 10.7438
      vertex 0 17.5215 10.7438
      vertex -0.215367 17.5074 10.7438
    endloop
  endfacet
  facet normal 0 0 -1
    outer loop
      vertex -9.55 23.2627 10.7438
      vertex -0.215367 17.5074 10.7438
      vertex -0.427051 17.4653 10.7438
    endloop
  endfacet
  facet normal 0 0 -1
    outer loop
      vertex -9.55 23.2627 10.7438
      vertex -0.427051 17.4653 10.7438
      vertex -0.631427 17.3959 10.7438
    endloop
  endfacet
  facet normal 0 0 -1
    outer loop
      vertex -9.55 23.2627 10.7438
      vertex -0.631427 17.3959 10.7438
      vertex -0.825 17.3004 10.7438
    endloop
  endfacet
  facet normal 0 0 -1
    outer loop
      vertex 0 17.5215 10.7438
      vertex -9.55 23.2627 10.7438
      vertex 9.55 23.2627 10.7438
    endloop
  endfacet
  facet normal 0 0 -1
    outer loop
      vertex -1.00446 17.1805 10.7438
      vertex -9.55 23.2627 10.7438
      vertex -0.825 17.3004 10.7438
    endloop
  endfacet
  facet normal 0 0 -1
    outer loop
      vertex -1.16673 17.0382 10.7438
      vertex -9.55 23.2627 10.7438
      vertex -1.00446 17.1805 10.7438
    endloop
  endfacet
  facet normal 0 0 -1
    outer loop
      vertex -1.30903 16.8759 10.7438
      vertex -9.55 23.2627 10.7438
      vertex -1.16673 17.0382 10.7438
    endloop
  endfacet
  facet normal 0 0 -1
    outer loop
      vertex -1.42894 16.6965 10.7438
      vertex -9.55 23.2627 10.7438
      vertex -1.30903 16.8759 10.7438
    endloop
  endfacet
  facet normal 0 0 -1
    outer loop
      vertex -1.5244 16.5029 10.7438
      vertex -9.55 23.2627 10.7438
      vertex -1.42894 16.6965 10.7438
    endloop
  endfacet
  facet normal 0 0 -1
    outer loop
      vertex -1.59378 16.2985 10.7438
      vertex -9.55 23.2627 10.7438
      vertex -1.5244 16.5029 10.7438
    endloop
  endfacet
  facet normal 0 0 -1
    outer loop
      vertex -1.63588 16.0869 10.7438
      vertex -9.55 23.2627 10.7438
      vertex -1.59378 16.2985 10.7438
    endloop
  endfacet
  facet normal 0 0 -1
    outer loop
      vertex -9.55 23.2627 10.7438
      vertex -1.63588 16.0869 10.7438
      vertex -1.65 15.8715 10.7438
    endloop
  endfacet
  facet normal 0 0 -1
    outer loop
      vertex -11.4 36.929 10.7438
      vertex -9.55 40.3141 10.7438
      vertex -9.55 36.929 10.7438
    endloop
  endfacet
  facet normal 0 0 -1
    outer loop
      vertex -19.0414 40.3141 10.7438
      vertex -11.4 36.929 10.7438
      vertex -19.0414 30.0779 10.7438
    endloop
  endfacet
  facet normal 0 0 -1
    outer loop
      vertex -11.4 36.929 10.7438
      vertex -19.0414 40.3141 10.7438
      vertex -9.55 40.3141 10.7438
    endloop
  endfacet
  facet normal 1 0 0
    outer loop
      vertex -19.05 29.217 0.00855598
      vertex -19.05 30.0779 0.869475
      vertex -19.05 30.0779 10.7438
    endloop
  endfacet
  facet normal 1 0 0
    outer loop
      vertex -19.05 30.0779 0.869475
      vertex -19.05 29.217 0.00855598
      vertex -19.05 30.0104 0.617318
    endloop
  endfacet
  facet normal 1 0 0
    outer loop
      vertex -19.05 30.0104 0.617318
      vertex -19.05 29.217 0.00855598
      vertex -19.05 29.8798 0.39124
    endloop
  endfacet
  facet normal 1 0 0
    outer loop
      vertex -19.05 29.8798 0.39124
      vertex -19.05 29.217 0.00855598
      vertex -19.05 29.6952 0.206647
    endloop
  endfacet
  facet normal 1 0 0
    outer loop
      vertex -19.05 29.6952 0.206647
      vertex -19.05 29.217 0.00855598
      vertex -19.05 29.4692 0.0761219
    endloop
  endfacet
  facet normal 1 -0 0
    outer loop
      vertex -19.05 11.6135 10.7438
      vertex -19.05 29.217 0.00855598
      vertex -19.05 30.0779 10.7438
    endloop
  endfacet
  facet normal 1 0 0
    outer loop
      vertex -19.05 29.217 0.00855598
      vertex -19.05 11.6135 10.7438
      vertex -19.05 11.6135 0.00855598
    endloop
  endfacet
  facet normal 0 1 0
    outer loop
      vertex 18.1805 11.6135 0.00855598
      vertex 19.0414 11.6135 10.7438
      vertex 19.0414 11.6135 0.869475
    endloop
  endfacet
  facet normal 0 1 0
    outer loop
      vertex 18.1805 11.6135 0.00855598
      vertex 19.0414 11.6135 0.869475
      vertex 18.9739 11.6135 0.617318
    endloop
  endfacet
  facet normal 0 1 0
    outer loop
      vertex 18.1805 11.6135 0.00855598
      vertex 18.9739 11.6135 0.617318
      vertex 18.8434 11.6135 0.39124
    endloop
  endfacet
  facet normal 0 1 0
    outer loop
      vertex 18.1805 11.6135 0.00855598
      vertex 18.8434 11.6135 0.39124
      vertex 18.6588 11.6135 0.206647
    endloop
  endfacet
  facet normal 0 1 0
    outer loop
      vertex 18.1805 11.6135 0.00855598
      vertex 18.6588 11.6135 0.206647
      vertex 18.4327 11.6135 0.0761219
    endloop
  endfacet
  facet normal 0 1 0
    outer loop
      vertex 19.0414 11.6135 10.7438
      vertex 18.1805 11.6135 0.00855598
      vertex -19.05 11.6135 10.7438
    endloop
  endfacet
  facet normal 0 1 0
    outer loop
      vertex -19.05 11.6135 10.7438
      vertex 18.1805 11.6135 0.00855598
      vertex -19.05 11.6135 0.00855598
    endloop
  endfacet
  facet normal 0 0.290553 -0.956859
    outer loop
      vertex 18.95 17.2982 70.6477
      vertex 19.0414 17.6733 70.7616
      vertex 19.0414 17.2982 70.6477
    endloop
  endfacet
  facet normal 0 0.290553 -0.956859
    outer loop
      vertex 19.0414 17.6733 70.7616
      vertex 18.95 17.2982 70.6477
      vertex 18.95 17.6733 70.7616
    endloop
  endfacet
  facet normal 0 0.77307 -0.634321
    outer loop
      vertex 19.0414 16.4006 69.9111
      vertex 18.95 16.6493 70.2142
      vertex 19.0414 16.6493 70.2142
    endloop
  endfacet
  facet normal 0 0.77307 -0.634321
    outer loop
      vertex 18.95 16.6493 70.2142
      vertex 19.0414 16.4006 69.9111
      vertex 18.95 16.4006 69.9111
    endloop
  endfacet
  facet normal 0 0.634321 -0.77307
    outer loop
      vertex 18.95 16.6493 70.2142
      vertex 19.0414 16.9524 70.4629
      vertex 19.0414 16.6493 70.2142
    endloop
  endfacet
  facet normal 0 0.634321 -0.77307
    outer loop
      vertex 19.0414 16.9524 70.4629
      vertex 18.95 16.6493 70.2142
      vertex 18.95 16.9524 70.4629
    endloop
  endfacet
  facet normal 0 0.881901 -0.471435
    outer loop
      vertex 19.0414 16.2158 69.5654
      vertex 18.95 16.4006 69.9111
      vertex 19.0414 16.4006 69.9111
    endloop
  endfacet
  facet normal 0 0.881901 -0.471435
    outer loop
      vertex 18.95 16.4006 69.9111
      vertex 19.0414 16.2158 69.5654
      vertex 18.95 16.2158 69.5654
    endloop
  endfacet
  facet normal 0 0.471329 -0.881957
    outer loop
      vertex 18.95 16.9524 70.4629
      vertex 19.0414 17.2982 70.6477
      vertex 19.0414 16.9524 70.4629
    endloop
  endfacet
  facet normal 0 0.471329 -0.881957
    outer loop
      vertex 19.0414 17.2982 70.6477
      vertex 18.95 16.9524 70.4629
      vertex 18.95 17.2982 70.6477
    endloop
  endfacet
  facet normal 0 -0.77307 -0.634321
    outer loop
      vertex 18.95 41.1264 69.9111
      vertex 19.0414 40.8777 70.2142
      vertex 18.95 40.8777 70.2142
    endloop
  endfacet
  facet normal 0 -0.77307 -0.634321
    outer loop
      vertex 19.0414 40.8777 70.2142
      vertex 18.95 41.1264 69.9111
      vertex 19.0414 41.1264 69.9111
    endloop
  endfacet
  facet normal 0 -0.097938 -0.995193
    outer loop
      vertex 18.95 39.4635 70.8
      vertex 19.0414 39.8537 70.7616
      vertex 19.0414 39.4635 70.8
    endloop
  endfacet
  facet normal -0 -0.097938 -0.995193
    outer loop
      vertex 19.0414 39.8537 70.7616
      vertex 18.95 39.4635 70.8
      vertex 18.95 39.8537 70.7616
    endloop
  endfacet
  facet normal -0 0.634321 0.77307
    outer loop
      vertex 18.95 16.9524 45.7371
      vertex 19.0414 16.6493 45.9858
      vertex 19.0414 16.9524 45.7371
    endloop
  endfacet
  facet normal 0 0.634321 0.77307
    outer loop
      vertex 19.0414 16.6493 45.9858
      vertex 18.95 16.9524 45.7371
      vertex 18.95 16.6493 45.9858
    endloop
  endfacet
  facet normal 0 -0.471435 0.881901
    outer loop
      vertex 18.95 40.5746 45.7371
      vertex 19.0414 40.2289 45.5523
      vertex 19.0414 40.5746 45.7371
    endloop
  endfacet
  facet normal 0 -0.471435 0.881901
    outer loop
      vertex 19.0414 40.2289 45.5523
      vertex 18.95 40.5746 45.7371
      vertex 18.95 40.2289 45.5523
    endloop
  endfacet
  facet normal 0 0 -1
    outer loop
      vertex 18.95 18.0635 70.8
      vertex 19.0414 39.4635 70.8
      vertex 19.0414 18.0635 70.8
    endloop
  endfacet
  facet normal -0 0 -1
    outer loop
      vertex 19.0414 39.4635 70.8
      vertex 18.95 18.0635 70.8
      vertex 18.95 39.4635 70.8
    endloop
  endfacet
  facet normal -0 0 1
    outer loop
      vertex 18.95 39.4635 45.4
      vertex 19.0414 18.0635 45.4
      vertex 19.0414 39.4635 45.4
    endloop
  endfacet
  facet normal 0 0 1
    outer loop
      vertex 19.0414 18.0635 45.4
      vertex 18.95 39.4635 45.4
      vertex 18.95 18.0635 45.4
    endloop
  endfacet
  facet normal -0 0.290553 0.956859
    outer loop
      vertex 18.95 17.6733 45.4384
      vertex 19.0414 17.2982 45.5523
      vertex 19.0414 17.6733 45.4384
    endloop
  endfacet
  facet normal 0 0.290553 0.956859
    outer loop
      vertex 19.0414 17.2982 45.5523
      vertex 18.95 17.6733 45.4384
      vertex 18.95 17.2982 45.5523
    endloop
  endfacet
  facet normal 0 0.995168 0.0981906
    outer loop
      vertex 19.0414 16.102 47.0098
      vertex 18.95 16.0635 47.4
      vertex 19.0414 16.0635 47.4
    endloop
  endfacet
  facet normal 0 0.995168 0.0981906
    outer loop
      vertex 18.95 16.0635 47.4
      vertex 19.0414 16.102 47.0098
      vertex 18.95 16.102 47.0098
    endloop
  endfacet
  facet normal 1 0 0
    outer loop
      vertex 18.95 39.4635 70.8
      vertex 18.95 41.4635 68.8
      vertex 18.95 41.4251 69.1902
    endloop
  endfacet
  facet normal 1 0 0
    outer loop
      vertex 18.95 41.4635 68.8
      vertex 18.95 39.4635 70.8
      vertex 18.95 41.4635 47.4
    endloop
  endfacet
  facet normal 1 0 0
    outer loop
      vertex 18.95 39.4635 70.8
      vertex 18.95 41.4251 69.1902
      vertex 18.95 41.3113 69.5654
    endloop
  endfacet
  facet normal 1 0 0
    outer loop
      vertex 18.95 39.4635 45.4
      vertex 18.95 41.4635 47.4
      vertex 18.95 39.4635 70.8
    endloop
  endfacet
  facet normal 1 0 0
    outer loop
      vertex 18.95 39.4635 70.8
      vertex 18.95 41.3113 69.5654
      vertex 18.95 41.1264 69.9111
    endloop
  endfacet
  facet normal 1 0 0
    outer loop
      vertex 18.95 41.4635 47.4
      vertex 18.95 39.4635 45.4
      vertex 18.95 41.4251 47.0098
    endloop
  endfacet
  facet normal 1 0 0
    outer loop
      vertex 18.95 39.4635 70.8
      vertex 18.95 41.1264 69.9111
      vertex 18.95 40.8777 70.2142
    endloop
  endfacet
  facet normal 1 0 0
    outer loop
      vertex 18.95 41.4251 47.0098
      vertex 18.95 39.4635 45.4
      vertex 18.95 41.3113 46.6346
    endloop
  endfacet
  facet normal 1 0 0
    outer loop
      vertex 18.95 39.4635 70.8
      vertex 18.95 40.8777 70.2142
      vertex 18.95 40.5746 70.4629
    endloop
  endfacet
  facet normal 1 0 0
    outer loop
      vertex 18.95 41.3113 46.6346
      vertex 18.95 39.4635 45.4
      vertex 18.95 41.1264 46.2889
    endloop
  endfacet
  facet normal 1 0 0
    outer loop
      vertex 18.95 39.4635 70.8
      vertex 18.95 40.5746 70.4629
      vertex 18.95 40.2289 70.6477
    endloop
  endfacet
  facet normal 1 0 0
    outer loop
      vertex 18.95 41.1264 46.2889
      vertex 18.95 39.4635 45.4
      vertex 18.95 40.8777 45.9858
    endloop
  endfacet
  facet normal 1 0 0
    outer loop
      vertex 18.95 39.4635 70.8
      vertex 18.95 40.2289 70.6477
      vertex 18.95 39.8537 70.7616
    endloop
  endfacet
  facet normal 1 0 0
    outer loop
      vertex 18.95 40.8777 45.9858
      vertex 18.95 39.4635 45.4
      vertex 18.95 40.5746 45.7371
    endloop
  endfacet
  facet normal 1 0 0
    outer loop
      vertex 18.95 40.5746 45.7371
      vertex 18.95 39.4635 45.4
      vertex 18.95 40.2289 45.5523
    endloop
  endfacet
  facet normal 1 0 0
    outer loop
      vertex 18.95 40.2289 45.5523
      vertex 18.95 39.4635 45.4
      vertex 18.95 39.8537 45.4384
    endloop
  endfacet
  facet normal 1 -0 0
    outer loop
      vertex 18.95 18.0635 70.8
      vertex 18.95 39.4635 45.4
      vertex 18.95 39.4635 70.8
    endloop
  endfacet
  facet normal 1 0 0
    outer loop
      vertex 18.95 18.0635 70.8
      vertex 18.95 18.0635 45.4
      vertex 18.95 39.4635 45.4
    endloop
  endfacet
  facet normal 1 0 0
    outer loop
      vertex 18.95 16.0635 68.8
      vertex 18.95 18.0635 70.8
      vertex 18.95 17.6733 70.7616
    endloop
  endfacet
  facet normal 1 0 0
    outer loop
      vertex 18.95 18.0635 70.8
      vertex 18.95 16.0635 68.8
      vertex 18.95 18.0635 45.4
    endloop
  endfacet
  facet normal 1 0 0
    outer loop
      vertex 18.95 16.0635 68.8
      vertex 18.95 17.6733 70.7616
      vertex 18.95 17.2982 70.6477
    endloop
  endfacet
  facet normal 1 -0 0
    outer loop
      vertex 18.95 16.0635 47.4
      vertex 18.95 18.0635 45.4
      vertex 18.95 16.0635 68.8
    endloop
  endfacet
  facet normal 1 0 0
    outer loop
      vertex 18.95 16.0635 68.8
      vertex 18.95 17.2982 70.6477
      vertex 18.95 16.9524 70.4629
    endloop
  endfacet
  facet normal 1 0 0
    outer loop
      vertex 18.95 18.0635 45.4
      vertex 18.95 16.0635 47.4
      vertex 18.95 17.6733 45.4384
    endloop
  endfacet
  facet normal 1 0 0
    outer loop
      vertex 18.95 16.0635 68.8
      vertex 18.95 16.9524 70.4629
      vertex 18.95 16.6493 70.2142
    endloop
  endfacet
  facet normal 1 0 0
    outer loop
      vertex 18.95 17.6733 45.4384
      vertex 18.95 16.0635 47.4
      vertex 18.95 17.2982 45.5523
    endloop
  endfacet
  facet normal 1 0 0
    outer loop
      vertex 18.95 16.0635 68.8
      vertex 18.95 16.6493 70.2142
      vertex 18.95 16.4006 69.9111
    endloop
  endfacet
  facet normal 1 0 0
    outer loop
      vertex 18.95 17.2982 45.5523
      vertex 18.95 16.0635 47.4
      vertex 18.95 16.9524 45.7371
    endloop
  endfacet
  facet normal 1 0 0
    outer loop
      vertex 18.95 16.0635 68.8
      vertex 18.95 16.4006 69.9111
      vertex 18.95 16.2158 69.5654
    endloop
  endfacet
  facet normal 1 0 0
    outer loop
      vertex 18.95 16.9524 45.7371
      vertex 18.95 16.0635 47.4
      vertex 18.95 16.6493 45.9858
    endloop
  endfacet
  facet normal 1 0 0
    outer loop
      vertex 18.95 16.0635 68.8
      vertex 18.95 16.2158 69.5654
      vertex 18.95 16.102 69.1902
    endloop
  endfacet
  facet normal 1 0 0
    outer loop
      vertex 18.95 16.6493 45.9858
      vertex 18.95 16.0635 47.4
      vertex 18.95 16.4006 46.2889
    endloop
  endfacet
  facet normal 1 0 0
    outer loop
      vertex 18.95 16.4006 46.2889
      vertex 18.95 16.0635 47.4
      vertex 18.95 16.2158 46.6346
    endloop
  endfacet
  facet normal 1 0 0
    outer loop
      vertex 18.95 16.2158 46.6346
      vertex 18.95 16.0635 47.4
      vertex 18.95 16.102 47.0098
    endloop
  endfacet
  facet normal 0 -0.956951 0.290248
    outer loop
      vertex 18.95 41.3113 46.6346
      vertex 19.0414 41.4251 47.0098
      vertex 18.95 41.4251 47.0098
    endloop
  endfacet
  facet normal 0 -0.956951 0.290248
    outer loop
      vertex 19.0414 41.4251 47.0098
      vertex 18.95 41.3113 46.6346
      vertex 19.0414 41.3113 46.6346
    endloop
  endfacet
  facet normal 0 -1 0
    outer loop
      vertex 18.95 41.4635 47.4
      vertex 19.0414 41.4635 68.8
      vertex 18.95 41.4635 68.8
    endloop
  endfacet
  facet normal 0 -1 -0
    outer loop
      vertex 19.0414 41.4635 68.8
      vertex 18.95 41.4635 47.4
      vertex 19.0414 41.4635 47.4
    endloop
  endfacet
  facet normal 0 -0.956951 -0.290248
    outer loop
      vertex 18.95 41.4251 69.1902
      vertex 19.0414 41.3113 69.5654
      vertex 18.95 41.3113 69.5654
    endloop
  endfacet
  facet normal 0 -0.956951 -0.290248
    outer loop
      vertex 19.0414 41.3113 69.5654
      vertex 18.95 41.4251 69.1902
      vertex 19.0414 41.4251 69.1902
    endloop
  endfacet
  facet normal 0 -0.881795 -0.471634
    outer loop
      vertex 18.95 41.3113 69.5654
      vertex 19.0414 41.1264 69.9111
      vertex 18.95 41.1264 69.9111
    endloop
  endfacet
  facet normal 0 -0.881795 -0.471634
    outer loop
      vertex 19.0414 41.1264 69.9111
      vertex 18.95 41.3113 69.5654
      vertex 19.0414 41.3113 69.5654
    endloop
  endfacet
  facet normal 0 -0.995193 -0.097938
    outer loop
      vertex 18.95 41.4635 68.8
      vertex 19.0414 41.4251 69.1902
      vertex 18.95 41.4251 69.1902
    endloop
  endfacet
  facet normal 0 -0.995193 -0.097938
    outer loop
      vertex 19.0414 41.4251 69.1902
      vertex 18.95 41.4635 68.8
      vertex 19.0414 41.4635 68.8
    endloop
  endfacet
  facet normal 0 -0.471435 -0.881901
    outer loop
      vertex 18.95 40.2289 70.6477
      vertex 19.0414 40.5746 70.4629
      vertex 19.0414 40.2289 70.6477
    endloop
  endfacet
  facet normal -0 -0.471435 -0.881901
    outer loop
      vertex 19.0414 40.5746 70.4629
      vertex 18.95 40.2289 70.6477
      vertex 18.95 40.5746 70.4629
    endloop
  endfacet
  facet normal 0 -0.634321 -0.77307
    outer loop
      vertex 18.95 40.5746 70.4629
      vertex 19.0414 40.8777 70.2142
      vertex 19.0414 40.5746 70.4629
    endloop
  endfacet
  facet normal -0 -0.634321 -0.77307
    outer loop
      vertex 19.0414 40.8777 70.2142
      vertex 18.95 40.5746 70.4629
      vertex 18.95 40.8777 70.2142
    endloop
  endfacet
  facet normal 0 -0.290482 -0.956881
    outer loop
      vertex 18.95 39.8537 70.7616
      vertex 19.0414 40.2289 70.6477
      vertex 19.0414 39.8537 70.7616
    endloop
  endfacet
  facet normal -0 -0.290482 -0.956881
    outer loop
      vertex 19.0414 40.2289 70.6477
      vertex 18.95 39.8537 70.7616
      vertex 18.95 40.2289 70.6477
    endloop
  endfacet
  facet normal 0 0.097938 -0.995193
    outer loop
      vertex 18.95 17.6733 70.7616
      vertex 19.0414 18.0635 70.8
      vertex 19.0414 17.6733 70.7616
    endloop
  endfacet
  facet normal 0 0.097938 -0.995193
    outer loop
      vertex 19.0414 18.0635 70.8
      vertex 18.95 17.6733 70.7616
      vertex 18.95 18.0635 70.8
    endloop
  endfacet
  facet normal -0 0.471329 0.881957
    outer loop
      vertex 18.95 17.2982 45.5523
      vertex 19.0414 16.9524 45.7371
      vertex 19.0414 17.2982 45.5523
    endloop
  endfacet
  facet normal 0 0.471329 0.881957
    outer loop
      vertex 19.0414 16.9524 45.7371
      vertex 18.95 17.2982 45.5523
      vertex 18.95 16.9524 45.7371
    endloop
  endfacet
  facet normal 0 0.881901 0.471435
    outer loop
      vertex 19.0414 16.4006 46.2889
      vertex 18.95 16.2158 46.6346
      vertex 19.0414 16.2158 46.6346
    endloop
  endfacet
  facet normal 0 0.881901 0.471435
    outer loop
      vertex 18.95 16.2158 46.6346
      vertex 19.0414 16.4006 46.2889
      vertex 18.95 16.4006 46.2889
    endloop
  endfacet
  facet normal 0 1 -0
    outer loop
      vertex 19.0414 16.0635 47.4
      vertex 18.95 16.0635 68.8
      vertex 19.0414 16.0635 68.8
    endloop
  endfacet
  facet normal 0 1 0
    outer loop
      vertex 18.95 16.0635 68.8
      vertex 19.0414 16.0635 47.4
      vertex 18.95 16.0635 47.4
    endloop
  endfacet
  facet normal 0 0.995168 -0.0981906
    outer loop
      vertex 19.0414 16.0635 68.8
      vertex 18.95 16.102 69.1902
      vertex 19.0414 16.102 69.1902
    endloop
  endfacet
  facet normal 0 0.995168 -0.0981906
    outer loop
      vertex 18.95 16.102 69.1902
      vertex 19.0414 16.0635 68.8
      vertex 18.95 16.0635 68.8
    endloop
  endfacet
  facet normal 0 -0.77307 0.634321
    outer loop
      vertex 18.95 40.8777 45.9858
      vertex 19.0414 41.1264 46.2889
      vertex 18.95 41.1264 46.2889
    endloop
  endfacet
  facet normal 0 -0.77307 0.634321
    outer loop
      vertex 19.0414 41.1264 46.2889
      vertex 18.95 40.8777 45.9858
      vertex 19.0414 40.8777 45.9858
    endloop
  endfacet
  facet normal 0 -0.881795 0.471634
    outer loop
      vertex 18.95 41.1264 46.2889
      vertex 19.0414 41.3113 46.6346
      vertex 18.95 41.3113 46.6346
    endloop
  endfacet
  facet normal 0 -0.881795 0.471634
    outer loop
      vertex 19.0414 41.3113 46.6346
      vertex 18.95 41.1264 46.2889
      vertex 19.0414 41.1264 46.2889
    endloop
  endfacet
  facet normal 0 -0.097938 0.995193
    outer loop
      vertex 18.95 39.8537 45.4384
      vertex 19.0414 39.4635 45.4
      vertex 19.0414 39.8537 45.4384
    endloop
  endfacet
  facet normal 0 -0.097938 0.995193
    outer loop
      vertex 19.0414 39.4635 45.4
      vertex 18.95 39.8537 45.4384
      vertex 18.95 39.4635 45.4
    endloop
  endfacet
  facet normal 0 -0.290482 0.956881
    outer loop
      vertex 18.95 40.2289 45.5523
      vertex 19.0414 39.8537 45.4384
      vertex 19.0414 40.2289 45.5523
    endloop
  endfacet
  facet normal 0 -0.290482 0.956881
    outer loop
      vertex 19.0414 39.8537 45.4384
      vertex 18.95 40.2289 45.5523
      vertex 18.95 39.8537 45.4384
    endloop
  endfacet
  facet normal -0 0.097938 0.995193
    outer loop
      vertex 18.95 18.0635 45.4
      vertex 19.0414 17.6733 45.4384
      vertex 19.0414 18.0635 45.4
    endloop
  endfacet
  facet normal 0 0.097938 0.995193
    outer loop
      vertex 19.0414 17.6733 45.4384
      vertex 18.95 18.0635 45.4
      vertex 18.95 17.6733 45.4384
    endloop
  endfacet
  facet normal 0 0.956951 0.290248
    outer loop
      vertex 19.0414 16.2158 46.6346
      vertex 18.95 16.102 47.0098
      vertex 19.0414 16.102 47.0098
    endloop
  endfacet
  facet normal 0 0.956951 0.290248
    outer loop
      vertex 18.95 16.102 47.0098
      vertex 19.0414 16.2158 46.6346
      vertex 18.95 16.2158 46.6346
    endloop
  endfacet
  facet normal 0 0.77307 0.634321
    outer loop
      vertex 19.0414 16.6493 45.9858
      vertex 18.95 16.4006 46.2889
      vertex 19.0414 16.4006 46.2889
    endloop
  endfacet
  facet normal 0 0.77307 0.634321
    outer loop
      vertex 18.95 16.4006 46.2889
      vertex 19.0414 16.6493 45.9858
      vertex 18.95 16.6493 45.9858
    endloop
  endfacet
  facet normal 0 0.956951 -0.290248
    outer loop
      vertex 19.0414 16.102 69.1902
      vertex 18.95 16.2158 69.5654
      vertex 19.0414 16.2158 69.5654
    endloop
  endfacet
  facet normal 0 0.956951 -0.290248
    outer loop
      vertex 18.95 16.2158 69.5654
      vertex 19.0414 16.102 69.1902
      vertex 18.95 16.102 69.1902
    endloop
  endfacet
  facet normal 0 -0.995193 0.097938
    outer loop
      vertex 18.95 41.4251 47.0098
      vertex 19.0414 41.4635 47.4
      vertex 18.95 41.4635 47.4
    endloop
  endfacet
  facet normal 0 -0.995193 0.097938
    outer loop
      vertex 19.0414 41.4635 47.4
      vertex 18.95 41.4251 47.0098
      vertex 19.0414 41.4251 47.0098
    endloop
  endfacet
  facet normal 0 -0.634321 0.77307
    outer loop
      vertex 18.95 40.8777 45.9858
      vertex 19.0414 40.5746 45.7371
      vertex 19.0414 40.8777 45.9858
    endloop
  endfacet
  facet normal 0 -0.634321 0.77307
    outer loop
      vertex 19.0414 40.5746 45.7371
      vertex 18.95 40.8777 45.9858
      vertex 18.95 40.5746 45.7371
    endloop
  endfacet
endsolid OpenSCAD_Model
